well_id,split,candidate,promoted,rows_scored,rmse,mean_error,sse,regime,uncertainty,datum_sse,trend_sse,shape_sse,trend_per_row
000d7d20,oof,visible_fixed_0p10,False,3836,7.65123488128,6.03850458614,224564.79202,selfcorr_active,0.0366341671151,139874.130375,70412.0998821,14278.5617628,0.00386897914028
00bbac68,oof,visible_fixed_0p10,False,6014,17.0306079965,6.9940254304,1744310.2349,selfcorr_active,0.0516752810144,294183.179811,787136.297996,662990.757098,0.00658977313298
00e12e8b,oof,visible_fixed_0p10,False,4301,9.97859720422,6.30188010131,428260.901707,selfcorr_active,0.00548781926489,170808.592781,127078.332359,130373.976567,0.00437796438684
015fe0d2,oof,visible_fixed_0p10,False,4296,13.9993274279,-9.18839702526,841935.099589,selfcorr_active,0.0502420883333,362696.844984,245970.040726,233268.213879,-0.00610148197016
01869cd4,oof,visible_fixed_0p10,False,5557,9.84352445347,4.47100150053,538445.368662,selfcorr_active,0.0346050191896,111083.621,206614.093542,220747.654121,-0.00380110622078
01982c1d,oof,visible_fixed_0p10,False,3941,8.07349910594,6.0382943915,256879.849373,selfcorr_active,0.0031790791696,143692.797683,14980.5131425,98206.5385474,0.00171373761685
028d7b28,oof,visible_fixed_0p10,False,6234,14.2385120653,12.0310012499,1263851.39785,selfcorr_active,0.0207967374546,902340.274368,212.471408029,361298.652071,0.000102586610232
02e7fe5a,oof,visible_fixed_0p10,False,5108,6.67041114861,-4.49466890072,227277.318026,selfcorr_active,0.0364636959464,103192.063876,4592.68247189,119492.571678,0.000643054095613
0390d174,oof,visible_fixed_0p10,False,4411,13.7818028346,11.2755578784,837816.912222,selfcorr_active,0.00562171717557,560806.624328,124.641056659,276885.646838,0.00013201266808
03a935ae,oof,visible_fixed_0p10,False,2786,38.0679187955,34.2977230733,4037377.7058,selfcorr_active,0.0406193311042,3277265.98913,695767.117018,64344.5996471,0.0196494741561
044af7d1,oof,visible_fixed_0p10,False,4519,5.97765069443,0.120923875787,161474.29906,selfcorr_active,0.0251238640366,66.0794558997,32907.7019965,128500.517607,-0.0020685970431
0498acab,oof,visible_fixed_0p10,False,4798,6.68494626361,4.48188849215,214415.454414,selfcorr_active,0.0293797570118,96378.9827401,25962.207821,92074.2638532,0.00167946546571
052d64df,oof,visible_fixed_0p10,False,2445,9.52087291566,-6.53260922816,221631.966531,selfcorr_active,0.0197851515942,104340.334236,37800.0857342,79491.5465605,-0.00557081526016
05948241,oof,visible_fixed_0p10,False,3879,4.08477679445,1.32219771524,64722.6722651,selfcorr_active,0.0378518171597,6781.29417013,3132.85294837,54808.5251466,-0.000802566398922
059c8f24,oof,visible_fixed_0p10,False,6258,7.69004790023,0.812293221286,370078.324117,selfcorr_active,0.040840995387,4129.15529564,166653.281346,199295.887476,-0.00285656575142
05a0ee4d,oof,visible_fixed_0p10,False,4348,13.8010120636,7.10301420775,828154.576939,selfcorr_active,0.0326373698426,219368.821513,378720.484682,230065.270745,0.00743559504923
060ab2b8,oof,visible_fixed_0p10,False,6258,7.625218016,-5.07745710187,363864.837795,selfcorr_active,0.0534116810436,161334.810948,10629.886198,191900.140649,-0.000721442292291
06df5958,oof,visible_fixed_0p10,False,3509,3.15789950719,1.80712067756,34992.9035049,selfcorr_active,0.0439832667034,11459.2891678,721.10280149,22812.5115356,0.000447521783418
071d7b45,oof,visible_fixed_0p10,False,3211,11.5663560488,-10.6042976606,429569.481706,selfcorr_active,0.0574522997146,361080.574816,4575.54863152,63913.3582577,-0.00128780994199
0849b4e2,oof,visible_fixed_0p10,False,5537,15.8860739447,10.9912154366,1397357.99134,selfcorr_active,0.00932656486095,668907.344479,564454.41009,163996.236776,0.00631674405235
084d66f9,oof,visible_fixed_0p10,False,3885,9.57707967056,-2.07822977272,356333.967738,selfcorr_active,0.0297814392216,16779.4664693,467.686041719,339086.815227,0.000309372215125
08fecf00,oof,visible_fixed_0p10,False,5574,4.74235581857,1.81782965233,125358.918369,selfcorr_active,0.0211922450493,18419.3088907,8612.5017193,98327.107759,-0.000772511306077
09053135,oof,visible_fixed_0p10,False,5907,13.0797999465,-12.058682973,1010576.45134,selfcorr_active,0.0303146667366,858947.709594,6759.32319278,144869.418553,0.000627323821186
09441b8d,oof,visible_fixed_0p10,False,5488,11.7463218545,7.05219453744,757212.71118,selfcorr_active,0.0431104338122,272937.161493,18425.6846304,465849.865056,-0.00115659495336
0955cd6c,oof,visible_fixed_0p10,False,5195,15.8918679549,14.5846986623,1312004.87156,selfcorr_active,0.0298893229109,1105046.29519,115507.823187,91450.7531841,0.0031442567573
09ec2ca9,oof,visible_fixed_0p10,False,5885,4.62478822225,-1.85203754083,125872.300002,selfcorr_active,0.0499029673438,20185.8033649,21989.4683332,83697.0283044,0.00113783239162
0a57a29c,oof,visible_fixed_0p10,False,5821,7.95604779237,-5.72189358466,368461.712178,selfcorr_active,0.0549845383116,190579.925316,135572.853049,42308.9338131,-0.00287197462423
0bbf5e67,oof,visible_fixed_0p10,False,4298,14.0867695466,12.3133249562,852882.553758,selfcorr_active,0.0355223391159,651654.041406,102517.104732,98711.4076203,0.00393630900972
0be01c24,oof,visible_fixed_0p10,False,4738,4.88452007463,2.19922054598,113041.745271,selfcorr_active,0.0235794543671,22915.6734447,6782.16517324,83343.9066533,0.000874746531907
0c1b160c,oof,visible_fixed_0p10,False,5054,10.9956818617,-8.25513029424,611053.969076,selfcorr_active,0.0492222097223,344415.828388,4102.45909563,262535.681592,-0.000617532622255
0d99f8e4,oof,visible_fixed_0p10,False,5823,8.00342555361,4.58078531549,372991.220308,selfcorr_active,0.0396460129217,122187.468483,3071.59944369,247732.152382,0.000432068628554
0dc5e64d,oof,visible_fixed_0p10,False,4879,15.0934305759,-0.74397972916,1111493.02352,selfcorr_active,0.0147753609434,2700.55498068,228274.546505,880517.922034,-0.00485649727419
0dc835f3,oof,visible_fixed_0p10,False,4428,10.2885676355,7.97067981499,468724.275027,selfcorr_active,0.0086935417216,281318.530166,2886.42690777,184519.317953,-0.000631625271628
0dd99dc5,oof,visible_fixed_0p10,False,7342,7.52342335661,1.2135393641,415571.142479,selfcorr_active,0.0448596110787,10812.4003212,25978.1934619,378780.548696,-0.000887510561971
0e5e560d,oof,visible_fixed_0p10,False,3253,9.19001443029,-7.43561567726,274736.55609,selfcorr_active,0.0363628137314,179853.101766,27144.8519004,67738.6024231,0.00307615551111
109d9d70,oof,visible_fixed_0p10,False,4215,12.1226479375,-8.42442866284,619430.469563,selfcorr_active,0.0441560040083,299142.757815,272550.720054,47736.9916937,-0.00660872885204
10a1281a,oof,visible_fixed_0p10,False,5609,11.9586453914,-11.6777991055,802138.600538,selfcorr_active,0.0351075172995,764904.893833,4007.66091727,33226.045788,0.00052204501685
10b89021,oof,visible_fixed_0p10,False,5414,8.73697853787,7.51770522314,413276.57456,selfcorr_active,0.0608345657739,305977.038325,36052.4165772,71247.1196578,0.00165112686439
10be2420,oof,visible_fixed_0p10,False,3271,5.03650536519,3.91613325832,82973.4495665,selfcorr_active,0.0381259249012,50164.3821085,20305.4065366,12503.6609214,0.00263861284089
113011eb,oof,visible_fixed_0p10,False,3272,6.18820298361,1.39288556348,125297.497376,selfcorr_active,0.0502547943971,6348.10599132,64135.6639057,54813.7274794,0.00468727569154
1131525f,oof,visible_fixed_0p10,False,4159,13.9166502522,-11.4166219342,805486.648487,selfcorr_active,0.0550648237588,542080.96732,170558.390781,92847.2903864,-0.00533388686657
11d0f5ac,oof,visible_fixed_0p10,False,4883,19.060336455,-16.386466311,1773976.44708,selfcorr_active,0.0464023981435,1311164.98626,277179.373125,185632.087694,-0.00534491742187
12203f2a,oof,visible_fixed_0p10,False,3261,5.74634915466,2.71598046729,107679.943788,selfcorr_active,0.0342931756233,24054.9292197,8287.12403434,75337.8905343,0.00169342655107
122bd617,oof,visible_fixed_0p10,False,4570,10.2840401902,-3.93826250609,483329.975637,selfcorr_active,0.0301302639122,70880.2958604,5423.0389344,407026.640842,0.000825729298584
125be846,oof,visible_fixed_0p10,False,6510,16.4525937932,15.0562930874,1762177.85483,selfcorr_active,0.0559169562709,1475764.66959,88875.2900978,197537.895147,0.00196611837003
1285a37b,oof,visible_fixed_0p10,False,5597,7.68393006156,7.40399452264,330462.446325,selfcorr_active,0.0355442423022,306822.697986,859.983883129,22779.7644561,0.000242606719685
1295a25b,oof,visible_fixed_0p10,False,5551,8.1945617773,-0.643152852949,372754.327949,selfcorr_active,0.0382271330294,2296.14668262,30940.6311685,339517.550098,0.00147332437326
12f0cd90,oof,visible_fixed_0p10,False,5947,9.19525968597,5.35529568631,502835.505718,selfcorr_active,0.0452995136716,170555.154157,27259.2057191,305021.145842,0.00124709724554
137d1e44,oof,visible_fixed_0p10,False,4554,27.7081668931,-20.2123735227,3496299.40228,selfcorr_active,0.0204952099082,1860491.35774,1167788.85881,468019.185726,-0.0121810088259
13ce113d,oof,visible_fixed_0p10,False,2966,4.89167939462,-1.78614171731,70972.0119712,selfcorr_active,0.0211405756793,9462.43642697,50217.1902219,11292.3853223,-0.00480573846571
13f598d9,oof,visible_fixed_0p10,False,7306,8.56503846667,-6.40133660507,535967.312033,fallback,inf,299378.768081,935.422911183,235653.121041,0.00016965830613
14a53cb3,oof,visible_fixed_0p10,False,6919,7.82478487399,-6.39304347701,423631.400345,selfcorr_active,0.0293629679288,282786.482896,4255.23990001,136589.67755,-0.000392633775765
14ab73fb,oof,visible_fixed_0p10,False,3649,8.1426656363,3.95044161402,241939.660372,selfcorr_active,0.0276863404017,56946.2536632,11211.8582377,173781.548471,0.00166405870458
14ad5efb,oof,visible_fixed_0p10,False,5842,6.21035431317,2.55267924437,225317.181061,selfcorr_active,0.0613286907333,38067.4728785,85868.1990911,101381.509091,-0.00227334044067
14fee784,oof,visible_fixed_0p10,False,4910,20.2747249975,12.4276717666,2018326.56599,selfcorr_active,0.0410180793714,758334.895397,33059.2124011,1226932.45819,-0.00183068930864
153552f5,oof,visible_fixed_0p10,False,4695,3.29692399471,-0.639652214106,51033.2782473,selfcorr_active,0.0068245308094,1920.98251378,32561.7934119,16550.5023216,0.00194308319737
1550491d,oof,visible_fixed_0p10,False,4563,17.2520352269,15.9952209924,1358098.09894,selfcorr_active,0.0459307070711,1167430.29264,53949.9956309,136717.810661,0.00261042149687
155887bb,oof,visible_fixed_0p10,False,5585,15.8902052234,-14.5750007591,1410204.80411,fallback,inf,1186425.16421,62296.5681211,161483.071776,-0.00207151424902
1590af81,oof,visible_fixed_0p10,False,3799,4.4558115031,-0.0396938332437,75426.3191181,selfcorr_active,0.0319349445731,5.98570591041,7089.27564477,68331.0577674,0.00124562589813
15e154a1,oof,visible_fixed_0p10,False,6068,10.7854381445,-8.16543097136,705864.20178,selfcorr_active,0.0568521368422,404579.427569,3228.94561842,298055.828593,0.000416440190158
1619e2ca,oof,visible_fixed_0p10,False,4443,7.02207784886,-1.01292996533,219082.452012,selfcorr_active,0.0405508652048,4558.63847042,294.687641086,214229.125901,-0.000200796956249
16e4a047,oof,visible_fixed_0p10,False,4131,7.28255426668,5.51019775421,219090.04975,selfcorr_active,0.0500262238594,125426.575749,72226.1322261,21437.3417744,0.00350634804518
173ed841,oof,visible_fixed_0p10,False,4883,12.5119903961,-7.38326879616,764433.179627,selfcorr_active,0.0425778750295,266185.309582,98199.2592841,400048.610761,-0.00318137344485
1770d7c6,oof,visible_fixed_0p10,False,7240,8.88661353613,-0.0610285505083,571756.557017,selfcorr_active,0.10952610494,26.9652639946,158022.008975,413707.582778,0.0022353295909
177622d7,oof,visible_fixed_0p10,False,3154,6.09492072216,1.01814456096,117164.976854,selfcorr_active,0.0296206356194,3269.49426645,71131.3335355,42764.149052,0.00521589195657
18d24f7b,oof,visible_fixed_0p10,False,4558,4.63304683259,-3.008203413,97838.0304197,selfcorr_active,0.0589086680496,41246.6536739,15852.0355606,40739.3411852,0.00141733225647
19137a89,oof,visible_fixed_0p10,False,6267,8.48191164607,-4.31538705294,450865.685351,selfcorr_active,0.00937697535098,116707.617466,138095.825372,196062.242514,-0.00259472515114
1944513c,oof,visible_fixed_0p10,False,4722,5.45370241275,-3.63219075526,140445.832172,selfcorr_active,0.0235362115924,62296.4473214,4389.74724494,73759.6376058,0.000707328921654
197f8a5a,oof,visible_fixed_0p10,False,6310,23.2221531554,-19.1976830495,3402783.58615,selfcorr_active,0.0346461814404,2325557.02751,318541.425017,758685.133628,-0.00390058322694
19871e7f,oof,visible_fixed_0p10,False,5293,9.56241863907,6.86244041805,483991.127261,selfcorr_active,0.0441232879415,249263.717384,170956.140349,63771.269528,0.00371946213563
198a5607,oof,visible_fixed_0p10,False,6251,8.11197303843,5.55222859862,411341.470208,selfcorr_active,0.0344458081833,192701.092313,3935.35992058,214705.017975,0.000439702170427
19fb4f7b,oof,visible_fixed_0p10,False,5620,10.2150167234,-0.9080563914,586427.704629,selfcorr_active,0.0264027960696,4634.06322399,67824.759991,513968.881414,-0.0021413136692
1a518997,oof,visible_fixed_0p10,False,4606,9.16748935393,-8.90573566218,387101.418016,selfcorr_active,0.0450919569679,365311.660115,2270.18493411,19519.5729668,-0.000528001737183
1a68190b,oof,visible_fixed_0p10,False,4474,15.5543137256,-12.715080935,1082424.68607,selfcorr_active,0.0287116954749,723326.268962,1630.54457288,357467.872532,-0.000467426146412
1a730ac2,oof,visible_fixed_0p10,False,4605,9.98141979008,-7.17166408233,458790.352424,selfcorr_active,0.0593191186943,236847.886094,31.5332058878,221910.933125,-6.22486940673e-05
1aaf1da0,oof,visible_fixed_0p10,False,4804,7.58447904158,-4.35081896331,276346.844484,selfcorr_active,0.0488690676332,90937.9216297,121231.925036,64176.9978182,-0.00362238523536
1b08ed48,oof,visible_fixed_0p10,False,5618,10.0945101501,8.8127292686,572469.341382,selfcorr_active,0.0395856210771,436317.459654,73517.2007058,62634.6810223,0.00223055280359
1b1c5372,oof,visible_fixed_0p10,False,4261,16.0993348038,7.9629090754,1104402.54418,selfcorr_active,0.0427016044352,270181.151138,658802.776825,175418.616214,0.0101088335174
1b1eba53,oof,visible_fixed_0p10,False,4655,61.3984765588,-56.0624794083,17548292.96,selfcorr_active,0.0330104207262,14630672.4359,2512607.17431,405013.349748,-0.0172891404685
1b6ba517,oof,visible_fixed_0p10,False,6597,6.13050879307,3.83941466208,247935.961795,selfcorr_active,0.0521015492909,97247.0693382,13263.595577,137425.29688,0.000744563148716
1b82b665,oof,visible_fixed_0p10,False,3806,6.17436201849,-2.78936804069,145095.172553,selfcorr_active,0.039781249858,29612.8648968,45111.5233672,70370.7842885,-0.00313351089166
1bcb2fcf,oof,visible_fixed_0p10,False,4524,5.66943019348,-3.23764445836,145412.392764,selfcorr_active,0.0593813049819,47422.1135736,49213.1893455,48777.0898445,-0.00252550070933
1beca81d,oof,visible_fixed_0p10,False,5036,7.66781840459,2.65995502242,296093.831236,selfcorr_active,0.0262296951691,35631.5165926,75933.212143,184529.1025,0.00267102489217
1d3fbf02,oof,visible_fixed_0p10,False,2694,5.79089827789,4.26075050504,90341.9507178,selfcorr_active,0.0683296256686,48906.8621695,6922.02550118,34513.0630471,-0.00206115600204
1d78281a,oof,visible_fixed_0p10,False,4949,9.11847137996,-5.173688561,411492.129,selfcorr_active,0.037330086091,132470.146911,1322.92182613,277699.060262,-0.000361894132668
1e30dedf,oof,visible_fixed_0p10,False,4071,14.3067772633,12.6713531789,833268.057821,selfcorr_active,0.0119476810156,653652.752125,59635.5924095,119979.713287,0.00325680496508
1e5e3573,oof,visible_fixed_0p10,False,5480,7.92532654568,-2.29045140152,344203.188689,selfcorr_active,0.0525501802998,28748.9985726,116774.711247,198679.478869,0.00291805983955
1f9afacb,oof,visible_fixed_0p10,False,5328,2.05614585629,-0.752765457461,22525.3762483,selfcorr_active,0.0149556707757,3019.14228327,5058.85066761,14447.3832975,-0.00063353445081
1fdbba44,oof,visible_fixed_0p10,False,4911,7.09687486991,-3.04769039543,247345.623266,selfcorr_active,0.0434263480232,45615.4146417,109604.22885,92125.979774,-0.00333234061385
1fee2b62,oof,visible_fixed_0p10,False,4641,10.6694741536,-7.11572933324,528320.666908,selfcorr_active,0.0385912064117,234990.555903,143582.045549,149748.065456,-0.0041516749973
20096916,oof,visible_fixed_0p10,False,5133,5.32037244514,0.44932271487,145296.561048,selfcorr_active,0.0337121668075,1036.30600047,30951.2631063,113308.991942,-0.00165719236368
200d233d,oof,visible_fixed_0p10,False,3926,9.26955921694,-8.04414244369,337340.482428,selfcorr_active,0.0342160826387,254044.501771,24283.3425564,59012.6381,-0.0021944183558
201661b5,oof,visible_fixed_0p10,False,5955,13.6549041806,-7.88311412299,1110347.91072,selfcorr_active,0.0544852654721,370064.472684,558655.870046,181627.567988,-0.0056343025459
203721ab,oof,visible_fixed_0p10,False,5730,7.79506406267,-2.18931041512,348172.126036,selfcorr_active,0.041575457275,27464.3489372,1777.14332122,318930.633778,-0.000336682019537
20402d71,oof,visible_fixed_0p10,False,6372,10.3407137902,9.05132256338,681360.264688,selfcorr_active,0.0701831991344,522035.276613,1393.05369439,157931.934381,0.00025419143089
2043abc5,oof,visible_fixed_0p10,False,6958,16.5784029667,-13.8336084449,1912360.6898,selfcorr_active,0.0394022881126,1331543.5719,2830.46617644,577986.651726,0.000317536004366
204cc64b,oof,visible_fixed_0p10,False,4805,9.5987751863,6.34986546936,442715.810795,selfcorr_active,0.0218314583254,193741.403056,201077.295474,47897.1122649,0.00466371563636
206b6193,oof,visible_fixed_0p10,False,6535,34.6075635959,29.8427287968,7826861.39834,selfcorr_active,0.0406718298164,5819995.59943,1938330.98061,68534.8182976,0.00912927330493
2075c696,oof,visible_fixed_0p10,False,3188,24.7187878034,-20.3814647155,1947926.88386,selfcorr_active,0.0305870437872,1324308.28339,537135.445653,86483.1548208,-0.0141044151182
22c5f93f,oof,visible_fixed_0p10,False,5172,7.47254915596,-2.74394565414,288799.260874,selfcorr_active,0.0363194979884,38941.2176578,7130.14560744,242727.897609,-0.000786415484667
230eaaa3,oof,visible_fixed_0p10,False,4690,24.0701774532,-12.6105671008,2717261.44594,selfcorr_active,0.049830941878,745833.828215,1521709.49139,449718.12633,-0.0133044597367
2364716c,oof,visible_fixed_0p10,False,4316,16.3368472246,-14.339947302,1151908.36337,selfcorr_active,0.0365481838305,887516.726505,118240.411426,146151.225439,-0.00420098805591
23b9beb0,oof,visible_fixed_0p10,False,7340,5.296160779,3.49905249238,205882.001438,selfcorr_active,0.0325659725252,89866.3236481,1397.80772069,114617.870069,0.000205954011139
24d8997e,oof,visible_fixed_0p10,False,3442,5.34559400628,1.96880797338,98356.4417138,selfcorr_active,0.0377199800638,13341.8970457,666.103274534,84348.4413936,-0.0004427362953
25050f63,oof,visible_fixed_0p10,False,6124,15.0625499058,-13.7307066153,1389415.62878,selfcorr_active,0.0796968683697,1154571.83065,51842.4125728,183001.385564,-0.00164581288376
25939962,oof,visible_fixed_0p10,False,4319,11.9118136148,-6.76170022152,612828.540222,selfcorr_active,0.0332743776804,197467.227716,144303.539986,271057.77252,-0.00463611629114
25fd32b3,oof,visible_fixed_0p10,False,2885,6.95669774579,-5.93334651193,139621.431573,selfcorr_active,0.0303681110041,101565.273396,35602.606547,2453.55162972,-0.0042180606526
261785ee,oof,visible_fixed_0p10,False,3646,19.2936034259,16.49805827,1357198.46348,selfcorr_active,0.00891744167659,992389.888672,65228.2339326,299580.340875,0.00401868025362
264feceb,oof,visible_fixed_0p10,False,5665,5.0993493729,4.56308009901,147309.057213,selfcorr_active,0.0322470573611,117954.930443,1704.43528163,27649.6914875,0.000335413868984
26623a50,oof,visible_fixed_0p10,False,5735,16.1857319154,14.3939249207,1502443.35764,selfcorr_active,0.0294025272983,1188206.40297,278.121905527,313958.832769,-0.000133017289637
26d3a96a,oof,visible_fixed_0p10,False,4721,9.26830770472,-7.07976462915,405541.112316,selfcorr_active,0.0129883896804,236631.000271,21296.1886105,147613.923435,0.00155844175039
272abef3,oof,visible_fixed_0p10,False,4135,9.98810530483,7.23424672091,412516.893745,selfcorr_active,0.0398492459268,216402.436435,30826.1189335,165288.338377,0.00228737194299
27300fd5,oof,visible_fixed_0p10,False,5467,13.5541850733,-12.381735511,1004375.00572,selfcorr_active,0.0295633633168,838131.4151,2190.49159144,164053.099027,-0.000401086287736
276b012a,oof,visible_fixed_0p10,False,4837,15.3620895265,-11.227320711,1141501.98458,selfcorr_active,0.0180066137994,609717.056691,2000.97620568,529783.951687,-0.000460624955641
27c3155b,oof,visible_fixed_0p10,False,4958,11.4040663617,9.82450640256,644801.433272,selfcorr_active,0.0110741728802,478550.751376,55041.2085272,111209.47337,0.00232795632775
27ebb9b9,oof,visible_fixed_0p10,False,5766,9.14435553171,-5.73787213801,482148.526829,selfcorr_active,0.0153863585634,189835.036692,6996.31256993,285317.177567,-0.00066177944605
283269ac,oof,visible_fixed_0p10,False,2626,1.01566662784,0.402918423221,2708.92566334,selfcorr_active,0.0100069357863,426.313389655,695.579271901,1587.03300179,0.000678925135613
28473855,oof,visible_fixed_0p10,False,4290,3.77033170935,0.536769590369,60984.0711418,selfcorr_active,0.0284370993743,1236.04163459,974.416757274,58773.6127499,-0.000384837219856
28f4eda9,oof,visible_fixed_0p10,False,5266,7.1864261622,-2.70204943833,271961.100706,selfcorr_active,0.0496348040526,38447.4407662,82684.5358494,150829.12409,-0.00260664263912
29b24409,oof,visible_fixed_0p10,False,5587,13.5753439406,-12.0104772875,1029628.02388,selfcorr_active,0.0687151110968,805933.491835,116626.84439,107067.68765,-0.00283283895199
29de15c8,oof,visible_fixed_0p10,False,3431,2.97632947161,1.67746795788,30393.6408711,selfcorr_active,0.0226456700136,9654.48661024,2896.1068299,17843.0474309,0.000927613057421
2ab29395,oof,visible_fixed_0p10,False,1852,1.94768136283,0.988898906503,7025.49290393,selfcorr_active,0.0279161212053,1811.10977957,679.67410856,4534.7090158,-0.00113312957773
2ac7cb6b,oof,visible_fixed_0p10,False,4990,16.262949234,5.00745851022,1319772.75375,selfcorr_active,0.0416812633096,125122.457251,264479.568506,930170.727998,0.00505400744282
2acc78d4,oof,visible_fixed_0p10,False,4266,9.4526132506,-3.88649072854,381175.193735,selfcorr_active,0.0263027430034,64437.1202409,133076.20828,183661.865213,-0.00453533704503
2b034622,oof,visible_fixed_0p10,False,5203,4.08820395333,-1.05370046137,86959.8803677,selfcorr_active,0.0341740422133,5776.81109794,43867.0897406,37315.9795291,-0.00193321120539
2b06ad65,oof,visible_fixed_0p10,False,4256,8.02331971234,-7.6760703216,273974.293583,selfcorr_active,0.0316142286381,250772.268557,8415.7415364,14786.2834888,-0.0011445490272
2b547943,oof,visible_fixed_0p10,False,3480,7.71382003157,-3.96088898503,207070.507788,selfcorr_active,0.0415266459844,54596.4726001,86027.9902802,66446.044908,-0.00494927589152
2be5c96a,oof,visible_fixed_0p10,False,4210,5.32642079591,3.54842539403,119440.893265,selfcorr_active,0.00904754214275,53009.4688913,25587.8007274,40843.6236458,0.002028541848
2bff06cf,oof,visible_fixed_0p10,False,7624,24.2937980836,-21.986051706,4499598.0795,fallback,inf,3685338.44436,385119.614331,429140.020813,-0.00322934254563
2c0c4a4e,oof,visible_fixed_0p10,False,4790,4.6970645034,-1.27341805319,105678.967606,selfcorr_active,0.0365640502994,7767.43304793,3205.72520834,94705.8093498,-0.000591630436894
2cee0cba,oof,visible_fixed_0p10,False,5500,7.74538391398,3.57121382246,329950.345862,selfcorr_active,0.0450518838193,70144.6249116,8365.58869732,251440.132254,-0.000776774303241
2d0c268a,oof,visible_fixed_0p10,False,4550,9.55305681635,5.61330467033,415237.07014,selfcorr_active,0.0262476962737,143366.811415,11739.5260074,260130.732718,0.00122292217395
2d179ded,oof,visible_fixed_0p10,False,7008,7.92121552315,1.86442877654,439721.552793,selfcorr_active,0.0241102640586,24360.4713969,2577.56129955,412783.520096,0.000299780920595
2d196986,oof,visible_fixed_0p10,False,6474,9.49707711033,6.040725253,583919.022343,selfcorr_active,0.0331654208396,236238.600884,237159.504982,110520.916476,0.00323855929653
2d2d0c6b,oof,visible_fixed_0p10,False,5045,3.53214384711,0.329691926885,62941.6225906,selfcorr_active,0.0449435324662,548.375187766,22403.1334502,39990.1139526,-0.00144694911541
2d35f86d,oof,visible_fixed_0p10,False,4896,12.8695031269,-5.44611458798,810895.646154,selfcorr_active,0.0305604374719,145216.16346,433058.810403,232620.672291,-0.0066542935818
2d9f6cb9,oof,visible_fixed_0p10,False,7338,8.28598089939,-4.62298013027,503808.584315,selfcorr_active,0.0604844283881,156827.334501,235245.31229,111735.937524,-0.00267291134876
2ddad940,oof,visible_fixed_0p10,False,5331,10.5162082561,8.1350722467,589558.680972,selfcorr_active,0.0307936629397,352802.383847,136999.516809,99756.7803168,0.00329410262093
2e29e833,oof,visible_fixed_0p10,False,5428,7.72512182642,-6.47737876911,323929.509261,selfcorr_active,0.0206305178382,227739.53308,13.0377738773,96176.9384065,3.1277540432e-05
2e43c2ea,oof,visible_fixed_0p10,False,5698,7.83497019329,-5.98738859798,349781.746684,selfcorr_active,0.0332693339692,204266.589028,46623.6536373,98891.5040187,-0.00173904217366
2e63d9de,oof,visible_fixed_0p10,False,4699,12.0274263532,5.17876193622,679752.569024,selfcorr_active,0.0407908694176,126025.183828,381196.975296,172530.4099,0.00663983348681
2ee0235b,oof,visible_fixed_0p10,False,5556,5.42576647024,-1.86034025265,163562.760583,selfcorr_active,0.0413765351288,19228.570694,25349.3870801,118984.802809,-0.00133177545353
2f19d536,oof,visible_fixed_0p10,False,3088,4.21720243814,0.021389251533,54919.4512963,selfcorr_active,0.0236767313363,1.41276025056,45359.771851,9558.26668507,0.00429942264
2f8e53c3,oof,visible_fixed_0p10,False,2594,5.41942161193,4.74526759112,76186.1187967,selfcorr_active,0.00849655599487,58410.5623424,8386.76054591,9388.79590833,0.002401224796
2fa01aa6,oof,visible_fixed_0p10,False,2174,18.078077025,13.711839196,710499.873034,selfcorr_active,0.0333898795121,408743.597216,283183.517199,18572.7586185,0.0181859228807
2fd68f7b,oof,visible_fixed_0p10,False,4730,51.538288522,-47.2474955885,12563803.2193,selfcorr_active,0.0459116840911,10558901.2203,719175.836562,1285726.16242,-0.00903059707
2fe023be,oof,visible_fixed_0p10,False,4221,10.3251480309,-7.45032154185,449995.24613,selfcorr_active,0.0371779940971,234296.275636,19670.1252447,196028.845249,0.00177162242776
30d75030,oof,visible_fixed_0p10,False,3404,23.0936716807,18.5811088622,1815413.35445,selfcorr_active,0.0266906994631,1175256.8927,606758.713711,33397.7480466,0.0135867106222
310c71a5,oof,visible_fixed_0p10,False,5245,10.1377998151,-8.01990879253,539054.796803,selfcorr_active,0.0386521138133,337352.824777,205.981084658,201495.990941,-0.00013088385031
32fe84c9,oof,visible_fixed_0p10,False,6408,21.8306491537,20.2517750891,3053906.96976,selfcorr_active,0.0429638992283,2628141.19843,150711.770992,275054.000344,0.00262168470446
33c40295,oof,visible_fixed_0p10,False,4169,8.56271558497,-4.23661059386,305671.489351,selfcorr_active,0.0349817078872,74828.8362116,154745.660667,76096.9924719,-0.00506234842092
3407f5bf,oof,visible_fixed_0p10,False,3638,20.0754761189,11.8088540155,1466204.00921,selfcorr_active,0.0364480290577,507315.582631,680853.544761,278034.881818,0.013026371173
3417285d,oof,visible_fixed_0p10,False,5449,29.5352280988,-27.7906412786,4753324.52902,selfcorr_active,0.0182380860308,4208370.27783,22393.3094031,522560.941781,-0.00128876745034
347242c8,oof,visible_fixed_0p10,False,3595,2.66389177272,-1.30714400287,25511.2681594,selfcorr_active,0.027977627601,6142.50847204,11.1178882722,19357.6417991,-5.35862604281e-05
353e5502,oof,visible_fixed_0p10,False,6062,6.48504143667,-2.71059152335,254942.031883,selfcorr_active,0.0431520849793,44539.3714358,56837.7102027,153564.950244,-0.00174978632289
357c12f9,oof,visible_fixed_0p10,False,4079,4.53734283947,-2.51305930866,83976.3310948,selfcorr_active,0.0323648328928,25760.7902554,503.520006699,57712.0208328,-0.00029837913031
3584a6eb,oof,visible_fixed_0p10,False,4494,11.6048271613,10.7776671734,605216.028414,selfcorr_active,0.0351948013381,522014.54499,69688.0030263,13513.4803981,0.00303542873759
35b30c7f,oof,visible_fixed_0p10,False,9579,23.9647566149,22.9321796603,5501311.2715,selfcorr_active,0.0672804925646,5037451.11198,191664.854752,272195.304768,0.00161763899558
35b3ef6a,oof,visible_fixed_0p10,False,3904,15.3872068635,13.2712647329,924334.991275,selfcorr_active,0.0579076968367,687597.729553,141057.554262,95679.7074594,0.00533364490498
367456ce,oof,visible_fixed_0p10,False,5569,6.10753243189,-1.40926889363,207734.572952,selfcorr_active,0.0371661783128,11060.2501582,1645.46865323,195028.854141,0.000338119026432
368131f9,oof,visible_fixed_0p10,False,4991,22.2976477292,-17.4657893658,2481450.80544,selfcorr_active,0.0368978308785,1522523.50666,858987.088776,99940.2100003,-0.0091054747628
368fe682,oof,visible_fixed_0p10,False,4936,17.4488178642,-15.1926459578,1502820.70462,selfcorr_active,0.053435441522,1139310.20057,85983.7765489,277526.727509,-0.00292911325052
3690a146,oof,visible_fixed_0p10,False,4073,8.90614422845,-5.92032595576,323067.936638,selfcorr_active,0.0398077036782,142759.706627,125149.149462,55159.0805492,-0.00471447103874
37344c2a,oof,visible_fixed_0p10,False,5197,14.5743061712,-4.73709797089,1103896.85073,selfcorr_active,0.0471362424276,116621.185075,623603.161643,363672.504009,-0.00730156086882
373ef48b,oof,visible_fixed_0p10,False,3509,4.36626316374,-2.75085778954,66896.4673388,selfcorr_active,0.0338828542437,26553.3699911,56.2236187359,40286.873729,-0.000124961142066
374be387,oof,visible_fixed_0p10,False,9965,6.95668773384,3.687857711,482261.199614,selfcorr_active,0.0403131845789,135526.934659,11517.1601336,335217.104821,0.000373720889021
37d36812,oof,visible_fixed_0p10,False,4367,22.0531143266,-20.0535793415,2123846.13151,selfcorr_active,0.0457243686463,1756171.77592,137369.156948,230305.198645,-0.00444898009809
38991fd4,oof,visible_fixed_0p10,False,4798,15.5847683212,13.2673768791,1165362.2474,selfcorr_active,0.0395237148609,844559.741836,203117.625236,117684.880324,0.00469757878069
389ae58f,oof,visible_fixed_0p10,False,6463,40.5244844022,-38.2002070708,10613757.2825,selfcorr_active,0.0329164719351,9431170.3663,923435.974037,259150.942155,-0.00640682392885
3932faa6,oof,visible_fixed_0p10,False,5452,14.6720870821,7.95926624652,1173652.7997,selfcorr_active,0.0257633433019,345383.759386,29322.7586178,798946.281699,-0.00147353098411
398dce4b,oof,visible_fixed_0p10,False,3166,7.02686915219,-5.28641451197,156327.233999,selfcorr_active,0.0438342701828,88477.6007901,19093.6150245,48756.0181848,-0.00268700429002
39b51819,oof,visible_fixed_0p10,False,4231,7.11215410487,-6.30679172148,214015.556064,selfcorr_active,0.0392430928228,168290.655913,19649.343694,26075.5564577,-0.00176441248309
3a0af893,oof,visible_fixed_0p10,False,2927,16.8222945314,-13.7277993968,828310.539591,selfcorr_active,0.0342755174219,551600.398067,228024.278118,48685.8634063,-0.0104459299578
3a223519,oof,visible_fixed_0p10,False,4583,12.0754203852,10.6815414096,668273.708183,selfcorr_active,0.0234305550064,522898.883118,114152.829506,31221.9955591,0.00377232574805
3a7dd95d,oof,visible_fixed_0p10,False,3072,14.4531908123,12.0363706135,641724.594144,selfcorr_active,0.042615492129,445053.596296,2506.32425644,194164.673591,-0.0010185385187
3a824aa7,oof,visible_fixed_0p10,False,4201,6.44135748613,4.6690814299,174304.053395,selfcorr_active,0.0367334648469,91583.1501973,38122.2706794,44598.6325187,-0.00248399657876
3a86fe8d,oof,visible_fixed_0p10,False,5118,9.21874979105,7.23439300118,434955.00958,selfcorr_active,0.034554492047,267857.910645,85419.1536082,81677.9453267,0.00276514456016
3aaa2b30,oof,visible_fixed_0p10,False,4711,14.1095203584,-11.2871795658,937859.118506,selfcorr_active,0.0570266897103,600183.390638,276071.429104,61604.2987636,-0.00562900595566
3ac16ad0,oof,visible_fixed_0p10,False,5649,7.8374499809,-0.801577006922,346993.339825,selfcorr_active,0.047367172892,3629.62766815,6160.94873578,337202.763421,0.00064040846712
3b21ea64,oof,visible_fixed_0p10,False,7376,6.64448218915,-1.83337768933,325644.082913,selfcorr_active,0.0132958271361,24792.7551928,9300.02348445,291551.304236,-0.000527352838018
3bbe1f5d,oof,visible_fixed_0p10,False,6918,12.8579446792,-11.8432780288,1143730.39682,selfcorr_active,0.073710985388,970341.05605,2118.28558789,171271.055185,0.000277084381689
3bfee975,oof,visible_fixed_0p10,False,3603,8.16797413427,-2.63677464343,240377.032654,selfcorr_active,0.0163766070692,25050.1476144,10559.025126,204767.859913,-0.00164591028179
3c3dbcbc,oof,visible_fixed_0p10,False,5069,10.1200450904,-3.03015135221,519143.219732,selfcorr_active,0.041040992737,46542.6314743,317810.695126,154789.893132,-0.00541117337146
3d96d897,oof,visible_fixed_0p10,False,5659,4.04458319377,2.09156198346,92573.6185227,selfcorr_active,0.0578551304045,24756.0398319,5311.3367604,62506.2419304,0.00059303866309
3df4b19e,oof,visible_fixed_0p10,False,4988,7.86213695515,5.18214739704,308324.229138,selfcorr_active,0.0294431490367,133951.002403,74398.7112356,99974.5154988,0.00268215375863
3e011332,oof,visible_fixed_0p10,False,2723,19.9689011224,-12.5116125459,1085815.34377,selfcorr_active,0.0492615608842,426259.641261,290699.582342,368856.120171,-0.013144418991
3e678ea7,oof,visible_fixed_0p10,False,6858,13.6265167545,-12.1098117133,1273406.87387,selfcorr_active,0.0434657281212,1005708.82747,32539.9266922,235158.119709,-0.00110027866433
3ef6372a,oof,visible_fixed_0p10,False,4727,6.6609143813,-2.95609672889,209726.497927,selfcorr_active,0.0217826199229,41306.9267041,50494.9406138,117924.630609,0.00239516900049
3ef98781,oof,visible_fixed_0p10,False,3892,9.38361662462,8.33802387425,342699.399648,selfcorr_active,0.0352804190245,270582.12316,8205.16576185,63912.1107254,0.00129233489038
3f603129,oof,visible_fixed_0p10,False,5051,19.5637181412,-15.600302118,1933215.02998,selfcorr_active,0.0891810767159,1229258.9716,12420.2170113,691535.841367,-0.00107544739221
404c4384,oof,visible_fixed_0p10,False,911,7.43457555973,-6.44601966058,50353.6244293,selfcorr_active,0.0369395347482,37853.1153823,11751.5994656,748.909581385,-0.0136572044096
4121c517,oof,visible_fixed_0p10,False,3723,9.24432017893,-5.21908740479,318158.107089,selfcorr_active,0.0198008161163,101410.325441,53977.2321045,162770.549544,0.00354287956743
41fb0192,oof,visible_fixed_0p10,False,2973,3.46939009953,2.90758002521,35785.0129612,selfcorr_active,0.0306618114705,25133.8062257,115.556026405,10535.6507091,-0.000229717765676
42669188,oof,visible_fixed_0p10,False,4282,17.2898367812,15.3079429713,1280054.46825,selfcorr_active,0.0166494160025,1003414.41133,118032.063094,158607.993822,0.00424737532366
42c538a1,oof,visible_fixed_0p10,False,3279,30.0572759433,-26.2573462451,2962379.22596,selfcorr_active,0.0342143466187,2260700.75219,473538.3217,228140.152064,-0.0126956833971
43b06c70,oof,visible_fixed_0p10,False,4846,4.20291461967,0.0519220605479,85602.124841,selfcorr_active,0.0269536939929,13.0643332005,16139.3570811,69449.7034267,0.00130454370289
43c7f85a,oof,visible_fixed_0p10,False,5978,12.9958387237,10.542199984,1009635.32466,selfcorr_active,0.0352156884209,664382.847445,121673.668502,223578.808711,0.00261429784093
43e16325,oof,visible_fixed_0p10,False,3720,37.242678622,-29.7341247436,5159703.6527,selfcorr_active,0.0430118489808,3288919.60827,1843898.43905,26885.6053761,-0.0207321683726
44441e54,oof,visible_fixed_0p10,False,4357,5.25612815631,-4.05987591898,120370.330083,selfcorr_active,0.0352863221043,71814.6554244,969.756999809,47585.9176586,0.000375094551772
445af6c2,oof,visible_fixed_0p10,False,6041,35.2575247834,32.1280226997,7509525.13833,selfcorr_active,0.0540656236412,6235579.6591,922096.263451,351849.215782,0.00708460280037
4463446c,oof,visible_fixed_0p10,False,3256,14.7412461318,-11.8338284927,707542.922955,selfcorr_active,0.0556515935962,455968.601563,192300.956942,59273.3644504,-0.0081762614794
44a94013,oof,visible_fixed_0p10,False,4903,22.1097025933,19.5299419933,2396777.3658,selfcorr_active,0.0531653493585,1870095.56378,61816.7676258,464865.034397,0.00250871275737
45fb3e21,oof,visible_fixed_0p10,False,3649,19.1127708785,13.4039072627,1332972.44088,selfcorr_active,0.0350042348176,655596.599435,565330.002514,112045.838933,0.0118162823937
460f859e,oof,visible_fixed_0p10,False,3336,18.5865867852,1.17899480152,1152458.59097,selfcorr_active,0.0445257688513,4637.13588333,446262.201415,701559.253674,0.0120101002166
4630ab92,oof,visible_fixed_0p10,False,3373,11.5726842358,8.70133154144,451735.839881,selfcorr_active,0.0316742410011,255380.524414,101336.750885,95018.5645822,0.00562923809622
463c38f2,oof,visible_fixed_0p10,False,4460,7.40002555971,-1.36128469983,244231.287149,selfcorr_active,0.0563438292584,8264.80831161,70954.712529,165011.766308,-0.003097982558
4654e7de,oof,visible_fixed_0p10,False,5373,5.14108213498,2.7715969171,142012.288212,selfcorr_active,0.0520105665908,41274.039907,5342.51647439,95395.7318302,0.000642892419196
466fc788,oof,visible_fixed_0p10,False,6197,18.0495869718,-15.079533209,2018905.69431,selfcorr_active,0.039615325446,1409150.2182,246547.38123,363208.094876,-0.00352588855705
46a301e9,oof,visible_fixed_0p10,False,8226,13.3239541923,12.6788749074,1460343.31525,selfcorr_active,0.00777424323792,1322361.32572,0.403622138399,137981.585911,2.94981688995e-06
46a7190b,oof,visible_fixed_0p10,False,4215,14.3910409145,-11.1627938521,872935.177013,selfcorr_active,0.0541130323499,525222.579158,266604.837651,81107.7602032,-0.00653624435262
46d24a09,oof,visible_fixed_0p10,False,4449,22.1209263643,-19.4491994859,2177053.11992,selfcorr_active,0.0466494339936,1682929.2835,80388.9762746,413734.86015,-0.00330975063702
46d41ff6,oof,visible_fixed_0p10,False,7901,6.53747179298,2.85619748805,337677.184345,selfcorr_active,0.055927170482,64455.284181,1678.54036859,271543.359796,0.000202084697696
46dfcfca,oof,visible_fixed_0p10,False,3606,20.5634832467,-19.0273866363,1524821.77671,selfcorr_active,0.0518779005151,1305521.4406,142529.883907,76770.4522054,-0.00603955613007
47222616,oof,visible_fixed_0p10,False,4406,14.5883462254,-11.2090852848,937684.239684,selfcorr_active,0.0458113467304,553585.670415,262179.416309,121919.152959,-0.00606489366886
47ee27ab,oof,visible_fixed_0p10,False,6397,7.20456769066,-2.77565203055,332041.374513,selfcorr_active,0.018959665598,49284.0501134,74310.932544,208446.391856,0.00184566322076
481de5fc,oof,visible_fixed_0p10,False,5952,20.2965695608,18.9426945252,2451930.78029,selfcorr_active,0.0358215325874,2135730.4228,47779.9855952,268420.371893,0.00164899467265
48c1f673,oof,visible_fixed_0p10,False,2917,23.1431084616,-21.0117427826,1562355.31985,selfcorr_active,0.0368235718131,1287836.0575,162478.991527,112040.270825,-0.00886307883515
4936af16,oof,visible_fixed_0p10,False,3991,10.7534437532,9.18373151129,461505.481242,selfcorr_active,0.0222411062889,336604.629566,78623.1326066,46277.7190698,0.00385250505073
493b5b31,oof,visible_fixed_0p10,False,4671,26.8726880309,-22.4204722073,3373122.30194,selfcorr_active,0.00876041631724,2348006.94814,887015.059947,138100.293857,-0.0102197748671
49dbc14c,oof,visible_fixed_0p10,False,3872,7.09556232031,6.10546010185,194943.601971,selfcorr_active,0.0328367917651,144335.16191,32926.4048692,17682.0351921,0.00260891404977
4a035ec2,oof,visible_fixed_0p10,False,2588,17.0104191328,13.3630624121,748849.081284,selfcorr_active,0.0479759921063,462142.879035,261465.141046,25241.0612029,0.0134539913945
4a335117,oof,visible_fixed_0p10,False,5015,11.5195010515,-4.53588318437,665485.005948,selfcorr_active,0.0434147882772,103179.794855,23510.5511379,538794.659955,0.00149560059977
4a8ecc0b,oof,visible_fixed_0p10,False,5809,18.9392569782,-15.0464369585,2083661.89743,selfcorr_active,0.0553060239097,1315130.09523,334446.856148,434084.946054,-0.00452482850472
4b462989,oof,visible_fixed_0p10,False,3106,6.40764203515,0.6326061224,127525.764256,selfcorr_active,0.0278313653116,1242.99171194,64759.7719515,61523.0005923,-0.00509261827059
4b831d20,oof,visible_fixed_0p10,False,7312,14.805595122,11.2057663848,1602831.69025,selfcorr_active,0.0435237919287,918161.992387,300106.129957,384563.567911,0.00303510546145
4c2208f5,oof,visible_fixed_0p10,False,5384,29.9360526846,-27.5781620906,4824964.4758,selfcorr_active,0.0222642530706,4094828.2508,52012.0954111,678124.129595,-0.00199979385236
4c3168cf,oof,visible_fixed_0p10,False,4334,4.4711571732,-0.735728969427,86642.0621901,selfcorr_active,0.0440039264159,2345.98170271,48303.3393339,35992.7411535,0.00266836878737
4c3df468,oof,visible_fixed_0p10,False,5392,12.4161496341,-8.37235061766,831234.881207,selfcorr_active,0.0543973612465,377959.006232,51579.4228597,401696.452116,0.00198702826267
4caa7289,oof,visible_fixed_0p10,False,5396,19.657408159,-17.5207981969,2085088.30108,selfcorr_active,0.0354081115669,1656455.28159,355250.20211,73382.8173821,-0.00520894636703
4cd1ac61,oof,visible_fixed_0p10,False,4489,15.4446207942,-14.7012832864,1070789.50223,selfcorr_active,0.0258052573202,970197.381171,80558.5634374,20033.5576175,-0.00326905390719
4cecf7b3,oof,visible_fixed_0p10,False,6019,13.3899083898,10.404864005,1079144.38341,fallback,inf,651624.132474,21266.6494322,406253.601508,0.00108181662202
4ddde4c1,oof,visible_fixed_0p10,False,4472,3.35380752146,0.820071679748,50301.1673127,selfcorr_active,0.0114382297621,3007.49852798,10039.7689548,37253.89983,-0.00116064605828
4e050c92,oof,visible_fixed_0p10,False,3705,8.98674826831,7.14865782459,299221.892643,selfcorr_active,0.0424899155046,189337.758708,73355.0341461,36529.0997886,0.00416028690831
4ed93db6,oof,visible_fixed_0p10,False,4657,7.37192570929,3.37308350693,253086.009305,selfcorr_active,0.0391595158553,52985.9132494,181768.870202,18331.2258541,0.00464719643228
4f3eb9e9,oof,visible_fixed_0p10,False,4697,26.9872564755,-17.8315677869,3420881.52071,selfcorr_active,0.0666021008813,1493480.71134,1635648.31434,291752.495034,-0.0137627353211
4f4ac5ce,oof,visible_fixed_0p10,False,5162,7.5003284884,-1.84449580657,290387.935414,selfcorr_active,0.0345554343469,17561.9745967,168057.948431,104768.012387,-0.00382906871106
4f4afcc6,oof,visible_fixed_0p10,False,5645,8.98528250256,0.787317444263,455750.777819,selfcorr_active,0.0616767480223,3499.15913914,246150.748039,206100.87064,0.00405224122426
4f69febf,oof,visible_fixed_0p10,False,5460,12.6957891781,-11.7114674067,880059.523183,selfcorr_active,0.0319919220699,748885.239741,95182.0878751,35992.1955669,-0.00264898366235
4fbe9c06,oof,visible_fixed_0p10,False,6287,12.6173913208,8.4244267742,1000881.37025,selfcorr_active,0.0466013933281,446194.466221,39255.1162894,515431.787742,0.00137680860648
504c8b08,oof,visible_fixed_0p10,False,6367,22.4135682796,20.810838969,3198577.32993,selfcorr_active,0.0520902592562,2757490.51539,321349.293814,119737.520735,0.00386524501307
511e1db0,oof,visible_fixed_0p10,False,3821,5.85314117302,-5.23072658165,130904.63854,selfcorr_active,0.0327026704377,104544.472685,15909.6033782,10450.5624767,-0.00184992771049
512943b2,oof,visible_fixed_0p10,False,5029,9.05688717056,7.36770757868,412514.815053,selfcorr_active,0.0218497164197,272989.785159,105111.841035,34413.1888592,0.00314915472916
5138a660,oof,visible_fixed_0p10,False,3559,7.009886079,4.31549924227,174883.93161,selfcorr_active,0.0521351664148,66281.1564739,83447.6633792,25155.1117566,0.004713090167
516088b7,oof,visible_fixed_0p10,False,6645,7.74600629802,-5.03978202563,398704.077165,selfcorr_active,0.0279890583009,168779.032044,2152.07023061,227772.974891,0.000296671870631
521a7819,oof,visible_fixed_0p10,False,5200,31.6051120568,30.0768254011,5194192.16223,fallback,inf,4704000.21629,179801.89135,310390.054592,0.00391726311728
5254b6db,oof,visible_fixed_0p10,False,3274,6.58385489978,-6.27750994572,141918.553847,selfcorr_active,0.0435983107423,129018.947282,180.953965806,12718.6525993,0.000248746330901
529e88ca,oof,visible_fixed_0p10,False,3417,18.6623903544,-12.5121220917,1190089.20855,selfcorr_active,0.0362806072094,534942.281793,445179.010346,209967.916415,-0.0115715227431
52f1e77a,oof,visible_fixed_0p10,False,4442,9.89438701586,5.88546820315,434866.889012,selfcorr_active,0.0478675993129,153865.26518,19615.3626952,261386.261137,0.00163878120378
5305524b,oof,visible_fixed_0p10,False,4898,13.3356195542,11.2501748931,871054.192085,selfcorr_active,0.0643363142335,619922.399247,136438.456891,114693.335947,0.00373276681369
53134831,oof,visible_fixed_0p10,False,5126,24.1978519938,23.3351473058,3001457.74674,selfcorr_active,0.0240247877182,2791256.1655,143227.543093,66974.0381481,0.00357220192026
5397ceb1,oof,visible_fixed_0p10,False,5255,7.27969410279,1.97117698437,278483.187439,selfcorr_active,0.0466568734973,20418.505888,97317.6602747,160747.021277,-0.00283679125756
53f23031,oof,visible_fixed_0p10,False,8550,5.76468679091,-1.42558510338,284130.297967,selfcorr_active,0.0348052645234,17376.1041836,154885.760062,111868.433722,-0.00172443647158
543198e8,oof,visible_fixed_0p10,False,6503,20.3691164875,-10.0307050505,2698100.59486,selfcorr_active,0.0439684916384,654299.629895,234242.533984,1809558.43098,0.00319707537852
54753541,oof,visible_fixed_0p10,False,4026,16.2252984031,-1.35691114142,1059886.00109,selfcorr_active,0.0545815648878,7412.70278682,580538.376832,471934.921471,-0.0103322628922
54a7e3c2,oof,visible_fixed_0p10,False,6155,12.858345674,-11.956863311,1017649.56412,selfcorr_active,0.038421859848,879959.301358,1236.79254536,136453.470219,-0.00025228821981
5542c301,oof,visible_fixed_0p10,False,3591,11.0136300955,-9.87448043155,435588.471941,selfcorr_active,0.033019062344,350141.761381,16991.9344125,68454.7761474,0.00209840321854
5567d551,oof,visible_fixed_0p10,False,6889,8.56240010135,2.49242552075,505064.937269,selfcorr_active,0.0412366629648,42795.7423031,210083.027449,252186.167517,-0.00277684624976
55efee7f,oof,visible_fixed_0p10,False,4801,24.1264041952,15.4949207874,2794582.30445,selfcorr_active,0.0367229438967,1152684.42957,59676.2554649,1582221.61942,-0.00254386380291
5663b2b7,oof,visible_fixed_0p10,False,4972,17.662674809,10.6084872218,1551115.24477,selfcorr_active,0.0288779432766,559548.885645,495858.085557,495708.273568,-0.00695781138437
5693dde2,oof,visible_fixed_0p10,False,3488,8.76092090502,7.82408387571,267717.028043,selfcorr_active,0.043773024911,213522.414268,16802.7812035,37391.8325716,0.00217979931928
56b00794,oof,visible_fixed_0p10,False,6065,25.3160193461,-22.0101121162,3887063.56749,selfcorr_active,0.0720071606425,2938159.13951,660744.52798,288159.900006,-0.00596157770025
57796579,oof,visible_fixed_0p10,False,5890,19.4825430863,-17.8846410709,2235664.26729,selfcorr_active,0.0377240241682,1883977.67492,75805.492587,275881.099789,-0.00210992988823
577eec7c,oof,visible_fixed_0p10,False,4539,12.7132322239,-4.42416619943,733621.65578,selfcorr_active,0.0509003566483,88842.9661366,327393.433585,317385.256058,0.0064816465039
57f05c51,oof,visible_fixed_0p10,False,4771,41.0609233448,-37.3043936994,8043903.26108,selfcorr_active,0.00888120580747,6639408.47267,609021.067292,795473.721128,-0.00820337690551
58850d2c,oof,visible_fixed_0p10,False,4995,15.2218331534,14.3283118807,1157362.50173,selfcorr_active,0.0381537281611,1025476.10415,45012.7143227,86873.6832595,0.00208187664885
58fa8486,oof,visible_fixed_0p10,False,4475,15.440530352,11.7093628414,1066884.64955,selfcorr_active,0.0512921870211,613563.572229,377036.90571,76284.1716065,0.00710547319892
591cc951,oof,visible_fixed_0p10,False,4609,18.1419973165,15.8108780064,1516969.69511,selfcorr_active,0.0429939881961,1152175.6261,271265.718822,93528.3501942,0.0057660450037
593876b6,oof,visible_fixed_0p10,False,4842,7.21630923909,-4.16944234845,252147.726364,selfcorr_active,0.0404831399345,84174.5360649,32164.7763164,135808.413982,0.00184392699491
59f8b2e8,oof,visible_fixed_0p10,False,3747,11.3148566188,10.3015673188,479713.348197,selfcorr_active,0.0366358098093,397640.217721,905.529142428,81167.6013337,0.000454481609922
5a1a8fd8,oof,visible_fixed_0p10,False,5260,17.1335503294,15.600074765,1544117.95664,selfcorr_active,0.0264569017464,1280085.86986,469.564684318,263562.522094,-0.000196770381601
5a5269a9,oof,visible_fixed_0p10,False,6513,7.75313040412,4.27868207269,391503.145316,selfcorr_active,0.0402373356153,119234.274378,121683.723955,150585.146982,0.00229898033799
5a5d1982,oof,visible_fixed_0p10,False,3894,6.06729417947,0.394542969949,143346.156423,selfcorr_active,0.0381457352353,606.156220099,94703.0894875,48036.9107152,-0.00438711269059
5a63b5d1,oof,visible_fixed_0p10,False,6217,16.7208786701,14.2235217561,1738197.25002,selfcorr_active,0.0575925484871,1257752.38681,32831.070059,447613.793148,0.00128044770635
5aa03df7,oof,visible_fixed_0p10,False,4871,5.34847643353,0.196215212663,139340.800979,selfcorr_active,0.0381523159436,187.535495554,3293.09236355,135860.17312,-0.000584743487661
5aa403d0,oof,visible_fixed_0p10,False,3118,23.2368707352,-21.4045360868,1683570.83976,selfcorr_active,0.0336844802962,1428524.68675,185073.006667,69973.1463414,-0.00855949257096
5aef5c6c,oof,visible_fixed_0p10,False,3121,9.253611896,2.65858962392,267249.148673,selfcorr_active,0.034188553939,22059.5363186,2436.80130931,242752.811045,0.000980753918514
5b7b6324,oof,visible_fixed_0p10,False,6564,21.0019718132,-17.2026227737,2895267.63075,selfcorr_active,0.0398796245781,1942486.03164,774339.25448,178442.344621,-0.00573196338474
5bd25f59,oof,visible_fixed_0p10,False,4210,7.06849978459,6.35243201812,210347.131552,selfcorr_active,0.0110095758723,169887.782614,4439.122207,36020.2267314,-0.000844920878812
5beded95,oof,visible_fixed_0p10,False,3057,15.7351021956,14.2825280611,756893.149464,selfcorr_active,0.0157347889752,623599.288098,16001.4869948,117292.374372,0.00259255309613
5cb483ac,oof,visible_fixed_0p10,False,3852,5.16838115051,1.5221156093,102895.254638,selfcorr_active,0.0549329156885,8924.45199493,41439.4717305,52531.3309123,-0.00294963532101
5cdd8dbc,oof,visible_fixed_0p10,False,4010,19.6504732489,-13.3397850648,1548425.80662,selfcorr_active,0.0352477712697,713578.960959,793551.431492,41295.4141668,-0.0121523877236
5d11dfb5,oof,visible_fixed_0p10,False,5895,12.6311628917,-7.69507297509,940525.296995,selfcorr_active,0.0350172514404,349067.403002,17759.5203793,573698.373613,-0.00101995387334
5d7198fd,oof,visible_fixed_0p10,False,3368,12.3028072122,6.93718461372,509777.331935,selfcorr_active,0.0582428669821,162083.418269,256903.285913,90790.6277536,0.00898291618439
5def1ce5,oof,visible_fixed_0p10,False,6443,7.52923363132,1.2378402178,365249.540521,selfcorr_active,0.0477850404764,9872.2764721,20568.8106895,334808.453359,0.000960645210349
5eae34a8,oof,visible_fixed_0p10,False,4904,6.66874684898,0.818530875055,218091.592963,selfcorr_active,0.0374325923121,3285.64465892,58894.8137607,155911.134544,0.00244795520366
5f4d2a52,oof,visible_fixed_0p10,False,5225,53.1891891704,-43.3651320789,14781994.438,selfcorr_active,0.0199849433848,9825793.70415,4427342.64438,528858.089502,-0.0192989089011
5f6756c5,oof,visible_fixed_0p10,False,5931,6.07282923179,-0.0549550608827,218730.860685,selfcorr_active,0.0420272050287,17.9119682483,89046.5152915,129666.433425,0.00226311804486
5f75f796,oof,visible_fixed_0p10,False,5562,6.18178524156,-4.7170440677,212548.875314,selfcorr_active,0.0404128232829,123757.307345,33540.9441208,55250.6238487,-0.00152943771281
5fb1c15f,oof,visible_fixed_0p10,False,2860,19.9182761908,-18.2484737231,1134669.89754,selfcorr_active,0.0254473703572,952399.428619,82621.8804126,99648.5885067,-0.0065101221502
5fffa282,oof,visible_fixed_0p10,False,4201,2.60842560297,-0.0335877186057,28583.1172143,selfcorr_active,0.0261444956089,4.7392944676,3193.88756285,25384.490357,0.000718987640126
60e37807,oof,visible_fixed_0p10,False,2699,20.7568872754,-11.8955231577,1162859.74891,selfcorr_active,0.0365603401285,381917.868759,645128.500499,135813.379657,-0.019843096311
61f27424,oof,visible_fixed_0p10,False,6220,3.83659788781,-2.41429150143,91555.1864539,fallback,inf,36255.157483,11850.2340232,43449.7949477,0.000768720592526
62569ae3,oof,visible_fixed_0p10,False,3588,9.58692215466,6.59242685772,329769.766121,selfcorr_active,0.0191823070307,155934.809646,137100.556708,36734.3997673,0.00596803824376
62a6f539,oof,visible_fixed_0p10,False,3693,7.52373932585,4.81429211909,209048.371166,selfcorr_active,0.0285577647938,85594.169989,20429.8640463,103024.337131,-0.00220624844051
633774dc,oof,visible_fixed_0p10,False,6233,18.6356921683,-14.8093883254,2164652.4778,selfcorr_active,0.0503907245987,1367008.98538,548072.723321,249570.769099,-0.00521151548492
63559d57,oof,visible_fixed_0p10,False,4069,3.83888058814,2.00421732189,59964.8699677,selfcorr_active,0.0150355252787,16344.7135016,2432.01669333,41188.1397728,-0.000658176508007
647f2a41,oof,visible_fixed_0p10,False,3881,13.3581943799,10.9376868809,692530.906867,selfcorr_active,0.0326014975579,464295.650897,132705.723102,95529.5328687,0.0052193930113
65156b96,oof,visible_fixed_0p10,False,3221,4.80067323301,1.21908659142,74232.6589016,selfcorr_active,0.0312144677493,4786.9603901,14811.712989,54633.9855225,-0.00230625433974
653612bc,oof,visible_fixed_0p10,False,4605,4.9815021088,-4.72572897654,114274.747812,selfcorr_active,0.0229293094639,102841.228626,1529.66250283,9903.85668292,-0.000433554793101
656a067b,oof,visible_fixed_0p10,False,3051,12.7853497198,-1.05498966466,498732.225915,selfcorr_active,0.0361070921408,3395.77274041,218621.203808,276715.249367,0.00961110840103
65a5466a,oof,visible_fixed_0p10,False,4683,11.8159473961,-7.08703661835,653824.598059,selfcorr_active,0.0474315681732,235208.770244,93855.7877082,324760.040107,0.00331157751948
660d9546,oof,visible_fixed_0p10,False,4732,13.9099067704,12.0986533993,915573.416098,selfcorr_active,0.0427858471125,692657.923414,86855.5264672,136059.966216,0.00313633364755
6767c111,oof,visible_fixed_0p10,False,6783,20.9471983708,-18.8951840915,2976279.46615,selfcorr_active,0.0227658724721,2421720.80089,145909.910557,408648.754702,-0.00236864675579
67847288,oof,visible_fixed_0p10,False,7429,11.1677858834,9.50560253958,926540.731185,selfcorr_active,0.0415981594653,671258.28725,57217.2123294,198065.231606,0.0012940719893
67a8da4a,oof,visible_fixed_0p10,False,4911,11.4804081697,-8.25778408405,647268.679031,selfcorr_active,0.0518408174003,334885.991074,300.661892546,312082.026064,-0.000174531943281
684a6fc1,oof,visible_fixed_0p10,False,9818,11.7442616428,-7.90576011457,1354173.9773,selfcorr_active,0.0555000921302,613635.240067,112.961779564,740425.775453,3.7846162205e-05
698930d1,oof,visible_fixed_0p10,False,4741,8.14610863808,-2.54055591696,314608.426458,selfcorr_active,0.0349020154298,30600.4259249,143800.690214,140207.310319,-0.00402407609861
699ea575,oof,visible_fixed_0p10,False,4120,6.22635592231,-1.99153646564,159722.133254,selfcorr_active,0.0435006605843,16340.8160753,62234.0072126,81147.3099661,-0.00326782427572
69c1bdad,oof,visible_fixed_0p10,False,2714,10.0368578293,-4.90394778338,273404.329945,selfcorr_active,0.0344080236793,65268.1822817,5222.69553479,202913.452128,-0.00177061134207
69e41fa6,oof,visible_fixed_0p10,False,5772,7.44368708443,6.09976141332,319817.731616,selfcorr_active,0.0461287734286,214759.319436,26483.6987123,78574.7134672,0.00128555441791
6a0ff78e,oof,visible_fixed_0p10,False,6465,11.3489546663,6.44045748277,832684.061091,selfcorr_active,0.0519562357098,268164.919577,346402.99626,218116.145254,0.00392219023702
6a8fa194,oof,visible_fixed_0p10,False,3017,12.1262363699,-10.9090636528,443636.600839,selfcorr_active,0.0395245271955,359046.13973,63118.2460784,21472.2150309,-0.00525176328533
6ae68655,oof,visible_fixed_0p10,False,4204,6.3857180496,-3.63668282161,171428.168618,selfcorr_active,0.0532236735797,55599.8420168,7199.94266633,108628.383935,-0.00107835335371
6d1d74e1,oof,visible_fixed_0p10,False,5830,13.9934465177,7.26687281641,1141610.45994,selfcorr_active,0.0406486590595,307867.378289,687976.814192,145766.267462,0.00645467973211
6d590e26,oof,visible_fixed_0p10,False,6096,7.86406118672,-0.919459282925,376997.722092,selfcorr_active,0.0365019283001,5153.59115354,89970.5738181,281873.557121,0.00218309902935
6d6d93af,oof,visible_fixed_0p10,False,3595,31.5660634737,27.9131014809,3582116.8258,selfcorr_active,0.0239054304778,2801012.73724,37595.5826684,743508.505897,0.00311609513122
6dbe4b60,oof,visible_fixed_0p10,False,4648,6.05047626367,-0.451697708985,170155.206504,selfcorr_active,0.0278778275533,948.335252765,4805.91275073,164400.9585,0.000757843264466
6e6d122c,oof,visible_fixed_0p10,False,5632,7.48935398694,-1.93247970327,315901.263134,selfcorr_active,0.0472364788745,21032.5789897,63513.5370729,231355.147071,-0.00206552193001
6e9ccd38,oof,visible_fixed_0p10,False,8282,10.5645338793,-0.959080170095,924348.852753,selfcorr_active,0.0699006074099,7618.07158725,347911.450644,568819.330522,0.00271095399904
6ea22614,oof,visible_fixed_0p10,False,5971,9.11600835201,5.91843058655,496199.703003,selfcorr_active,0.0197729432024,209151.11685,42815.4907907,244233.095363,0.00155353300982
6ede926a,oof,visible_fixed_0p10,False,4938,6.90716166931,-3.49695610232,235586.460926,selfcorr_active,0.0428593595792,60385.330385,81790.0260064,93411.1045346,-0.00285505301288
708caea9,oof,visible_fixed_0p10,False,6548,37.9184945431,-35.420568704,9414794.47168,selfcorr_active,0.0449873464,8215230.06853,615431.611364,584132.79178,-0.0051288207613
70925e23,oof,visible_fixed_0p10,False,5947,9.48024988914,7.69203075851,534487.445451,selfcorr_active,0.0422706669105,351868.154268,6306.37461792,176312.916565,0.000599837487822
70e1788b,oof,visible_fixed_0p10,False,9285,11.6944672333,10.3877628029,1269821.83554,selfcorr_active,0.0442564063234,1001903.64501,19974.1832472,247944.007279,-0.000547207798855
71642c7d,oof,visible_fixed_0p10,False,4648,8.29943029913,-3.71825634697,320156.765212,selfcorr_active,0.0216780422388,64260.5998567,36908.5750722,218987.590283,0.00210017310887
71ccf778,oof,visible_fixed_0p10,False,2698,3.47568908805,0.0552808954145,32592.95869,selfcorr_active,0.0172118174536,8.24502701933,3432.62046387,29152.0931991,0.00144824030034
7224331b,oof,visible_fixed_0p10,False,6063,4.97370425902,3.17633760665,149984.881582,selfcorr_active,0.0246021362402,61170.3381456,12921.8541987,75892.6892381,0.000834106863455
722cf0d8,oof,visible_fixed_0p10,False,5143,10.2921160833,0.14754330687,544785.921805,selfcorr_active,0.0340046066146,111.958107929,248094.641979,296579.321718,-0.00467815424823
7256229b,oof,visible_fixed_0p10,False,5415,6.20623306592,0.985749951073,208571.335823,selfcorr_active,0.0326355631321,5261.77156111,20481.4007646,182828.163497,0.00124415006558
726f3dc2,oof,visible_fixed_0p10,False,6723,5.49755765081,1.04092299768,203190.171054,selfcorr_active,0.0335581688384,7284.50957937,28930.6065265,166975.054948,-0.00106886961211
7271dd80,oof,visible_fixed_0p10,False,4340,3.25458922814,1.84884748433,45970.8035307,selfcorr_active,0.0724604929958,14835.1486682,7776.64090278,23359.0139597,0.001068444734
727a3a10,oof,visible_fixed_0p10,False,4397,17.9371961102,16.6604060954,1414703.98989,selfcorr_active,0.0359167308344,1220471.47016,94376.5797718,99855.9399588,0.00364995956271
729665c0,oof,visible_fixed_0p10,False,4263,8.46845060907,-5.71427271025,305719.577327,selfcorr_active,0.0399092221009,139199.366444,8984.71966304,157535.49122,-0.0011796954422
729e9750,oof,visible_fixed_0p10,False,5919,7.26825785538,-0.631200632103,312686.400162,selfcorr_active,0.0436766440667,2358.21387452,9293.85185825,301034.334429,0.000733357929322
729f4217,oof,visible_fixed_0p10,False,6195,21.3832921461,20.5834614629,2832633.90871,selfcorr_active,0.0335731305681,2624690.69751,7512.20186528,200431.009336,0.000615761153946
72dd8501,oof,visible_fixed_0p10,False,5193,8.19134997505,-5.297642604,348441.027451,selfcorr_active,0.0231137361867,145741.63411,160248.165464,42451.227877,-0.00370560974971
73348914,oof,visible_fixed_0p10,False,4221,8.06703902412,-6.88084827358,274690.517681,selfcorr_active,0.059891101403,199847.773981,7720.39730728,67122.3463927,-0.00110990915147
739a914f,oof,visible_fixed_0p10,False,5505,10.9530164825,2.14949525147,660426.978213,selfcorr_active,0.0501154104065,25434.9157477,418296.942668,216695.119798,0.00548525712715
73b1447d,oof,visible_fixed_0p10,False,5670,16.6622442538,-12.5666185602,1574164.27485,selfcorr_active,0.0362617124253,895405.844555,289558.132631,389200.297666,-0.00436600194688
74b6186b,oof,visible_fixed_0p10,False,3405,5.89996750754,-5.4194387022,118526.744489,selfcorr_active,0.106583590965,100005.925459,4476.70917525,14044.1098553,-0.00116652596056
75c20ec7,oof,visible_fixed_0p10,False,5361,7.59513308072,-0.605770630471,309254.895361,selfcorr_active,0.0404746838218,1967.26214219,42726.3286405,264561.304578,0.00182418847705
75cd5f11,oof,visible_fixed_0p10,False,4946,5.97331389662,2.8206317121,176475.648677,selfcorr_active,0.0392947265683,39350.1942607,95853.2765512,41272.1778649,0.00308327985449
75d20a82,oof,visible_fixed_0p10,False,5067,17.8488841454,10.0700732121,1614258.36476,selfcorr_active,0.0268531121392,513826.099582,618746.652511,481685.612662,-0.00755476059186
76201745,oof,visible_fixed_0p10,False,4448,9.13753001509,5.59705561553,371383.334847,selfcorr_active,0.00489460732009,139342.636393,45501.3835437,186539.31491,0.0024908969868
764072a5,oof,visible_fixed_0p10,False,2949,4.90052439818,-2.28956737858,70820.6460232,selfcorr_active,0.0355788190957,15459.0082853,884.832217473,54476.8055205,0.000643441329131
77b0d905,oof,visible_fixed_0p10,False,4174,9.68936151829,-9.11360973323,391870.674963,selfcorr_active,0.0345878870859,346683.601011,23444.2826676,21742.7912843,-0.00196689167841
77e4821c,oof,visible_fixed_0p10,False,5393,13.6198987198,-9.03850973597,1000410.35066,selfcorr_active,0.0504976419341,440579.291928,378295.384782,181535.67395,-0.00537973051834
7850c72e,oof,visible_fixed_0p10,False,5497,11.3587742749,-1.26231691071,709232.576397,selfcorr_active,0.0259689775683,8759.16157485,141940.846082,558532.56874,-0.00320225357805
78a4a386,oof,visible_fixed_0p10,False,5119,5.8014822187,-1.57670274614,172291.185986,selfcorr_active,0.054503086971,12725.7907429,33078.6841409,126486.711102,0.00172023210829
79507629,oof,visible_fixed_0p10,False,5302,7.55480657025,4.94916782095,302612.192468,selfcorr_active,0.0770682609453,129868.57776,152023.929947,20719.6847614,0.00349854144639
796dbd4c,oof,visible_fixed_0p10,False,6248,9.95356614238,8.27564927404,619011.096484,selfcorr_active,0.029887117765,427902.845426,104678.309097,86429.9419606,0.00226938116804
7987f2f2,oof,visible_fixed_0p10,False,3705,12.2054299615,7.24495666328,551943.18862,selfcorr_active,0.0265845661941,194473.216081,76204.962658,281265.009882,-0.00424033284293
7993a768,oof,visible_fixed_0p10,False,5487,2.70834896655,-0.759122331737,40247.9906819,selfcorr_active,0.0265243613787,3161.9754627,9473.46191613,27612.5533031,-0.000829549960015
7a5660b0,oof,visible_fixed_0p10,False,4998,7.9961479814,6.74418232267,319564.035937,selfcorr_active,0.0285245714829,227329.008017,55224.5136027,37010.514318,0.00230389246173
7acda2df,oof,visible_fixed_0p10,False,3091,11.9941286835,-5.86622599889,444668.548813,selfcorr_active,0.0558622919593,106369.36969,303242.638883,35056.54024,-0.0111003653171
7b2c7b3c,oof,visible_fixed_0p10,False,2584,5.95761493603,-3.34953520087,91714.3660761,selfcorr_active,0.0158890556194,28990.8935839,27055.3322809,35668.1402113,-0.00433788792853
7b38844c,oof,visible_fixed_0p10,False,3749,7.61786082585,-3.95059645624,217561.231554,selfcorr_active,0.039728838826,58511.4391378,8766.28808708,150283.504329,0.00141294529385
7bb17b96,oof,visible_fixed_0p10,False,3922,12.454501534,-10.0733764532,608359.494379,selfcorr_active,0.0413433255858,397976.765442,110252.670407,100130.05853,-0.00468299626879
7c607683,oof,visible_fixed_0p10,False,5328,8.6906555781,5.08261206911,402410.490041,selfcorr_active,0.0617654760361,137637.933331,48687.3478182,216085.208892,0.00196540639675
7cbbd047,oof,visible_fixed_0p10,False,5121,7.72699361536,-2.92598213144,305756.629729,selfcorr_active,0.0476684849341,43842.7831109,77585.8851976,184327.96142,-0.00263299374441
7cd4bb31,oof,visible_fixed_0p10,False,6439,5.78990350963,-0.532502756089,215854.485289,selfcorr_active,0.0397947312836,1825.83759378,93502.0777495,120526.569946,0.00205009327703
7d50373e,oof,visible_fixed_0p10,False,5122,6.51015308361,5.93784670648,217081.081227,selfcorr_active,0.0863580365394,180591.596416,2436.91577221,34052.5690385,0.000466499872629
7d57c75d,oof,visible_fixed_0p10,False,4405,11.5549614842,-5.17230729083,588142.979239,fallback,inf,117845.919741,166224.190701,304072.868798,-0.00483079800947
7e208414,oof,visible_fixed_0p10,False,4226,5.26742369246,4.35401199077,117253.549456,selfcorr_active,0.0400137647097,80114.058677,26922.2165529,10217.2742263,0.00206895861067
7e721392,oof,visible_fixed_0p10,False,6174,36.5774983257,33.4990073322,8260277.23136,selfcorr_active,0.0281302253254,6928360.8811,1098637.44584,233278.904414,0.00748458784018
7ff89f8f,oof,visible_fixed_0p10,False,7337,13.7895114232,-7.18926194098,1395135.13775,selfcorr_active,0.0319136815769,379216.419997,80537.1498114,935381.567938,-0.00156426733487
8050c789,oof,visible_fixed_0p10,False,3077,8.28753144203,-5.09714633887,211338.136868,selfcorr_active,0.027563940677,79943.2317611,83415.2550203,47979.6500864,0.00586168049559
807f0298,oof,visible_fixed_0p10,False,3747,10.5108236505,-2.37900783864,413958.869557,selfcorr_active,0.038247856528,21206.8145763,144557.437956,248194.617024,-0.00574229262339
811f52b3,oof,visible_fixed_0p10,False,4836,7.13791858793,-6.37009305115,246393.628229,selfcorr_active,0.0330192632608,196235.621383,1110.73597251,49047.2708741,-0.000343294315897
81bf5923,oof,visible_fixed_0p10,False,4543,34.424360733,29.2145071251,5383621.32776,selfcorr_active,0.0451122520363,3877393.37887,1305038.21993,201189.728952,0.0129237379596
81fc01c6,oof,visible_fixed_0p10,False,5909,17.2740956028,-12.5704565568,1763212.38488,selfcorr_active,0.0503274950374,933718.77787,367871.311204,461622.295809,-0.00462559499504
8255c867,oof,visible_fixed_0p10,False,3589,19.5600622887,-17.2804566689,1373137.17586,selfcorr_active,0.0404120058522,1071726.30167,99127.6653921,202283.208802,-0.00507256816036
82aab6d2,oof,visible_fixed_0p10,False,6140,5.83152299883,3.10145993889,208800.895384,selfcorr_active,0.0505013548938,59060.9900404,33479.4347846,116260.470559,-0.00131742873194
82fcf37c,oof,visible_fixed_0p10,False,6014,3.81655890537,-0.798353637681,87600.6569754,selfcorr_active,0.0439848391305,3833.13434422,707.375679336,83060.1469518,-0.000197547053053
833af382,oof,visible_fixed_0p10,False,3628,14.8766025388,12.2865153869,802924.663639,selfcorr_active,0.0382000747683,547677.294161,20.5920967552,255226.777382,-7.19349600952e-05
8382f4b6,oof,visible_fixed_0p10,False,4967,28.6000638622,24.7593261965,4062825.46407,selfcorr_active,0.028488254525,3044891.3688,891204.675646,126729.41962,0.00934196250786
84633df4,oof,visible_fixed_0p10,False,4972,6.78445918593,-3.49120831969,228855.623407,selfcorr_active,0.0357432074311,60601.3986623,134204.230081,34049.9946641,-0.00361973731044
8478df29,oof,visible_fixed_0p10,False,4857,4.62143849343,2.69160729524,103734.318537,selfcorr_active,0.0343533567987,35187.749933,27723.6289164,40822.9396875,-0.00170397616488
84815d5a,oof,visible_fixed_0p10,False,3647,14.0719386338,-11.8692667764,722176.959364,selfcorr_active,0.0352023627786,513787.513925,696.690223534,207692.755215,0.000415151730445
84c3b497,oof,visible_fixed_0p10,False,5312,20.5259367072,-9.83687672821,2238020.38078,selfcorr_active,0.0343543444003,514011.131685,1275485.70883,448523.540266,-0.0101051166131
85380836,oof,visible_fixed_0p10,False,6618,15.1817472811,-13.204986629,1525352.71145,selfcorr_active,0.0412316722997,1153991.72446,304930.697782,66430.2892142,-0.00355304786003
8612b37f,oof,visible_fixed_0p10,False,5165,19.884075262,-13.3627340504,2042119.3592,selfcorr_active,0.0379287225954,922276.145621,482866.492544,636976.72104,-0.00648483121876
861e71df,oof,visible_fixed_0p10,False,4700,10.2445415248,7.91413610189,493267.965947,selfcorr_active,0.032794500278,294377.686125,144594.553565,54295.7262575,0.00408808402275
86454a6f,oof,visible_fixed_0p10,False,7964,59.4056725042,-53.8124433909,28105226.1841,fallback,inf,23061984.4633,3502212.19619,1541029.52464,-0.009121473011
8648abae,oof,visible_fixed_0p10,False,4244,5.57929454131,-3.77901867532,132109.471044,selfcorr_active,0.047927072241,60608.488238,805.989240355,70694.9935658,0.000355706821877
865033f8,oof,visible_fixed_0p10,False,3557,5.68325965769,2.84879173109,114889.109278,selfcorr_active,0.0220608312544,28867.2401616,10084.9065906,75936.9625255,-0.0016398373819
87695469,oof,visible_fixed_0p10,False,7003,7.4619986187,4.0852100051,389937.007969,selfcorr_active,0.0341725300001,116872.652323,56530.265325,216534.090321,0.00140541618244
877ed19c,oof,visible_fixed_0p10,False,3708,4.8559254958,3.56264501121,87434.686056,selfcorr_active,0.0256889458537,47063.5655765,10561.6908398,29809.4296397,0.0015766953107
87aa3730,oof,visible_fixed_0p10,False,5607,10.2738281946,7.61737333071,591827.517139,selfcorr_active,0.0358482621864,325342.678808,149.810104434,266335.028226,-0.000100986971695
884ecb5f,oof,visible_fixed_0p10,False,6724,24.7186199338,-22.5915545327,4108432.3927,selfcorr_active,0.0559618176182,3431783.93264,154270.76717,522377.692883,0.00246769164279
8902c3f6,oof,visible_fixed_0p10,False,4959,5.82544904721,-3.87341830962,168287.912888,selfcorr_active,0.0322266568864,74401.7088612,15202.8573088,78683.3467175,0.00122310031797
896d15b9,oof,visible_fixed_0p10,False,4279,30.2041047969,-23.1729642681,3903680.12342,selfcorr_active,0.0218633380388,2297764.26204,1054681.10214,551234.759239,-0.0127097728048
8995c945,oof,visible_fixed_0p10,False,6724,19.6986649023,-16.9034797129,2609163.47043,selfcorr_active,0.0472375998507,1921232.55994,499830.251677,188100.658811,-0.004441813703
89969c7a,oof,visible_fixed_0p10,False,4947,8.94009448874,-4.78326727439,395390.406997,selfcorr_active,0.0552869175129,113185.607863,47442.9095163,234761.889617,-0.0021685199596
89f1085d,oof,visible_fixed_0p10,False,5994,24.4891237729,23.1368919889,3594704.79589,selfcorr_active,0.0569627728959,3208682.73081,21306.9706667,364715.094414,0.00108962328426
89f36adf,oof,visible_fixed_0p10,False,5292,4.5744907347,1.17305748292,110740.20933,selfcorr_active,0.0248837657377,7282.12993783,10662.8824322,92795.1969602,0.000929176436768
89fdb2f2,oof,visible_fixed_0p10,False,2031,2.1175099962,1.68727523677,9106.69647412,selfcorr_active,0.00567926884102,5782.04927873,101.050507092,3223.59668831,-0.000380447766807
8a3da6d1,oof,visible_fixed_0p10,False,4593,10.4379592101,-7.29466405291,500411.908418,selfcorr_active,0.00940544429941,244403.283901,157249.752589,98758.871929,-0.00441307136497
8a89da23,oof,visible_fixed_0p10,False,3935,20.3249056364,-19.0674540715,1625555.54022,selfcorr_active,0.0558232710276,1430639.31177,78028.0683789,116888.16007,-0.00392011637502
8a9c8932,oof,visible_fixed_0p10,False,4663,3.87948410881,-2.45735102262,70180.0009802,selfcorr_active,0.0551559420821,28157.8707877,16032.0767012,25990.0534913,-0.00137748665716
8ac2f237,oof,visible_fixed_0p10,False,5319,16.1993731574,11.1144145826,1395810.33479,selfcorr_active,0.0415519862926,657057.195044,597971.78103,140781.358719,0.00690535467772
8b12bab6,oof,visible_fixed_0p10,False,5234,14.7041296364,-11.1647774133,1131650.61606,selfcorr_active,0.0339032843905,652429.901039,411434.714222,67786.0008006,-0.0058680055974
8b5be31b,oof,visible_fixed_0p10,False,5672,11.247824641,5.4708241768,717584.90752,selfcorr_active,0.0354168146993,169762.490208,21691.0747615,526131.342551,-0.00119433684975
8b95d6d1,oof,visible_fixed_0p10,False,1731,8.81385662554,6.83781494177,134471.122774,selfcorr_active,0.0406740555661,80934.1395109,47926.719241,5610.26402159,0.0105301351245
8b9d8326,oof,visible_fixed_0p10,False,6163,6.43627063155,-0.428750570555,255305.847337,fallback,inf,1132.92611994,176381.416893,77791.5043244,0.00300696789109
8bb9c1e6,oof,visible_fixed_0p10,False,4546,3.22330013048,0.612267291327,47231.4113217,selfcorr_active,0.0441560367878,1704.16463899,8500.33014837,37026.9165343,-0.00104199199692
8bda1a11,oof,visible_fixed_0p10,False,5981,13.7777598592,8.08968602773,1135353.29376,selfcorr_active,0.0581022039228,391414.702783,217704.982868,526233.608111,-0.0034943315558
8bfa881d,oof,visible_fixed_0p10,False,4089,20.5920333902,-16.8251898969,1733866.19025,selfcorr_active,0.0472988488858,1157542.8046,538075.750542,38247.635104,-0.00971821896843
8c167025,oof,visible_fixed_0p10,False,5368,16.6355395535,-12.9123064178,1485546.63403,selfcorr_active,0.0369652460214,894994.062928,408167.372238,182385.198866,-0.00562718265802
8c8348e8,oof,visible_fixed_0p10,False,3888,4.31953447925,-0.595099233113,72543.7741207,selfcorr_active,0.0224342459048,1376.90836212,1550.08087385,69616.7848847,0.000562572413093
8cc21f01,oof,visible_fixed_0p10,False,4044,5.40136819911,2.64378038711,117982.80394,selfcorr_active,0.0292443970043,28265.8402294,13989.799118,75727.1645925,0.00159323432779
8cc800b3,oof,visible_fixed_0p10,False,6576,17.1850060861,16.2141247056,1942053.47916,selfcorr_active,0.0548944152656,1728816.19564,86113.9279122,127123.355605,0.00190627091132
8d5d46d7,oof,visible_fixed_0p10,False,5755,17.0568608692,-15.9326167437,1674339.57311,selfcorr_active,0.0674312988623,1460896.83011,756.35136864,212686.391626,-0.000218214917446
8d92cb49,oof,visible_fixed_0p10,False,3589,5.46236737573,-2.58809149548,107086.63442,selfcorr_active,0.0404465393197,24039.9029269,50959.7053511,32087.0261421,0.00363700507035
8f201368,oof,visible_fixed_0p10,False,6349,32.6383706057,-31.1345325476,6763356.28408,selfcorr_active,0.0367535858113,6154461.03357,15427.0377131,593468.2128,-0.000850499197966
90386ee4,oof,visible_fixed_0p10,False,3840,8.63284247172,-6.74363549934,286179.721504,selfcorr_active,0.0297604539302,174630.219832,1774.42977409,109775.071898,-0.000613229740632
91abc4c7,oof,visible_fixed_0p10,False,5848,9.91385542007,7.46828335572,574767.927289,selfcorr_active,0.0345146579241,326173.698733,31439.6640713,217154.564484,-0.00137346795753
91b301ce,oof,visible_fixed_0p10,False,6570,34.0604347935,13.0628902702,7621943.84439,selfcorr_active,0.0522548181183,1121098.90153,4797505.6022,1703339.34067,0.0142478823056
91db7070,oof,visible_fixed_0p10,False,4073,37.1587583346,-30.9258659395,5623889.73632,selfcorr_active,0.027278152895,3895454.60687,1559419.70818,169015.421267,-0.0166418088862
925a7cd1,oof,visible_fixed_0p10,False,4517,3.85866273674,2.49636843132,67254.8692495,selfcorr_active,0.00850728259307,28149.2905928,20041.0012155,19064.5774413,-0.00161538187253
9283ae69,oof,visible_fixed_0p10,False,3371,9.65425858654,-8.2057667722,314193.073553,selfcorr_active,0.0389258752698,226984.964646,5986.34071376,81221.7681935,0.00136940916123
9298ad5b,oof,visible_fixed_0p10,False,3964,14.6731664917,-10.2409192613,853456.394238,fallback,inf,415730.157883,3222.28871889,434503.947637,0.000787902345905
9314ff13,oof,visible_fixed_0p10,False,2748,6.73071924873,-4.35248144358,124491.494251,selfcorr_active,0.0334361999043,52058.3722816,32594.8704187,39838.2515507,-0.0043415038313
93209a3d,oof,visible_fixed_0p10,False,4697,16.9193448036,-15.7137011887,1344583.08166,selfcorr_active,0.0506368999783,1159785.14251,27343.9874064,157453.951743,-0.00177947018282
939d9c34,oof,visible_fixed_0p10,False,5101,15.0393344402,-1.17582469098,1153752.24164,selfcorr_active,0.0520045277288,7052.45745364,99428.0743602,1047271.70982,0.00299821077288
93f5d2e6,oof,visible_fixed_0p10,False,3691,18.9280625699,12.4289294411,1322380.30083,selfcorr_active,0.0416098827122,570179.357511,564372.542744,187828.400574,0.0116053304096
940a48d9,oof,visible_fixed_0p10,False,3963,8.99236047283,4.29911761955,320458.273259,selfcorr_active,0.0440901713519,73245.7999715,134693.949802,112518.523485,0.00509599006436
940e709a,oof,visible_fixed_0p10,False,3348,9.7600193634,-9.04583989121,318923.710257,selfcorr_active,0.0390851352728,273957.530342,32.4006413387,44933.7792734,-0.00010178628688
9426ec1e,oof,visible_fixed_0p10,False,2532,11.1296363261,9.35337025882,313635.813629,selfcorr_active,0.0445910927798,221513.375123,78185.5558594,13936.8826472,0.0076025339627
94467f50,oof,visible_fixed_0p10,False,3035,7.27443644185,1.66803824614,160604.386534,selfcorr_active,0.0289596300216,8444.43707743,4250.54481606,147909.40464,0.00135074977312
944f36b9,oof,visible_fixed_0p10,False,4630,3.89974922177,-2.3778860975,70413.243686,selfcorr_active,0.0622207832821,26179.6048152,3309.56975829,40924.0691125,0.000632564647161
94d813a4,oof,visible_fixed_0p10,False,4847,32.2358005691,25.4207569571,5036744.7254,selfcorr_active,0.0447586897365,3132203.54408,1701517.81526,203023.366069,0.0133905789062
95b559e7,oof,visible_fixed_0p10,False,2887,11.7106439661,-10.1081829083,395920.818723,selfcorr_active,0.0145008142977,294980.269252,12907.469832,88033.0796392,-0.00253712013869
95c8427f,oof,visible_fixed_0p10,False,6335,22.4212633179,20.7626544564,3184687.16395,selfcorr_active,0.037954221162,2730941.34019,2044.18783019,451701.635938,0.000310621204062
96936c22,oof,visible_fixed_0p10,False,3346,5.34732129064,-3.77253981406,95675.0053208,selfcorr_active,0.00911429828704,47620.4615464,12919.5791873,35134.9645872,-0.00203435116313
96ae5806,oof,visible_fixed_0p10,False,9839,13.2399075014,12.1451560406,1724728.98721,fallback,inf,1451299.87724,47544.0985833,225885.011391,0.000773949267059
96b7eea1,oof,visible_fixed_0p10,False,4332,9.79867076514,-9.25601919426,415932.426044,selfcorr_active,0.0329898736387,371139.297217,11890.9885808,32902.1402453,-0.00132485071265
9719aa04,oof,visible_fixed_0p10,False,4871,8.61410725839,-5.60887754451,361442.052437,selfcorr_active,0.0172459160832,153239.260104,60491.2847766,147711.507557,-0.00250616604792
974802e7,oof,visible_fixed_0p10,False,5843,14.1543924597,-0.556192683657,1170626.50375,selfcorr_active,0.0491547242663,1807.53381081,390281.762203,778537.20774,-0.00484535864777
97cd5bf9,oof,visible_fixed_0p10,False,3449,12.9868901787,-8.18821836725,581705.982659,selfcorr_active,0.0348667000012,231244.827182,291098.350668,59362.8048089,-0.00922721674326
98177ced,oof,visible_fixed_0p10,False,4772,6.91881940608,-4.20232897688,228435.93574,selfcorr_active,0.0122819972345,84271.4624563,111.263406246,144053.209877,0.000110845012262
9896fc0b,oof,visible_fixed_0p10,False,3595,15.8708871654,7.71443872606,905526.788608,selfcorr_active,0.0311504485826,213947.670665,381845.63943,309733.478514,0.00993084527365
98bc6f66,oof,visible_fixed_0p10,False,6063,15.5664433657,-14.3169640424,1469150.74637,selfcorr_active,0.0465098778067,1242766.21028,18.186132479,226366.349951,3.1291721174e-05
992c99e8,oof,visible_fixed_0p10,False,4904,13.6767434242,9.70753357088,917309.435635,selfcorr_active,0.0354867286142,462134.364178,419702.555862,35472.5155945,0.00653485185771
992ce078,oof,visible_fixed_0p10,False,2879,2.9178840083,0.681855542548,24511.9415603,selfcorr_active,0.0349520880586,1338.52477802,14191.1824943,8982.234288,0.00267139091332
99529c45,oof,visible_fixed_0p10,False,5840,19.7327436903,18.6592641045,2273986.05353,selfcorr_active,0.0480178728692,2033301.91962,11764.0338564,228920.100049,-0.000841878641487
995ff498,oof,visible_fixed_0p10,False,4526,6.92760533035,-0.98885785584,217210.504865,selfcorr_active,0.0361349539061,4425.70320209,103607.569972,109177.231691,0.00366196806905
999daf80,oof,visible_fixed_0p10,False,3564,6.13561372809,-5.38992833067,134169.473744,selfcorr_active,0.0336883589386,103538.930888,2869.2755275,27761.2673277,0.000872107907214
9a6b0392,oof,visible_fixed_0p10,False,4255,15.132471084,13.6497375417,974359.603111,selfcorr_active,0.00293175883415,792771.75024,129452.480681,52135.372189,0.00449051836604
9a8ae0d6,oof,visible_fixed_0p10,False,6294,6.03061210597,-1.92985350459,228901.969253,selfcorr_active,0.0266097378402,23440.9616526,144840.423166,60620.5844351,-0.00264025219975
9a95e33f,oof,visible_fixed_0p10,False,6447,28.513949625,26.0404210287,5241703.19879,fallback,inf,4371733.44083,181753.572453,688216.185503,0.0028529594627
9ab94eeb,oof,visible_fixed_0p10,False,4442,5.26747698223,1.08607657653,123249.125714,selfcorr_active,0.0342810469901,5239.61587023,30016.178176,87993.3316681,0.00202721821622
9ad5410a,oof,visible_fixed_0p10,False,4205,6.36012644419,-0.966651979165,170097.331263,selfcorr_active,0.0704402093354,3929.2194853,69974.0332387,96194.0785395,-0.00336054788866
9ae248be,oof,visible_fixed_0p10,False,5271,7.37151419417,1.84957847959,286422.036605,selfcorr_active,0.0354396906024,18031.7776505,135301.597054,133088.661901,-0.00332968054026
9af1ffd0,oof,visible_fixed_0p10,False,3525,13.9916607863,8.45292135719,690077.164744,selfcorr_active,0.0318526204182,251867.875135,352691.287289,85518.0023198,0.00982990507804
9b5b61c1,oof,visible_fixed_0p10,False,5532,7.79517651739,-5.85580386958,336150.746017,selfcorr_active,0.0352829031434,189694.708321,12889.8191204,133566.218575,-0.000955852288963
9b9e3b49,oof,visible_fixed_0p10,False,5118,8.04400966272,-2.05361197258,331165.776061,selfcorr_active,0.0351016325625,21584.2546815,14925.086154,294656.435226,0.00115584242827
9bd2bba3,oof,visible_fixed_0p10,False,7439,10.0448046505,-8.96153068774,750580.969376,selfcorr_active,0.0712097630787,597418.891037,966.868219919,152195.21012,-0.000167881341805
9c211c53,oof,visible_fixed_0p10,False,7265,9.10712886816,-7.71630372214,602557.619548,selfcorr_active,0.041211319435,432567.857856,8525.61591115,161464.14578,0.000516535388361
9c350a6a,oof,visible_fixed_0p10,False,6052,12.2104316569,-6.60140942322,902320.768825,selfcorr_active,0.0199225226071,263737.725769,94297.216055,544285.827001,-0.00225939251426
9c8375f7,oof,visible_fixed_0p10,False,3674,7.97269133609,6.28186229458,233533.427434,selfcorr_active,0.0341192986823,144982.630745,10786.6659928,77764.1306967,-0.00161556905762
9d072e4c,oof,visible_fixed_0p10,False,5107,8.15767544206,0.393627428026,339858.943632,selfcorr_active,0.0320565335338,791.291613547,206135.005817,132932.646201,-0.00430940905132
9d3ec64c,oof,visible_fixed_0p10,False,3480,8.92275364936,7.12675742281,277062.053752,selfcorr_active,0.0410832065549,176751.536345,16193.8675511,84116.6498551,0.00214732147028
9d4272e3,oof,visible_fixed_0p10,False,4030,13.3988260098,-11.9719132378,723500.009916,selfcorr_active,0.0279389158364,577606.627487,95325.1138911,50568.2685376,-0.00418058187752
9d5e14d4,oof,visible_fixed_0p10,False,5400,25.7870148078,22.8398505002,3590838.71656,selfcorr_active,0.0463220921726,2816957.36271,663460.204876,110421.148972,0.007110619344
9da441ba,oof,visible_fixed_0p10,False,5783,9.95684399168,-7.45877620409,573319.346575,selfcorr_active,0.0427303294659,321727.619462,198.72151506,251393.005598,-0.000111040979957
9dede370,oof,visible_fixed_0p10,False,6297,19.981747155,-17.1596157625,2514204.57134,selfcorr_active,0.0352701008692,1854166.84539,409885.207647,250152.518311,-0.00443834656944
9def2eb2,oof,visible_fixed_0p10,False,6003,6.81067685625,0.895296243994,278451.071399,selfcorr_active,0.0429585709978,4811.73685315,17446.2643985,256193.070147,0.000983760405365
9df1b1f9,oof,visible_fixed_0p10,False,4701,7.71396817197,-6.24797211785,279734.438609,selfcorr_active,0.0410556229097,183513.668407,7208.14815971,89012.6220417,0.000912466877288
9dfff011,oof,visible_fixed_0p10,False,4319,3.63802101694,-1.06913989121,57162.8154963,selfcorr_active,0.0306225832495,4936.87660202,551.471340166,51674.4675541,-0.000286600736554
9e3e364d,oof,visible_fixed_0p10,False,4290,5.13813014915,3.92914471272,113257.636333,selfcorr_active,0.0387960679001,66229.7843642,4737.01739107,42290.8345776,-0.000848510432024
9efc812e,oof,visible_fixed_0p10,False,4450,11.2861825417,-8.77927174316,566831.727823,selfcorr_active,0.0304330739286,342986.474914,102347.091124,121498.161785,-0.00373326113757
9f0c7bae,oof,visible_fixed_0p10,False,2542,9.90435516363,-8.8380188828,249360.670569,selfcorr_active,0.05297116756,198557.088698,21039.5118488,29764.0700218,-0.00392053347996
9ffce529,oof,visible_fixed_0p10,False,5212,12.4410658482,7.14731387539,806713.982519,selfcorr_active,0.0502368679341,266250.306441,421173.792303,119289.883775,0.00597468055516
a0383629,oof,visible_fixed_0p10,False,5832,9.32768318033,8.09828198297,507417.087926,selfcorr_active,0.0422032385117,382475.221713,3787.05133328,121154.814879,-0.000478646571492
a056d01e,oof,visible_fixed_0p10,False,6557,13.9344460637,10.9112266937,1273164.73704,selfcorr_active,0.0322374807075,780642.769228,29393.2976392,463128.670168,0.00111855413794
a08d9e63,oof,visible_fixed_0p10,False,3685,24.4243094347,-22.0222695689,2198275.29468,selfcorr_active,0.0407251936065,1787152.61543,41505.2978726,369617.381379,0.00315490414181
a0b83014,oof,visible_fixed_0p10,False,5035,12.7213119287,-11.0984349905,814822.998139,selfcorr_active,0.0436527581367,620187.430265,2146.59100768,192488.976866,0.00044922722884
a0e92ed6,oof,visible_fixed_0p10,False,4897,9.45392856323,-6.02820920717,437678.01957,selfcorr_active,0.0390167643509,177953.582684,126478.533689,133245.903197,0.00359504132583
a15bc102,oof,visible_fixed_0p10,False,3236,3.50911692813,-2.66813563791,39847.785627,selfcorr_active,0.0159972989664,23036.9150234,9935.66391084,6875.20669269,-0.00187575589739
a247e7cf,oof,visible_fixed_0p10,False,5674,3.53137175253,1.06719918866,70758.1075433,selfcorr_active,0.0422277089008,6462.19865041,36540.6432405,27755.2656524,0.001549332841
a2e8e7f6,oof,visible_fixed_0p10,False,4760,10.2973032287,-2.28287539753,504724.000014,selfcorr_active,0.0509869264947,24806.8355838,335375.592051,144541.572378,-0.0061086596647
a3518960,oof,visible_fixed_0p10,False,4967,5.77482106978,2.9612078191,165642.289513,selfcorr_active,0.0204243241019,43554.3899317,2323.19634068,119764.70324,-0.000476971411543
a3f71395,oof,visible_fixed_0p10,False,5543,14.2011469318,7.81354309985,1117871.07868,selfcorr_active,0.0414547931192,338408.219351,164522.344067,614940.515261,-0.00340475413892
a4719920,oof,visible_fixed_0p10,False,5884,5.79524360467,1.25826560297,197613.248206,selfcorr_active,0.0504282511171,9315.73901572,33200.8057544,155096.703436,-0.00139847898663
a48640d9,oof,visible_fixed_0p10,False,4532,15.7993988806,-14.4320883663,1131282.39461,selfcorr_active,0.0500929412486,943948.411345,76003.1052841,111330.877977,-0.00313019540938
a4cdbb0f,oof,visible_fixed_0p10,False,5204,10.7034674262,1.90510608979,596192.174563,selfcorr_active,0.0417134765668,18887.5496264,86053.0998811,491251.525055,-0.00270687349089
a4f989c2,oof,visible_fixed_0p10,False,5385,17.6237224764,16.895897917,1672557.27328,selfcorr_active,0.0350287045317,1537263.30818,4370.57429519,130923.390805,0.000579537205961
a5aa7973,oof,visible_fixed_0p10,False,4616,11.6900310339,7.13306873068,630807.906851,selfcorr_active,0.0189681792895,234865.170489,312366.022045,83576.7143171,0.00617339159689
a5e6f7dc,oof,visible_fixed_0p10,False,5649,8.73433674191,7.63749865952,430954.517876,selfcorr_active,0.0312275863253,329513.998238,3094.56973866,98345.9498996,0.000453872014161
a612d5a0,oof,visible_fixed_0p10,False,5329,16.3191254799,-14.9781601366,1419186.5409,selfcorr_active,0.0392780739938,1195536.00287,80572.4879964,143078.050036,-0.00252764126906
a622ce4d,oof,visible_fixed_0p10,False,6298,7.46713889301,-1.88716380958,351164.912133,selfcorr_active,0.0405025322772,22429.6168639,52211.5916051,276523.703664,0.00158368976582
a645da9a,oof,visible_fixed_0p10,False,5153,10.0426082727,1.73381326047,519700.563672,selfcorr_active,0.0299915919366,15490.4766996,432731.989222,71478.097751,0.00616041426823
a692b17e,oof,visible_fixed_0p10,False,3566,15.8273497573,-12.7573708784,893300.831209,selfcorr_active,0.0330783638537,580368.324829,82144.2089554,230788.297425,-0.00466237399442
a6b8ac67,oof,visible_fixed_0p10,False,5453,14.0924929421,-9.81718274376,1082956.84248,selfcorr_active,0.0543572971614,525544.201014,397073.999657,160338.641812,-0.00542092138379
a6ed2eff,oof,visible_fixed_0p10,False,5275,8.04498234206,-3.06438032048,341407.183163,selfcorr_active,0.0254914348082,49534.5010985,18068.1381301,273804.543935,0.00121538433905
a6f967fb,oof,visible_fixed_0p10,False,4670,7.39720856764,5.6165851497,255536.30375,selfcorr_active,0.0262672177142,147319.954234,12054.6984274,96161.6510885,-0.00119177284924
a76db406,oof,visible_fixed_0p10,False,4672,5.32780786634,-3.93721203059,132617.227278,selfcorr_active,0.0319012943285,72423.6554168,37058.2996681,23135.2721934,-0.00208823382553
a7744f5b,oof,visible_fixed_0p10,False,4377,12.9642069082,-9.63419787123,735645.282137,selfcorr_active,0.0367425108636,406263.373259,260289.744276,69092.1646017,-0.00610315419982
a783cc24,oof,visible_fixed_0p10,False,1889,23.231520897,18.7917393321,1019500.03086,selfcorr_active,0.0435368734388,667061.563401,337010.783665,15427.6837975,0.0244942781814
a79fd2e7,oof,visible_fixed_0p10,False,4404,8.35516215892,1.7604479059,307437.667627,selfcorr_active,0.0126049779832,13648.7747566,26.0362849569,293762.856586,6.04796371326e-05
a7fc3e6b,oof,visible_fixed_0p10,False,4764,16.5749429304,-12.86580226,1308807.6847,selfcorr_active,0.0295960678665,788579.526172,35720.7120569,484507.446471,-0.00199109993022
a85bb86f,oof,visible_fixed_0p10,False,3099,8.06859140659,-6.4145349586,201751.616421,selfcorr_active,0.0348212153112,127512.25582,625.529678919,73613.8309219,-0.0005022063981
a85e4bc3,oof,visible_fixed_0p10,False,4581,7.9170372601,-1.29945041828,287134.693197,selfcorr_active,0.0460704038872,7735.34553559,56922.8654378,222476.482224,-0.00266559136373
a87433c9,oof,visible_fixed_0p10,False,5721,10.8103461829,9.29924581936,668576.567468,selfcorr_active,0.0485519247217,494729.04044,6740.69650728,167106.830521,0.000657256810516
a8ed028a,oof,visible_fixed_0p10,False,5538,14.4305496401,-12.5350153225,1153237.34503,selfcorr_active,0.0378228198903,870167.161386,1479.65868963,281590.52495,0.000323327003582
a959858c,oof,visible_fixed_0p10,False,4404,16.8631417026,-7.89126538721,1252345.87376,selfcorr_active,0.0482038128992,274246.193688,444748.819879,533350.860188,-0.00790454854466
a9c9b150,oof,visible_fixed_0p10,False,3986,2.39277872076,-1.86509451486,22821.404566,selfcorr_active,0.0276534289144,13865.6101117,2653.23376393,6302.56069034,0.000709042802411
aa95015b,oof,visible_fixed_0p10,False,4300,6.01404910829,-1.48109588804,155525.782711,selfcorr_active,0.0254851752268,9432.67362711,471.59442044,145621.514663,0.00026679167919
aaaf3c03,oof,visible_fixed_0p10,False,2997,15.6952686167,-2.26592539966,738285.346482,selfcorr_active,0.0372775706416,15387.8504967,447161.394174,275736.101812,-0.014118634113
aaeffccb,oof,visible_fixed_0p10,False,2712,4.68842868639,1.78577637987,59613.4579405,selfcorr_active,0.0250812806699,8648.56062036,5468.32104638,45496.5762738,-0.00181377381097
ab112491,oof,visible_fixed_0p10,False,5185,34.7101561892,-31.4729924335,6246861.7778,selfcorr_active,0.0377911671563,5135997.87534,146407.954285,964455.948178,-0.00355017552976
ab18d3fc,oof,visible_fixed_0p10,False,5694,17.6180680504,13.5756628591,1767396.65649,selfcorr_active,0.0466067455311,1049396.35404,576829.559263,141170.743186,0.00612333738879
ab3ced07,oof,visible_fixed_0p10,False,4250,13.580763456,11.4453050371,783857.828201,selfcorr_active,0.0381108161455,556728.781412,38.9131258334,227090.133663,7.79929413459e-05
ab6fe95d,oof,visible_fixed_0p10,False,5491,9.64605476438,-7.67435419481,510917.631494,selfcorr_active,0.0501837493479,323396.35628,97843.8762351,89677.3989784,-0.00266305594103
ab94878e,oof,visible_fixed_0p10,False,6004,6.41521812921,-4.15313816545,247094.761966,selfcorr_active,0.0599026190282,103560.333954,1.76541799631,143532.662594,9.89357791631e-06
abf460d2,oof,visible_fixed_0p10,False,3217,10.7144282294,-8.63715665647,369308.293833,selfcorr_active,0.0157887492716,239989.728424,116237.692744,13080.8726655,-0.0064727307693
ac6f01d5,oof,visible_fixed_0p10,False,5004,19.2429097471,17.0189731774,1852929.03597,selfcorr_active,0.0591033871737,1449385.82186,115580.907564,287962.306547,0.00332703776326
ad2133a8,oof,visible_fixed_0p10,False,5729,35.0880759205,31.768151942,7053390.52836,selfcorr_active,0.0679314027776,5781795.47238,159798.932613,1111796.12336,0.00319344420961
add9c322,oof,visible_fixed_0p10,False,3932,6.91964135941,5.49411345216,188269.808486,selfcorr_active,0.0280752181081,118688.531282,10286.5133118,59294.7638923,0.00142496589318
ae069086,oof,visible_fixed_0p10,False,4770,20.534829767,16.6726412473,2011409.94408,selfcorr_active,0.0311769575728,1325950.1286,83027.4412275,602432.374257,0.003029869274
ae0784a8,oof,visible_fixed_0p10,False,7823,8.78611159194,-5.45170213432,603902.406276,selfcorr_active,0.0515178527856,232507.82235,172694.269325,198700.314601,-0.00208050897832
ae35f33a,oof,visible_fixed_0p10,False,4450,3.72279757452,-1.5520715715,61673.5369249,selfcorr_active,0.0184298054341,10719.7214256,10752.1822845,40201.6332148,0.00121003777057
ae8959c3,oof,visible_fixed_0p10,False,4518,25.7317398692,-23.5031920968,2991469.169,selfcorr_active,0.0151246923707,2495743.37503,453506.197185,42219.5967844,-0.00768179842502
aed44918,oof,visible_fixed_0p10,False,2719,7.77441974924,-6.50098757705,164340.717027,selfcorr_active,0.0400089731058,114912.660538,4634.41793911,44793.63855,-0.00166331475198
aee6393a,oof,visible_fixed_0p10,False,5865,4.3216168681,-0.711366583968,109536.92386,selfcorr_active,0.0531099375739,2967.93877445,76744.0663579,29824.9187274,-0.0021365399022
af7a59ce,oof,visible_fixed_0p10,False,3024,5.23552623139,4.85878635014,82890.0623967,selfcorr_active,0.0619828085772,71390.0017041,558.976323445,10941.0843692,0.000492509569124
aff4e561,oof,visible_fixed_0p10,False,6026,9.18242218825,-8.12743001491,508093.502268,selfcorr_active,0.0447668235072,398048.144968,21684.1305722,88361.2267273,-0.00109048060283
b04b58a3,oof,visible_fixed_0p10,False,3402,11.9621167666,-3.81882657772,486799.792107,selfcorr_active,0.0357581631834,49612.8507373,58962.6897155,378224.251654,0.00423914060084
b0d42b0d,oof,visible_fixed_0p10,False,4971,15.2063357244,-13.100776507,1149457.48408,selfcorr_active,0.0279289348743,853174.445424,9619.91701911,286663.121635,0.000969417041634
b0f53bf4,oof,visible_fixed_0p10,False,2755,10.4176345513,8.7188044732,298992.187069,selfcorr_active,0.0385453035252,209428.354222,3280.17568849,86283.6571582,0.00137200849246
b19b0395,oof,visible_fixed_0p10,False,5813,5.32464303091,-0.94887256349,164809.149462,selfcorr_active,0.0333726702487,5233.78769096,15801.9234724,143773.438299,0.000982528421721
b1efb8a4,oof,visible_fixed_0p10,False,5998,10.4556269259,-8.02768318813,655702.166212,selfcorr_active,0.035844347068,386533.296819,121517.165259,147651.704134,-0.00259955943769
b32902c0,oof,visible_fixed_0p10,False,3808,10.1965569635,-8.0168185782,395916.899049,selfcorr_active,0.0371121931426,244737.799481,111696.283902,39482.8156654,-0.00492679611954
b32e4903,oof,visible_fixed_0p10,False,5770,10.940376093,-9.15731259585,690621.85366,selfcorr_active,0.0364843327022,483851.277853,65807.4397771,140963.13603,-0.00202751654721
b3388334,oof,visible_fixed_0p10,False,6080,14.930340225,5.7571943653,1355323.56015,selfcorr_active,0.0308544946774,201523.344716,704569.244441,449230.970992,-0.00613334085371
b37fd114,oof,visible_fixed_0p10,False,8161,15.9467890919,-11.0992538421,2075342.97199,selfcorr_active,0.0386334856026,1005381.62998,325391.376348,744569.96566,-0.00268027020724
b38e3116,oof,visible_fixed_0p10,False,6211,5.65633045356,0.619043203841,198715.194855,selfcorr_active,0.0466711208111,2380.14518634,17292.4682551,179042.581414,-0.000930629528338
b4d8dd4f,oof,visible_fixed_0p10,False,4259,17.4419231144,-4.56446400202,1295675.88434,selfcorr_active,0.0519801073984,88733.4183941,692761.091505,514181.374437,-0.0103733950821
b4f37e6e,oof,visible_fixed_0p10,False,2992,14.0239807769,-8.93346004484,588442.734201,selfcorr_active,0.0382148376377,238781.671451,315763.213926,33897.8488244,-0.0118940300221
b56bc0aa,oof,visible_fixed_0p10,False,5602,12.8880743773,-12.198736913,930505.987384,selfcorr_active,0.0241856386164,833629.039095,1571.29252588,95305.6557635,-0.000327494865578
b585b4fa,oof,visible_fixed_0p10,False,4294,9.63780679548,-2.20290843198,398858.151337,selfcorr_active,0.0473630051856,20837.9470734,141156.815362,236863.388901,-0.00462539152697
b5aa9634,oof,visible_fixed_0p10,False,7326,8.99957133838,3.11937220416,593349.474596,selfcorr_active,0.0581813131982,71285.5180775,25737.3699804,496326.586538,0.000886282835375
b7974e66,oof,visible_fixed_0p10,False,5558,6.53574544592,0.992861560753,237415.353111,selfcorr_active,0.029802671546,5478.93233009,12327.3021219,219609.118659,0.000928211268311
b7cdcecb,oof,visible_fixed_0p10,False,6168,5.34926945536,0.94817360097,176495.369099,selfcorr_active,0.0475651201727,5545.23663929,65793.3520731,105156.780386,-0.00183427770744
b7fea9ef,oof,visible_fixed_0p10,False,3866,10.2376324303,9.29838942323,405192.049329,selfcorr_active,0.0349298813309,334254.537318,5537.93989586,65399.5721145,0.00107243747633
b85f7b06,oof,visible_fixed_0p10,False,3803,4.42996980671,3.72082090557,74632.4773533,selfcorr_active,0.0440752775168,52650.6647276,11173.683542,10808.1290837,-0.00156134664194
b881d27e,oof,visible_fixed_0p10,False,4009,14.0742843426,-13.4434121535,794124.688347,selfcorr_active,0.0515474344794,724527.849292,2679.58804283,66917.251012,-0.000706432331876
b8c49c1a,oof,visible_fixed_0p10,False,4319,8.43800051755,4.67972390374,307512.163959,selfcorr_active,0.0215568078615,94585.304506,82221.061447,130705.798006,-0.00349951104162
b95e7121,oof,visible_fixed_0p10,False,6306,8.49515995321,7.83218726944,455089.785029,selfcorr_active,0.0360174466773,386829.950713,24123.2880275,44136.546289,0.00107442951483
b977be4a,oof,visible_fixed_0p10,False,5917,21.3566727447,9.13617067509,2698787.90428,selfcorr_active,0.0406125580513,493889.709614,1507798.32178,697099.872891,0.00934565840742
ba48188d,oof,visible_fixed_0p10,False,4166,49.7418207748,38.5052574723,10307720.2258,selfcorr_active,0.0570488987895,6176740.11764,3932635.30968,198344.798478,0.0255478039184
bb2cdd83,oof,visible_fixed_0p10,False,3825,4.69000960938,-3.71735596061,84135.4272705,selfcorr_active,0.021684919113,52856.6626675,14451.6094192,16827.1551838,-0.00176036038374
bb337fa0,oof,visible_fixed_0p10,False,6873,24.7069918665,-22.7319297038,4195522.82786,selfcorr_active,0.0598035734601,3551558.33665,248277.932561,395686.55865,-0.0030292852618
bb682ebd,oof,visible_fixed_0p10,False,4139,20.1846886822,-17.9845566896,1686318.23914,selfcorr_active,0.0414466137151,1338735.87211,240795.558799,106786.808234,-0.00638368916839
bc4381e2,oof,visible_fixed_0p10,False,4955,14.974808449,-14.5230490008,1111133.42046,selfcorr_active,0.0347212188928,1045103.40854,10358.5305961,55671.4813186,-0.00101082091697
bcebcc5f,oof,visible_fixed_0p10,False,6258,15.5383109641,-13.5092801797,1510925.93546,selfcorr_active,0.0547992664005,1142089.07379,36822.1594872,332014.702185,-0.00134273997232
bd2c2f34,oof,visible_fixed_0p10,False,9823,8.54685280595,6.53672516817,717557.310225,selfcorr_active,0.0457822517453,419724.765903,4154.28830476,293678.256018,0.000229336259953
bd4ae5da,oof,visible_fixed_0p10,False,5006,11.1616944342,9.6501716673,623664.613753,fallback,inf,466187.820921,46025.4694461,111451.323386,0.00209823186026
bd6f0e19,oof,visible_fixed_0p10,False,5140,3.55677323748,-1.57529123619,65024.2683351,selfcorr_active,0.0200086021605,12755.1283411,854.155054583,51414.9849394,-0.000274735202598
bd8f847e,oof,visible_fixed_0p10,False,4961,5.85778046774,1.83599109303,170229.729953,selfcorr_active,0.0611579447783,16722.8527999,91935.9088561,61570.9682967,-0.00300593356695
be063506,oof,visible_fixed_0p10,False,4500,4.83097129309,3.22960331227,105022.276356,fallback,inf,46936.5189957,3612.44562441,54473.3117356,0.000689719528163
be35c8f2,oof,visible_fixed_0p10,False,4226,4.58946540376,0.216821881378,89013.0523178,selfcorr_active,0.0421980653717,198.67156356,37452.4369139,51361.9438404,0.00244026188531
be83e781,oof,visible_fixed_0p10,False,3221,3.26744233738,1.91220973104,34387.9739379,selfcorr_active,0.0293426492534,11777.7348447,3115.98769182,19494.2514014,0.00105779722531
beda8696,oof,visible_fixed_0p10,False,5912,10.8109351513,1.09063369645,690972.79702,selfcorr_active,0.0360358213037,7032.21675527,312414.668916,371525.911349,0.00425946152598
bf39bc20,oof,visible_fixed_0p10,False,3303,8.07653471496,-2.21188317122,215456.054146,selfcorr_active,0.0314664669731,16159.6869198,4629.02785474,194667.339371,0.00124157420032
bf70b410,oof,visible_fixed_0p10,False,6347,17.9779053589,10.2877083532,2051382.64969,selfcorr_active,0.0446302014401,671747.078246,864619.584675,515015.98677,0.00637016109349
bffe3082,oof,visible_fixed_0p10,False,5723,14.5906866938,-5.01457734701,1218358.81489,selfcorr_active,0.034227332463,143910.477702,919834.452294,154613.884895,-0.00767378887997
c03b9305,oof,visible_fixed_0p10,False,4255,19.1793756594,-17.5915712215,1565195.15767,selfcorr_active,0.0327881596504,1316766.67356,177043.868604,71384.6155056,-0.00525148021729
c03d4aed,oof,visible_fixed_0p10,False,4641,11.6300551664,-8.5068925552,627733.228105,selfcorr_active,0.0548487644566,335856.272409,15976.2070775,275900.748618,0.0013848735511
c03fba65,oof,visible_fixed_0p10,False,3699,21.2671076192,18.8334695442,1673020.21614,selfcorr_active,0.0365605919464,1312033.72819,292162.128768,68824.3591814,0.00832292731757
c07fd0cd,oof,visible_fixed_0p10,False,4191,5.13663784166,3.45982039594,110579.737494,selfcorr_active,0.0132630286095,50167.7669084,1001.61186189,59410.3587237,0.000404076760457
c1708b88,oof,visible_fixed_0p10,False,6315,24.8313618692,21.8441466331,3893807.10134,selfcorr_active,0.0373932019437,3013307.97655,268872.841908,611626.282881,0.00357934915755
c1d046f4,oof,visible_fixed_0p10,False,5513,6.738304523,-2.86818643299,250316.374868,selfcorr_active,0.0816552903156,45352.6581936,29721.3179202,175242.398754,0.00145895760806
c2717d4f,oof,visible_fixed_0p10,False,4721,11.6522321471,-9.80233589966,640991.480646,selfcorr_active,0.0361210541945,453621.010293,18.1022578744,187352.368095,-4.5436618823e-05
c2c4db09,oof,visible_fixed_0p10,False,6039,9.28104475567,3.14711627487,520186.124419,selfcorr_active,0.0349243416011,59812.3143782,189221.940278,271151.869763,0.00321091515739
c2c6fc71,oof,visible_fixed_0p10,False,7119,10.8322310769,-7.80344230293,835323.741104,selfcorr_active,0.010085498793,433502.334127,182359.638393,219461.768583,-0.002462784996
c36625df,oof,visible_fixed_0p10,False,4742,4.87347840619,2.76896848487,112626.2546,fallback,inf,36357.7982417,13949.9080521,62318.5483059,-0.00125295069323
c3957531,oof,visible_fixed_0p10,False,5316,16.0542202167,-11.292692279,1370135.13765,selfcorr_active,0.0473872475147,677922.362598,313792.396216,378420.378832,-0.00500650183986
c42fe306,oof,visible_fixed_0p10,False,5095,10.8271219546,-6.67497308678,597269.373236,selfcorr_active,0.0292393086399,227009.078789,260277.189501,109983.104946,-0.00485950913818
c43812e2,oof,visible_fixed_0p10,False,5527,5.6087897892,1.4479693846,173871.256065,selfcorr_active,0.0490862267697,11587.9929772,1813.79895613,160469.464132,0.000359046755879
c472c0b5,oof,visible_fixed_0p10,False,3054,4.79081775953,-3.1187109452,70095.2088944,selfcorr_active,0.184283054733,29704.297209,31665.1114119,8725.80027352,-0.00365239388865
c47e0767,oof,visible_fixed_0p10,False,4356,17.6323414858,-15.0550304117,1354278.07509,selfcorr_active,0.0451914601767,987304.565673,258724.331828,108249.177587,-0.0061288284433
c50b42f6,oof,visible_fixed_0p10,False,6014,8.21097613137,-3.16515487189,405464.655986,selfcorr_active,0.0403086404812,60249.4870534,1099.39004983,344115.778883,0.000246275604861
c593337f,oof,visible_fixed_0p10,False,5208,25.1472639884,18.4861435507,3293460.48681,selfcorr_active,0.0428311183425,1779768.91759,1336838.5368,176853.032422,0.0106567222288
c59b6c4a,oof,visible_fixed_0p10,False,5499,21.3115429286,17.7798313263,2497546.05912,selfcorr_active,0.0447871365137,1738357.08855,701228.56093,57960.4096369,0.00711368858061
c66be2b8,oof,visible_fixed_0p10,False,4154,21.3491621245,15.8774807958,1893338.04908,selfcorr_active,0.027756674875,1047200.12274,629838.973461,216298.952876,0.0102684682027
c6797dd7,oof,visible_fixed_0p10,False,4664,4.74501436746,0.351029014982,105010.712524,selfcorr_active,0.0409993892217,574.70446669,26616.5705417,77819.4375158,0.00177430742124
c6b782a4,oof,visible_fixed_0p10,False,4877,10.3857412374,7.36224398352,526050.87986,selfcorr_active,0.0399158011166,264346.258078,4792.95144958,256911.670332,0.000704146481726
c6c96179,oof,visible_fixed_0p10,False,4004,6.8736989482,-5.342118486,189179.939871,selfcorr_active,0.0131669923001,114267.072593,438.768363659,74474.0989136,0.000286396157255
c70c0e01,oof,visible_fixed_0p10,False,4312,12.5375518902,9.03713290351,677804.174302,selfcorr_active,0.0394505428917,352160.053051,182333.034284,143311.086966,0.00522402427189
c84c65be,oof,visible_fixed_0p10,False,8496,7.97262914889,-0.563002282852,540029.680877,selfcorr_active,0.0494697166618,2692.99046294,100957.067042,436379.623371,0.00140552065756
c8d9680c,oof,visible_fixed_0p10,False,6281,39.577897614,-36.0146006466,9838621.08152,selfcorr_active,0.0531882427893,8146780.21861,886274.229307,805566.633607,-0.00655136051743
c908edd0,oof,visible_fixed_0p10,False,5293,10.1847179759,4.6518896466,549034.845955,selfcorr_active,0.0456303531325,114540.929065,343627.57191,90866.3449794,0.00527329164941
c9578d27,oof,visible_fixed_0p10,False,4487,10.5815281273,-1.68714411933,502403.7252,selfcorr_active,0.0355663924119,12772.0448386,69791.4434785,419840.236883,-0.00304479193029
c96c018a,oof,visible_fixed_0p10,False,6236,7.4443864365,-3.97686427684,345592.194398,selfcorr_active,0.0561556461777,98625.1429351,8334.55487505,238632.496587,-0.00064220350868
c99f9fae,oof,visible_fixed_0p10,False,6361,13.6426904777,11.8381088238,1183928.42507,selfcorr_active,0.0244987795914,891435.759352,251765.690457,40726.9752593,0.00342610609941
c9e6734f,oof,visible_fixed_0p10,False,4735,10.5044370251,3.85287883305,522475.038806,selfcorr_active,0.0507110418756,70289.5375557,331265.665958,120919.835292,-0.00611925949747
c9e980e8,oof,visible_fixed_0p10,False,4359,9.58691055833,5.59563765774,400630.694819,selfcorr_active,0.0924577318465,136485.349913,223260.754431,40884.5904751,0.00568743602973
c9fedcf3,oof,visible_fixed_0p10,False,3517,3.6508977143,-2.33529133226,46878.2833409,selfcorr_active,0.0473885229181,19180.2605782,2134.73970423,25563.2830585,-0.000767369532273
cad13e8f,oof,visible_fixed_0p10,False,4848,7.98153466494,6.12801552552,308841.333906,selfcorr_active,0.00707697557559,182054.880114,81364.7087436,45421.7450484,0.00292728328305
cb34231f,oof,visible_fixed_0p10,False,5609,7.08825140062,5.17315183235,281814.714114,selfcorr_active,0.029099010955,150105.25283,12724.786526,118984.674759,0.000930224390501
cb879f40,oof,visible_fixed_0p10,False,6315,8.99335142649,3.54128770826,510759.535794,selfcorr_active,0.030275792727,79194.6381652,52470.8181104,379094.079519,0.00158120986049
cbb406b5,oof,visible_fixed_0p10,False,6328,10.8362567283,-8.36531436861,743061.98213,selfcorr_active,0.0413920175281,442823.849825,6280.73007772,293957.402227,0.000545375956201
cbe51de1,oof,visible_fixed_0p10,False,3963,8.11117933754,-1.06042316573,260730.645464,selfcorr_active,0.0402651056897,4456.38276193,98.9242241108,256175.338478,-0.000138103871896
cbe62450,oof,visible_fixed_0p10,False,6258,14.7775594312,-10.0430924956,1366598.65225,selfcorr_active,0.0243991058288,631205.077621,25649.2107459,709744.363885,0.00112066109021
cc08aa63,oof,visible_fixed_0p10,False,3274,10.7229203427,-7.99110193382,376447.86169,selfcorr_active,0.0384186833652,209070.142922,69185.4065643,98192.3122035,-0.00486384671221
cc8a1d57,oof,visible_fixed_0p10,False,6638,32.1998510952,29.8141686377,6882480.26526,selfcorr_active,0.0252637881617,5900416.31705,85790.7764576,896273.171747,0.00187609598954
ccedb12b,oof,visible_fixed_0p10,False,4401,8.19137159127,-2.96040896898,295300.800172,selfcorr_active,0.0317781443688,38570.4575811,91823.7658116,164906.57678,0.00359534964251
cd7f1687,oof,visible_fixed_0p10,False,4232,6.3067864934,3.36320832616,168330.152456,selfcorr_active,0.0384585251969,47868.8724775,866.270000772,119595.009978,0.000370338432515
cda7eb37,oof,visible_fixed_0p10,False,5973,9.68474986269,4.3305303005,560233.83116,selfcorr_active,0.04784182619,112014.611799,90696.9375856,357522.281776,-0.00225994655427
cdc31d65,oof,visible_fixed_0p10,False,4840,6.36810548475,-2.87951759855,196275.39453,selfcorr_active,0.0129753611084,40131.4485459,31745.4808199,124398.465165,0.0018330045563
cdc60a53,oof,visible_fixed_0p10,False,5878,9.94040776197,-4.26548480716,580815.210656,selfcorr_active,0.0308786012203,106946.451842,318130.336036,155738.422777,-0.00433559591886
ce55ba43,oof,visible_fixed_0p10,False,4104,13.4050900038,-11.6779965958,737474.181596,selfcorr_active,0.0312826521729,559685.48083,19696.1714318,158092.529334,-0.00184914307564
ce8399b7,oof,visible_fixed_0p10,False,1615,3.22244303006,0.762474593074,16770.3846174,selfcorr_active,0.0419725111128,938.90852071,10715.5656307,5115.91046592,0.00552509139689
cf50c9d1,oof,visible_fixed_0p10,False,4858,29.0331880106,27.0291692093,4094934.53742,selfcorr_active,0.0337332993808,3549138.15041,377572.276464,168224.110548,0.00628643480151
d00e7eb9,oof,visible_fixed_0p10,False,5704,8.67650453844,7.32081466612,429406.993656,selfcorr_active,0.0371126403288,305702.043351,5766.67935022,117938.270955,0.00061063860361
d011f41b,oof,visible_fixed_0p10,False,2267,13.7273960787,12.1159575751,427196.660832,selfcorr_active,0.0460276236522,332787.502191,28365.0821431,66044.0764983,0.00540512084179
d07aed8f,oof,visible_fixed_0p10,False,2957,10.4843467904,-9.95612179361,325037.957178,selfcorr_active,0.0047298994043,293110.735977,18355.9005023,13571.3206984,-0.0029187809867
d085e611,oof,visible_fixed_0p10,False,6191,9.40353970397,-1.42949239125,547448.826547,selfcorr_active,0.0508025743681,12650.9896427,14228.1854517,520569.651453,-0.000848250611241
d0a0e7b5,oof,visible_fixed_0p10,False,3816,9.14382508986,-7.67249420428,319053.994237,selfcorr_active,0.0435186384868,224637.110473,50945.8033549,43471.0804098,-0.00331689937393
d0a43760,oof,visible_fixed_0p10,False,4041,4.01476435085,-2.28045503982,65134.1828159,selfcorr_active,0.0426580033682,21015.1202372,11862.5840422,32256.4785365,-0.00146874706509
d0cb63ae,oof,visible_fixed_0p10,False,5223,15.6139256991,10.4865329284,1273339.59138,selfcorr_active,0.0464693120871,574359.588439,12479.1690901,686500.833849,-0.00102518779428
d114d9c2,oof,visible_fixed_0p10,False,6206,11.7065514744,8.93769651371,850491.014112,selfcorr_active,0.0438682385886,495750.292135,296578.190323,58162.531655,0.00385871387979
d1457cc5,oof,visible_fixed_0p10,False,6920,13.2719992394,10.9664226685,1218930.06957,selfcorr_active,0.0267175097531,832215.988913,11819.7336628,374894.346996,-0.000654237345584
d1ecf309,oof,visible_fixed_0p10,False,6168,13.5478355205,-10.2347235643,1132098.45009,selfcorr_active,0.0324438766121,646095.325789,405054.48173,80948.6425691,-0.00455125115403
d1ee630d,oof,visible_fixed_0p10,False,6290,7.4872386219,5.33603113944,352609.48832,selfcorr_active,0.0540226874875,179096.60614,58136.8194475,115376.062733,0.00167432705401
d217e0c5,oof,visible_fixed_0p10,False,3838,4.13377928267,0.00409699937597,65584.2473836,selfcorr_active,0.0296483647531,0.064422380117,2698.96132222,62885.221639,-0.000756887813166
d24ff243,oof,visible_fixed_0p10,False,5641,6.03397475032,-5.05596944035,205382.330113,selfcorr_active,0.0334106668163,144199.907004,3353.82658259,57828.5965261,0.000473507412005
d273674e,oof,visible_fixed_0p10,False,3899,3.25823428898,0.454147681851,41392.1375686,selfcorr_active,0.0180426050261,804.169205913,2946.38535659,37641.5830061,0.00077233471898
d2f3b1ab,oof,visible_fixed_0p10,False,5581,15.4414600441,-2.17074562934,1330726.31937,selfcorr_active,0.0405613370694,26298.4342938,569427.079654,735000.805422,0.00626962628504
d3df146b,oof,visible_fixed_0p10,False,5787,7.45888930905,-3.23327114688,321959.917017,selfcorr_active,0.0517998622298,60497.5428435,76493.2903787,184969.083795,-0.00217631661297
d40f61d5,oof,visible_fixed_0p10,False,4039,5.80428672819,-4.40533215725,136072.877725,selfcorr_active,0.0389671840662,78384.6767679,14220.4351731,43467.7657837,-0.00160929736434
d41beaf2,oof,visible_fixed_0p10,False,4753,13.1945257518,9.94953233668,827475.958152,selfcorr_active,0.0368549831099,470514.649745,89844.3693743,267116.939033,0.00316872349155
d463e527,oof,visible_fixed_0p10,False,4767,10.6224929661,-5.71154747452,537895.679938,selfcorr_active,0.0293578920093,155507.999298,267315.689246,115071.991394,-0.00544170668709
d4f60a28,oof,visible_fixed_0p10,False,4501,5.00270929934,-0.0684426033992,112646.978602,selfcorr_active,0.0130661576782,21.0844392103,972.672488001,111653.221675,-0.000357775362448
d50c649a,oof,visible_fixed_0p10,False,4873,4.80438804845,-2.96930213112,112479.290247,selfcorr_active,0.0441522507936,42964.0478258,1044.57700632,68470.6654144,-0.000329129072532
d543916f,oof,visible_fixed_0p10,False,4799,9.98775640462,-5.66905409779,478725.579113,selfcorr_active,0.0428076626382,154231.098771,154366.715956,170127.764385,-0.0040939387424
d5df0ff5,oof,visible_fixed_0p10,False,4032,11.147260647,9.80729445211,501022.045164,selfcorr_active,0.0643250532641,387809.954665,23841.6561684,89370.4343306,0.00208919059211
d60430e6,oof,visible_fixed_0p10,False,2511,5.16232696996,-2.59305419767,66917.1951791,selfcorr_active,0.047765539758,16883.788411,24237.5694303,25795.8373378,-0.00428612785094
d63196fe,oof,visible_fixed_0p10,False,4510,22.5205959425,20.0154644311,2287369.35964,selfcorr_active,0.0705805887438,1806790.86192,386584.681055,93993.8166651,0.00711128593124
d6c320d9,oof,visible_fixed_0p10,False,5452,7.6537342999,-6.73549647595,319376.244895,selfcorr_active,0.049285849828,247340.408463,20584.4803084,51451.3561232,-0.0012346015363
d6dd7330,oof,visible_fixed_0p10,False,6193,10.7766187697,-6.36365419798,719227.226481,selfcorr_active,0.0308354931982,250792.314796,14784.6738319,453650.237853,-0.000864260933987
d7ba4f9d,oof,visible_fixed_0p10,False,6023,8.9364259794,8.16180423759,480995.029025,selfcorr_active,0.0375281799942,401222.43659,27055.6035263,52716.9889091,0.00121898945107
d7eb0be8,oof,visible_fixed_0p10,False,5401,26.8361782962,-19.5253960697,3889694.6944,selfcorr_active,0.0372874261172,2059083.13615,404337.765726,1426273.79253,0.00554947012839
d84b621b,oof,visible_fixed_0p10,False,3994,15.181836351,14.4084416779,920569.691021,selfcorr_active,0.0435342828254,829167.147195,7824.72809196,83577.8157342,0.00121398458801
d90aa14c,oof,visible_fixed_0p10,False,10018,10.4828260826,-4.74100799811,1100874.44035,selfcorr_active,0.0349736579268,225176.157205,58741.4627326,816956.820409,-0.000837319995702
d924e971,oof,visible_fixed_0p10,False,3184,30.2179346213,-21.3407416184,2907385.45573,selfcorr_active,0.0326552916469,1450080.37299,1371203.23922,86101.8435188,-0.0225778181684
d9ae59b2,oof,visible_fixed_0p10,False,3648,10.8508587462,9.52944715936,429519.662411,selfcorr_active,0.0586482976322,331276.204818,77998.0050106,20245.4525823,0.00439086558194
d9d6d94d,oof,visible_fixed_0p10,False,4919,9.14451800456,0.402241070647,411337.648706,selfcorr_active,0.00844748979952,795.883766386,35918.98133,374622.78361,0.00190299393388
d9eca87b,oof,visible_fixed_0p10,False,6373,23.9640696806,16.9137496517,3659864.99904,selfcorr_active,0.0514672521576,1823155.51155,1271755.61408,564953.8734,0.00767850342612
da2d4d7c,oof,visible_fixed_0p10,False,2114,3.678396125,2.02982349581,28603.6842828,selfcorr_active,0.0541529612904,8710.06775866,8034.15055673,11859.4659674,-0.00319450211603
da3bfe4e,oof,visible_fixed_0p10,False,5549,27.3148440983,24.1258632488,4140112.82933,selfcorr_active,0.0566389938775,3229835.83286,434258.379839,476018.616639,0.00552258802331
da3cf798,oof,visible_fixed_0p10,False,5844,13.9804171846,-11.8182474254,1142221.86584,selfcorr_active,0.0499854231847,816237.16159,229869.981805,96114.7224485,-0.00371763244068
da940160,oof,visible_fixed_0p10,False,5132,9.29225337603,-8.47200090211,443127.532432,selfcorr_active,0.0275979152736,368348.269932,22110.3476468,52668.9148528,-0.00140106552003
dafc88c3,oof,visible_fixed_0p10,False,5572,13.0924812336,-12.1714321791,955113.597355,selfcorr_active,0.0404912937385,825457.037911,47458.8706178,82197.6888262,-0.00181439845718
dbee6c86,oof,visible_fixed_0p10,False,7369,7.56225847125,6.010019998,421416.553228,selfcorr_active,0.0515343872272,266170.788233,60037.0056376,95208.759357,0.0013417985061
dc5fbe29,oof,visible_fixed_0p10,False,5203,6.17138862329,1.09889102613,198161.653319,selfcorr_active,0.0363032584365,6282.94241846,15771.1270577,176107.583843,-0.00115915431836
dc7da28f,oof,visible_fixed_0p10,False,4774,11.7424245741,-7.60912754772,658260.769505,selfcorr_active,0.029249789321,276408.976407,340017.378514,41834.4145837,-0.00612375162756
dc7f9757,oof,visible_fixed_0p10,False,4360,5.29734916429,-0.30390289477,122349.919614,selfcorr_active,0.0340315984668,402.676386801,72231.7789657,49715.4642618,0.00323388860507
dd168de0,oof,visible_fixed_0p10,False,3304,4.60057951074,2.81111153992,69930.2563816,fallback,inf,26109.358089,23723.4506114,20097.4476812,-0.00280943839885
dd64382d,oof,visible_fixed_0p10,False,3124,6.38073986212,-4.9207580343,127190.039871,selfcorr_active,0.0282160997322,75644.0974908,35223.5232492,16322.4191315,-0.00372340694627
dd6bc5b2,oof,visible_fixed_0p10,False,3602,13.8603228259,-12.1966406636,691974.992913,selfcorr_active,0.0214514365636,535826.472607,74558.6392103,81589.8810961,-0.00437546348199
dd7d638e,oof,visible_fixed_0p10,False,4301,6.70830128701,3.13255428247,193550.617782,selfcorr_active,0.0217410659854,42205.2671265,73046.0821557,78299.2685001,-0.00331921156206
ddc790ff,oof,visible_fixed_0p10,False,4726,7.93856339101,6.48645267062,297836.247458,selfcorr_active,0.0245368098868,198842.046541,28959.8899791,70034.3109378,0.00181446464606
df71d1ff,oof,visible_fixed_0p10,False,6228,21.5094001113,17.7499428049,2881410.93773,selfcorr_active,0.0423103351734,1962196.60453,318114.551992,601099.781205,0.00397520464174
df73b8f3,oof,visible_fixed_0p10,False,5311,15.9635254238,8.74521138378,1353424.13856,selfcorr_active,0.0358168780808,406178.493323,652306.821593,294938.823643,0.00722856580093
df8290be,oof,visible_fixed_0p10,False,3972,15.0628927576,-9.85196868511,901210.012232,selfcorr_active,0.0328761988738,385527.431855,369363.224052,146319.356325,-0.00841014731744
e0079ed1,oof,visible_fixed_0p10,False,3471,6.07455669331,-3.37457594895,128080.729639,selfcorr_active,0.0331226044706,39526.924801,38686.278344,49867.5264945,0.00333186346735
e03b45fd,oof,visible_fixed_0p10,False,5342,14.8434201621,0.127459598959,1176987.48631,fallback,inf,86.7858615177,24855.7391462,1152044.9613,0.00139877591692
e0f36d98,oof,visible_fixed_0p10,False,4976,12.3488345987,-8.87299975169,758808.730551,selfcorr_active,0.0157460255719,391761.099977,591.720157199,366455.910416,0.000240064673334
e149204f,oof,visible_fixed_0p10,False,6097,7.42040157136,5.89407886034,335715.205751,fallback,inf,211810.789736,12068.8988953,111835.51712,0.000799374262011
e14d641e,oof,visible_fixed_0p10,False,3184,5.59328657124,-2.16594616666,99610.9772629,selfcorr_active,0.0385475556193,14937.1717852,12791.2546988,71882.5507789,0.00218065835218
e161bd0c,oof,visible_fixed_0p10,False,2949,4.80270378813,3.07872048894,68021.5268821,selfcorr_active,0.0237200326015,27952.1550348,200.796424826,39868.5754225,-0.000306518348638
e201fd6d,oof,visible_fixed_0p10,False,5070,13.7543465793,3.20859739756,959152.992607,selfcorr_active,0.0481828745983,52196.1431064,116004.258782,790952.590719,-0.00326825293003
e25f1537,oof,visible_fixed_0p10,False,3177,10.5261964994,-1.99401796359,352014.182089,selfcorr_active,0.0389007630972,12632.0939694,180245.132387,159136.955732,0.00821290113454
e2fc7745,oof,visible_fixed_0p10,False,3692,14.386833448,-11.4009292623,764173.765835,selfcorr_active,0.0491443230136,479890.546258,25668.1699419,258615.049635,0.00247397640548
e32da4ec,oof,visible_fixed_0p10,False,4689,9.32038615478,-4.92532470388,407331.54537,selfcorr_active,0.0494140998051,113749.623104,14175.7473428,279406.174923,0.00128452708437
e3b34f5b,oof,visible_fixed_0p10,False,5455,13.4884226525,9.87396101351,992469.311532,selfcorr_active,0.0484083319679,531835.803755,386320.685465,74312.8223115,0.00534407419923
e45a2a62,oof,visible_fixed_0p10,False,5007,25.924758362,-21.3250781705,3365170.13231,selfcorr_active,0.0409935660695,2276978.1076,233016.55596,855175.468753,-0.00471973520858
e46f4ef4,oof,visible_fixed_0p10,False,7195,6.84142365851,-4.39337816364,336762.533874,selfcorr_active,0.0498322340692,138876.247301,23923.902785,173962.383788,-0.00087793112117
e4726608,oof,visible_fixed_0p10,False,4733,5.5702892194,-1.77739719377,146856.101368,selfcorr_active,0.0255746982634,14952.2133327,65794.4342816,66109.4537536,-0.00272885496783
e5864244,oof,visible_fixed_0p10,False,4469,26.8731122889,-25.0465610093,3227351.64932,fallback,inf,2803538.746,322538.64986,101274.25346,-0.00658515472691
e5c92e59,oof,visible_fixed_0p10,False,4295,8.64247445478,6.04724586263,320803.706393,selfcorr_active,0.0464000235848,157064.638937,15066.1687995,148672.898657,0.00151059240566
e5ff9fd2,oof,visible_fixed_0p10,False,2354,7.14963715249,-5.58390465775,120330.151064,selfcorr_active,0.0204384661192,73397.6993479,10417.8011649,36514.6505517,-0.00309577227543
e6c55748,oof,visible_fixed_0p10,False,4472,11.7993155573,-7.19788723642,622609.046558,selfcorr_active,0.0506662343144,231692.444748,238942.330437,151974.271374,-0.00566219066094
e730c32b,oof,visible_fixed_0p10,False,4728,12.7908234896,-11.064985916,773525.222677,selfcorr_active,0.0183604311435,578867.542183,95396.0491494,99261.6313451,-0.00329108898714
e737965a,oof,visible_fixed_0p10,False,5955,8.67144625504,-2.48638643903,447780.151817,selfcorr_active,0.0563749951801,36814.5098564,162391.735994,248573.905967,0.00303773540311
e748dd88,oof,visible_fixed_0p10,False,4812,3.13856789801,-1.42070886051,47401.1278633,selfcorr_active,0.0653877063842,9712.60656244,4417.7007644,33270.8205365,0.000689763726886
e7818f7a,oof,visible_fixed_0p10,False,5371,9.62202206676,8.83406295639,497264.950776,selfcorr_active,0.0368471611799,419156.429533,3850.25287177,74258.2683711,0.000546075294572
e7c36e81,oof,visible_fixed_0p10,False,3531,6.89754447177,4.92432859653,167991.278802,selfcorr_active,0.0256652866056,85623.2618189,15924.1517685,66443.8652148,0.00208339788109
e7d0c1de,oof,visible_fixed_0p10,False,4711,8.32607362437,6.78331508519,326583.017915,selfcorr_active,0.0181723849817,216768.95566,49841.2778366,59972.7844178,0.00239174877718
e85074c5,oof,visible_fixed_0p10,False,5675,13.0073307282,-12.1869296047,960156.953915,selfcorr_active,0.0449917724446,842858.111853,6858.42142721,110440.420635,-0.000671048507459
e97032ad,oof,visible_fixed_0p10,False,3530,5.02861534544,-3.487986339,89263.012192,selfcorr_active,0.0344228957423,42946.1519147,4111.39075615,42205.4695212,0.0010590658394
e9949a23,oof,visible_fixed_0p10,False,4559,10.7171263712,3.757269639,523632.14051,selfcorr_active,0.0309614052373,64359.745564,4875.11485976,454397.280086,-0.000785739654084
ea0b99b7,oof,visible_fixed_0p10,False,9239,6.17311106466,1.6386681023,352073.346702,selfcorr_active,0.0656113055923,24808.8690682,3181.23920727,324083.238426,-0.000220014517333
ea3a0e38,oof,visible_fixed_0p10,False,10052,7.47440831945,3.12874305694,561572.869804,selfcorr_active,0.042649212806,98399.3608854,202171.276218,261002.232701,0.0015455093315
ea41324e,oof,visible_fixed_0p10,False,5025,6.46273175268,5.16733829969,209878.681078,selfcorr_active,0.0375252240257,134174.460145,2734.19032732,72970.0306063,-0.000508511646153
eabc711b,oof,visible_fixed_0p10,False,5348,13.9110100506,8.08750732559,1034924.64096,selfcorr_active,0.0230406309906,349800.779317,232800.558146,452323.303495,0.00427361643987
eac10e86,oof,visible_fixed_0p10,False,6067,7.58482735015,6.82437687936,349032.119187,selfcorr_active,0.0709775492992,282553.050775,9869.68166146,56609.38675,0.000728251200208
eafb863e,oof,visible_fixed_0p10,False,3568,8.16916780292,-6.08703965262,238111.559649,selfcorr_active,0.0579360125286,132201.720582,33870.0710425,72039.7680246,-0.0029913100171
eb06a4e7,oof,visible_fixed_0p10,False,4535,8.20740240067,2.92033984361,305484.194645,selfcorr_active,0.0439822359406,38676.2250778,163490.732974,103317.236593,0.0045863930107
eb640a35,oof,visible_fixed_0p10,False,6037,13.1117662963,6.0950944707,1037871.47383,selfcorr_active,0.0385038534068,224275.616175,592077.579861,221518.277793,0.00568261421274
eb934281,oof,visible_fixed_0p10,False,5971,3.7315663709,2.95532367265,83143.7124429,selfcorr_active,0.0183139722532,52150.3438584,1126.16800253,29867.200582,-0.000251954206894
eba6605e,oof,visible_fixed_0p10,False,4410,15.2461569576,-13.0896706758,1025083.78171,selfcorr_active,0.0432544790732,755607.099746,22583.9669384,246892.71503,-0.00177759518274
ebe69318,oof,visible_fixed_0p10,False,4976,6.16328331771,-2.39553421771,189018.640802,selfcorr_active,0.0336569769501,28555.1949207,95121.5142247,65341.9316562,-0.00304375331696
ec0d597b,oof,visible_fixed_0p10,False,4616,18.1973187838,-12.8728903945,1528553.3688,selfcorr_active,0.0254531337214,764923.393619,201362.142337,562267.832842,-0.00495656544167
ec13af42,oof,visible_fixed_0p10,False,5462,8.61632743873,-3.01601959713,405504.880178,selfcorr_active,0.0492099880191,49684.3959364,225153.305053,130667.179189,0.00407194824854
ecdab904,oof,visible_fixed_0p10,False,6147,16.6324850751,-15.1357938767,1700503.37392,selfcorr_active,0.0403670890061,1408230.09935,4181.08279238,288092.191781,0.000464772253104
ecdaf714,oof,visible_fixed_0p10,False,6592,15.6327926566,-12.2209693393,1610980.68756,selfcorr_active,0.0527907788299,984528.987776,64707.2299318,561744.469855,-0.00164642227884
ed6436d6,oof,visible_fixed_0p10,False,2945,1.64121143451,1.06663973582,7932.57829477,selfcorr_active,0.0268175020719,3350.58636016,744.963487824,3837.02844678,0.000591602762374
ed6e6e54,oof,visible_fixed_0p10,False,6048,10.9090206348,-4.66745568234,719752.710358,selfcorr_active,0.0376854370332,131756.542122,398.391754746,587597.776482,-0.000147003652664
edf885a3,oof,visible_fixed_0p10,False,3117,14.6731222585,-11.9539875704,671091.710909,fallback,inf,445412.501305,17956.615285,207722.594319,0.00266745855879
ee0300f7,oof,visible_fixed_0p10,False,4544,22.2928183359,-21.249403495,2258230.54107,selfcorr_active,0.0391799241361,2051784.80457,118198.788714,88246.9477875,-0.00388812002036
ee288beb,oof,visible_fixed_0p10,False,4638,31.7868322824,-25.0851895703,4686247.75297,selfcorr_active,0.0332885837597,2918539.12054,1663120.08891,104588.543519,-0.0141434813263
ee4aecac,oof,visible_fixed_0p10,False,5265,6.69879061579,-5.26809213892,236260.534435,selfcorr_active,0.0570480213407,146118.464539,32883.0244583,57259.0454385,-0.0016442920057
eeda36f5,oof,visible_fixed_0p10,False,4797,6.09635101046,5.25708952428,178282.882598,selfcorr_active,0.0467990414806,132574.642307,7344.59752342,38363.6427677,0.000893552461865
eeed308d,oof,visible_fixed_0p10,False,3899,7.65445641367,3.64151179267,228445.150953,selfcorr_active,0.0672342058643,51703.1111228,104488.258112,72253.7817183,-0.0045993295554
ef04658e,oof,visible_fixed_0p10,False,4104,15.5052510916,-13.7405471112,986654.178038,selfcorr_active,0.0409738633831,774846.013694,148949.792596,62858.3717479,-0.00508510071775
ef8e3ed0,oof,visible_fixed_0p10,False,5224,15.7643667867,13.2011112486,1298243.71921,selfcorr_active,0.0705812413352,910383.022741,44578.155914,343282.540555,0.00193707719389
efde6ac3,oof,visible_fixed_0p10,False,4559,10.7523417628,6.75750372235,527078.998578,selfcorr_active,0.0498428924774,208181.522046,176867.571235,142029.905297,0.00473271498682
efe96181,oof,visible_fixed_0p10,False,4012,22.0395214253,20.778041858,1948790.90467,selfcorr_active,0.0354753900137,1732088.81809,112424.955692,104277.130888,0.00457067785061
f0188a48,oof,visible_fixed_0p10,False,4170,7.12187028467,4.2728728126,211506.721586,selfcorr_active,0.0549860526516,76133.5334429,19869.6428637,115503.54528,0.00181334977873
f021b650,oof,visible_fixed_0p10,False,3739,4.98439659609,2.9321568934,92892.4990478,selfcorr_active,0.0192497348342,32146.2171937,14076.8133502,46669.4685039,-0.00179766853491
f03f10fe,oof,visible_fixed_0p10,False,4145,7.9275458498,-4.00548629533,260496.600367,selfcorr_active,0.0553984229071,66502.0503152,69678.6190925,124315.930959,-0.00342652260237
f053a1b9,oof,visible_fixed_0p10,False,4108,7.32510366016,5.59513399105,220423.546041,selfcorr_active,0.0522755487059,128603.094144,13404.571852,78415.8800443,0.00152325094769
f074d277,oof,visible_fixed_0p10,False,2453,17.6308863126,-16.3241575065,762510.517264,selfcorr_active,0.069369332933,653670.82418,42268.204245,66571.4888386,-0.00586207317663
f07d7037,oof,visible_fixed_0p10,False,5563,6.45341736131,-5.78366491581,231680.011541,selfcorr_active,0.0378104566625,186086.688352,9567.50047443,36025.8227144,-0.000816631797766
f08774c3,oof,visible_fixed_0p10,False,3900,11.1132379641,-3.4244205343,481665.826384,selfcorr_active,0.0309941274633,45733.9583833,240080.225269,195851.642731,-0.00696902338332
f140c2fa,oof,visible_fixed_0p10,False,4082,15.3789499953,14.0933836777,965442.404279,selfcorr_active,0.0283923972422,810780.977951,119295.105073,35366.3212557,0.00458767292387
f16e25e3,oof,visible_fixed_0p10,False,4651,3.91208286913,-2.78996051216,71180.7289359,selfcorr_active,0.0274586071587,36202.824296,4025.70069378,30952.2039461,0.000692933990045
f2d4c8c9,oof,visible_fixed_0p10,False,6249,3.49078195118,1.27044055731,76147.5558831,selfcorr_active,0.0398589606551,10086.0060412,8724.67265658,57336.8771853,-0.000655012235109
f321a31c,oof,visible_fixed_0p10,False,5141,11.4844430643,3.94392647489,678058.995467,selfcorr_active,0.0543923154025,79965.9725982,118624.528159,479468.49471,0.00323673000962
f40cd091,oof,visible_fixed_0p10,False,5166,13.6371340151,-9.51409403669,960728.377135,selfcorr_active,0.0295266494544,467615.912261,380686.535361,112425.929513,-0.00575629160589
f439a621,oof,visible_fixed_0p10,False,2821,6.36293471248,2.8812432743,114213.652536,selfcorr_active,0.027027253876,23418.7086749,7.77923920805,90787.1646218,6.44843882459e-05
f49fdea3,oof,visible_fixed_0p10,False,5391,6.69829792209,-6.05032275726,241879.048531,selfcorr_active,0.0513547066421,197345.131872,5471.03302702,39062.8836316,-0.000647323391726
f4d12d23,oof,visible_fixed_0p10,False,3701,23.8291634552,22.9320517599,2101535.24364,selfcorr_active,0.0385093914059,1946278.17129,21687.3983973,133569.67395,0.00226576957109
f56d3ace,oof,visible_fixed_0p10,False,5432,5.29762210056,-2.98748333304,152447.993167,selfcorr_active,0.0125148582964,48480.9078052,3.17653036765,103963.908832,-1.54215311078e-05
f5859199,oof,visible_fixed_0p10,False,5790,17.5477332106,-16.1125740304,1782873.8274,selfcorr_active,0.0467011421527,1503171.09252,12210.7965059,267491.938377,-0.000868849950643
f5d8aab6,oof,visible_fixed_0p10,False,4444,9.81207574876,7.88436168693,427854.234739,selfcorr_active,0.0352001205803,276253.079531,90163.4759134,61437.6792953,0.00351111360451
f631da6e,oof,visible_fixed_0p10,False,4093,9.5222875042,7.8456019709,371128.515467,selfcorr_active,0.0385948830836,251938.35388,2486.39647503,116703.765112,0.000659649457683
f6824bb0,oof,visible_fixed_0p10,False,5015,19.9202086937,17.6157116992,1990025.79273,selfcorr_active,0.0329183810129,1556221.19282,263677.334416,170127.265485,0.00500864931732
f6bc699b,oof,visible_fixed_0p10,False,3752,8.4746524943,-3.50071309196,269467.645342,selfcorr_active,0.0327693334954,45980.7305551,14572.6039965,208914.31079,0.00181955411151
f6d009f4,oof,visible_fixed_0p10,False,6715,27.330312172,-10.9412798441,5015742.14436,selfcorr_active,0.0475148894304,803863.425074,920252.118358,3291626.60093,-0.00603913885506
f72b268f,oof,visible_fixed_0p10,False,6404,8.26271490832,-0.17904488148,437216.81883,selfcorr_active,0.0478450717405,205.293473618,380472.378733,56539.1466233,-0.00416941582348
f8662c22,oof,visible_fixed_0p10,False,5429,9.77144608946,-6.834147965,518367.21047,selfcorr_active,0.0510312571671,253564.585174,91.1313731851,264711.493923,-8.26694075151e-05
f88ddb26,oof,visible_fixed_0p10,False,4990,42.6420361739,37.3690250332,9073532.81279,selfcorr_active,0.0535643730269,6968255.71936,747338.420951,1357938.67248,0.00849568630924
f8afa78a,oof,visible_fixed_0p10,False,6032,13.3798424258,-12.1510903217,1079849.7459,selfcorr_active,0.0609841824123,890618.743914,1909.45645864,187321.545527,-0.000323112313962
f8f59188,oof,visible_fixed_0p10,False,4807,5.10248879836,-1.95846390126,125152.129043,selfcorr_active,0.0201220159768,18437.6371581,25664.3850635,81050.1068213,-0.00166511748244
f9fc81aa,oof,visible_fixed_0p10,False,5598,8.95838415032,-0.626795613172,449254.315582,selfcorr_active,0.0409560559708,2199.30160239,136858.50266,310196.511319,0.00305968826505
fa16d114,oof,visible_fixed_0p10,False,5686,25.1601006442,21.5529827119,3599412.35792,selfcorr_active,0.0752219953186,2641323.62864,490539.053986,467549.675295,0.00565870613948
fa31da94,oof,visible_fixed_0p10,False,5027,11.6020366702,9.52391818958,676670.670361,selfcorr_active,0.0265537619946,455974.123887,151338.556713,69357.989761,0.0037809601294
fa667be2,oof,visible_fixed_0p10,False,7296,10.9316197987,9.41859200846,871874.272143,selfcorr_active,0.0490303711874,647227.251077,84354.2492166,140292.771849,0.00161442127209
fae0c593,oof,visible_fixed_0p10,False,4403,10.3895788078,-0.998728006817,475274.560381,selfcorr_active,0.0524215759334,4391.80595194,268652.640476,202230.113953,-0.00614558405109
fb03ae90,oof,visible_fixed_0p10,False,6431,41.511506071,39.903064376,11081932.2314,selfcorr_active,0.0536248899581,10239788.9892,298157.477634,543985.764613,0.00366771614278
fb0904bd,oof,visible_fixed_0p10,False,3181,4.58057524833,4.44905780001,66742.6910154,selfcorr_active,0.0218196615145,62965.0807941,369.493549721,3408.11667156,-0.000371149236476
fb3848a1,oof,visible_fixed_0p10,False,5919,5.88627630193,-2.03308304426,205082.984071,selfcorr_active,0.0373421473568,24465.7524294,888.58899833,179728.642644,0.000226761115752
fb73b13a,oof,visible_fixed_0p10,False,5640,9.54827653446,-1.08381309277,514196.45815,selfcorr_active,0.00607157763028,6625.03062517,94575.2526389,412996.174886,-0.00251513168811
fba7683c,oof,visible_fixed_0p10,False,407,3.05816863947,-2.0478067014,3806.42493896,selfcorr_active,0.0235701760432,1706.75950052,448.433585069,1651.23185337,0.00893407071572
fbd68d27,oof,visible_fixed_0p10,False,6829,26.2194117015,24.3852456713,4694647.60876,selfcorr_active,0.0333254714506,4060797.96984,343603.3388,290246.300121,0.00359818630461
fc03f21f,oof,visible_fixed_0p10,False,4803,11.2883282865,8.26110259368,612028.785483,selfcorr_active,0.0437787717611,327784.654552,56180.8479576,228063.282973,0.00246669752135
fc0d20b2,oof,visible_fixed_0p10,False,3954,11.8822864123,9.34754821078,558260.239935,selfcorr_active,0.0490267997956,345487.303964,101557.503377,111215.432594,0.004440088713
fcfcc902,oof,visible_fixed_0p10,False,2791,9.44238837336,9.00138561562,248841.926658,selfcorr_active,0.0318226660174,226140.615916,13139.1599172,9562.15082429,0.00269298971897
fd3b4faa,oof,visible_fixed_0p10,False,5022,6.02675701794,1.21505900714,182408.08037,selfcorr_active,0.0228461665628,7414.3220588,51739.0792815,123254.679029,0.00221403721783
fd710aea,oof,visible_fixed_0p10,False,4217,7.07433021776,-4.99926191766,211044.606242,selfcorr_active,0.0299595424688,105393.877365,44404.0963698,61246.6325071,-0.00266561087768
fd8f77fa,oof,visible_fixed_0p10,False,5272,22.139748496,-20.0421190364,2584168.1394,selfcorr_active,0.0484465125757,2117691.415,30583.8933458,435892.831061,-0.00158261002969
fde20ecf,oof,visible_fixed_0p10,False,4667,11.2098265157,-9.90681556659,586456.202458,selfcorr_active,0.0451958109648,458042.690127,35779.8387068,92633.6736241,-0.00205519540799
fdfd57da,oof,visible_fixed_0p10,False,5236,2.72659344968,1.09999018854,38926.0567934,selfcorr_active,0.0293515209896,6335.44698031,1242.12582074,31348.4839923,-0.000322235934057
febb4411,oof,visible_fixed_0p10,False,4247,9.34985345636,6.38447278806,371271.719256,selfcorr_active,0.00650961526096,173114.059843,44785.875772,153371.783642,0.00264873054077
fef8af96,oof,visible_fixed_0p10,False,3826,43.0575983205,35.9214359089,7093238.61401,selfcorr_active,0.0588162859128,4936877.40799,2027037.42621,129323.779812,0.0208403051144
ff0aea78,oof,visible_fixed_0p10,False,3261,29.2949847978,-27.6448899385,2798577.59396,selfcorr_active,0.0460296036143,2492186.44339,40576.4325651,265814.718,-0.00374715256812
ff8bb73a,oof,visible_fixed_0p10,False,5927,10.098276946,4.22504705873,604406.994263,selfcorr_active,0.0430479007288,105803.011237,92872.5362098,405731.446815,0.00231356598864
ffefef30,oof,visible_fixed_0p10,False,4570,8.16920550923,6.75869462726,304983.148239,selfcorr_active,0.0203912121372,208757.385505,60128.1696458,36097.5930886,0.00274951013695
