map,well_id,actual_datum_correction_ft,actual_trend_correction_ft,actual_u_slope_delta_ft_per_md,actual_log1p_baseline_rmse,ridge_datum_correction_ft,ridge_trend_correction_ft,ridge_u_slope_delta_ft_per_md,ridge_log1p_baseline_rmse,forest_datum_correction_ft,forest_trend_correction_ft,forest_u_slope_delta_ft_per_md,forest_log1p_baseline_rmse
v1,000d7d20,-5.44556569343,-16.1278815852,0.00654146046684,2.13469199589,-1.69349652016,-6.86918199536,0.00583392564589,2.72014083064,-1.31175303876,-3.27162099828,0.00520705351582,2.24850468149
v1,00bbac68,-2.52185400732,-37.8107252703,-0.0285633413707,2.78889580413,-0.96273733456,-6.88259933857,-0.0272702862574,2.42069333503,0.127499992286,1.89102073654,-0.0183486451846,2.23208898553
v1,00e12e8b,-0.760341780983,-17.1782695536,0.0404422068656,2.18881026972,3.06345435881,-16.6073285634,0.0401858382867,2.38490465154,-0.191396986639,-1.84463656821,0.00852259492445,2.28136735025
v1,015fe0d2,19.7495763501,31.820874444,-0.0166549962734,3.18448683055,12.4943904093,19.0519442067,-0.0164732045379,2.37588617082,12.8926781231,22.4380284005,-0.00230754806154,2.78548005527
v1,01869cd4,4.46775958251,23.2117023399,0.0474874956201,2.45260666177,3.31135405827,0.27286045093,0.0455586515889,2.60975515731,0.896175530105,-0.0252145160118,0.00995371650663,2.26314094674
v1,01982c1d,-2.94735600101,-6.03376583913,-0.0133976445237,1.99259261601,3.94196080661,-12.9094302599,-0.0131738124154,2.29544463447,-1.49489667776,-2.26440359092,-0.00693972801582,2.31987135657
v1,028d7b28,-1.80682868142,5.14115607892,-0.0072062447456,2.12747011894,8.49512764517,-0.821109823794,-0.00703058942758,2.92113701298,0.595694534923,-0.352065786744,0.00714782123051,2.25822155987
v1,02e7fe5a,6.60459866876,4.81704793604,-0.00256584675266,2.24224358856,5.84841988823,9.76879042152,-0.0010502827417,2.50592296017,11.2590804152,18.0172193539,0.0103482205011,2.706441777
v1,0390d174,-1.67608705509,4.96316613272,-0.00282773850875,2.2531235113,8.49526993043,-2.56838889841,-0.00246831222633,2.12984971615,-0.437498109538,-1.99487023523,0.0071550181426,2.22064256049
v1,03a935ae,-31.0362383345,-53.800101538,0.00164074271538,3.58503130018,-22.4831133664,-45.2643352333,0.00487380376989,2.4377478625,-14.0775367351,-31.0418913622,-0.00276417443963,2.96047486117
v1,044af7d1,7.90409382607,6.97546700754,0.0180216040736,2.38583525257,9.27571380375,0.728201080562,0.0173556372846,2.38946028495,1.75200143449,1.85603887611,0.011202239529,2.23761822797
v1,0498acab,2.88947061276,-6.95627827841,-0.0046769781751,1.94535843194,2.11400823699,-10.8084075203,-0.00506470354003,2.38200582791,0.73344185965,1.26273333132,-0.00327134785461,2.2365226828
v1,052d64df,0.517967280162,14.4139352593,0.00436463516674,2.12778776267,1.87607777628,11.4825539487,0.00389635587854,2.36858291725,1.75200143449,1.85603887611,0.011202239529,2.23761822797
v1,05948241,-3.15289765403,3.93314279108,0.00675356563699,1.79105421885,-0.588871986158,5.57970076886,0.00620183584167,2.32083540897,-0.366737554659,-1.34643159549,0.00303503531371,2.24059513745
v1,059c8f24,7.92315596037,16.4408901452,0.000665104940325,2.4775609636,15.0682998822,15.8122299736,0.000400578390338,2.21350620178,13.8698637908,21.6860744713,-0.00192191171366,2.82924955881
v1,05a0ee4d,-12.5270791168,-38.2152014474,-0.0010627599856,2.96241883976,-16.1427673886,-28.0303245357,-1.78947173175e-05,2.57419010148,-12.720887459,-26.1211125763,-0.00346004134053,2.87277239854
v1,060ab2b8,6.73126717801,7.13135297712,-0.0443014354259,2.30740467979,4.73643118751,13.3926721256,-0.0429178472651,2.37333969048,8.60139864376,14.7527652139,-0.010644666994,2.56583579749
v1,06df5958,-0.908951268167,0.975541934903,-0.00549580563463,1.40817473247,1.00360291368,0.0340010895174,-0.00525601767944,2.48657167349,1.24625248877,1.43927521951,0.00637523374794,2.23064232118
v1,071d7b45,16.3646496419,-4.37436407694,0.012301230882,2.89678407042,11.0280189148,7.70829691944,0.0112848391277,2.5696385493,2.32021243391,3.42444848543,0.008015399773,2.2895551305
v1,0849b4e2,-8.44001444826,-35.8625536434,-0.00521410762752,2.74518682833,-9.81997606546,-28.3482642559,-0.00534995440686,2.50256487043,-16.9352501093,-33.0547995331,-0.00513735484963,3.05691184881
v1,084d66f9,5.26741055341,-0.458461806266,-0.0379917271292,2.45899380941,-8.84766608675,-19.6402203196,-0.0383824876517,2.58217626743,-10.3730630205,-16.7792550732,-0.0129686864195,2.67403959153
v1,08fecf00,-1.89504305705,4.58564533347,-0.0110499077099,1.75090393886,0.919196392604,-6.48753251159,-0.0115266798181,2.33192594848,-1.13826512596,-2.41773093604,-0.00100120117975,2.24789675994
v1,09053135,12.2549805316,-1.46952513795,-0.010426304532,2.65756735901,2.48989150215,10.5217490224,-0.0103100800657,2.4406653892,2.38983298281,4.42713921815,-0.00391687258137,2.30395893699
v1,09441b8d,-12.6526494169,-1.0389728795,0.0219203387455,2.82962246503,-2.473300052,-6.17855635421,0.0220965954155,2.44220055966,0.173482273545,-1.85476821564,0.0115640294305,2.24370228937
v1,0955cd6c,-5.66759961501,-12.615237493,0.00936984238062,2.1997866394,-2.406803511,-12.0078254114,0.00905935864563,2.36617828436,-1.40210007414,-3.55892567769,0.00550921105462,2.25705438516
v1,09ec2ca9,-2.54861342396,-14.4477801768,0.00175409991327,1.96470624536,-6.11904358273,-3.88161781573,0.000951062991583,2.34990437043,-1.05262150047,-0.959662971805,-0.00823389049487,2.30953105976
v1,0a57a29c,5.64248239134,10.1199605558,-0.0143080196003,2.07351450961,6.60631180385,14.2022244795,-0.0125396637741,2.49477554073,2.49961722837,4.75532774673,-0.00365780780978,2.31304376649
v1,0bbf5e67,-17.213520242,-13.983121746,-0.0125209168315,2.96409296239,-11.5179923463,-9.67722884995,-0.0123573078343,2.68418775011,-9.50654695527,-17.8520322432,-0.00591560432792,2.68129740152
v1,0be01c24,6.74008442381,5.70312680914,-0.0407468883324,2.22714677893,8.96012240271,5.26437930607,-0.0397010285031,2.34020804225,2.64097454589,4.61114727894,-0.0166975323756,2.32669676271
v1,0c1b160c,3.5049742778,-5.58916019394,0.0103425907805,2.24413751602,-1.0593537567,-3.64936543671,0.0100154966167,2.48654144364,0.249682228644,-1.34804616171,0.00852813855161,2.24704751534
v1,0d99f8e4,-6.11234758715,-3.49414306874,-0.0129740783949,2.3363409019,-5.08697488833,-8.92494513557,-0.0131026893854,2.33454364747,-1.5686203613,-3.00250736142,-0.00245488269226,2.33455757778
v1,0dc5e64d,7.82924779668,29.6812979783,0.0239581174922,2.94490320609,31.3050074379,41.7521201517,0.023831852138,2.24271207796,21.2475732982,30.1099602596,0.0104471538471,3.14257945279
v1,0dc835f3,-3.10812330623,4.939684388,-0.001332305165,2.10775915806,0.286732096246,-12.7708385003,-0.00197852438194,2.58739168268,-9.64592651482,-17.9965436859,-0.00648758700516,2.68802896155
v1,0dd99dc5,3.91651865977,2.36847453047,0.0170301142133,2.22296078507,0.33811181507,-1.90958953642,0.0178103265954,2.60851706646,0.655894837266,-0.432038095671,0.00817579161474,2.25936195605
v1,0e5e560d,7.99898247771,-14.061157874,0.0147240674196,2.42426284426,-0.96651742872,-14.0584603856,0.0149587739099,2.54524317805,0.304763134325,-1.12909866856,0.0116469460284,2.25478445861
v1,109d9d70,5.18734994069,23.9500698238,0.00809950856225,2.33902666535,12.3981966685,21.6684857522,0.00663948481633,2.47318246344,11.9474038128,19.3299669626,-0.00214156586774,2.74045936843
v1,10a1281a,2.50981636655,1.15450819968,-0.0796361398896,1.52413821675,-5.79371555066,2.81976550923,-0.0767873524636,2.28182788404,-0.00494098016603,0.920021502433,-0.0165289579421,2.27734239844
v1,10b89021,-13.9032582194,-4.22968847566,-0.0168787843504,2.75501868829,-7.03999678081,-4.22362318363,-0.0145563198589,2.33025634557,0.6585590163,0.960657172066,0.00567460455616,2.25109492221
v1,10be2420,-11.5780434118,-21.1597018737,0.0116535386704,2.65741997629,-7.90686023671,-14.6711347331,0.0101682991488,2.31076970137,-9.15684005509,-19.9689815953,-0.000880670786625,2.69224100179
v1,113011eb,1.012799511,-10.1919460399,-0.0110432600922,1.8209801267,1.14507377783,-4.10219199299,-0.00847007469465,2.43388092332,0.595694534923,-0.352065786744,0.00714782123051,2.25822155987
v1,1131525f,12.8600216398,17.3543827103,0.0127496880913,2.75175862267,12.4201114916,13.1596212751,0.0126596078214,2.64415667221,11.6457693589,18.7227450361,0.00988794960394,2.73092798484
v1,11d0f5ac,19.2301781692,30.2414639669,-0.000640542961152,3.14282403462,9.94933613892,20.0103849989,0.000551275618053,2.3195912209,10.4750756615,15.8905891349,0.0120224362441,2.652421899
v1,12203f2a,-12.1435326587,-12.4997942915,0.0176864932576,2.69207803212,-2.87718517284,-0.646234879203,0.0173487527072,2.42555090198,0.989080262806,0.331402073099,0.0106440398971,2.23447122978
v1,122bd617,5.39292122538,-2.52843343081,-0.0124195921724,2.53924964498,4.17474037779,5.24077799377,-0.0122721368613,2.62931055202,1.63554102031,3.35136227965,-0.00443113262065,2.27291904553
v1,125be846,-16.9760983103,-14.6895846618,0.00472113402512,2.96740378161,-9.55310902945,-19.1640769347,0.00602391997032,2.51113060113,-8.23409284642,-18.9442104819,0.00110067601277,2.65373835092
v1,1285a37b,-5.08904413078,-1.53167959179,-0.0362508106453,1.8793303096,-1.12310219918,-1.39129704108,-0.0366582419039,2.41463236145,-0.242299293404,0.981017440229,-0.0168428485979,2.23312776029
v1,1295a25b,5.30934065934,-10.5477890294,0.0308683076104,2.37181268792,0.770945153303,-7.87227577491,0.028292612671,2.32802586728,0.236653533043,-1.32808591666,0.00817625877568,2.27634422081
v1,12f0cd90,0.295340507819,-1.33132907145,-0.000843818289265,2.18549319965,-3.98935559139,-6.03739389134,-0.00376845979885,2.30194328445,-0.625588211127,-0.905976829509,-0.0126175390571,2.29074925054
v1,137d1e44,16.4748572683,53.9177146022,0.0035555816349,3.25848771196,14.3523317285,25.1951042453,0.00193200754404,2.64230469494,16.4749968902,24.3392658474,0.0051588641865,2.94960156741
v1,13ce113d,0.522899527984,8.44939801062,0.0821277402466,1.47728032153,7.65677366422,3.46387390751,0.0799296919148,2.20581212777,1.69175771279,1.37574808633,0.0107356799285,2.2527013776
v1,13f598d9,14.003202847,-4.57105887124,0.0122530464635,2.78307046669,12.9520976596,8.14134253126,0.0136654216604,2.44061563215,11.2590804152,18.0172193539,0.0103482205011,2.706441777
v1,14a53cb3,7.66749963868,2.04503531283,0.00859660750401,2.29733309929,4.00111167381,14.2169560052,0.0100960913589,2.86328177882,2.85600759464,3.37192597734,0.00927343525682,2.30203740817
v1,14ab73fb,-13.0231652508,-1.33263921735,-0.0237541093466,2.76122141274,-18.0016723717,-27.240504808,-0.0225933180954,2.40696602685,-10.5732495879,-22.7306203438,0.000983400230664,2.75722054666
v1,14ad5efb,1.0379082506,14.4299679617,0.00709140897426,1.98766944236,3.45656722422,0.822614188613,0.00486414064927,2.24222983097,0.558927865617,0.215009236932,-0.00350180905947,2.25497578893
v1,14fee784,-13.190706721,9.91522054277,-0.00129975269164,3.10994520525,3.74159786424,9.78055919871,-0.000966874605814,2.45640676451,2.7228375061,3.75398388389,0.00050949496007,2.33610099241
v1,153552f5,-2.43310330138,-14.1700525551,0.0206174819613,1.8183108152,2.63929193859,-2.60080126826,0.0216638239329,2.2453148837,-0.837974485894,-2.65201408714,0.00764509079653,2.22486619895
v1,1550491d,-19.8100964278,-15.407193495,-0.00682338310382,3.09861174486,-6.22562587925,-15.1995162211,-0.00684919239237,2.59638374057,-8.06052960095,-17.3458229464,0.00250663702551,2.62151709677
v1,155887bb,8.56630259624,21.0068070893,0.014360290133,2.5489226746,6.40139524112,27.7881840029,0.0144121265259,2.65210434109,13.2488827609,19.9175450576,0.00865564332078,2.81843405776
v1,1590af81,2.07464595946,-7.78153702221,0.00517220285168,1.88112584836,3.15311466281,2.92765218256,0.00581213965607,2.63061888017,0.941346303861,0.33070656025,0.00973990142812,2.23559206401
v1,15e154a1,22.0482168754,2.27079906715,0.00743653675019,3.18744645218,10.1722715113,11.646544414,0.0070870132548,2.36314616285,10.738087993,15.8468840728,0.00582869547282,2.65472298921
v1,1619e2ca,2.84048390727,4.36255101067,0.00633841927303,2.17615025147,2.68787118424,2.66352868147,0.00610485848615,2.32321180741,0.933633739445,0.33306240714,0.00947085813765,2.23657664658
v1,16e4a047,-10.3759041394,-4.97927098558,-0.0120122591335,2.46090481489,-8.63522600046,-0.72757092318,-0.012141559305,2.5453499019,-0.328159856599,-0.900812063206,-0.00621811078313,2.27807276286
v1,173ed841,13.8711038296,21.9410973688,0.0189198484335,2.92211358429,8.537976152,13.4528904924,0.0167075375083,2.5740013147,1.53676545702,2.70104710961,-0.00469131647307,2.26847292337
v1,1770d7c6,8.80878314917,-10.4110549697,-0.00668943191892,2.59023088541,-6.00357864799,-9.72272367611,-0.00586170239375,2.44385893967,0.6585590163,0.960657172066,0.00567460455616,2.25109492221
v1,177622d7,-7.23245719721,-18.2803886072,0.00874717051634,2.37957850458,-6.29741545082,-6.88613718503,0.0100535377967,2.34816686978,0.201764196906,-1.2817550315,0.00985379057833,2.24399110455
v1,18d24f7b,-4.74449319877,-17.2370144296,0.0144955591921,2.14359830308,-6.78401295867,-14.0175646139,0.0155873619524,2.32931160433,-2.88979197697,-7.93099862438,0.0081200973587,2.3777626881
v1,19137a89,15.1318461784,28.0370555219,0.00947745581957,2.95073077281,19.3621940269,32.0896050516,0.00942542179231,2.99260622543,22.8317537762,34.1062027627,0.0025342300203,3.23201016936
v1,1944513c,4.01043413808,-2.51252345372,0.0432658751615,1.90787251804,3.18737568034,2.20945272089,0.0438747390919,2.39929436832,3.10044352968,3.10026632056,0.0109176993254,2.29486540238
v1,197f8a5a,20.4432424723,25.6700732166,0.0094899535234,3.24319975881,0.977937403084,4.17216752934,0.0101804456736,2.47970249178,1.20833545865,0.657990821086,0.00860858949954,2.26359622988
v1,19871e7f,-1.29909314189,-12.9039043976,-0.0339615958423,1.84906566723,-1.98225508264,-5.18201841301,-0.0330320275221,2.4591841858,-0.511742741331,0.18331564869,-0.0180949994347,2.28673054253
v1,198a5607,-6.8497712366,-13.1521729345,0.028252142023,2.39286912788,1.82152065847,2.49350513459,0.0293796750862,2.34018855649,2.03418523906,2.03908738889,0.0132917169179,2.24040491373
v1,19fb4f7b,-4.24261743772,11.8127492069,0.0144630300227,2.49236877433,-8.30457790591,-3.26827739808,0.0135626642555,2.55231310708,-0.094713739111,-1.38265968159,0.0064007427642,2.24901950851
v1,1a518997,10.4944463743,3.60744384996,0.00407581719579,2.46476352726,7.43753132896,4.8108358187,0.00609800878426,2.68376076368,6.07298121962,7.93972083502,0.0118577405918,2.44480942603
v1,1a68190b,13.6189941886,1.95372856404,0.00138113717438,2.85829762443,6.55960098246,5.15958404791,0.00103865222605,2.66176845256,6.25011844143,8.96409516622,-0.00799824611709,2.43737256959
v1,1a730ac2,14.7305255157,-0.517967217381,-0.00694558283015,2.8536156027,10.4881441573,8.74411972199,-0.00724695537934,2.42525569416,4.18527174684,6.55953041289,-0.00821135710093,2.37354451956
v1,1aaf1da0,7.39079933389,15.030218252,0.0319236060522,2.3309975495,8.15118003499,14.3225243647,0.0307598835988,2.69797358551,9.15980314298,13.8361584741,0.00806902206284,2.58699874699
v1,1b08ed48,-10.2008312567,-16.6441497555,0.00412864960968,2.55244775861,-6.33165383451,-9.46323532184,0.00401875285589,2.44641986977,-1.65266848997,-4.22896522604,0.00595690158268,2.33452567933
v1,1b1c5372,-10.6598662286,-43.6728423752,-0.0214107975344,2.93563055658,-11.556447303,-27.9442610762,-0.0203073780147,2.32795201765,-10.81467464,-19.0965580549,-0.00581943980718,2.72476549193
v1,1b1eba53,65.9312051557,81.0016096039,0.00772795995205,4.27164484767,37.0850989862,58.386955081,0.00860692720369,2.57868173332,16.8417284859,23.9124851225,0.00976979234837,2.94718915761
v1,1b6ba517,-6.85007579203,-6.10659399454,0.0101630107936,2.17682682005,-3.7003561611,5.08405527337,0.0133649340738,2.35396818106,1.54749102275,1.11203212945,0.00888637004023,2.2773491947
v1,1b82b665,-1.83228586443,12.6958695469,-0.0128178667341,1.96102314959,-3.04834185389,-1.74849387145,-0.0141774692454,2.13724161239,-1.76589687127,-2.64780722275,-0.0147244658912,2.29355593914
v1,1bcb2fcf,-4.45205791335,8.91261597374,0.029153249559,1.9749422032,2.21888165295,17.1887628213,0.0298862397501,2.41828788454,2.85600759464,3.37192597734,0.00927343525682,2.30203740817
v1,1beca81d,-3.71080420969,-14.2256408085,0.0141794207858,2.21427505131,-1.78282383669,-9.12360372729,0.0160398918084,2.52278165052,0.655146190295,-0.684244427611,0.00865139950503,2.26584334068
v1,1d3fbf02,-3.51762435041,9.52706868696,-0.00370085483901,1.93244450483,1.24744270488,3.93797205944,-0.00417480961848,2.244778157,-0.175335977843,-0.841920792084,-0.0012202352917,2.25636227373
v1,1d78281a,8.72624166498,-1.13095194254,-2.63492463535e-05,2.55577245544,6.93476889272,3.74005391697,-0.000379318498439,2.77676241282,3.31096125378,4.57032601442,-0.004506772246,2.35301786525
v1,1e30dedf,-9.19252026529,-18.6814242529,-0.00100319908118,2.57543718528,3.96919059803,4.40335721045,0.000287277478668,2.15154497429,-0.548421923616,-1.92708055309,0.00626379189789,2.22346255425
v1,1e5e3573,8.82965875912,-18.4191967787,0.017380345679,2.55891264796,10.5320958241,4.31534687438,0.0164847231783,2.38987326637,3.2806175468,3.58828350306,0.00929976576344,2.29944818499
v1,1f9afacb,1.53853415916,3.87498139324,-0.0257912059624,1.25800752756,2.82586936468,3.38917107523,-0.0255896136016,2.2477388742,0.155654672672,2.48654208261,-0.0202800173464,2.28131248879
v1,1fdbba44,3.55032376298,6.72553585748,0.0277559894549,1.92210354342,5.62588522445,13.2285326164,0.0262148717811,2.69563203273,6.13783518867,8.46506450834,0.0115078485359,2.40460331307
v1,1fee2b62,2.48614953674,17.2339819032,-0.0152467639259,2.22691106185,3.66396796756,5.43806811748,-0.0150586535481,2.36944445011,-0.830019627196,-1.29233744604,-0.00765066928282,2.23841100869
v1,20096916,9.00465225015,9.44292561457,0.00308904406353,2.4386139927,4.99867171133,4.71810518477,0.00182245007704,2.94228324151,0.693195832981,1.79418192416,-0.00712350480882,2.25700869793
v1,200d233d,11.7409551707,7.93199554244,0.0066519547117,2.62294492629,7.15569137662,9.6227070672,0.00649991529482,2.72383795285,1.53187942523,2.26265405047,0.00193808854502,2.23768713442
v1,201661b5,6.59637951301,30.2853778625,0.0254617657379,2.59346763296,2.80568717452,3.04278101773,0.0223923181794,2.35459758872,0.424234001776,-1.08502758509,0.00976845913223,2.23952299642
v1,203721ab,-6.38765794066,-1.16373494388,-0.0208592497782,2.40126129896,-1.79484605857,3.22895773803,-0.0196271120839,2.3718981846,0.888364019475,2.12174720114,-0.0102728190166,2.21252328437
v1,20402d71,-10.4738857502,0.151780132344,-0.0103146641705,2.53859524628,-5.91867637792,-13.4534335008,-0.0103317301006,2.40356977067,-8.02086776657,-15.9037794061,-0.00168640121747,2.59944325454
v1,2043abc5,15.2836231676,-5.49501440107,0.0103852372613,2.94673502646,15.0718549365,20.0356544229,0.0131143778638,2.58600735687,13.4133675537,19.5013110558,0.0152172181374,2.84202831784
v1,204cc64b,1.81717377732,-16.546739323,0.00889395284333,1.9593734086,0.967024201927,-14.5745821176,0.00931150709523,2.42921387714,-3.37890988195,-8.87065810574,0.00627259432688,2.40948154801
v1,206b6193,-31.5078576894,-62.9422955014,-0.00426581378182,3.62458088381,-28.5281120365,-56.5725456481,-0.0044469021922,2.48005375288,-15.5489072635,-31.9602283928,-0.00326846066424,3.01740624587
v1,2075c696,18.264629862,36.8779775522,0.0379278996009,3.13108805584,14.5397611342,13.9353322757,0.0372099953519,2.25820320153,12.1147577477,19.1239915191,0.00703675477208,2.7543462668
v1,22c5f93f,-2.16448182521,-0.654630275081,-0.00670124197846,2.09078104627,-3.27369259586,-4.58292353899,-0.00713227911831,2.66138531607,-1.6614703502,-2.8105339997,-0.00746987627306,2.32469866901
v1,230eaaa3,10.9446950959,70.7927871299,-0.0482202865385,3.27043791697,22.328210968,48.4370612553,-0.0482052967663,2.34843867925,23.6490724778,32.8737109716,-0.00672984225949,3.22406203096
v1,2364716c,17.2351830399,25.1294284885,-0.00632015252993,3.02858705727,7.32360570173,14.8656044245,-0.00503427287147,2.24230304546,11.1226445554,18.3510498315,0.00925673069005,2.70023850758
v1,23b9beb0,2.86119754768,3.6278466754,0.0102889091845,1.87170428626,4.26210437471,1.46218992058,0.0103670210812,2.30690188231,2.18564885191,2.04687145909,0.00936285333131,2.29228754977
v1,24d8997e,1.73997094712,1.06661003479,0.0422934505031,1.89303707852,4.30826778153,6.84351749822,0.0420584333228,2.53833120125,0.989080262806,0.331402073099,0.0106440398971,2.23447122978
v1,25050f63,37.1329033312,19.6162974212,0.00360288747409,3.66347465112,16.9629984278,16.3352831607,0.00623133949316,3.52223288817,21.9118930146,36.295738503,0.00820305001662,3.22377714064
v1,25939962,4.17294512619,21.0970013571,0.0300420265577,2.49317751286,1.67751093744,4.45966530138,0.0290463010614,2.47318282523,-0.460651383621,-2.05408818695,0.00820175342855,2.22006496186
v1,25fd32b3,2.91316464471,3.07702781251,0.0389577421496,1.42987215189,2.46215445484,2.98351447501,0.0386056573696,2.69709131137,0.919041370622,-0.127550586053,0.00882412059917,2.26758996455
v1,261785ee,-21.0691854087,-16.0544012249,-0.0253897719257,3.20189008588,-9.19932036043,-21.4987166802,-0.0245790151109,2.48911655965,-9.18643781609,-16.8481209944,-0.00864544214903,2.68547940155
v1,264feceb,-10.4375869373,-5.31775536024,-0.0183862265234,2.47345755531,-6.04981172596,-5.86164325794,-0.0176973282432,2.29779753293,-1.92517738288,-2.72287996943,-0.0123132007005,2.29798798154
v1,26623a50,-20.1416338274,-2.67115681804,-0.00231695522939,3.12127961545,-7.78069486271,-13.3298421335,-0.000995627626952,2.54841748358,-5.48461388698,-10.4193132622,0.00244072412362,2.44411153302
v1,26d3a96a,6.28027960178,-12.3219103376,0.0204474713403,2.30891412254,-4.52616292181,-19.3613998002,0.0194824635523,2.54735058968,-9.08078969174,-18.0507846524,-0.00173429867574,2.69228652924
v1,272abef3,-7.33943893591,-4.30298734444,-0.0265668832808,2.39998550427,-1.73073132827,-2.98077378666,-0.0240592378145,2.49711868667,0.467670195688,0.94931436163,-0.00599754549763,2.25700866301
v1,27300fd5,16.3115657582,1.29575143084,0.0142689062019,2.91178473449,12.3938628951,13.1404543471,0.0145837808519,2.83904873078,2.98997647755,3.66458950875,0.00984005275312,2.30000197948
v1,276b012a,24.6960099235,-1.25979366881,0.0289520541594,3.33529444017,15.780501392,7.37212418183,0.0269974810594,2.29343837007,1.78407570908,1.97069117987,0.0090409009211,2.2391401158
v1,27c3155b,-17.0770149254,-13.0609168559,-0.0426690072069,2.95025641243,-8.43600993611,-15.857610889,-0.0409896621721,2.22622224257,-8.57862809522,-14.5556749713,-0.00829312549988,2.58993144776
v1,27ebb9b9,7.01092785293,2.21295254116,-0.00630389057288,2.39682497862,4.83390875098,2.60384599061,-0.00728766445158,2.20364645997,0.588505528273,2.29870874686,-0.012801695513,2.22719618995
v1,283269ac,-0.480091393755,0.985750633978,0.00176206624743,0.749503626117,-0.358453400888,3.43987773345,0.000850015194861,2.3577733287,0.856580802726,0.406053195822,0.00858424219963,2.23824948307
v1,28473855,-0.191524475524,5.42198701136,-0.00664476560066,1.71316753795,5.94330756561,9.05575114399,-0.00628677584957,2.23544536067,6.38393313615,9.1515807865,0.0106709563786,2.42849005635
v1,28f4eda9,9.55695974174,16.9029084567,0.00276849752613,2.57710786687,11.8534737039,16.4451123552,0.00330628271578,2.87311680989,10.7127472041,17.1932729797,-7.80063358558e-05,2.66955792657
v1,29b24409,12.7062376946,9.67911503197,0.00981837945575,2.69170544442,8.75951654386,12.5407466712,0.00994841087319,2.45783759885,10.2296788989,16.3829226011,0.0103460268385,2.65339963448
v1,29de15c8,-3.75163217721,-6.39206047086,0.0404604511136,1.72022053287,1.75093801129,-1.31568172609,0.0406553548551,2.32687730257,0.989080262806,0.331402073099,0.0106440398971,2.23447122978
v1,2ab29395,-1.84941684665,0.119330302038,0.00993486689368,1.24111134153,2.07851973148,-0.0654133246229,0.0106103503465,2.36890259203,0.779169000565,0.823880571045,0.00227803327701,2.24918894218
v1,2ac7cb6b,-9.4238496994,-36.7090908445,0.0154477383369,3.0251111206,-16.2814041775,-35.3235370688,0.0136340877256,2.39068062224,-15.1087516147,-31.4535089452,-0.00271559430217,3.00226646139
v1,2acc78d4,9.2892076887,25.4579147199,0.00502849359764,2.68281679315,7.19253927453,7.18636931797,0.00452769856895,2.55283372608,2.28231197436,3.09872985631,0.00334543372618,2.28630838994
v1,2b034622,-6.14806265616,1.58540238049,0.0343404581163,2.05484416593,-1.46342052119,-6.11456550568,0.0346424427122,2.28359511695,0.304763134325,-1.12909866856,0.0116469460284,2.25478445861
v1,2b06ad65,1.81412828947,2.70246476723,0.0117165736389,1.32078918734,1.32062199996,0.415509059304,0.0112054770129,2.25928441554,0.989080262806,0.331402073099,0.0106440398971,2.23447122978
v1,2b547943,9.89807758621,19.0143438518,0.0197093909374,2.5833526005,11.6866677901,13.397866384,0.0181478268426,2.35371293732,3.29623308067,4.16700564758,0.00944131637095,2.32068944945
v1,2be5c96a,0.714622327791,-6.09193642485,0.000816777238203,1.53941426693,6.12601446602,-2.9384951202,0.000973465114138,2.13777413579,0.612396658471,-0.0406325688199,0.00049211683006,2.24921392225
v1,2bff06cf,27.0296983211,15.9685777366,0.0169448349301,3.3819445974,9.15316842333,8.3894919711,0.0173390680568,2.44082065047,2.85525894767,3.1197196454,0.00974904314711,2.3085187928
v1,2c0c4a4e,5.89795407098,11.6519997699,-0.0124207973047,2.2023160589,5.08138675356,11.9677300647,-0.0113296678131,2.67878602631,2.67505122984,4.14398493467,0.000647781314137,2.30733230236
v1,2cee0cba,-7.95743636364,7.38322091256,-0.0102893850044,2.45660497456,0.300499788509,16.820104208,-0.0104021603599,2.53926983268,1.30676127662,2.79196325786,-0.0108741948974,2.22441565368
v1,2d0c268a,-12.1760769231,-7.5722362181,0.0142813590502,2.76473238767,-5.59927114072,-11.6534233753,0.013719924822,2.30441756095,-6.96945430968,-14.1483812272,0.00136048354484,2.56577074494
v1,2d179ded,-1.97207191781,-1.74751953457,0.0187508487371,2.16902561839,-1.5747477475,1.94667234393,0.0188245806515,2.39921872465,0.655894837266,-0.432038095671,0.00817579161474,2.25936195605
v1,2d196986,-8.81614612295,-24.3755864024,0.00240553189963,2.56428123899,-9.05536691753,-12.4114756599,0.00258621626261,2.66163256821,-8.74199810055,-15.558725968,-0.00359611165955,2.61477495951
v1,2d2d0c6b,0.736917740336,1.38046715824,0.0338548660039,1.39771521931,5.52381466497,1.48348833616,0.0331495142214,2.6331845306,1.97296674014,1.88108804525,0.00921053940776,2.27492707459
v1,2d35f86d,-0.535541258169,29.953846295,0.0269536045387,2.50276267614,5.07406755453,16.6609456371,0.0254076798146,2.58137453594,3.20286535842,3.5392365326,0.0103113492424,2.29724985319
v1,2d9f6cb9,8.01689424911,14.7829346048,0.00315035967625,2.38956119188,9.60474954297,9.00735048304,0.00328391797204,2.45310248967,1.38240204405,2.44175457954,-0.00291264204932,2.23832881003
v1,2ddad940,-2.92876571,-17.4115970003,-0.0106366765954,2.15707555516,-1.9792467757,-9.36708688158,-0.00986442783373,2.25678020075,-0.0322161170732,-1.36847589595,0.0076018936835,2.25664251563
v1,2e29e833,0.280810611643,-4.87252091819,0.00780420478162,1.66914952024,0.195041076713,3.6867641135,0.00751716824874,2.02967207786,0.595694534923,-0.352065786744,0.00714782123051,2.25822155987
v1,2e43c2ea,4.40575991576,11.8212528329,0.0334113044627,2.13858231833,2.6121691583,10.4267939264,0.0329291034122,2.71348945444,3.20286535842,3.5392365326,0.0103113492424,2.29724985319
v1,2e63d9de,-3.87418812513,-39.765719542,0.016790385437,2.69286266373,-4.12077464164,-16.6691302194,0.01538557217,2.4971124942,-7.50352902625,-15.516940472,-0.000273755136952,2.57791156164
v1,2ee0235b,-4.89365190785,3.84128255142,-0.010668274748,2.05450234308,0.815579928028,7.71205966239,-0.0101922402113,2.35319112201,1.0874962649,3.13552353816,-0.0151053043158,2.24554468165
v1,2f19d536,-5.89366580311,-7.80775454689,-0.0356193321547,2.01963824424,-7.36128595984,-3.53739507068,-0.0347567582775,2.43539329491,0.173076301229,1.71554518229,-0.0156506446374,2.23278289125
v1,2f8e53c3,-1.69440632228,-5.80911090511,0.00713657765309,1.45699863291,-0.217759544793,-10.1775731285,0.00807717880534,2.08972167626,-0.149722803383,-1.68003413845,0.00920976748833,2.26214067429
v1,2fa01aa6,-15.1232842686,-37.0762644672,-0.078748498997,2.98454086331,-18.4196323166,-30.651496497,-0.0745501256487,2.48736519313,-13.1334290506,-24.4510535337,-0.0129953774583,2.87757526282
v1,2fd68f7b,56.019744186,55.2542913016,-0.0085268165988,4.12293449111,26.7875293664,52.9344030828,-0.00767556296009,2.12694736946,21.9120302759,36.2217532132,0.00227949945316,3.21090774774
v1,2fe023be,10.4132693674,-4.80702245691,-0.0164029824535,2.63255850637,-8.26576660523,-14.5888643306,-0.0170088842967,2.62197328447,-9.83698362988,-17.0849676971,-0.0168303608854,2.64997285143
v1,30d75030,-10.7932373678,-46.9160394767,-0.00850477976427,2.92312494937,-13.4444026195,-46.1915363709,-0.00859365134137,2.57229600651,-13.6103584552,-28.9296350151,-0.00210476393653,2.94168442507
v1,310c71a5,6.34926978074,-3.69558537932,0.00407584242747,2.28679239006,-4.65864652976,-11.5974599382,0.00371418243495,2.58743069346,-6.82991890563,-14.8842801868,0.00458607506581,2.56236105893
v1,32fe84c9,-20.1564497503,-20.2789559027,0.0134470037147,3.14634048536,-12.7746882708,-26.8157140812,0.0131113243897,2.57889198929,-13.6423964287,-28.8537776341,-0.00141930546561,2.92274017042
v1,33c40295,3.0560566083,24.0517265048,0.0300298301305,2.27220730293,4.42376566521,18.4601905574,0.02785581174,2.66364404045,3.20286535842,3.5392365326,0.0103113492424,2.29724985319
v1,3407f5bf,-14.0159098406,-46.3998016177,-0.00644086820632,3.10431232131,-28.3837979586,-56.3877864865,-0.0074547058607,2.37836231491,-14.7919077488,-31.5917873971,-0.00709054175697,2.975038025
v1,3417285d,32.7090952468,12.8966323241,-0.0125844102643,3.5673327765,8.92804488738,24.6535233773,-0.0111112822876,2.35670561499,19.0762453858,29.6309028127,0.00257652676637,3.05834779142
v1,347242c8,0.20678720445,1.82458974196,0.015219052084,1.17619752262,0.283289386794,-1.27002085069,0.0137057515863,2.29715116046,0.555765399533,1.13048243284,-0.00257574595422,2.25761782934
v1,353e5502,1.0758973936,7.35034425076,0.0314785698462,1.89301566143,2.84469623876,1.90521699233,0.0301447371813,2.79340787663,0.655894837266,-0.432038095671,0.00817579161474,2.25936195605
v1,357c12f9,3.56400098063,5.44982231083,-0.0657041230089,1.8907629496,0.580988562344,5.31253840092,-0.0659351285519,2.53894198928,-0.0791022872653,0.925088645536,-0.0182904152579,2.28504031759
v1,3584a6eb,-8.10273920783,-13.0519867142,0.0247414951964,2.31335868514,-2.36089636884,-6.17283561572,0.0240306148698,2.6118951777,-0.167782499151,-1.69476630631,0.00691739112671,2.27933498343
v1,35b30c7f,-17.6190165988,-17.2228579938,0.0280478538584,3.00328308891,-7.34283256131,-18.1352823567,0.0278925915488,2.31263508291,-7.33935696636,-16.7633434595,0.00499933437143,2.59650362887
v1,35b3ef6a,-23.9009451844,-30.6600957907,0.000597445583819,3.29751633035,-15.9957638315,-29.4503542648,-0.000228039597652,2.34763333262,-15.0194723588,-30.5003672381,-0.00361555543957,2.99476128719
v1,367456ce,10.8164140779,6.31336452464,-0.0191487955308,2.61171381588,11.3941793111,15.9256953518,-0.0177780773433,2.45308320225,12.5567725871,19.9015135255,0.000104588410899,2.75940440483
v1,368131f9,16.9838629533,38.5834452592,0.0199165458839,3.08538023364,13.0695420988,23.7102575438,0.0190187087981,2.56857059503,10.5648504969,16.4598153047,0.0102090871238,2.66168927778
v1,368fe682,11.2572285251,9.66109807562,0.00819667869445,2.69991739846,5.31674494934,10.9874954139,0.00875898030855,2.58711978837,2.85600759464,3.37192597734,0.00927343525682,2.30203740817
v1,3690a146,2.14700466487,19.0826613349,0.00389782793558,2.09558017439,4.33268334246,13.5990804332,0.00271778013906,2.43975405167,3.2133995973,3.80239146386,0.000565976164916,2.31728563398
v1,37344c2a,5.97685587839,28.1300590945,0.0562712269026,2.65600577516,5.82991955439,6.61198734448,0.0551694923133,2.24093933037,3.10044352968,3.10026632056,0.0109176993254,2.29486540238
v1,373ef48b,3.31184667997,5.41870393348,-0.0274556489824,1.82570852114,3.18909667937,4.29987044628,-0.0268506379884,2.47137460443,0.250149478543,0.643548203509,-0.01412547541,2.26450986306
v1,374be387,-2.08801204215,-8.66480723834,-0.00466714097251,2.04287644243,-4.47470138275,-4.75165904989,-0.0051029830362,2.4363450126,-0.948929206287,-0.618157774619,-0.0105386085751,2.30297722645
v1,37d36812,19.8489832837,19.8917885389,0.0340439927836,3.12922736273,16.1425947732,26.8719950133,0.0334819952047,2.72517271134,17.4645792317,26.8143045506,0.0126720753169,3.02645956094
v1,38991fd4,-12.7939224677,-19.8096391382,-0.012186366852,2.76418104453,-8.25481328197,-13.4005048712,-0.0107604861895,2.42400404802,-1.74486026086,-4.05797507552,0.0060429321292,2.26805204972
v1,389ae58f,47.8121321368,41.2157784774,-0.0285620144476,3.92716870701,26.9567015937,37.380547423,-0.0268746285491,2.8303158819,22.126611684,34.5406328443,0.000296054500495,3.20099530367
v1,3932faa6,-1.6666269259,12.7894236111,-0.0260501181982,2.65027804241,3.07395135859,1.1555725422,-0.0282634976787,3.00508241312,-0.356611974098,1.61826701625,-0.0209390402997,2.29024007321
v1,398dce4b,-1.38212255212,3.79733079266,0.0110802220796,1.71554747473,6.60436464957,13.4362906101,0.0111151088303,2.37650803186,2.82992391751,3.35099580481,0.00993559052664,2.31593485722
v1,39b51819,2.1916520917,2.06915812446,0.0279647456829,1.42559951372,2.02234201519,1.9590297365,0.0281477531808,2.60438515172,0.655146190295,-0.684244427611,0.00865139950503,2.26584334068
v1,3a0af893,15.8795524428,30.5962420399,0.00440412237245,2.98009900906,13.8474030667,22.2685938963,0.00312601983703,2.51970370477,12.4735292535,19.2698080906,0.0054189704744,2.76588913537
v1,3a223519,-7.23153392974,-18.7419899743,0.0039603103941,2.34191756016,-4.90297757944,-9.95836309236,0.00293148556519,2.43480032671,-4.03635678479,-9.07517841503,-0.000291185939836,2.43659136246
v1,3a7dd95d,-9.46395507812,14.8731287181,-0.0405729726928,2.6397990981,-4.24603520819,-1.70849470543,-0.0390940435316,2.31368106934,0.472934792432,1.53858363658,-0.013121768141,2.21810998567
v1,3a824aa7,-2.66101880505,11.0655026109,0.0421814730123,1.90063352876,5.31319761797,1.85193325304,0.0399506319332,2.34937483237,1.68225942974,1.4402072096,0.0119035569737,2.23703485515
v1,3a86fe8d,-10.5534544744,-8.72973289176,-0.00895942807089,2.53644788484,-3.97159550131,3.16531046303,-0.007794796275,2.67328511667,0.890027937213,0.847785266736,0.00481130929448,2.23564993161
v1,3aaa2b30,14.627191679,30.3839328898,-0.000346205520909,2.9188637739,11.7834799422,20.322876429,4.34658605456e-05,2.30358955077,10.9076556265,16.8233941693,0.00493251207357,2.67721071155
v1,3ac16ad0,3.18286599398,-1.02478296824,-0.0191147799737,2.29056778538,-0.267167926119,5.37476319226,-0.0187567649781,2.51588915057,0.268396228841,0.552776295397,-0.0118462180348,2.27207733918
v1,3b21ea64,4.55421366594,7.37100696984,0.000297834309149,2.23740102469,7.03726115283,9.57914823221,0.00155906199196,2.22659824377,1.65421502068,1.96017448612,0.00883222292357,2.2367145286
v1,3bbe1f5d,9.17250505927,5.57822652457,-0.0156087908464,2.44865777678,-0.68791393406,15.0949097462,-0.0154103728407,2.09839465579,10.5302714901,15.7082874535,0.00736183762616,2.6640351753
v1,3bfee975,-0.434152095476,-0.512162580018,0.0300749316792,2.1793483314,3.46201870654,-8.12793742674,0.0286524529814,2.06778780161,0.201764196906,-1.2817550315,0.00985379057833,2.24399110455
v1,3c3dbcbc,-0.424269086605,19.9645800334,0.0103243950721,2.22931434001,4.82230697265,5.2870922096,0.0137519782543,2.76450365318,1.55925825271,1.45039920905,0.00867588223103,2.25647963088
v1,3d96d897,-1.67219826825,0.462564124691,-0.0192267770222,1.52807396976,0.215955519294,1.60207271125,-0.0183787179283,2.23691824386,0.970878758935,1.25413261357,0.000869898755584,2.26178121505
v1,3df4b19e,-6.64121692061,-11.9478525852,-0.0040654135844,2.26928582284,-5.63200978892,-8.43062626619,-0.00325085244049,2.41032836806,-1.36634999781,-3.30829972263,0.00391173071153,2.25957512691
v1,3e011332,9.61589056188,30.055767188,0.0274687497651,2.91351632317,2.83793794172,3.49914570209,0.0222631308477,2.42917808822,-1.00255844173,-2.57025161976,0.00361332737026,2.23539349538
v1,3e678ea7,8.12701953923,-4.98375605513,0.0230897086359,2.41858093094,3.22220848712,2.82177674381,0.0224762464842,2.30432378011,0.498373907158,-1.21907055718,0.0108723479014,2.24161863205
v1,3ef6372a,0.563545589169,-10.5248431572,8.2853677967e-05,1.97815327095,-0.377884596346,3.16843458441,-0.00120219730326,2.24414848398,0.481206126127,2.11449944043,-0.0124853494435,2.2536715655
v1,3ef98781,-11.6070889003,-0.915020726584,0.00945351554604,2.59777977752,0.0737712977631,-1.25712523264,0.0093762633373,2.22223896176,0.989080262806,0.331402073099,0.0106440398971,2.23447122978
v1,3f603129,27.4061987725,1.84440637563,0.0220887271327,3.42465919759,15.5945539881,6.64490056653,0.0197104248974,2.50338120154,3.4905354117,5.0898571346,0.00712900382186,2.31975105621
v1,404c4384,2.94919868277,6.20912978797,0.0220868039885,1.52631048943,9.32644970151,6.10390368589,0.0188497136922,2.41788465756,2.85600759464,3.37192597734,0.00927343525682,2.30203740817
v1,4121c517,7.76688154714,-14.1576707136,-0.00515940733673,2.50333894001,7.76401898544,8.59829960913,-0.00454283312728,2.41113574159,1.76790154209,3.3143894817,0.00332569155575,2.31094641591
v1,41fb0192,3.00551631349,1.37481555927,0.00281323190219,1.51682037265,2.85508782676,-2.72203482689,0.003968283897,2.32141325209,2.35220499566,1.76717438438,0.011417715701,2.27881744427
v1,42669188,-21.1465156469,-20.5849859611,0.0367927495684,3.17933125573,-12.7243718795,-32.310847087,0.0364631062556,2.17909013606,-13.9457761796,-30.5645431759,0.000341432649765,2.95696930547
v1,42c538a1,22.1261726136,35.7140891259,0.0239820671402,3.30280626754,12.0875487566,26.4279385537,0.0225213572062,2.76772766823,9.89969717716,15.3168632358,0.00473035365677,2.60865263345
v1,43b06c70,7.00508873297,-12.8676942522,0.0352361824031,2.27924914528,4.92852789324,-2.55883023278,0.0346885763816,2.75479631963,-0.460651383621,-2.05408818695,0.00820175342855,2.22006496186
v1,43c7f85a,-8.79099029776,-11.9453804576,-0.0266352735125,2.49982565324,-5.28893111596,-7.08209282711,-0.0257831521479,2.43298404898,-0.0914127212189,-0.682497837063,-0.00697392648644,2.27019199098
v1,43e16325,37.5043360215,90.4827503489,-0.0428169968002,3.84538441303,34.8161545074,78.0911841576,-0.0420452808851,2.27898448821,21.2592562381,32.5676141991,-0.00277271344184,3.14327073601
v1,44441e54,-0.396940555428,-2.41103596066,-0.00446172599834,1.5409298699,-0.297124185401,-3.47285643261,-0.00438097971517,2.22506000483,0.32159734066,0.52638043721,-0.00485092422025,2.25801314162
v1,445af6c2,-26.6352342327,-39.4680916156,-0.0170884149645,3.43251736632,-15.3498908004,-36.5684431423,-0.0175654125315,2.52144910547,-19.7967162321,-42.9619258723,-0.000332999825146,3.23651164738
v1,4463446c,14.9239189189,36.3341278207,-5.95141807932e-05,2.98872241479,14.1871794721,19.3032051863,-0.000168952498946,2.41830102378,12.0624853659,19.9955579374,-0.00715501389534,2.75257927604
v1,44a94013,-20.5740995309,-11.3651854992,-0.00265180044606,3.18893645003,-24.9254865772,-44.3406813215,-0.00385565518396,2.5786727607,-17.3740710559,-33.3234276774,-0.00574198323303,3.07101240196
v1,45fb3e21,-19.7846177035,-50.0480430367,0.0032054873501,3.26421738483,-16.7958430426,-31.4791805054,0.00332623085569,2.42550692548,-14.3136250691,-31.7736832196,-0.000884027196001,2.96980618039
v1,460f859e,0.323090527577,-47.9979780497,0.0411726083772,3.04509703049,-10.2046380984,-34.9316333044,0.0410992308404,2.53300915743,-9.62608508923,-21.3493161366,-0.000166871758687,2.72167924793
v1,4630ab92,-8.23147346576,-16.3098021054,-0.00545073732484,2.4749026242,-1.32793430805,-4.18248820608,-0.00563507475834,2.60037545441,0.416822589705,0.498439125957,0.000138214281933,2.25173585175
v1,463c38f2,0.222506726458,6.0778327689,-0.0237580323158,1.99011113099,3.204131941,-0.895522109747,-0.0227726662539,2.53377490891,-0.0399867238277,0.0472893993159,-0.00906629098425,2.29153135367
v1,4654e7de,1.52637446492,-4.8829916651,-0.0103849902397,1.83453254037,5.25942541126,0.825934097347,-0.0103176527221,2.3503088028,2.47514096895,4.31064692312,-0.00286164914034,2.302028768
v1,466fc788,12.9080522834,23.5143589761,-0.0290667895603,2.88852448734,7.06116172063,24.2785465167,-0.0265852486835,2.7750776466,11.4767810188,19.8237333353,-0.0106830551821,2.70506417803
v1,46a301e9,-9.66879893022,-4.34222428915,0.0237158332382,2.46079520446,-0.224567699722,-15.3723969026,0.021935956835,2.02431923719,-0.914687317951,-4.1253051364,0.0104174379414,2.29005275955
v1,46a7190b,10.5480664294,22.5973753874,0.0107621236686,2.66098477879,8.9731093399,16.1604359287,0.00967512645936,2.4447786905,8.8084426535,13.5489929905,0.00849268930093,2.53621869406
v1,46d24a09,18.6067543268,6.76818202399,0.0285981327944,3.09260610282,14.3150126122,22.2153700263,0.0261743991356,2.6798197816,12.0390074535,18.7720457133,0.00723475359871,2.75461570905
v1,46d41ff6,3.10865713201,-2.82744656276,0.0179747545057,2.09835152964,7.61928009651,7.20312357092,0.0165622616016,2.31456009236,5.64606099743,7.75975198099,0.0114037735692,2.38027639961
v1,46dfcfca,22.336797005,15.239602829,0.0117625144979,3.1907609161,21.7871245167,32.4662714886,0.0124623653906,2.52449593709,22.4567413136,34.7465645332,0.00574162902579,3.22584875938
v1,47222616,8.93916023604,25.1675691326,0.0231140998408,2.61943958681,6.83162483833,19.3748137199,0.020629885931,2.31786802848,2.7770647619,4.4184863521,0.00115055477077,2.29682667259
v1,47ee27ab,-1.31047834923,-16.0138769428,0.00931858285371,2.17601613177,-6.95952370784,-10.0303137563,0.0102330523117,2.34703301296,-7.88528143059,-17.6460478135,0.00522602807208,2.62706274177
v1,481de5fc,-12.092641129,-3.06625793176,-0.0219678303788,2.68519180035,-11.2825377106,-16.6368877005,-0.0216612189884,2.53595068537,-9.83698362988,-17.0849676971,-0.0168303608854,2.64997285143
v1,48c1f673,16.0403496743,21.4107382194,0.020552657429,2.96939564399,3.18141616783,10.6984171093,0.0183636416006,2.19418918485,5.53513718335,7.82754166314,0.0105125473245,2.38309639337
v1,4936af16,-1.90787020797,-10.4616453202,-0.0113336862812,1.81267763161,1.80105666268,-1.16500500555,-0.00963486773981,2.28996702469,0.743305373781,0.61417368114,0.00500324101124,2.24546804899
v1,493b5b31,13.4838578463,51.2746894603,-0.0396315257759,3.08219705028,7.84926596232,35.8433917511,-0.0387940605626,2.1771964273,13.0152636031,22.6171373187,-0.00387411451995,2.78727025569
v1,49dbc14c,-4.00021177686,-9.82939641735,0.0250404439066,1.86754948451,-2.908844679,-8.04077358684,0.0245425340213,2.39356657238,0.655894837266,-0.432038095671,0.00817579161474,2.25936195605
v1,4a035ec2,-15.167812983,-33.9812688386,-0.0201485822534,2.96414743481,-14.0788335418,-28.3457771813,-0.0179391343872,2.2525654036,-12.027779223,-22.7663930231,-0.00626443160379,2.81256920704
v1,4a335117,22.4902711864,-2.17318603997,-0.098773485252,3.25866307673,23.0836501946,34.8814950226,-0.0995179385491,2.85812839263,21.2592562381,32.5676141991,-0.00277271344184,3.14327073601
v1,4a8ecc0b,3.79021862627,18.773332772,-0.0211468647572,2.50241127929,2.15788322609,15.5376126535,-0.022209662722,2.31202957401,-0.557525564019,-0.181390493189,-0.0168566785068,2.24455119761
v1,4b462989,-3.61158403091,9.59834737878,0.00996295888648,2.02880915851,2.67817087915,-5.96760219611,0.00752344615234,2.40958761234,0.274896848225,-0.570564646064,0.00555626635623,2.26863229996
v1,4b831d20,-13.2653911379,-18.7157387731,-0.0508617165132,2.85666133363,-12.2045254522,-20.3950706481,-0.0510762264444,2.77447136174,-10.5286679483,-17.7011650786,-0.01153181134,2.6913829868
v1,4c2208f5,35.3869242199,16.0070907217,-0.00139408651697,3.64758560629,21.3212141624,21.4276504731,0.00343373499741,2.4236603845,16.7993472955,25.6658474887,0.0124594943914,2.99352858813
v1,4c3168cf,3.21371481311,-2.97884773011,0.00827224997476,1.68613301926,1.35247715786,6.47506063771,0.00848217935021,2.72769835649,3.20286535842,3.5392365326,0.0103113492424,2.29724985319
v1,4c3df468,18.7665986647,-0.617646614113,-0.0148483881278,3.07872204221,8.42696805564,7.00571230578,-0.0140365720719,2.30210897105,2.54209022899,4.4637213507,-0.00598332518278,2.28930527943
v1,4caa7289,6.966551149,20.5242796179,-0.00993818918564,2.36835909589,4.83511911537,17.1403879103,-0.00779198332401,2.50509864792,9.9480685682,15.6645670884,-0.00200338066973,2.64616532211
v1,4cd1ac61,14.5240922254,5.39597564152,0.0412261336861,2.75649603625,13.0434413201,13.0628042094,0.0414517719911,3.13928865914,10.9235531214,16.5895987411,0.00733466349533,2.67015987157
v1,4cecf7b3,-2.69528326965,-5.61257773419,0.00817606943812,2.28206751306,-5.18233374241,-14.8565507915,0.00713518134248,2.6131155671,-8.97940501382,-18.0401258459,-0.00427502640553,2.64912742547
v1,4ddde4c1,-2.95282871199,7.20658024774,0.0022758404291,1.72006316896,3.2016775192,10.9226965738,0.0023905299207,2.22924023435,1.47599792876,1.61291146585,0.00614514964996,2.25641847578
v1,4e050c92,-4.12361673414,-14.3386628096,0.00249477437233,2.04907041603,-3.00579723763,-20.3393689456,0.00483850438308,2.6392594679,-0.234488304518,-1.60468750288,0.00805410825984,2.26479809334
v1,4ed93db6,-7.63058191969,-15.9069680835,-0.0171034335438,2.31592616049,-5.69167246684,-6.98127906817,-0.0176313811466,2.45753726294,-2.38050534533,-1.83750559962,-0.0183269947049,2.36937775141
v1,4f3eb9e9,22.9834341069,77.5034459538,0.000509584428576,3.52867924978,17.1429672488,45.926386788,0.000542238022778,2.62546389412,22.2424114356,34.6773058446,0.0039436256256,3.22026374837
v1,4f4ac5ce,2.67447694692,20.7857538405,0.0120865296274,2.22468972253,7.97413680123,12.7968909786,0.0125236592197,2.40783714841,1.98984666444,2.02087807265,0.00971640661053,2.2734242097
v1,4f4afcc6,-0.252249778565,-18.5780429918,-0.0200396949077,2.23261361233,-2.80789169016,-7.25518254399,-0.0193025780449,2.3165152425,-1.13826512596,-2.41773093604,-0.00100120117975,2.24789675994
v1,4f69febf,13.7202545788,17.7693614924,0.00259158091301,2.76890982529,7.28225684341,21.0104480851,0.00289251819366,2.54668836712,9.61626133271,15.6595989199,0.0015461848295,2.59471541939
v1,4fbe9c06,-8.82502306346,-5.14438064976,-0.0125944087516,2.61744120662,-0.276618079243,2.04857562574,-0.0116341911685,2.39825770461,2.18639749888,2.29907779103,0.00888724544103,2.28580616514
v1,504c8b08,-19.74191613,-15.0227831309,-0.0178324827149,3.07531842287,-13.745633052,-17.1334807528,-0.0188437207229,2.56326718495,-10.7857620616,-19.3087569434,-0.0168526910132,2.70661045494
v1,511e1db0,1.05306725988,5.23078928848,0.000267925956922,1.29381048321,-0.820558785101,1.08522292911,0.00280512680839,2.44129261936,1.1481351563,0.737963130013,0.00758061911531,2.26245583369
v1,512943b2,-2.19047723205,-6.67032936523,-0.0221568489903,1.61601199047,-3.40747629344,-6.8608300089,-0.0215348368355,2.31986330358,-0.6324293681,-0.292161446353,-0.0111372822572,2.29041686134
v1,5138a660,-3.39765664512,-11.184245161,-0.0134904863858,1.86841350426,-6.66816194334,-13.6495510468,-0.0105800384811,2.49391071123,-0.33052814618,-1.48124356952,0.00274832350002,2.27596044462
v1,516088b7,0.477534988713,-9.73190999457,0.0119416781012,1.99763521377,-1.73455277333,-4.45088047448,0.0134185044801,2.33708703596,0.989080262806,0.331402073099,0.0106440398971,2.23447122978
v1,521a7819,-23.0833,-24.6597796311,0.0234043753317,3.27191832837,-2.64402467559,-26.7559508173,0.0257360069072,2.88929144762,-7.79734865568,-17.2643572474,8.71973917942e-05,2.61241381056
v1,5254b6db,6.95526267563,2.23563062015,-0.0306935203511,2.11551804167,2.15980486602,1.75843891894,-0.0294213330069,2.59421981182,1.89909434821,4.63338688865,-0.0110618200131,2.29682076247
v1,529e88ca,9.73401521803,28.4559671131,0.0453248833735,2.78905398721,9.15378504292,19.0616714275,0.0414897070416,2.55842098793,1.69175771279,1.37574808633,0.0107356799285,2.2527013776
v1,52f1e77a,11.8637933363,-2.8303002036,0.00557815076876,2.71964148688,12.3592715911,3.53584195725,0.00657191310603,2.44853270484,10.4737426146,15.2962468081,0.0128144650815,2.64905366293
v1,5305524b,-14.6149755002,-21.1540442117,-0.00100838446437,2.86988010256,-6.0045420467,-18.7251263078,-0.001547353342,3.00549270949,-9.05964930224,-16.9428311606,-0.0100329287268,2.65603856071
v1,53134831,-16.5473936793,-13.9352564046,-0.00563001035978,2.90930005299,-8.58166766163,-14.5393813267,-0.00500101851452,2.38221231095,-8.4854304421,-18.0770591952,-0.0043361469463,2.64461494273
v1,5397ceb1,1.51068506185,25.8310649262,0.00247029328251,2.32736705276,6.03451605594,13.669511516,0.00250463572816,2.49803673941,3.79966444851,4.39534961489,0.00781502216836,2.32451462099
v1,53f23031,8.12843391813,20.0492747974,0.0108507172606,2.45684868678,6.91079379375,9.65869860756,0.0102747697554,2.25141077519,2.03359850542,2.04479812679,0.0119977669842,2.24346147993
v1,543198e8,6.86680455175,-31.1462927301,0.0151394431541,3.06874832976,-18.2588719199,-40.5070668222,0.0143924360166,2.42513467626,-17.1600329598,-33.391964913,-0.00403230211316,3.06474815407
v1,54753541,0.0287903626426,41.2687677736,0.00510235875027,2.84623283024,23.4509253912,45.3296735807,0.00549996655259,2.50299333544,23.0371682403,34.3375390473,0.000188836923294,3.2389904944
v1,54a7e3c2,9.67708204712,-4.9868047246,0.0200001096988,2.48804857763,1.93691237793,3.72975725517,0.021090257845,2.49692378756,0.525712847475,-1.25987126624,0.0122675000375,2.2399984985
v1,5542c301,0.795828460039,-10.2563712083,0.00299374801729,1.87197356797,-2.83429314188,3.25542712599,0.00313278293714,2.56560026712,0.103226336437,-0.567882041467,0.00369826119722,2.26328811699
v1,5567d551,-7.01375235883,13.4900781107,0.0116087771882,2.42387240078,8.27712476736,12.7028433456,0.0127214650388,2.38507561304,2.85600759464,3.37192597734,0.00927343525682,2.30203740817
v1,55efee7f,-18.0244969798,14.5222382207,-0.0175880488991,3.2897128224,0.940824608945,8.94808939925,-0.0156006593481,2.51086526663,2.87878698062,3.58000127704,0.00712692193048,2.32583377555
v1,5663b2b7,-7.03055108608,36.5452042494,0.01366200402,2.84978666,0.61318604401,2.33106479345,0.0124685001051,2.67924902012,-0.437498109538,-1.99487023523,0.0071550181426,2.22064256049
v1,5693dde2,-5.9867603211,-1.14812284546,-0.0294754919215,2.07415698469,-1.63667853561,-8.32505214662,-0.0281493434463,2.36307806688,-1.10911324939,-1.10356273918,-0.0176598259975,2.22554817347
v1,56b00794,27.9574014839,28.7991503128,0.0229405793809,3.43220264592,12.5915919851,19.350357361,0.020689715337,2.56041839977,12.9860612383,19.3653079569,0.00905950756314,2.79388926992
v1,57796579,9.73312903226,16.0165229058,-0.035652993602,2.62561584881,3.27476863507,25.54981308,-0.0335948781042,2.70578326382,12.3693454204,21.9042315618,-0.00571385953323,2.76220943243
v1,577eec7c,15.4510442829,-21.280325601,0.00274114484404,2.98947713087,2.21423039062,-5.75306587144,0.00349338517441,2.50867970781,1.47298948247,1.50614244979,0.0077329473614,2.2335375061
v1,57f05c51,31.4737162021,43.8406048821,-0.0563892772467,3.61964874561,4.66789453555,21.8753183135,-0.054854643554,3.07087605273,2.92584471818,6.47830947022,-0.015874531068,2.3252314621
v1,58850d2c,-14.0522522523,-5.24894260153,0.0106658496197,2.76556131416,-6.3164016346,-8.27706485609,0.0104814003048,2.54337421755,-1.89716351136,-4.89357585561,0.00523289667027,2.33157289996
v1,58fa8486,-7.45098324022,-28.6172716761,-0.0547853401312,2.55456493347,-4.58255634734,-6.01512798792,-0.0527218775271,2.50834318624,-0.973086727234,-0.533664479369,-0.0190617362801,2.30371222895
v1,591cc951,-12.4040919939,-24.4753456356,-0.0148775768915,2.77396245356,-9.74194567757,-12.8676406573,-0.0138515902039,2.53682101618,-7.83940789094,-16.3079701436,0.00305296705888,2.61041905703
v1,593876b6,10.3539487815,-11.451741762,-0.0036299889679,2.58613766556,-0.230717777574,-16.0792471467,-0.00288503417734,2.35615099792,-0.178138285256,-2.03645060018,0.00824869255108,2.25862573097
v1,59f8b2e8,-2.21067787564,11.0291260629,-0.0303237953831,1.9789837009,4.53229335999,7.68054169058,-0.029291229847,2.5021704063,6.26297764409,9.57938477125,-0.0151761762634,2.4416816295
v1,5a1a8fd8,-10.7787338403,-0.564494533633,-0.000600609924568,2.65079405317,1.49604167072,-8.68646739798,-0.00210978629338,2.92750192414,-1.30359621402,-2.30578149889,-0.00515384590317,2.31596925822
v1,5a5269a9,0.686241363426,-10.7338479782,0.00163279278935,1.92615996959,-0.338965451269,-7.10657009802,0.000453523979113,2.10692677464,-0.437498109538,-1.99487023523,0.0071550181426,2.22064256049
v1,5a5d1982,-2.29622752953,18.8241930609,-0.00666432131086,2.09268507463,6.33235002097,13.0557146351,-0.00681327468142,2.37293541786,1.81056026124,3.31059828418,-0.00573107855433,2.25441223917
v1,5a63b5d1,-17.2752404697,-9.65773166811,-0.00368525208063,3.01794598729,-8.39594840889,-11.8654383821,-0.00247193612695,2.43803929117,-0.25339525731,-1.92935876091,0.00817919244172,2.25718945374
v1,5aa03df7,1.60462122767,10.3632950315,-0.030514877871,2.0263063252,12.7109315589,24.819209953,-0.0288134937607,2.4176105624,14.5729459454,24.4636349928,-0.00584187716801,2.86163146925
v1,5aa403d0,24.389355356,22.0100561149,0.019314565265,3.28408207076,17.5257103623,25.7608333289,0.0171261904541,2.48056169866,11.9394968384,19.8989156066,0.00776750320684,2.75580870404
v1,5aef5c6c,-5.33728933034,-4.85649285769,0.00270143163895,2.47874259293,-13.2385322271,-25.5285610642,0.0024202612177,2.38967930353,-11.130846839,-19.901953903,-0.0053068388405,2.74492260196
v1,5b7b6324,13.9253001219,32.4869976525,0.00942673880986,2.9270907455,20.2672136559,32.7503033417,0.00984402654672,2.4443219327,22.4827549887,36.6889231647,0.00814667309977,3.24290730392
v1,5bd25f59,-3.01301187648,-1.11317401151,0.0117297130503,1.67492836456,-1.65168950034,-6.37048412085,0.0102677681255,2.15871714779,-0.925745025889,-2.52500645328,0.00570712926588,2.22826379133
v1,5beded95,-15.246745175,-4.55455838095,-0.020587121101,2.87041439055,-7.15958951437,-15.4627193287,-0.0202661693559,2.12979645071,-6.16338691734,-9.29659765837,-0.0173534897475,2.431970036
v1,5cb483ac,1.85255451713,14.4878826629,0.0118070254674,1.9620752194,6.31913494661,3.36206229934,0.0114997869958,2.23793352816,3.20286535842,3.5392365326,0.0103113492424,2.29724985319
v1,5cdd8dbc,9.78196758105,47.5458636393,0.0605006114973,2.90315967142,14.0397655598,36.0860933894,0.0594014590584,2.68812827663,19.8248196099,27.2038109179,0.00674568537963,3.08614709391
v1,5d11dfb5,-0.191178965225,-0.575340234981,-0.00799600868505,2.37568471366,-10.3169542366,-14.8064828612,-0.00878070685153,2.47291052264,-9.89897982366,-16.5792663948,-0.00974665764326,2.66186990083
v1,5d7198fd,-4.90755344418,-38.712859261,0.000151051829682,2.66489600786,-10.1696007771,-22.3340039771,-0.000165107576689,2.63139062535,-8.52507038729,-16.8185966152,-0.00529680478881,2.64252044039
v1,5def1ce5,2.39096849294,-4.22439472226,0.0138347288479,2.203031862,-1.59303821849,-10.3659120912,0.0141066252327,2.32100222291,0.173482273545,-1.85476821564,0.0115640294305,2.24370228937
v1,5eae34a8,1.27159257749,-15.2064782291,-0.00339863658139,2.12793221452,-0.975304432702,-7.80644467729,-0.0036991644655,2.35077391387,0.701367585059,1.14808102757,-0.00111000924667,2.23500079497
v1,5f4d2a52,47.16655311,104.010855735,-0.00420597258683,4.05897498971,23.4388744589,53.3409023155,-0.00516885975806,2.49334768973,21.2592562381,32.5676141991,-0.00277271344184,3.14327073601
v1,5f6756c5,6.6491047041,-8.60192085586,0.0178643378075,2.25903164851,0.623000216618,-0.469612252606,0.0164748179687,2.70332667454,0.371755720208,0.149662296343,-0.000455733782785,2.25650643821
v1,5f75f796,7.54825242719,14.0467179882,0.00113057473912,2.3262934073,8.07019520621,16.8368935147,0.00100893985103,2.47892835191,10.5881937188,16.96856391,0.00319097243045,2.65614770669
v1,5fb1c15f,16.937548951,10.5063454242,0.020532048826,2.95964294295,8.33069847112,14.4486112123,0.0178997539507,2.43373860928,3.32383034426,4.14618261473,0.0125332382746,2.29925614849
v1,5fffa282,-4.65283265889,-0.197731026848,-0.0157485798876,1.84342623128,-3.58025239627,-0.928906185601,-0.0135797258998,2.43445161064,0.47493039431,-0.321996891529,0.00819171650041,2.24426286122
v1,60e37807,12.4796517229,52.3456613067,0.0156381584905,3.08531097135,15.4943395104,30.1279997629,0.00990438701949,2.432695208,13.1846341062,21.7094210409,-0.0136001030224,2.79272924165
v1,61f27424,-0.246352090033,-3.24547946097,-0.000168043318559,1.33894092672,-0.00914832360352,3.31865487278,0.00113318019309,2.18976457723,1.30287594501,1.35558356893,0.00873801291307,2.23028790382
v1,62569ae3,-3.82995261984,-22.0282788034,0.00135798677129,2.21522430054,-0.975312385754,-21.3944148876,0.00317108448048,2.42355589449,-6.44283902333,-14.3072396778,0.0043358239834,2.54279783647
v1,62a6f539,-5.26359057677,5.07798173603,0.0384139569291,2.18210422358,1.66234728736,1.23662252538,0.0382982587976,2.41686440904,1.68284616338,1.43449647171,0.0131975069074,2.23397828895
v1,633774dc,10.7092716188,24.1508350058,0.0180110081965,2.72211285188,14.350927979,28.7529738036,0.0182752343585,2.5330545025,14.8241041716,22.4888461785,0.0102843772817,2.8929056494
v1,63559d57,4.57093143278,5.17745481356,0.00774397399201,1.9306834548,12.4494584948,8.60364905266,0.00766559577278,2.2477318134,9.19134239612,13.9335823011,0.0034241210049,2.5592805236
v1,647f2a41,-3.47722236537,-8.91308611246,-0.0279128014789,2.02104771557,-2.04117446321,-8.27630641208,-0.0270294147588,2.37042244449,-1.47767012848,-1.75487879684,-0.0171382203398,2.22880803774
v1,65156b96,0.550683017696,14.2953975569,-0.0222042567495,1.95681924313,11.5332850243,15.9642784478,-0.0209970791026,2.32683230721,11.7508579162,19.231163763,-0.0124546449468,2.70381203194
v1,653612bc,2.02474267101,-2.03268300659,-0.000665943548353,1.34371054481,3.97490828531,-2.91591331846,-0.000275003385802,2.21455450304,1.40066235881,1.25144795892,0.0111080295185,2.23119160319
v1,656a067b,4.5232546706,-33.6768116721,-0.00202201673048,2.75155900421,1.05976229408,-1.5583807164,-0.00141221636007,2.63703112701,0.361359785001,0.964283727004,0.00383755192675,2.27925677435
v1,65a5466a,6.43612427931,-17.8426371291,-0.000568692278246,2.56425837738,8.29076745308,5.11894442721,-9.52808670804e-05,2.29057640349,2.72054122896,3.86513641323,0.00382302137832,2.30547428057
v1,660d9546,-6.31462806424,-14.0229764005,0.0198333546256,2.34504646488,0.540026699719,-11.9804864717,0.0201802618504,2.25599013898,-0.837974485894,-2.65201408714,0.00764509079653,2.22486619895
v1,6767c111,15.4691508182,-3.21784623445,0.0336786407381,2.91642680582,16.1907498383,21.925695345,0.036184997,2.67835722315,19.3180728445,27.8296308191,0.0120261549868,3.05815936769
v1,67847288,-9.83236370979,-7.50099331292,0.00459492147776,2.52262704155,-5.60903484908,-13.703629601,0.0065533677166,2.56035565442,-1.96873078699,-4.68053064378,0.00668464748051,2.28173501497
v1,67a8da4a,12.1052046426,0.427187623742,0.0162210471421,2.73999569102,11.9668433458,13.6590106694,0.015823983929,2.69089736372,4.25076065808,6.25572214269,0.0042618054052,2.34829644372
v1,684a6fc1,22.31970055,-1.57605128648,0.0137367528153,3.2201141959,9.20198567235,0.0727678376471,0.0106373635456,2.48474920373,1.82182428164,1.86380460437,0.00756184569715,2.28276305273
v1,698930d1,5.25850242565,25.0468543893,-0.00266795488941,2.43266309831,8.3316825132,21.999172181,-0.00121204648954,2.6302014254,12.9220306041,19.1283140367,0.0132248725498,2.81606912834
v1,699ea575,6.65612378641,22.5717975972,-0.0164299525783,2.43298944155,6.50394352902,8.86771569274,-0.0159432725345,2.39496840669,1.45599918064,3.70519593279,-0.0145454155159,2.2603414705
v1,69c1bdad,-0.149303610905,9.86202262058,-0.00523947284025,2.37861590522,-9.13193193243,-7.21300779993,-0.00622332626097,2.70488254585,-9.37271044192,-17.2459521723,-0.00870262229524,2.68625698741
v1,69e41fa6,-4.28854643105,-2.67131260369,-0.00129769664009,1.92595998821,-9.43264364347,-11.3676782249,-0.00140568624624,2.27891934278,-1.63393644679,-4.12576475767,0.00693415837391,2.26523205596
v1,6a0ff78e,-1.68606651199,-32.4963128382,0.00537416740045,2.51372305588,-7.19608213694,-22.001964783,0.00634128666386,2.47613563274,-7.42540229413,-16.9400212532,0.000661705469181,2.59774802865
v1,6a8fa194,7.05794166391,11.3716112078,0.00138281955141,2.23519764701,-0.890183734154,5.71679909351,-0.00023156068264,2.31134055301,-0.337706199963,0.304321635532,-0.011986050313,2.2383582845
v1,6ae68655,0.719950047573,1.49582859991,0.0126584634535,1.83416059576,-5.92630137477,-5.1979018166,0.0125427306172,2.23934075644,-0.167782499151,-1.69476630631,0.00691739112671,2.27933498343
v1,6d1d74e1,-2.61855746141,-36.4797471579,-0.00812284490378,2.55626337408,-7.83191821572,-21.4903422533,-0.00850385193983,2.25281696412,-9.73522978631,-19.794710681,-0.00407887049635,2.70753642529
v1,6d590e26,-0.42188484252,-16.2331703164,0.0140651835412,2.26485055688,-1.83102591332,-8.1874428301,0.0150682396133,2.58728004862,0.146143333229,-1.81396750658,0.0101688772944,2.24532242293
v1,6d6d93af,-28.4200751043,-0.612336952974,-0.0200437134602,3.50241048428,-8.18127233117,-6.34079091366,-0.0186376417295,2.84554178314,-0.144142825581,-0.57072504885,-0.00849318345814,2.27883155359
v1,6dbe4b60,5.58073364888,3.8941034707,-0.0131059280122,2.27207063093,-3.86161758887,-5.60305981889,-0.0115960792099,2.35285060418,-0.814821211811,-2.59279613542,0.00659835551059,2.22544379758
v1,6e6d122c,4.1426225142,16.9245509575,-0.00321214990977,2.31421811321,-5.28220433899,-6.55217332794,-0.00331007469725,2.28610034332,-0.149722803383,-1.68003413845,0.00920976748833,2.26214067429
v1,6e9ccd38,4.7858874668,-27.2959083978,0.0095993638687,2.58320424158,-5.1865126645,-16.3466890829,0.0111362271698,2.46218099302,-6.96945430968,-14.1483812272,0.00136048354484,2.56577074494
v1,6ea22614,0.16653156925,-0.442662384827,-0.0133871922971,2.0116067061,-2.29811042695,-4.86197207598,-0.0126988791148,2.14876178521,0.516684227595,-0.317964938769,0.00808191942539,2.24445665726
v1,6ede926a,4.84824827866,13.4312580013,0.00118123425611,2.16180087619,5.21447634009,6.28074732723,0.00296445662834,2.47370763192,2.85525894767,3.1197196454,0.00974904314711,2.3085187928
v1,708caea9,32.9930986561,22.6646055039,0.0405985841605,3.58119563718,20.9403432898,34.6582562357,0.0415177149583,2.77031394488,22.4827549887,36.6889231647,0.00814667309977,3.24290730392
v1,70925e23,-13.4696317471,3.80806158615,0.0137273794554,2.75904764205,-3.5794275023,-7.2463899546,0.0154130525996,2.37451784191,-0.149722803383,-1.68003413845,0.00920976748833,2.26214067429
v1,70e1788b,-4.47831879375,5.40189953504,-0.00242120057128,2.09914689502,7.09879037947,5.23572046002,-0.0015458151849,2.51615668685,6.08803928233,8.6585164544,-0.00312632583763,2.42399860132
v1,71642c7d,9.22961919105,-8.47661277535,0.0150665991217,2.55732273267,0.48661638129,-1.56603683773,0.0130799363373,2.28196770842,0.777961334116,1.71883528859,-0.00596784558033,2.25435127888
v1,71ccf778,-4.14220163084,-4.85697914638,-0.00140527169585,1.85452326634,-2.12312626732,2.03347953071,-0.00204720693053,2.16975521938,1.03304774754,2.13713667288,-0.00795883703613,2.21605049346
v1,7224331b,0.105296058056,-3.58395495712,-0.0143139110637,1.67489977728,-4.89466840235,-5.81231247078,-0.0117313372051,2.44181436641,0.756345430108,0.856521562059,0.00804462116163,2.25199862158
v1,722cf0d8,0.928644759868,26.6329875892,0.00828792694974,2.49545854112,6.94720743255,17.8817059016,0.00798737699588,2.55603358624,9.00650685457,13.6234359179,0.00874243888337,2.56150905923
v1,7256229b,2.53107663897,0.820519560387,-0.0301126602965,2.03410317479,-0.465768164666,-0.174492273812,-0.0300618573905,2.34842577302,0.250149478543,0.643548203509,-0.01412547541,2.26450986306
v1,726f3dc2,-3.96463037335,8.15416239351,0.00836452694238,2.07082750197,-3.92081629894,-0.0840475094781,0.0101949802694,2.41633482086,0.655894837266,-0.432038095671,0.00817579161474,2.25936195605
v1,7271dd80,-7.94844700461,3.36253265775,-0.027652062435,2.23151412078,-7.40266189764,4.07272986107,-0.0276677801846,2.78644850457,-0.649867334945,-0.69808507864,-0.0157534530162,2.28535443148
v1,727a3a10,-11.5726790994,0.596895390352,0.0151833834764,2.59256138433,2.50417724925,-3.40466832285,0.0132827904244,2.71088955102,-0.0736958095012,0.414346801551,-0.00689478705217,2.27387405903
v1,729665c0,4.06258503401,13.5866091118,-0.0135588490908,2.26825377434,5.93709146426,10.083300026,-0.0121299991962,2.71832113766,7.48922463524,12.0317779939,-0.00260844488876,2.51227389299
v1,729e9750,4.90653488765,-0.924232664621,-0.0209255598273,2.28503028054,6.83062338561,9.09248311613,-0.0194861780414,2.43000641527,10.3385817792,17.3682246661,0.00422771880119,2.65292199696
v1,729f4217,-15.2673349475,1.43585131703,-0.0134842899234,2.84791137207,-1.80015397956,-0.300686827669,-0.0131239373031,2.33775382563,0.29722817349,-0.662912563098,0.0048641916424,2.24427581235
v1,72dd8501,2.43338725207,16.6086940782,-0.0049332999308,1.95615492527,4.16099520226,8.30770804374,-0.00422054143292,2.57733443194,1.40756801251,2.7153611622,-0.00551946100218,2.26617324904
v1,73348914,9.78022506515,-0.485071239862,0.0243135193182,2.45888168637,8.98305248523,3.76845689129,0.023343941742,2.30205683994,1.69175771279,1.37574808633,0.0107356799285,2.2527013776
v1,739a914f,-8.23010535877,-29.833794323,-0.0211201861779,2.67690499211,-5.47390636709,-12.9810277335,-0.0210181250687,2.19045321114,-6.88773275693,-11.041540075,-0.0182323697961,2.495383512
v1,73b1447d,3.47878306878,31.0218804257,-0.0141821057266,2.66756453,8.15564866698,36.1963006935,-0.0129477616748,2.19080876445,21.5265310821,32.7707355547,0.00292725850157,3.16088524411
v1,74b6186b,8.72859324523,1.35638625799,0.00572763389785,2.3033045128,7.9908798805,3.85501355127,0.00461495079345,2.59057408166,2.78764887128,3.79208656931,0.00717840437146,2.31083507795
v1,75c20ec7,7.33618727849,-12.4406713996,0.0171620167668,2.48943519337,3.05628890243,0.285894810495,0.0156989510427,2.58053454833,0.896329067273,0.797505381277,0.00554104430211,2.23672425955
v1,75cd5f11,0.9566761019,-15.030478372,0.00776728816378,1.83419074007,-3.91987560124,-18.0698234102,0.00926614328485,2.57746234783,0.304763134325,-1.12909866856,0.0116469460284,2.25478445861
v1,75d20a82,-6.20094533254,43.8613982111,-0.0111121057781,2.90310726488,7.2669430605,14.6892608767,-0.0124656092239,2.74781705336,6.15205383001,9.64717445339,-0.0160674025081,2.44450162325
v1,76201745,-1.25007868705,-11.9769330197,0.0221099931864,2.18400557808,10.8167048806,-0.748479815627,0.023651173606,2.13716642691,2.18564885191,2.04687145909,0.00936285333131,2.29228754977
v1,764072a5,4.0925262801,3.19730093626,0.0128549475196,1.99582975207,1.13214017075,-2.33599317789,0.0128999630526,2.56390588476,0.674379105734,-0.655927103147,0.0083083729015,2.24701889649
v1,77b0d905,12.7316506948,5.56915292673,0.0349404362391,2.64250604395,12.1177672831,11.197273476,0.0328856558921,2.55184902171,3.8039636942,5.13216118918,0.0101717333869,2.32596892475
v1,77e4821c,16.286988689,28.0280192735,0.045129217449,3.00660323967,12.180753412,13.1310277624,0.0436117260675,2.60010885995,9.96939442469,14.7499699638,0.010490897743,2.61299208561
v1,7850c72e,-1.57046934692,23.8147530281,-0.0489555067529,2.59156582045,-7.60038488708,10.9346147089,-0.0465045686826,2.51489636666,2.12718153118,4.12985134387,-0.00665807855089,2.29038963242
v1,78a4a386,1.23500683727,-7.4010756007,0.00127964984428,1.92660883954,0.850752594704,0.935092006907,0.0024231584666,2.43325442456,0.958417507503,0.783695626354,0.00820348105254,2.23642201664
v1,79507629,-10.7696605055,-21.1979599286,-0.0127290144011,2.60788505761,-9.72607693364,-15.5920252747,-0.013147596724,2.36249849144,-8.76619984184,-15.4332426055,-0.0100578665516,2.65277602384
v1,796dbd4c,-0.988777208706,-9.05455129107,-0.0268851492627,1.76942986187,3.02926342956,-5.27009300958,-0.0271884680574,2.37686861837,0.462229342751,0.450293206883,-0.00423439693383,2.23148114538
v1,7987f2f2,-5.25912550607,19.3844014411,-0.00989552157249,2.56729060038,6.30262338407,10.4443292702,-0.00882746216153,2.38211701924,6.26297764409,9.57938477125,-0.0151761762634,2.4416816295
v1,7993a768,7.63066885365,13.8694569712,0.000924016495872,2.29702815845,2.10959517757,8.47153758544,0.00256311035628,2.43840872109,2.03359850542,2.04479812679,0.0119977669842,2.24346147993
v1,7a5660b0,-12.6002881152,-12.8777229876,-0.00397303775368,2.67093048079,-14.0092396165,-22.192385522,-0.00503572123368,2.30681021018,-11.9485998673,-24.4815498395,-0.00880854625712,2.8171471926
v1,7acda2df,6.90409899709,39.6367519314,0.00753381748833,2.6974089628,10.184722624,27.5260902468,0.00690974712167,2.63360003941,11.0063600191,17.3625211498,0.00548967304026,2.67578131752
v1,7b2c7b3c,4.07630804954,7.70144316161,0.0273523464888,1.97028687298,11.1860932216,18.0858073975,0.0248356324394,2.47607407572,10.7790792792,15.5819003899,0.00897143201145,2.65438469437
v1,7b38844c,0.131050946919,-8.34545994772,0.00242253488741,2.12684382738,4.01869893953,2.67944404258,0.00369316567217,2.29984249342,1.55925825271,1.45039920905,0.00867588223103,2.25647963088
v1,7bb17b96,14.5291713412,24.7626380556,-0.00776182622193,2.89087419801,5.84081936428,12.5987606557,-0.00724728034156,2.46201477872,5.49072607118,8.37568877879,-5.23767136062e-06,2.39436352915
v1,7c607683,-15.240899024,-10.4149693987,0.021036856922,2.88282970215,-3.62216792338,7.6348952211,0.0227626964904,2.65614765832,-0.460651383621,-2.05408818695,0.00820175342855,2.22006496186
v1,7cbbd047,9.55952353056,19.0057202593,-0.0273655744965,2.6051088849,9.15591355,17.7358324815,-0.0268879598339,2.39176449386,12.3180139969,20.9695513749,-0.00500587296747,2.76683094891
v1,7cd4bb31,2.12796862867,-11.3115619647,-0.020030075731,1.93360325867,0.709909742151,1.78601435322,-0.0190364193834,2.45639602591,0.32159734066,0.52638043721,-0.00485092422025,2.25801314162
v1,7d50373e,-13.7767883639,-8.45709591606,-0.0261206898674,2.72707742239,-7.79618525076,-11.7097120546,-0.025673351878,2.56807135626,-9.35015338055,-16.1537926311,-0.0178879305811,2.61561755567
v1,7d57c75d,9.1369738933,24.2612890296,-0.0036561289667,2.721171341,17.9066706058,19.3265503922,-0.00288390719441,1.95252956055,11.8043095141,21.0937260823,0.00124804181785,2.73178440985
v1,7e208414,-5.4093208708,-10.4237987725,0.00126536182688,1.99903531366,-4.26308066866,-12.1090259516,0.00179617601613,2.23943765182,-1.26724577633,-3.4390107326,0.00734408361389,2.24809691321
v1,7e721392,-37.7313896987,-44.2106189398,0.000133136188567,3.72163282,-21.6485377502,-37.4442025434,0.000551656023815,2.54802552423,-14.3136250691,-31.7736832196,-0.000884027196001,2.96980618039
v1,7ff89f8f,8.27030939076,11.2079054303,0.0328734597289,2.71836716547,-5.03074618383,-10.535967232,0.0322771114263,2.36268229942,-1.86974129464,-5.07900465478,0.00626545770386,2.3586666569
v1,8050c789,-1.1505719857,-22.4453126859,0.00985178996136,2.17321070037,-8.22296833116,-16.4308531455,0.0106523941086,2.50181522512,-4.80337461191,-9.22420915371,0.00336393381438,2.40642331474
v1,807f0298,-0.683920469711,11.0338094681,0.0172061387822,2.28785975471,5.39231283018,13.7015270576,0.0160965711184,2.29629633009,8.08738289953,11.1511095425,0.0132298026607,2.51551885458
v1,811f52b3,2.55912531017,-5.58123938407,0.00755903552896,1.72246316082,0.218482888734,0.932195373032,0.00728210052153,2.44919729164,1.30287594501,1.35558356893,0.00873801291307,2.23028790382
v1,81bf5923,-26.5651265683,-52.6910770633,0.0133793655978,3.47566393616,-17.4263672487,-29.1276588485,0.0130371924796,2.5898954515,-14.6783212304,-28.8426656784,-0.00258972203298,2.95030047417
v1,81fc01c6,9.92588932138,22.0847209685,0.0210311569211,2.77306424026,18.8266457766,31.7396396438,0.0214936445464,2.31450600136,22.7119541634,31.0644657228,0.00309076464479,3.19941523189
v1,8255c867,23.3205377542,20.853039934,-0.0188643309135,3.272588877,20.1013165433,42.3653353624,-0.0196678977763,2.54858165219,21.0612718863,35.3150505512,-0.00156173320164,3.17001636866
v1,82aab6d2,-15.5197019544,8.20655246496,-0.0074892121392,2.85413329196,-11.572223052,1.88945685211,-0.00642355684631,2.42665667213,-6.68209245419,-12.7239343873,-0.0060335567229,2.53335037851
v1,82fcf37c,4.80171267044,8.3898841191,-0.00994938670011,2.02318674548,6.34980285982,8.00498468728,-0.00901183640051,2.59808238024,2.38983298281,4.42713921815,-0.00391687258137,2.30395893699
v1,833af382,-7.82921444322,3.18317662934,0.00820650922372,2.5597372658,0.557877934999,-6.9408246828,0.00587897563545,2.38658398308,0.583559466742,1.13934779403,-0.00369446257624,2.23596699872
v1,8382f4b6,-32.1191765653,-52.4982246887,-0.000505611537657,3.60977167609,-25.5567692926,-47.1620892114,-2.28005178627e-06,2.61339301426,-15.5489072635,-31.9602283928,-0.00326846066424,3.01740624587
v1,84633df4,0.566283185841,13.6783973829,0.0204850833775,1.74679216678,3.60708732514,8.90558448102,0.019261240443,2.37736177081,1.187075037,0.508101927131,0.00876748454309,2.25348045477
v1,8478df29,-13.6933456866,1.25610985338,0.0152568054495,2.71091436442,-3.61855503455,1.56697222041,0.0148419254409,2.38536223302,0.655894837266,-0.432038095671,0.00817579161474,2.25936195605
v1,84815d5a,16.9309679188,0.395332663473,-0.0269782737971,2.98549935801,10.953368309,16.9545034994,-0.0260006577182,2.18077495742,11.7109493986,19.4533278215,-0.01204623677,2.70377687574
v1,84c3b497,8.27435805723,49.0748990407,0.018660791329,2.99375004589,11.1597516632,30.5500385882,0.0190291278715,2.55410314058,20.9659762273,29.921201009,0.00965162639195,3.13673620083
v1,85380836,12.3417286189,21.7878512598,0.0182735682982,2.71904288048,9.30260104541,25.3199494356,0.017843430684,2.52241137654,11.0063600191,17.3625211498,0.00548967304026,2.67578131752
v1,8612b37f,13.4973804453,29.4534638779,0.0317873703589,3.02611934671,4.92424339852,4.4834760537,0.0301654666212,2.62130666678,0.655146190295,-0.684244427611,0.00865139950503,2.26584334068
v1,861e71df,-9.2737893617,-20.8106963978,-0.0258153606359,2.52888881993,-5.31450060343,-9.75802608488,-0.0263143792905,2.59718271538,-1.24794615163,-1.12009144408,-0.0130398802451,2.31634369628
v1,86454a6f,65.8288071321,70.1349314722,0.014524744964,4.26638266308,41.1138729486,62.694832697,0.0140841798495,2.37802521646,22.8317537762,34.1062027627,0.0025342300203,3.23201016936
v1,8648abae,4.47177898209,7.73522053999,-0.0216026571298,2.06151172997,2.7443613761,5.4891141614,-0.0213286914754,2.6086319131,2.22922194003,3.58610660908,-0.017244317386,2.3327689941
v1,865033f8,0.1917289851,12.1599049543,0.00880400061309,1.93734625165,1.80963996206,6.98990154387,0.00836995175167,2.86760266213,1.20833545865,0.657990821086,0.00860858949954,2.26359622988
v1,87695469,-3.11150935313,-10.8169497457,0.00220468170399,2.08586996187,-2.78487503425,-9.44735553754,0.00259188055008,2.52309035449,-0.404162478622,-1.69281189018,0.00702738560612,2.27130829754
v1,877ed19c,-2.30705231931,-0.853378631179,0.00204339902139,1.60180689855,0.306301859062,-3.95099970191,0.00413320042709,2.23013175705,0.801134279364,0.407713529863,0.00741106044019,2.24035489987
v1,87aa3730,-6.05773140717,4.12128947869,-0.0214294061706,2.31416618573,-4.16031711044,-5.20125650971,-0.0198178123903,2.35021942638,0.640171039564,-0.00974313617805,0.00748798116455,2.23764386833
v1,884ecb5f,17.0991552647,-14.5711618434,0.00628614492787,3.04113146226,-3.68001643221,7.62780060241,0.00941199650624,2.54067176235,3.10044352968,3.10026632056,0.0109176993254,2.29486540238
v1,8902c3f6,6.54584392014,-13.4891083953,0.00298236680519,2.28564686852,4.44756623216,-2.35890553963,0.00272848487278,2.45298587749,1.27832676337,1.55392752327,0.00421389514,2.23216420901
v1,896d15b9,24.3098831503,45.5261222488,0.030803839796,3.42701480111,13.8453108914,31.7232639987,0.026511917881,2.62447645952,12.1070073287,21.2548921069,-0.00455353290606,2.73514162218
v1,8995c945,15.2220791196,20.0653923523,0.0360725185005,2.89312202415,14.6424193937,24.2276736487,0.0365078065173,2.5778275985,13.3591011162,20.4781666261,0.008232792725,2.81121721559
v1,89969c7a,2.34853244391,8.89548116911,-0.00385682608279,2.2230366146,-4.37847318449,-3.56613318594,-0.00474533664444,2.37049239988,-0.585161630639,-1.56375915951,0.000130638429002,2.28698323199
v1,89f1085d,-26.2911127794,-2.36318991051,-0.0035006596558,3.354472819,-10.3010496922,-10.8619584729,-0.000268329730284,2.47332935342,-2.07965460107,-4.61274096163,0.0057934212358,2.28455500872
v1,89f36adf,-0.461591080877,-2.09162362646,0.00551706352881,1.70073504241,-1.32692947392,-5.16077422416,0.00498551993733,2.37001757836,0.999370200664,0.741385444484,0.00937190529601,2.23735359476
v1,89fdb2f2,0.518975873954,2.5975217495,0.0114388249812,0.988283172859,4.50380585107,-2.5923772334,0.0118802054925,2.10120706574,-0.460651383621,-2.05408818695,0.00820175342855,2.22006496186
v1,8a3da6d1,7.01040060962,14.1726345641,0.0325984977247,2.34298262278,7.08029427932,17.8787722191,0.0305349996953,3.12018543229,2.85600759464,3.37192597734,0.00927343525682,2.30203740817
v1,8a89da23,23.034772554,16.4442026451,0.00763397797202,3.22892343039,17.4334541885,28.5086292871,0.00826178734211,2.43802736091,20.9659762273,29.921201009,0.00965162639195,3.13673620083
v1,8a9c8932,0.942877975552,1.92676096337,0.0162318968144,1.22287193795,-1.66323249143,-1.26174797188,0.016834045516,2.32620214853,-0.837974485894,-2.65201408714,0.00764509079653,2.22486619895
v1,8ac2f237,-10.867965783,-38.8722423614,-0.0020746444392,2.85940835565,-16.3162857406,-35.6711619401,-0.0014050169935,2.33852211695,-14.6273377215,-31.2270881974,-0.00120277840351,2.9833288247
v1,8b12bab6,11.5074512801,35.298971985,-0.0119647760858,2.82204868538,12.6439416785,25.3796868934,-0.0112174105523,2.69166221193,12.8209735494,21.3460234795,-0.002159544264,2.79002628571
v1,8b5be31b,-10.332727433,0.357048369196,0.0131172299382,2.73622193997,-6.45575503225,-7.48966288231,0.0130478259212,2.58385174999,-1.26724577633,-3.4390107326,0.00734408361389,2.24809691321
v1,8b95d6d1,-11.9682033507,-14.7281000316,-0.00711944233911,2.62623198414,-9.72016396068,-11.6068641266,-0.00596366834207,2.28915582497,-3.67476586578,-6.37025128798,-0.00583959031855,2.39919786258
v1,8b9d8326,-0.714270647413,-19.0329229151,-0.0181753711941,2.02584994881,-6.89991658623,-11.4207080412,-0.018706330302,2.33183523023,-6.87854112597,-11.0450797523,-0.0193968197185,2.49845830748
v1,8bb9c1e6,-4.92747470304,-1.65957389657,0.00487389033431,1.92819551435,-0.420746248591,-1.47373338361,0.00381514436154,2.39556749937,0.429257445215,0.576157380249,4.59397378726e-05,2.25248165004
v1,8bda1a11,-2.32361979602,28.0732929637,-0.0288134882777,2.62904834033,5.7953838375,16.0554576591,-0.0272986294773,2.67323864551,11.9741081244,19.3854551548,-0.0048448985039,2.7287655824
v1,8bfa881d,19.0511738811,54.539799328,0.00651830544722,3.25453854196,25.6698490747,49.9394516342,0.00574377627825,2.52574958486,22.1254944434,36.5888632851,0.00377831348129,3.22133823429
v1,8c167025,10.4266374814,15.0461394295,0.00795276847407,2.62771470848,5.0692301001,4.36195928327,0.00621958438827,2.31276858264,-0.175335977843,-0.841920792084,-0.0012202352917,2.25636227373
v1,8c8348e8,-3.26770576132,-13.1855274849,0.0164589905416,2.02037085413,-4.3585902754,-3.94350873014,0.015939734189,2.24963591708,0.242707233668,0.24871521533,-0.000436432452917,2.26084809195
v1,8cc21f01,-3.16143669634,-1.30007981792,-0.0233381872405,1.90097340218,-2.49189208832,-3.86016899516,-0.0230345069357,2.44914213172,-1.62206594281,-1.7361490688,-0.0196380303364,2.22827066287
v1,8cc800b3,-13.2281371655,-4.06436950293,-0.0512562623913,2.70100084134,-7.42376168043,-10.2178261385,-0.0511038127415,2.24004910403,-5.53884805824,-9.74996515768,-0.0128554110663,2.47961484258
v1,8d5d46d7,13.0244152911,-3.76592272484,-0.0087051294513,2.73752346133,4.55853029308,9.5601482261,-0.00797594254539,2.50333126659,1.41042287169,3.88067148704,-0.0172434160631,2.25964756478
v1,8d92cb49,-4.54222346057,-16.3978996516,0.0117481926669,2.11162013569,-10.2101242452,-14.5150533412,0.0114400508829,2.47026622978,-9.71100718493,-18.2395992597,-0.00458311162359,2.6914385675
v1,8f201368,29.6339155773,6.71554431562,0.0255248015636,3.47132938339,16.1733456685,33.3803232948,0.0248026705168,2.57349518984,17.6432181437,28.3603355271,0.00353594936571,2.99801220986
v1,90386ee4,8.29030989583,4.39595065169,-0.0280674289156,2.41170445027,4.52595586697,7.89887763317,-0.0270908049287,2.51889688966,2.18432032148,4.78653031269,-0.0136755839203,2.28035824244
v1,91abc4c7,-1.88215800273,8.58853783394,-0.0484183939471,2.08279091971,1.70876759141,-9.73662691088,-0.0492261397708,2.63969248419,-2.65484327718,-3.17752767776,-0.0208635357095,2.2657127878
v1,91b301ce,-11.8347671233,-101.519872507,0.0453618673082,3.59223299755,-38.5058457584,-80.9758003633,0.0472064065684,2.74165369025,-16.5000156502,-32.3602224023,-0.00216420423014,3.04972188061
v1,91db7070,34.4789221704,72.1166922371,-0.0169031801788,3.73307519697,25.6101349889,50.0037067402,-0.0155991587212,2.82361908919,21.6638109086,35.9892506419,0.00414384264191,3.20785719753
v1,925a7cd1,-4.05118441443,0.116187770503,0.00593904102442,1.72500761919,5.89210391768,-10.2595156119,0.00518937258507,2.34371872519,-0.167782499151,-1.69476630631,0.00691739112671,2.27933498343
v1,9283ae69,2.66566894097,-6.47188885522,0.0220084278928,1.97036362204,-1.14642129362,0.306754891877,0.0222728498011,2.40684355904,0.525712847475,-1.25987126624,0.0122675000375,2.2399984985
v1,9298ad5b,7.79057517659,-3.53544529772,0.000925384432801,2.64546424454,-6.11854514717,-9.41795869779,0.00087080056694,2.52420841617,-1.02923699526,-2.96738014449,0.00519182528372,2.31632664286
v1,9314ff13,-3.07708879185,2.22843029859,0.0385946171955,1.82290532446,-2.89640544678,-7.24761269626,0.0386719130643,2.12144235938,-0.168531146122,-1.94697263825,0.00739299901699,2.28581636806
v1,93209a3d,12.4303342559,-0.440581105137,0.045586489426,2.68499307078,4.28750652897,1.50965803428,0.0445252748219,2.6179142407,-0.460651383621,-2.05408818695,0.00820175342855,2.22006496186
v1,939d9c34,-4.7473573809,-15.9381229974,0.07568010552,2.81714863419,16.2953718787,12.3410466573,0.0739839217375,2.68942489963,15.094524629,23.0338990641,0.00814887065692,2.89162297285
v1,93f5d2e6,-13.045310214,-46.4846461907,3.03586525807e-07,3.04954379439,-20.3561055742,-44.652530396,0.000353795849467,2.36238441966,-17.4955295883,-33.8556438852,-0.00366686434738,3.07851434406
v1,940a48d9,-6.74250063083,-17.2902088517,-0.0268576671735,2.40363163217,-4.94011123042,-14.4340235533,-0.0248314691784,2.55955707587,-1.88385851852,-3.20821817777,-0.00639613073651,2.27784505591
v1,940e709a,2.2708781362,3.79508776492,-0.00333099759826,1.73200169012,-5.77107429243,6.75891166856,-0.00408989679763,2.1937165976,-0.679445642369,-1.80219733736,0.00279990599175,2.23590454214
v1,9426ec1e,-10.7388586098,-17.1079691298,-0.00778357565678,2.57103948616,-5.61440095078,-19.5656283795,-0.00521614899166,2.37299432338,-6.09568806896,-13.9469853813,0.00217908873067,2.51887499716
v1,94467f50,-0.644438220758,-5.5653426884,-0.0283293178261,2.17422039548,-13.1835851391,-24.6461997826,-0.0293100203673,2.51513980716,-15.893273392,-31.1975304045,-0.0116721201773,2.98321482139
v1,944f36b9,5.71198920086,-0.585462424557,-0.0056646390038,2.01664495019,6.47142368323,3.10427493555,-0.006453981586,2.28779244362,3.12677653938,4.66708474601,-0.00711707657447,2.32679326586
v1,94d813a4,-29.4218836394,-72.2129797599,-0.0238511480969,3.63048050368,-23.3849363909,-49.0192742878,-0.0242208851667,2.66620639429,-16.1608838525,-31.105491819,-0.0116897241819,3.00847613021
v1,95b559e7,19.188960859,13.1035947321,0.00355934194471,3.06261300897,10.7748194959,5.76111448076,0.00320669002684,2.33723050855,1.64071298633,2.25030234412,0.00397288376846,2.23754251071
v1,95c8427f,-25.6563567482,-0.890680290474,-0.00257703926132,3.33987810723,-9.72996796756,-9.52731034957,-0.0022461522362,2.52074835713,-8.61598459484,-18.5024192191,-0.00321399909912,2.65251827301
v1,96936c22,0.206616855946,7.85281858784,0.0128513491496,1.62527687985,8.93865330645,13.1178262589,0.0126935730794,2.2579186551,1.53681191409,2.25392731895,0.00182015372128,2.23887809204
v1,96ae5806,-6.05112003253,-11.9183321922,-0.00793922853456,2.24608553703,-1.45297151868,-5.58139521598,-0.010983863894,2.40674762602,-1.11366060091,-1.79420880475,-0.0112602772751,2.27669092003
v1,96b7eea1,12.1006555863,-0.297274188362,0.0119795144722,2.59563201251,11.3908940113,3.17949430819,0.0133415476876,3.09673602961,2.83239310716,3.22205571544,0.0108786390546,2.30406977499
v1,9719aa04,3.50752001642,8.05142676623,0.0121362726776,2.08896646714,5.84598097996,7.64818928138,0.011290794789,2.22718071884,3.11138308967,3.58286979167,0.00708721930672,2.30644092403
v1,974802e7,1.48711278453,22.3972708564,0.0101808492268,2.6949727724,16.0539706782,25.5597597723,0.0110430810041,2.50333901434,19.3174861108,27.835341557,0.0107322050531,3.0612159339
v1,97cd5bf9,2.30832125254,26.9048414083,0.0183197203998,2.32961027007,7.82341235244,16.4772086643,0.016845126651,2.38702364525,11.3258808227,16.0399065926,0.015262345774,2.71455492007
v1,98177ced,0.448193629506,5.75278584536,-0.0417316622229,1.91395732527,-1.16448418275,4.57847955574,-0.0413525071622,2.48256516017,-0.00737415939124,0.696610066203,-0.013076702062,2.224861895
v1,9896fc0b,-8.24726842837,-35.2277150814,-0.0209419154414,2.82225747954,-17.2174389605,-41.6150225329,-0.019531169283,2.41608285124,-18.7950810798,-39.6453556889,-0.00470111042066,3.16384999822
v1,98bc6f66,16.4842503711,0.931528156207,0.00788303969791,2.92559903044,-1.93777418377,-0.541636372133,0.00796419798348,2.36458374418,-0.460651383621,-2.05408818695,0.00820175342855,2.22006496186
v1,992c99e8,-9.90011011419,-31.5565638385,-0.000813792036898,2.693211268,-9.54718537179,-18.390313322,-0.000341602610873,2.664577597,-9.59699570394,-20.4757010429,-0.0014335371487,2.70738078626
v1,992ce078,-3.52491142758,-9.91955687739,-0.0164173757914,1.79589155509,-1.84046763741,-1.84824535161,-0.017898821233,2.37808021057,-1.11417763461,0.0139947586485,-0.0204648303112,2.32090389133
v1,99529c45,-20.5546797945,6.44814729193,0.0144490579096,3.12128703489,-2.63500885107,-1.4937670911,0.0139422586121,2.50469241638,0.958417507503,0.783695626354,0.00820348105254,2.23642201664
v1,995ff498,-1.33526955369,-22.3530368211,0.00421843452129,2.23470341097,-7.74960612731,-15.4956113355,0.0042187701308,2.40047121933,-8.53377343488,-16.8198912053,-0.00048182155842,2.63780240992
v1,999daf80,3.52432379349,-8.84277817445,0.0399601186512,1.81182765006,2.29281448411,-4.65124612729,0.0401450932005,2.490743571,0.632280349778,-0.581908357569,0.00978099541249,2.26139432287
v1,9a6b0392,-3.58873560517,-15.9412134618,0.00232071799393,2.07619266147,5.44625173973,-24.8666892595,0.00288845724233,2.10325654669,-7.7803966772,-15.5564231524,0.000257343040174,2.60060006637
v1,9a8ae0d6,-2.3627041627,14.7200601958,0.015017679277,1.93690064057,5.91661052017,17.8953350073,0.0157258825656,2.23928368698,5.52579227684,8.28398151791,0.00329028354876,2.38813454394
v1,9a95e33f,-30.1066883822,-18.7922516157,0.00498292591487,3.50523686912,-8.24346052464,-3.56121061071,0.00583709782956,2.65784097326,-0.282222263463,-1.60538301573,0.00714996979087,2.26591892757
v1,9ab94eeb,-4.64025213868,-16.5360327316,0.0371833347129,2.21982552132,-4.96172372662,-14.7895331019,0.0366433443295,2.21058946681,-5.48461388698,-10.4193132622,0.00244072412362,2.44411153302
v1,9ad5410a,-6.09666587396,13.7967188304,0.0108297103642,2.28078695544,-2.65419293095,-5.37411517935,0.00809413592017,2.96939667214,-3.48183269245,-5.36826034155,-0.00733807671182,2.41216747831
v1,9ae248be,-5.26933029786,10.5637585405,0.01938901997,2.20904378172,7.33211065864,13.2109173151,0.0180134829997,2.67020616836,1.22376021837,1.90832664501,0.00575248465793,2.28786954597
v1,9af1ffd0,-12.4998099291,-41.6414233765,0.00266797673486,2.9511560448,-14.0362692751,-32.1779563482,0.00256367745101,2.22781858845,-16.7529560469,-32.4543516202,-0.00415311136335,3.04472360686
v1,9b5b61c1,1.71734996385,1.98138794133,0.00705200178091,1.86097177147,1.81356774653,5.98880791415,0.00699676555763,2.43164055018,3.20286535842,3.5392365326,0.0103113492424,2.29724985319
v1,9b9e3b49,-0.78280382962,-9.58394221514,0.0168775473079,2.18871307624,-5.39856763068,-2.68435846493,0.0162905046635,2.5069529552,-0.03421856577,-1.45467624965,0.00748541986871,2.24868687765
v1,9bd2bba3,14.8856244119,2.92437471434,-0.0197309917119,2.81380788625,5.83637989228,-1.44829349316,-0.0194893720645,2.49763743797,-0.829712202787,-0.550172758947,-0.0171810519609,2.22961483137
v1,9c211c53,3.33952787337,-10.8207050148,0.00728114437013,2.01042722466,-3.87603411278,-7.41770126979,0.00788127122571,2.33698779906,-0.197456762327,-1.6807296513,0.00830562901936,2.26326150852
v1,9c350a6a,13.2714325843,19.2140449498,-0.00780145280317,2.91223906091,-0.881610942307,-6.92326321078,-0.0107414004175,2.39058563969,0.643989141392,1.51573249744,-0.010003205811,2.22904426315
v1,9c8375f7,-0.727237343494,12.3805021097,-0.0215711273923,1.9340047126,2.78264465576,8.82441215105,-0.0221478680617,2.52383572979,0.0130217641349,2.53063059765,-0.0188428002354,2.29541139852
v1,9d072e4c,5.95755433718,20.2943225499,-0.00325205513837,2.39705898402,9.61868146124,7.57378400321,-0.00231397724537,2.74300091557,3.48153993631,4.39127280421,0.00952458139266,2.33108250342
v1,9d3ec64c,-7.42470402299,-0.101149317972,-9.55558632468e-05,2.32119846712,0.94612025041,0.439804508352,0.000714407037743,2.34673789599,3.17901081129,3.25972247058,0.00987242103218,2.30136138057
v1,9d4272e3,16.4920322581,18.6356713966,0.00462845831585,2.93216998793,13.9837984952,21.9041837096,0.00389849250659,2.36022888035,13.1492834769,21.9382175201,0.00382166916795,2.80447254848
v1,9d5e14d4,-25.7025444444,-39.6694530642,-0.000840081475006,3.38585212761,-16.3379247859,-31.5696333955,-0.000982324833882,2.54467336048,-19.6776865125,-42.1840805801,-0.00197504613192,3.21636349646
v1,9da441ba,14.0745063116,-0.116350556754,0.0240884772503,2.81051832399,9.62425439996,8.99370073552,0.0214295488849,2.21829518564,1.55925825271,1.45039920905,0.00867588223103,2.25647963088
v1,9dede370,16.5539590281,20.4791995674,0.0113656539347,2.9794059544,10.3537114819,20.6821959016,0.0123795547925,2.58670978034,12.3762858118,19.1205122205,0.00745613312588,2.76109058067
v1,9def2eb2,2.77333499917,-2.44751201681,0.00355575405761,2.11064860428,4.62835410508,6.01636973133,0.00448146306592,2.28125009165,1.69175771279,1.37574808633,0.0107356799285,2.2527013776
v1,9df1b1f9,11.8345926399,3.98932273657,-0.0322072258419,2.60950123792,6.2693375626,10.6473546512,-0.0326885363536,2.77940679525,6.15205383001,9.64717445339,-0.0160674025081,2.44450162325
v1,9dfff011,-0.947754109747,11.0436052263,-0.0638653266423,1.76575246502,-0.248896102279,8.3696140581,-0.053533647012,2.42491848626,1.16160183302,3.0553345721,-0.0154271508007,2.23533872222
v1,9e3e364d,2.10326806527,3.95719936833,0.00700989044334,1.62870451838,13.2429548193,13.234227711,0.00622100285799,2.20182391602,11.7437036298,19.2219761954,-0.0100679777963,2.72198954687
v1,9efc812e,4.57383370786,6.42189864265,0.00518752365334,2.16871339722,-1.8521738568,-4.57938424929,0.00288232060555,2.71376998491,-3.32539741881,-5.91566505886,-0.0103644730945,2.38825222044
v1,9f0c7bae,6.92672698662,6.36291106888,0.0339246044723,2.18585556496,9.41160311325,7.55810552688,0.0328612598644,2.59510913191,6.13783518867,8.46506450834,0.0115078485359,2.40460331307
v1,9ffce529,-5.86441097467,-26.7934329188,-0.0519197398222,2.4919549267,-13.4212541443,-13.8637279584,-0.0497040334707,2.60324942787,-10.3730630205,-16.7792550732,-0.0129686864195,2.67403959153
v1,a0383629,-6.88866083676,2.47205079267,-0.0114908137981,2.24243430353,0.298993903412,-3.37660728719,-0.0103907000303,2.36985810739,0.941346303861,0.33070656025,0.00973990142812,2.23559206401
v1,a056d01e,0.0526978801274,-3.80555416287,-0.00135841799977,2.26011707805,-9.33057012469,-25.280850597,-0.00226802657629,2.54961819246,-10.3074264049,-22.2182616762,-0.00115687386687,2.74896216406
v1,a08d9e63,18.5447137042,-7.38073747084,-0.00247538645468,3.11185106691,6.73273610317,19.083027615,-0.00367434950111,2.53258953174,6.23492662396,10.6908442786,-0.0132910477291,2.46042366782
v1,a0b83014,16.1893147964,1.7209167882,-0.0116208616523,2.91876693717,3.65801973746,8.29547398368,-0.0119552763556,2.3707218935,1.3689000097,2.73188243754,-0.00777198120443,2.23915679214
v1,a0e92ed6,-1.05761486624,-20.4775943755,-0.00214233861393,2.20987120035,-10.2545017319,-13.4857263035,-0.00263719359135,2.56120756945,-9.74518116201,-17.3830815628,-0.0148377023303,2.65204332425
v1,a15bc102,1.56940358467,4.62309468548,0.015344125857,1.2750634813,5.63540790526,3.65365238083,0.0137176429226,2.30304653836,1.10658694912,0.642960315601,0.00903616609227,2.22897307113
v1,a247e7cf,-1.63436376454,-10.697085675,-0.0199738150449,1.64888269596,-1.73253907152,-4.26431323869,-0.0199075863726,2.41425943799,0.568416459674,1.53655384615,-0.0117343574518,2.21753615106
v1,a2e8e7f6,-2.16188655462,30.5626209433,0.00293103217185,2.45945467393,7.89357975519,20.4175036374,0.00192302675936,2.43769928823,10.0756510676,16.6888745328,-0.00201411939666,2.63066987839
v1,a3518960,-4.81020535535,8.18854954779,-0.0483555081687,2.09194749749,2.98572735631,9.86153995688,-0.0472125664731,2.2467426841,2.3177551536,4.77556787821,-0.0200058156395,2.34505456018
v1,a3f71395,-9.93482229839,14.776512422,0.0003230881265,2.77816038314,-4.24396504114,-1.64914292037,-0.000771849886487,2.51272713687,0.523866370849,1.32966902105,-0.00252194640292,2.25359327876
v1,a4719920,2.89800815772,12.6655327403,0.0064967798345,2.10479868997,3.4892924258,3.50311178528,0.00581832904636,2.35560983506,5.1993478054,7.11506531551,0.0112852420631,2.36044386983
v1,a48640d9,20.8741129744,7.11389170794,0.023190036822,3.11912676976,7.93063387057,8.22303831923,0.0196067100093,2.33539986848,0.72988075557,1.38020634347,-0.00200109921937,2.24850558913
v1,a4cdbb0f,-0.841464258262,14.2155737528,0.00143028550978,2.49733093447,-2.21554107228,-1.11213479431,0.0016844693468,2.73058235509,0.0824906760221,0.0325508851761,-0.00212940068121,2.26166620933
v1,a4f989c2,-9.15071494893,-1.40007673252,-0.00488465797393,2.44917468882,3.8255459629,-5.16857304557,-0.00475483408666,3.45192901191,-0.913925433292,-2.46208512545,0.00316600260823,2.23692201127
v1,a5aa7973,-8.48812391681,-36.2773338041,0.0026461865384,2.71864577292,-5.71047313107,-20.9397172127,0.00418573987789,2.46379339629,-10.2005892911,-18.4224792498,-0.00425515447198,2.6989094058
v1,a5e6f7dc,-4.04253142149,5.12626250899,-0.0215940146331,1.99481164414,-8.7418452963,-12.6855177915,-0.020658767954,2.29083358551,-2.64938882219,-4.73484818943,-0.00504136610925,2.28860061533
v1,a612d5a0,18.2031469319,9.11987937713,0.0210454081969,3.0084955414,8.31542632506,9.27675986953,0.0209604876378,2.32561867854,8.9287848253,13.8797236128,0.0105787828298,2.58677298766
v1,a622ce4d,12.2339806288,-6.28066574657,0.000572207264569,2.72366746858,4.08894118584,-0.00198221359433,5.03795055748e-05,2.23123132451,1.55925825271,1.45039920905,0.00867588223103,2.25647963088
v1,a645da9a,1.81373374733,-27.1891332987,-0.0404711268928,2.29768235228,-2.82626005474,-6.53840009744,-0.0398890790433,2.42538468337,-0.649867334945,-0.69808507864,-0.0157534530162,2.28535443148
v1,a692b17e,8.71777061133,16.8225802658,0.0199620925065,2.64887055381,1.05583425673,11.3062142991,0.0180846183981,2.32030154393,-0.437498109538,-1.99487023523,0.0071550181426,2.22064256049
v1,a6b8ac67,6.51213643866,23.5592558148,0.0136222625537,2.47451132861,7.2757682335,14.4204788619,0.0144167494159,2.59342307016,6.36110075531,8.90627529306,0.0115829949856,2.42747056908
v1,a6ed2eff,4.15260473934,0.446401440126,-0.0331395821703,2.26515139282,7.54406762975,9.90132614696,-0.0325789575259,2.27964959049,2.83411177332,6.45689433099,-0.0168203894281,2.32934203488
v1,a6f967fb,-12.5520856531,9.04489519322,-0.0566354448377,2.69211146692,-7.45059173867,-1.62624001912,-0.0569603245963,2.70874698122,-3.17872904337,-5.25526666304,-0.0147720787719,2.36454170214
v1,a76db406,2.48500856164,5.37330829393,-0.0595192537163,1.54848127181,11.2194995842,15.9504606077,-0.0609090849372,2.50384672606,12.2154622863,20.2219588683,-0.0146644533668,2.74497986227
v1,a7744f5b,9.47903129998,27.9708751183,0.00127562408687,2.64510675517,9.31200051457,19.9589774535,0.00091782049646,2.39777378074,12.1834350609,21.6712940483,0.00202210295404,2.75362748372
v1,a783cc24,-22.449454738,-49.2885604376,0.00280003963909,3.32234289621,-22.5646118013,-52.1323498096,0.00349722115277,2.39110532031,-14.9533655439,-29.4575267387,-0.00614580005917,2.98242649471
v1,a79fd2e7,-8.43744550409,-11.1636793494,0.0367153391365,2.59333804814,4.00478540224,1.15143791209,0.0345392652763,2.39889967741,0.655146190295,-0.684244427611,0.00865139950503,2.26584334068
v1,a7fc3e6b,14.9880982368,11.1370885101,5.4482569019e-05,2.95227813877,2.44874127809,0.738791201194,6.51881059288e-05,2.20544775832,1.30287594501,1.35558356893,0.00873801291307,2.23028790382
v1,a85bb86f,6.29073249435,-3.89775762421,0.0579849152481,2.1831144638,6.47747563084,2.20135394124,0.0557240815316,2.65449392678,-0.460651383621,-2.05408818695,0.00820175342855,2.22006496186
v1,a85e4bc3,-4.98693080114,10.9850414237,0.00778820736494,2.36447747145,1.1218038486,-0.927949424014,0.00835269090491,2.29607137433,1.68225942974,1.4402072096,0.0119035569737,2.23703485515
v1,a87433c9,-7.91225135466,-2.4393060501,-0.0109625443617,2.35899931194,1.30360520176,-3.76912312679,-0.0113353957428,2.31702373174,-0.989519185596,-1.93608475095,-0.00564071707519,2.23740266461
v1,a8ed028a,17.5125532683,3.83858339672,-0.00234132597368,2.99795585509,9.3307453237,18.0741136235,-3.95171604997e-05,2.61668713479,9.57276493686,15.997417469,-0.00373642731482,2.5974281148
v1,a959858c,63.6659218892,34.3999010599,-0.0910723838377,4.19507425702,37.1941563788,36.0384947761,-0.0848987448114,4.64944714915,21.0612718863,35.3150505512,-0.00156173320164,3.17001636866
v1,a9c9b150,-0.098575012543,-1.32065359684,-0.00850499588676,0.771510835218,-0.131818944527,0.975536791832,-0.00825450544668,2.42910513718,0.209750999059,-0.159323974397,-0.00164703218867,2.27130186642
v1,aa95015b,9.46732093023,9.31191677219,0.0120666062674,2.5435725141,6.52023873548,7.02718375082,0.0126326291612,2.33785574393,3.10044352968,3.10026632056,0.0109176993254,2.29486540238
v1,aaaf3c03,-1.96067067067,40.1787023181,-0.0133526457619,2.77755090469,5.21031798396,16.0774306855,-0.0179342995717,2.35177152098,0.801850071604,3.00554272328,-0.0166618555902,2.25119818816
v1,aaeffccb,-1.89717920354,3.34091952383,0.0311385892832,1.75026481677,5.47841981258,6.27113865052,0.0303420206012,2.40249372433,2.85600759464,3.37192597734,0.00927343525682,2.30203740817
v1,ab112491,24.3997242044,15.424656959,0.00169462097207,3.37430695262,11.9156578878,23.3769582222,0.00256326084627,2.4923122751,16.5431479513,24.6140394682,0.00416398361138,2.95432476005
v1,ab18d3fc,-12.4486845803,-34.7187431657,-0.0045904779364,2.86777905354,-10.836894683,-33.0178914999,-0.00343417926903,2.4520366911,-11.130846839,-19.901953903,-0.0053068388405,2.74492260196
v1,ab3ced07,-6.24644,1.88248739259,0.0351359791892,2.37931688956,6.21761936196,2.87374993603,0.0338972873319,2.79391551827,-0.460651383621,-2.05408818695,0.00820175342855,2.22006496186
v1,ab6fe95d,3.83488617738,12.1130163123,0.013907156667,2.03856494147,4.39083405453,6.31374400213,0.0138209748373,2.45327328979,3.20286535842,3.5392365326,0.0103113492424,2.29724985319
v1,ab94878e,3.82175716189,-2.6281829538,-0.0361596114569,1.95872345693,3.1008962452,0.71163014393,-0.0334851253053,2.41880756884,-0.0737542572296,0.362068321762,-0.012900689949,2.29383265249
v1,abf460d2,5.91210133665,19.0700075365,0.0230626722965,2.23547015175,17.7093189865,20.9117138343,0.0222857605313,2.34581142772,12.4066702558,18.0604162655,0.0142343080126,2.78073676913
v1,ac6f01d5,-12.4391706635,-20.7622130651,0.00436621725679,2.83100677614,-0.720403689741,-20.7730673123,0.00352335545664,2.78395564503,-5.11331148775,-9.31767130088,0.000369854458301,2.42064650109
v1,ad2133a8,-24.3827509164,-4.42896192514,-0.0570344085692,3.37033255637,-0.343859680924,9.54331293034,-0.0568490663915,2.64848973082,1.41042287169,3.88067148704,-0.0172434160631,2.25964756478
v1,add9c322,-11.4091531027,-6.87627067082,-0.00143966913002,2.5875222168,-5.57232012776,-6.2051391579,-0.00118536368386,2.56244197752,0.696393876335,-0.0710659386965,0.00872468463934,2.24457130964
v1,ae069086,-8.28477777778,-12.7823472183,-0.0189579725018,2.74634211286,-3.78138105993,-23.0631874121,-0.0161491120137,2.6011500592,-0.993405562399,-2.41683467068,0.00461683445375,2.22809396098
v1,ae0784a8,8.91897353956,9.34028444127,0.0098160941839,2.47463533821,6.10071466094,10.1307227938,0.00882702830818,2.35003374712,1.55154568829,1.45275505594,0.00840683894056,2.25746421345
v1,ae35f33a,2.83387191011,-8.90171670146,0.0102960988869,1.80749713757,2.34473122688,-10.0759736045,0.0091141319835,2.22739264046,-1.02923699526,-2.96738014449,0.00519182528372,2.31632664286
v1,ae8959c3,18.1089464365,25.2268263113,0.0106939436782,3.0334138108,10.6280127195,30.9846079445,0.0106789847374,2.63655479652,21.8696892306,32.8119588467,0.00256554171648,3.19173810878
v1,aed44918,8.24302317028,7.73728703243,0.00380653430657,2.35029890533,4.04383790626,3.44811905425,0.00316752490715,2.53484015656,0.856580802726,0.406053195822,0.00858424219963,2.23824948307
v1,aee6393a,3.23974083546,7.03510454019,0.0162791054917,1.73442758035,3.1915583431,0.27397561928,0.0137550826792,2.4576695166,1.18054034956,1.65806313328,0.00184387853453,2.23126050964
v1,af7a59ce,-3.45691468254,-2.69300497836,0.00127988109329,1.63218907642,1.37832558154,2.48379152848,0.00186845914341,2.46693881863,0.0589599512883,-0.748268642684,0.00299154464356,2.24177376353
v1,aff4e561,9.6311085297,10.2230147674,-0.00680627737147,2.47249108237,10.878130715,11.8436336931,-0.00602351259478,2.44321072231,11.5892047907,19.4338760046,0.00714992865565,2.7206732574
v1,b04b58a3,5.34544973545,-12.9049013916,0.000290308204527,2.64323910006,-0.833652381411,-5.24258953958,0.000339580367242,2.25399996542,0.73796933678,0.951520533435,0.00103833319436,2.23651628073
v1,b0d42b0d,17.8991088312,-12.1897482729,0.0300471849443,3.03482043077,3.90137610136,-9.71708879946,0.029446190846,2.40486153666,-0.837974485894,-2.65201408714,0.00764509079653,2.22486619895
v1,b0f53bf4,-6.97197096189,-5.16442562013,0.010919223786,2.32545438801,0.718645162539,-2.46789259311,0.0112889627131,2.28722339696,0.628134676218,-0.820901054201,0.0116611499545,2.24238294931
v1,b19b0395,-8.09266471701,-8.84487420015,-0.0402557226211,2.40199936094,-9.09867529343,-11.2053664074,-0.0384735538048,2.67196854068,-4.11258640483,-6.31854232483,-0.0150239322093,2.43398501494
v1,b1efb8a4,5.3679393131,15.16336473,0.0021535400005,2.2519975417,1.66867381154,5.09362229908,0.00210715049801,2.44198468152,0.573802386472,-0.138531605085,0.00169774989901,2.24959446913
v1,b32902c0,1.10968487395,13.3158453497,0.00724743268409,1.81733241246,9.19057586274,21.7666791493,0.00543115141252,2.40150310172,11.598592866,19.691448191,-0.00122122851362,2.72556956081
v1,b32e4903,1.16985615251,9.9444760088,-0.0242399773789,1.92628434605,2.19541801955,13.8694284692,-0.0224239668734,2.2489020698,5.93830079705,9.78059521529,-0.0141298120981,2.43129140433
v1,b3388334,-6.75586842105,31.6182318503,0.0214962130925,2.72327416744,7.43221245519,16.4839010125,0.0243702622993,2.60869748175,12.4570838911,19.6904707946,0.0118827842427,2.76400023023
v1,b37fd114,20.7529310134,31.8909337713,-0.000808748017243,3.25727967373,7.12421269105,15.5396611312,-0.000327940426143,2.66567230009,8.99574064191,13.8064955048,0.00368150767854,2.5714636813
v1,b38e3116,3.27253582354,4.58675529042,-0.0145768791711,2.00207967702,1.49945886261,-0.418543742535,-0.0142035872029,2.53840948303,-1.22003706347,-1.03577305703,-0.0185510522422,2.22836816723
v1,b4d8dd4f,1.05958440948,43.8655167483,0.0556155742397,2.89582457669,10.7521247892,26.7640913813,0.0554961976828,2.81392746155,14.3136998886,21.9198469061,0.0130431518326,2.87027806283
v1,b4f37e6e,11.563967246,30.1257691767,0.0410899835677,2.76939316165,15.6666906487,29.5405328508,0.0410415226734,2.76383297445,22.3374116927,33.0350856039,0.00616309110177,3.21972966511
v1,b56bc0aa,7.90101570868,0.947864187996,0.0486311261812,2.28121110347,-0.320406918098,5.48415719174,0.0481313183035,2.66817267542,0.632280349778,-0.581908357569,0.00978099541249,2.26139432287
v1,b585b4fa,-4.15483465301,15.6605150582,0.0262331726532,2.39551223686,-12.1939199573,-16.2241955315,0.025236752657,2.45491821805,-9.18592944038,-20.8425966891,0.000385994603384,2.70653946346
v1,b5aa9634,-6.98763581764,-11.2759715332,-0.00639366192007,2.52402015972,-12.6481840072,-26.8518488701,-0.00595958721695,2.43828260884,-16.6620527117,-34.7390594582,-0.00354721804053,3.05291338837
v1,b7974e66,1.28785534365,-1.33574479943,0.00573764260003,2.07605631736,-4.95484261628,-1.94129505485,0.00600293786833,2.66417309303,0.11504714992,-1.14198662155,0.00633957267789,2.24528451057
v1,b7cdcecb,7.33551070039,14.7927991328,-0.0232434378707,2.32965063735,7.44945120696,14.7705576537,-0.0216004358219,2.60362607742,12.0080949219,19.43573624,0.00119182735854,2.74477274887
v1,b7fea9ef,-10.3127211588,3.10207818394,-0.0103555835466,2.49717069179,-1.91437797331,0.675224404336,-0.00979822809608,2.35740969261,0.338000320667,0.489487074036,-0.00376231519196,2.25997392362
v1,b85f7b06,2.77873520905,4.37016012595,0.00301456646623,1.51948369012,7.36573167217,4.03072968146,0.00341024954816,2.32819496891,1.63614837706,2.0396606494,0.00762292295714,2.23811005265
v1,b881d27e,17.9941481666,9.72090221192,-0.0304495568989,2.98493188167,11.5179490935,16.6561002668,-0.0298097684721,2.58334038789,11.2953741113,18.7632679762,-0.0135899431522,2.6761981914
v1,b8c49c1a,-1.78470710813,19.9576055736,-0.0118261598645,2.22537507037,0.969189660729,7.38971251422,-0.0125463020901,2.41026573034,0.328891402182,0.480759727339,-0.0107615409303,2.27174470831
v1,b95e7121,1.93262448462,-0.415036507395,0.00234826059213,1.48624375766,4.90252484677,-1.01280930373,-0.00025496972597,2.50531064852,0.32159734066,0.52638043721,-0.00485092422025,2.25801314162
v1,b977be4a,0.231984113572,-50.8013445727,-0.00635597946168,2.97442547529,-2.89253657968,-18.0569465016,-0.00550788867495,2.4116806119,-0.197456762327,-1.6807296513,0.00830562901936,2.26326150852
v1,ba48188d,-38.3416466635,-113.847666263,-0.0079668430222,3.95003534026,-41.3685757011,-89.1493988893,-0.00933361048081,2.38090516261,-13.2785201485,-25.7728466861,-0.00747118591615,2.9071832402
v1,bb2cdd83,-0.410308496733,6.7869783422,0.0248371712587,1.39070314744,0.715790528954,3.85550282858,0.0252843336841,2.34304753836,3.10044352968,3.10026632056,0.0109176993254,2.29486540238
v1,bb337fa0,22.4812803725,12.7601851624,0.018990024707,3.22222306745,17.5199251239,22.3742280762,0.0204595264754,2.4457776967,21.2422832976,29.2036101614,0.0040645710369,3.13926774206
v1,bb682ebd,17.4580357574,27.2059654191,0.00875773822788,3.03832354049,12.2837131003,26.2060123735,0.00793147942401,2.65275020589,12.0759326983,19.565085129,0.00885899301785,2.76201197346
v1,bc4381e2,11.8622139253,8.12007980297,-0.0209162348426,2.60995000231,0.582075537163,8.93210142244,-0.0181882010239,2.48381576889,9.02585010292,13.7904361913,0.0049083428581,2.55604561934
v1,bcebcc5f,22.8529610099,7.81055546935,0.0100237613264,3.22849093976,20.3771986087,25.0504476418,0.0100558853084,2.43854556857,22.9306277602,35.186304642,0.00790402767577,3.24920943539
v1,bd2c2f34,0.749251756084,1.22707337794,-0.00457809146488,1.89665111628,-1.77927820872,0.0549326155757,-0.00405564583848,2.58301808257,-0.101749280177,-0.650988422763,-0.00446735458662,2.27051193363
v1,bd4ae5da,-12.8596144626,-10.8629684618,0.010139338777,2.71153955066,-6.35336689127,-10.6913338361,0.0105437847378,2.69339854762,-3.37890988195,-8.87065810574,0.00627259432688,2.40948154801
v1,bd6f0e19,9.28066342412,9.5269710983,-0.00125615810418,2.40857889413,6.19256250469,1.118601728,0.000486907824056,2.22118604586,1.69175771279,1.37574808633,0.0107356799285,2.2527013776
v1,bd8f847e,2.45841564201,20.9290713953,0.019426172279,2.12700975782,5.0117402909,8.15822384982,0.0161162527301,2.4921881865,1.55925825271,1.45039920905,0.00867588223103,2.25647963088
v1,be063506,-9.03810666667,-0.534367491669,0.00999913709684,2.36892366616,-3.38709956947,6.57239984227,0.00890306422773,2.64519751821,0.595694534923,-0.352065786744,0.00714782123051,2.25822155987
v1,be35c8f2,0.871341694273,-11.726892064,8.31359876154e-05,1.73602389891,-7.70313890233,-11.4175417036,0.000369523520383,2.50668652944,-0.969036692916,-3.04735245342,0.00621979566795,2.31746703905
v1,be83e781,1.6237286557,-2.84896716555,-0.0278232762273,1.42402293271,7.64158083399,4.78684147229,-0.0262051686422,2.71900378851,2.18432032148,4.78653031269,-0.0136755839203,2.28035824244
v1,beda8696,3.0063988498,-15.7777310532,-0.0236495684586,2.38139213443,-13.3950177635,-23.869123279,-0.022629732897,2.45610457705,-11.8316621541,-22.4472254936,-0.00720185204682,2.80553457707
v1,bf39bc20,0.138410535876,-7.95504114683,0.0223317162676,2.2409020324,-6.52165951382,-12.5431242316,0.021922988145,2.4415452668,-7.42540229413,-16.9400212532,0.000661705469181,2.59774802865
v1,bf70b410,-12.2646132031,-40.204419101,-0.0145568965084,2.99173829444,-19.3179160647,-36.2143376284,-0.0147145792672,2.46147914646,-15.0886041634,-31.4582002733,-0.00864430573427,2.98439520639
v1,bffe3082,9.89436833828,41.8304873783,0.0145707862128,2.86783742458,16.2144664316,27.6807893026,0.0140200983382,2.31535998851,16.9462274291,25.844631459,0.00916882744508,2.96765989716
v1,c03b9305,3.43139365452,15.197439536,0.0162637707315,2.09397506763,7.75299524776,17.8442330752,0.0163170255568,2.39534625275,11.5406774861,18.2059786046,0.0111437479562,2.71228502896
v1,c03d4aed,9.30344106874,-5.31175540378,0.00504298077578,2.60882595546,1.80505333006,1.8079781682,0.0034165293024,2.37151318943,0.567703452274,1.87338035427,-0.00946296737048,2.2621024673
v1,c03fba65,-20.5787753447,-29.7098311567,-0.007450979318,3.1671601945,-13.798965748,-30.1759382684,-0.00787272608458,2.3508702728,-16.1716286069,-31.5111944346,-0.00887499032557,3.01004818758
v1,c07fd0cd,-0.810634693391,5.48300961165,-0.0217978953513,1.61996913535,6.96434530285,4.99365189055,-0.0206864476339,2.20309257586,-0.514740980357,-0.179068652881,-0.0173572544518,2.23727355153
v1,c1708b88,-14.8091306413,-17.1463925483,-0.0329827910876,2.96035210315,-4.0942936106,-5.47102925641,-0.0296534611339,2.45619418227,0.856580802726,0.406053195822,0.00858424219963,2.23824948307
v1,c1d046f4,4.25464901143,-5.4955632537,0.000660449903969,2.1633359334,-2.84408360754,-3.80139775273,0.000541305283408,2.69212197749,-0.0935966724389,-1.35570854876,0.00536635410435,2.24836015011
v1,c2717d4f,5.36089176022,0.675011900382,0.0186676818799,2.24628556733,5.14359332601,7.97292364275,0.0185108666258,2.11973150878,1.69175771279,1.37574808633,0.0107356799285,2.2527013776
v1,c2c4db09,3.22502235469,-16.2031473831,-0.0104523865338,2.30541337177,2.97016363111,-2.03972213836,-0.00997320166391,2.34132820649,0.585492520987,1.08307427877,-0.00467820312611,2.25975976549
v1,c2c6fc71,9.64925270403,12.9364195609,0.00118923173018,2.54689993538,14.8969014607,5.05155828673,-0.000550878465662,2.28153998296,2.19767387358,4.27647618289,-0.0051422700334,2.29774050308
v1,c36625df,-7.07496836778,3.20110850299,0.0128825413653,2.19758062495,-10.0811219551,-16.47421653,0.0128818757466,2.45474515751,-7.73825437419,-18.1094858141,0.00606309242332,2.63389919078
v1,c3957531,1.48971218962,30.3514591236,-0.0059865042551,2.60407555984,-0.0172293634123,3.65190364093,-0.00645496944427,2.6496434387,0.567703452274,1.87338035427,-0.00946296737048,2.2621024673
v1,c42fe306,6.04382924436,28.5172620108,-0.0371555460489,2.50791564399,9.46159608149,23.1392745119,-0.0369299275171,2.55127987057,11.9627912703,20.703645283,-0.00913863049459,2.73387992932
v1,c43812e2,-3.97218925276,-1.23576426028,-0.0158781410982,2.08154732403,-9.16670801265,-10.9244983192,-0.0145636041491,2.23370299376,-0.73605288303,-2.21669767084,0.00503560330168,2.28518643078
v1,c472c0b5,7.32707596595,12.0102416985,0.0141268459587,2.22799957114,7.06596211326,9.84462049303,0.0128973933931,2.2704665932,2.69779787027,2.98157491498,0.00877855030669,2.31695334656
v1,c47e0767,19.2720454545,28.8432100745,0.0417431029998,3.11250186491,21.5422230178,27.4870701683,0.0397422022653,2.29549769424,15.1725084662,22.4541157766,0.0100068197689,2.89394180417
v1,c50b42f6,3.6782573994,-0.111969192416,-0.0117707259578,2.26220734086,4.33969534767,14.4071243724,-0.0112831607628,2.51368482669,4.14638425187,6.29174537516,-0.00527017603052,2.35903395795
v1,c593337f,-15.9025672043,-57.7114544726,-0.00107460047788,3.21174381379,-16.6681514805,-34.040196044,0.000239260211374,2.64665687894,-17.1600329598,-33.391964913,-0.00403230211316,3.06474815407
v1,c59b6c4a,-18.3491452991,-33.0032258811,-0.00645189874654,3.08888573969,-18.1947157455,-34.9016429202,-0.00631059780171,2.23931516804,-19.6474043656,-42.3916337432,-0.00146662718583,3.21737366481
v1,c66be2b8,-14.9536446798,-50.5147344076,0.0273304811192,3.14530491208,-12.6272287294,-31.2759260216,0.0295809682664,2.29337041283,-10.8011594565,-19.6832354965,-0.00458462006083,2.73221553638
v1,c6797dd7,0.958610634647,-12.626341018,-0.000460440568267,1.92117969829,-5.53899302956,-3.68356088785,-0.00245712232065,2.33876644686,-0.6324293681,-0.292161446353,-0.0111372822572,2.29041686134
v1,c6b782a4,-10.615232725,2.5028987231,-0.0080447261174,2.62523965854,-8.77911484871,0.643091127711,-0.00591391754087,2.6259994746,-0.154080497441,-1.49368870012,0.00742337819273,2.26979481792
v1,c6c96179,7.40880619381,2.58175078854,-0.0116393889067,2.27958745475,5.73530865993,3.82686218086,-0.0106457295527,2.16895556532,5.25776591212,7.59758135141,-0.00206135958747,2.38774121829
v1,c70c0e01,-5.45328153989,-13.1172628669,-0.0297655643711,2.29906902554,-9.90179170628,-12.1370111251,-0.0287273560505,2.2928137867,-6.41398144979,-11.5202675274,-0.00961370666781,2.52227344761
v1,c84c65be,5.34140301318,-10.5843367084,-0.0261207314796,2.37382498655,0.737643613821,-1.62073716012,-0.0241970677588,2.81094392383,-0.242299293404,0.981017440229,-0.0168428485979,2.23312776029
v1,c8d9680c,39.1036936793,43.8821542448,0.0208264516848,3.7789586808,14.9909788147,27.5828922759,0.0221261128761,2.48612886757,19.8248196099,27.2038109179,0.00674568537963,3.08614709391
v1,c908edd0,-2.39408652938,-25.3708887439,-0.00337637342737,2.27880746863,-7.33518984284,-12.6664530073,-0.00358875210457,2.43586101922,-8.49275264476,-16.8153207204,-0.00901463487365,2.63276953059
v1,c9578d27,3.08239803878,7.40990404246,0.0162436239268,2.42540045573,1.11704406356,-3.96360106283,0.013274462544,2.44500430731,0.18536003472,-0.356723210202,-0.00509590718105,2.26159108935
v1,c96c018a,10.9871407954,8.92025593761,0.000291238358387,2.62900415242,5.1765574815,7.18466462545,-0.00124124823239,2.36986724997,1.40756801251,2.7153611622,-0.00551946100218,2.26617324904
v1,c99f9fae,-3.6343405125,-9.85165841675,-0.013739105048,1.85711505866,-10.4548538682,-21.9579135674,-0.0151355790755,2.12248022743,-10.3899121491,-19.9498416839,-0.00757279145607,2.73244189907
v1,c9e6734f,0.384128827877,30.9829351205,-0.000323418134888,2.42572014648,4.91504066506,15.6041022405,-0.00274748097411,2.51202752649,3.05789735298,4.59645104968,-0.0103054719741,2.34442645733
v1,c9e980e8,-7.13835742143,-20.2060960114,-0.0249370013637,2.37413661406,-5.23629761874,-10.1201210672,-0.0263192893423,2.31661211419,-1.71746487036,-1.82444196188,-0.0132267807572,2.33499811717
v1,c9fedcf3,6.78960762013,3.76333221098,-0.00109960322843,2.13673292108,5.17482873017,2.69523068636,-0.00167456903841,2.38254261247,5.35028666028,7.25620733049,0.00379830021874,2.38125287292
v1,cad13e8f,-16.4154022277,-11.8362598214,-0.0619327186213,2.89160966532,-14.6701497551,-13.4116853331,-0.061859999636,1.96250329951,-9.14517597387,-15.5660781401,-0.014059124534,2.6566181855
v1,cb34231f,-1.73774469602,4.95209838657,-0.0461195399021,1.85924777481,-0.616673864201,4.97498942728,-0.0444761352124,2.37206385029,0.481206126127,2.11449944043,-0.0124853494435,2.2536715655
v1,cb879f40,-0.411854315123,-9.48997949633,-0.0091448839816,2.28201881641,-2.80959695609,-9.40642404537,-0.00800462838085,2.23679159375,-2.07230052411,-3.92623465585,-0.00148338888672,2.28676370758
v1,cbb406b5,8.57629424779,-7.97027732845,0.00936994306505,2.51486080251,0.975236993324,0.946615312879,0.00979431714753,2.44647243828,0.31801200816,-0.859779300253,0.00818889047572,2.24498308677
v1,cbe51de1,11.6606056018,14.6908406468,-0.00967930974233,2.77397538923,4.44066041032,-1.81169161697,-0.0107031409791,2.29536013924,-0.097719204871,-0.812086235873,-8.53643322954e-05,2.25291834256
v1,cbe62450,15.0649920102,-1.29301925496,-0.00135276526155,2.97588987953,-2.80703327212,-4.78434577589,-0.00063332460672,2.32542944568,-1.70245114117,-1.75042473038,-0.00793847538177,2.33764363023
v1,cc08aa63,11.2360690287,12.7806723396,0.042623342313,2.6382671062,6.78187023113,9.09300545331,0.0410163707922,2.50863550333,1.69175771279,1.37574808633,0.0107356799285,2.2527013776
v1,cc8a1d57,-24.9354293462,0.108459206036,-0.0366790862654,3.35184571516,-4.79081596322,0.379548430168,-0.0336589850611,2.68553388915,-0.388372148433,0.558083515809,-0.0156962273205,2.23413223891
v1,ccedb12b,6.25428084526,-20.4106401471,0.0253101076091,2.45178587182,-2.21152249066,-17.5610388207,0.0262082688083,2.58355106615,-7.42540229413,-16.9400212532,0.000661705469181,2.59774802865
v1,cd7f1687,-8.84078449906,-3.90623831253,-0.0192726577347,2.44868886928,-0.255962231597,1.24043729621,-0.0181212237006,2.51200216663,0.0724824345495,2.43161088545,-0.0142096576434,2.30310975859
v1,cda7eb37,3.50109660137,21.2725782795,-0.0129205244106,2.401762604,-0.328417310488,1.36570414342,-0.0144518856364,2.69851696541,-1.73298975689,-1.66835938665,-0.0205292565811,2.23109065662
v1,cdc31d65,4.0548161157,-10.8054886012,-0.00495964802344,2.13799488126,2.83206189117,-8.16064475992,-0.00463088652764,2.35527758506,-1.60546729488,-3.29823321137,-0.000195612307521,2.26938781936
v1,cdc60a53,-0.725624362027,21.690885866,0.00316360950705,2.23172541883,4.4619890277,13.3864514349,0.00296860001181,2.47309144281,2.97740089721,4.15992750334,-0.000143550440076,2.31219429998
v1,ce55ba43,12.3136500975,10.2200508437,0.00826136557358,2.72814359975,6.91782158622,13.9554883397,0.00819794373595,2.72652992382,6.19128614368,9.29282692105,0.00229480031847,2.45048950882
v1,ce8399b7,-2.67853869969,-1.54539698985,-0.0558337752285,1.4732888658,-2.8106725138,-7.89092226311,-0.0528024133779,2.77602213812,-1.62206594281,-1.7361490688,-0.0196380303364,2.22827066287
v1,cf50c9d1,-29.8412371346,-28.2842762468,-0.0111377415774,3.48333626392,-23.4142377988,-36.6803947519,-0.0101767682267,2.42188347758,-19.4670288496,-42.7432074658,0.000389218954523,3.22380458181
v1,d00e7eb9,-6.62653050491,-2.60899210911,-0.0100792234274,2.18683787478,-4.71345968262,-9.84277158972,-0.00961423878603,2.3553074719,-0.167782499151,-1.69476630631,0.00691739112671,2.27933498343
v1,d011f41b,-8.26695191884,-13.6226837323,-0.00783986451807,2.47332783019,-1.30980456669,-13.0280811326,-0.00617307882485,2.47384285409,1.05620392131,0.679560016346,0.010573497658,2.23732571601
v1,d07aed8f,4.75087926953,0.730144731688,0.00354005628537,1.85667472509,7.03901645898,4.62381887894,0.00268007312023,2.19562884026,1.29314980303,1.55880030126,0.00631919912298,2.23326583089
v1,d085e611,1.56577612663,10.7127361862,-0.0191495556304,2.40547823654,-7.54031108284,-6.20838525165,-0.0194060480417,2.53135181284,-2.25173714319,-4.08769937496,-0.0027954913275,2.29246509797
v1,d0a0e7b5,10.4409014675,12.3337000641,-0.0045359078681,2.53978173207,8.6885429559,11.6909462905,-0.00459220478475,2.40011850408,8.92854303205,14.4600855718,0.000178853074027,2.55127445029
v1,d0a43760,2.12997030438,8.20804423634,-0.000149463910165,1.65810483861,2.00656802669,6.52570902268,-0.00301163709083,2.63991506971,0.481206126127,2.11449944043,-0.0124853494435,2.2536715655
v1,d0cb63ae,-15.8057265939,-8.74908277794,0.0230018488703,3.04153662126,-0.830278460138,1.20692631187,0.0237814493708,2.5978348409,0.493859245081,0.889632604281,0.00589734962421,2.27547852107
v1,d114d9c2,-5.06952304222,-16.9148082797,-0.0315746484061,2.16315387793,-6.02227280434,-4.12362689731,-0.0303883635163,2.49031457676,-2.65484327718,-3.17752767776,-0.0208635357095,2.2657127878
v1,d1457cc5,0.989682080925,9.99327278126,0.0153978463613,2.21000176405,3.44305750575,3.67514195065,0.016987991922,2.6282279772,1.59183057062,0.437996043945,0.0116609281886,2.26012989481
v1,d1ecf309,4.36323767834,25.9287971346,-0.00460954424129,2.33971560477,3.09170969259,14.4616620513,-0.00351845384811,2.45712767681,4.05784959451,7.35551552327,-0.00503476117474,2.38280396231
v1,d1ee630d,11.2639109698,-2.33789253631,0.000667653498364,2.5817141936,7.67186975956,3.14202026765,-0.000340125387695,2.26219334632,1.6428160874,2.27000729102,0.00158566260218,2.25898454852
v1,d217e0c5,-2.49409067223,5.52161850871,-0.0301888180333,1.82513601001,4.65701600081,9.95486841688,-0.0297192262533,2.29014238843,1.26118496768,2.96743881211,-0.0135721954446,2.22372174796
v1,d24ff243,0.332738876086,-5.75538702847,-0.0226788641487,1.52269848814,-3.30631870842,6.03780596632,-0.0217495647452,2.34464057033,0.262941792588,0.540655753054,-0.00898379238602,2.26353626346
v1,d273674e,-0.86236214414,-1.63126288003,-0.0108506797368,1.4816877651,7.08639089614,7.19050541144,-0.0125928183238,2.11840688931,6.23829354699,9.50932821734,-0.0115529643587,2.44900201499
v1,d2f3b1ab,9.58250134384,-29.8586028799,-0.0117468050572,2.91004950432,-5.47476547281,-15.8886702716,-0.0114372440207,2.38615530078,-4.89651894602,-8.99881658463,4.93927337286e-05,2.41054646239
v1,d3df146b,9.83863832728,8.5864037391,0.0206963269831,2.54154996819,15.3290832605,18.3305566749,0.0193659405566,2.23153233083,13.2488827609,19.9175450576,0.00865564332078,2.81843405776
v1,d40f61d5,-1.10394899728,9.46604754632,-0.0111039163771,1.71434158785,-1.08854964748,4.53614607431,-0.0108838643354,2.31712349597,-0.870057171566,-1.81661112336,-0.002905742822,2.24352402871
v1,d41beaf2,-13.9062255418,-12.969015172,-0.00882504140319,2.85275659292,-10.0530015988,-14.2454443294,-0.00821913625337,2.37716738963,-4.80337461191,-9.22420915371,0.00336393381438,2.40642331474
v1,d463e527,3.06896370883,21.0340862991,0.0283260276245,2.26084124569,-1.91900089835,-0.104832725543,0.0247553701748,2.27710656669,1.40066235881,1.25144795892,0.0111080295185,2.23119160319
v1,d4f60a28,-2.9714419018,7.69870897143,-0.0604054258239,1.97173468251,0.990976782858,1.92194378041,-0.0582336893344,2.22298816513,-1.13823120859,-0.964705176247,-0.0191155141054,2.22175512886
v1,d50c649a,5.07708187975,-6.75328701501,0.0488585881442,2.05667972285,4.66009254303,-0.0131538990603,0.0478887170981,2.48073632511,-0.460651383621,-2.05408818695,0.00820175342855,2.22006496186
v1,d543916f,6.50180662638,17.206708757,-0.00537406345692,2.41593357031,6.59790864733,9.19797912077,-0.00671441794294,2.37510090131,1.30676127662,2.79196325786,-0.0108741948974,2.22441565368
v1,d5df0ff5,-15.3508779762,-7.54481839556,-0.00532138657101,2.85366949198,-10.8963774549,-18.2528870217,-0.00552907609317,2.33981876306,-8.76408739414,-17.3091475633,-0.00480339862374,2.65214904315
v1,d60430e6,-5.73088410992,12.8603773334,-0.00920297677589,2.1803239523,-3.50982282236,4.30244746197,-0.00932308495132,2.40205361859,0.980691002728,1.52178209068,0.00501209377631,2.24535317852
v1,d63196fe,-17.7631973392,-23.2214354505,-0.0611705418649,3.02164923338,-17.2316600405,-25.1341030612,-0.0584154183018,2.60094738179,-11.826418308,-21.4088325218,-0.0160087018703,2.7600704345
v1,d6c320d9,9.9858217168,12.7678026325,-0.00900715053471,2.50192617214,9.17544384971,13.0874987605,-0.00825143289942,2.38799563639,11.7256406505,19.100045527,0.00824141846666,2.72687652682
v1,d6dd7330,7.9624430809,7.27106589402,-0.0032738848208,2.55122740835,1.74908817166,0.279265023605,-0.00377613024039,2.26401332504,-1.31806327014,-1.76623667102,-0.0144716313562,2.22717263856
v1,d7ba4f9d,-3.7411456085,-2.39655994319,-0.0104546200573,1.80797989721,-6.99889148475,-9.77602204346,-0.00985913329299,2.25963403304,0.11504714992,-1.14198662155,0.00633957267789,2.24528451057
v1,d7eb0be8,27.6577281985,-19.5113629334,-0.00207387917505,3.52123296359,0.466055215816,-7.65592246784,0.0022003559443,2.44472684048,0.794180290143,-0.175201548704,0.0110947012448,2.24547500901
v1,d84b621b,-21.2124737106,-2.0651086818,-0.0235201105971,3.12765372105,-8.95893665273,-7.65982974092,-0.0227261667434,2.63748411589,-8.77059345613,-15.2821486037,-0.0124487689237,2.60314887275
v1,d90aa14c,6.78172389698,2.51224478223,0.0124618463573,2.56451487013,-11.2015951469,-16.2061927885,0.013444398945,2.57704741284,-10.2005892911,-18.4224792498,-0.00425515447198,2.6989094058
v1,d924e971,25.8144378141,67.0587842056,0.0639725732744,3.51958123621,37.6116257371,59.1597561163,0.060816124218,2.7354725305,22.7119541634,31.0644657228,0.00309076464479,3.19941523189
v1,d9ae59b2,-4.00833607456,-7.06760671182,-0.0331164944268,1.7995756385,0.353007449381,-3.84942102621,-0.0327640799109,2.52371454533,0.138698695637,1.11954399062,-0.0142233233394,2.22385741638
v1,d9d6d94d,-0.0320349664566,-13.5681448143,0.0896205655538,2.34043266635,5.45663920179,1.31591557693,0.0891215026913,2.59778722181,-0.460651383621,-2.05408818695,0.00820175342855,2.22006496186
v1,d9eca87b,-20.852935823,-46.0132952848,-0.0188609341136,3.31212262022,-37.1328711885,-67.9944398164,-0.0192962142668,2.40253611983,-19.6776865125,-42.1840805801,-0.00197504613192,3.21636349646
v1,da2d4d7c,1.33247398297,7.88878720049,0.0281246915567,1.52108617182,2.50733379907,1.73278198218,0.0269949110627,2.38089880113,1.58447301594,1.54434281961,0.00953354036825,2.23613115578
v1,da3bfe4e,-27.0871598486,-31.8277742413,-0.0181814842802,3.44068227256,-13.2803280674,-27.1386746085,-0.0195246998334,2.53380974492,-11.8281018844,-21.6765733168,-0.0173118535365,2.758054689
v1,da3cf798,15.9966991786,12.0750333706,0.0147767957383,2.885086192,10.1953747328,12.4407943657,0.0148306189381,2.43760467603,11.1226445554,18.3510498315,0.00925673069005,2.70023850758
v1,da940160,9.87100545596,14.2616871666,-0.0249654140608,2.50346897642,4.28272360081,9.54284110435,-0.0241574070345,2.4492467021,1.41042287169,3.88067148704,-0.0172434160631,2.25964756478
v1,dafc88c3,5.13847451543,4.13538573903,-0.0302340266534,2.06399020705,2.13978360872,15.4127488836,-0.0300580772939,2.46969932592,0.841709310034,2.63613453022,-0.012320365247,2.25535090194
v1,dbee6c86,-2.0197638757,-4.3192546855,-0.017824130052,1.68564477185,-0.392887224888,-0.892586042427,-0.0172784199451,2.50336926307,0.0724824345495,2.43161088545,-0.0142096576434,2.30310975859
v1,dc5fbe29,-4.28287910821,8.53236855164,-0.0124416019057,2.18830759692,-6.10306108775,-0.94004816763,-0.013270231704,2.49206887,-0.0760138920009,-0.458672349197,-0.00758838272629,2.2733062915
v1,dc7da28f,6.10943862589,26.4035300583,0.0126639110999,2.41798702377,10.6332407188,18.2854669844,0.0106714910231,2.52172810507,11.9926626963,20.4465347281,0.00101842861141,2.73689473323
v1,dc7f9757,-7.81375,-15.2412778348,-0.00233323814416,2.38048593054,-8.07719333059,-3.11627493764,-0.00388369883405,2.88589842309,-5.56385410163,-8.8485252343,-0.0125665371125,2.40690860197
v1,dd168de0,-0.328123486683,5.7509525812,0.00581994581664,1.38413131919,2.9442573349,8.62554872699,0.00547050442854,2.33428895838,1.9012393385,2.76927155104,0.00753101891053,2.2735440448
v1,dd64382d,2.76139244558,7.67367358156,0.0120293276047,1.66053530988,6.28959950367,10.9363977274,0.0112741833564,2.16505007628,6.92463458377,9.36288667392,0.0131559945949,2.44763838545
v1,dd6bc5b2,8.40175180455,22.7553268214,-0.0207788885805,2.54795625815,2.47030934315,15.3687458165,-0.0190023719117,2.38487370599,1.83288671231,3.32136130814,-0.00453403591396,2.25401987003
v1,dd7d638e,-0.840932341316,13.0848422912,0.0628967657554,1.94843277137,8.03741191901,10.6585942234,0.0608256508099,2.51880213293,2.03758062338,2.0215735855,0.0106205450795,2.27230337547
v1,ddc790ff,-4.0485971223,-2.77924027169,-0.0490468613395,1.90580476988,-0.96423692802,-8.22827732808,-0.0496643510766,2.35742277188,-2.02331254484,-2.83266459257,-0.0163236753995,2.30288173923
v1,df71d1ff,-6.40277617213,-18.8228635452,-0.0280551164226,2.62050207205,0.970911095368,-2.91845638173,-0.0271979097964,2.5314341413,-0.769708246877,-1.76641487838,-0.00152280683746,2.24463689568
v1,df73b8f3,-9.23753718697,-35.795650504,-0.0448878013221,2.8104596183,-11.3438457129,-21.817122453,-0.0440049638977,2.43405866996,-9.66795827206,-17.7036120295,-0.0127982645628,2.70075455465
v1,df8290be,6.64847935549,32.1450384126,0.0190477255486,2.63975171595,6.63290172621,23.3699334161,0.0167234357367,2.47291222896,10.2853702036,16.1576159058,0.00138997273218,2.65984407892
v1,e0079ed1,6.53724286949,-7.32942885223,0.0195364770513,2.20491844137,-1.13608287999,-10.8239886248,0.0223497893183,2.22384928576,0.173482273545,-1.85476821564,0.0115640294305,2.24370228937
v1,e03b45fd,3.94871958068,-14.2253360958,0.025459605032,2.81850729304,-16.2191334697,-34.1321157679,0.0224508394523,2.80878517565,-18.9580292074,-41.7630238668,0.000314818097314,3.19447364632
v1,e0f36d98,11.1204079582,-1.29439707946,-0.00142958836811,2.72478644311,9.9203355123,13.0548321349,0.000158336946772,2.23690704458,9.31952013433,14.6402634445,0.0103613903537,2.60566578353
v1,e149204f,0.351759881909,-5.13848643497,-0.0203154011557,1.71310451545,-0.97655041901,1.98457654678,-0.0199947281517,2.47653797195,0.481206126127,2.11449944043,-0.0124853494435,2.2536715655
v1,e14d641e,-3.13395100503,-9.55296842138,0.00585819201531,2.05676138923,-3.03637481153,-7.97866083962,0.00446301386382,2.44789237263,0.679041133984,1.1373180036,-0.00230705188704,2.2353931641
v1,e161bd0c,0.727148185826,7.76460360363,-0.003257632646,1.67428830321,6.64933766704,7.3677211793,-0.00214235024616,2.44809896375,6.34526819129,8.45647666529,0.0084871514324,2.41879694786
v1,e201fd6d,-9.35823471401,9.6192873714,0.0291161682822,2.85481658154,2.87992568242,4.94854906301,0.0279698714919,2.42546116198,1.93581209161,2.14893373679,0.00962775037875,2.24255778056
v1,e25f1537,-3.91365753856,-35.0847686913,0.0111675282424,2.63941790799,-9.96981589736,-21.4777102198,0.0114751561404,2.3486768113,-10.2005892911,-18.4224792498,-0.00425515447198,2.6989094058
v1,e2fc7745,9.64916576381,-14.554702569,0.0399805854925,2.66315006091,1.48484682763,-1.06970697484,0.0404581015654,2.1497632934,-0.460651383621,-2.05408818695,0.00820175342855,2.22006496186
v1,e32da4ec,7.22637022819,0.0948398397375,0.00976363646305,2.47233964414,11.2867667186,22.4146528761,0.0111090391011,2.41732063639,12.1749000865,19.5074222818,0.00979330685387,2.76121354447
v1,e3b34f5b,-5.32579101742,-27.5341914276,0.00712421808624,2.42895742469,-2.09879659963,-14.738898848,0.00768299823249,2.23898873185,-1.26724577633,-3.4390107326,0.00734408361389,2.24809691321
v1,e45a2a62,13.9372258838,16.7125683005,0.0147749234966,3.0384526499,2.20979631261,12.1272818649,0.0128859071556,2.52388667427,1.03106296838,1.83716366235,-0.00300685205982,2.23190218525
v1,e46f4ef4,-0.338929812369,-0.853310188156,0.0244498459616,1.77944239275,-3.90115435058,-6.65079290781,0.0225619877235,2.32603277435,-0.252278190638,-1.90240762808,0.00714480378187,2.25653009534
v1,e4726608,-4.20716881471,8.97623737226,0.0271756360824,1.98396083248,4.41993583195,6.55192491565,0.0281177644659,2.34739540147,1.69175771279,1.37574808633,0.0107356799285,2.2527013776
v1,e5864244,25.1452181696,27.6242118276,-0.0478528073643,3.32525299971,20.2722996421,36.7806134184,-0.0435812472969,2.91763207134,21.5546324693,36.1956786234,0.00383469039814,3.20220807101
v1,e5c92e59,-4.66726426077,-7.18164781056,0.00743557113706,2.1646279142,0.196277784407,-3.16259857079,0.00553424613306,2.44035407515,0.236483693881,1.59886308811,-0.0121018953402,2.2306871688
v1,e5ff9fd2,7.17259983008,11.2574321415,-0.0104069125908,2.2916485921,0.0251202329527,8.09976069666,-0.0124425494948,2.56879188014,0.620579802864,2.41336105061,-0.014963034121,2.22871807778
v1,e6c55748,1.0738618068,24.7781453929,0.00146163000744,2.34152726296,3.3731112392,10.5004336055,0.000219977398519,2.39634256062,1.47556987341,2.34517376836,-0.000644002884463,2.26388452185
v1,e730c32b,10.4051459391,11.4635763053,-0.0306031083195,2.53802646356,7.14581291097,13.8523001054,-0.0319071866816,2.54618804847,2.34506154309,5.92501563533,-0.0198252520368,2.3654700973
v1,e737965a,-1.16719899244,-24.5900671558,0.00767428038755,2.38848960278,-6.33190771463,-12.389257634,0.00851260613522,2.31667741199,-4.80337461191,-9.22420915371,0.00336393381438,2.40642331474
v1,e748dd88,0.7043599335,-14.4084514716,0.00923691910014,1.79008001807,-0.637272358522,-14.233954768,0.00772442082817,2.37757342762,-2.09985682531,-3.98938121382,-0.000569193791166,2.28818437736
v1,e7818f7a,-4.63910631167,5.34301777437,-0.0157796056001,1.98960344722,5.06241249474,3.55209763563,-0.0156831536991,2.36808917075,1.39122646077,2.7426454615,-0.00657493856405,2.23876442301
v1,e7c36e81,-4.29458227131,-11.9428531566,0.036068648639,2.12224259856,-0.595797359895,-7.8162922668,0.0355499617144,3.14925640022,-0.191396986639,-1.84463656821,0.00852259492445,2.28136735025
v1,e7d0c1de,-5.65603693483,-3.40493309197,-0.0314199028439,2.06181909804,-3.37645933959,-11.9650709228,-0.0311932397167,2.23987098145,-3.79581867349,-6.68117157102,-0.0114811384222,2.41581317932
v1,e85074c5,10.5067048458,-4.59118062792,0.0358825356042,2.51346865539,6.6842674533,3.40888426265,0.0343651335454,2.42769510749,1.81829344555,1.50925649261,0.00905592915013,2.28754745008
v1,e97032ad,11.2617620397,-4.82969848441,0.0318776713159,2.56180169164,4.7910977514,2.31556440591,0.0314484500423,2.53823506089,3.10044352968,3.10026632056,0.0109176993254,2.29486540238
v1,e9949a23,-3.6977955692,12.782813013,-0.020941586773,2.53217757884,6.64482458927,21.2687091182,-0.0195563341016,2.45800101486,10.7875128974,17.8990150928,-0.00103795852332,2.67039292087
v1,ea0b99b7,10.420311722,0.758276592873,0.0341142025962,2.57716342582,10.0684825978,0.25321261391,0.0330478163888,2.39209503409,3.10044352968,3.10026632056,0.0109176993254,2.29486540238
v1,ea3a0e38,-3.61272582571,-22.2930976244,0.0062680443553,2.32558575134,-5.99535056159,-6.31424483151,0.00488807575345,2.64804314774,-6.94786911364,-13.2393859169,-0.00782006531345,2.5362570059
v1,ea41324e,-1.31121791045,10.7604749844,-0.0017283480225,1.83963335341,-1.26283909815,-5.25138229378,-0.00119849988257,2.40007240559,0.595694534923,-0.352065786744,0.00714782123051,2.25822155987
v1,eabc711b,-4.09754487659,-17.5825471366,-0.0157072728382,2.54148214556,7.03526679564,11.2511392459,-0.0136135912042,2.51733263636,6.41391210596,10.7654102703,-0.00442315469824,2.47837320664
v1,eac10e86,-4.56532058678,-2.83330106276,-0.0108599598807,1.88972960082,0.298102219979,-0.0490461559842,-0.0104358135941,2.36075422248,-0.467751781236,-1.78093451158,0.00377926790992,2.23021821583
v1,eafb863e,11.7673234305,15.794331477,0.0156278867569,2.67123807876,17.6983331,27.6575713761,0.0161913715134,2.5719040774,22.9306277602,35.186304642,0.00790402767577,3.24920943539
v1,eb06a4e7,-1.63813450937,-29.1221793867,-0.0376109146901,2.36735162188,-2.03982385739,-18.0184115661,-0.0367428484907,2.63287964968,-3.52430016068,-4.57864977215,-0.0189795802286,2.30627460049
v1,eb640a35,2.63048368395,-25.7241785724,-0.0225901059371,2.3951548764,1.53614283106,-2.08911263145,-0.0212869222188,2.32643819029,1.06313724297,1.95181596611,-0.00516819066776,2.23342407308
v1,eb934281,-1.65201976218,3.64260346194,0.00538631474616,1.42007242636,1.97220884641,-3.75046768293,0.00622821540986,2.28337481919,1.05620392131,0.679560016346,0.010573497658,2.23732571601
v1,eba6605e,12.745260771,17.1947111812,-0.0306941298506,2.81131127424,7.28707879335,14.7093764675,-0.0270177366507,2.94101535246,12.0278815172,19.1552426224,0.00773369063862,2.7600544259
v1,ebe69318,0.104461414791,9.66233365604,0.00914066996561,1.76221493092,1.43689246737,3.00843819201,0.00873279455725,2.43792933674,3.20286535842,3.5392365326,0.0103113492424,2.29724985319
v1,ec0d597b,10.4034943674,17.8546779656,0.00597829601417,2.85895283386,-2.58381948225,-0.446285932903,0.00295050862617,2.27735980442,-0.515434493665,-0.323073222229,-0.00836311775333,2.28824628496
v1,ec13af42,6.45305382644,-25.5479512245,0.0133560542214,2.47707877261,-1.41097129239,-7.33059681402,0.0132802591644,2.45050174932,0.60742985439,-0.396648014252,0.0102515141979,2.24048460793
v1,ecdab904,15.0884952009,-7.56152426259,0.0154091707145,2.88582794983,7.32772546223,16.4871377158,0.0168543095269,2.54225792295,10.4681125075,15.6387735216,0.0135273384758,2.65429090072
v1,ecdaf714,11.6154126214,12.3979241176,0.0109089647339,2.79434261633,7.56696560745,19.7961448307,0.0120492216908,2.58999542306,9.98726290684,14.9472177995,0.0128698420577,2.63279922643
v1,ed6436d6,1.1936672326,1.02214913606,0.00146469723722,0.962235631342,-0.405125357272,1.91069668976,0.000911246627082,2.52706379052,0.655894837266,-0.432038095671,0.00817579161474,2.25936195605
v1,ed6e6e54,5.64348875661,6.56330214951,-0.0079144591234,2.56124521285,2.34875708584,3.08614145997,-0.00647652907712,2.43062137709,-0.772761616285,-1.88272636368,0.00209658810991,2.23443730292
v1,edf885a3,8.85183188964,-8.49383418087,0.0137723091675,2.58691580702,-0.651689231421,-0.414396159933,0.0135864644139,2.52697991043,0.989080262806,0.331402073099,0.0106440398971,2.23447122978
v1,ee0300f7,24.5814722711,20.6344937451,-0.0303857181327,3.28392589386,18.1995729566,33.1156379742,-0.0309505171512,2.62414038229,22.0071878953,34.6562246857,-0.00424581694586,3.18823806138
v1,ee288beb,19.1364553687,66.2034667049,0.0277911876502,3.35067660743,19.3618893507,50.3951671837,0.0257178725186,2.57501209116,22.8365369417,31.4562910791,-0.00250390413261,3.19720898964
v1,ee4aecac,10.0634415954,6.65983703228,0.0323442623262,2.46630242095,10.0655668379,6.79910937069,0.0313992662986,2.29703744637,9.96939442469,14.7499699638,0.010490897743,2.61299208561
v1,eeda36f5,-4.40075046904,-4.42799067049,0.0148230965601,1.86719534441,-0.639148452121,-1.67254284473,0.0132543220726,2.79805150869,-0.913925433292,-2.46208512545,0.00316600260823,2.23692201127
v1,eeed308d,4.07498845858,26.4328043009,-0.00952529098035,2.36932102438,5.50801006901,9.37638803604,-0.00925223732362,2.49269569092,5.70447910414,8.24226801689,-0.00194282808134,2.40757374807
v1,ef04658e,13.303542885,23.1597160502,-0.00353955562823,2.80020656729,7.46084220575,13.9544396291,-0.00595214527314,2.21195205862,10.1435617481,16.6571987719,-0.00117565694436,2.63634334825
v1,ef8e3ed0,-11.7669314701,-9.55015560351,-0.00124960801218,2.74951771461,-5.88428206887,-9.99124432588,-0.00211136172331,2.40128084054,-6.36613346813,-11.588410359,-0.00845030344509,2.52249490337
v1,efde6ac3,-7.41619872779,-13.3286312846,-0.0198969076929,2.41612586911,-11.4272616614,-14.9736979164,-0.0190242839138,2.46601648294,-8.71618633465,-14.8470051568,-0.00631204131172,2.60313923363
v1,efe96181,-27.0278713858,-8.15233390037,-0.0771920371827,3.35128970133,-17.1961822829,-12.0251061244,-0.0765273013669,2.65800309036,-10.6835556208,-20.4723452091,-0.0112451176141,2.74640791127
v1,f0188a48,-1.27095443645,6.18830558378,-0.022381475283,1.94819132982,1.20278742453,11.9142946686,-0.0225455165687,2.5483025881,-0.543858939557,-0.0402110899527,-0.0188129425597,2.23348050691
v1,f021b650,-5.63498261567,2.56065643106,0.00329239329731,2.03920455967,-2.89073586726,2.43289003207,0.00190461513692,2.32456763768,0.161755977216,-0.216215976093,0.00115158109722,2.26730161991
v1,f03f10fe,-6.66522074789,9.37777770717,0.00602237147104,2.33977777727,-4.33835282825,-0.205809361991,0.00517157996049,2.39625353134,-0.83630866032,-2.43225056924,0.00430087356763,2.2334780801
v1,f053a1b9,-8.84051606621,-6.29446369536,0.0204612933443,2.40046430266,-7.07503563116,-5.94076985043,0.0181876188921,2.31894607039,-1.76019029144,-4.09759647912,0.00462177643192,2.27239136652
v1,f074d277,10.2630941704,12.0765601125,-0.0155864044764,2.5792860645,2.63307571983,15.6240086838,-0.0153842530239,2.1678079131,5.41486846276,8.35177120005,0.00239905730404,2.39095453769
v1,f07d7037,6.52639582959,9.18522907528,0.00363213998203,2.13960568072,4.31256450231,14.6446546614,0.00408277789181,2.27278935741,9.3153486275,14.0292304658,0.0077651292869,2.58710909738
v1,f08774c3,-0.850064102564,30.0461611461,-0.0133871338828,2.52137977459,7.94176110325,25.8250213927,-0.0132385615677,2.73532017893,12.3797209687,21.3658860177,-0.00863539160839,2.76963681962
v1,f140c2fa,-11.6376751592,-19.3617045246,-0.020862963757,2.66139066613,-10.0755349437,-21.2493839814,-0.0203272091964,2.72273959999,-9.88441709203,-17.6170834017,-0.00476775543865,2.67875229577
v1,f16e25e3,0.627325306386,-2.35420819458,0.00700641529171,1.37745037623,-2.30744941294,0.748824615135,0.00754417474943,2.29583928236,0.628134676218,-0.820901054201,0.0116611499545,2.24238294931
v1,f2d4c8c9,2.48941430629,4.43267682996,0.0303796710564,1.65432560374,5.41571893033,0.111357869302,0.0298074474705,2.65964390485,0.989080262806,0.331402073099,0.0106440398971,2.23447122978
v1,f321a31c,-6.30832522855,-12.0104103534,-0.0204305703606,2.60692378541,-7.65651850955,-17.2479496804,-0.0194546717791,2.32837581218,-8.60090847952,-14.7268773219,-0.00526791942304,2.59988356389
v1,f40cd091,1.71373015873,19.0051023504,0.0173834320853,2.16662339921,-0.0836253205012,8.39544238003,0.0174321834089,2.64977477199,0.525712847475,-1.25987126624,0.0122675000375,2.2399984985
v1,f439a621,-2.64875930521,-3.80900482385,0.0160525253708,2.03550697878,-5.00903173849,-8.52538464096,0.0134472143853,2.21605466463,-1.37816959041,-3.37122105045,0.00645285736918,2.25091690697
v1,f49fdea3,11.8869653126,7.68002925664,0.0166516143674,2.59572246806,9.08666544998,12.0214854348,0.0164628743756,2.44767264242,3.61711924612,4.52672035383,0.00903916919327,2.31964527026
v1,f4d12d23,-14.7099108349,-4.14653064549,0.00647595344602,2.83690314409,-2.21404235882,-16.2439004266,0.00500089665457,2.89100305467,-2.24073678435,-4.68048716108,0.00258397206955,2.29769785616
v1,f56d3ace,5.36753313697,-0.873626996371,-0.00306716594432,2.06726115344,8.19267834365,6.47519605287,-0.00296865039751,2.18610850413,1.51381278162,2.34214021375,0.000728788578593,2.23908265847
v1,f5859199,14.4079965458,-2.99057690198,0.00999576232782,2.82858933172,1.43790237521,-0.447076584912,0.00927168666704,2.92945955099,-0.772761616285,-1.88272636368,0.00209658810991,2.23443730292
v1,f5d8aab6,-14.5842079208,-15.2113211762,5.26480127927e-05,2.81532176826,-10.0814276237,-9.35178249255,0.000130864068794,2.38929570551,-2.11538022724,-4.89784818436,0.00469376888641,2.34576937234
v1,f631da6e,-6.57741754214,-1.6032521477,0.00688793518093,2.28061186144,-0.950649108973,-1.86244439245,0.00690422807168,2.6159901658,0.628134676218,-0.820901054201,0.0116611499545,2.24238294931
v1,f6824bb0,-17.754552343,-31.2926604397,0.0123186539993,3.08362517426,-10.3696743049,-26.1016582536,0.013864140579,2.59642034481,-8.96016635051,-19.6966037069,-0.00124909527779,2.6778053641
v1,f6bc699b,6.78848614072,-4.22587881081,0.00589534632669,2.45291336552,5.31836999667,9.105254661,0.0060921289059,2.35016591159,1.65421502068,1.96017448612,0.00883222292357,2.2367145286
v1,f6d009f4,40.2778853313,31.0920455888,0.0373865851612,3.87201835706,56.6754280702,47.189564566,0.0340966661726,4.34280893193,23.5498072811,35.4614099116,0.000485214407481,3.25931853247
v1,f72b268f,9.33686914428,28.927176412,0.00314133127214,2.63462781753,9.67220713946,14.1235881525,0.00151369829114,2.36832592591,10.0843392015,15.9928698849,-0.00382415360697,2.62810211275
v1,f8662c22,13.8530815988,-0.127277296369,0.0351909516252,2.81116062224,8.82079389885,-0.33207413312,0.0336097377521,2.30383848746,1.69175771279,1.37574808633,0.0107356799285,2.2527013776
v1,f88ddb26,-46.5000661323,-44.210912607,0.000850011254624,3.9589654609,-19.2610477238,-32.5138746439,-0.000231908822016,2.2955765988,-17.4955295883,-33.8556438852,-0.00366686434738,3.07851434406
v1,f8afa78a,13.6116611406,0.927604062932,-0.0237063807387,2.75499401695,10.0596616057,18.9392580986,-0.0219082683832,2.60039911018,12.5594344507,20.4395052638,-0.00216645685658,2.77367843128
v1,f8f59188,4.80438527148,8.9900482588,0.00910253031139,2.06992906728,4.37324397941,-1.70675441914,0.00803640698456,2.3371564445,0.801967692295,-0.00910417125065,0.00702917033736,2.25835747743
v1,f9fc81aa,0.0650500178645,-13.5793486109,-0.0171073802634,2.26582437025,-5.16628120013,-9.0039255147,-0.0161195500779,2.31845250068,-0.0935966724389,-1.35570854876,0.00536635410435,2.24836015011
v1,fa16d114,-16.3414702779,-31.6391495596,-0.02007104589,3.08260323946,-3.22768617817,-10.4686723364,-0.02061131161,2.58003851387,-3.31131172274,-5.56943117937,-0.013652545276,2.38572388135
v1,fa31da94,-1.94035209867,-9.79914208857,-0.0192663678015,1.82265994008,0.231760140143,-2.13039065791,-0.0191503739969,2.41578178086,-1.10911324939,-1.10356273918,-0.0176598259975,2.22554817347
v1,fa667be2,-7.08385827851,-11.3066362945,-0.00255923579585,2.28258807793,-10.6511435402,-18.0216939057,-0.00248654798734,2.53172344679,-9.33925254928,-18.9785478109,-0.00187042563754,2.67830513515
v1,fae0c593,-0.796020894843,28.4009853821,0.00960354278506,2.48248340583,-1.50635528158,5.60462843063,0.00721002011711,2.60503045875,-0.101035976012,-0.619492107878,-0.00505754227558,2.26246839709
v1,fb03ae90,-41.4537459182,-17.8569360862,0.0111767449238,3.78163073025,-15.4672485526,-20.5031929398,0.00791873148911,2.796612967,-14.6272870563,-30.0685491481,-0.0115632163428,2.95527589271
v1,fb0904bd,-1.28265325369,-2.06511959859,0.0152076228963,1.02917563433,3.0989424328,-3.64341770516,0.0139443934073,2.34344422653,0.655894837266,-0.432038095671,0.00817579161474,2.25936195605
v1,fb3848a1,7.98821422538,4.18154420487,-0.0160023960661,2.39415409929,3.25994351542,5.4924235752,-0.0147035651495,2.35003019401,2.22974131459,4.82588467089,-0.00695776182682,2.31686717955
v1,fb73b13a,4.15460815603,1.976761486,0.0236148651184,2.39588729316,16.7535155225,5.61550372311,0.0233823280408,2.7357655966,2.69591592643,3.77067143008,0.00623254601137,2.31494565074
v1,fba7683c,-1.17415233415,1.44678999855,-0.05519608223,1.26844218718,1.68529316865,6.98151887537,-0.0542325247218,2.34057094391,1.41042287169,3.88067148704,-0.0172434160631,2.25964756478
v1,fbd68d27,-20.1077566262,-23.4960569357,-0.0250671153539,3.13963505158,-11.1671470483,-22.740561539,-0.0229581010097,2.51459367148,-8.91565438824,-19.6067555033,-0.000443535040512,2.68009787014
v1,fc03f21f,-10.1635623569,-14.5558481403,0.0187279382292,2.63254572741,-14.7512434997,-19.0354602641,0.0170486468894,2.61178192179,-8.86105510589,-20.0899458588,0.00386708634866,2.69007905471
v1,fc0d20b2,-7.63909711685,-25.0552190712,0.00330356511322,2.5597116611,-8.89665445753,-17.353232919,0.00337158556505,2.49529195476,-8.60287770273,-18.4378708234,0.00156225609361,2.65125356428
v1,fcfcc902,-8.30040845575,-7.08085075955,0.0402143814879,2.2831628519,-4.06205588711,-15.088683931,0.0391140400563,2.36671247332,-6.44732440547,-14.9898598168,0.00398049299749,2.54559714523
v1,fd3b4faa,3.35786738351,-12.8624332111,0.0134744707081,2.13380259311,5.58668340488,5.22215570595,0.0138833750104,2.45774985794,3.29078179021,3.46895270699,0.00822868142857,2.30052243895
v1,fd710aea,5.42821199905,9.70777029641,0.0241470716018,2.10462180977,7.51502169961,3.54794318748,0.022900701381,2.32891949137,1.68225942974,1.4402072096,0.0119035569737,2.23703485515
v1,fd8f77fa,25.2561570561,17.6036871318,-0.0307582188713,3.34692927195,2.60333844484,10.4048288577,-0.0308477615946,2.40670475617,0.841709310034,2.63613453022,-0.012320365247,2.25535090194
v1,fde20ecf,14.8300128562,15.7395905177,-0.0124382757702,2.85180747259,10.4559585871,19.970236937,-0.0112352324592,2.3792847393,10.2338334617,16.9377403793,-0.00247335936349,2.63395995026
v1,fdfd57da,2.34894766998,7.17289774615,-0.00275845272923,1.6668046148,2.85396477165,1.94907406767,-0.002806566109,2.39108909351,0.647385500112,0.767332394154,-0.000414354033638,2.2598625257
v1,febb4411,-10.8882152107,-16.0757040995,-0.00774784668578,2.64103166366,-2.57960356844,-13.5912615149,-0.00521536547199,2.38607657021,-0.227982801494,-1.61479399738,0.00588942074247,2.27819458724
v1,fef8af96,-37.2537637219,-82.2393726502,-0.00154115808617,3.81884866308,-38.02806311,-77.2934277563,-0.00344013873592,2.44027702717,-15.3003194493,-33.1603582506,-0.00387376770144,3.00932875422
v1,ff0aea78,28.6277706225,18.2872394053,-0.00385059691026,3.45624686237,11.6294128985,23.1165069136,-0.00655142996606,2.59119653013,11.7109493986,19.4533278215,-0.01204623677,2.70377687574
v1,ff8bb73a,-3.52989033238,-10.5555085934,-0.032857217737,2.3852580077,-2.71771026397,-1.47731517234,-0.0308332472302,2.42498606391,0.0130217641349,2.53063059765,-0.0188428002354,2.29541139852
v1,ffefef30,-2.78941575492,-18.8663922972,0.0149212362701,2.0838777827,-0.220101759605,-11.3741892159,0.0142648369896,2.32352838811,0.248565161972,-1.37499729454,0.00956252721146,2.24770687374
v2,000d7d20,-5.44556569343,-16.1278815852,0.00654146046684,2.13469199589,-3.82218602344,-6.44434231899,0.00570813053101,2.69142032849,0.25330550721,-0.266232928408,0.00476221923271,2.22639371751
v2,00bbac68,-2.52185400732,-37.8107252703,-0.0285633413707,2.78889580413,0.254925970789,-5.92906371054,-0.0270363342268,2.85156576497,-0.337801282028,0.579176825891,-0.0168745406537,2.23784095388
v2,00e12e8b,-0.760341780983,-17.1782695536,0.0404422068656,2.18881026972,2.77154498747,-14.7066178152,0.040481231538,2.31236138058,-0.556820063551,-2.27833725217,0.00826404439001,2.28795313578
v2,015fe0d2,19.7495763501,31.820874444,-0.0166549962734,3.18448683055,14.8502455785,18.7326608387,-0.0157420015093,2.66224252879,12.9803204695,19.1933578826,-0.00169157800341,2.7535596062
v2,01869cd4,4.46775958251,23.2117023399,0.0474874956201,2.45260666177,4.60730112794,-4.62447318651,0.0450968259912,2.57256389218,1.42292900815,0.939488636947,0.0106989876605,2.26086024817
v2,01982c1d,-2.94735600101,-6.03376583913,-0.0133976445237,1.99259261601,2.52976546652,-10.3931512934,-0.0128560916178,2.24431785604,-0.104553750455,0.113445934184,-0.00589050549042,2.24375735942
v2,028d7b28,-1.80682868142,5.14115607892,-0.0072062447456,2.12747011894,7.93814183591,-0.52689829332,-0.00695279033541,2.84241339962,1.28178749206,0.922696702054,0.00996661948172,2.25913449013
v2,02e7fe5a,6.60459866876,4.81704793604,-0.00256584675266,2.24224358856,7.78741884991,11.5243999762,-0.00155747029773,2.47991288748,11.3394676653,17.3167693326,0.0104298741803,2.71422631226
v2,0390d174,-1.67608705509,4.96316613272,-0.00282773850875,2.2531235113,9.40448558702,-3.54282125732,-0.00240691422948,2.12929753604,1.16634739993,0.66122739495,0.0078629579267,2.26227368685
v2,03a935ae,-31.0362383345,-53.800101538,0.00164074271538,3.58503130018,-25.2131014306,-44.9800370779,0.00521839578281,2.36552109674,-18.1864169317,-39.9744802293,-0.00139162887869,3.16620190778
v2,044af7d1,7.90409382607,6.97546700754,0.0180216040736,2.38583525257,9.1091855266,-1.74684687713,0.0175532688689,2.42524164247,1.66131260702,1.59733234726,0.0101249596882,2.26813939933
v2,0498acab,2.88947061276,-6.95627827841,-0.0046769781751,1.94535843194,3.00192948366,-10.5443232715,-0.00491082464331,2.40275798453,0.348969786017,0.125388980481,-0.000782321802757,2.23762638185
v2,052d64df,0.517967280162,14.4139352593,0.00436463516674,2.12778776267,4.37149155004,10.4373009803,0.00400608191158,2.34085368752,1.94895670898,0.799158362941,0.0114815623237,2.23031300157
v2,05948241,-3.15289765403,3.93314279108,0.00675356563699,1.79105421885,0.266057243935,5.13539722793,0.0062024605015,2.40750218409,1.40270654983,0.94936213614,0.00961130847238,2.26294386477
v2,059c8f24,7.92315596037,16.4408901452,0.000665104940325,2.4775609636,13.0019092877,16.1017839451,0.000653147444546,2.17293308008,13.9773742849,23.9292236291,-7.78503511598e-05,2.8456915198
v2,05a0ee4d,-12.5270791168,-38.2152014474,-0.0010627599856,2.96241883976,-15.9466026723,-30.585674334,-0.000400605857904,2.55615661435,-14.1788895861,-30.7111311642,-0.00152195595624,2.98786607702
v2,060ab2b8,6.73126717801,7.13135297712,-0.0443014354259,2.30740467979,5.63764552946,12.4938742719,-0.043279339393,2.35585759036,8.63020449082,15.0012106226,-0.011640157831,2.62887448516
v2,06df5958,-0.908951268167,0.975541934903,-0.00549580563463,1.40817473247,-0.185649044533,0.575248788228,-0.00537675995236,2.38497340905,1.46914613172,2.08663759885,-0.000840019647596,2.24936077731
v2,071d7b45,16.3646496419,-4.37436407694,0.012301230882,2.89678407042,8.49435860211,9.64286965677,0.0115859480436,2.42719386268,4.23852727202,5.5910592368,0.00892544025363,2.34242137713
v2,0849b4e2,-8.44001444826,-35.8625536434,-0.00521410762752,2.74518682833,-8.31733258411,-27.3594021917,-0.00542340746114,2.45510291199,-17.3651528563,-39.2209696268,-0.00251232220609,3.11650427099
v2,084d66f9,5.26741055341,-0.458461806266,-0.0379917271292,2.45899380941,-10.3235219587,-17.3880139156,-0.0389253682125,2.60053135548,-11.5908495502,-18.1814972085,-0.0177798218652,2.72584336596
v2,08fecf00,-1.89504305705,4.58564533347,-0.0110499077099,1.75090393886,2.65727912033,-4.25970152568,-0.0118952905141,2.25532552894,-0.432945538284,-0.587960543903,-0.0058650242575,2.28856650678
v2,09053135,12.2549805316,-1.46952513795,-0.010426304532,2.65756735901,3.56421854455,10.539793971,-0.00999011690424,2.34956540698,1.29134842877,2.6276661443,-0.0102350214239,2.26429192467
v2,09441b8d,-12.6526494169,-1.0389728795,0.0219203387455,2.82962246503,-2.4393382874,-6.76009182122,0.0221260415864,2.4559754585,-0.00196369568099,-0.863427649548,0.0120127071421,2.23848900782
v2,0955cd6c,-5.66759961501,-12.615237493,0.00936984238062,2.1997866394,-1.01190287829,-10.8411925804,0.0090223386031,2.35783427638,0.581787080498,-0.445038751586,0.00853921203533,2.22062590678
v2,09ec2ca9,-2.54861342396,-14.4477801768,0.00175409991327,1.96470624536,-6.34524751804,-6.44429878043,0.00104274387861,2.39273536162,-0.673563078809,-1.14328102668,-0.0033327715005,2.28376070697
v2,0a57a29c,5.64248239134,10.1199605558,-0.0143080196003,2.07351450961,5.63252667491,12.6594274852,-0.0123796819037,2.56857880317,5.79838946898,10.0420375708,0.00186554588988,2.46836055442
v2,0bbf5e67,-17.213520242,-13.983121746,-0.0125209168315,2.96409296239,-11.1123941467,-9.57062603008,-0.0124083016146,2.75610256299,-8.37957825141,-15.3982245845,-0.00605714225762,2.62046798977
v2,0be01c24,6.74008442381,5.70312680914,-0.0407468883324,2.22714677893,6.57908480631,2.92786450088,-0.0400925757632,2.37750983347,0.901124906838,2.72451512621,-0.0153977663213,2.2612997724
v2,0c1b160c,3.5049742778,-5.58916019394,0.0103425907805,2.24413751602,-1.26859132514,-3.94637952393,0.0102753190282,2.55895851954,-0.166106490203,-0.760020496217,0.000476426730707,2.27353443443
v2,0d99f8e4,-6.11234758715,-3.49414306874,-0.0129740783949,2.3363409019,-5.10622167713,-8.61967253147,-0.0132343737767,2.36741623804,0.0561921331378,0.358653277746,-0.00457715533378,2.24485454203
v2,0dc5e64d,7.82924779668,29.6812979783,0.0239581174922,2.94490320609,24.765875397,43.6943220921,0.0238415854701,2.7687348209,24.786633122,34.6019641916,0.00316322593731,3.28947809015
v2,0dc835f3,-3.10812330623,4.939684388,-0.001332305165,2.10775915806,-0.824072633013,-13.5184406906,-0.0018701379663,2.36479456023,-8.09716228899,-16.3104625063,-0.00301783307489,2.62294652061
v2,0dd99dc5,3.91651865977,2.36847453047,0.0170301142133,2.22296078507,-1.34968932948,0.484872162161,0.0179919227235,2.55001751203,1.16442213131,0.519521906917,0.0101584672018,2.25773019741
v2,0e5e560d,7.99898247771,-14.061157874,0.0147240674196,2.42426284426,-3.08408885986,-8.36966637239,0.0154639077466,2.64055679785,0.0166498764871,-1.24200890425,0.00853638060845,2.26895078091
v2,109d9d70,5.18734994069,23.9500698238,0.00809950856225,2.33902666535,10.0641406385,24.083301158,0.0071599581377,2.42319072962,14.4324320128,23.4342615722,-0.00300897560326,2.84483103427
v2,10a1281a,2.50981636655,1.15450819968,-0.0796361398896,1.52413821675,-7.97487451266,4.3989284869,-0.0764790821485,2.25755123325,1.17138555081,2.49799606563,-0.0113922543219,2.25793915963
v2,10b89021,-13.9032582194,-4.22968847566,-0.0168787843504,2.75501868829,-5.93351594074,-1.71106368442,-0.014798737295,2.41541343058,0.270117322341,-0.226080764252,0.010262334522,2.23334203052
v2,10be2420,-11.5780434118,-21.1597018737,0.0116535386704,2.65741997629,-8.13942248858,-15.0174660625,0.0101894895046,2.25099949255,-8.04766438627,-16.6915601447,-0.00178398984093,2.64274217436
v2,113011eb,1.012799511,-10.1919460399,-0.0110432600922,1.8209801267,1.28602103199,-4.41165403911,-0.00887495969156,2.40294079331,1.36472886685,1.5755946467,0.00339359949804,2.24952582099
v2,1131525f,12.8600216398,17.3543827103,0.0127496880913,2.75175862267,12.7014126953,11.4358990008,0.0125903591533,2.64396371473,12.546471906,18.9855479538,0.0154648196661,2.78349346751
v2,11d0f5ac,19.2301781692,30.2414639669,-0.000640542961152,3.14282403462,10.2523546613,20.9270571994,0.000381541370503,2.28767322722,12.097788466,19.8276651728,0.0136905467725,2.78232636814
v2,12203f2a,-12.1435326587,-12.4997942915,0.0176864932576,2.69207803212,-5.01001570048,-2.85643051051,0.0172927397113,2.33877560972,0.84541398307,0.719624855121,0.0128720008556,2.2256703594
v2,122bd617,5.39292122538,-2.52843343081,-0.0124195921724,2.53924964498,4.59110288948,4.22281838316,-0.0124067994192,2.71570613504,1.81731411784,1.782886938,0.00134384888457,2.25254089493
v2,125be846,-16.9760983103,-14.6895846618,0.00472113402512,2.96740378161,-10.4320501491,-20.4161965331,0.00619144881714,2.52462535255,-8.13583475094,-16.7414548522,-0.00147764304644,2.62153728917
v2,1285a37b,-5.08904413078,-1.53167959179,-0.0362508106453,1.8793303096,-0.286316915502,0.901001242055,-0.0364493737381,2.53072967831,0.296027709362,1.12579264928,-0.0119690695494,2.26597867378
v2,1295a25b,5.30934065934,-10.5477890294,0.0308683076104,2.37181268792,0.470166662409,-10.3988248657,0.0281229464098,2.31268338456,-0.482039882222,-2.505446852,0.00891596279181,2.27874797012
v2,12f0cd90,0.295340507819,-1.33132907145,-0.000843818289265,2.18549319965,-4.13437305998,-3.96179875116,-0.00396527981491,2.3328810747,-0.648165912999,-0.156234943697,-0.0148568263659,2.297556287
v2,137d1e44,16.4748572683,53.9177146022,0.0035555816349,3.25848771196,12.546195904,28.6768823573,0.00238073262006,2.67865930383,13.7119135616,22.426799532,0.00683300711541,2.84082219416
v2,13ce113d,0.522899527984,8.44939801062,0.0821277402466,1.47728032153,5.059175116,1.05859811239,0.0806708917817,2.37596014466,1.80245412311,1.61412428215,0.0108573278669,2.26986515737
v2,13f598d9,14.003202847,-4.57105887124,0.0122530464635,2.78307046669,14.5516509391,8.18044043586,0.0133760227808,2.4940921378,11.3381328655,17.4601124676,0.012345155836,2.72197835236
v2,14a53cb3,7.66749963868,2.04503531283,0.00859660750401,2.29733309929,4.38188559482,13.5383679732,0.00985928170728,2.79237971333,1.62554506134,1.58760121781,0.0089541438868,2.26742891259
v2,14ab73fb,-13.0231652508,-1.33263921735,-0.0237541093466,2.76122141274,-18.8054045577,-22.3714698595,-0.0225290366132,2.53735737796,-11.5990486267,-25.1836777689,-0.0018100649501,2.81191559883
v2,14ad5efb,1.0379082506,14.4299679617,0.00709140897426,1.98766944236,3.84227038055,0.924123186752,0.0048547808978,2.2543259835,1.21910732207,1.43833008914,-0.00506761002282,2.26065214149
v2,14fee784,-13.190706721,9.91522054277,-0.00129975269164,3.10994520525,3.20515556698,9.95092082959,-0.000971088557646,2.51582493654,1.39780279117,2.30863951413,-0.00566701053673,2.25604269109
v2,153552f5,-2.43310330138,-14.1700525551,0.0206174819613,1.8183108152,2.13966344354,-3.62823737749,0.021587183413,2.22695455068,-0.556820063551,-2.27833725217,0.00826404439001,2.28795313578
v2,1550491d,-19.8100964278,-15.407193495,-0.00682338310382,3.09861174486,-6.15340663336,-13.2373846449,-0.00690487179136,2.53807732067,-7.55756274777,-16.1119671318,-0.000215435570731,2.61682099392
v2,155887bb,8.56630259624,21.0068070893,0.014360290133,2.5489226746,5.32225989545,26.8063270497,0.0142479533917,2.79772784438,13.0482094963,19.8879893626,0.0131999238345,2.81408118418
v2,1590af81,2.07464595946,-7.78153702221,0.00517220285168,1.88112584836,2.4101820006,-0.943054186205,0.00557646019132,2.5506532805,1.82144384701,2.58757086857,0.00325493150656,2.25369849635
v2,15e154a1,22.0482168754,2.27079906715,0.00743653675019,3.18744645218,12.6943088344,9.83625871999,0.0065831437415,2.42499145657,9.98523962205,16.227978453,0.00332059273593,2.62410291014
v2,1619e2ca,2.84048390727,4.36255101067,0.00633841927303,2.17615025147,3.55073724028,1.50572932819,0.00649994923695,2.47072860881,1.83025689918,1.67759083952,0.00980417218576,2.26776732725
v2,16e4a047,-10.3759041394,-4.97927098558,-0.0120122591335,2.46090481489,-8.0028205761,-0.798982534709,-0.0124276928767,2.50158786051,-0.035510199651,-0.338621872162,-0.0118417707317,2.2825635008
v2,173ed841,13.8711038296,21.9410973688,0.0189198484335,2.92211358429,7.77340254923,11.2616605897,0.016915228424,2.4721894465,1.45962084729,2.33660253928,-0.0069985119892,2.25890645038
v2,1770d7c6,8.80878314917,-10.4110549697,-0.00668943191892,2.59023088541,-5.05464183846,-8.91247988201,-0.00612602261383,2.5057739383,0.273978729691,-0.0482365546911,0.00513686697703,2.22804307986
v2,177622d7,-7.23245719721,-18.2803886072,0.00874717051634,2.37957850458,-6.33899165476,-7.07504274695,0.0100354022509,2.42436811338,0.0166498764871,-1.24200890425,0.00853638060845,2.26895078091
v2,18d24f7b,-4.74449319877,-17.2370144296,0.0144955591921,2.14359830308,-6.84325279024,-13.9018785483,0.0155374603282,2.36972672288,-0.556820063551,-2.27833725217,0.00826404439001,2.28795313578
v2,19137a89,15.1318461784,28.0370555219,0.00947745581957,2.95073077281,18.2222786723,34.8062934222,0.00949420720921,2.8138847577,19.1464316574,31.8406227309,0.00494539720771,3.08026623024
v2,1944513c,4.01043413808,-2.51252345372,0.0432658751615,1.90787251804,7.36808299498,2.25926610907,0.0432921913237,2.41330049038,3.83444389627,4.7160259022,0.011957539225,2.31496164633
v2,197f8a5a,20.4432424723,25.6700732166,0.0094899535234,3.24319975881,1.56395992395,3.82112245976,0.0100549282155,2.46471579512,1.16442213131,0.519521906917,0.0101584672018,2.25773019741
v2,19871e7f,-1.29909314189,-12.9039043976,-0.0339615958423,1.84906566723,-2.29719331924,-6.08169028398,-0.0330921350438,2.49976148296,0.324545237812,1.81775343196,-0.0156434043756,2.24775807045
v2,198a5607,-6.8497712366,-13.1521729345,0.028252142023,2.39286912788,2.35049426165,2.1201185385,0.0295165157902,2.45619417064,2.28537735268,2.92388436157,0.014649675984,2.23236575403
v2,19fb4f7b,-4.24261743772,11.8127492069,0.0144630300227,2.49236877433,-6.23754835942,-1.79455910138,0.0134188032057,2.56079590723,-0.99432065995,-2.32564442576,0.00768886468922,2.2812837026
v2,1a518997,10.4944463743,3.60744384996,0.00407581719579,2.46476352726,7.5084459994,2.34021733743,0.00610392018341,2.67769882151,6.75470762035,9.77222495734,0.0116897597701,2.48249005238
v2,1a68190b,13.6189941886,1.95372856404,0.00138113717438,2.85829762443,5.25899718629,7.06980706821,0.00142837490905,2.43092486626,1.57369487222,2.76431882828,-0.00324760818524,2.26757586523
v2,1a730ac2,14.7305255157,-0.517967217381,-0.00694558283015,2.8536156027,6.9723699976,12.617994317,-0.00684663152374,2.46518061032,3.88635485299,6.83094049288,-0.00699881842767,2.35451800624
v2,1aaf1da0,7.39079933389,15.030218252,0.0319236060522,2.3309975495,6.92149948166,14.2856189752,0.0307287581193,2.75440429312,6.81815537226,9.97039453563,0.0125155497948,2.48631513758
v2,1b08ed48,-10.2008312567,-16.6441497555,0.00412864960968,2.55244775861,-5.17993827351,-10.4932583059,0.00432436296238,2.44534482641,-2.739285041,-6.78361760641,0.00685653881159,2.36763605991
v2,1b1c5372,-10.6598662286,-43.6728423752,-0.0214107975344,2.93563055658,-10.5484688028,-26.7648139253,-0.0203266717584,2.29417440855,-9.38714862664,-17.0330961749,-0.00978093835729,2.69450336923
v2,1b1eba53,65.9312051557,81.0016096039,0.00772795995205,4.27164484767,37.4354643681,52.1812021626,0.00841430390386,2.77805317271,23.0311127186,33.1015911709,0.000967973057921,3.22501293354
v2,1b6ba517,-6.85007579203,-6.10659399454,0.0101630107936,2.17682682005,-2.15467101314,4.39344154277,0.013354797748,2.44202756144,2.24752224515,2.88940408386,0.013524970117,2.2307773046
v2,1b82b665,-1.83228586443,12.6958695469,-0.0128178667341,1.96102314959,-2.48543815718,-3.69209824035,-0.0139762038005,2.2267621357,-0.768712753198,-0.384874701725,-0.0185434606905,2.26696105249
v2,1bcb2fcf,-4.45205791335,8.91261597374,0.029153249559,1.9749422032,4.62333427474,14.9698518521,0.0299838054523,2.28093019338,1.944558008,0.725270678819,0.0122584083452,2.23084805705
v2,1beca81d,-3.71080420969,-14.2256408085,0.0141794207858,2.21427505131,-2.6146973793,-6.58020411226,0.0161365129202,2.49826772645,1.16442213131,0.519521906917,0.0101584672018,2.25773019741
v2,1d3fbf02,-3.51762435041,9.52706868696,-0.00370085483901,1.93244450483,4.37131789943,5.811345357,-0.00379593440645,2.23389208711,1.29134842877,2.6276661443,-0.0102350214239,2.26429192467
v2,1d78281a,8.72624166498,-1.13095194254,-2.63492463535e-05,2.55577245544,5.21149751422,3.43767247991,-0.000342757836039,2.51893290989,1.60057171328,2.18354664748,-0.0104524592586,2.27294885194
v2,1e30dedf,-9.19252026529,-18.6814242529,-0.00100319908118,2.57543718528,8.29797182372,2.03194336846,-0.000361514661959,2.22086982693,0.821255258726,0.437921898394,0.00551484407499,2.27007834174
v2,1e5e3573,8.82965875912,-18.4191967787,0.017380345679,2.55891264796,10.6496580634,5.3215998719,0.0164951030551,2.40901851804,2.49158854995,3.24414336791,0.00364710335075,2.26956346506
v2,1f9afacb,1.53853415916,3.87498139324,-0.0257912059624,1.25800752756,4.33046522092,2.43935967857,-0.0257825579546,2.2652435468,-0.337801282028,0.579176825891,-0.0168745406537,2.23784095388
v2,1fdbba44,3.55032376298,6.72553585748,0.0277559894549,1.92210354342,6.16475074464,12.3336366927,0.0257756793965,2.68274704421,1.65054200199,1.68766584265,0.00823207041964,2.24203424805
v2,1fee2b62,2.48614953674,17.2339819032,-0.0152467639259,2.22691106185,3.93151720214,5.81840379484,-0.0152529719733,2.39670512188,0.981755111352,2.46917408785,-0.0109079686645,2.26397784161
v2,20096916,9.00465225015,9.44292561457,0.00308904406353,2.4386139927,6.18038326649,3.16937739807,0.00191255731403,2.95389786875,0.997009000768,2.30718744029,-0.0121826541639,2.24994817612
v2,200d233d,11.7409551707,7.93199554244,0.0066519547117,2.62294492629,6.86085494452,7.50073379735,0.00592388198964,2.51461327033,4.17443168018,5.9628088306,0.0028589836641,2.350677129
v2,201661b5,6.59637951301,30.2853778625,0.0254617657379,2.59346763296,3.79165124341,5.97910176943,0.0218057127654,2.27408940363,1.34061202299,1.67242091694,0.00524654025624,2.24177581379
v2,203721ab,-6.38765794066,-1.16373494388,-0.0208592497782,2.40126129896,-2.73546223657,3.43020119112,-0.0197344644531,2.37640185293,-0.555059930378,0.172060832606,-0.0128951307148,2.24370621828
v2,20402d71,-10.4738857502,0.151780132344,-0.0103146641705,2.53859524628,-8.40382606975,-10.2210607172,-0.00973728113307,2.53505318628,-6.57456806755,-12.0670209212,-0.000998568345478,2.51651388607
v2,2043abc5,15.2836231676,-5.49501440107,0.0103852372613,2.94673502646,15.4229699277,20.2238023016,0.0125728418378,2.65966528636,12.2540680878,20.2938829292,0.0142091770874,2.79756839723
v2,204cc64b,1.81717377732,-16.546739323,0.00889395284333,1.9593734086,1.65422760398,-15.0957705115,0.00913963594389,2.35910076015,-7.37388549102,-14.9426912585,-0.000481859963828,2.58041808416
v2,206b6193,-31.5078576894,-62.9422955014,-0.00426581378182,3.62458088381,-29.2292523389,-59.279166747,-0.00416875502752,2.55291692461,-17.1812704645,-38.984110414,-0.00168935337911,3.10821602303
v2,2075c696,18.264629862,36.8779775522,0.0379278996009,3.13108805584,13.5235834358,17.9723074145,0.0374241320038,2.12922378505,11.8460162315,16.5054626011,0.00720130847805,2.70603617838
v2,22c5f93f,-2.16448182521,-0.654630275081,-0.00670124197846,2.09078104627,-3.76307805208,-3.33546950776,-0.00688056534765,2.59487528623,-0.800150972093,-0.863399236596,-0.0103267488887,2.28523348648
v2,230eaaa3,10.9446950959,70.7927871299,-0.0482202865385,3.27043791697,22.5015591419,50.7906770853,-0.0486178912147,2.37000012398,18.9307386461,32.0825801425,-0.00589376939336,3.0682484515
v2,2364716c,17.2351830399,25.1294284885,-0.00632015252993,3.02858705727,8.48040495256,13.9694283004,-0.00509171518723,2.244000667,11.8771055728,16.9342950869,0.00444290940591,2.70484231549
v2,23b9beb0,2.86119754768,3.6278466754,0.0102889091845,1.87170428626,4.47981428501,0.812535283483,0.0101866901759,2.31205935509,1.80245412311,1.61412428215,0.0108573278669,2.26986515737
v2,24d8997e,1.73997094712,1.06661003479,0.0422934505031,1.89303707852,3.62146081219,1.25065785305,0.0418459266979,2.50356417845,2.28537735268,2.92388436157,0.014649675984,2.23236575403
v2,25050f63,37.1329033312,19.6162974212,0.00360288747409,3.66347465112,23.8634833841,8.5823528315,0.00468116340185,3.30415446332,22.3866280129,34.9888158432,0.0115498188145,3.22242428471
v2,25939962,4.17294512619,21.0970013571,0.0300420265577,2.49317751286,1.68302988323,4.3391296969,0.0292090161196,2.40290096042,1.36797833897,-0.18149101543,0.0120127702909,2.21730635509
v2,25fd32b3,2.91316464471,3.07702781251,0.0389577421496,1.42987215189,2.36141358606,4.41325096897,0.0383248664084,2.54696798513,1.16442213131,0.519521906917,0.0101584672018,2.25773019741
v2,261785ee,-21.0691854087,-16.0544012249,-0.0253897719257,3.20189008588,-8.461399711,-21.8894490537,-0.0246248681849,2.54530428942,-9.99483250332,-18.9235732528,-0.00919988368206,2.70348304474
v2,264feceb,-10.4375869373,-5.31775536024,-0.0183862265234,2.47345755531,-5.92546616791,-5.74692849801,-0.0176776035014,2.32031578244,-0.206249547831,-0.344222600287,-0.0117863868565,2.28772361544
v2,26623a50,-20.1416338274,-2.67115681804,-0.00231695522939,3.12127961545,-8.49729260697,-12.621683467,-0.00107047167608,2.6567921412,-7.51602252842,-16.8886921866,0.000545951057536,2.60209874775
v2,26d3a96a,6.28027960178,-12.3219103376,0.0204474713403,2.30891412254,-4.09511116819,-18.1411369349,0.0197928259201,2.51600397745,-8.73353400088,-16.5847488222,-0.000283938325373,2.64117155246
v2,272abef3,-7.33943893591,-4.30298734444,-0.0265668832808,2.39998550427,-1.20637555518,-2.73611522335,-0.0241495442578,2.37727635115,-0.019144539713,0.368785490336,-0.00573639390968,2.2466928795
v2,27300fd5,16.3115657582,1.29575143084,0.0142689062019,2.91178473449,7.17630673688,10.6681695196,0.0152057960157,2.75698891415,1.62542508509,1.48503234402,0.00643711905901,2.23772053843
v2,276b012a,24.6960099235,-1.25979366881,0.0289520541594,3.33529444017,17.1877407049,7.75278302671,0.0272526355571,2.74173391266,1.88642505711,1.65181441704,0.00984716405762,2.26931316316
v2,27c3155b,-17.0770149254,-13.0609168559,-0.0426690072069,2.95025641243,-13.1741960818,-16.9445404222,-0.0414325103063,2.24627950534,-10.684333646,-17.7604113872,-0.0103141397808,2.69305670869
v2,27ebb9b9,7.01092785293,2.21295254116,-0.00630389057288,2.39682497862,3.67167774781,3.2351787966,-0.00693525899675,2.09407191887,1.08027058669,1.5852086616,-0.0118826720571,2.26747481941
v2,283269ac,-0.480091393755,0.985750633978,0.00176206624743,0.749503626117,-0.617990206566,1.82430950507,0.000877705745837,2.43101978723,1.16634739993,0.66122739495,0.0078629579267,2.26227368685
v2,28473855,-0.191524475524,5.42198701136,-0.00664476560066,1.71316753795,5.9273496852,10.581079391,-0.00600463963551,2.23973227795,2.45816254441,3.71831552214,0.00127584236165,2.27551826636
v2,28f4eda9,9.55695974174,16.9029084567,0.00276849752613,2.57710786687,10.7334631129,17.4122273621,0.00289155593481,2.85130146138,11.477715115,18.6094611525,-0.00336601340178,2.72991433192
v2,29b24409,12.7062376946,9.67911503197,0.00981837945575,2.69170544442,10.5267498832,12.0207749142,0.0100541021902,2.39366290131,8.90840089271,12.5522894367,0.00925667771983,2.55446386454
v2,29de15c8,-3.75163217721,-6.39206047086,0.0404604511136,1.72022053287,-0.315533247267,0.35697125613,0.0406701463786,2.32976776495,1.42292900815,0.939488636947,0.0106989876605,2.26086024817
v2,2ab29395,-1.84941684665,0.119330302038,0.00993486689368,1.24111134153,2.61886269759,0.127054031698,0.0106862193586,2.33695123626,0.917393298769,0.773712881552,0.00283304513594,2.26120830019
v2,2ac7cb6b,-9.4238496994,-36.7090908445,0.0154477383369,3.0251111206,-18.8852164062,-34.1691420607,0.0140707070698,2.43340786456,-19.1058682342,-39.0796315551,-0.00281025136763,3.18054508095
v2,2acc78d4,9.2892076887,25.4579147199,0.00502849359764,2.68281679315,6.49557895263,6.75310173183,0.00460207680684,2.50257976989,1.68260337103,2.15065586924,-0.00591943362566,2.26910505648
v2,2b034622,-6.14806265616,1.58540238049,0.0343404581163,2.05484416593,-2.57479893819,-5.30202507524,0.0345062984288,2.30839861871,-0.556820063551,-2.27833725217,0.00826404439001,2.28795313578
v2,2b06ad65,1.81412828947,2.70246476723,0.0117165736389,1.32078918734,0.377718533065,0.25502992804,0.0114787201646,2.15258686125,1.16442213131,0.519521906917,0.0101584672018,2.25773019741
v2,2b547943,9.89807758621,19.0143438518,0.0197093909374,2.5833526005,12.1167646888,14.6476202717,0.0181285127524,2.36725546002,2.44442250818,3.33367389833,0.00431513398332,2.26442250747
v2,2be5c96a,0.714622327791,-6.09193642485,0.000816777238203,1.53941426693,6.71082342858,-2.66912107758,0.000928769467904,2.21863518372,1.45270038145,1.78445762234,0.000190188410223,2.26065369805
v2,2bff06cf,27.0296983211,15.9685777366,0.0169448349301,3.3819445974,7.19577897791,8.31666561496,0.0173564713311,2.50593380805,1.66131260702,1.59733234726,0.0101249596882,2.26813939933
v2,2c0c4a4e,5.89795407098,11.6519997699,-0.0124207973047,2.2023160589,4.70270737077,12.6622593179,-0.0113461506665,2.63239334228,2.285129739,3.54324418784,-0.00298688849552,2.27666947045
v2,2cee0cba,-7.95743636364,7.38322091256,-0.0102893850044,2.45660497456,1.51551699827,16.5386012483,-0.0106856876985,2.50126638419,2.45415124925,4.46545938329,-0.00903991425477,2.30531222221
v2,2d0c268a,-12.1760769231,-7.5722362181,0.0142813590502,2.76473238767,-5.61268834187,-12.1228314036,0.0138453703706,2.30733231824,-7.89963935228,-16.1039846364,-0.000767141924352,2.60528830957
v2,2d179ded,-1.97207191781,-1.74751953457,0.0187508487371,2.16902561839,0.332160383259,-0.550529321082,0.018147042938,2.44055850453,1.19138317268,0.590503711557,0.00887896315824,2.26060878587
v2,2d196986,-8.81614612295,-24.3755864024,0.00240553189963,2.56428123899,-7.02836771199,-12.3815845769,0.00281958700313,2.64054859383,-10.2806860467,-18.3269108781,-0.00494110906197,2.69711337148
v2,2d2d0c6b,0.736917740336,1.38046715824,0.0338548660039,1.39771521931,3.96260746044,1.15356719548,0.0329588298397,2.65894310143,1.80245412311,1.61412428215,0.0108573278669,2.26986515737
v2,2d35f86d,-0.535541258169,29.953846295,0.0269536045387,2.50276267614,4.61881414105,16.4864157374,0.0254047666699,2.53884784502,1.73283222771,1.4209690765,0.00870492747426,2.23806531805
v2,2d9f6cb9,8.01689424911,14.7829346048,0.00315035967625,2.38956119188,9.79670754167,9.04345009247,0.0029539827521,2.41381578978,1.92062373755,3.61707656855,-0.0043542836521,2.27417004486
v2,2ddad940,-2.92876571,-17.4115970003,-0.0106366765954,2.15707555516,-0.984430194757,-9.74743979276,-0.00979008402721,2.27601170244,-0.011262425369,-0.582244295447,-0.000476981645181,2.27973879618
v2,2e29e833,0.280810611643,-4.87252091819,0.00780420478162,1.66914952024,-0.433865861574,5.19277756102,0.0076935934498,2.13293089713,1.28178749206,0.922696702054,0.00996661948172,2.25913449013
v2,2e43c2ea,4.40575991576,11.8212528329,0.0334113044627,2.13858231833,4.79383748666,9.01378430533,0.0329340580613,2.79033357276,3.38800668737,3.96478188031,0.0118941069441,2.29539356022
v2,2e63d9de,-3.87418812513,-39.765719542,0.016790385437,2.69286266373,-4.88272877594,-17.1796060603,0.0155382517776,2.53840198508,-9.84666286482,-18.3872953757,-0.00268983857696,2.68703451015
v2,2ee0235b,-4.89365190785,3.84128255142,-0.010668274748,2.05450234308,1.36318941763,5.67385507208,-0.0103202656655,2.43826437316,0.105784664663,1.11404023223,-0.0114523649009,2.27692887015
v2,2f19d536,-5.89366580311,-7.80775454689,-0.0356193321547,2.01963824424,-6.15826176147,-4.748258504,-0.0346468897778,2.34002803613,0.373721444515,1.50579313568,-0.0145299423279,2.24793328881
v2,2f8e53c3,-1.69440632228,-5.80911090511,0.00713657765309,1.45699863291,0.547491009574,-11.5306535028,0.00807442392187,2.12369520088,-0.623181398312,-2.52223878689,0.00818359461307,2.27702221208
v2,2fa01aa6,-15.1232842686,-37.0762644672,-0.078748498997,2.98454086331,-19.2459750221,-32.9755901666,-0.0746275382894,2.52292221623,-14.4473005634,-27.9070588104,-0.0128551618341,2.92770986019
v2,2fd68f7b,56.019744186,55.2542913016,-0.0085268165988,4.12293449111,27.8175229179,54.1848119414,-0.0075958317812,2.09355830055,23.0922440995,32.6960542598,-0.00421929549654,3.23140970668
v2,2fe023be,10.4132693674,-4.80702245691,-0.0164029824535,2.63255850637,-7.36900923294,-14.5564040841,-0.0169412520517,2.66245258092,-11.0337160292,-17.6313591965,-0.0146201462827,2.70541587833
v2,30d75030,-10.7932373678,-46.9160394767,-0.00850477976427,2.92312494937,-15.4346615207,-46.872532652,-0.00847406131953,2.82254196935,-17.640522503,-40.0068793739,0.000632905810595,3.15528960334
v2,310c71a5,6.34926978074,-3.69558537932,0.00407584242747,2.28679239006,-4.74633942797,-12.0265744548,0.00374553046222,2.46954391593,-3.90326906499,-7.68688984524,0.000905520452488,2.42193846226
v2,32fe84c9,-20.1564497503,-20.2789559027,0.0134470037147,3.14634048536,-12.6240217434,-30.1332904313,0.0135828599127,2.57517343218,-14.1788895861,-30.7111311642,-0.00152195595624,2.98786607702
v2,33c40295,3.0560566083,24.0517265048,0.0300298301305,2.27220730293,4.65598978491,19.1686350751,0.0277888562228,2.63900462133,2.46447151221,3.57202417638,0.00317602535654,2.26677293513
v2,3407f5bf,-14.0159098406,-46.3998016177,-0.00644086820632,3.10431232131,-28.6767514317,-56.7761708113,-0.00721306477461,2.35938809301,-15.5912786486,-31.2385762607,-0.00926039982068,3.0289421164
v2,3417285d,32.7090952468,12.8966323241,-0.0125844102643,3.5673327765,9.88516931027,24.53596603,-0.0116834633062,2.27386697385,17.267345804,25.6666634385,0.0012525695359,3.02067051546
v2,347242c8,0.20678720445,1.82458974196,0.015219052084,1.17619752262,3.10987091427,0.00568077185684,0.014248278612,2.2817384843,0.762055683855,1.10099214236,-0.00371586133329,2.24025650384
v2,353e5502,1.0758973936,7.35034425076,0.0314785698462,1.89301566143,2.01351530452,0.872773216193,0.0303448097407,2.71811651792,1.42292900815,0.939488636947,0.0106989876605,2.26086024817
v2,357c12f9,3.56400098063,5.44982231083,-0.0657041230089,1.8907629496,-0.947621075614,4.32681075536,-0.066342393313,2.56064325164,0.625662318172,2.32545928548,-0.0155110232836,2.25346778182
v2,3584a6eb,-8.10273920783,-13.0519867142,0.0247414951964,2.31335868514,-2.36533415363,-6.91404208579,0.0240331966389,2.50047261326,-0.556820063551,-2.27833725217,0.00826404439001,2.28795313578
v2,35b30c7f,-17.6190165988,-17.2228579938,0.0280478538584,3.00328308891,-2.81112891071,-16.7815098338,0.0268858976853,2.56668578721,-8.67031720169,-18.6522284448,-0.00152851411412,2.6485909671
v2,35b3ef6a,-23.9009451844,-30.6600957907,0.000597445583819,3.29751633035,-17.153266022,-29.6001522118,-0.000222638735396,2.31783399609,-19.1433510146,-39.2464630633,0.000367507432074,3.17202014303
v2,367456ce,10.8164140779,6.31336452464,-0.0191487955308,2.61171381588,12.2083099967,16.9136697646,-0.0176023400054,2.58517759122,10.9131041821,20.8433951552,-0.00792573545775,2.69457168426
v2,368131f9,16.9838629533,38.5834452592,0.0199165458839,3.08538023364,12.7191191811,23.9784591204,0.0190038557853,2.54532778743,11.9043483725,18.3424651589,0.012515240596,2.75252937843
v2,368fe682,11.2572285251,9.66109807562,0.00819667869445,2.69991739846,5.47118749829,10.2730875256,0.00858055579148,2.54913684441,2.53869255858,3.4924080581,0.0112773929304,2.23926007345
v2,3690a146,2.14700466487,19.0826613349,0.00389782793558,2.09558017439,3.47243874126,12.8042192286,0.00265521659969,2.41647968765,2.01123001863,2.2899085603,4.3324918724e-05,2.26632075967
v2,37344c2a,5.97685587839,28.1300590945,0.0562712269026,2.65600577516,6.7847014457,5.45807417501,0.0549849580017,2.06785478712,1.944558008,0.725270678819,0.0122584083452,2.23084805705
v2,373ef48b,3.31184667997,5.41870393348,-0.0274556489824,1.82570852114,3.34589591639,2.39813760475,-0.026718798682,2.51440920911,0.625662318172,2.32545928548,-0.0155110232836,2.25346778182
v2,374be387,-2.08801204215,-8.66480723834,-0.00466714097251,2.04287644243,0.52425220012,-7.67697250088,-0.00535233459412,2.6711962653,-0.455360716752,-0.461601067807,-0.00817439380919,2.24634081706
v2,37d36812,19.8489832837,19.8917885389,0.0340439927836,3.12922736273,17.9004556612,28.6080176219,0.033189500755,2.69519539313,19.5599188331,26.6343652961,0.00805922297021,3.0692734842
v2,38991fd4,-12.7939224677,-19.8096391382,-0.012186366852,2.76418104453,-7.89371420646,-13.0382799067,-0.0106790362416,2.47292582421,0.336206805499,-0.0768124255375,0.00623752027917,2.22997595319
v2,389ae58f,47.8121321368,41.2157784774,-0.0285620144476,3.92716870701,27.8321725747,36.5872523455,-0.0276656439982,2.71538566469,18.6442338132,31.6231806698,-0.00322084149642,3.06199753663
v2,3932faa6,-1.6666269259,12.7894236111,-0.0260501181982,2.65027804241,-0.0603430756702,5.66675530615,-0.0284539278929,2.8821199941,0.296027709362,1.12579264928,-0.0119690695494,2.26597867378
v2,398dce4b,-1.38212255212,3.79733079266,0.0110802220796,1.71554747473,5.14811302384,13.57146749,0.011133742645,2.34838259519,2.367333626,1.56478478968,0.0113774527643,2.25133010941
v2,39b51819,2.1916520917,2.06915812446,0.0279647456829,1.42559951372,1.42058199799,3.39222660377,0.0279942444815,2.53385991817,1.16442213131,0.519521906917,0.0101584672018,2.25773019741
v2,3a0af893,15.8795524428,30.5962420399,0.00440412237245,2.98009900906,12.1284881784,21.9380838324,0.00313426168184,2.32342491887,12.1413193669,19.8707356477,0.0128832739848,2.78289991381
v2,3a223519,-7.23153392974,-18.7419899743,0.0039603103941,2.34191756016,-2.80078729067,-11.0644583953,0.00318171776941,2.5939480667,-7.55776788281,-15.1795504714,-0.0013048287908,2.58870633212
v2,3a7dd95d,-9.46395507812,14.8731287181,-0.0405729726928,2.6397990981,-3.64416322752,-4.55720145527,-0.039569326244,2.26226934452,0.0910911091191,-0.127776127577,-0.0134158914595,2.28353189065
v2,3a824aa7,-2.66101880505,11.0655026109,0.0421814730123,1.90063352876,4.79571331815,4.67375605247,0.0397514944354,2.39786927577,1.66909541933,0.326214838088,0.0121451513829,2.22301606647
v2,3a86fe8d,-10.5534544744,-8.72973289176,-0.00895942807089,2.53644788484,-0.936947287202,-3.93816002021,-0.00837348057438,2.6454828526,1.07047375223,0.853435056672,0.00537826879957,2.26582240622
v2,3aaa2b30,14.627191679,30.3839328898,-0.000346205520909,2.9188637739,13.4752684591,20.4708856621,0.000414881073904,2.22987318602,11.8307429119,16.9940474645,0.00354995671669,2.70333218686
v2,3ac16ad0,3.18286599398,-1.02478296824,-0.0191147799737,2.29056778538,0.348943249223,3.96439748185,-0.0191142690625,2.51857638865,0.441278568044,1.78019610384,-0.015617681047,2.25676714266
v2,3b21ea64,4.55421366594,7.37100696984,0.000297834309149,2.23740102469,3.88025563658,9.43005219086,0.00135493494953,2.46972043536,1.83940546661,0.997819238329,0.00934378581821,2.23349085805
v2,3bbe1f5d,9.17250505927,5.57822652457,-0.0156087908464,2.44865777678,4.55523608468,12.1530500561,-0.0151734619177,2.27175145079,9.14846824255,14.4207530156,0.00471940440929,2.58062384955
v2,3bfee975,-0.434152095476,-0.512162580018,0.0300749316792,2.1793483314,2.55628908977,-5.66741437147,0.0290027718001,2.0370598905,0.0166498764871,-1.24200890425,0.00853638060845,2.26895078091
v2,3c3dbcbc,-0.424269086605,19.9645800334,0.0103243950721,2.22931434001,6.12086910078,10.6404078284,0.0129501005417,2.6909885222,2.17950581714,2.95708286579,0.0088894798643,2.24934603728
v2,3d96d897,-1.67219826825,0.462564124691,-0.0192267770222,1.52807396976,-0.151136509468,1.58959480494,-0.0182645521421,2.24580018347,1.25282734335,2.22806638852,-0.00605493066802,2.26315285768
v2,3df4b19e,-6.64121692061,-11.9478525852,-0.0040654135844,2.26928582284,-6.67880970364,-8.1642229471,-0.00319819197869,2.54808565344,1.19970592045,0.109572589589,0.0087762608562,2.22269182938
v2,3e011332,9.61589056188,30.055767188,0.0274687497651,2.91351632317,2.06278272367,5.07513951498,0.0221107512779,2.25073442033,0.443456316229,-0.211408482413,0.00383324673844,2.22576684501
v2,3e678ea7,8.12701953923,-4.98375605513,0.0230897086359,2.41858093094,4.10554858674,2.71990043596,0.0222561714349,2.38757963087,1.30584385333,1.25656148423,0.00821940982741,2.23649018508
v2,3ef6372a,0.563545589169,-10.5248431572,8.2853677967e-05,1.97815327095,0.261559587962,1.52189424106,-0.00113600158737,2.26126828601,0.262224695868,1.40518931602,-0.0145783782938,2.26656886642
v2,3ef98781,-11.6070889003,-0.915020726584,0.00945351554604,2.59777977752,-1.0668655482,-1.10681657864,0.00964509943077,2.13574310611,1.16442213131,0.519521906917,0.0101584672018,2.25773019741
v2,3f603129,27.4061987725,1.84440637563,0.0220887271327,3.42465919759,15.6942921399,5.5535328448,0.0197299185543,2.66123942392,6.11533116523,7.44162958454,0.00626154362361,2.41153973794
v2,404c4384,2.94919868277,6.20912978797,0.0220868039885,1.52631048943,8.24992921083,6.15624003223,0.0194873850262,2.34518016878,2.60556510882,3.46132128322,0.0135273956424,2.23433655814
v2,4121c517,7.76688154714,-14.1576707136,-0.00515940733673,2.50333894001,5.47284904914,7.04053201637,-0.00490404367362,2.45579152582,1.86323842569,1.0276525354,0.00829987672261,2.23599291647
v2,41fb0192,3.00551631349,1.37481555927,0.00281323190219,1.51682037265,2.08092805449,-0.052887489151,0.00421238240877,2.16310409008,1.65054200199,1.68766584265,0.00823207041964,2.24203424805
v2,42669188,-21.1465156469,-20.5849859611,0.0367927495684,3.17933125573,-13.128956817,-32.5563395794,0.036630015181,2.24798528223,-17.1812704645,-38.984110414,-0.00168935337911,3.10821602303
v2,42c538a1,22.1261726136,35.7140891259,0.0239820671402,3.30280626754,13.9880131172,24.8165067156,0.0218484875145,2.76403096835,10.5023855152,16.2631270692,0.00916944093282,2.65950367206
v2,43b06c70,7.00508873297,-12.8676942522,0.0352361824031,2.27924914528,5.06080502516,-1.74149002885,0.034858584598,2.77973408534,1.36797833897,-0.18149101543,0.0120127702909,2.21730635509
v2,43c7f85a,-8.79099029776,-11.9453804576,-0.0266352735125,2.49982565324,-6.29896445395,-7.92416968564,-0.0258919147889,2.4682652986,-0.0944735548053,-0.0227175599696,-0.00629522891411,2.27245062571
v2,43e16325,37.5043360215,90.4827503489,-0.0428169968002,3.84538441303,35.3357286489,77.5353651575,-0.0425353665253,2.17838234586,23.0922440995,32.6960542598,-0.00421929549654,3.23140970668
v2,44441e54,-0.396940555428,-2.41103596066,-0.00446172599834,1.5409298699,0.0271270011915,-4.02774762539,-0.00459797963775,2.23204612785,-0.0266488719265,-0.418947722549,-0.00987191955376,2.28030658137
v2,445af6c2,-26.6352342327,-39.4680916156,-0.0170884149645,3.43251736632,-15.327781734,-34.8077540123,-0.01762070268,2.46751024635,-16.0293834952,-34.9289115713,-0.00177226615312,3.07991382966
v2,4463446c,14.9239189189,36.3341278207,-5.95141807932e-05,2.98872241479,10.8674445215,19.2862747644,-0.000379462830913,2.31083019639,11.9020517705,19.8403955777,-0.00137551477028,2.73623459923
v2,44a94013,-20.5740995309,-11.3651854992,-0.00265180044606,3.18893645003,-24.6531574134,-45.2826404836,-0.0039722687026,2.5618312705,-16.7149627469,-36.9072561917,-0.00430490216327,3.07633780721
v2,45fb3e21,-19.7846177035,-50.0480430367,0.0032054873501,3.26421738483,-18.0536540506,-32.2658826174,0.00345320196627,2.43230603373,-16.0293834952,-34.9289115713,-0.00177226615312,3.07991382966
v2,460f859e,0.323090527577,-47.9979780497,0.0411726083772,3.04509703049,-10.5093181627,-33.7626516159,0.0414057599794,2.57940388202,-9.92360995253,-19.5438116907,-9.13131294337e-05,2.7080677813
v2,4630ab92,-8.23147346576,-16.3098021054,-0.00545073732484,2.4749026242,-3.15112248131,-4.89544681621,-0.00579661710119,2.63787610559,1.18201327265,0.96852797338,-5.22098964175e-07,2.24120681079
v2,463c38f2,0.222506726458,6.0778327689,-0.0237580323158,1.99011113099,-1.06891064158,3.48183703491,-0.0226209381773,2.50031761206,0.419119338135,1.552805983,-0.0100562272126,2.27372637696
v2,4654e7de,1.52637446492,-4.8829916651,-0.0103849902397,1.83453254037,1.56597470216,4.10652555952,-0.0100604807971,2.34199685272,3.26551710689,4.95188913247,-0.000850691575671,2.31678442668
v2,466fc788,12.9080522834,23.5143589761,-0.0290667895603,2.88852448734,5.76903559149,24.1276553053,-0.0267495257614,2.83591065308,10.976551934,21.0415647335,-0.00709994543305,2.69839676947
v2,46a301e9,-9.66879893022,-4.34222428915,0.0237158332382,2.46079520446,-1.01648701773,-13.3705973995,0.0220754336483,2.05433260407,-1.49064740015,-3.55759210242,0.0103090772534,2.30118818721
v2,46a7190b,10.5480664294,22.5973753874,0.0107621236686,2.66098477879,8.33736333264,15.0974178974,0.00972811998452,2.42135666988,9.63821099989,15.8292567668,0.00696557364389,2.60612736999
v2,46d24a09,18.6067543268,6.76818202399,0.0285981327944,3.09260610282,12.7385714234,21.1219576455,0.0263014093518,2.57089821722,11.0212128792,19.6358423467,0.000702949549148,2.69404599908
v2,46d41ff6,3.10865713201,-2.82744656276,0.0179747545057,2.09835152964,8.37792046886,5.26513730192,0.0166262645395,2.35712615285,4.28415117817,5.42912434716,0.0120906101078,2.33303647215
v2,46dfcfca,22.336797005,15.239602829,0.0117625144979,3.1907609161,20.2548501186,32.4790876481,0.012751834441,2.37076985,23.1897538547,31.9183495649,0.00612661301549,3.24457096515
v2,47222616,8.93916023604,25.1675691326,0.0231140998408,2.61943958681,4.68443857683,19.6952846338,0.0203480099909,2.23005501415,7.94892544026,13.5732694826,-0.00270178311198,2.57312042162
v2,47ee27ab,-1.31047834923,-16.0138769428,0.00931858285371,2.17601613177,-5.56461653908,-13.1008019291,0.0100360771491,2.25703449781,-7.89963935228,-16.1039846364,-0.000767141924352,2.60528830957
v2,481de5fc,-12.092641129,-3.06625793176,-0.0219678303788,2.68519180035,-12.1021047693,-14.1446197858,-0.0214531528283,2.65261552693,-9.11170330776,-15.7197792364,-0.0157838553709,2.62300072717
v2,48c1f673,16.0403496743,21.4107382194,0.020552657429,2.96939564399,3.52306425211,11.4093011225,0.0182621939832,2.27133205359,1.944558008,0.725270678819,0.0122584083452,2.23084805705
v2,4936af16,-1.90787020797,-10.4616453202,-0.0113336862812,1.81267763161,4.00693683493,-3.13353933168,-0.0102237242831,2.29915201683,0.819723691519,0.680823010418,0.00104906459397,2.22832701915
v2,493b5b31,13.4838578463,51.2746894603,-0.0396315257759,3.08219705028,4.63028980455,34.6343301495,-0.0377553922342,2.82784480929,14.2481693464,21.1667333243,-0.00505907345795,2.80859784147
v2,49dbc14c,-4.00021177686,-9.82939641735,0.0250404439066,1.86754948451,-3.60244476713,-7.52973708253,0.0245928581521,2.35665171721,0.0166498764871,-1.24200890425,0.00853638060845,2.26895078091
v2,4a035ec2,-15.167812983,-33.9812688386,-0.0201485822534,2.96414743481,-15.7563593386,-27.333406467,-0.0173858896352,2.04771569561,-11.3546511389,-22.1366296315,-0.00900927947056,2.76475157536
v2,4a335117,22.4902711864,-2.17318603997,-0.098773485252,3.25866307673,29.4054851061,39.5769854194,-0.100559084668,3.18999643406,23.126700396,36.8623083557,-0.00565646565295,3.21123673203
v2,4a8ecc0b,3.79021862627,18.773332772,-0.0211468647572,2.50241127929,1.30506187443,10.6188769667,-0.0216653215069,2.19319391663,0.838293583212,2.52590062687,-0.0137438591822,2.25966755408
v2,4b462989,-3.61158403091,9.59834737878,0.00996295888648,2.02880915851,1.36070012699,-0.552339341875,0.00803531716953,2.45778550494,-0.353478037462,-1.39459071741,0.0051722615252,2.27842033679
v2,4b831d20,-13.2653911379,-18.7157387731,-0.0508617165132,2.85666133363,-11.3022865745,-18.4849004485,-0.0511890019133,2.79344278037,-9.96601296396,-19.5466590137,-0.0108953339592,2.69742177944
v2,4c2208f5,35.3869242199,16.0070907217,-0.00139408651697,3.64758560629,22.0252219844,23.5273747208,0.0035978914224,2.60827858911,15.664018573,25.074308197,0.00887441532734,2.92925674409
v2,4c3168cf,3.21371481311,-2.97884773011,0.00827224997476,1.68613301926,1.7508986228,7.46512187602,0.00867017699436,2.80130556488,1.77628558947,1.01633428384,0.00902189891049,2.23623353134
v2,4c3df468,18.7665986647,-0.617646614113,-0.0148483881278,3.07872204221,8.67873712408,7.66989572632,-0.0141985236005,2.38790515164,1.92430955741,2.96921844778,-0.010419416991,2.28909292473
v2,4caa7289,6.966551149,20.5242796179,-0.00993818918564,2.36835909589,4.86364586266,16.3572197637,-0.00827763214544,2.47049658834,9.44597314276,15.3870775201,-0.00458739852337,2.6374117402
v2,4cd1ac61,14.5240922254,5.39597564152,0.0412261336861,2.75649603625,12.0320010454,12.8037655411,0.0402816282442,3.01850905087,10.629746654,15.8387642562,0.0131811875676,2.66229245511
v2,4cecf7b3,-2.69528326965,-5.61257773419,0.00817606943812,2.28206751306,-7.28863231681,-11.5594344518,0.00761617225055,2.54615423846,-6.84872892698,-12.7855652845,-0.00173792618369,2.53413935941
v2,4ddde4c1,-2.95282871199,7.20658024774,0.0022758404291,1.72006316896,3.30401034708,9.13618119236,0.0023804448764,2.22599353709,1.61504849495,1.63995425494,0.00676274985667,2.27269368153
v2,4e050c92,-4.12361673414,-14.3386628096,0.00249477437233,2.04907041603,-4.12313010332,-15.6226064953,0.0046023270612,2.66548146024,-1.04525957255,-2.94336795498,0.0105868448548,2.28932782031
v2,4ed93db6,-7.63058191969,-15.9069680835,-0.0171034335438,2.31592616049,-5.06856125355,-8.72141930607,-0.0173994624757,2.50878433048,-2.02639173294,-2.13592915767,-0.0212703065897,2.31245025688
v2,4f3eb9e9,22.9834341069,77.5034459538,0.000509584428576,3.52867924978,15.9059570195,46.5505462294,0.00025402440432,2.53900390036,22.7505457113,32.1755357409,0.000287329061898,3.22172316544
v2,4f4ac5ce,2.67447694692,20.7857538405,0.0120865296274,2.22468972253,8.59307907433,12.2083158113,0.0125711653882,2.32912607774,2.367333626,1.56478478968,0.0113774527643,2.25133010941
v2,4f4afcc6,-0.252249778565,-18.5780429918,-0.0200396949077,2.23261361233,-3.02942018551,-6.66641113219,-0.0194826741252,2.30633737354,0.0573220620729,-0.381257587659,-0.0108820833631,2.27975458716
v2,4f69febf,13.7202545788,17.7693614924,0.00259158091301,2.76890982529,7.22545047627,22.4113970028,0.00300363504026,2.50160145574,10.30730036,17.860684922,0.00252643055388,2.66060049376
v2,4fbe9c06,-8.82502306346,-5.14438064976,-0.0125944087516,2.61744120662,-0.347774993214,2.76077869067,-0.0113979368065,2.38414509016,2.29468828692,2.79987355344,0.0128569394844,2.23591826219
v2,504c8b08,-19.74191613,-15.0227831309,-0.0178324827149,3.07531842287,-12.9979626528,-17.3970065076,-0.0188119064072,2.7609885607,-10.173108292,-19.3221558662,-0.0128169341387,2.69410020446
v2,511e1db0,1.05306725988,5.23078928848,0.000267925956922,1.29381048321,0.0013891027407,-0.652327358951,0.00232737102483,2.55294725244,1.28970333981,0.946997113445,0.00887244137945,2.26007867548
v2,512943b2,-2.19047723205,-6.67032936523,-0.0221568489903,1.61601199047,-3.01952066925,-9.32002339434,-0.0217090341612,2.24528189753,0.049665852728,-0.343937049779,-0.012281070095,2.27826988388
v2,5138a660,-3.39765664512,-11.184245161,-0.0134904863858,1.86841350426,-7.01282072719,-14.186446689,-0.0107594770763,2.38603257794,-0.406225209615,-1.08638930243,0.00886638726784,2.24370362747
v2,516088b7,0.477534988713,-9.73190999457,0.0119416781012,1.99763521377,-3.64069237258,-3.78604536087,0.0138191931169,2.42124938293,0.171073457462,-1.154545235,0.00958239290255,2.27812355886
v2,521a7819,-23.0833,-24.6597796311,0.0234043753317,3.27191832837,-5.11391760998,-22.6754267976,0.0251331803868,2.94762592428,-7.30331029611,-13.7065191499,0.00250247344095,2.55828984939
v2,5254b6db,6.95526267563,2.23563062015,-0.0306935203511,2.11551804167,1.97870467722,3.02275247429,-0.0290529295474,2.56463406619,1.61508790843,3.23601063713,-0.00772077220531,2.27676491297
v2,529e88ca,9.73401521803,28.4559671131,0.0453248833735,2.78905398721,8.89273712162,15.2361188158,0.0412811392767,2.44152336309,1.73283222771,1.4209690765,0.00870492747426,2.23806531805
v2,52f1e77a,11.8637933363,-2.8303002036,0.00557815076876,2.71964148688,13.399085279,6.94439472688,0.00661545052829,2.49356080748,12.028205086,18.4516556078,0.0100480435142,2.7636116474
v2,5305524b,-14.6149755002,-21.1540442117,-0.00100838446437,2.86988010256,-9.08270348675,-13.9606898639,-0.000819628936501,2.98805338678,-8.54770691213,-15.9120220645,-0.00535752545783,2.62939897735
v2,53134831,-16.5473936793,-13.9352564046,-0.00563001035978,2.90930005299,-10.1053651093,-14.9525961798,-0.00532064130598,2.29593972527,-8.74416506584,-18.4367294009,-0.00413849934277,2.64919035851
v2,5397ceb1,1.51068506185,25.8310649262,0.00247029328251,2.32736705276,7.02345053967,14.4858246128,0.00254702939245,2.47976581321,2.32772968258,1.34965490964,0.00952766114089,2.24743493723
v2,53f23031,8.12843391813,20.0492747974,0.0108507172606,2.45684868678,6.76933974579,10.1885036555,0.0103434242682,2.2708578889,2.65273115059,3.3717907528,0.0128593650098,2.23947751573
v2,543198e8,6.86680455175,-31.1462927301,0.0151394431541,3.06874832976,-16.1227686595,-39.6279966057,0.0143140391105,2.59129086147,-18.4785256625,-38.1084777102,0.00108742180016,3.14277712038
v2,54753541,0.0287903626426,41.2687677736,0.00510235875027,2.84623283024,21.4709603934,45.2248406367,0.00533302612078,2.30910687216,22.853936373,32.3525952085,0.0037450878169,3.23054684103
v2,54a7e3c2,9.67708204712,-4.9868047246,0.0200001096988,2.48804857763,1.74053583887,3.03637844974,0.0212248959029,2.47057521459,1.54232287873,1.02556031706,0.0106326548556,2.2625439584
v2,5542c301,0.795828460039,-10.2563712083,0.00299374801729,1.87197356797,-3.00483713744,3.68984943941,0.00318013291897,2.50854032738,1.32491132121,1.61659583371,0.00991299499257,2.22179551702
v2,5567d551,-7.01375235883,13.4900781107,0.0116087771882,2.42387240078,6.7906120299,12.1251829417,0.012452356981,2.32349412287,4.2860764468,5.5708298352,0.00979510083275,2.33757996159
v2,55efee7f,-18.0244969798,14.5222382207,-0.0175880488991,3.2897128224,2.64502803202,8.24060284779,-0.0154379367904,2.39066865395,1.94895670898,0.799158362941,0.0114815623237,2.23031300157
v2,5663b2b7,-7.03055108608,36.5452042494,0.01366200402,2.84978666,1.15107302999,2.92435920741,0.0128427092625,2.61387464502,0.260553471931,-0.171971859145,0.00449198692789,2.25600663877
v2,5693dde2,-5.9867603211,-1.14812284546,-0.0294754919215,2.07415698469,-1.06139067086,-6.53532925334,-0.028271789637,2.36573564931,0.39065044324,0.161449560946,-0.0126508916352,2.27444454704
v2,56b00794,27.9574014839,28.7991503128,0.0229405793809,3.43220264592,13.6709665544,19.9891348964,0.0206099502675,2.54044291002,11.1317370777,17.5222357496,0.00826365869498,2.70139046036
v2,57796579,9.73312903226,16.0165229058,-0.035652993602,2.62561584881,5.19668556564,20.0842789449,-0.0338295892018,2.6124319502,14.0738905414,21.426064976,-0.00253175416918,2.80613024998
v2,577eec7c,15.4510442829,-21.280325601,0.00274114484404,2.98947713087,1.77026693522,-7.26265906234,0.00311157411519,2.42224714075,1.39620999903,-0.0777700342331,0.0101920151738,2.21927335804
v2,57f05c51,31.4737162021,43.8406048821,-0.0563892772467,3.61964874561,2.67942978374,19.2279914858,-0.0549277953518,2.82212432645,0.946225588198,2.96610418467,-0.0160430716577,2.26449696653
v2,58850d2c,-14.0522522523,-5.24894260153,0.0106658496197,2.76556131416,-6.24531428499,-9.50353347199,0.0104684672262,2.44782084435,-3.69639928974,-7.84100213881,0.00446485258208,2.40493449561
v2,58fa8486,-7.45098324022,-28.6172716761,-0.0547853401312,2.55456493347,-5.38564917016,-6.32352073466,-0.052796305183,2.58483941798,-0.920130486342,-0.238253379895,-0.0219267689041,2.27199329233
v2,591cc951,-12.4040919939,-24.4753456356,-0.0148775768915,2.77396245356,-9.38114705716,-13.15086803,-0.0140442066295,2.45469820105,-6.12595450456,-11.4409597129,0.00193559561954,2.5018138352
v2,593876b6,10.3539487815,-11.451741762,-0.0036299889679,2.58613766556,-0.630483502525,-17.5702742396,-0.0026994273964,2.41118263302,-0.623181398312,-2.52223878689,0.00818359461307,2.27702221208
v2,59f8b2e8,-2.21067787564,11.0291260629,-0.0303237953831,1.9789837009,5.8635801269,9.48537627779,-0.0289810794008,2.39415565307,0.950301113541,2.41255482993,-0.0142843042736,2.26147499076
v2,5a1a8fd8,-10.7787338403,-0.564494533633,-0.000600609924568,2.65079405317,0.989575992158,-8.51906167176,-0.00207917896298,2.86327429399,0.0573220620729,-0.381257587659,-0.0108820833631,2.27975458716
v2,5a5269a9,0.686241363426,-10.7338479782,0.00163279278935,1.92615996959,2.00459620612,-5.43130929531,-1.43862469523e-05,2.28289033647,0.437268778965,-0.149766114587,0.00696570167858,2.22266196345
v2,5a5d1982,-2.29622752953,18.8241930609,-0.00666432131086,2.09268507463,5.66677905858,14.1552145652,-0.00668269038076,2.34598175858,1.87306076808,3.53999066125,-0.0065905578475,2.29800129015
v2,5a63b5d1,-17.2752404697,-9.65773166811,-0.00368525208063,3.01794598729,-5.47106314567,-11.9928419319,-0.00230107167432,2.42827100338,1.04300559232,-0.619725702665,0.0108725102055,2.23457259698
v2,5aa03df7,1.60462122767,10.3632950315,-0.030514877871,2.0263063252,14.7190294122,24.8223166921,-0.0290348870232,2.40860349545,14.9079654793,24.6882494146,-0.0112278772135,2.85049964902
v2,5aa403d0,24.389355356,22.0100561149,0.019314565265,3.28408207076,17.3536490893,23.6209988693,0.0170700908484,2.47582587061,12.8004128415,18.5696583188,0.0103984332667,2.7621065322
v2,5aef5c6c,-5.33728933034,-4.85649285769,0.00270143163895,2.47874259293,-14.1959911076,-23.5268744168,0.00208502921564,2.22075895582,-12.0826369069,-25.0103447743,-0.00243946833148,2.82410900953
v2,5b7b6324,13.9253001219,32.4869976525,0.00942673880986,2.9270907455,19.3520404089,33.1238029863,0.0100148852436,2.45698457711,25.8198607206,37.1619430635,-0.000969552642704,3.34954207875
v2,5bd25f59,-3.01301187648,-1.11317401151,0.0117297130503,1.67492836456,-3.09972778928,-5.11404572862,0.00988158443184,2.28812148944,1.26282579759,0.0910575440799,0.00909814776392,2.2199491561
v2,5beded95,-15.246745175,-4.55455838095,-0.020587121101,2.87041439055,-7.86424959068,-12.3600679626,-0.0205270693853,1.98986515285,-7.87139859334,-15.4331982632,-0.0121571491702,2.57676368002
v2,5cb483ac,1.85255451713,14.4878826629,0.0118070254674,1.9620752194,6.08526954847,2.42626145483,0.0114263007885,2.27015344642,1.66131260702,1.59733234726,0.0101249596882,2.26813939933
v2,5cdd8dbc,9.78196758105,47.5458636393,0.0605006114973,2.90315967142,15.529216275,32.30515006,0.059542412264,2.73808916383,18.913825431,31.0599206774,0.0084324619992,3.07372488069
v2,5d11dfb5,-0.191178965225,-0.575340234981,-0.00799600868505,2.37568471366,-12.6277676098,-14.5526861948,-0.00902135745159,2.51458887649,-11.5416733435,-18.4934575048,-0.0166663598175,2.72601858432
v2,5d7198fd,-4.90755344418,-38.712859261,0.000151051829682,2.66489600786,-8.6547475091,-23.427659172,-4.46750637643e-05,2.60983326678,-10.7165767693,-19.0184943339,-0.00445197839219,2.71950479155
v2,5def1ce5,2.39096849294,-4.22439472226,0.0138347288479,2.203031862,0.311496713571,-9.87529910021,0.0137706459225,2.42720778637,-0.088557164904,-1.84817160152,0.00929291557638,2.27257641918
v2,5eae34a8,1.27159257749,-15.2064782291,-0.00339863658139,2.12793221452,-1.20718055733,-6.65841923235,-0.00362905153385,2.35631668337,-0.16127881869,0.155777629699,-0.0055909542467,2.26984228323
v2,5f4d2a52,47.16655311,104.010855735,-0.00420597258683,4.05897498971,22.4295760361,53.1840120785,-0.00495589056997,2.67255761549,23.0922440995,32.6960542598,-0.00421929549654,3.23140970668
v2,5f6756c5,6.6491047041,-8.60192085586,0.0178643378075,2.25903164851,0.507115731411,0.409593460881,0.0159987360011,2.67035218971,0.351230720985,0.520454237288,0.00629076814375,2.23841754397
v2,5f75f796,7.54825242719,14.0467179882,0.00113057473912,2.3262934073,7.79116537573,19.026870467,0.00134040139117,2.52806767633,10.9420788604,17.5501534818,0.00707515846265,2.69024794461
v2,5fb1c15f,16.937548951,10.5063454242,0.020532048826,2.95964294295,7.67100398432,13.5224230258,0.0180635522475,2.37986030861,2.8888778554,4.31175052459,0.00312072849627,2.28632590545
v2,5fffa282,-4.65283265889,-0.197731026848,-0.0157485798876,1.84342623128,-3.92262414364,-2.69383718162,-0.0136326154007,2.46620842913,1.26282579759,0.0910575440799,0.00909814776392,2.2199491561
v2,60e37807,12.4796517229,52.3456613067,0.0156381584905,3.08531097135,14.3731179172,33.0611294573,0.0104585352302,2.47034735406,12.9320747739,22.4389840342,-0.00814995924879,2.77851743118
v2,61f27424,-0.246352090033,-3.24547946097,-0.000168043318559,1.33894092672,0.879576531109,5.32739210383,0.000518232636797,2.146651647,1.28178749206,0.922696702054,0.00996661948172,2.25913449013
v2,62569ae3,-3.82995261984,-22.0282788034,0.00135798677129,2.21522430054,-1.24050047499,-24.5311809836,0.00302231000921,2.21209734351,-2.27263871053,-4.92676028994,0.0087594822904,2.33453915752
v2,62a6f539,-5.26359057677,5.07798173603,0.0384139569291,2.18210422358,1.7714881855,3.81276200475,0.0384643621235,2.47829089886,1.30584385333,1.25656148423,0.00821940982741,2.23649018508
v2,633774dc,10.7092716188,24.1508350058,0.0180110081965,2.72211285188,16.0177055792,27.2925961167,0.018270763051,2.57619653618,14.3099518559,20.6278147976,0.0102105724405,2.8357502393
v2,63559d57,4.57093143278,5.17745481356,0.00774397399201,1.9306834548,12.4979001134,10.7571189915,0.00738376130283,2.29196593801,10.6114854864,16.6342160158,0.00477522506091,2.67288787795
v2,647f2a41,-3.47722236537,-8.91308611246,-0.0279128014789,2.02104771557,-3.62296548068,-5.83373549965,-0.0273235021482,2.33003836546,-0.768712753198,-0.384874701725,-0.0185434606905,2.26696105249
v2,65156b96,0.550683017696,14.2953975569,-0.0222042567495,1.95681924313,12.0705971687,21.4753904022,-0.021052116156,2.36982031162,14.3503271257,23.8623886011,-0.0121140775084,2.82052150114
v2,653612bc,2.02474267101,-2.03268300659,-0.000665943548353,1.34371054481,1.80587749326,-3.20234192641,-7.67823517953e-05,2.01152131935,1.16442213131,0.519521906917,0.0101584672018,2.25773019741
v2,656a067b,4.5232546706,-33.6768116721,-0.00202201673048,2.75155900421,2.24517180824,-5.16161138305,-0.00171173320129,2.58199564323,1.11725124084,1.16165129533,0.00563383820787,2.26584073316
v2,65a5466a,6.43612427931,-17.8426371291,-0.000568692278246,2.56425837738,6.50620968357,3.76458160214,-0.000299433242958,2.30688316606,4.53352052183,6.93511018909,-0.000983541196549,2.37294580977
v2,660d9546,-6.31462806424,-14.0229764005,0.0198333546256,2.34504646488,1.85582299435,-14.5401233196,0.020639861229,2.13026588676,1.36797833897,-0.18149101543,0.0120127702909,2.21730635509
v2,6767c111,15.4691508182,-3.21784623445,0.0336786407381,2.91642680582,16.2417748628,22.7965822963,0.0368680392812,3.02323529157,18.1963774,26.2006539317,0.00983314911711,3.0433952202
v2,67847288,-9.83236370979,-7.50099331292,0.00459492147776,2.52262704155,-5.32210236134,-14.6896929786,0.00642219297727,2.56168185902,-1.88478863859,-4.19320279651,0.00963158184302,2.31655526647
v2,67a8da4a,12.1052046426,0.427187623742,0.0162210471421,2.73999569102,11.9569548878,13.1484152155,0.0157919084428,2.70986648093,9.87457109366,15.9348397665,0.00792318891807,2.64923396431
v2,684a6fc1,22.31970055,-1.57605128648,0.0137367528153,3.2201141959,8.71338061581,1.77501694436,0.0108590386279,2.42317416699,1.58382061759,1.30675876645,0.00700874419126,2.2548347858
v2,698930d1,5.25850242565,25.0468543893,-0.00266795488941,2.43266309831,9.13485659924,21.8975509867,-0.00130091443829,2.52005383325,12.097788466,19.8276651728,0.0136905467725,2.78232636814
v2,699ea575,6.65612378641,22.5717975972,-0.0164299525783,2.43298944155,6.45419262031,9.85324802805,-0.0160464975555,2.37358218143,1.52816635417,3.02874713396,-0.00883166629046,2.27933800061
v2,69c1bdad,-0.149303610905,9.86202262058,-0.00523947284025,2.37861590522,-8.44706732193,-6.40812321348,-0.0062019314045,2.75405902206,-10.7566439793,-18.0520893127,-0.00880721618766,2.7050325089
v2,69e41fa6,-4.28854643105,-2.67131260369,-0.00129769664009,1.92595998821,-6.50769618593,-13.4239448732,-0.00139272121123,2.40366749316,-1.46088986767,-3.5233346682,0.00664325717183,2.31863255594
v2,6a0ff78e,-1.68606651199,-32.4963128382,0.00537416740045,2.51372305588,-8.09582211733,-20.585981093,0.00617470061154,2.4643739388,-6.60303857197,-12.6400922753,0.00169927452204,2.52052913482
v2,6a8fa194,7.05794166391,11.3716112078,0.00138281955141,2.23519764701,1.27350136509,8.82431962801,0.000360952205363,2.40931957835,0.00242177798089,1.09445822767,-0.0125432647098,2.26778635802
v2,6ae68655,0.719950047573,1.49582859991,0.0126584634535,1.83416059576,-5.502205235,-4.79559797296,0.0125655671787,2.26573761879,-0.556820063551,-2.27833725217,0.00826404439001,2.28795313578
v2,6d1d74e1,-2.61855746141,-36.4797471579,-0.00812284490378,2.55626337408,-7.08383492568,-19.6351123316,-0.00887240776597,2.39369461881,-9.38453214698,-19.3677539452,-0.00513143958721,2.67943123058
v2,6d590e26,-0.42188484252,-16.2331703164,0.0140651835412,2.26485055688,-2.06498042221,-8.24839144667,0.0148436156809,2.6061154982,-0.556820063551,-2.27833725217,0.00826404439001,2.28795313578
v2,6d6d93af,-28.4200751043,-0.612336952974,-0.0200437134602,3.50241048428,-7.90873510155,-4.38332009305,-0.0184949533871,2.73892134596,-0.019144539713,0.368785490336,-0.00573639390968,2.2466928795
v2,6dbe4b60,5.58073364888,3.8941034707,-0.0131059280122,2.27207063093,-2.77452490659,-8.25682896103,-0.0117800630244,2.31375094708,-0.0083858962568,-1.17128522085,0.00752037537692,2.2706156819
v2,6e6d122c,4.1426225142,16.9245509575,-0.00321214990977,2.31421811321,-5.17521722259,-7.67430476716,-0.00350657122399,2.31817988124,-0.623181398312,-2.52223878689,0.00818359461307,2.27702221208
v2,6e9ccd38,4.7858874668,-27.2959083978,0.0095993638687,2.58320424158,-7.84850315563,-13.8349424114,0.010733369733,2.36548070993,-6.6109240113,-12.5472461062,0.00328966787557,2.5261911056
v2,6ea22614,0.16653156925,-0.442662384827,-0.0133871922971,2.0116067061,-3.3212097472,-4.03510261498,-0.0127423706432,2.17423546224,1.26828372687,0.337290543865,0.00659465515674,2.22788037941
v2,6ede926a,4.84824827866,13.4312580013,0.00118123425611,2.16180087619,6.57363364495,7.21664309258,0.00303294009805,2.53719397546,1.73283222771,1.4209690765,0.00870492747426,2.23806531805
v2,708caea9,32.9930986561,22.6646055039,0.0405985841605,3.58119563718,21.5927730358,35.7278359281,0.0410875074307,2.72973488691,18.913825431,31.0599206774,0.0084324619992,3.07372488069
v2,70925e23,-13.4696317471,3.80806158615,0.0137273794554,2.75904764205,-6.59910900098,-5.77017337719,0.0156038383328,2.31379670493,0.499496854774,-0.178341985434,0.00806635498071,2.22459483678
v2,70e1788b,-4.47831879375,5.40189953504,-0.00242120057128,2.09914689502,9.9484641045,6.97955034854,-0.00224120288078,2.64149252454,1.42831171101,2.10991855017,-0.00290225550748,2.25618136295
v2,71642c7d,9.22961919105,-8.47661277535,0.0150665991217,2.55732273267,3.40035375304,-5.42891123616,0.0132085790899,2.16320511239,0.883041178268,1.42984084503,-0.0072441500435,2.24536474843
v2,71ccf778,-4.14220163084,-4.85697914638,-0.00140527169585,1.85452326634,0.170924547447,2.91956640699,-0.00217890360728,2.19003982892,0.322948856288,1.20818398234,-0.0100325412228,2.26499643621
v2,7224331b,0.105296058056,-3.58395495712,-0.0143139110637,1.67489977728,-4.40844136123,-6.04103452408,-0.0122037918444,2.49003834101,-0.897784713865,-2.21053056561,0.00452952972041,2.29572802841
v2,722cf0d8,0.928644759868,26.6329875892,0.00828792694974,2.49545854112,7.30410330976,18.1389255615,0.00817480230315,2.50089129988,8.7240202753,12.1446449249,0.00846897972764,2.5448961374
v2,7256229b,2.53107663897,0.820519560387,-0.0301126602965,2.03410317479,-0.335957417307,-3.9450713646,-0.0301350476298,2.36070005654,0.556525804919,2.13121059419,-0.0180440517785,2.2564320194
v2,726f3dc2,-3.96463037335,8.15416239351,0.00836452694238,2.07082750197,-1.56775958413,-0.374971180341,0.00972168513706,2.42507826379,0.581787080498,-0.445038751586,0.00853921203533,2.22062590678
v2,7271dd80,-7.94844700461,3.36253265775,-0.027652062435,2.23151412078,-8.09342791868,2.32888441195,-0.0283519484865,2.74222735288,0.324545237812,1.81775343196,-0.0156434043756,2.24775807045
v2,727a3a10,-11.5726790994,0.596895390352,0.0151833834764,2.59256138433,-0.537404216335,1.68856383735,0.0136251890555,2.745761101,-0.157858071152,-0.192610653279,-0.00460522822573,2.28709609569
v2,729665c0,4.06258503401,13.5866091118,-0.0135588490908,2.26825377434,3.71568911316,15.3724052545,-0.0116796657635,2.79523235553,3.40886994851,5.24546907107,-0.000328283566839,2.3490654923
v2,729e9750,4.90653488765,-0.924232664621,-0.0209255598273,2.28503028054,6.50376613035,10.4828745075,-0.0197413608519,2.58343771399,10.64831684,16.9733511573,0.00271867236185,2.69077111011
v2,729f4217,-15.2673349475,1.43585131703,-0.0134842899234,2.84791137207,-0.878776770172,-0.691904418404,-0.0134615845687,2.36430075445,0.901489248013,0.781576135869,-0.000420802916997,2.26593917189
v2,72dd8501,2.43338725207,16.6086940782,-0.0049332999308,1.95615492527,5.07947078459,6.48996764839,-0.00454607717484,2.55277256379,1.39544174186,2.18277226913,-0.00559375231127,2.25318284487
v2,73348914,9.78022506515,-0.485071239862,0.0243135193182,2.45888168637,9.06761641109,5.80079612384,0.0237460468926,2.37861513451,2.65273115059,3.3717907528,0.0128593650098,2.23947751573
v2,739a914f,-8.23010535877,-29.833794323,-0.0211201861779,2.67690499211,-5.66649862882,-10.5673892042,-0.020345305452,2.50760044236,-2.28554428402,-3.5476212819,-0.00860251862842,2.34837610274
v2,73b1447d,3.47878306878,31.0218804257,-0.0141821057266,2.66756453,9.44842539829,40.9455260228,-0.0131053352346,2.55860800311,22.5744953685,35.4513875983,0.00689649054759,3.22689373738
v2,74b6186b,8.72859324523,1.35638625799,0.00572763389785,2.3033045128,7.6225463602,5.94574417157,0.00485408352988,2.57493981403,1.66131260702,1.59733234726,0.0101249596882,2.26813939933
v2,75c20ec7,7.33618727849,-12.4406713996,0.0171620167668,2.48943519337,3.56834961584,0.522577106917,0.0159393262683,2.62251451757,1.02604707234,1.07776283605,0.00128640772189,2.27254095692
v2,75cd5f11,0.9566761019,-15.030478372,0.00776728816378,1.83419074007,-5.26277488933,-17.0119679013,0.00905164061482,2.42989040193,0.0166498764871,-1.24200890425,0.00853638060845,2.26895078091
v2,75d20a82,-6.20094533254,43.8613982111,-0.0111121057781,2.90310726488,8.44696214344,17.9693263095,-0.0122626881427,2.69238717357,2.37043936055,4.495701013,-0.00917795896407,2.30340839038
v2,76201745,-1.25007868705,-11.9769330197,0.0221099931864,2.18400557808,10.8102454293,1.25039859362,0.023391530502,2.01686195047,1.73283222771,1.4209690765,0.00870492747426,2.23806531805
v2,764072a5,4.0925262801,3.19730093626,0.0128549475196,1.99582975207,1.30610675766,-1.52816958309,0.0125598054556,2.59338096237,1.36575842606,0.960386836943,0.0089564556724,2.25858249592
v2,77b0d905,12.7316506948,5.56915292673,0.0349404362391,2.64250604395,12.6383266234,12.2576328275,0.0325959055178,2.5454829884,6.88395840463,8.66525704906,0.0106960885151,2.45423070197
v2,77e4821c,16.286988689,28.0280192735,0.045129217449,3.00660323967,11.9540938136,14.7368698891,0.0434326167668,2.65334795952,11.6130349586,18.532194796,0.0102650561388,2.75028648898
v2,7850c72e,-1.57046934692,23.8147530281,-0.0489555067529,2.59156582045,-4.4209368448,9.69618793487,-0.0456970005854,2.34713317722,1.00406616996,2.2117416665,-0.0103072864711,2.26327707249
v2,78a4a386,1.23500683727,-7.4010756007,0.00127964984428,1.92660883954,2.19251906482,-1.581568733,0.00257431616081,2.37522559558,-0.304478862324,-1.63785393659,0.00790862899584,2.2800558268
v2,79507629,-10.7696605055,-21.1979599286,-0.0127290144011,2.60788505761,-10.2095474743,-15.8435518917,-0.013127031394,2.29067574155,-8.49113818017,-15.1840976701,-0.00940732516431,2.64869603117
v2,796dbd4c,-0.988777208706,-9.05455129107,-0.0268851492627,1.76942986187,4.08702670089,-3.89850960987,-0.0271873246742,2.535608074,0.147016787661,0.55540599638,-0.0105823316282,2.22882261928
v2,7987f2f2,-5.25912550607,19.3844014411,-0.00989552157249,2.56729060038,5.33306377407,12.7724297007,-0.00887429924301,2.37088056537,1.60057171328,2.18354664748,-0.0104524592586,2.27294885194
v2,7993a768,7.63066885365,13.8694569712,0.000924016495872,2.29702815845,4.01916446161,9.1544793891,0.00200020466377,2.26227690661,1.94895670898,0.799158362941,0.0114815623237,2.23031300157
v2,7a5660b0,-12.6002881152,-12.8777229876,-0.00397303775368,2.67093048079,-15.3819034188,-23.1598908063,-0.00471461058865,2.3475547796,-12.4636043689,-23.940793684,-0.00601579527264,2.83054541563
v2,7acda2df,6.90409899709,39.6367519314,0.00753381748833,2.6974089628,12.1167387555,27.7319761653,0.00690215117922,2.65819077958,11.9491826591,17.6928034513,0.00413874497629,2.71397499643
v2,7b2c7b3c,4.07630804954,7.70144316161,0.0273523464888,1.97028687298,10.4750302491,16.614065833,0.0246587586533,2.39439546622,10.4478715548,15.8328849711,0.0128158856184,2.66907598957
v2,7b38844c,0.131050946919,-8.34545994772,0.00242253488741,2.12684382738,5.0794916241,2.78564770944,0.00370092472683,2.24678674548,1.65054200199,1.68766584265,0.00823207041964,2.24203424805
v2,7bb17b96,14.5291713412,24.7626380556,-0.00776182622193,2.89087419801,6.45133155324,11.6656543403,-0.0071123086025,2.52225132743,1.51660077928,2.14585651259,-0.00944229544926,2.27350084615
v2,7c607683,-15.240899024,-10.4149693987,0.021036856922,2.88282970215,-3.01261783054,6.88479418681,0.022929351717,2.56311861908,1.66909541933,0.326214838088,0.0121451513829,2.22301606647
v2,7cbbd047,9.55952353056,19.0057202593,-0.0273655744965,2.6051088849,9.48365660759,16.7147902732,-0.0269045191164,2.4111690025,11.431912851,19.6030817613,-0.0107737070825,2.7185746884
v2,7cd4bb31,2.12796862867,-11.3115619647,-0.020030075731,1.93360325867,0.214054982319,0.471262245849,-0.0191302425094,2.43647123531,0.946624443623,1.55582470686,-0.00346009656421,2.27707863259
v2,7d50373e,-13.7767883639,-8.45709591606,-0.0261206898674,2.72707742239,-8.39879637879,-11.6451024993,-0.0259183116143,2.45366917189,-8.09812431624,-14.596667011,-0.00918323632701,2.63003893299
v2,7d57c75d,9.1369738933,24.2612890296,-0.0036561289667,2.721171341,10.7552462506,17.5869763007,-0.00293471019195,2.41635313022,12.0553864804,18.149914231,0.00091948204053,2.71753571228
v2,7e208414,-5.4093208708,-10.4237987725,0.00126536182688,1.99903531366,-2.15262278028,-11.291913488,0.00192751507506,2.18923651082,1.37237703995,-0.107603331308,0.0112359242694,2.21677129962
v2,7e721392,-37.7313896987,-44.2106189398,0.000133136188567,3.72163282,-24.5502884137,-37.7839328048,0.000393276479527,2.5270436923,-17.1812704645,-38.984110414,-0.00168935337911,3.10821602303
v2,7ff89f8f,8.27030939076,11.2079054303,0.0328734597289,2.71836716547,-4.65594466241,-8.64266698017,0.032438371644,2.33071792645,-0.899118287148,-2.98451577646,0.00762349650714,2.30219822925
v2,8050c789,-1.1505719857,-22.4453126859,0.00985178996136,2.17321070037,-8.610356155,-17.9721902054,0.0109833905245,2.51223386408,-7.05458541769,-13.1685392122,0.003137218299,2.54507535618
v2,807f0298,-0.683920469711,11.0338094681,0.0172061387822,2.28785975471,5.6749123946,13.9599608202,0.0157026577726,2.35978488143,8.7347458244,14.584069805,0.0114645999792,2.6154451342
v2,811f52b3,2.55912531017,-5.58123938407,0.00755903552896,1.72246316082,-0.655168433373,0.949184522256,0.00727858650549,2.33393730719,1.28178749206,0.922696702054,0.00996661948172,2.25913449013
v2,81bf5923,-26.5651265683,-52.6910770633,0.0133793655978,3.47566393616,-15.6348497969,-28.1457179219,0.0129943350638,2.66848471855,-14.8066616591,-30.8361278388,-0.00536756238481,3.00003871232
v2,81fc01c6,9.92588932138,22.0847209685,0.0210311569211,2.77306424026,19.8545290424,33.1917908076,0.0214821204998,2.36524689935,22.3487729054,34.9543355654,0.0104251129474,3.22083583529
v2,8255c867,23.3205377542,20.853039934,-0.0188643309135,3.272588877,27.024506187,37.802786116,-0.0204622722714,2.66870779914,23.126700396,36.8623083557,-0.00565646565295,3.21123673203
v2,82aab6d2,-15.5197019544,8.20655246496,-0.0074892121392,2.85413329196,-11.3262481622,0.766313011193,-0.00702949492407,2.37314489117,-0.122278613832,-0.306532465397,-0.0127965506659,2.28717162123
v2,82fcf37c,4.80171267044,8.3898841191,-0.00994938670011,2.02318674548,7.20423641136,7.36479905354,-0.00916158865792,2.52559752054,1.60057171328,2.18354664748,-0.0104524592586,2.27294885194
v2,833af382,-7.82921444322,3.18317662934,0.00820650922372,2.5597372658,1.43699863546,-3.54020251364,0.00588909948679,2.37221283637,0.0147763844647,-0.202786800346,-0.0110067409182,2.28556858814
v2,8382f4b6,-32.1191765653,-52.4982246887,-0.000505611537657,3.60977167609,-26.4717394935,-48.0715266191,0.000159696914446,2.6889098038,-17.1812704645,-38.984110414,-0.00168935337911,3.10821602303
v2,84633df4,0.566283185841,13.6783973829,0.0204850833775,1.74679216678,2.22375421056,8.18389063886,0.0190552788834,2.39027870836,1.83940546661,0.997819238329,0.00934378581821,2.23349085805
v2,8478df29,-13.6933456866,1.25610985338,0.0152568054495,2.71091436442,-3.47918785413,1.41927648597,0.014841312115,2.42993620077,0.499496854774,-0.178341985434,0.00806635498071,2.22459483678
v2,84815d5a,16.9309679188,0.395332663473,-0.0269782737971,2.98549935801,9.31812912948,16.3924458351,-0.0260093834368,2.25347716152,10.720146376,20.8360252831,-0.00863071616645,2.68137832066
v2,84c3b497,8.27435805723,49.0748990407,0.018660791329,2.99375004589,12.7974881559,35.7816119611,0.0185956043163,3.09402821013,20.0549347196,28.9522500441,0.00733733141068,3.11099993717
v2,85380836,12.3417286189,21.7878512598,0.0182735682982,2.71904288048,12.7363572199,22.1953910296,0.0179234390254,2.48279564164,11.6520607576,18.5500474889,0.00543239857202,2.72868263256
v2,8612b37f,13.4973804453,29.4534638779,0.0317873703589,3.02611934671,5.19070930109,3.55148880788,0.0304335710867,2.58678658399,1.37237703995,-0.107603331308,0.0112359242694,2.21677129962
v2,861e71df,-9.2737893617,-20.8106963978,-0.0258153606359,2.52888881993,-2.66701698505,-10.9184994569,-0.0264697449378,2.61515797928,-0.823541034036,-0.788915365393,-0.0113036252889,2.30657393258
v2,86454a6f,65.8288071321,70.1349314722,0.014524744964,4.26638266308,38.3498910213,64.701359753,0.0136591689955,2.27872608581,22.3487729054,34.9543355654,0.0104251129474,3.22083583529
v2,8648abae,4.47177898209,7.73522053999,-0.0216026571298,2.06151172997,3.35800186363,4.24123744453,-0.0217887972853,2.53599262694,2.66653847132,5.73571414078,-0.0156865488932,2.31309329021
v2,865033f8,0.1917289851,12.1599049543,0.00880400061309,1.93734625165,2.05208501666,7.07809078268,0.00871861330552,2.82646396635,1.54232287873,1.02556031706,0.0106326548556,2.2625439584
v2,87695469,-3.11150935313,-10.8169497457,0.00220468170399,2.08586996187,-1.96334766864,-8.30058539842,0.00229963487656,2.64098024334,0.499496854774,-0.178341985434,0.00806635498071,2.22459483678
v2,877ed19c,-2.30705231931,-0.853378631179,0.00204339902139,1.60180689855,-0.611409143958,0.383275176701,0.00405753198575,2.24066117868,1.03468839929,1.27301687554,0.00834864719763,2.22722757896
v2,87aa3730,-6.05773140717,4.12128947869,-0.0214294061706,2.31416618573,-3.75404627625,-5.25548946442,-0.0196946063127,2.27113091858,1.28665875666,0.120890841155,0.00805423866831,2.22245121452
v2,884ecb5f,17.0991552647,-14.5711618434,0.00628614492787,3.04113146226,-2.53938554982,11.2760412526,0.00939151460433,2.47374989465,2.65273115059,3.3717907528,0.0128593650098,2.23947751573
v2,8902c3f6,6.54584392014,-13.4891083953,0.00298236680519,2.28564686852,3.77601876367,-2.2807909969,0.0028953485062,2.44136124178,0.936839125372,1.54972441375,-0.00385574602517,2.25480281595
v2,896d15b9,24.3098831503,45.5261222488,0.030803839796,3.42701480111,12.4933922972,30.539063486,0.0273115240021,3.01316001859,10.0938111374,19.8591910869,-0.00664245190547,2.64576364703
v2,8995c945,15.2220791196,20.0653923523,0.0360725185005,2.89312202415,15.2970142154,26.2549394541,0.0373205722484,2.79289516277,12.2540680878,20.2938829292,0.0142091770874,2.79756839723
v2,89969c7a,2.34853244391,8.89548116911,-0.00385682608279,2.2230366146,-5.47211297917,-3.91403444339,-0.00496815676986,2.45304711568,1.16907235644,1.05745511459,-0.00126081570806,2.24219569368
v2,89f1085d,-26.2911127794,-2.36318991051,-0.0035006596558,3.354472819,-6.6824750053,-13.3778809513,7.31710462129e-05,2.50049719397,-2.68224857787,-7.36591845528,0.00915877886233,2.37568490432
v2,89f36adf,-0.461591080877,-2.09162362646,0.00551706352881,1.70073504241,-0.888405067055,-6.64548054502,0.00511403937467,2.32891714828,-0.00196369568099,-0.863427649548,0.0120127071421,2.23848900782
v2,89fdb2f2,0.518975873954,2.5975217495,0.0114388249812,0.988283172859,2.21111529176,-0.300257173637,0.0130355024082,1.78688286978,0.581787080498,-0.445038751586,0.00853921203533,2.22062590678
v2,8a3da6d1,7.01040060962,14.1726345641,0.0325984977247,2.34298262278,8.23906384537,16.177616363,0.0307692419998,2.85253527615,1.73283222771,1.4209690765,0.00870492747426,2.23806531805
v2,8a89da23,23.034772554,16.4442026451,0.00763397797202,3.22892343039,16.9763526888,27.8334122488,0.00816524034968,2.30357712299,22.7745837273,31.9988887532,0.00634362564004,3.23124580673
v2,8a9c8932,0.942877975552,1.92676096337,0.0162318968144,1.22287193795,-0.710969911282,-2.04071524786,0.0168337326292,2.33412711456,0.581787080498,-0.445038751586,0.00853921203533,2.22062590678
v2,8ac2f237,-10.867965783,-38.8722423614,-0.0020746444392,2.85940835565,-16.494358037,-35.3139636579,-0.00156438639308,2.51174532684,-18.9679949836,-38.7340286154,-0.000267129003407,3.16002631707
v2,8b12bab6,11.5074512801,35.298971985,-0.0119647760858,2.82204868538,12.2817961872,27.4948877017,-0.0109093506638,2.76253335781,12.2921554515,19.8518477789,-0.0038037158634,2.77111706909
v2,8b5be31b,-10.332727433,0.357048369196,0.0131172299382,2.73622193997,-5.02478923041,-7.27046474393,0.0126911243546,2.57295911247,0.0166498764871,-1.24200890425,0.00853638060845,2.26895078091
v2,8b95d6d1,-11.9682033507,-14.7281000316,-0.00711944233911,2.62623198414,-6.48364283803,-15.1118461109,-0.00658597456874,2.34727253304,-6.1687310682,-11.3143047395,-0.00132724891159,2.49887682407
v2,8b9d8326,-0.714270647413,-19.0329229151,-0.0181753711941,2.02584994881,-6.66073578556,-9.88846870457,-0.0185866622303,2.41261875672,-3.56108365881,-6.04395984914,-0.00833966012309,2.40267143462
v2,8bb9c1e6,-4.92747470304,-1.65957389657,0.00487389033431,1.92819551435,-1.07442193138,-3.08228838004,0.00379829353557,2.40668876259,-0.141190000543,-0.72742534137,0.00099306724362,2.27944532574
v2,8bda1a11,-2.32361979602,28.0732929637,-0.0288134882777,2.62904834033,8.82424827894,13.4333475827,-0.0276801664374,2.63924160224,13.6087364084,20.0739080311,-0.0058848190663,2.77671747244
v2,8bfa881d,19.0511738811,54.539799328,0.00651830544722,3.25453854196,24.0865730011,51.0040665707,0.00620882156829,2.51503874914,25.2175803594,35.4778086789,-0.00264264291801,3.29973802
v2,8c167025,10.4266374814,15.0461394295,0.00795276847407,2.62771470848,4.35602241883,5.57524834955,0.00628769697633,2.32553934674,1.2892286379,2.46596105433,-0.00607057655065,2.26181976201
v2,8c8348e8,-3.26770576132,-13.1855274849,0.0164589905416,2.02037085413,-1.67450903472,-9.00804573271,0.0156429942772,2.01735754491,0.227224669125,-0.196358710803,0.00063637797081,2.23298506101
v2,8cc21f01,-3.16143669634,-1.30007981792,-0.0233381872405,1.90097340218,-1.85025280098,-0.936422661665,-0.0236477187374,2.47097953246,0.343193751132,1.03626211886,-0.0126371001819,2.27111963137
v2,8cc800b3,-13.2281371655,-4.06436950293,-0.0512562623913,2.70100084134,-7.17338987547,-10.7674451162,-0.051182907559,2.22600764047,-7.65815924814,-13.8430047194,-0.00957529416587,2.59244264828
v2,8d5d46d7,13.0244152911,-3.76592272484,-0.0087051294513,2.73752346133,3.90737819657,7.09647236044,-0.00832003491825,2.34204043655,2.73521499392,6.15151501413,-0.0173193924008,2.33144436301
v2,8d92cb49,-4.54222346057,-16.3978996516,0.0117481926669,2.11162013569,-10.0962216267,-14.0882689637,0.011275966466,2.50230165751,-10.2801616451,-19.3790420581,-0.00197587033649,2.71213484593
v2,8f201368,29.6339155773,6.71554431562,0.0255248015636,3.47132938339,14.9894868151,33.8693469442,0.0251041018271,2.70272333585,11.8282192123,22.0816695855,-0.00580936929921,2.74799207041
v2,90386ee4,8.29030989583,4.39595065169,-0.0280674289156,2.41170445027,4.8127000994,7.03272117253,-0.0271168375372,2.50976325726,0.950301113541,2.41255482993,-0.0142843042736,2.26147499076
v2,91abc4c7,-1.88215800273,8.58853783394,-0.0484183939471,2.08279091971,2.13639698634,-8.91676526951,-0.049022753788,2.61688956064,0.324545237812,1.81775343196,-0.0156434043756,2.24775807045
v2,91b301ce,-11.8347671233,-101.519872507,0.0453618673082,3.59223299755,-39.4597321394,-77.2215004521,0.0468994373243,2.65656303191,-19.1058682342,-39.0796315551,-0.00281025136763,3.18054508095
v2,91db7070,34.4789221704,72.1166922371,-0.0169031801788,3.73307519697,30.2312319347,47.826106156,-0.0155767612462,2.86057597967,25.4187207128,35.6780895983,-0.00602845058423,3.29863715353
v2,925a7cd1,-4.05118441443,0.116187770503,0.00593904102442,1.72500761919,3.46772882957,-9.0137483483,0.00563487983775,2.22470409833,0.581787080498,-0.445038751586,0.00853921203533,2.22062590678
v2,9283ae69,2.66566894097,-6.47188885522,0.0220084278928,1.97036362204,-1.45742093675,-0.0410441326643,0.0223838568014,2.30073442973,0.581787080498,-0.445038751586,0.00853921203533,2.22062590678
v2,9298ad5b,7.79057517659,-3.53544529772,0.000925384432801,2.64546424454,-5.2606132147,-8.4814068298,0.00087846284593,2.35615665467,0.519559004689,-0.41646288074,0.0074385587332,2.21869303345
v2,9314ff13,-3.07708879185,2.22843029859,0.0385946171955,1.82290532446,-2.87837929529,-9.24564824964,0.0395530927012,2.27163034845,-0.00196369568099,-0.863427649548,0.0120127071421,2.23848900782
v2,93209a3d,12.4303342559,-0.440581105137,0.045586489426,2.68499307078,3.73324882519,1.59269397161,0.0443744730048,2.67814157012,0.581787080498,-0.445038751586,0.00853921203533,2.22062590678
v2,939d9c34,-4.7473573809,-15.9381229974,0.07568010552,2.81714863419,19.414508526,16.393012578,0.0748477098791,2.79188545341,14.7554744264,23.7315221731,0.00900641079633,2.88794089611
v2,93f5d2e6,-13.045310214,-46.4846461907,3.03586525807e-07,3.04954379439,-20.0405510099,-43.4740117845,0.000223121623021,2.3743881774,-19.6328203357,-39.8720139684,-0.000987043371495,3.18926933972
v2,940a48d9,-6.74250063083,-17.2902088517,-0.0268576671735,2.40363163217,-4.47876120403,-12.1302701811,-0.0248743266882,2.49089477569,0.714768759744,1.72090445005,-0.0104806594782,2.25075022272
v2,940e709a,2.2708781362,3.79508776492,-0.00333099759826,1.73200169012,-5.0739124196,6.81096273493,-0.00346162144428,2.27868143811,0.920649807279,1.39363418083,0.00676667511827,2.22701013667
v2,9426ec1e,-10.7388586098,-17.1079691298,-0.00778357565678,2.57103948616,-7.58390467574,-17.8926092643,-0.00453957441209,2.17312964373,-7.46426420437,-16.4080606073,-0.000667087656435,2.59436599913
v2,94467f50,-0.644438220758,-5.5653426884,-0.0283293178261,2.17422039548,-11.963123582,-25.0460979201,-0.0294395167121,2.50008522709,-15.0205848708,-29.7231205775,-0.0107303454538,2.99816121566
v2,944f36b9,5.71198920086,-0.585462424557,-0.0056646390038,2.01664495019,5.73818708749,2.20936585528,-0.00639212398832,2.26812082481,1.87502955782,3.30226932741,-0.00754196800007,2.27896970685
v2,94d813a4,-29.4218836394,-72.2129797599,-0.0238511480969,3.63048050368,-23.9796193884,-49.1486070878,-0.0238923268435,2.61572626586,-16.3477116492,-34.8934987272,-0.00703812149551,3.04712618461
v2,95b559e7,19.188960859,13.1035947321,0.00355934194471,3.06261300897,8.25260342445,7.8055114855,0.00354601528718,2.31208413839,3.15671668327,3.75627154367,0.00735571279191,2.29521777476
v2,95c8427f,-25.6563567482,-0.890680290474,-0.00257703926132,3.33987810723,-8.41690015038,-13.6364764745,-0.00258460144762,2.56347353929,-9.11204054863,-19.5802654126,-0.00202435698177,2.6752938005
v2,96936c22,0.206616855946,7.85281858784,0.0128513491496,1.62527687985,7.63395308268,11.8763342566,0.0127479949158,2.16465081764,1.54493458374,2.27659079402,-0.00139462006082,2.25367897503
v2,96ae5806,-6.05112003253,-11.9183321922,-0.00793922853456,2.24608553703,-1.19927692142,-4.98441448295,-0.0107499950135,2.31006504308,0.049665852728,-0.343937049779,-0.012281070095,2.27826988388
v2,96b7eea1,12.1006555863,-0.297274188362,0.0119795144722,2.59563201251,8.71157394104,7.00732690544,0.013684557854,2.94692885388,4.34581105908,5.47775392042,0.00998055337828,2.34212024123
v2,9719aa04,3.50752001642,8.05142676623,0.0121362726776,2.08896646714,5.50923677673,6.95383157657,0.011279609508,2.2180595743,2.09044687741,3.55464276997,-0.00106440217077,2.27749576025
v2,974802e7,1.48711278453,22.3972708564,0.0101808492268,2.6949727724,16.4972871186,24.2655047313,0.0111906203985,2.4359369581,18.0817106261,25.3232768026,0.00806610248323,3.00432034524
v2,97cd5bf9,2.30832125254,26.9048414083,0.0183197203998,2.32961027007,7.70764806569,17.5138880581,0.0171572542282,2.39231159303,9.17210947946,13.6715339258,0.0113497230269,2.57549611233
v2,98177ced,0.448193629506,5.75278584536,-0.0417316622229,1.91395732527,-3.88333322249,1.36659333259,-0.0411384995472,2.16718545958,-0.174511232754,0.477647265995,-0.0150457059521,2.23245983748
v2,9896fc0b,-8.24726842837,-35.2277150814,-0.0209419154414,2.82225747954,-16.9205380453,-42.4771169231,-0.019939417828,2.38097264101,-16.9609460144,-36.9337090221,-0.00527273061049,3.08426625478
v2,98bc6f66,16.4842503711,0.931528156207,0.00788303969791,2.92559903044,-0.447120986557,-1.90537879895,0.00822525250079,2.43546881265,1.16442213131,0.519521906917,0.0101584672018,2.25773019741
v2,992c99e8,-9.90011011419,-31.5565638385,-0.000813792036898,2.693211268,-9.44212493795,-18.2845430859,-0.000422210212333,2.72246086232,-8.54301878332,-18.6607617166,-0.000872771497049,2.6497619333
v2,992ce078,-3.52491142758,-9.91955687739,-0.0164173757914,1.79589155509,-0.0352540876295,-1.2394770878,-0.0176175876289,2.42972676698,-1.21443159539,-0.964274658058,-0.0184610954194,2.28213013935
v2,99529c45,-20.5546797945,6.44814729193,0.0144490579096,3.12128703489,-2.03180644655,-0.804565825532,0.0137398345021,2.42694011923,1.26282579759,0.0910575440799,0.00909814776392,2.2199491561
v2,995ff498,-1.33526955369,-22.3530368211,0.00421843452129,2.23470341097,-6.65880445992,-15.240753712,0.00417101353081,2.38423403298,-10.1957729891,-18.530418993,-0.00382353347852,2.69998979297
v2,999daf80,3.52432379349,-8.84277817445,0.0399601186512,1.81182765006,1.39407230357,-3.98279183239,0.0403905819554,2.44118461179,1.16442213131,0.519521906917,0.0101584672018,2.25773019741
v2,9a6b0392,-3.58873560517,-15.9412134618,0.00232071799393,2.07619266147,3.74263448949,-23.0900177215,0.00315827595072,2.12867346057,-7.55756274777,-16.1119671318,-0.000215435570731,2.61682099392
v2,9a8ae0d6,-2.3627041627,14.7200601958,0.015017679277,1.93690064057,8.27402306132,14.8887868564,0.0155080506707,2.23693645784,4.07154542358,6.04828470276,0.0037901021844,2.34420258639
v2,9a95e33f,-30.1066883822,-18.7922516157,0.00498292591487,3.50523686912,-7.86333088678,-4.85908138298,0.00584387273511,2.71908901975,0.0166498764871,-1.24200890425,0.00853638060845,2.26895078091
v2,9ab94eeb,-4.64025213868,-16.5360327316,0.0371833347129,2.21982552132,-6.17026828442,-14.254094448,0.0367824722515,2.22661658338,-7.41642123168,-16.0951751969,0.000516932608007,2.61854675196
v2,9ad5410a,-6.09666587396,13.7967188304,0.0108297103642,2.28078695544,-5.93458278264,-0.38142312761,0.00861740766307,2.97562871593,-0.501389784312,-0.969969963846,-0.00519694896601,2.28811246328
v2,9ae248be,-5.26933029786,10.5637585405,0.01938901997,2.20904378172,5.56805928112,12.348611036,0.0182085381102,2.59720784409,2.45816254441,3.71831552214,0.00127584236165,2.27551826636
v2,9af1ffd0,-12.4998099291,-41.6414233765,0.00266797673486,2.9511560448,-13.9350258348,-29.9115393579,0.00283295481863,2.20976747931,-12.9164363798,-27.1120529003,-0.0015662029898,2.87032172625
v2,9b5b61c1,1.71734996385,1.98138794133,0.00705200178091,1.86097177147,2.53215616563,6.02553739231,0.00688227590829,2.4245086207,1.73283222771,1.4209690765,0.00870492747426,2.23806531805
v2,9b9e3b49,-0.78280382962,-9.58394221514,0.0168775473079,2.18871307624,-5.70819330182,-2.52829869954,0.0158936950237,2.48906928232,-0.57704252187,-2.26846375298,0.00717636520193,2.29003675238
v2,9bd2bba3,14.8856244119,2.92437471434,-0.0197309917119,2.81380788625,7.18029797506,1.11785053903,-0.0198074770073,2.51362879839,0.886151059676,2.02645105088,-0.00907385321456,2.25860963442
v2,9c211c53,3.33952787337,-10.8207050148,0.00728114437013,2.01042722466,-5.103318008,-8.81793924391,0.00811798650077,2.30327119128,-1.14242105664,-2.83417373132,0.00605934359163,2.30289175394
v2,9c350a6a,13.2714325843,19.2140449498,-0.00780145280317,2.91223906091,-1.05003777163,-5.85680367619,-0.0106918764114,2.3728511716,-1.09384183008,-1.21379278146,-0.0100528215262,2.30735061466
v2,9c8375f7,-0.727237343494,12.3805021097,-0.0215711273923,1.9340047126,1.84406352777,6.00738002142,-0.0218855377862,2.56703788344,2.32144633011,5.51240864422,-0.0180346627449,2.3208979451
v2,9d072e4c,5.95755433718,20.2943225499,-0.00325205513837,2.39705898402,10.7285922291,4.26192895393,-0.00306875877198,2.71001488687,2.45495287885,3.48081038926,0.000302992985805,2.27999518584
v2,9d3ec64c,-7.42470402299,-0.101149317972,-9.55558632468e-05,2.32119846712,2.56601821369,-0.00952274141644,0.000840228242418,2.37385919279,2.65171939106,2.97876194503,0.00901747280073,2.28835990352
v2,9d4272e3,16.4920322581,18.6356713966,0.00462845831585,2.93216998793,15.2296913227,23.3416310628,0.00347243061094,2.33637679481,12.9171740564,21.2528420273,0.00576137201344,2.80334351447
v2,9d5e14d4,-25.7025444444,-39.6694530642,-0.000840081475006,3.38585212761,-19.4298527813,-30.5229818414,-0.00173585561432,2.565360756,-18.1864169317,-39.9744802293,-0.00139162887869,3.16620190778
v2,9da441ba,14.0745063116,-0.116350556754,0.0240884772503,2.81051832399,11.3723310421,9.60292043318,0.0215392144498,2.32283641506,1.62542508509,1.48503234402,0.00643711905901,2.23772053843
v2,9dede370,16.5539590281,20.4791995674,0.0113656539347,2.9794059544,11.1725027042,16.9603067681,0.011998510486,2.60115563447,12.5129585934,19.7471259845,0.013473534148,2.79565152656
v2,9def2eb2,2.77333499917,-2.44751201681,0.00355575405761,2.11064860428,5.20558181849,4.76767230757,0.00467076305256,2.42435371203,1.80245412311,1.61412428215,0.0108573278669,2.26986515737
v2,9df1b1f9,11.8345926399,3.98932273657,-0.0322072258419,2.60950123792,9.32145179575,8.30551533107,-0.0332595954803,2.67997095319,2.11337895699,4.88732539302,-0.0184448283954,2.31239567669
v2,9dfff011,-0.947754109747,11.0436052263,-0.0638653266423,1.76575246502,1.57230313618,6.0002943048,-0.0541988606646,2.38862246752,1.1188983629,1.87114912546,-0.0149824371651,2.27679295239
v2,9e3e364d,2.10326806527,3.95719936833,0.00700989044334,1.62870451838,11.4162389928,10.5118226515,0.00608660075895,2.25274196627,10.2749158007,17.1246958008,-0.00873777412656,2.6420022048
v2,9efc812e,4.57383370786,6.42189864265,0.00518752365334,2.16871339722,-3.41018406706,-5.21149941418,0.00304018658071,2.78266616521,-4.88237640286,-7.18948402783,-0.0165841153248,2.45090012169
v2,9f0c7bae,6.92672698662,6.36291106888,0.0339246044723,2.18585556496,7.18209214216,9.56288301017,0.0339203466594,2.20703626712,1.65054200199,1.68766584265,0.00823207041964,2.24203424805
v2,9ffce529,-5.86441097467,-26.7934329188,-0.0519197398222,2.4919549267,-13.029391906,-15.8460714288,-0.04958125597,2.56439693557,-11.0854362331,-17.241982219,-0.0171166737593,2.70225132427
v2,a0383629,-6.88866083676,2.47205079267,-0.0114908137981,2.24243430353,1.2726885803,-3.09678684377,-0.0110251514542,2.37309563596,1.28178749206,0.922696702054,0.00996661948172,2.25913449013
v2,a056d01e,0.0526978801274,-3.80555416287,-0.00135841799977,2.26011707805,-10.191318327,-25.7553188308,-0.00201800414796,2.62879694326,-10.2732502287,-19.6811408791,-0.00214979975831,2.71735359375
v2,a08d9e63,18.5447137042,-7.38073747084,-0.00247538645468,3.11185106691,6.68811215646,19.9025210507,-0.00389620428469,2.54996956787,3.18733385295,5.69068887446,-0.0101271345979,2.3222048887
v2,a0b83014,16.1893147964,1.7209167882,-0.0116208616523,2.91876693717,4.95259792011,2.75986719643,-0.0121358848909,2.35832589983,2.3586019584,4.41781243404,-0.00883159880066,2.30201113897
v2,a0e92ed6,-1.05761486624,-20.4775943755,-0.00214233861393,2.20987120035,-10.6813074428,-14.3294505971,-0.00299353024131,2.45513312385,-8.50058803433,-17.3200471701,-0.00770235615401,2.6307294644
v2,a15bc102,1.56940358467,4.62309468548,0.015344125857,1.2750634813,4.37041504194,5.29141108712,0.0139004946166,2.33168831389,1.69732707939,0.429935819285,0.0103243962658,2.22498306941
v2,a247e7cf,-1.63436376454,-10.697085675,-0.0199738150449,1.64888269596,-1.84676399407,-2.58659536931,-0.0201235435352,2.50679050375,-0.538557903567,0.398992176736,-0.0157598059638,2.24274651337
v2,a2e8e7f6,-2.16188655462,30.5626209433,0.00293103217185,2.45945467393,7.74716258648,20.7788469508,0.00155734425929,2.54714005056,12.0456690197,19.5584642751,-0.00504242001668,2.76036812924
v2,a3518960,-4.81020535535,8.18854954779,-0.0483555081687,2.09194749749,5.22505252215,8.77028804905,-0.0474866945432,2.19433157418,2.74382175405,5.91389961819,-0.0184128047646,2.34115461472
v2,a3f71395,-9.93482229839,14.776512422,0.0003230881265,2.77816038314,-4.64861520906,-1.86684187765,-0.000790653621856,2.59162058458,-0.142035820935,0.210802177818,-0.00394207588807,2.24353983489
v2,a4719920,2.89800815772,12.6655327403,0.0064967798345,2.10479868997,4.22941620876,2.78707380643,0.00605182535315,2.36655811069,1.66131260702,1.59733234726,0.0101249596882,2.26813939933
v2,a48640d9,20.8741129744,7.11389170794,0.023190036822,3.11912676976,9.38653282308,9.05548801905,0.0199421225244,2.41606034311,0.992877774519,1.53235295708,-0.0050327655034,2.26411933993
v2,a4cdbb0f,-0.841464258262,14.2155737528,0.00143028550978,2.49733093447,-1.46033361754,-1.29937927553,0.00141696546748,2.78102670691,-0.736309843952,-2.22820686799,0.00307528827748,2.29172584529
v2,a4f989c2,-9.15071494893,-1.40007673252,-0.00488465797393,2.44917468882,1.49296850939,-9.85249071154,-0.00358021424381,3.56157057592,1.20410462143,0.183460273711,0.00799941483468,2.22215677391
v2,a5aa7973,-8.48812391681,-36.2773338041,0.0026461865384,2.71864577292,-6.84614014345,-21.7205936987,0.00428307056625,2.4605926269,-8.05354946217,-18.0352108115,0.00048177930652,2.63251273661
v2,a5e6f7dc,-4.04253142149,5.12626250899,-0.0215940146331,1.99481164414,-8.22705347865,-11.6246826695,-0.0206942249828,2.30618147184,-2.17996242736,-3.63727835728,-0.00795364946022,2.35213456639
v2,a612d5a0,18.2031469319,9.11987937713,0.0210454081969,3.0084955414,9.40901259315,8.63759530759,0.0211291807049,2.40503401149,8.0186820587,10.0273061137,0.00891005457772,2.50491251444
v2,a622ce4d,12.2339806288,-6.28066574657,0.000572207264569,2.72366746858,4.60772988029,0.154419138265,0.000553651273215,2.30955988559,1.66131260702,1.59733234726,0.0101249596882,2.26813939933
v2,a645da9a,1.81373374733,-27.1891332987,-0.0404711268928,2.29768235228,-2.79651887434,-7.09209931222,-0.040177249933,2.41356602246,0.0910911091191,-0.127776127577,-0.0134158914595,2.28353189065
v2,a692b17e,8.71777061133,16.8225802658,0.0199620925065,2.64887055381,1.00232866809,10.0077595186,0.0186183426131,2.19928683878,0.849393230422,0.00199152270157,0.00859295044606,2.22479424999
v2,a6b8ac67,6.51213643866,23.5592558148,0.0136222625537,2.47451132861,6.30979342828,12.6062651413,0.0143301065736,2.53443540582,5.35713800515,6.42272116695,0.0122750140745,2.38758669505
v2,a6ed2eff,4.15260473934,0.446401440126,-0.0331395821703,2.26515139282,6.64863171356,12.6748083384,-0.0322592469361,2.32347475676,2.64074015659,4.92057842906,-0.0104287627268,2.3026317083
v2,a6f967fb,-12.5520856531,9.04489519322,-0.0566354448377,2.69211146692,-6.90606469843,-1.39772450453,-0.0568007388757,2.50729482864,0.0910911091191,-0.127776127577,-0.0134158914595,2.28353189065
v2,a76db406,2.48500856164,5.37330829393,-0.0595192537163,1.54848127181,8.68527815756,16.2759309513,-0.0607128435933,2.46818977428,9.7424963732,16.2161352949,-0.0109063207908,2.64764162945
v2,a7744f5b,9.47903129998,27.9708751183,0.00127562408687,2.64510675517,8.57377941587,20.3830898179,0.000842831524063,2.31982371353,12.2989012611,19.7629395819,0.001210625932,2.77461937029
v2,a783cc24,-22.449454738,-49.2885604376,0.00280003963909,3.32234289621,-22.5542927982,-54.0984412639,0.0034746532676,2.39528098225,-18.5511681441,-37.8763702576,-0.00349008315003,3.1508705988
v2,a79fd2e7,-8.43744550409,-11.1636793494,0.0367153391365,2.59333804814,3.36012398369,2.89077495446,0.0347541640682,2.38875394177,1.16442213131,0.519521906917,0.0101584672018,2.25773019741
v2,a7fc3e6b,14.9880982368,11.1370885101,5.4482569019e-05,2.95227813877,1.57109410696,1.6302278342,8.90853402876e-05,2.2552250548,1.96809548734,2.42014039799,0.0117921613056,2.22864228078
v2,a85bb86f,6.29073249435,-3.89775762421,0.0579849152481,2.1831144638,7.65585759738,2.02250957463,0.0560419677628,2.55720377106,1.45268817689,1.62728507637,0.0144726136972,2.21585140153
v2,a85e4bc3,-4.98693080114,10.9850414237,0.00778820736494,2.36447747145,-0.597307299471,-0.850451858873,0.00828743853432,2.23197604723,1.49985421866,1.53775454595,0.0138045830646,2.22099235912
v2,a87433c9,-7.91225135466,-2.4393060501,-0.0109625443617,2.35899931194,-0.370575457516,-1.0834842372,-0.011336308741,2.2932913308,1.28748765951,1.52234263299,-0.00938262157279,2.26493917065
v2,a8ed028a,17.5125532683,3.83858339672,-0.00234132597368,2.99795585509,6.80568922551,14.0021547519,2.71529243106e-05,2.4187726154,9.24015105855,17.7735857711,-0.00725184852729,2.58559822907
v2,a959858c,63.6659218892,34.3999010599,-0.0910723838377,4.19507425702,50.3788591271,61.5004506138,-0.0872660668689,4.72254177368,19.2865881621,32.7022950924,-0.00644584218915,3.08202278775
v2,a9c9b150,-0.098575012543,-1.32065359684,-0.00850499588676,0.771510835218,-0.249582919993,0.121397254938,-0.00834096155897,2.41834511396,0.758567749646,0.588862110317,0.00232102735374,2.27428587229
v2,aa95015b,9.46732093023,9.31191677219,0.0120666062674,2.5435725141,8.24041786994,3.82775609894,0.0121377900878,2.27588424825,4.25911540543,5.49984803056,0.0110746048763,2.33470137314
v2,aaaf3c03,-1.96067067067,40.1787023181,-0.0133526457619,2.77755090469,5.00359995301,16.0779455546,-0.017654453371,2.20958850132,1.1188983629,1.87114912546,-0.0149824371651,2.27679295239
v2,aaeffccb,-1.89717920354,3.34091952383,0.0311385892832,1.75026481677,5.75568725401,7.60711685612,0.0300814797724,2.39633603255,2.60556510882,3.46132128322,0.0135273956424,2.23433655814
v2,ab112491,24.3997242044,15.424656959,0.00169462097207,3.37430695262,9.85032597574,26.5504822204,0.00235114025787,2.47587929792,14.2232837961,23.2214870958,0.00575144664339,2.86218128444
v2,ab18d3fc,-12.4486845803,-34.7187431657,-0.0045904779364,2.86777905354,-14.1784494131,-28.6134314715,-0.00333656539215,2.49633720672,-10.6218350993,-20.5086199592,-0.00315455859813,2.74070738095
v2,ab3ced07,-6.24644,1.88248739259,0.0351359791892,2.37931688956,5.80961692763,2.44488178627,0.0337941350306,2.691234865,1.66909541933,0.326214838088,0.0121451513829,2.22301606647
v2,ab6fe95d,3.83488617738,12.1130163123,0.013907156667,2.03856494147,4.79650385201,6.75578114549,0.0139370847987,2.4313008028,1.944558008,0.725270678819,0.0122584083452,2.23084805705
v2,ab94878e,3.82175716189,-2.6281829538,-0.0361596114569,1.95872345693,2.75303720762,-2.26532168346,-0.0337262592846,2.37356024856,0.785484147347,1.82084399654,-0.0122081555868,2.24761378698
v2,abf460d2,5.91210133665,19.0700075365,0.0230626722965,2.23547015175,18.2619985922,20.735135096,0.0223223568411,2.29980748649,11.0978274539,17.4177392285,0.0103448549115,2.69431291836
v2,ac6f01d5,-12.4391706635,-20.7622130651,0.00436621725679,2.83100677614,-2.45013029103,-20.0920451951,0.00341910072015,2.67056593538,-6.81032369316,-14.7185370795,0.00110596088654,2.58253861918
v2,ad2133a8,-24.3827509164,-4.42896192514,-0.0570344085692,3.37033255637,0.995402883057,13.5181449708,-0.0573455536588,2.66629756928,1.81340084531,3.50029214871,-0.0111500673978,2.27866752582
v2,add9c322,-11.4091531027,-6.87627067082,-0.00143966913002,2.5875222168,-5.97836259535,-5.02017926338,-0.00132750951641,2.44697929498,0.536608013683,-0.409551354913,0.00737205692222,2.22221400049
v2,ae069086,-8.28477777778,-12.7823472183,-0.0189579725018,2.74634211286,-11.0922338437,-11.9651092794,-0.0178122047081,2.56831059403,-0.353478037462,-1.39459071741,0.0051722615252,2.27842033679
v2,ae0784a8,8.91897353956,9.34028444127,0.0098160941839,2.47463533821,8.17939605014,5.11016620566,0.00868532996865,2.34893730824,1.63780616271,1.61935434482,0.00791429004981,2.27203423735
v2,ae35f33a,2.83387191011,-8.90171670146,0.0102960988869,1.80749713757,3.11503221813,-9.09568308144,0.00922291729165,2.27953953477,-1.1745829423,-2.51359706958,-0.000743949170112,2.3205400574
v2,ae8959c3,18.1089464365,25.2268263113,0.0106939436782,3.0334138108,12.2332806432,31.7101121975,0.0105880985295,2.53126160777,21.2302113214,30.6040332472,0.00494802389742,3.15967622112
v2,aed44918,8.24302317028,7.73728703243,0.00380653430657,2.35029890533,3.67318406696,2.33158639227,0.00326989697482,2.42498996702,1.37237703995,-0.107603331308,0.0112359242694,2.21677129962
v2,aee6393a,3.23974083546,7.03510454019,0.0162791054917,1.73442758035,2.23814770404,1.68808500019,0.0136014666719,2.49835165852,0.464914712414,-0.11432460669,0.00256487886127,2.23363551854
v2,af7a59ce,-3.45691468254,-2.69300497836,0.00127988109329,1.63218907642,2.51283309078,3.378312197,0.00156489267719,2.45603867618,1.35164702382,1.0533161959,0.00457438074059,2.23322469285
v2,aff4e561,9.6311085297,10.2230147674,-0.00680627737147,2.47249108237,11.3112526871,12.680535567,-0.00622564224179,2.56132639943,12.6846690029,19.2412338764,0.00582624663031,2.78222241737
v2,b04b58a3,5.34544973545,-12.9049013916,0.000290308204527,2.64323910006,-1.55538254601,-4.74166408456,0.000372206442269,1.97612010113,0.0896599204653,-0.157650627366,-0.00162351390723,2.23289052515
v2,b0d42b0d,17.8991088312,-12.1897482729,0.0300471849443,3.03482043077,3.63149338429,-10.4488071008,0.0290865803062,2.51716866389,1.36797833897,-0.18149101543,0.0120127702909,2.21730635509
v2,b0f53bf4,-6.97197096189,-5.16442562013,0.010919223786,2.32545438801,-0.714821891183,1.74811529354,0.0113912681724,2.3161663621,1.16442213131,0.519521906917,0.0101584672018,2.25773019741
v2,b19b0395,-8.09266471701,-8.84487420015,-0.0402557226211,2.40199936094,-11.0022655653,-8.12465571503,-0.0380705723975,2.66315596064,-6.41560369309,-9.49833773667,-0.0181672072645,2.50123549513
v2,b1efb8a4,5.3679393131,15.16336473,0.0021535400005,2.2519975417,1.67888251084,3.75153720981,0.00210921271766,2.46188265932,1.10365989085,0.812167606873,0.00466914120545,2.2664812174
v2,b32902c0,1.10968487395,13.3158453497,0.00724743268409,1.81733241246,9.07497293552,20.3620041049,0.00555484266056,2.34581711686,11.1736663327,19.2759257834,-0.000322023123765,2.73734663978
v2,b32e4903,1.16985615251,9.9444760088,-0.0242399773789,1.92628434605,3.31859797327,13.0258648561,-0.0225252035904,2.29659909999,0.977660561921,2.77794743881,-0.0117300428272,2.26833928099
v2,b3388334,-6.75586842105,31.6182318503,0.0214962130925,2.72327416744,8.86093034016,19.5036539624,0.0247410203041,2.82952147264,12.3111703646,17.857619546,0.0105543733752,2.73544895592
v2,b37fd114,20.7529310134,31.8909337713,-0.000808748017243,3.25727967373,7.91752436737,15.5773755546,-0.000157765986532,2.67206001847,11.3033878723,16.2867341783,0.00255118088698,2.67451558056
v2,b38e3116,3.27253582354,4.58675529042,-0.0145768791711,2.00207967702,0.73080999831,0.344014578729,-0.0144102864877,2.53735617761,0.373721444515,1.50579313568,-0.0145299423279,2.24793328881
v2,b4d8dd4f,1.05958440948,43.8655167483,0.0556155742397,2.89582457669,12.0842283894,29.4330631236,0.0554608525814,2.74791239783,12.7960141406,18.4957706347,0.0111752792882,2.76264158768
v2,b4f37e6e,11.563967246,30.1257691767,0.0410899835677,2.76939316165,17.4264705978,28.1511686065,0.0405914420289,2.60120993483,21.5225653537,29.331921106,0.00671467989415,3.15377763521
v2,b56bc0aa,7.90101570868,0.947864187996,0.0486311261812,2.28121110347,1.48490205111,4.61423368456,0.0480913004549,2.69220968878,0.499496854774,-0.178341985434,0.00806635498071,2.22459483678
v2,b585b4fa,-4.15483465301,15.6605150582,0.0262331726532,2.39551223686,-11.1208495724,-16.1188586367,0.0252132775212,2.39769997256,-9.92360995253,-19.5438116907,-9.13131294337e-05,2.7080677813
v2,b5aa9634,-6.98763581764,-11.2759715332,-0.00639366192007,2.52402015972,-10.8629510768,-27.3192460308,-0.00638455971748,2.41178496781,-15.9639981834,-34.0871208123,-0.0044142729505,3.07303064453
v2,b7974e66,1.28785534365,-1.33574479943,0.00573764260003,2.07605631736,-4.19056219934,-0.812728984139,0.00585294151932,2.6887664335,-0.166106490203,-0.760020496217,0.000476426730707,2.27353443443
v2,b7cdcecb,7.33551070039,14.7927991328,-0.0232434378707,2.32965063735,10.4614460095,11.8235038284,-0.0225989265113,2.56027148402,10.2233211916,19.6683913807,-0.00676326122147,2.65513192542
v2,b7fea9ef,-10.3127211588,3.10207818394,-0.0103555835466,2.49717069179,-1.85547752901,0.50170956472,-0.0099903778233,2.38398116794,0.714768759744,1.72090445005,-0.0104806594782,2.25075022272
v2,b85f7b06,2.77873520905,4.37016012595,0.00301456646623,1.51948369012,6.03545296472,6.67100196524,0.00399067897903,2.36636245661,1.62542508509,1.48503234402,0.00643711905901,2.23772053843
v2,b881d27e,17.9941481666,9.72090221192,-0.0304495568989,2.98493188167,11.8857790804,19.1317385538,-0.0301077502138,2.55533764742,13.8334071642,23.0237518226,-0.0134968853683,2.79885537163
v2,b8c49c1a,-1.78470710813,19.9576055736,-0.0118261598645,2.22537507037,0.943594511377,5.43385254747,-0.0123475446438,2.31045000124,0.277058188926,1.0411443541,-0.0127884850956,2.23289642663
v2,b95e7121,1.93262448462,-0.415036507395,0.00234826059213,1.48624375766,4.87059276493,0.249518284574,0.00046101623569,2.58201890799,0.946624443623,1.55582470686,-0.00346009656421,2.27707863259
v2,b977be4a,0.231984113572,-50.8013445727,-0.00635597946168,2.97442547529,-1.87333635032,-17.1164871406,-0.00587942685527,2.5106452208,0.581787080498,-0.445038751586,0.00853921203533,2.22062590678
v2,ba48188d,-38.3416466635,-113.847666263,-0.0079668430222,3.95003534026,-41.1508847969,-90.2509351038,-0.00962094926252,2.35773746473,-15.6180694951,-30.7455281308,-0.0104973200741,3.02586904302
v2,bb2cdd83,-0.410308496733,6.7869783422,0.0248371712587,1.39070314744,2.2240493589,2.3042228314,0.0250115370661,2.35092247061,2.64979412243,2.837056457,0.0113129820758,2.28381641408
v2,bb337fa0,22.4812803725,12.7601851624,0.018990024707,3.22222306745,18.622054444,22.9186715026,0.0202867649163,2.52945097657,22.3487729054,34.9543355654,0.0104251129474,3.22083583529
v2,bb682ebd,17.4580357574,27.2059654191,0.00875773822788,3.03832354049,12.8505741709,28.079023393,0.0080014906325,2.75237234354,13.745271174,21.1792244216,0.0139613893887,2.86322517729
v2,bc4381e2,11.8622139253,8.12007980297,-0.0209162348426,2.60995000231,0.958047335559,10.5433868498,-0.0182335363239,2.53301575339,9.80331589814,16.5378726551,0.00212952070543,2.62928760901
v2,bcebcc5f,22.8529610099,7.81055546935,0.0100237613264,3.22849093976,20.4852819321,27.4094312594,0.00997109961657,2.409031437,18.8887896582,31.1306443608,0.00741645676767,3.07538978167
v2,bd2c2f34,0.749251756084,1.22707337794,-0.00457809146488,1.89665111628,-0.652587408502,0.651174850176,-0.00427176740142,2.68859351964,-0.00966939330606,0.278839619576,-0.00455139806816,2.24364443634
v2,bd4ae5da,-12.8596144626,-10.8629684618,0.010139338777,2.71153955066,-6.58297596621,-10.0575143462,0.0103065682627,2.70138555295,-6.1934230491,-11.7680284555,0.0040073154303,2.50796953063
v2,bd6f0e19,9.28066342412,9.5269710983,-0.00125615810418,2.40857889413,6.8593042256,1.66534868367,0.000547478568628,2.21824311015,1.944558008,0.725270678819,0.0122584083452,2.23084805705
v2,bd8f847e,2.45841564201,20.9290713953,0.019426172279,2.12700975782,5.02414752185,9.37441120484,0.0167584005815,2.43302985873,1.83940546661,0.997819238329,0.00934378581821,2.23349085805
v2,be063506,-9.03810666667,-0.534367491669,0.00999913709684,2.36892366616,0.635229548423,2.40181708561,0.00865737363947,2.65810657903,1.16634739993,0.66122739495,0.0078629579267,2.26227368685
v2,be35c8f2,0.871341694273,-11.726892064,8.31359876154e-05,1.73602389891,-5.24595766803,-11.928148435,0.00044525084438,2.41801288853,1.37237703995,-0.107603331308,0.0112359242694,2.21677129962
v2,be83e781,1.6237286557,-2.84896716555,-0.0278232762273,1.42402293271,7.20763520879,5.82328026476,-0.02618316865,2.48125594417,1.29834478061,2.81670082712,-0.0133507174699,2.2569478911
v2,beda8696,3.0063988498,-15.7777310532,-0.0236495684586,2.38139213443,-11.9782059606,-22.5287024039,-0.0228055170203,2.45111181636,-11.1941035975,-19.0335629771,-0.0094874407054,2.72547960423
v2,bf39bc20,0.138410535876,-7.95504114683,0.0223317162676,2.2409020324,-7.71686502111,-12.9895287869,0.0221144726292,2.46108528479,-6.57190287825,-12.6470518043,0.00243416603714,2.52219626897
v2,bf70b410,-12.2646132031,-40.204419101,-0.0145568965084,2.99173829444,-18.8458054075,-35.6719231186,-0.0148791178226,2.58261205388,-18.7677529506,-37.30531494,-0.00486210056953,3.12903578098
v2,bffe3082,9.89436833828,41.8304873783,0.0145707862128,2.86783742458,14.1218684972,29.6557968388,0.0141233123939,2.43823532847,15.2596217797,24.4992898438,0.0079094147274,2.91176335726
v2,c03b9305,3.43139365452,15.197439536,0.0162637707315,2.09397506763,8.13343893904,17.2180642642,0.0162801927529,2.34222421674,11.3967473714,19.1589150314,0.0130938415995,2.75572124776
v2,c03d4aed,9.30344106874,-5.31175540378,0.00504298077578,2.60882595546,2.91341498779,-0.399099159193,0.00375593689676,2.31407521962,0.70197523702,1.8875923538,-0.0119258055774,2.25070197021
v2,c03fba65,-20.5787753447,-29.7098311567,-0.007450979318,3.1671601945,-14.5291184601,-28.3416469253,-0.0076561982147,2.43065977416,-16.8261834308,-35.315121152,-0.00761459114171,3.07584722226
v2,c07fd0cd,-0.810634693391,5.48300961165,-0.0217978953513,1.61996913535,6.64148501502,4.99670344449,-0.0210585907884,2.17598433384,0.933317101446,1.93692052046,-0.00974188384713,2.26375059201
v2,c1708b88,-14.8091306413,-17.1463925483,-0.0329827910876,2.96035210315,-1.51361615095,-8.27616061739,-0.030069680803,2.4407833,1.26282579759,0.0910575440799,0.00909814776392,2.2199491561
v2,c1d046f4,4.25464901143,-5.4955632537,0.000660449903969,2.1633359334,-2.11663378257,-3.77595936689,0.000743434567412,2.72395333407,1.20410462143,0.183460273711,0.00799941483468,2.22215677391
v2,c2717d4f,5.36089176022,0.675011900382,0.0186676818799,2.24628556733,1.67169861242,8.46896193789,0.0186307655613,2.13694167612,1.944558008,0.725270678819,0.0122584083452,2.23084805705
v2,c2c4db09,3.22502235469,-16.2031473831,-0.0104523865338,2.30541337177,1.1697271144,-1.51746023414,-0.00997033595539,2.29138643082,0.946624443623,1.55582470686,-0.00346009656421,2.27707863259
v2,c2c6fc71,9.64925270403,12.9364195609,0.00118923173018,2.54689993538,13.893160611,6.91317156289,-7.40556611852e-06,2.26946588405,1.88086822506,3.32028253496,-0.00613320836982,2.2818840901
v2,c36625df,-7.07496836778,3.20110850299,0.0128825413653,2.19758062495,-10.5248385219,-14.4071747217,0.0127658175556,2.600711299,-9.53713216527,-18.6286331649,-3.71378643075e-05,2.68500249666
v2,c3957531,1.48971218962,30.3514591236,-0.0059865042551,2.60407555984,-3.04499822086,7.11536932236,-0.0059216280477,2.58679126203,0.432075699631,0.377610483148,-0.0137857129997,2.27970655381
v2,c42fe306,6.04382924436,28.5172620108,-0.0371555460489,2.50791564399,11.2875137788,22.5101401493,-0.0369695325396,2.45802942423,14.0738905414,21.426064976,-0.00253175416918,2.80613024998
v2,c43812e2,-3.97218925276,-1.23576426028,-0.0158781410982,2.08154732403,-10.6728552771,-11.0939323847,-0.01451586955,2.25967901034,-1.24354968209,-3.83317797193,0.005695895876,2.31830670968
v2,c472c0b5,7.32707596595,12.0102416985,0.0141268459587,2.22799957114,4.43329951878,9.64982108525,0.0127123144771,2.26349332909,1.944558008,0.725270678819,0.0122584083452,2.23084805705
v2,c47e0767,19.2720454545,28.8432100745,0.0417431029998,3.11250186491,21.3207390206,27.1157256674,0.0400703889545,2.31253617071,13.439448597,21.5202947542,0.0128733516282,2.8491269727
v2,c50b42f6,3.6782573994,-0.111969192416,-0.0117707259578,2.26220734086,4.85384731349,14.1556241618,-0.0116276740294,2.47999107952,2.89337112116,4.89633387055,-0.0106906447379,2.33314896276
v2,c593337f,-15.9025672043,-57.7114544726,-0.00107460047788,3.21174381379,-17.8830601351,-33.2340892068,9.13503381934e-05,2.60057579708,-19.1058682342,-39.0796315551,-0.00281025136763,3.18054508095
v2,c59b6c4a,-18.3491452991,-33.0032258811,-0.00645189874654,3.08888573969,-18.4679525244,-33.1057501893,-0.00629537975849,2.36570897704,-18.1864169317,-39.9744802293,-0.00139162887869,3.16620190778
v2,c66be2b8,-14.9536446798,-50.5147344076,0.0273304811192,3.14530491208,-13.3326292859,-31.9347264856,0.0295329511754,2.33984541341,-9.92360995253,-19.5438116907,-9.13131294337e-05,2.7080677813
v2,c6797dd7,0.958610634647,-12.626341018,-0.000460440568267,1.92117969829,-3.00434808698,-7.03890734393,-0.00307912540219,2.39982161425,0.373721444515,1.50579313568,-0.0145299423279,2.24793328881
v2,c6b782a4,-10.615232725,2.5028987231,-0.0080447261174,2.62523965854,-7.13260980974,0.821810676986,-0.00581982682363,2.51762301806,1.37237703995,-0.107603331308,0.0112359242694,2.21677129962
v2,c6c96179,7.40880619381,2.58175078854,-0.0116393889067,2.27958745475,4.37057519674,5.4734977134,-0.0108270126841,2.17218249412,1.60057171328,2.18354664748,-0.0104524592586,2.27294885194
v2,c70c0e01,-5.45328153989,-13.1172628669,-0.0297655643711,2.29906902554,-10.7728113864,-12.5592358553,-0.0285827524807,2.34581244401,-6.977171256,-11.8209765556,-0.0101392284714,2.51380594833
v2,c84c65be,5.34140301318,-10.5843367084,-0.0261207314796,2.37382498655,1.21739319715,-3.54046993886,-0.0243615224691,2.97371876297,0.373721444515,1.50579313568,-0.0145299423279,2.24793328881
v2,c8d9680c,39.1036936793,43.8821542448,0.0208264516848,3.7789586808,14.6044564329,28.0299584657,0.0217415258031,2.46911881628,18.913825431,31.0599206774,0.0084324619992,3.07372488069
v2,c908edd0,-2.39408652938,-25.3708887439,-0.00337637342737,2.27880746863,-9.97859949167,-11.7921767653,-0.00323280299269,2.35751706772,-8.01345934697,-14.8509050474,-0.0061080594103,2.6025915005
v2,c9578d27,3.08239803878,7.40990404246,0.0162436239268,2.42540045573,1.84154696637,-4.49161094435,0.0131692584173,2.4444232077,0.714768759744,1.72090445005,-0.0104806594782,2.25075022272
v2,c96c018a,10.9871407954,8.92025593761,0.000291238358387,2.62900415242,7.20025450035,5.82561545148,-0.00157202262974,2.46187858292,1.5140109621,2.44615779567,-0.00383277694246,2.25916469288
v2,c99f9fae,-3.6343405125,-9.85165841675,-0.013739105048,1.85711505866,-10.2818418229,-20.3832493595,-0.0149208443512,2.06858699121,-10.6457555905,-20.1394959505,-0.00945228800129,2.76517249176
v2,c9e6734f,0.384128827877,30.9829351205,-0.000323418134888,2.42572014648,4.87493031773,14.3238370572,-0.00271742818823,2.51210690733,3.17144794322,5.8048351902,-0.00958908724617,2.32918985294
v2,c9e980e8,-7.13835742143,-20.2060960114,-0.0249370013637,2.37413661406,-1.21822768372,-8.5159331583,-0.0266745617176,2.38456134672,-2.18419218468,-3.31293547998,-0.0117438885627,2.35599387591
v2,c9fedcf3,6.78960762013,3.76333221098,-0.00109960322843,2.13673292108,5.00879285894,3.35894992743,-0.00129759754765,2.32500481545,1.93983928825,2.00341640922,0.00495641475935,2.26773453302
v2,cad13e8f,-16.4154022277,-11.8362598214,-0.0619327186213,2.89160966532,-16.0893048919,-16.5221073772,-0.0618544426443,1.78775485772,-8.71053478695,-17.1546511123,-0.0118502715048,2.62555299081
v2,cb34231f,-1.73774469602,4.95209838657,-0.0461195399021,1.85924777481,-0.65744706292,4.08104262949,-0.0445683787009,2.45914252234,0.912612837425,1.9094420624,-0.0121611932074,2.25971222407
v2,cb879f40,-0.411854315123,-9.48997949633,-0.0091448839816,2.28201881641,-2.89575772772,-10.6107436666,-0.00794526086341,2.29424140302,-1.72739772994,-2.43953203788,-0.00706851977858,2.33293774602
v2,cbb406b5,8.57629424779,-7.97027732845,0.00936994306505,2.51486080251,0.671718814463,2.34118054808,0.00929774743258,2.48547898976,1.26156503374,0.932570201247,0.00887894029365,2.26121810673
v2,cbe51de1,11.6606056018,14.6908406468,-0.00967930974233,2.77397538923,5.08011342691,0.186186401542,-0.0104700527039,2.2866962137,1.20387980667,2.13058097123,-0.0050552201381,2.25771809264
v2,cbe62450,15.0649920102,-1.29301925496,-0.00135276526155,2.97588987953,-6.06203794947,-3.54931140389,-0.000767447530706,2.40614767197,0.808522200889,0.754506879545,-0.000121696006225,2.22850368514
v2,cc08aa63,11.2360690287,12.7806723396,0.042623342313,2.6382671062,6.99511919091,7.40493760311,0.040910795004,2.43068019672,1.65054200199,1.68766584265,0.00823207041964,2.24203424805
v2,cc8a1d57,-24.9354293462,0.108459206036,-0.0366790862654,3.35184571516,-2.63771683353,-1.90918182927,-0.033788301183,2.58123659018,0.373721444515,1.50579313568,-0.0145299423279,2.24793328881
v2,ccedb12b,6.25428084526,-20.4106401471,0.0253101076091,2.45178587182,-4.37468922098,-17.81654855,0.0257869644181,2.47677850752,-7.74825275295,-17.1377597038,-0.000140450196275,2.6092502246
v2,cd7f1687,-8.84078449906,-3.90623831253,-0.0192726577347,2.44868886928,-1.03445075866,1.8247152921,-0.0180796612014,2.54413213127,1.08512931585,1.61766766538,-0.0124486290687,2.2730156489
v2,cda7eb37,3.50109660137,21.2725782795,-0.0129205244106,2.401762604,1.18649987568,2.26288594037,-0.01452932575,2.54850043207,0.324545237812,1.81775343196,-0.0156434043756,2.24775807045
v2,cdc31d65,4.0548161157,-10.8054886012,-0.00495964802344,2.13799488126,1.42158429331,-9.33124122521,-0.00494544792371,2.2912300584,0.0896599204653,-0.157650627366,-0.00162351390723,2.23289052515
v2,cdc60a53,-0.725624362027,21.690885866,0.00316360950705,2.23172541883,3.76587158265,13.2845876156,0.00307423094707,2.43726949876,1.21488675598,1.481239305,-0.0015416402905,2.27405700486
v2,ce55ba43,12.3136500975,10.2200508437,0.00826136557358,2.72814359975,8.70833479641,14.2037881022,0.00848377543301,2.74932691162,2.80227660117,3.20836183525,0.00459554999763,2.28874441434
v2,ce8399b7,-2.67853869969,-1.54539698985,-0.0558337752285,1.4732888658,-1.84249071924,-3.34065397339,-0.0533627625136,2.77747149225,0.296027709362,1.12579264928,-0.0119690695494,2.26597867378
v2,cf50c9d1,-29.8412371346,-28.2842762468,-0.0111377415774,3.48333626392,-23.4504314947,-35.9466901815,-0.00998967756955,2.51041211347,-19.5495296406,-39.7009246611,-0.0029627009442,3.19942933154
v2,d00e7eb9,-6.62653050491,-2.60899210911,-0.0100792234274,2.18683787478,-4.94135078813,-9.89526093639,-0.00943419182054,2.33273815459,1.37237703995,-0.107603331308,0.0112359242694,2.21677129962
v2,d011f41b,-8.26695191884,-13.6226837323,-0.00783986451807,2.47332783019,1.09312986284,-13.9540336398,-0.00599685393068,2.44141975279,1.37237703995,-0.107603331308,0.0112359242694,2.21677129962
v2,d07aed8f,4.75087926953,0.730144731688,0.00354005628537,1.85667472509,2.75056989244,2.42718296409,0.0024691643654,2.15565185313,1.45984956486,1.04365727277,0.00458925974332,2.23676794726
v2,d085e611,1.56577612663,10.7127361862,-0.0191495556304,2.40547823654,-6.89350250113,-5.72950941764,-0.0196525323687,2.60789430635,0.017966619196,0.137576120857,-0.00643069196818,2.24431204321
v2,d0a0e7b5,10.4409014675,12.3337000641,-0.0045359078681,2.53978173207,10.4184154028,12.5360460689,-0.00460851330623,2.49551334784,7.75054798837,11.5137713636,0.000609424398963,2.5078890533
v2,d0a43760,2.12997030438,8.20804423634,-0.000149463910165,1.65810483861,1.29860071274,6.81760766682,-0.00279931476084,2.55105446584,1.25707378241,1.58026308099,-0.0119331484979,2.26411391156
v2,d0cb63ae,-15.8057265939,-8.74908277794,0.0230018488703,3.04153662126,1.22532060723,-2.28434934886,0.0236310194617,2.65450158975,0.336206805499,-0.0768124255375,0.00623752027917,2.22997595319
v2,d114d9c2,-5.06952304222,-16.9148082797,-0.0315746484061,2.16315387793,-2.68464222885,-5.82351457083,-0.0303851225001,2.4636463237,-0.0885095667856,-0.0530510053153,-0.0153303587623,2.29094892472
v2,d1457cc5,0.989682080925,9.99327278126,0.0153978463613,2.21000176405,0.720296280614,3.99739166896,0.0168077386881,2.70663435027,1.42292900815,0.939488636947,0.0106989876605,2.26086024817
v2,d1ecf309,4.36323767834,25.9287971346,-0.00460954424129,2.33971560477,4.34961991277,14.922809782,-0.0037341122128,2.57446100118,5.25986912669,8.03415074505,0.000572894292445,2.40444614102
v2,d1ee630d,11.2639109698,-2.33789253631,0.000667653498364,2.5817141936,7.60894249342,2.86373423576,3.13552431251e-05,2.26404793322,3.45681028602,4.92184679235,0.00131358059016,2.32167784764
v2,d217e0c5,-2.49409067223,5.52161850871,-0.0301888180333,1.82513601001,4.98890834418,10.3534489083,-0.0295187610169,2.37111941675,1.89711273401,3.47005051901,-0.0110120226884,2.28057135765
v2,d24ff243,0.332738876086,-5.75538702847,-0.0226788641487,1.52269848814,-3.19658315631,4.31117906819,-0.0220940791264,2.32968769977,1.18075905776,1.50525240823,-0.00952399795661,2.26615060904
v2,d273674e,-0.86236214414,-1.63126288003,-0.0108506797368,1.4816877651,4.76659302778,7.4962904481,-0.0128406695275,2.24121346665,0.950301113541,2.41255482993,-0.0142843042736,2.26147499076
v2,d2f3b1ab,9.58250134384,-29.8586028799,-0.0117468050572,2.91004950432,-6.7691400618,-17.2852240568,-0.0114679117348,2.35263368374,-7.73151069156,-15.5901871564,-0.00146675872415,2.59635732199
v2,d3df146b,9.83863832728,8.5864037391,0.0206963269831,2.54154996819,15.7376729574,18.2646645351,0.0189476725185,2.17440356382,12.4531016083,17.782157203,0.00446277248645,2.73032545393
v2,d40f61d5,-1.10394899728,9.46604754632,-0.0111039163771,1.71434158785,-1.19852497908,5.25585909646,-0.0107709091603,2.27615562594,0.70197523702,1.8875923538,-0.0119258055774,2.25070197021
v2,d41beaf2,-13.9062255418,-12.969015172,-0.00882504140319,2.85275659292,-10.0724523711,-13.4284972911,-0.00804743485741,2.41502224983,-7.05708510895,-15.515812936,0.000214606092517,2.58108573244
v2,d463e527,3.06896370883,21.0340862991,0.0283260276245,2.26084124569,-1.44289006625,1.68815877073,0.0247294513513,2.23746790477,0.519559004689,-0.41646288074,0.0074385587332,2.21869303345
v2,d4f60a28,-2.9714419018,7.69870897143,-0.0604054258239,1.97173468251,1.4284161191,2.04265553136,-0.0589124686275,2.17693822175,0.556525804919,2.13121059419,-0.0180440517785,2.2564320194
v2,d50c649a,5.07708187975,-6.75328701501,0.0488585881442,2.05667972285,2.29219919042,3.35383309356,0.0479017578405,2.4757377963,1.16442213131,0.519521906917,0.0101584672018,2.25773019741
v2,d543916f,6.50180662638,17.206708757,-0.00537406345692,2.41593357031,5.22073459769,9.09551176561,-0.00637144190261,2.3847185211,3.34822124738,6.70268410398,-0.013558946358,2.33456416365
v2,d5df0ff5,-15.3508779762,-7.54481839556,-0.00532138657101,2.85366949198,-10.8903716142,-18.2552082325,-0.0055531692036,2.29619165962,-8.12898315277,-17.1582710851,-0.000624500306116,2.64938394643
v2,d60430e6,-5.73088410992,12.8603773334,-0.00920297677589,2.1803239523,-2.67783886697,4.42220103831,-0.00950153939381,2.37919373753,1.06383855184,1.0643441434,0.00359576424514,2.27204999176
v2,d63196fe,-17.7631973392,-23.2214354505,-0.0611705418649,3.02164923338,-17.1653960405,-23.9892470121,-0.0580952304984,2.63378011876,-15.2205747813,-32.0237129823,-0.00929073861735,2.99811189864
v2,d6c320d9,9.9858217168,12.7678026325,-0.00900715053471,2.50192617214,8.54723582904,12.153329217,-0.00867430041863,2.27194758754,10.2396720398,16.0999982631,0.00306095200483,2.64780571544
v2,d6dd7330,7.9624430809,7.27106589402,-0.0032738848208,2.55122740835,2.07746011731,0.877917316527,-0.00383643511466,2.27792907635,0.049665852728,-0.343937049779,-0.012281070095,2.27826988388
v2,d7ba4f9d,-3.7411456085,-2.39655994319,-0.0104546200573,1.80797989721,-5.71390966891,-10.0832354221,-0.0101259568418,2.28494805067,-0.623181398312,-2.52223878689,0.00818359461307,2.27702221208
v2,d7eb0be8,27.6577281985,-19.5113629334,-0.00207387917505,3.52123296359,0.715540113044,-6.86127873257,0.00205116631886,2.55301784962,0.334774518302,-0.251587977425,0.0125933545018,2.22849377708
v2,d84b621b,-21.2124737106,-2.0651086818,-0.0235201105971,3.12765372105,-9.78273690078,-8.53530386113,-0.0226774460692,2.58883273438,-6.65777891393,-12.1689759553,-0.009282240133,2.52415588326
v2,d90aa14c,6.78172389698,2.51224478223,0.0124618463573,2.56451487013,-8.82899196197,-18.3455598711,0.0125789158956,2.46082383915,-9.20491322753,-17.6631987703,-0.000652027261047,2.66943940295
v2,d924e971,25.8144378141,67.0587842056,0.0639725732744,3.51958123621,34.8953668114,60.2454561968,0.0610273830988,2.86989547885,25.8198607206,37.1619430635,-0.000969552642704,3.34954207875
v2,d9ae59b2,-4.00833607456,-7.06760671182,-0.0331164944268,1.7995756385,0.75481767183,-3.29522647923,-0.032835786968,2.51427173457,0.343193751132,1.03626211886,-0.0126371001819,2.27111963137
v2,d9d6d94d,-0.0320349664566,-13.5681448143,0.0896205655538,2.34043266635,1.4476264663,-5.53507272035,0.0893437921272,2.75554833111,0.171073457462,-1.154545235,0.00958239290255,2.27812355886
v2,d9eca87b,-20.852935823,-46.0132952848,-0.0188609341136,3.31212262022,-37.4356133752,-67.4626422959,-0.0189483323209,2.39810429866,-17.1812704645,-38.984110414,-0.00168935337911,3.10821602303
v2,da2d4d7c,1.33247398297,7.88878720049,0.0281246915567,1.52108617182,0.507671359483,3.13815753817,0.0270578810174,2.33072395895,1.16442213131,0.519521906917,0.0101584672018,2.25773019741
v2,da3bfe4e,-27.0871598486,-31.8277742413,-0.0181814842802,3.44068227256,-11.9208659691,-25.3537755247,-0.0198393725058,2.44817966731,-13.9087171021,-26.5445396587,-0.0109793780559,2.93209553235
v2,da3cf798,15.9966991786,12.0750333706,0.0147767957383,2.885086192,9.55211066985,11.5967747454,0.0149452348016,2.34888009705,9.90440215338,16.1850844714,0.00965318224255,2.62422705754
v2,da940160,9.87100545596,14.2616871666,-0.0249654140608,2.50346897642,3.83587073894,10.4796121585,-0.0244347949995,2.57952455864,0.950301113541,2.41255482993,-0.0142843042736,2.26147499076
v2,dafc88c3,5.13847451543,4.13538573903,-0.0302340266534,2.06399020705,6.04213434692,13.4580328672,-0.0306424840336,2.38551347678,1.63434076032,2.43702810757,-0.012986267355,2.27672615543
v2,dbee6c86,-2.0197638757,-4.3192546855,-0.017824130052,1.68564477185,-0.115742112931,-0.317024648876,-0.0172675666852,2.61524985325,-0.165932562177,0.697246394362,-0.0104299038602,2.251114291
v2,dc5fbe29,-4.28287910821,8.53236855164,-0.0124416019057,2.18830759692,-4.78130594159,-2.67967016304,-0.0132860002555,2.61395534647,-0.675294611665,-1.16445623484,-0.00395414369652,2.29730397873
v2,dc7da28f,6.10943862589,26.4035300583,0.0126639110999,2.41798702377,11.0331538767,18.8123978147,0.0105038685667,2.500038913,10.7340532596,19.4803912991,-0.00224711862561,2.67944716622
v2,dc7f9757,-7.81375,-15.2412778348,-0.00233323814416,2.38048593054,-6.26565841035,-6.00741050643,-0.0042150735293,2.88441094079,-7.02463309161,-11.5525417959,-0.0136165140105,2.503820503
v2,dd168de0,-0.328123486683,5.7509525812,0.00581994581664,1.38413131919,3.6079564274,7.13841146495,0.00531011990415,2.249276608,3.04483981479,3.88318187179,0.00725048381729,2.30774170455
v2,dd64382d,2.76139244558,7.67367358156,0.0120293276047,1.66053530988,5.91413258415,12.4128986086,0.0117112019311,2.13170160566,8.47299237257,13.4859257281,0.0128108151199,2.58793892181
v2,dd6bc5b2,8.40175180455,22.7553268214,-0.0207788885805,2.54795625815,2.74971339184,15.1202486657,-0.0184061475621,2.42870666366,1.35297503816,2.12005076276,-0.00406149408339,2.25801970042
v2,dd7d638e,-0.840932341316,13.0848422912,0.0628967657554,1.94843277137,6.71489076396,11.6518768364,0.0607711207705,2.397798658,2.36293492502,1.49089710556,0.0121542987858,2.25186516489
v2,ddc790ff,-4.0485971223,-2.77924027169,-0.0490468613395,1.90580476988,-1.65948366206,-4.483429149,-0.0493831420245,2.36809952553,-0.808607338938,-0.742247766705,-0.0123712226335,2.30668013986
v2,df71d1ff,-6.40277617213,-18.8228635452,-0.0280551164226,2.62050207205,0.815482624375,-3.54092122529,-0.0266021681492,2.5195595036,0.714768759744,1.72090445005,-0.0104806594782,2.25075022272
v2,df73b8f3,-9.23753718697,-35.795650504,-0.0448878013221,2.8104596183,-10.1255080394,-22.6591361103,-0.0440102327034,2.53758549813,-9.05737254637,-17.377482487,-0.00965968171163,2.67700496315
v2,df8290be,6.64847935549,32.1450384126,0.0190477255486,2.63975171595,6.45045145676,22.9345983724,0.0168015586014,2.48054389628,10.6140936771,18.9657547259,0.000461501163954,2.65989704279
v2,e0079ed1,6.53724286949,-7.32942885223,0.0195364770513,2.20491844137,-2.6032763977,-10.0433293834,0.0222805552051,2.11602379038,0.792167088674,-0.0672258168546,0.00958218601218,2.26280936603
v2,e03b45fd,3.94871958068,-14.2253360958,0.025459605032,2.81850729304,-15.1532494399,-32.9063854064,0.0228109423386,2.81514759415,-17.3230753684,-39.5698826544,-0.00142403667687,3.12310082237
v2,e0f36d98,11.1204079582,-1.29439707946,-0.00142958836811,2.72478644311,8.41457377663,10.0373986033,-1.39444780836e-05,2.14997870352,8.04977139996,10.4561385994,0.00615165550558,2.50371865155
v2,e149204f,0.351759881909,-5.13848643497,-0.0203154011557,1.71310451545,1.09764860706,-0.67969831348,-0.0203992202317,2.46041991017,0.627378346287,1.43789704765,-0.00984279210013,2.26038269886
v2,e14d641e,-3.13395100503,-9.55296842138,0.00585819201531,2.05676138923,-1.44217262058,-7.29375807187,0.004247868999,2.25923338683,0.712560221113,1.43989850619,-0.00708121925816,2.24321143232
v2,e161bd0c,0.727148185826,7.76460360363,-0.003257632646,1.67428830321,5.05869587268,9.58379506607,-0.00225929382538,2.15816923865,1.62542508509,1.48503234402,0.00643711905901,2.23772053843
v2,e201fd6d,-9.35823471401,9.6192873714,0.0291161682822,2.85481658154,2.77641104854,7.46518264422,0.0281570864037,2.48790063136,1.30584385333,1.25656148423,0.00821940982741,2.23649018508
v2,e25f1537,-3.91365753856,-35.0847686913,0.0111675282424,2.63941790799,-9.42769215282,-20.759315707,0.0113886194955,2.38739033271,-7.98784163667,-17.1414791502,0.000107867872622,2.65110970447
v2,e2fc7745,9.64916576381,-14.554702569,0.0399805854925,2.66315006091,-0.399767068016,-1.94135897205,0.039846110017,2.20619197844,1.36797833897,-0.18149101543,0.0120127702909,2.21730635509
v2,e32da4ec,7.22637022819,0.0948398397375,0.00976363646305,2.47233964414,11.4009953034,22.5505397402,0.0108725952576,2.3794110829,13.6992756332,22.0483516907,0.00902141311969,2.84038224409
v2,e3b34f5b,-5.32579101742,-27.5341914276,0.00712421808624,2.42895742469,-2.13571814352,-12.7245436939,0.0074335737582,2.31705601301,0.581787080498,-0.445038751586,0.00853921203533,2.22062590678
v2,e45a2a62,13.9372258838,16.7125683005,0.0147749234966,3.0384526499,1.1489909773,12.2777454379,0.0130168677593,2.43676726124,1.20098151607,1.49537890903,-0.00843631876853,2.26406699244
v2,e46f4ef4,-0.338929812369,-0.853310188156,0.0244498459616,1.77944239275,-4.19036482698,-6.67996114291,0.0223007521624,2.35210688191,-0.623181398312,-2.52223878689,0.00818359461307,2.27702221208
v2,e4726608,-4.20716881471,8.97623737226,0.0271756360824,1.98396083248,4.667364404,5.12206791289,0.0279233678644,2.28827908861,2.60556510882,3.46132128322,0.0135273956424,2.23433655814
v2,e5864244,25.1452181696,27.6242118276,-0.0478528073643,3.32525299971,25.0108631538,34.6461256116,-0.0437279551196,2.79168864964,25.4187207128,35.6780895983,-0.00602845058423,3.29863715353
v2,e5c92e59,-4.66726426077,-7.18164781056,0.00743557113706,2.1646279142,-0.383867354434,-2.6857948649,0.00564166061704,2.36663168183,-0.206249547831,-0.344222600287,-0.0117863868565,2.28772361544
v2,e5ff9fd2,7.17259983008,11.2574321415,-0.0104069125908,2.2916485921,1.07810043544,9.59477800751,-0.0127937881918,2.48523087291,0.580212304517,1.52742757807,-0.00917476146756,2.25524174127
v2,e6c55748,1.0738618068,24.7781453929,0.00146163000744,2.34152726296,3.99273070783,9.7077404885,0.000365785770977,2.44953548951,3.17515385409,4.98834981482,-0.00295690138107,2.31879256988
v2,e730c32b,10.4051459391,11.4635763053,-0.0306031083195,2.53802646356,8.07139913752,12.4982685199,-0.0317344297747,2.59288263463,1.45474008442,2.51175322983,-0.0149007346578,2.2841431895
v2,e737965a,-1.16719899244,-24.5900671558,0.00767428038755,2.38848960278,-6.79612214792,-13.3101037329,0.00853895789091,2.30220343042,-6.6109240113,-12.5472461062,0.00328966787557,2.5261911056
v2,e748dd88,0.7043599335,-14.4084514716,0.00923691910014,1.79008001807,-1.15884820857,-12.6833442247,0.00741982214296,2.30765644785,-0.359496537085,-2.07125440341,0.000769331388825,2.27822097531
v2,e7818f7a,-4.63910631167,5.34301777437,-0.0157796056001,1.98960344722,4.30411386289,5.31372771176,-0.0157562386624,2.4974023942,1.62661336703,2.15079823899,-0.00817792861513,2.27047818634
v2,e7c36e81,-4.29458227131,-11.9428531566,0.036068648639,2.12224259856,0.695888363386,-8.16130078736,0.035723839585,2.9366412927,-0.00196369568099,-0.863427649548,0.0120127071421,2.23848900782
v2,e7d0c1de,-5.65603693483,-3.40493309197,-0.0314199028439,2.06181909804,-3.17529937829,-13.7088607249,-0.0307702853995,2.21756468115,-1.51444602837,-2.77218066621,-0.0124320311621,2.33765221951
v2,e85074c5,10.5067048458,-4.59118062792,0.0358825356042,2.51346865539,6.83436979851,3.31055278657,0.0343798125239,2.47700415958,1.73283222771,1.4209690765,0.00870492747426,2.23806531805
v2,e97032ad,11.2617620397,-4.82969848441,0.0318776713159,2.56180169164,6.03328878475,3.29755066056,0.0316974824504,2.49176799078,1.944558008,0.725270678819,0.0122584083452,2.23084805705
v2,e9949a23,-3.6977955692,12.782813013,-0.020941586773,2.53217757884,7.42748365252,19.1172645227,-0.0191288314272,2.51427642526,12.0851922841,19.9507893975,-0.0022242954322,2.74111574432
v2,ea0b99b7,10.420311722,0.758276592873,0.0341142025962,2.57716342582,13.9385515025,2.66100128005,0.0322059890263,2.7180756961,1.73283222771,1.4209690765,0.00870492747426,2.23806531805
v2,ea3a0e38,-3.61272582571,-22.2930976244,0.0062680443553,2.32558575134,-5.36492343834,-8.05774294903,0.00428886664319,2.80370395964,-1.22060871864,-2.67297567891,-0.00178029289467,2.29229155661
v2,ea41324e,-1.31121791045,10.7604749844,-0.0017283480225,1.83963335341,-1.34289254983,-4.72385210369,-0.00133838576477,2.30321792802,0.358891362158,-0.34841424767,0.0107404137436,2.23624378428
v2,eabc711b,-4.09754487659,-17.5825471366,-0.0157072728382,2.54148214556,8.39905098573,9.15179293166,-0.0139600726655,2.56115729573,2.58437709386,4.61403835927,-0.00613924898191,2.3008697057
v2,eac10e86,-4.56532058678,-2.83330106276,-0.0108599598807,1.88972960082,-0.723428933089,0.13128702856,-0.0106650703258,2.39395474402,1.10151900034,0.705245824109,0.00666821847199,2.2628519366
v2,eafb863e,11.7673234305,15.794331477,0.0156278867569,2.67123807876,18.0205633135,28.4589311067,0.0162121563651,2.46487570377,22.4887127602,31.2495994235,0.00552990784247,3.21796584477
v2,eb06a4e7,-1.63813450937,-29.1221793867,-0.0376109146901,2.36735162188,-2.80755043283,-16.9619433933,-0.03705166504,2.66206187006,-2.45240545855,-3.18990497005,-0.0181118366587,2.31002816284
v2,eb640a35,2.63048368395,-25.7241785724,-0.0225901059371,2.3951548764,1.20309873323,-2.72207777083,-0.0211193859488,2.35823584012,0.896368328477,1.75967407835,-0.0072823788888,2.26102495651
v2,eb934281,-1.65201976218,3.64260346194,0.00538631474616,1.42007242636,-0.821829944616,-4.06844347201,0.00563740181083,2.39770952724,1.37237703995,-0.107603331308,0.0112359242694,2.21677129962
v2,eba6605e,12.745260771,17.1947111812,-0.0306941298506,2.81131127424,8.47437497194,15.3282628071,-0.0280784046183,3.01050181699,12.6701519748,19.0059084096,0.0153164577025,2.79459053741
v2,ebe69318,0.104461414791,9.66233365604,0.00914066996561,1.76221493092,2.8321146022,6.65160405255,0.00909260302246,2.4929973574,3.38800668737,3.96478188031,0.0118941069441,2.29539356022
v2,ec0d597b,10.4034943674,17.8546779656,0.00597829601417,2.85895283386,-1.19162503211,-2.0611398105,0.00307380906026,2.33269043051,-0.49624073949,-0.789449447017,-0.00499344644974,2.28750225496
v2,ec13af42,6.45305382644,-25.5479512245,0.0133560542214,2.47707877261,-0.179988978186,-9.91758551781,0.0132529524838,2.51436086619,-0.00196369568099,-0.863427649548,0.0120127071421,2.23848900782
v2,ecdab904,15.0884952009,-7.56152426259,0.0154091707145,2.88582794983,8.52172107321,16.4197937205,0.016652233726,2.55257553467,11.3967473714,19.1589150314,0.0130938415995,2.75572124776
v2,ecdaf714,11.6154126214,12.3979241176,0.0109089647339,2.79434261633,10.0252710403,19.4914082815,0.0119077455925,2.44719999719,12.2665636542,18.0099023695,0.00860865873377,2.73003088329
v2,ed6436d6,1.1936672326,1.02214913606,0.00146469723722,0.962235631342,-0.598589521527,2.7463005723,0.00129056839093,2.43753809534,1.37237703995,-0.107603331308,0.0112359242694,2.21677129962
v2,ed6e6e54,5.64348875661,6.56330214951,-0.0079144591234,2.56124521285,3.06591419321,3.12559925021,-0.00675440375625,2.57573117984,0.0729445015537,0.1501860263,-0.0051025186644,2.24653933125
v2,edf885a3,8.85183188964,-8.49383418087,0.0137723091675,2.58691580702,-2.40128949169,-0.593555790571,0.013842059271,2.41083030268,0.499496854774,-0.178341985434,0.00806635498071,2.22459483678
v2,ee0300f7,24.5814722711,20.6344937451,-0.0303857181327,3.28392589386,17.8484162794,31.8697393508,-0.0311058837122,2.5846356918,18.9307386461,32.0825801425,-0.00589376939336,3.0682484515
v2,ee288beb,19.1364553687,66.2034667049,0.0277911876502,3.35067660743,20.009268655,53.6862055113,0.0261326861936,2.61030036851,22.7918678004,35.9017100036,0.0057424234903,3.23344031693
v2,ee4aecac,10.0634415954,6.65983703228,0.0323442623262,2.46630242095,10.5406683662,10.6662467257,0.030988905203,2.33471262848,11.6130349586,18.532194796,0.0102650561388,2.75028648898
v2,eeda36f5,-4.40075046904,-4.42799067049,0.0148230965601,1.86719534441,0.742551857579,-3.33014611202,0.0133571926291,2.69809850825,-0.0732142958464,-1.12726679169,0.0063256359222,2.27119393165
v2,eeed308d,4.07498845858,26.4328043009,-0.00952529098035,2.36932102438,5.21059850532,9.86882075118,-0.00935702639724,2.44468808892,1.29134842877,2.6276661443,-0.0102350214239,2.26429192467
v2,ef04658e,13.303542885,23.1597160502,-0.00353955562823,2.80020656729,8.08413516143,13.8689453415,-0.00578076145063,2.30189924857,9.89346545867,19.0121836172,-0.00621416632735,2.62063313744
v2,ef8e3ed0,-11.7669314701,-9.55015560351,-0.00124960801218,2.74951771461,-5.38875953393,-9.42211640889,-0.00242230506439,2.5458348908,-7.62922332549,-14.9819412325,-0.00706187983903,2.58028784503
v2,efde6ac3,-7.41619872779,-13.3286312846,-0.0198969076929,2.41612586911,-10.3086812602,-13.2761405161,-0.019015404937,2.41449230601,-8.37957825141,-15.3982245845,-0.00605714225762,2.62046798977
v2,efe96181,-27.0278713858,-8.15233390037,-0.0771920371827,3.35128970133,-15.8462355479,-11.0900139007,-0.0759639612417,2.80140932499,-8.3148432735,-15.7101767522,-0.00926455485674,2.63501533713
v2,f0188a48,-1.27095443645,6.18830558378,-0.022381475283,1.94819132982,1.49115335145,14.3944672234,-0.0225268490638,2.50793085084,1.55682247117,3.03387762996,-0.0120508141572,2.27549445832
v2,f021b650,-5.63498261567,2.56065643106,0.00329239329731,2.03920455967,-2.44894589244,3.43055725285,0.00209692979569,2.3010853347,1.15508818136,1.67902963229,0.00662311351125,2.21846980163
v2,f03f10fe,-6.66522074789,9.37777770717,0.00602237147104,2.33977777727,-3.93789260472,0.28560647104,0.00490256424542,2.4193929032,-0.623181398312,-2.52223878689,0.00818359461307,2.27702221208
v2,f053a1b9,-8.84051606621,-6.29446369536,0.0204612933443,2.40046430266,-7.88893399267,-5.64200055776,0.0182536032276,2.21527939162,-0.169412937502,-0.923551155273,0.00354234969219,2.24044052467
v2,f074d277,10.2630941704,12.0765601125,-0.0155864044764,2.5792860645,0.857754736435,12.8600506784,-0.014817852796,2.25178641932,2.11070047787,3.6329831554,0.00398916732322,2.25683311528
v2,f07d7037,6.52639582959,9.18522907528,0.00363213998203,2.13960568072,3.63724400282,12.7435900062,0.0040393420413,2.31094974918,5.23688710309,6.77783565551,0.0112450024656,2.37814561001
v2,f08774c3,-0.850064102564,30.0461611461,-0.0133871338828,2.52137977459,8.79770527376,27.1472535736,-0.0129274813748,2.82403995358,14.1265808699,23.6618794073,-0.00942577417496,2.82116702496
v2,f140c2fa,-11.6376751592,-19.3617045246,-0.020862963757,2.66139066613,-10.4517714587,-23.3703753272,-0.0198840748749,2.58750674982,-8.04766438627,-16.6915601447,-0.00178398984093,2.64274217436
v2,f16e25e3,0.627325306386,-2.35420819458,0.00700641529171,1.37745037623,-2.30334951477,1.02393188388,0.00748708044161,2.22707216344,0.581787080498,-0.445038751586,0.00853921203533,2.22062590678
v2,f2d4c8c9,2.48941430629,4.43267682996,0.0303796710564,1.65432560374,2.91098475868,-0.536171066529,0.0299733297228,2.6331319182,1.16442213131,0.519521906917,0.0101584672018,2.25773019741
v2,f321a31c,-6.30832522855,-12.0104103534,-0.0204305703606,2.60692378541,-7.59951738216,-17.1607410996,-0.0194929815894,2.31840033207,-8.28616642453,-15.9249055513,-0.00495627650324,2.62161182358
v2,f40cd091,1.71373015873,19.0051023504,0.0173834320853,2.16662339921,0.433541291322,8.56350166173,0.0178797524414,2.69170975279,1.66909541933,0.326214838088,0.0121451513829,2.22301606647
v2,f439a621,-2.64875930521,-3.80900482385,0.0160525253708,2.03550697878,-3.46521961325,-8.14040956218,0.0135513441529,2.28335757216,1.37237703995,-0.107603331308,0.0112359242694,2.21677129962
v2,f49fdea3,11.8869653126,7.68002925664,0.0166516143674,2.59572246806,8.86153640792,11.4066081802,0.0163916641042,2.46357536415,1.55008841224,1.49516455661,0.00527788048311,2.2395588759
v2,f4d12d23,-14.7099108349,-4.14653064549,0.00647595344602,2.83690314409,-1.55113111359,-14.2589186452,0.00521308071761,2.83623184676,-1.13196753388,-2.80629624885,0.00372319003204,2.29325322482
v2,f56d3ace,5.36753313697,-0.873626996371,-0.00306716594432,2.06726115344,8.32757516196,4.22517285707,-0.00291466180835,2.12114484721,2.30255133798,3.32599878342,-0.000745165757506,2.27305637949
v2,f5859199,14.4079965458,-2.99057690198,0.00999576232782,2.82858933172,0.060862600632,0.525557166764,0.0092502411212,2.94769977869,-0.00410016070448,0.305947220226,-0.00293631555389,2.24623273157
v2,f5d8aab6,-14.5842079208,-15.2113211762,5.26480127927e-05,2.81532176826,-10.1722237574,-9.45506726853,0.000218476038549,2.31477788411,-1.04894495908,-3.04400917203,0.00641593716582,2.28237475029
v2,f631da6e,-6.57741754214,-1.6032521477,0.00688793518093,2.28061186144,-0.358703005952,-1.58502042033,0.00709740917689,2.66328969322,1.16442213131,0.519521906917,0.0101584672018,2.25773019741
v2,f6824bb0,-17.754552343,-31.2926604397,0.0123186539993,3.08362517426,-10.5589274653,-27.658691101,0.0134375259764,2.58525012042,-8.97132777619,-18.8588580675,-0.00153288440428,2.67000785489
v2,f6bc699b,6.78848614072,-4.22587881081,0.00589534632669,2.45291336552,5.39231166037,9.38748665271,0.00614681194079,2.38854594943,2.2068616386,3.18163205292,0.00856693528129,2.24693133921
v2,f6d009f4,40.2778853313,31.0920455888,0.0373865851612,3.87201835706,50.0490892448,67.3854424103,0.0373246765886,4.35681926878,19.2109212062,32.9013771522,0.000721054578847,3.08525430373
v2,f72b268f,9.33686914428,28.927176412,0.00314133127214,2.63462781753,11.3459474152,16.1987721781,0.0012871904939,2.35333467329,12.1235006292,20.3256297778,-0.00231704171632,2.73751983626
v2,f8662c22,13.8530815988,-0.127277296369,0.0351909516252,2.81116062224,9.19860728092,-0.182882858798,0.0339999854703,2.4253646684,1.73283222771,1.4209690765,0.00870492747426,2.23806531805
v2,f88ddb26,-46.5000661323,-44.210912607,0.000850011254624,3.9589654609,-18.1945776987,-33.1166945191,-0.000326912582998,2.28498622515,-18.1864169317,-39.9744802293,-0.00139162887869,3.16620190778
v2,f8afa78a,13.6116611406,0.927604062932,-0.0237063807387,2.75499401695,9.2716639638,18.9706016867,-0.0223944810157,2.5656455997,13.6754554081,23.4847257375,-0.00735499087141,2.81973132301
v2,f8f59188,4.80438527148,8.9900482588,0.00910253031139,2.06992906728,3.04248195478,-1.54361691733,0.00847269828584,2.29545898527,1.23465772676,1.02593739447,0.00466366350939,2.25709757346
v2,f9fc81aa,0.0650500178645,-13.5793486109,-0.0171073802634,2.26582437025,-5.21550371681,-9.69167698547,-0.0162878261221,2.40053191972,0.474379937874,-0.380975484066,0.00627140362008,2.22028112716
v2,fa16d114,-16.3414702779,-31.6391495596,-0.02007104589,3.08260323946,-3.50184741255,-11.6902130762,-0.0206463671586,2.59297125575,-2.53268608182,-4.06795089632,-0.0104000418501,2.36868593657
v2,fa31da94,-1.94035209867,-9.79914208857,-0.0192663678015,1.82265994008,0.534447335107,-1.46558043874,-0.0194225408584,2.34877877143,0.362851396857,1.7612837758,-0.0170088574166,2.25920443446
v2,fa667be2,-7.08385827851,-11.3066362945,-0.00255923579585,2.28258807793,-8.87501152603,-17.9015147541,-0.0025645448162,2.51308798525,-11.0449351258,-18.9453604641,-0.00811123731834,2.72277488057
v2,fae0c593,-0.796020894843,28.4009853821,0.00960354278506,2.48248340583,-2.28565846714,6.18513435864,0.00720317506285,2.59233894226,-0.11948113365,-0.376312007051,-0.0108316069223,2.28311549501
v2,fb03ae90,-41.4537459182,-17.8569360862,0.0111767449238,3.78163073025,-13.2335918658,-19.5960907522,0.0081345799894,2.85618574656,-18.1283187891,-36.3555509516,-0.0056100653261,3.11678243643
v2,fb0904bd,-1.28265325369,-2.06511959859,0.0152076228963,1.02917563433,2.9099944009,-0.710652189591,0.0141710774906,2.31376760413,1.42292900815,0.939488636947,0.0106989876605,2.26086024817
v2,fb3848a1,7.98821422538,4.18154420487,-0.0160023960661,2.39415409929,3.91885392656,7.42315624016,-0.0148602247792,2.36215390394,1.79715633636,3.35052416467,-0.00627125307913,2.27998025826
v2,fb73b13a,4.15460815603,1.976761486,0.0236148651184,2.39588729316,16.8686073719,12.0338151064,0.0238973556237,2.55941001876,3.91402326422,5.276542534,0.00872649102456,2.34250602803
v2,fba7683c,-1.17415233415,1.44678999855,-0.05519608223,1.26844218718,1.60160615275,6.25316799187,-0.0544278825692,2.36503793453,1.69961029319,4.24821902311,-0.0191600987395,2.30184925878
v2,fbd68d27,-20.1077566262,-23.4960569357,-0.0250671153539,3.13963505158,-11.6966082853,-25.231769542,-0.0228711785081,2.5510245145,-8.13583475094,-16.7414548522,-0.00147764304644,2.62153728917
v2,fc03f21f,-10.1635623569,-14.5558481403,0.0187279382292,2.63254572741,-17.3301678999,-15.7202867327,0.0166767085586,2.89500855714,-10.1952485875,-19.582550173,-0.000858294753043,2.71501126742
v2,fc0d20b2,-7.63909711685,-25.0552190712,0.00330356511322,2.5597116611,-8.61031755452,-17.7440054547,0.0034558106249,2.419385015,-10.1957729891,-18.530418993,-0.00382353347852,2.69998979297
v2,fcfcc902,-8.30040845575,-7.08085075955,0.0402143814879,2.2831628519,-3.67123808079,-15.2957270861,0.0393473105594,2.44756881741,-7.89963935228,-16.1039846364,-0.000767141924352,2.60528830957
v2,fd3b4faa,3.35786738351,-12.8624332111,0.0134744707081,2.13380259311,6.74010323346,5.46124909072,0.0136990659625,2.51040679289,2.44442250818,3.33367389833,0.00431513398332,2.26442250747
v2,fd710aea,5.42821199905,9.70777029641,0.0241470716018,2.10462180977,8.34286022924,4.90527994242,0.0226938517263,2.30025125441,1.38813407905,0.989864718083,0.00869226688203,2.23252125508
v2,fd8f77fa,25.2561570561,17.6036871318,-0.0307582188713,3.34692927195,4.26357021676,11.5639273859,-0.0307577682601,2.52186037217,0.950301113541,2.41255482993,-0.0142843042736,2.26147499076
v2,fde20ecf,14.8300128562,15.7395905177,-0.0124382757702,2.85180747259,10.7666985975,17.1796998516,-0.0113560774397,2.23458942996,12.7820855194,19.2141679909,-0.0011611261976,2.74696109156
v2,fdfd57da,2.34894766998,7.17289774615,-0.00275845272923,1.6668046148,4.38512511588,2.95306511846,-0.00288649333247,2.31892995049,0.554347860133,0.600995125615,-0.00182923669416,2.23986185173
v2,febb4411,-10.8882152107,-16.0757040995,-0.00774784668578,2.64103166366,-3.22104898903,-11.7215677241,-0.00504465230563,2.39398804911,0.0166498764871,-1.24200890425,0.00853638060845,2.26895078091
v2,fef8af96,-37.2537637219,-82.2393726502,-0.00154115808617,3.81884866308,-36.7731248618,-80.9338587195,-0.00340976536053,2.38180112129,-16.0293834952,-34.9289115713,-0.00177226615312,3.07991382966
v2,ff0aea78,28.6277706225,18.2872394053,-0.00385059691026,3.45624686237,9.26047269929,23.1635709005,-0.00649628407492,2.39038701226,12.2214134367,20.0089749331,-0.0100763324345,2.76324795533
v2,ff8bb73a,-3.52989033238,-10.5555085934,-0.032857217737,2.3852580077,-2.45256501236,1.2339120201,-0.0304785821003,2.44947333045,0.580212304517,1.52742757807,-0.00917476146756,2.25524174127
v2,ffefef30,-2.78941575492,-18.8663922972,0.0149212362701,2.0838777827,0.511583008728,-9.615021658,0.0144231051945,2.49088685518,-0.0761847420525,-0.783811531267,0.00391133956826,2.26600186951
v3,000d7d20,-5.44556569343,-16.1278815852,0.00654146046684,2.13469199589,-2.93717630918,-6.59748744705,0.00560850565559,2.71805087485,-0.0272713476604,-0.714657047953,0.00514831086771,2.24537463937
v3,00bbac68,-2.52185400732,-37.8107252703,-0.0285633413707,2.78889580413,-0.892363137701,-6.05734931172,-0.0271320240081,2.62189856032,-1.54237160195,-0.374615796791,-0.0201691373612,2.24696160247
v3,00e12e8b,-0.760341780983,-17.1782695536,0.0404422068656,2.18881026972,2.61969915849,-14.6536527695,0.0404307704497,2.31258090648,0.0171793904093,-0.834102552938,0.00975074845717,2.27547163949
v3,015fe0d2,19.7495763501,31.820874444,-0.0166549962734,3.18448683055,13.7384273645,19.7084570404,-0.016007309651,2.60311015831,12.2518714883,19.9294887996,-0.00827398948577,2.75397360457
v3,01869cd4,4.46775958251,23.2117023399,0.0474874956201,2.45260666177,4.16464545541,-1.43025695119,0.0452001525632,2.55398591147,0.601629380222,-0.203507774572,0.00935965902942,2.24420683136
v3,01982c1d,-2.94735600101,-6.03376583913,-0.0133976445237,1.99259261601,5.51423880989,-10.0308164645,-0.0128655298384,2.23390031593,-0.897135012042,-1.14564221159,-0.00840019815206,2.29593306937
v3,028d7b28,-1.80682868142,5.14115607892,-0.0072062447456,2.12747011894,6.14926414191,0.384833234482,-0.00664728276647,2.88581796376,1.37215847804,0.936634774746,0.00491033102139,2.23871494455
v3,02e7fe5a,6.60459866876,4.81704793604,-0.00256584675266,2.24224358856,7.06491627202,11.1666122433,-0.00163794486437,2.39880470027,11.8105735524,16.1206022638,0.0121838426165,2.7213138548
v3,0390d174,-1.67608705509,4.96316613272,-0.00282773850875,2.2531235113,10.0509069027,-5.04225887732,-0.0028004846446,2.08814526614,0.965675771197,0.0695507203575,0.0061531958473,2.23905895888
v3,03a935ae,-31.0362383345,-53.800101538,0.00164074271538,3.58503130018,-23.7443856678,-43.1370381715,0.00498282655628,2.40799453746,-12.6504141949,-27.0537138488,0.00124452529975,2.89961934103
v3,044af7d1,7.90409382607,6.97546700754,0.0180216040736,2.38583525257,9.01979216422,0.773968169975,0.0176725753487,2.43535337764,1.75443246176,1.55245312565,0.0101870621659,2.27026976216
v3,0498acab,2.88947061276,-6.95627827841,-0.0046769781751,1.94535843194,2.24158336505,-11.6573543958,-0.0053390393422,2.30172201153,-1.00686095862,-2.68455501349,0.00404224050353,2.27334180295
v3,052d64df,0.517967280162,14.4139352593,0.00436463516674,2.12778776267,3.80672522236,10.1151045308,0.00375258703655,2.44088716052,1.75443246176,1.55245312565,0.0101870621659,2.27026976216
v3,05948241,-3.15289765403,3.93314279108,0.00675356563699,1.79105421885,0.172775557084,5.92993682776,0.00656330623373,2.44457903244,0.580626148971,-0.274686752143,0.00746755527061,2.2503864968
v3,059c8f24,7.92315596037,16.4408901452,0.000665104940325,2.4775609636,15.6846452535,19.2386241976,0.00078768221198,2.27869701506,13.9869059546,20.6174341302,0.00493516144438,2.81977665763
v3,05a0ee4d,-12.5270791168,-38.2152014474,-0.0010627599856,2.96241883976,-16.59431923,-31.0444681672,-0.000277015206966,2.57677906219,-13.510646795,-27.8938334349,-0.000408036302846,2.93191928639
v3,060ab2b8,6.73126717801,7.13135297712,-0.0443014354259,2.30740467979,5.1436005226,11.3582852212,-0.0431807968988,2.3608441702,7.23587985916,12.3218454529,-0.0134902232611,2.52970881067
v3,06df5958,-0.908951268167,0.975541934903,-0.00549580563463,1.40817473247,1.24984823946,-1.46397855639,-0.00529347652779,2.46243104946,0.875710302774,0.263787181457,0.00606116124119,2.25591772032
v3,071d7b45,16.3646496419,-4.37436407694,0.012301230882,2.89678407042,11.4770064194,6.74236952969,0.0113591099065,2.45294257903,1.73081732248,1.58496283463,0.00823409383455,2.27969616458
v3,0849b4e2,-8.44001444826,-35.8625536434,-0.00521410762752,2.74518682833,-11.0151012317,-28.0542056647,-0.0055777514488,2.44305334953,-15.2504160056,-31.4496371694,-0.00183050466294,3.01905842291
v3,084d66f9,5.26741055341,-0.458461806266,-0.0379917271292,2.45899380941,-9.13965231553,-15.8242423666,-0.0389185220451,2.55813694025,-9.55767193332,-15.6647398051,-0.0195051978044,2.66748675935
v3,08fecf00,-1.89504305705,4.58564533347,-0.0110499077099,1.75090393886,1.19255070052,-4.65037811499,-0.0117939807077,2.27726278757,0.490401189403,0.0610488527416,-0.00243044858278,2.26055814349
v3,09053135,12.2549805316,-1.46952513795,-0.010426304532,2.65756735901,2.61913661497,10.0333244396,-0.0103347700062,2.35964753246,2.1565502809,3.55796233368,-0.00607289530027,2.28998918587
v3,09441b8d,-12.6526494169,-1.0389728795,0.0219203387455,2.82962246503,-3.21983577996,-6.41462536911,0.0222579146776,2.41127585635,0.596493831112,0.1571431127,0.0105249168137,2.25254219204
v3,0955cd6c,-5.66759961501,-12.615237493,0.00936984238062,2.1997866394,-1.22685353424,-11.6976290246,0.00923598176584,2.36831173371,-0.34695166242,-2.27016346113,0.00678060359372,2.2793629485
v3,09ec2ca9,-2.54861342396,-14.4477801768,0.00175409991327,1.96470624536,-4.53487477221,-8.7751399907,0.000728652471445,2.4181213084,-0.177864183568,-0.277481792837,-0.00296805658722,2.28540737014
v3,0a57a29c,5.64248239134,10.1199605558,-0.0143080196003,2.07351450961,5.40270737503,13.1475521245,-0.0122899190033,2.52024740426,7.99806762629,14.1368541767,-0.000406203618705,2.55677039217
v3,0bbf5e67,-17.213520242,-13.983121746,-0.0125209168315,2.96409296239,-11.538347021,-10.7065175503,-0.0123839274735,2.7570506075,-9.35138319035,-16.9136807315,-0.0128680899972,2.67003132092
v3,0be01c24,6.74008442381,5.70312680914,-0.0407468883324,2.22714677893,7.20763608446,2.38944911417,-0.0398352272391,2.31964923198,1.41239701236,3.27336990312,-0.0139253706682,2.27845210981
v3,0c1b160c,3.5049742778,-5.58916019394,0.0103425907805,2.24413751602,-1.67589296446,-3.89957317029,0.0100258806193,2.53461103798,-0.0533263857999,-1.70048203524,0.0087454939575,2.26036096949
v3,0d99f8e4,-6.11234758715,-3.49414306874,-0.0129740783949,2.3363409019,-4.2249165654,-8.34358701625,-0.0132223867516,2.27710884761,-0.0456731377746,-0.515353268415,-0.00273736984802,2.27046990764
v3,0dc5e64d,7.82924779668,29.6812979783,0.0239581174922,2.94490320609,31.3676410923,47.2078112172,0.0245370207779,2.57886637777,24.3626501569,36.5771730068,0.00200382383903,3.27035722772
v3,0dc835f3,-3.10812330623,4.939684388,-0.001332305165,2.10775915806,-1.07659322037,-9.46581530995,-0.00141631485476,2.55540141683,-9.14973388496,-17.4878468476,-0.00678605346733,2.62281757429
v3,0dd99dc5,3.91651865977,2.36847453047,0.0170301142133,2.22296078507,0.829801206607,-2.53061683338,0.0175446409465,2.56561233346,1.04874182892,0.188636262002,0.011363281194,2.22867237795
v3,0e5e560d,7.99898247771,-14.061157874,0.0147240674196,2.42426284426,-1.52980675994,-10.2987706279,0.0154923868212,2.63133057267,0.596493831112,0.1571431127,0.0105249168137,2.25254219204
v3,109d9d70,5.18734994069,23.9500698238,0.00809950856225,2.33902666535,8.60446239299,24.189696538,0.00695097769171,2.33011378044,13.4221340099,21.5172841612,-0.00197839110893,2.81196879701
v3,10a1281a,2.50981636655,1.15450819968,-0.0796361398896,1.52413821675,-7.47418787791,4.39827940636,-0.0763737414028,2.25677338289,0.649682051919,2.1956728991,-0.0150989849257,2.25748866282
v3,10b89021,-13.9032582194,-4.22968847566,-0.0168787843504,2.75501868829,-6.75447957284,-1.50791194139,-0.0147869346182,2.45036817508,0.595517730261,0.451864887947,0.007247691446,2.26349100205
v3,10be2420,-11.5780434118,-21.1597018737,0.0116535386704,2.65741997629,-8.48532491058,-14.6691188447,0.0102049861707,2.33067279056,-7.93337054114,-15.6631615711,0.00149376096218,2.57829930863
v3,113011eb,1.012799511,-10.1919460399,-0.0110432600922,1.8209801267,0.0828400947545,-4.1127932769,-0.00869603610164,2.39457366262,1.38211720705,1.04684300798,0.00836637911105,2.22774889698
v3,1131525f,12.8600216398,17.3543827103,0.0127496880913,2.75175862267,13.13510886,13.8066350959,0.0128126690678,2.6305397915,12.1198867432,20.0508554434,0.0102453075642,2.74008612526
v3,11d0f5ac,19.2301781692,30.2414639669,-0.000640542961152,3.14282403462,9.57668172001,19.6179590022,0.000442195873305,2.23804162468,13.0099673563,18.8810200952,0.0124078869561,2.7875125185
v3,12203f2a,-12.1435326587,-12.4997942915,0.0176864932576,2.69207803212,-3.86856914448,-3.68181044436,0.0172944014688,2.325822352,1.39331210969,0.787420390712,0.0121146741928,2.22203776046
v3,122bd617,5.39292122538,-2.52843343081,-0.0124195921724,2.53924964498,5.49953686973,3.28938788059,-0.0122294603161,2.69268056669,2.80687141238,4.06317369548,-0.00086875529184,2.30393096793
v3,125be846,-16.9760983103,-14.6895846618,0.00472113402512,2.96740378161,-10.9875895701,-20.024170133,0.00638195080121,2.50471293449,-9.20431672636,-18.2844387555,-0.00164999366867,2.69618630501
v3,1285a37b,-5.08904413078,-1.53167959179,-0.0362508106453,1.8793303096,-1.82957864036,1.78049294,-0.0363950906473,2.5163666164,0.0348069789886,0.872851308475,-0.0195805141445,2.29741269253
v3,1295a25b,5.30934065934,-10.5477890294,0.0308683076104,2.37181268792,0.569629324981,-10.0194323794,0.0279738735738,2.30714782524,-0.663034167449,-1.85436854427,0.00783712756286,2.26580255838
v3,12f0cd90,0.295340507819,-1.33132907145,-0.000843818289265,2.18549319965,-2.80351607212,-5.16563735588,-0.00335056974634,2.4508828181,-2.39108894484,-2.68626252104,-0.0168031941786,2.28611802204
v3,137d1e44,16.4748572683,53.9177146022,0.0035555816349,3.25848771196,13.447440888,25.7162288101,0.00211070009856,2.58249440192,14.2379488738,20.3535093825,0.00693642912815,2.84890453678
v3,13ce113d,0.522899527984,8.44939801062,0.0821277402466,1.47728032153,5.88638099996,1.93187300091,0.0799139536031,2.18730259524,2.81333443951,2.89738069676,0.0101216191478,2.27874279678
v3,13f598d9,14.003202847,-4.57105887124,0.0122530464635,2.78307046669,13.7051786284,8.75054328283,0.0133939811105,2.41510559246,12.3762633729,17.0121479213,0.0134958617315,2.74079985646
v3,14a53cb3,7.66749963868,2.04503531283,0.00859660750401,2.29733309929,5.98804510825,11.3071542318,0.00929655541077,2.79893242763,1.3837701729,1.0814514927,0.00715904050752,2.23172088583
v3,14ab73fb,-13.0231652508,-1.33263921735,-0.0237541093466,2.76122141274,-18.3352883742,-20.9849997001,-0.0223174801388,2.62138641486,-11.102358349,-23.8060981421,-0.00229217125778,2.77395689742
v3,14ad5efb,1.0379082506,14.4299679617,0.00709140897426,1.98766944236,4.44923032059,0.633621688098,0.00480036991547,2.27104260212,0.425209281475,0.144099097274,0.00220695544801,2.25441083048
v3,14fee784,-13.190706721,9.91522054277,-0.00129975269164,3.10994520525,3.68776827192,10.0209462469,-0.000985541340788,2.47398303118,2.13582983467,3.69894133384,-0.000453149160911,2.30823525191
v3,153552f5,-2.43310330138,-14.1700525551,0.0206174819613,1.8183108152,2.05095711933,-3.06509504662,0.0218467160533,2.14533476081,-0.663034167449,-1.85436854427,0.00783712756286,2.26580255838
v3,1550491d,-19.8100964278,-15.407193495,-0.00682338310382,3.09861174486,-6.66311784593,-14.55173944,-0.00665537627918,2.4958745499,-8.93421922804,-18.9220259907,0.000596566840893,2.68891817928
v3,155887bb,8.56630259624,21.0068070893,0.014360290133,2.5489226746,7.01033936719,27.0968005631,0.0139617343026,2.57160807005,12.763537178,19.3594597934,0.00808678468519,2.80712215405
v3,1590af81,2.07464595946,-7.78153702221,0.00517220285168,1.88112584836,3.9231629722,0.312609416378,0.00549264191649,2.56012600889,1.43104306367,1.57763146621,0.00984812910082,2.27918571322
v3,15e154a1,22.0482168754,2.27079906715,0.00743653675019,3.18744645218,12.1448166695,9.73141101842,0.00703489881885,2.38795630889,10.8273019889,17.1159826376,0.0025027420377,2.66238806247
v3,1619e2ca,2.84048390727,4.36255101067,0.00633841927303,2.17615025147,1.07886751071,5.23537594517,0.00629398208148,2.37143759146,0.219576869604,-0.698783410022,0.00723479876916,2.26468873448
v3,16e4a047,-10.3759041394,-4.97927098558,-0.0120122591335,2.46090481489,-8.00023793543,0.532996073326,-0.0123149975283,2.47699821419,0.106128030488,0.0546675442352,-0.00603631358501,2.2863448467
v3,173ed841,13.8711038296,21.9410973688,0.0189198484335,2.92211358429,7.55632930962,11.7175071619,0.0166509069862,2.49288559533,3.17185943413,3.24066464022,0.00471673026073,2.29776274525
v3,1770d7c6,8.80878314917,-10.4110549697,-0.00668943191892,2.59023088541,-4.36246590114,-9.64622268834,-0.00605265263429,2.41638131183,-0.558458843588,-1.37279078784,0.00473933856125,2.27282199853
v3,177622d7,-7.23245719721,-18.2803886072,0.00874717051634,2.37957850458,-6.2008718357,-6.61597294342,0.00996668944353,2.3104987672,0.108691053247,-0.54310269202,0.00950864204471,2.23787521991
v3,18d24f7b,-4.74449319877,-17.2370144296,0.0144955591921,2.14359830308,-6.40743773325,-13.5311083646,0.015572755329,2.34846303238,-3.3778643548,-7.46355571741,0.00718396921068,2.39096989356
v3,19137a89,15.1318461784,28.0370555219,0.00947745581957,2.95073077281,21.0602843886,31.8820052623,0.00934627177025,2.63470145331,24.3626501569,36.5771730068,0.00200382383903,3.27035722772
v3,1944513c,4.01043413808,-2.51252345372,0.0432658751615,1.90787251804,3.64420286396,3.65242120492,0.0430076760726,2.40695698314,2.81333443951,2.89738069676,0.0101216191478,2.27874279678
v3,197f8a5a,20.4432424723,25.6700732166,0.0094899535234,3.24319975881,2.54205031045,2.56002143524,0.0098898715303,2.45115472993,1.41715614539,0.910913656853,0.0107353819968,2.22477629838
v3,19871e7f,-1.29909314189,-12.9039043976,-0.0339615958423,1.84906566723,-1.62808525861,-5.77173352364,-0.0330846183176,2.49654762458,-0.591622531138,-0.113546572665,-0.014766815497,2.28106579213
v3,198a5607,-6.8497712366,-13.1521729345,0.028252142023,2.39286912788,2.2796092757,3.46806748733,0.029487584586,2.50329460163,0.666285914872,-0.516729344304,0.0097458237512,2.25392103845
v3,19fb4f7b,-4.24261743772,11.8127492069,0.0144630300227,2.49236877433,-6.73124983984,-4.49632220732,0.0133223143577,2.4600958898,-0.849840672236,-1.69730312953,0.00601334834231,2.26807548329
v3,1a518997,10.4944463743,3.60744384996,0.00407581719579,2.46476352726,5.90931446609,5.24333085946,0.00623803919198,2.59393296037,6.59970496039,9.07432144034,0.011240229472,2.43884470977
v3,1a68190b,13.6189941886,1.95372856404,0.00138113717438,2.85829762443,6.10519847018,6.20835933754,0.00117251360458,2.51268756268,2.07181223334,3.14592371142,-0.00456122591537,2.29051992473
v3,1a730ac2,14.7305255157,-0.517967217381,-0.00694558283015,2.8536156027,9.16036770364,9.45089485374,-0.00697072208895,2.48944722913,2.59995184044,4.3934971847,-0.00940017760131,2.32059142419
v3,1aaf1da0,7.39079933389,15.030218252,0.0319236060522,2.3309975495,7.51469406548,14.0393983977,0.0304565304792,2.67616211433,7.35380311734,9.62916091597,0.0112740981911,2.49811493534
v3,1b08ed48,-10.2008312567,-16.6441497555,0.00412864960968,2.55244775861,-6.55779483986,-9.3751421414,0.00426106740296,2.42783779634,-1.55044128444,-4.54997451213,0.0069251235976,2.33781033883
v3,1b1c5372,-10.6598662286,-43.6728423752,-0.0214107975344,2.93563055658,-11.2367997421,-27.3127697508,-0.0201969567496,2.22225986997,-9.50326957213,-18.4833258567,-0.00516590412597,2.6926369109
v3,1b1eba53,65.9312051557,81.0016096039,0.00772795995205,4.27164484767,38.4172263646,53.7389010925,0.00796348689064,2.60388437784,17.3710322945,25.9041903259,0.00443341435982,2.99928134894
v3,1b6ba517,-6.85007579203,-6.10659399454,0.0101630107936,2.17682682005,-1.75897613498,4.35033465235,0.0130999332144,2.36823352594,0.305236635504,-0.940826002184,0.00951306724974,2.26822327613
v3,1b82b665,-1.83228586443,12.6958695469,-0.0128178667341,1.96102314959,-4.09520218685,-2.99655364224,-0.0140835985473,2.19536731786,-1.21588118077,-1.09359419135,-0.0158974673337,2.27587734362
v3,1bcb2fcf,-4.45205791335,8.91261597374,0.029153249559,1.9749422032,2.3255924418,16.4344859136,0.0298627065473,2.43469889753,2.53649104201,3.4448608677,0.0116848448426,2.29887655798
v3,1beca81d,-3.71080420969,-14.2256408085,0.0141794207858,2.21427505131,-1.74007549756,-8.91807078169,0.0160548766782,2.5312792884,0.322122993296,-1.13458675315,0.00920321304191,2.25770388466
v3,1d3fbf02,-3.51762435041,9.52706868696,-0.00370085483901,1.93244450483,3.95950171908,5.48595646524,-0.00420427081326,2.29584565471,1.88363617508,2.9874850914,-0.00502102959044,2.28622483868
v3,1d78281a,8.72624166498,-1.13095194254,-2.63492463535e-05,2.55577245544,5.57042782219,3.77231513271,-0.000596342907229,2.54426153373,2.21919770082,3.25918336987,-0.00462501383087,2.28633394625
v3,1e30dedf,-9.19252026529,-18.6814242529,-0.00100319908118,2.57543718528,6.5189759953,1.74238099066,-1.45369922916e-05,2.35268675583,0.645879924555,0.651105000337,0.00679183123754,2.26252592199
v3,1e5e3573,8.82965875912,-18.4191967787,0.017380345679,2.55891264796,9.29640403901,3.50357183465,0.01653099281,2.37198445143,2.80715992683,3.26090815129,0.0079786999796,2.2675397753
v3,1f9afacb,1.53853415916,3.87498139324,-0.0257912059624,1.25800752756,3.84332169249,3.36864726186,-0.0256140818274,2.28964180967,0.0418049471335,0.956926523572,-0.0155743216044,2.22164945332
v3,1fdbba44,3.55032376298,6.72553585748,0.0277559894549,1.92210354342,4.05793059477,13.2743645848,0.0260733988232,2.61071114129,2.87632019497,3.61398993477,0.0122014077841,2.25423240106
v3,1fee2b62,2.48614953674,17.2339819032,-0.0152467639259,2.22691106185,3.70892404104,5.5599469867,-0.0152390586374,2.36895336402,0.113805903388,1.92442051637,-0.0135781179345,2.27532126249
v3,20096916,9.00465225015,9.44292561457,0.00308904406353,2.4386139927,5.95107395587,3.14412108417,0.00191625141934,2.88166546114,0.793054731153,1.5238271261,-0.00559706383377,2.24506432931
v3,200d233d,11.7409551707,7.93199554244,0.0066519547117,2.62294492629,7.83603821758,6.91170416907,0.00634798364907,2.63387387488,2.0373760295,1.75956671796,0.0072207793774,2.27775126662
v3,201661b5,6.59637951301,30.2853778625,0.0254617657379,2.59346763296,4.12138855701,3.77198171227,0.0221020747621,2.33188050608,0.666285914872,-0.516729344304,0.0097458237512,2.25392103845
v3,203721ab,-6.38765794066,-1.16373494388,-0.0208592497782,2.40126129896,-2.7884563508,3.99438218778,-0.0196440262322,2.32497250752,0.0432674260691,0.813474899477,-0.00776160080924,2.27205345256
v3,20402d71,-10.4738857502,0.151780132344,-0.0103146641705,2.53859524628,-5.9707245553,-11.4077587353,-0.0103804958381,2.53728842598,-8.377081945,-16.6740069055,-0.00260155377374,2.62856334494
v3,2043abc5,15.2836231676,-5.49501440107,0.0103852372613,2.94673502646,16.1128064848,19.9358620224,0.0128013864935,2.57254390308,13.3550945121,22.0124615128,0.010566828509,2.80664309422
v3,204cc64b,1.81717377732,-16.546739323,0.00889395284333,1.9593734086,2.28213170709,-15.8191171598,0.0092808909061,2.32206089819,-6.42212175193,-14.1406479739,0.00323983412969,2.54101821525
v3,206b6193,-31.5078576894,-62.9422955014,-0.00426581378182,3.62458088381,-30.6068058609,-57.6440819664,-0.00396637656753,2.47269316585,-16.8773682874,-34.3839906051,-0.00257765472132,3.0813200237
v3,2075c696,18.264629862,36.8779775522,0.0379278996009,3.13108805584,12.8745871967,15.1548677126,0.0375559733259,2.24569553202,11.7956164988,17.8628798258,0.0104665662007,2.76060979403
v3,22c5f93f,-2.16448182521,-0.654630275081,-0.00670124197846,2.09078104627,-3.6568350211,-3.94815417903,-0.00717782799917,2.59957867458,-1.84706979126,-2.56897718174,-0.00799414782385,2.334167544
v3,230eaaa3,10.9446950959,70.7927871299,-0.0482202865385,3.27043791697,22.0646596131,52.8457268338,-0.0486535342371,2.27717529494,21.1915087884,32.8850633499,-0.00513396247526,3.1684863242
v3,2364716c,17.2351830399,25.1294284885,-0.00632015252993,3.02858705727,7.22737653448,14.0049193354,-0.0051153893428,2.32573772867,11.5119193019,16.6643349752,0.00912407657146,2.68969100863
v3,23b9beb0,2.86119754768,3.6278466754,0.0102889091845,1.87170428626,3.72869227296,1.82107343784,0.0104501896527,2.28213113674,0.666285914872,-0.516729344304,0.0097458237512,2.25392103845
v3,24d8997e,1.73997094712,1.06661003479,0.0422934505031,1.89303707852,4.33998018934,4.37165332654,0.0417504868059,2.57465963876,0.666285914872,-0.516729344304,0.0097458237512,2.25392103845
v3,25050f63,37.1329033312,19.6162974212,0.00360288747409,3.66347465112,23.1372352637,7.63719902046,0.00479330539011,3.22342287438,24.7707812566,37.2677918936,0.00424727735455,3.2859080028
v3,25939962,4.17294512619,21.0970013571,0.0300420265577,2.49317751286,1.68024619472,3.50356437901,0.0292368662403,2.44520242332,1.39331210969,0.787420390712,0.0121146741928,2.22203776046
v3,25fd32b3,2.91316464471,3.07702781251,0.0389577421496,1.42987215189,3.24729129157,1.59254359299,0.0382699801646,2.62312913678,1.27875487585,0.760870935177,0.00961395933504,2.24955529516
v3,261785ee,-21.0691854087,-16.0544012249,-0.0253897719257,3.20189008588,-10.5222514193,-23.3248505987,-0.0248351883583,2.46880911301,-10.302956739,-18.8880674376,-0.00984049416635,2.73281480913
v3,264feceb,-10.4375869373,-5.31775536024,-0.0183862265234,2.47345755531,-5.25752208706,-5.63182321305,-0.0178313729037,2.3177340659,-1.67896936876,-1.8130193065,-0.0111220361083,2.30877846666
v3,26623a50,-20.1416338274,-2.67115681804,-0.00231695522939,3.12127961545,-8.18206450837,-12.2235877505,-0.000898405001786,2.64480036231,-8.0596670421,-17.1833170975,0.00113367956168,2.62471466505
v3,26d3a96a,6.28027960178,-12.3219103376,0.0204474713403,2.30891412254,-5.22730197649,-20.137986318,0.0197715027653,2.4470902149,-8.90272563155,-19.1183072484,0.000847058089914,2.64746994507
v3,272abef3,-7.33943893591,-4.30298734444,-0.0265668832808,2.39998550427,-1.52753945676,-2.77784132399,-0.0240143628563,2.47851419744,0.493805959829,1.2073732767,-0.00640645103131,2.24516126847
v3,27300fd5,16.3115657582,1.29575143084,0.0142689062019,2.91178473449,11.8560649982,9.69737477342,0.0145164200709,2.74576370447,2.48364308408,2.95344987461,0.0119982910125,2.24715481813
v3,276b012a,24.6960099235,-1.25979366881,0.0289520541594,3.33529444017,16.0967009923,10.2048693279,0.0273295030197,2.79268454565,1.40554445053,0.766096938902,0.00848667251063,2.23177035711
v3,27c3155b,-17.0770149254,-13.0609168559,-0.0426690072069,2.95025641243,-11.3107853821,-15.2113943872,-0.0414725144084,2.19064459573,-7.09212258908,-13.6103667168,-0.00722523084932,2.54803847696
v3,27ebb9b9,7.01092785293,2.21295254116,-0.00630389057288,2.39682497862,5.0477865229,3.00224277168,-0.00741073440611,2.1199341422,-0.198050939257,1.84857811452,-0.0145097290538,2.26008161435
v3,283269ac,-0.480091393755,0.985750633978,0.00176206624743,0.749503626117,-1.50406802643,3.89933268952,0.000935237837698,2.43151564285,0.713994831863,0.594439720122,0.00760627610785,2.25654293213
v3,28473855,-0.191524475524,5.42198701136,-0.00664476560066,1.71316753795,6.47643524546,9.33749292294,-0.00595940608572,2.25484554037,4.60450617985,6.51798928233,0.00662676546477,2.35719783639
v3,28f4eda9,9.55695974174,16.9029084567,0.00276849752613,2.57710786687,10.4833881529,17.6856305879,0.00282225107743,2.7740549065,10.8449327529,18.4572435582,-0.00785654865868,2.67580311053
v3,29b24409,12.7062376946,9.67911503197,0.00981837945575,2.69170544442,8.48755210031,12.1672157401,0.00977377828522,2.40836387601,10.8041859279,15.9632682676,0.0125188685795,2.67372064358
v3,29de15c8,-3.75163217721,-6.39206047086,0.0404604511136,1.72022053287,-1.16907116178,1.10626930782,0.0407325957577,2.27909634852,0.601858070711,-0.0351019514667,0.00991192576044,2.25028051137
v3,2ab29395,-1.84941684665,0.119330302038,0.00993486689368,1.24111134153,1.5211690372,1.71932509342,0.0106621357871,2.30520048502,1.35065655889,1.08193981381,0.00588089696103,2.22968642528
v3,2ac7cb6b,-9.4238496994,-36.7090908445,0.0154477383369,3.0251111206,-18.7758109308,-36.5754060897,0.0138300743115,2.44627481292,-15.3873740023,-32.2743614612,0.000789062501679,3.03489897222
v3,2acc78d4,9.2892076887,25.4579147199,0.00502849359764,2.68281679315,6.21698584709,6.44780750266,0.00453814855127,2.54536632982,1.28225190804,0.909483119289,0.0024575106526,2.24239535152
v3,2b034622,-6.14806265616,1.58540238049,0.0343404581163,2.05484416593,-2.95953532428,-5.27288896111,0.0346181252899,2.25772311014,-0.0533263857999,-1.70048203524,0.0087454939575,2.26036096949
v3,2b06ad65,1.81412828947,2.70246476723,0.0117165736389,1.32078918734,0.793136904692,-1.04091503761,0.0113540790556,2.19934785239,0.666285914872,-0.516729344304,0.0097458237512,2.25392103845
v3,2b547943,9.89807758621,19.0143438518,0.0197093909374,2.5833526005,11.2079915599,13.4079879582,0.0178687557407,2.24407517802,5.32682820941,6.81012228423,0.00797345383664,2.41268577584
v3,2be5c96a,0.714622327791,-6.09193642485,0.000816777238203,1.53941426693,6.3290047127,-2.5411335558,0.000790794945844,2.17843017676,1.41034604437,0.838762062162,0.00582315697331,2.25688502248
v3,2bff06cf,27.0296983211,15.9685777366,0.0169448349301,3.3819445974,9.49443026808,7.65952775687,0.0172317893515,2.49188215061,3.60080251081,4.01381469796,0.00781106219837,2.30726771602
v3,2c0c4a4e,5.89795407098,11.6519997699,-0.0124207973047,2.2023160589,5.42441160776,12.7105904563,-0.0114752832966,2.5247941364,2.25492110916,3.41025157802,-0.00353710058825,2.29086706091
v3,2cee0cba,-7.95743636364,7.38322091256,-0.0102893850044,2.45660497456,1.52134968047,14.8678437002,-0.0110260676958,2.41596867483,2.81801823797,5.21659709436,-0.0157094959669,2.31148417721
v3,2d0c268a,-12.1760769231,-7.5722362181,0.0142813590502,2.76473238767,-5.52754507265,-10.8904977641,0.0139550245617,2.32562947153,-8.50695336495,-18.3690819218,0.00311109134785,2.64879975534
v3,2d179ded,-1.97207191781,-1.74751953457,0.0187508487371,2.16902561839,-2.41221732476,3.12955820077,0.0190023211916,2.39124784527,0.66363263757,0.395199607732,0.00806213631631,2.25750801219
v3,2d196986,-8.81614612295,-24.3755864024,0.00240553189963,2.56428123899,-8.05652431636,-14.3220625389,0.00238547183537,2.62846143894,-8.37727981101,-17.3015472487,4.78979537759e-05,2.62666647516
v3,2d2d0c6b,0.736917740336,1.38046715824,0.0338548660039,1.39771521931,3.17036161294,2.90846107101,0.0330130963243,2.65207224194,2.03247389228,2.2626806428,0.0105474236035,2.28438504595
v3,2d35f86d,-0.535541258169,29.953846295,0.0269536045387,2.50276267614,4.24956157876,17.4286926067,0.0253779732272,2.54382125846,2.86471506768,3.44466075213,0.0123802797665,2.25371965023
v3,2d9f6cb9,8.01689424911,14.7829346048,0.00315035967625,2.38956119188,10.9227626368,9.42545859713,0.0032613842689,2.37553949978,1.77743443292,3.15435402888,-0.00480492086437,2.28445809221
v3,2ddad940,-2.92876571,-17.4115970003,-0.0106366765954,2.15707555516,-1.66759126101,-8.45457395351,-0.00963006366404,2.2482433759,1.01220389994,0.144733298054,0.00672449472175,2.24325296366
v3,2e29e833,0.280810611643,-4.87252091819,0.00780420478162,1.66914952024,0.0822187349349,3.71722873211,0.00773950025567,2.02858051988,1.15237798831,1.01364516811,0.00786969887755,2.23198243295
v3,2e43c2ea,4.40575991576,11.8212528329,0.0334113044627,2.13858231833,1.29869294251,13.6800875793,0.0330824491656,2.71921913633,2.69401817383,2.62626069352,0.00993244800114,2.28519950931
v3,2e63d9de,-3.87418812513,-39.765719542,0.016790385437,2.69286266373,-3.60102398572,-17.9985163482,0.0151711643147,2.61608849866,-7.52284236034,-14.9665875755,0.000397866304277,2.5402507713
v3,2ee0235b,-4.89365190785,3.84128255142,-0.010668274748,2.05450234308,-0.159922203857,7.40370344239,-0.0101993811659,2.39582797496,1.22291183604,1.86209871186,-0.00979655144054,2.28506136223
v3,2f19d536,-5.89366580311,-7.80775454689,-0.0356193321547,2.01963824424,-6.89116709054,-5.02089595637,-0.0348983768182,2.39672027281,-2.83828439272,-2.7123797697,-0.019707487432,2.30297838172
v3,2f8e53c3,-1.69440632228,-5.80911090511,0.00713657765309,1.45699863291,-0.169565849145,-11.3457649649,0.00838613568071,2.08126762599,-0.0533263857999,-1.70048203524,0.0087454939575,2.26036096949
v3,2fa01aa6,-15.1232842686,-37.0762644672,-0.078748498997,2.98454086331,-18.2576591131,-32.3381711289,-0.0744589322225,2.51283262563,-14.921003255,-28.8161764336,-0.0129980975792,2.93852895431
v3,2fd68f7b,56.019744186,55.2542913016,-0.0085268165988,4.12293449111,27.337808704,54.9957836584,-0.00769043596717,2.10094331965,20.1079794337,33.1316517113,-0.00709525388722,3.13632188147
v3,2fe023be,10.4132693674,-4.80702245691,-0.0164029824535,2.63255850637,-7.45054410563,-15.9572338192,-0.0171167933518,2.64656435861,-8.99524590985,-16.8081048016,-0.0103244442695,2.60661019181
v3,30d75030,-10.7932373678,-46.9160394767,-0.00850477976427,2.92312494937,-14.4922264737,-45.359063059,-0.00851994327831,2.63653655957,-15.3439681543,-32.2031404281,-0.000707390017014,3.0256873285
v3,310c71a5,6.34926978074,-3.69558537932,0.00407584242747,2.28679239006,-4.37902076764,-11.242071522,0.00375725157905,2.54508985969,-1.36110076235,-3.55336468143,0.00531059175628,2.33597804986
v3,32fe84c9,-20.1564497503,-20.2789559027,0.0134470037147,3.14634048536,-12.5646284996,-27.3590838343,0.0134391668484,2.61446689928,-14.0250151339,-29.9082775911,7.79012656449e-05,2.93473107327
v3,33c40295,3.0560566083,24.0517265048,0.0300298301305,2.27220730293,4.00279080407,19.9259966405,0.0276606928627,2.65864869609,2.87014533972,3.11258826994,0.00849089994423,2.29410791104
v3,3407f5bf,-14.0159098406,-46.3998016177,-0.00644086820632,3.10431232131,-29.3135511989,-56.5845614031,-0.00711680968116,2.49157806912,-15.3379812239,-31.4745048212,-0.00605994103246,2.9845778185
v3,3417285d,32.7090952468,12.8966323241,-0.0125844102643,3.5673327765,9.00380187506,24.8615230386,-0.0114854410842,2.45572393544,20.5688378331,31.3341201598,0.00445644349393,3.11691697539
v3,347242c8,0.20678720445,1.82458974196,0.015219052084,1.17619752262,1.26886056355,-0.481360375754,0.0140435457095,2.32953961614,0.566861366965,0.864116898449,-0.00178167125646,2.25550497505
v3,353e5502,1.0758973936,7.35034425076,0.0314785698462,1.89301566143,2.15186837982,0.165272263309,0.0302565416196,2.74826998403,1.41715614539,0.910913656853,0.0107353819968,2.22477629838
v3,357c12f9,3.56400098063,5.44982231083,-0.0657041230089,1.8907629496,0.608155598329,3.59701883065,-0.0658600510254,2.50191053114,0.248289248138,1.18660052687,-0.0137526991033,2.27757505165
v3,3584a6eb,-8.10273920783,-13.0519867142,0.0247414951964,2.31335868514,-1.44859196631,-6.77927206108,0.0240940659261,2.51200196426,0.708530087611,-0.501888622094,0.0111697015502,2.23820999335
v3,35b30c7f,-17.6190165988,-17.2228579938,0.0280478538584,3.00328308891,-4.72852065889,-18.1908304393,0.0275614297535,2.25297032407,-7.33377340925,-16.7271795249,0.00390639834392,2.61410909898
v3,35b3ef6a,-23.9009451844,-30.6600957907,0.000597445583819,3.29751633035,-16.7754759393,-30.374762196,-0.000148481643967,2.36211832892,-15.8591132351,-36.0163716877,-0.00178427504035,3.03612154896
v3,367456ce,10.8164140779,6.31336452464,-0.0191487955308,2.61171381588,12.3770742515,17.6475927032,-0.0175999412132,2.4793596784,11.2725466515,19.2670412969,-0.0042650829062,2.68849694479
v3,368131f9,16.9838629533,38.5834452592,0.0199165458839,3.08538023364,13.2714909978,23.6637684497,0.0190107129156,2.59904866299,10.5596412217,15.9581454481,0.0140951905522,2.68224232322
v3,368fe682,11.2572285251,9.66109807562,0.00819667869445,2.69991739846,5.44383099161,9.82984563654,0.00848761281825,2.56915472419,1.40407140149,0.987976415628,0.00955788565426,2.22312600895
v3,3690a146,2.14700466487,19.0826613349,0.00389782793558,2.09558017439,3.37456362897,13.1563673198,0.00266083453175,2.42147293626,2.74681135095,3.90786675164,-0.00117852220722,2.30461426368
v3,37344c2a,5.97685587839,28.1300590945,0.0562712269026,2.65600577516,7.57698160011,3.96105812099,0.0544723643973,2.24984276519,3.35606273127,3.13991521268,0.0102910177906,2.29331218323
v3,373ef48b,3.31184667997,5.41870393348,-0.0274556489824,1.82570852114,2.03936324348,3.94586651476,-0.026991679593,2.50742471687,0.616714872507,1.23016642566,-0.0109554649718,2.26447002834
v3,374be387,-2.08801204215,-8.66480723834,-0.00466714097251,2.04287644243,-1.89912512302,-9.22679054256,-0.00529458918052,2.36859016498,-2.063319982,-3.00687193364,-0.0113547655326,2.31621926805
v3,37d36812,19.8489832837,19.8917885389,0.0340439927836,3.12922736273,16.8933114292,29.4943429033,0.0333059748955,2.67046009657,15.8498356952,25.7495543245,0.0136627030765,2.96973988111
v3,38991fd4,-12.7939224677,-19.8096391382,-0.012186366852,2.76418104453,-7.29590272174,-13.2998076545,-0.0105757797676,2.50684255668,-3.310485664,-6.35674031185,0.00648652043095,2.37117157233
v3,389ae58f,47.8121321368,41.2157784774,-0.0285620144476,3.92716870701,27.6620036548,35.4711504466,-0.0271905339986,2.77878169016,20.1694643394,32.8026755815,-0.00245667529458,3.1437072732
v3,3932faa6,-1.6666269259,12.7894236111,-0.0260501181982,2.65027804241,-1.50354360009,1.50331015434,-0.0278578257009,2.93470578604,-0.952068835058,-0.399076456208,-0.015093599983,2.29386248875
v3,398dce4b,-1.38212255212,3.79733079266,0.0110802220796,1.71554747473,5.52453036697,13.4112336903,0.0110124556529,2.366820161,3.41429607565,4.97691744304,0.0117379763477,2.35079156724
v3,39b51819,2.1916520917,2.06915812446,0.0279647456829,1.42559951372,2.97350142992,-0.136125949439,0.0278147477483,2.45088862928,1.39331210969,0.787420390712,0.0121146741928,2.22203776046
v3,3a0af893,15.8795524428,30.5962420399,0.00440412237245,2.98009900906,14.483547753,22.0525970563,0.00297162080086,2.57161872017,11.100542515,16.770485648,0.00450369866618,2.69653517343
v3,3a223519,-7.23153392974,-18.7419899743,0.0039603103941,2.34191756016,-4.60518581812,-11.4226423017,0.00331183375532,2.47563027961,-3.73467981872,-7.16626663019,-0.0037785287463,2.42155846984
v3,3a7dd95d,-9.46395507812,14.8731287181,-0.0405729726928,2.6397990981,-2.9971680777,-3.74277254243,-0.0394957244058,2.26861307229,0.0769259949254,0.822830345311,-0.0151208538437,2.21291329839
v3,3a824aa7,-2.66101880505,11.0655026109,0.0421814730123,1.90063352876,3.80910984952,4.73346787235,0.039821630736,2.32758473124,1.18599899779,0.957765450477,0.0113480147758,2.21786621953
v3,3a86fe8d,-10.5534544744,-8.72973289176,-0.00895942807089,2.53644788484,-5.83210516435,1.332528542,-0.00777327923661,2.63998518094,-0.81471444607,-1.35342083288,0.00110679715691,2.25728465288
v3,3aaa2b30,14.627191679,30.3839328898,-0.000346205520909,2.9188637739,13.1663021778,20.9961625775,0.000512236164846,2.34815815881,12.0487846125,18.583349233,0.00570279464027,2.7774547303
v3,3ac16ad0,3.18286599398,-1.02478296824,-0.0191147799737,2.29056778538,-0.664898737224,4.17529262353,-0.0188432442501,2.57254969676,0.508106630286,1.82825479631,-0.0138134445157,2.252701002
v3,3b21ea64,4.55421366594,7.37100696984,0.000297834309149,2.23740102469,7.93463903058,10.641893947,0.00137910392167,2.33177514684,2.85575270668,3.54188810891,0.0100404221942,2.26336270831
v3,3bbe1f5d,9.17250505927,5.57822652457,-0.0156087908464,2.44865777678,1.91230333847,16.4807177244,-0.0157487223448,2.19230922657,9.56138647214,14.3346176298,0.0042723687248,2.63544758303
v3,3bfee975,-0.434152095476,-0.512162580018,0.0300749316792,2.1793483314,2.64832020614,-7.52125719805,0.0286401648795,2.02754628578,0.062553383123,-0.933854179623,0.00914702626579,2.23014298672
v3,3c3dbcbc,-0.424269086605,19.9645800334,0.0103243950721,2.22931434001,4.43089418121,7.41502371391,0.0140687482027,2.6258881445,2.25435866343,2.14289953059,0.00817782373224,2.28259255955
v3,3d96d897,-1.67219826825,0.462564124691,-0.0192267770222,1.52807396976,-0.221831433453,1.46098999808,-0.0181714770182,2.23143359628,1.33503123881,1.08981561928,0.00264363494551,2.24305282217
v3,3df4b19e,-6.64121692061,-11.9478525852,-0.0040654135844,2.26928582284,-5.56468684906,-7.23780784444,-0.00317477136891,2.51763349288,-0.0671947014347,-0.574276785902,0.00646026575962,2.23870470661
v3,3e011332,9.61589056188,30.055767188,0.0274687497651,2.91351632317,2.35435298236,3.9251387797,0.0216976236487,2.39638418109,-1.00686095862,-2.68455501349,0.00404224050353,2.27334180295
v3,3e678ea7,8.12701953923,-4.98375605513,0.0230897086359,2.41858093094,3.79219014729,1.62915597228,0.0224619127582,2.31302739789,0.666285914872,-0.516729344304,0.0097458237512,2.25392103845
v3,3ef6372a,0.563545589169,-10.5248431572,8.2853677967e-05,1.97815327095,0.733424743799,1.39359896782,-0.00132764113954,2.23105970337,-0.571550843787,0.74366286745,-0.0175664337317,2.22998912758
v3,3ef98781,-11.6070889003,-0.915020726584,0.00945351554604,2.59777977752,-1.9005522767,1.55224832838,0.00942789355612,2.05443823558,0.413582895805,-0.157586465848,0.0100805378715,2.23385027241
v3,3f603129,27.4061987725,1.84440637563,0.0220887271327,3.42465919759,15.1894204056,5.71041617718,0.0197170982469,2.57471990485,6.37821005805,9.44869466622,0.00403665270294,2.44842018701
v3,404c4384,2.94919868277,6.20912978797,0.0220868039885,1.52631048943,8.10442850923,7.2512487609,0.0194061991824,2.46325008062,1.82865799499,1.52595444326,0.00925535290899,2.27522397575
v3,4121c517,7.76688154714,-14.1576707136,-0.00515940733673,2.50333894001,7.60620374919,7.27221441607,-0.00462648369532,2.40697405015,3.98887467679,4.45624522062,0.00642087103742,2.33886328109
v3,41fb0192,3.00551631349,1.37481555927,0.00281323190219,1.51682037265,3.85564063699,-2.41792767679,0.00395349479731,2.3575895827,2.22814545731,2.44276417156,0.00898755895269,2.27911174475
v3,42669188,-21.1465156469,-20.5849859611,0.0367927495684,3.17933125573,-12.2880651248,-29.4948896607,0.0365908687917,2.19660489502,-16.6077868123,-34.5809871712,-0.00209409266395,3.05390124326
v3,42c538a1,22.1261726136,35.7140891259,0.0239820671402,3.30280626754,10.473143052,25.9460509622,0.0226520377108,2.68704960989,10.6440197619,16.7769919887,0.01174131198,2.67733719728
v3,43b06c70,7.00508873297,-12.8676942522,0.0352361824031,2.27924914528,5.12704579425,-3.02358758662,0.0347036768636,2.69236684482,1.39331210969,0.787420390712,0.0121146741928,2.22203776046
v3,43c7f85a,-8.79099029776,-11.9453804576,-0.0266352735125,2.49982565324,-3.86696314741,-7.7315663047,-0.0261348690683,2.41689799983,-0.0164725539502,-0.25104605312,-0.00763998649853,2.25962230278
v3,43e16325,37.5043360215,90.4827503489,-0.0428169968002,3.84538441303,37.1915538306,76.8958610395,-0.0425847488555,2.42267597117,24.2982410229,34.6091072892,-0.00405221748629,3.24580329582
v3,44441e54,-0.396940555428,-2.41103596066,-0.00446172599834,1.5409298699,-0.470239446773,-4.25708671375,-0.00467468383746,2.18282749899,0.252314046408,0.0443077820589,-0.00466290808863,2.27429368865
v3,445af6c2,-26.6352342327,-39.4680916156,-0.0170884149645,3.43251736632,-16.7602896796,-35.5103549985,-0.0177394681079,2.47135401739,-17.0793853988,-34.9997213296,-0.00363034330707,3.08147140856
v3,4463446c,14.9239189189,36.3341278207,-5.95141807932e-05,2.98872241479,12.1501685339,17.957787872,-0.000466601063013,2.37448095918,12.1540902523,20.2004333242,-0.00657458830944,2.72862042019
v3,44a94013,-20.5740995309,-11.3651854992,-0.00265180044606,3.18893645003,-25.426825187,-44.0517767845,-0.00404948046726,2.62923113129,-16.2122184642,-36.5998041134,-0.00450565489907,3.04566617388
v3,45fb3e21,-19.7846177035,-50.0480430367,0.0032054873501,3.26421738483,-16.2138343635,-33.319190179,0.00351424047223,2.49192346919,-16.3463208119,-34.8000161745,0.00078066537195,3.07294030481
v3,460f859e,0.323090527577,-47.9979780497,0.0411726083772,3.04509703049,-11.1309729696,-33.8199074027,0.0414174067653,2.6706181738,-10.4973690372,-22.8977625104,0.00140650345875,2.77558629717
v3,4630ab92,-8.23147346576,-16.3098021054,-0.00545073732484,2.4749026242,-1.68922945061,-5.99925227157,-0.00607975590879,2.54844097569,0.543816032008,-0.0329145454426,0.00124654011045,2.25399772716
v3,463c38f2,0.222506726458,6.0778327689,-0.0237580323158,1.99011113099,1.72973081567,-2.71164502797,-0.022446564527,2.5372866562,-0.101847625541,0.707624473661,-0.00821281425197,2.25782548604
v3,4654e7de,1.52637446492,-4.8829916651,-0.0103849902397,1.83453254037,4.809470228,0.523009181378,-0.0101999242396,2.34707676325,1.68994736574,2.63944152647,-0.00167174540258,2.28663443377
v3,466fc788,12.9080522834,23.5143589761,-0.0290667895603,2.88852448734,7.4926581171,26.2508564776,-0.0265601609007,2.75740786972,11.8896396641,20.7014600973,-0.00673737379456,2.7180179343
v3,46a301e9,-9.66879893022,-4.34222428915,0.0237158332382,2.46079520446,1.84748008091,-13.4731630564,0.0219561036251,2.05059694351,-2.00786404444,-4.87405912843,0.00796179852775,2.31743242718
v3,46a7190b,10.5480664294,22.5973753874,0.0107621236686,2.66098477879,8.75956920235,15.5811133454,0.00972279116877,2.4296679101,8.47294702294,12.4697683965,0.00774891943778,2.54509341925
v3,46d24a09,18.6067543268,6.76818202399,0.0285981327944,3.09260610282,11.3426382616,20.6994550861,0.0261319050657,2.50728456327,11.5611975325,18.0940519659,0.00763213167372,2.7189957157
v3,46d41ff6,3.10865713201,-2.82744656276,0.0179747545057,2.09835152964,9.10516756632,6.92369637942,0.016699103952,2.37810774537,2.54162659111,3.08420998042,0.0105195870583,2.2905411973
v3,46dfcfca,22.336797005,15.239602829,0.0117625144979,3.1907609161,21.2774665315,30.0077185874,0.0131768165993,2.56074959369,20.7657164886,31.4352312789,0.00510700633046,3.16260531535
v3,47222616,8.93916023604,25.1675691326,0.0231140998408,2.61943958681,5.00576945077,21.5050009437,0.0204362154436,2.23963588322,4.87305649599,7.51520910071,-0.000578036715532,2.38491728857
v3,47ee27ab,-1.31047834923,-16.0138769428,0.00931858285371,2.17601613177,-6.44822210515,-12.2620659129,0.0100529807864,2.27702789924,-8.83325771584,-19.0633013035,0.00227633654302,2.68592974319
v3,481de5fc,-12.092641129,-3.06625793176,-0.0219678303788,2.68519180035,-10.0201965723,-14.3106434979,-0.0215524265336,2.70514244436,-9.73262946808,-14.8557094295,-0.0203557753672,2.66771590204
v3,48c1f673,16.0403496743,21.4107382194,0.020552657429,2.96939564399,3.44424234828,10.0698278646,0.018125579931,2.32264357506,2.68259381901,2.92667872111,0.00913804413058,2.28327398411
v3,4936af16,-1.90787020797,-10.4616453202,-0.0113336862812,1.81267763161,3.94714931607,-3.90760575856,-0.0101443468885,2.30003758414,0.55367846912,0.549336161349,0.000795831013202,2.25618904989
v3,493b5b31,13.4838578463,51.2746894603,-0.0396315257759,3.08219705028,7.64255723676,38.4130654924,-0.0378597621418,2.65374460502,12.8629161426,20.8877217943,-0.0089286220959,2.78319384359
v3,49dbc14c,-4.00021177686,-9.82939641735,0.0250404439066,1.86754948451,-3.10358033675,-8.47795657776,0.0242828215635,2.37719866351,0.0741585104114,-0.764524996978,0.0089681542834,2.23065573756
v3,4a035ec2,-15.167812983,-33.9812688386,-0.0201485822534,2.96414743481,-14.5172825643,-27.219174949,-0.0178494562408,2.35801542359,-10.8755529956,-19.7502585859,-0.0114029103724,2.74710640542
v3,4a335117,22.4902711864,-2.17318603997,-0.098773485252,3.25866307673,24.7552038903,36.9886872912,-0.099959637969,3.10355068804,20.1329892155,31.900364374,-0.00775780392885,3.08727504939
v3,4a8ecc0b,3.79021862627,18.773332772,-0.0211468647572,2.50241127929,0.169522099182,11.4825659443,-0.0219057335446,2.34106463172,0.784661955921,2.15973396582,-0.012734020459,2.26031320693
v3,4b462989,-3.61158403091,9.59834737878,0.00996295888648,2.02880915851,1.66992575427,-4.03209541029,0.00783611269954,2.38011585561,0.624839369353,-0.0339258789309,0.00825669387214,2.25251222776
v3,4b831d20,-13.2653911379,-18.7157387731,-0.0508617165132,2.85666133363,-13.009092601,-18.5869488304,-0.0513964717808,2.56344707836,-11.1230906615,-20.1326152659,-0.012470735935,2.7575472969
v3,4c2208f5,35.3869242199,16.0070907217,-0.00139408651697,3.64758560629,23.2127206262,24.0583455054,0.00369754585327,2.63385823705,16.1006094202,25.5412474718,0.0114072396883,2.93014299524
v3,4c3168cf,3.21371481311,-2.97884773011,0.00827224997476,1.68613301926,2.0403867025,7.38539091854,0.00832946854794,2.77911981205,2.15627050556,2.84637084803,0.0104575763894,2.29642367534
v3,4c3df468,18.7665986647,-0.617646614113,-0.0148483881278,3.07872204221,8.3785039932,8.33461936502,-0.0141651394419,2.31608955631,3.58869478993,6.15463056444,-0.00553256176959,2.35398413164
v3,4caa7289,6.966551149,20.5242796179,-0.00993818918564,2.36835909589,4.2792968646,17.1186393449,-0.00773422417187,2.49653984487,8.59215141339,12.2974863642,-0.00060646332791,2.54533797478
v3,4cd1ac61,14.5240922254,5.39597564152,0.0412261336861,2.75649603625,9.70258255954,10.7372577995,0.0411107686922,3.12328516482,9.55024251496,13.4758373717,0.00948635661298,2.60881128028
v3,4cecf7b3,-2.69528326965,-5.61257773419,0.00817606943812,2.28206751306,-5.06173618814,-14.790461562,0.00755299149541,2.61264321077,-8.63620124695,-17.3347553527,-0.00247820653456,2.60972785371
v3,4ddde4c1,-2.95282871199,7.20658024774,0.0022758404291,1.72006316896,2.36131282329,8.7002724652,0.00220641595384,2.25717203258,2.02247526461,2.92954599152,0.00855541839645,2.30229387779
v3,4e050c92,-4.12361673414,-14.3386628096,0.00249477437233,2.04907041603,-3.01718375959,-16.2660393675,0.00508609556369,2.74696043007,-0.0533263857999,-1.70048203524,0.0087454939575,2.26036096949
v3,4ed93db6,-7.63058191969,-15.9069680835,-0.0171034335438,2.31592616049,-6.78429878058,-5.12158161365,-0.0172097847969,2.52419039336,-0.390801100295,-0.181450636777,-0.0169011814404,2.30205239605
v3,4f3eb9e9,22.9834341069,77.5034459538,0.000509584428576,3.52867924978,17.7309178601,46.347817375,0.000669088334922,2.57250793628,20.9520053454,32.5635010559,0.000232795425994,3.1679313602
v3,4f4ac5ce,2.67447694692,20.7857538405,0.0120865296274,2.22468972253,7.22680360205,11.4693299624,0.0123525753993,2.36800288293,1.87467085593,1.60941854427,0.010962427101,2.24469796909
v3,4f4afcc6,-0.252249778565,-18.5780429918,-0.0200396949077,2.23261361233,-3.05960027514,-6.83466560196,-0.0194491353943,2.26928994846,0.157744485712,-0.203513597173,-0.00366597763243,2.26206896384
v3,4f69febf,13.7202545788,17.7693614924,0.00259158091301,2.76890982529,8.15363221112,22.525256084,0.0026347635354,2.54252061436,11.2822272789,18.2837481488,0.00385608020364,2.68843738265
v3,4fbe9c06,-8.82502306346,-5.14438064976,-0.0125944087516,2.61744120662,-0.00970889269626,2.32679829123,-0.0114378405781,2.36914554117,2.05284690309,2.115199338,0.0113844450962,2.22886463712
v3,504c8b08,-19.74191613,-15.0227831309,-0.0178324827149,3.07531842287,-15.8827626242,-15.5506425708,-0.0182386561593,2.71909559834,-10.924986322,-21.40864754,-0.0108240454317,2.72952846719
v3,511e1db0,1.05306725988,5.23078928848,0.000267925956922,1.29381048321,0.456092729992,0.254832261692,0.00257430658465,2.57261727383,1.40407140149,0.987976415628,0.00955788565426,2.22312600895
v3,512943b2,-2.19047723205,-6.67032936523,-0.0221568489903,1.61601199047,-3.33022026662,-8.62860984795,-0.0217277510341,2.35836840958,-0.509277120625,-0.668638944638,-0.0108260487449,2.2634573937
v3,5138a660,-3.39765664512,-11.184245161,-0.0134904863858,1.86841350426,-6.30247652798,-14.5671240814,-0.0106032214974,2.51975963546,-2.3834005257,-4.06165115089,0.000848127894565,2.31060774622
v3,516088b7,0.477534988713,-9.73190999457,0.0119416781012,1.99763521377,-3.17497913384,-4.19900576283,0.013745474316,2.33229910454,1.39331210969,0.787420390712,0.0121146741928,2.22203776046
v3,521a7819,-23.0833,-24.6597796311,0.0234043753317,3.27191832837,-4.72168223176,-26.4946198186,0.0246392627358,2.85784772619,-8.15709885529,-16.3405957919,0.00105392697936,2.6192369702
v3,5254b6db,6.95526267563,2.23563062015,-0.0306935203511,2.11551804167,2.89536905487,1.63401485922,-0.0292155594556,2.48872810507,2.11754568112,4.37645918489,-0.0105336962359,2.33544178747
v3,529e88ca,9.73401521803,28.4559671131,0.0453248833735,2.78905398721,9.2286523167,16.2306751637,0.0412486125452,2.57885150751,1.75443246176,1.55245312565,0.0101870621659,2.27026976216
v3,52f1e77a,11.8637933363,-2.8303002036,0.00557815076876,2.71964148688,14.4609937744,5.00059463925,0.00679125457691,2.52045133959,11.2552932577,18.3822920542,0.0107400721482,2.68733961512
v3,5305524b,-14.6149755002,-21.1540442117,-0.00100838446437,2.86988010256,-8.62077388734,-13.2685253253,-0.001005793726,3.017656791,-9.19101076206,-16.9132203221,-0.00864488699555,2.67003331366
v3,53134831,-16.5473936793,-13.9352564046,-0.00563001035978,2.90930005299,-10.4285415476,-14.6479310072,-0.00538431454845,2.34546652255,-7.36108604378,-15.1860265117,-0.000571969393864,2.59071811464
v3,5397ceb1,1.51068506185,25.8310649262,0.00247029328251,2.32736705276,6.76380989043,15.6123451973,0.00267875533406,2.53777804671,2.43954484926,2.35297763543,0.00706784301083,2.29994317822
v3,53f23031,8.12843391813,20.0492747974,0.0108507172606,2.45684868678,7.49307889803,9.5207872795,0.00980003031546,2.28632093458,3.28732018344,3.35461296343,0.00971304953957,2.29953791678
v3,543198e8,6.86680455175,-31.1462927301,0.0151394431541,3.06874832976,-18.4835075975,-39.9786477114,0.0143756551866,2.35812401004,-15.8977950266,-37.2889384922,7.50614038869e-05,3.05383957505
v3,54753541,0.0287903626426,41.2687677736,0.00510235875027,2.84623283024,21.8409460595,43.4487782484,0.00525346573759,2.43047046332,22.3385782182,32.8550183808,0.00716019640535,3.18542928257
v3,54a7e3c2,9.67708204712,-4.9868047246,0.0200001096988,2.48804857763,0.826285131943,2.77729981069,0.0211102870849,2.42524372574,1.39331210969,0.787420390712,0.0121146741928,2.22203776046
v3,5542c301,0.795828460039,-10.2563712083,0.00299374801729,1.87197356797,-3.60917709132,4.67131487812,0.00324765982976,2.54110294324,0.590153490663,0.644109952114,0.00786068249927,2.26575268273
v3,5567d551,-7.01375235883,13.4900781107,0.0116087771882,2.42387240078,8.48505413967,11.7065321334,0.0126842741999,2.40540065606,1.75443246176,1.55245312565,0.0101870621659,2.27026976216
v3,55efee7f,-18.0244969798,14.5222382207,-0.0175880488991,3.2897128224,1.03003791061,8.77455182352,-0.0155580410276,2.44102991645,2.74651082373,3.8018706554,0.00700812288691,2.2774560187
v3,5663b2b7,-7.03055108608,36.5452042494,0.01366200402,2.84978666,-0.211790690194,3.34954738169,0.0126012216828,2.56266447557,-0.0389262860715,-1.55868341103,0.00897045654045,2.27200612234
v3,5693dde2,-5.9867603211,-1.14812284546,-0.0294754919215,2.07415698469,-0.708902325279,-6.79052962855,-0.0280735041799,2.36190148142,-0.296192567317,0.429028489536,-0.0142049089992,2.2579466617
v3,56b00794,27.9574014839,28.7991503128,0.0229405793809,3.43220264592,16.2623106786,15.9090964607,0.0199088805047,2.62354401224,11.8571898798,17.1648275269,0.00810273176164,2.73770639861
v3,57796579,9.73312903226,16.0165229058,-0.035652993602,2.62561584881,3.7687960675,20.4515224849,-0.0336912486492,2.54825294528,11.6562677892,20.3266976724,-0.0128102765545,2.72525438584
v3,577eec7c,15.4510442829,-21.280325601,0.00274114484404,2.98947713087,1.43481689389,-6.30197404942,0.00342371115516,2.42629351215,1.38524322194,0.85957201597,0.00608782736389,2.24036523398
v3,57f05c51,31.4737162021,43.8406048821,-0.0563892772467,3.61964874561,4.77074172381,25.1666759458,-0.0547259025184,2.95137323009,2.20810162056,4.78126184327,-0.0176699410866,2.31540378857
v3,58850d2c,-14.0522522523,-5.24894260153,0.0106658496197,2.76556131416,-7.12487950138,-8.43927862134,0.0101083899247,2.51727187222,-0.0533263857999,-1.70048203524,0.0087454939575,2.26036096949
v3,58fa8486,-7.45098324022,-28.6172716761,-0.0547853401312,2.55456493347,-3.61280194572,-4.68603794817,-0.0529009851443,2.62139515105,0.0348069789886,0.872851308475,-0.0195805141445,2.29741269253
v3,591cc951,-12.4040919939,-24.4753456356,-0.0148775768915,2.77396245356,-9.80700112769,-15.7075412661,-0.0139889874092,2.40176502518,-6.19374334846,-11.3553039518,-0.00112074664551,2.46421406265
v3,593876b6,10.3539487815,-11.451741762,-0.0036299889679,2.58613766556,-1.0098920163,-18.7012259642,-0.00236039662193,2.47857303298,-1.54196715654,-3.66416812838,0.00588162896753,2.28500631741
v3,59f8b2e8,-2.21067787564,11.0291260629,-0.0303237953831,1.9789837009,2.49015902096,10.5848848464,-0.0296121560395,2.45157735872,2.1544979228,4.20005292275,-0.0134216410181,2.33554527475
v3,5a1a8fd8,-10.7787338403,-0.564494533633,-0.000600609924568,2.65079405317,1.89093142599,-9.93777771388,-0.00208212838208,2.84854640623,-1.31192518775,-2.22447997682,-0.00463161378593,2.31531184882
v3,5a5269a9,0.686241363426,-10.7338479782,0.00163279278935,1.92615996959,-0.409802100611,-5.53062367918,0.000478625020564,2.09491975579,1.3837701729,1.0814514927,0.00715904050752,2.23172088583
v3,5a5d1982,-2.29622752953,18.8241930609,-0.00666432131086,2.09268507463,6.77940168424,14.1399487074,-0.00712749614775,2.40610520316,4.21892521783,5.78594700131,-0.00327602160519,2.36632440555
v3,5a63b5d1,-17.2752404697,-9.65773166811,-0.00368525208063,3.01794598729,-7.74723922975,-12.2867575969,-0.00275752716715,2.47767965637,-0.414375665167,-2.12457869312,0.00851273745605,2.27466320716
v3,5aa03df7,1.60462122767,10.3632950315,-0.030514877871,2.0263063252,13.7071004288,22.3901132926,-0.0289512126091,2.37881093992,14.7140215955,24.9198995079,-0.0103613876825,2.88428255908
v3,5aa403d0,24.389355356,22.0100561149,0.019314565265,3.28408207076,17.6334110793,24.6928575269,0.0173027783946,2.54813886532,13.0105201461,19.7796659409,0.00865992208959,2.79805469721
v3,5aef5c6c,-5.33728933034,-4.85649285769,0.00270143163895,2.47874259293,-14.4940351459,-24.2460065947,0.00209392175473,2.32943674706,-11.589922622,-23.4706082702,-0.00342706788096,2.8079294896
v3,5b7b6324,13.9253001219,32.4869976525,0.00942673880986,2.9270907455,19.470462573,33.3843747091,0.0100360404892,2.286921722,20.2157177672,31.4048757507,0.00237039300936,3.14956318623
v3,5bd25f59,-3.01301187648,-1.11317401151,0.0117297130503,1.67492836456,-1.4579962998,-5.65646205249,0.0102814388537,2.23520829944,0.0665654838514,-0.340140665302,0.00601766288099,2.28545536945
v3,5beded95,-15.246745175,-4.55455838095,-0.020587121101,2.87041439055,-6.74854821635,-11.9405828247,-0.0206699733703,2.1310261678,-7.61619004142,-12.7425920332,-0.0162797818199,2.50149973732
v3,5cb483ac,1.85255451713,14.4878826629,0.0118070254674,1.9620752194,4.97124393502,4.16514056103,0.0115777571058,2.22748328452,2.86471506768,3.44466075213,0.0123802797665,2.25371965023
v3,5cdd8dbc,9.78196758105,47.5458636393,0.0605006114973,2.90315967142,14.6149944885,31.6261845202,0.0597140933231,2.69124700722,21.3071625706,30.2165497231,0.0131914241135,3.15822222513
v3,5d11dfb5,-0.191178965225,-0.575340234981,-0.00799600868505,2.37568471366,-10.3150132415,-13.2192706012,-0.00913952914927,2.49542560229,-7.96456452481,-14.8471087466,-0.00964690550981,2.60494463329
v3,5d7198fd,-4.90755344418,-38.712859261,0.000151051829682,2.66489600786,-11.166166134,-23.4128158366,-0.000411512170154,2.50598775146,-9.77152734557,-20.1046012662,0.00146874954968,2.72027552036
v3,5def1ce5,2.39096849294,-4.22439472226,0.0138347288479,2.203031862,-0.271173961061,-8.97439071046,0.0140354586282,2.37691366464,0.322122993296,-1.13458675315,0.00920321304191,2.25770388466
v3,5eae34a8,1.27159257749,-15.2064782291,-0.00339863658139,2.12793221452,-0.315412401117,-6.59346053471,-0.00385785868403,2.39354806839,-1.08180068649,-2.17112752893,0.00287860147071,2.2583221238
v3,5f4d2a52,47.16655311,104.010855735,-0.00420597258683,4.05897498971,23.060389378,51.8258576638,-0.00513621302662,2.76983789909,20.4192511556,32.2658256895,-0.00513861434177,3.0916166344
v3,5f6756c5,6.6491047041,-8.60192085586,0.0178643378075,2.25903164851,-0.799635846128,-0.242331525938,0.0165609290062,2.71218475344,0.592588064332,0.613954535167,0.00758741424694,2.25965690545
v3,5f75f796,7.54825242719,14.0467179882,0.00113057473912,2.3262934073,8.00169676374,19.1154136232,0.00125458728367,2.4933474514,13.0483097422,19.7183323956,0.00789248675511,2.79030778499
v3,5fb1c15f,16.937548951,10.5063454242,0.020532048826,2.95964294295,7.04195278109,14.0266075459,0.0181087977634,2.37491037652,4.94790065817,7.17442097299,0.00920013908744,2.36916883605
v3,5fffa282,-4.65283265889,-0.197731026848,-0.0157485798876,1.84342623128,-4.62552816659,-2.96850817423,-0.0138639263988,2.53023803703,-0.0533263857999,-1.70048203524,0.0087454939575,2.26036096949
v3,60e37807,12.4796517229,52.3456613067,0.0156381584905,3.08531097135,14.227341136,30.839064802,0.0102088341059,2.3855775837,13.0438705672,22.4655935888,-0.0132391396462,2.79329954165
v3,61f27424,-0.246352090033,-3.24547946097,-0.000168043318559,1.33894092672,1.19904490363,4.68580876271,0.000461119405443,2.19953622978,0.658268397972,0.587444671899,0.00867512736958,2.25976969287
v3,62569ae3,-3.82995261984,-22.0282788034,0.00135798677129,2.21522430054,-1.80917721529,-22.3816623265,0.00328276217824,2.1585173091,-2.84007404605,-7.23956317434,0.00781492863805,2.39344391365
v3,62a6f539,-5.26359057677,5.07798173603,0.0384139569291,2.18210422358,1.45286110376,5.84872088347,0.0386523419629,2.66492677885,0.666285914872,-0.516729344304,0.0097458237512,2.25392103845
v3,633774dc,10.7092716188,24.1508350058,0.0180110081965,2.72211285188,14.2822338692,24.4953354432,0.0180169923983,2.51300226487,15.4931955422,21.2081356882,0.0138793310169,2.90990520921
v3,63559d57,4.57093143278,5.17745481356,0.00774397399201,1.9306834548,12.091419545,9.36975723936,0.00735187261395,2.1771989992,10.0014603264,15.7265784234,0.00305063486823,2.63602557814
v3,647f2a41,-3.47722236537,-8.91308611246,-0.0279128014789,2.02104771557,-2.16141355432,-5.17301750792,-0.0272799945353,2.30419035575,0.115055403551,0.539610356084,-0.0159251345184,2.20733110278
v3,65156b96,0.550683017696,14.2953975569,-0.0222042567495,1.95681924313,10.8112542006,20.6873522157,-0.0208827512824,2.32183605401,11.8896396641,20.7014600973,-0.00673737379456,2.7180179343
v3,653612bc,2.02474267101,-2.03268300659,-0.000665943548353,1.34371054481,2.23727047049,-5.55465722833,-6.28529682888e-05,1.99730097223,0.666285914872,-0.516729344304,0.0097458237512,2.25392103845
v3,656a067b,4.5232546706,-33.6768116721,-0.00202201673048,2.75155900421,2.43527084148,-6.49334623493,-0.00203513780783,2.58821959874,0.161153457083,-0.189038096904,0.00573966835495,2.26638206749
v3,65a5466a,6.43612427931,-17.8426371291,-0.000568692278246,2.56425837738,8.60347776449,5.58745291788,-5.43510234265e-05,2.32526887618,2.38134452643,3.3399274879,-0.00333821798871,2.29267548324
v3,660d9546,-6.31462806424,-14.0229764005,0.0198333546256,2.34504646488,-0.0977173006313,-13.2843393275,0.0208804636104,2.21661133375,0.708530087611,-0.501888622094,0.0111697015502,2.23820999335
v3,6767c111,15.4691508182,-3.21784623445,0.0336786407381,2.91642680582,17.1894086236,23.0396509074,0.0371013503056,3.03949838467,16.9563384566,26.7388279562,0.00952229333269,2.97036995487
v3,67847288,-9.83236370979,-7.50099331292,0.00459492147776,2.52262704155,-6.78511090848,-15.0231678173,0.00678459666148,2.49956200967,-3.4429492935,-7.00910742412,0.00627982334534,2.34912035113
v3,67a8da4a,12.1052046426,0.427187623742,0.0162210471421,2.73999569102,12.946137341,14.1588793349,0.0156380168441,2.67529229752,7.31240558338,11.4302239115,0.00244417819202,2.50919145173
v3,684a6fc1,22.31970055,-1.57605128648,0.0137367528153,3.2201141959,7.25803285028,1.50027645712,0.0119674928686,2.40220639385,1.37215847804,0.936634774746,0.00491033102139,2.23871494455
v3,698930d1,5.25850242565,25.0468543893,-0.00266795488941,2.43266309831,9.38976867498,20.6061027419,-0.00122873088676,2.56504284106,13.3817777082,19.1287033752,0.0121038143563,2.81344381353
v3,699ea575,6.65612378641,22.5717975972,-0.0164299525783,2.43298944155,6.43680179547,9.75995175651,-0.0159606463373,2.38744721509,2.17754637169,4.57211783955,-0.0180502579577,2.29187447923
v3,69c1bdad,-0.149303610905,9.86202262058,-0.00523947284025,2.37861590522,-10.315363741,-6.95607468789,-0.00661977959589,2.61154790033,-8.72366821962,-16.1509130355,-0.00923606075353,2.59256935848
v3,69e41fa6,-4.28854643105,-2.67131260369,-0.00129769664009,1.92595998821,-7.78005607667,-11.5036308144,-0.00128595194694,2.31870052112,-0.118269048107,-1.09273747819,0.00627183623808,2.27367536612
v3,6a0ff78e,-1.68606651199,-32.4963128382,0.00537416740045,2.51372305588,-5.22735988843,-23.8443375159,0.00595057471509,2.42561747272,-7.9271853807,-15.9054855057,0.00118932442643,2.60506789378
v3,6a8fa194,7.05794166391,11.3716112078,0.00138281955141,2.23519764701,-0.262390410367,4.57127439551,0.000269637298645,2.29482882596,-0.240502112814,0.662667573382,-0.0100354548948,2.23784899865
v3,6ae68655,0.719950047573,1.49582859991,0.0126584634535,1.83416059576,-5.98137711721,-4.65540534204,0.0126096697993,2.27082447358,0.0789539572684,-0.403800993739,0.00790095901303,2.28269914032
v3,6d1d74e1,-2.61855746141,-36.4797471579,-0.00812284490378,2.55626337408,-8.50667447085,-20.3642889241,-0.00850857297423,2.32578280923,-9.95820323869,-19.6814056538,-0.00394455109478,2.72751380894
v3,6d590e26,-0.42188484252,-16.2331703164,0.0140651835412,2.26485055688,-2.99782523016,-8.68335725962,0.0150474746284,2.55711165262,-1.01600984662,-2.75569485943,0.00725878122394,2.27142847816
v3,6d6d93af,-28.4200751043,-0.612336952974,-0.0200437134602,3.50241048428,-6.83714370928,-5.5971977244,-0.0187687272333,2.83874706294,-0.102479385382,-0.45303911856,-0.00501818308256,2.27144710558
v3,6dbe4b60,5.58073364888,3.8941034707,-0.0131059280122,2.27207063093,-2.88017161064,-5.17995143148,-0.0113152150956,2.29398251464,0.0229822292439,-0.928744773086,0.00681728625266,2.23810599193
v3,6e6d122c,4.1426225142,16.9245509575,-0.00321214990977,2.31421811321,-5.94417946172,-7.6297746298,-0.00320501040242,2.27293340568,-0.0533263857999,-1.70048203524,0.0087454939575,2.26036096949
v3,6e9ccd38,4.7858874668,-27.2959083978,0.0095993638687,2.58320424158,-4.89998312972,-15.6804152177,0.0111951278749,2.4796434576,-6.89598535272,-14.0297648579,0.00329245676264,2.51288647173
v3,6ea22614,0.16653156925,-0.442662384827,-0.0133871922971,2.0116067061,-3.75773216137,-4.94158670235,-0.0127070913584,2.2571502735,-0.106874021675,-1.62238622753,0.00757303344654,2.26103778156
v3,6ede926a,4.84824827866,13.4312580013,0.00118123425611,2.16180087619,5.58359652549,6.44222264786,0.00309958628131,2.4651098382,1.38004311023,1.03095184191,0.00719677419376,2.23640322892
v3,708caea9,32.9930986561,22.6646055039,0.0405985841605,3.58119563718,20.4116048077,34.5197563615,0.0417723008514,2.85232342347,24.3905607202,36.6693018739,0.00302000890137,3.28345512016
v3,70925e23,-13.4696317471,3.80806158615,0.0137273794554,2.75904764205,-8.2443230168,-4.87442885011,0.0159992705992,2.33716374055,-1.39009454969,-3.28094411565,0.00731572361549,2.29097687553
v3,70e1788b,-4.47831879375,5.40189953504,-0.00242120057128,2.09914689502,6.2858063782,6.46244059858,-0.00121539191808,2.42620146887,2.18841039701,3.62161319033,-0.00268007420481,2.30591731082
v3,71642c7d,9.22961919105,-8.47661277535,0.0150665991217,2.55732273267,2.19784730486,-3.5933079561,0.0135157829349,2.33639988841,0.802739260055,0.761222205197,-0.00180409615324,2.2392523038
v3,71ccf778,-4.14220163084,-4.85697914638,-0.00140527169585,1.85452326634,-1.69278299815,1.02519759524,-0.00247211553994,2.076731374,0.307081518531,1.52088686712,-0.0105035736575,2.24762058531
v3,7224331b,0.105296058056,-3.58395495712,-0.0143139110637,1.67489977728,-4.62735571671,-5.04553228668,-0.0121223501953,2.49174038955,0.000885150211382,-0.313630802033,0.00492994975835,2.28534258203
v3,722cf0d8,0.928644759868,26.6329875892,0.00828792694974,2.49545854112,7.69239129364,18.9190676007,0.00831807324946,2.51781342249,9.33028673589,13.4959643043,0.00719599456703,2.61771312873
v3,7256229b,2.53107663897,0.820519560387,-0.0301126602965,2.03410317479,-1.21664544096,-2.33107818415,-0.0302319998442,2.30112207743,0.988433056259,1.58844966875,-0.0147069517278,2.25962802878
v3,726f3dc2,-3.96463037335,8.15416239351,0.00836452694238,2.07082750197,-2.35937098549,0.0218023061257,0.00995072195148,2.4191913134,0.666285914872,-0.516729344304,0.0097458237512,2.25392103845
v3,7271dd80,-7.94844700461,3.36253265775,-0.027652062435,2.23151412078,-6.87118548952,2.47017149613,-0.027858223077,2.68358876902,-0.985950009303,-1.29918679842,-0.0136561848084,2.28069046224
v3,727a3a10,-11.5726790994,0.596895390352,0.0151833834764,2.59256138433,0.778720977272,3.01751339387,0.013635471936,2.74361169796,0.165788193232,0.0171424384553,-0.00291433823825,2.27832198652
v3,729665c0,4.06258503401,13.5866091118,-0.0135588490908,2.26825377434,3.63847989016,16.9091314913,-0.0116714871797,2.67218390969,4.89550854517,7.92121419526,-0.00669372952252,2.4136409877
v3,729e9750,4.90653488765,-0.924232664621,-0.0209255598273,2.28503028054,5.97373535111,9.83776136656,-0.0194884347065,2.49567487794,9.56729495024,14.9832463761,0.000588413321534,2.58854158522
v3,729f4217,-15.2673349475,1.43585131703,-0.0134842899234,2.84791137207,-2.44440278706,-0.882146412269,-0.0130097533319,2.36730456307,0.55367846912,0.549336161349,0.000795831013202,2.25618904989
v3,72dd8501,2.43338725207,16.6086940782,-0.0049332999308,1.95615492527,4.77770856994,7.48506482733,-0.00448157728261,2.56501441661,2.234915155,3.73423974106,-0.00176281356274,2.30878464105
v3,73348914,9.78022506515,-0.485071239862,0.0243135193182,2.45888168637,7.1976655709,3.56415538368,0.023687927938,2.19404401142,2.86471506768,3.44466075213,0.0123802797665,2.25371965023
v3,739a914f,-8.23010535877,-29.833794323,-0.0211201861779,2.67690499211,-7.13774750997,-10.8381199526,-0.0205591997729,2.54603406109,-2.21704436196,-2.89298128618,-0.0117550369467,2.31802865114
v3,73b1447d,3.47878306878,31.0218804257,-0.0141821057266,2.66756453,8.31955634622,37.9476532238,-0.0133821793593,2.58193889107,24.3626501569,36.5771730068,0.00200382383903,3.27035722772
v3,74b6186b,8.72859324523,1.35638625799,0.00572763389785,2.3033045128,8.17133603366,4.53285525574,0.00475205035377,2.55563148334,1.58495736338,1.72875786167,0.00728614622274,2.28328975222
v3,75c20ec7,7.33618727849,-12.4406713996,0.0171620167668,2.48943519337,2.24364885875,-1.03157001678,0.0157283319792,2.55659256594,-0.120139835194,-0.110392510883,-0.000483726899998,2.24916474603
v3,75cd5f11,0.9566761019,-15.030478372,0.00776728816378,1.83419074007,-3.78119542714,-18.9420366443,0.00914304676839,2.45890325312,-0.0533263857999,-1.70048203524,0.0087454939575,2.26036096949
v3,75d20a82,-6.20094533254,43.8613982111,-0.0111121057781,2.90310726488,6.62382784916,15.19921629,-0.0125701344284,2.5785425623,3.19484491939,6.05247596846,-0.0185543110547,2.33763497393
v3,76201745,-1.25007868705,-11.9769330197,0.0221099931864,2.18400557808,10.4717966177,1.17094494747,0.0242218957862,2.17763496923,2.96226372853,2.88283304189,0.0106381083721,2.28468615591
v3,764072a5,4.0925262801,3.19730093626,0.0128549475196,1.99582975207,0.945544487384,-2.86322123666,0.0119914406598,2.48544977696,0.635048975304,-0.638364197791,0.00779747795157,2.25851762431
v3,77b0d905,12.7316506948,5.56915292673,0.0349404362391,2.64250604395,13.6443760152,11.4924109673,0.0326031439525,2.54075929003,6.75484123325,9.43815612815,0.0106036806843,2.4529008515
v3,77e4821c,16.286988689,28.0280192735,0.045129217449,3.00660323967,11.8635591541,15.0451944539,0.0439602901898,2.60223844139,12.2811113017,17.3150337083,0.0110094845264,2.72695835789
v3,7850c72e,-1.57046934692,23.8147530281,-0.0489555067529,2.59156582045,-4.88999436804,9.81692850182,-0.046523166642,2.50764767094,2.05911369595,3.69246188173,-0.00764307179117,2.27251579209
v3,78a4a386,1.23500683727,-7.4010756007,0.00127964984428,1.92660883954,-0.0762232991185,-1.06908128502,0.00308863635703,2.29720062443,-0.548023871716,-1.57279871872,0.00665725573613,2.26276563138
v3,79507629,-10.7696605055,-21.1979599286,-0.0127290144011,2.60788505761,-8.79756741957,-17.064605129,-0.0132162800557,2.40063846773,-9.59923152935,-16.7857675357,-0.0153566702879,2.6670163603
v3,796dbd4c,-0.988777208706,-9.05455129107,-0.0268851492627,1.76942986187,2.70303248161,-5.12695539172,-0.0271247805381,2.41744305147,0.620714076038,0.762189290657,-0.00486345177772,2.25043299057
v3,7987f2f2,-5.25912550607,19.3844014411,-0.00989552157249,2.56729060038,5.01756621989,14.5164714417,-0.00882650133456,2.29872796737,2.40209365535,4.48444752008,-0.0138496983686,2.30508167746
v3,7993a768,7.63066885365,13.8694569712,0.000924016495872,2.29702815845,2.53551799061,9.34723869736,0.00208319820802,2.36147558541,1.75443246176,1.55245312565,0.0101870621659,2.27026976216
v3,7a5660b0,-12.6002881152,-12.8777229876,-0.00397303775368,2.67093048079,-13.1542309793,-21.3309729778,-0.00489087633844,2.36235490102,-11.1261718946,-21.5065902934,-0.00690797705457,2.77158631907
v3,7acda2df,6.90409899709,39.6367519314,0.00753381748833,2.6974089628,10.7736583703,28.3363709334,0.00669618694936,2.66120658967,10.4035008665,17.1208976366,0.00717761076378,2.67094667119
v3,7b2c7b3c,4.07630804954,7.70144316161,0.0273523464888,1.97028687298,9.35683420759,17.358354906,0.0247589361015,2.34297058932,10.3464621187,15.916664174,0.0150406093058,2.6517627256
v3,7b38844c,0.131050946919,-8.34545994772,0.00242253488741,2.12684382738,5.90984866753,1.16565706094,0.00353333123524,2.2823175155,2.22814545731,2.44276417156,0.00898755895269,2.27911174475
v3,7bb17b96,14.5291713412,24.7626380556,-0.00776182622193,2.89087419801,6.02459484687,12.4617855565,-0.00704848535022,2.43608825507,4.22826239266,5.70236141193,-0.00185050092415,2.36435228153
v3,7c607683,-15.240899024,-10.4149693987,0.021036856922,2.88282970215,-2.4151749881,7.11703401863,0.0230747525966,2.58711041535,1.18599899779,0.957765450477,0.0113480147758,2.21786621953
v3,7cbbd047,9.55952353056,19.0057202593,-0.0273655744965,2.6051088849,12.4672471886,15.7586892119,-0.0271482627208,2.42601470782,11.8896396641,20.7014600973,-0.00673737379456,2.7180179343
v3,7cd4bb31,2.12796862867,-11.3115619647,-0.020030075731,1.93360325867,0.0353945307531,0.771984469766,-0.0187618126155,2.44489178622,0.683318236563,1.4276192129,-0.00714208495611,2.25776827687
v3,7d50373e,-13.7767883639,-8.45709591606,-0.0261206898674,2.72707742239,-8.91809470585,-10.2106785685,-0.0254777118622,2.42416318424,-9.19607731358,-15.8663379802,-0.013802001099,2.64614216937
v3,7d57c75d,9.1369738933,24.2612890296,-0.0036561289667,2.721171341,18.7447695704,19.0010802429,-0.00255920789103,2.24437183976,11.6925639095,19.838412051,-0.00365250730396,2.73461052151
v3,7e208414,-5.4093208708,-10.4237987725,0.00126536182688,1.99903531366,-3.89466116575,-11.4684733501,0.00195614931075,2.22543334724,0.062553383123,-0.933854179623,0.00914702626579,2.23014298672
v3,7e721392,-37.7313896987,-44.2106189398,0.000133136188567,3.72163282,-24.0748518268,-36.8949806346,5.15879923483e-05,2.54536268632,-16.070296961,-36.4494480909,-0.00149154537671,3.04811292704
v3,7ff89f8f,8.27030939076,11.2079054303,0.0328734597289,2.71836716547,-4.94933908222,-9.50662031203,0.0324594409917,2.28265303529,-2.14610060511,-4.75788479902,0.00770057973881,2.35874709625
v3,8050c789,-1.1505719857,-22.4453126859,0.00985178996136,2.17321070037,-7.87716608075,-17.2082987321,0.0111998953187,2.44707772629,-8.32206251921,-17.7396622257,0.00331623627807,2.64033130671
v3,807f0298,-0.683920469711,11.0338094681,0.0172061387822,2.28785975471,6.23978436624,14.5332040834,0.0159866891078,2.56299395117,9.33102367171,12.5329314698,0.0174005705992,2.61813085713
v3,811f52b3,2.55912531017,-5.58123938407,0.00755903552896,1.72246316082,0.697836932155,0.200936363782,0.00716583391182,2.35024711959,1.3837701729,1.0814514927,0.00715904050752,2.23172088583
v3,81bf5923,-26.5651265683,-52.6910770633,0.0133793655978,3.47566393616,-17.0428318063,-29.0942349036,0.0125803381802,2.61674672227,-13.5991201835,-27.5495090346,-0.00377577060385,2.93473509858
v3,81fc01c6,9.92588932138,22.0847209685,0.0210311569211,2.77306424026,19.3499441859,34.4121422301,0.0215093385814,2.30043457848,20.1036719312,30.9215767597,0.00474843654099,3.15449264142
v3,8255c867,23.3205377542,20.853039934,-0.0188643309135,3.272588877,25.4581602583,34.5047506009,-0.0204476466934,2.58424028846,24.2982410229,34.6091072892,-0.00405221748629,3.24580329582
v3,82aab6d2,-15.5197019544,8.20655246496,-0.0074892121392,2.85413329196,-10.7650790273,-0.0342081333813,-0.00690341774514,2.21917463296,-3.84880699941,-6.45964111944,-0.0102072473681,2.41577088938
v3,82fcf37c,4.80171267044,8.3898841191,-0.00994938670011,2.02318674548,5.65236617782,9.18246529694,-0.00951608677159,2.52760800713,2.48652955207,3.88085089837,-0.00724124913427,2.30959198114
v3,833af382,-7.82921444322,3.18317662934,0.00820650922372,2.5597372658,2.09722548344,-6.40800459394,0.00560512760638,2.49927829311,0.295344926447,0.378429301759,-0.0071737744315,2.27430779396
v3,8382f4b6,-32.1191765653,-52.4982246887,-0.000505611537657,3.60977167609,-25.8693851728,-45.5597440753,0.000100115010209,2.74563079253,-14.8390526327,-32.5108017648,0.000238205044978,2.98707580007
v3,84633df4,0.566283185841,13.6783973829,0.0204850833775,1.74679216678,3.5554205334,9.38757247501,0.0188377030639,2.31124668983,1.16444623824,0.722621789087,0.00753495598617,2.2651567407
v3,8478df29,-13.6933456866,1.25610985338,0.0152568054495,2.71091436442,-3.71802700941,1.39767089979,0.0150025164229,2.39560859928,1.41715614539,0.910913656853,0.0107353819968,2.22477629838
v3,84815d5a,16.9309679188,0.395332663473,-0.0269782737971,2.98549935801,10.1448422005,17.0583652484,-0.0258138494539,2.27073196932,11.4878842555,20.2699959509,-0.00534314062292,2.70508609972
v3,84c3b497,8.27435805723,49.0748990407,0.018660791329,2.99375004589,12.2767800633,36.1709537698,0.0188444408076,3.06052717673,23.601155948,35.3594566967,0.00389873575824,3.25123958062
v3,85380836,12.3417286189,21.7878512598,0.0182735682982,2.71904288048,10.6734236272,26.7267842579,0.018150829349,2.45677918515,11.9711840693,18.5049858076,0.00242599079386,2.75721408695
v3,8612b37f,13.4973804453,29.4534638779,0.0317873703589,3.02611934671,3.56543922826,3.16192006128,0.0303202453623,2.52189191264,1.38182365721,0.520044288169,0.00802873370898,2.26151773186
v3,861e71df,-9.2737893617,-20.8106963978,-0.0258153606359,2.52888881993,-4.66317049718,-10.6239029361,-0.0265318837969,2.65385398265,-2.4461358934,-3.16036326266,-0.0161271431082,2.32754052289
v3,86454a6f,65.8288071321,70.1349314722,0.014524744964,4.26638266308,36.7158056556,64.1639402092,0.0137902175632,2.09543063405,18.5554070181,30.7185218543,0.00567564223012,3.0823880214
v3,8648abae,4.47177898209,7.73522053999,-0.0216026571298,2.06151172997,2.14399686787,6.79355059389,-0.0214031337437,2.56922845048,1.76234854217,2.99224278446,-0.0113511386376,2.29737887144
v3,865033f8,0.1917289851,12.1599049543,0.00880400061309,1.93734625165,2.73424147939,7.85755322899,0.0086543480087,2.79337777513,0.666285914872,-0.516729344304,0.0097458237512,2.25392103845
v3,87695469,-3.11150935313,-10.8169497457,0.00220468170399,2.08586996187,-3.0215103798,-8.54547966182,0.00241905317679,2.53409497871,0.373309440253,-0.213448837114,0.00363609219949,2.24967726536
v3,877ed19c,-2.30705231931,-0.853378631179,0.00204339902139,1.60180689855,1.36509680986,-1.65547572254,0.00436643586136,2.38512536958,0.304159236403,0.24031530972,0.00160321611594,2.2419807203
v3,87aa3730,-6.05773140717,4.12128947869,-0.0214294061706,2.31416618573,-5.10062905368,-4.18383494859,-0.0200895927346,2.32308489492,0.275289071895,-0.517527506765,0.00295482336677,2.23904343373
v3,884ecb5f,17.0991552647,-14.5711618434,0.00628614492787,3.04113146226,-3.602922602,10.1734600587,0.00973612574054,2.54396015037,1.75443246176,1.55245312565,0.0101870621659,2.27026976216
v3,8902c3f6,6.54584392014,-13.4891083953,0.00298236680519,2.28564686852,3.54207006534,-1.58017054589,0.00290191841862,2.38969117131,0.993458010499,0.81130800086,0.00098259904794,2.25891839878
v3,896d15b9,24.3098831503,45.5261222488,0.030803839796,3.42701480111,12.2922704696,30.267625517,0.0273960886938,3.07292110179,10.0912078081,17.1346581199,-0.00357585438611,2.67665802641
v3,8995c945,15.2220791196,20.0653923523,0.0360725185005,2.89312202415,14.1826222591,27.1174900123,0.0364518360688,2.50407429588,12.763537178,19.3594597934,0.00808678468519,2.80712215405
v3,89969c7a,2.34853244391,8.89548116911,-0.00385682608279,2.2230366146,-5.35127731475,-4.14947692255,-0.00448605526857,2.4333230428,-0.945166433765,-1.75372505159,0.000525609628698,2.29213659326
v3,89f1085d,-26.2911127794,-2.36318991051,-0.0035006596558,3.354472819,-8.24999752058,-11.2229417141,-0.000114363126484,2.55012372416,-0.558458843588,-1.37279078784,0.00473933856125,2.27282199853
v3,89f36adf,-0.461591080877,-2.09162362646,0.00551706352881,1.70073504241,-1.39165867784,-6.75554984044,0.0052373360202,2.30600058772,0.730372040212,0.352243818527,0.00775737666388,2.24853144229
v3,89fdb2f2,0.518975873954,2.5975217495,0.0114388249812,0.988283172859,3.72373290247,-2.36394792636,0.0123845552448,2.07707947939,1.41715614539,0.910913656853,0.0107353819968,2.22477629838
v3,8a3da6d1,7.01040060962,14.1726345641,0.0325984977247,2.34298262278,7.77553059845,18.9972979515,0.0307220815693,2.97042870273,1.82865799499,1.52595444326,0.00925535290899,2.27522397575
v3,8a89da23,23.034772554,16.4442026451,0.00763397797202,3.22892343039,17.2682773645,27.3490792653,0.00793121329351,2.3526487241,19.2271021676,31.3427260487,0.00506688625571,3.10229823688
v3,8a9c8932,0.942877975552,1.92676096337,0.0162318968144,1.22287193795,-0.804552786675,-3.50789606702,0.0168706663627,2.32140867219,0.998318593249,0.131448265151,0.0115598350074,2.22954837817
v3,8ac2f237,-10.867965783,-38.8722423614,-0.0020746444392,2.85940835565,-16.4222429188,-35.6496159767,-0.00161599261594,2.4058827518,-16.4786259594,-34.1895420302,-0.00279693093131,3.06367819199
v3,8b12bab6,11.5074512801,35.298971985,-0.0119647760858,2.82204868538,12.4199990686,26.350391295,-0.0107879326662,2.77212275928,14.2434799758,22.7524151396,-0.00165429075746,2.82740840967
v3,8b5be31b,-10.332727433,0.357048369196,0.0131172299382,2.73622193997,-5.85098838342,-7.3979148105,0.0129714139943,2.60382718907,0.719289379409,-0.301332597178,0.00861291301167,2.23929824184
v3,8b95d6d1,-11.9682033507,-14.7281000316,-0.00711944233911,2.62623198414,-8.59125574103,-11.9676835151,-0.00650045317617,2.3830435245,-5.42765139889,-10.8776577852,-0.00455466760615,2.47627214201
v3,8b9d8326,-0.714270647413,-19.0329229151,-0.0181753711941,2.02584994881,-7.42101166982,-9.76509923729,-0.0186098397577,2.44790929199,-5.19215819077,-8.45963477245,-0.0150862254778,2.45288688363
v3,8bb9c1e6,-4.92747470304,-1.65957389657,0.00487389033431,1.92819551435,0.15495193495,-2.14845069518,0.00404555492938,2.42415779424,0.779532593111,0.994916553141,0.00309850817518,2.25970364209
v3,8bda1a11,-2.32361979602,28.0732929637,-0.0288134882777,2.62904834033,8.68824818914,13.2133542396,-0.0284596355362,2.5743231459,11.8896396641,20.7014600973,-0.00673737379456,2.7180179343
v3,8bfa881d,19.0511738811,54.539799328,0.00651830544722,3.25453854196,23.45523181,52.5678930407,0.00603245760125,2.43278953589,19.9940354707,32.9931763269,0.000134088028902,3.14916118966
v3,8c167025,10.4266374814,15.0461394295,0.00795276847407,2.62771470848,3.61642144379,4.86017903061,0.00607715573024,2.31156927908,0.417913249421,1.28936133978,-0.00626209168004,2.25777981676
v3,8c8348e8,-3.26770576132,-13.1855274849,0.0164589905416,2.02037085413,-0.329037012482,-10.5427466144,0.0155920808497,2.24029109965,0.665874536804,-0.207369198993,0.00493592431844,2.24585865817
v3,8cc21f01,-3.16143669634,-1.30007981792,-0.0233381872405,1.90097340218,-3.09970334871,-0.932163727836,-0.023728186635,2.47856660778,-0.890413016126,-0.752499764167,-0.0139191187454,2.27753560219
v3,8cc800b3,-13.2281371655,-4.06436950293,-0.0512562623913,2.70100084134,-7.26788988948,-10.9190767945,-0.0511322358103,2.29885899211,-7.23469862441,-12.6349834712,-0.0162064191048,2.5391494413
v3,8d5d46d7,13.0244152911,-3.76592272484,-0.0087051294513,2.73752346133,4.64215157635,8.12400384364,-0.00820291630605,2.36468681218,2.20870035946,4.79821001074,-0.0194632786024,2.29573620131
v3,8d92cb49,-4.54222346057,-16.3978996516,0.0117481926669,2.11162013569,-10.8050039955,-14.5793223483,0.0115135969205,2.4321706458,-9.95096216896,-19.7293743355,-0.00334375911659,2.7284554179
v3,8f201368,29.6339155773,6.71554431562,0.0255248015636,3.47132938339,15.7773847712,34.3289813735,0.0248674456691,2.64297502535,15.4212507114,24.5836472337,-0.00705719881137,2.90523317217
v3,90386ee4,8.29030989583,4.39595065169,-0.0280674289156,2.41170445027,5.23388931761,7.58723441314,-0.0269323235073,2.51849985018,2.33944097996,4.7689119864,-0.0184797035852,2.29120501398
v3,91abc4c7,-1.88215800273,8.58853783394,-0.0484183939471,2.08279091971,2.49997939042,-6.84592610772,-0.0492456994092,2.62742649896,0.383199828965,1.08490837997,-0.0194813716693,2.28157070008
v3,91b301ce,-11.8347671233,-101.519872507,0.0453618673082,3.59223299755,-39.9541827462,-79.8058758646,0.0473603916615,2.56880925344,-17.0065291403,-34.7754357461,-0.00187481645396,3.07154307498
v3,91db7070,34.4789221704,72.1166922371,-0.0169031801788,3.73307519697,29.9952751001,49.5094495102,-0.0161706989208,2.88312855118,23.7470259143,34.3212192577,-0.00418216284447,3.22817032469
v3,925a7cd1,-4.05118441443,0.116187770503,0.00593904102442,1.72500761919,3.34864216185,-10.0777957323,0.00599113989685,2.23713936577,-1.54196715654,-3.66416812838,0.00588162896753,2.28500631741
v3,9283ae69,2.66566894097,-6.47188885522,0.0220084278928,1.97036362204,-1.1101726373,-0.992195900303,0.0220750684439,2.28211390849,0.780021696232,0.187039066378,0.00943598135465,2.2493071221
v3,9298ad5b,7.79057517659,-3.53544529772,0.000925384432801,2.64546424454,-5.41806945782,-8.14496685629,0.00114496207916,2.47665977995,-2.70840802254,-5.19507549215,0.00551838381348,2.3184197459
v3,9314ff13,-3.07708879185,2.22843029859,0.0385946171955,1.82290532446,-2.0692500791,-11.7826497139,0.0391804130905,2.1429097698,-1.01600984662,-2.75569485943,0.00725878122394,2.27142847816
v3,93209a3d,12.4303342559,-0.440581105137,0.045586489426,2.68499307078,4.68502472493,1.57313425839,0.044525519883,2.70029264421,0.666285914872,-0.516729344304,0.0097458237512,2.25392103845
v3,939d9c34,-4.7473573809,-15.9381229974,0.07568010552,2.81714863419,13.210722126,24.1401500453,0.074755970963,2.74417603037,15.542582716,24.6291409917,0.0117080882492,2.90279096155
v3,93f5d2e6,-13.045310214,-46.4846461907,3.03586525807e-07,3.04954379439,-20.4369853296,-45.1959878571,0.00011814097111,2.42885809539,-16.1807656967,-33.8822402437,-0.00233730489023,3.03351151873
v3,940a48d9,-6.74250063083,-17.2902088517,-0.0268576671735,2.40363163217,-5.13065265729,-12.2191880264,-0.0246770181484,2.41806429213,-0.102479385382,-0.45303911856,-0.00501818308256,2.27144710558
v3,940e709a,2.2708781362,3.79508776492,-0.00333099759826,1.73200169012,-4.66039234308,6.42328540099,-0.00370402953847,2.28387488352,-0.285555588185,-0.371092162623,0.0032286433729,2.27714976351
v3,9426ec1e,-10.7388586098,-17.1079691298,-0.00778357565678,2.57103948616,-4.60168588699,-19.6893760519,-0.00490998755588,2.42852732918,-3.89472940782,-9.07358112028,0.00469117343763,2.44343377356
v3,94467f50,-0.644438220758,-5.5653426884,-0.0283293178261,2.17422039548,-13.9849825964,-25.4135181155,-0.0294416264876,2.54613802554,-14.6671422805,-27.6467483247,-0.0118010648253,2.94043442735
v3,944f36b9,5.71198920086,-0.585462424557,-0.0056646390038,2.01664495019,4.89963263422,2.7425033432,-0.00646636696042,2.26248996463,2.6358670756,4.35625330303,-0.00898989577654,2.32410357199
v3,94d813a4,-29.4218836394,-72.2129797599,-0.0238511480969,3.63048050368,-23.4155187098,-45.5414381898,-0.0239368526571,2.6111738994,-15.572411477,-30.1266199001,-0.00819317580271,3.00834905816
v3,95b559e7,19.188960859,13.1035947321,0.00355934194471,3.06261300897,9.26746985057,3.96529157431,0.00344923782366,2.3345304274,2.02968310674,1.83332237244,0.0059454820508,2.28030439244
v3,95c8427f,-25.6563567482,-0.890680290474,-0.00257703926132,3.33987810723,-10.2308128776,-11.5370740545,-0.00204689028609,2.56015169681,-9.06936719129,-17.6309930263,-0.00198407254811,2.62969056438
v3,96936c22,0.206616855946,7.85281858784,0.0128513491496,1.62527687985,9.68655347964,13.3358659904,0.012318149947,2.27186621674,2.04728612671,2.85054797567,0.00532428532178,2.29090979955
v3,96ae5806,-6.05112003253,-11.9183321922,-0.00793922853456,2.24608553703,-0.954450629766,-3.99476576257,-0.0106181855115,2.37116309683,0.326364959494,0.727972804751,-0.0130580103894,2.21631912263
v3,96b7eea1,12.1006555863,-0.297274188362,0.0119795144722,2.59563201251,11.4243993014,4.75783277968,0.0136950499917,3.01955760132,2.43954484926,2.35297763543,0.00706784301083,2.29994317822
v3,9719aa04,3.50752001642,8.05142676623,0.0121362726776,2.08896646714,5.82230384151,6.9914844758,0.0112323417107,2.2075255219,1.80986614081,2.28532261846,0.00530815065058,2.24517880181
v3,974802e7,1.48711278453,22.3972708564,0.0101808492268,2.6949727724,16.7702368553,25.3941707884,0.0111226853403,2.55411745482,16.9563384566,26.7388279562,0.00952229333269,2.97036995487
v3,97cd5bf9,2.30832125254,26.9048414083,0.0183197203998,2.32961027007,7.98756589877,15.178194566,0.0168766864669,2.26187079587,11.2543555691,15.8806083074,0.0122267266812,2.67578046677
v3,98177ced,0.448193629506,5.75278584536,-0.0417316622229,1.91395732527,-2.47434046706,6.50778386321,-0.0415526361795,2.35252443998,-0.778573609078,-0.442265082857,-0.0145935110424,2.26128311603
v3,9896fc0b,-8.24726842837,-35.2277150814,-0.0209419154414,2.82225747954,-16.04005889,-39.8091081286,-0.0198353262615,2.30666686499,-15.8094368655,-31.9362791547,-0.00885927362424,3.00290708571
v3,98bc6f66,16.4842503711,0.931528156207,0.00788303969791,2.92559903044,-0.758863168976,-2.88543870136,0.00782652635021,2.33246047331,1.41715614539,0.910913656853,0.0107353819968,2.22477629838
v3,992c99e8,-9.90011011419,-31.5565638385,-0.000813792036898,2.693211268,-8.52226658509,-18.0714962138,-0.000351504617823,2.74797404831,-9.55697545082,-19.4564816399,-0.00284006628303,2.69818452177
v3,992ce078,-3.52491142758,-9.91955687739,-0.0164173757914,1.79589155509,-0.800356816841,-1.32192458265,-0.0173936599747,2.45864334197,0.383199828965,1.08490837997,-0.0194813716693,2.28157070008
v3,99529c45,-20.5546797945,6.44814729193,0.0144490579096,3.12128703489,-2.79436671474,-0.668750836004,0.0138848759804,2.45794129731,0.719359071461,0.402194655954,0.00699328505457,2.25428125146
v3,995ff498,-1.33526955369,-22.3530368211,0.00421843452129,2.23470341097,-7.31779335962,-15.4314233021,0.00425875364713,2.42044648589,-8.23874876285,-16.3069713096,-0.000550508432807,2.58775521266
v3,999daf80,3.52432379349,-8.84277817445,0.0399601186512,1.81182765006,2.1205478916,-3.83791306966,0.0401869373967,2.39461911513,1.27875487585,0.760870935177,0.00961395933504,2.24955529516
v3,9a6b0392,-3.58873560517,-15.9412134618,0.00232071799393,2.07619266147,4.02539778481,-22.7227352364,0.00307117657037,2.04061916878,-7.1311725692,-14.7509162255,-0.000436571946794,2.57654903822
v3,9a8ae0d6,-2.3627041627,14.7200601958,0.015017679277,1.93690064057,6.52685671194,16.8449431503,0.0155612335603,2.14694061533,2.63088730912,3.56288064926,0.00624200420827,2.26131128497
v3,9a95e33f,-30.1066883822,-18.7922516157,0.00498292591487,3.50523686912,-6.58413875578,-7.21816075478,0.0060529100454,2.75656311398,0.719289379409,-0.301332597178,0.00861291301167,2.23929824184
v3,9ab94eeb,-4.64025213868,-16.5360327316,0.0371833347129,2.21982552132,-4.52135989385,-15.9648663414,0.036633723278,2.18359650009,-7.82134771425,-17.2702687537,0.00339122138511,2.62516002423
v3,9ad5410a,-6.09666587396,13.7967188304,0.0108297103642,2.28078695544,-7.52571159148,0.458613895398,0.00856959910992,2.93012844071,-3.21967202399,-6.57318153366,0.0015108250333,2.39612490511
v3,9ae248be,-5.26933029786,10.5637585405,0.01938901997,2.20904378172,5.8393221638,13.7442103897,0.0181642576294,2.54292844999,1.38393222889,1.47959495185,0.00480196517507,2.26535139074
v3,9af1ffd0,-12.4998099291,-41.6414233765,0.00266797673486,2.9511560448,-13.8828443891,-30.6257563877,0.00273528900509,2.23815887791,-13.0766855456,-27.8033788648,0.000973174193133,2.90073630025
v3,9b5b61c1,1.71734996385,1.98138794133,0.00705200178091,1.86097177147,1.87944362646,6.4232714377,0.007128435955,2.45535392089,1.75443246176,1.55245312565,0.0101870621659,2.27026976216
v3,9b9e3b49,-0.78280382962,-9.58394221514,0.0168775473079,2.18871307624,-5.18869290435,-3.33914458389,0.0161590980035,2.45415368197,0.00727399135522,-0.413843908328,0.00733386448266,2.24068368097
v3,9bd2bba3,14.8856244119,2.92437471434,-0.0197309917119,2.81380788625,6.92301794289,-0.397681180911,-0.0196920057159,2.4467624036,-0.0957301241024,1.41820826223,-0.0133558275503,2.26372058894
v3,9c211c53,3.33952787337,-10.8207050148,0.00728114437013,2.01042722466,-4.66472698198,-7.64567342046,0.0081243158771,2.3354693927,-0.0533263857999,-1.70048203524,0.0087454939575,2.26036096949
v3,9c350a6a,13.2714325843,19.2140449498,-0.00780145280317,2.91223906091,-1.50426409186,-8.85207297805,-0.0103632784265,2.49336089479,-2.25448445457,-2.77979579069,-0.0141511066389,2.29078611469
v3,9c8375f7,-0.727237343494,12.3805021097,-0.0215711273923,1.9340047126,3.07973796428,6.74897550797,-0.0223264978978,2.46762854124,1.42379318074,3.07669449989,-0.0170923580862,2.31502054626
v3,9d072e4c,5.95755433718,20.2943225499,-0.00325205513837,2.39705898402,12.5201468675,5.50654059106,-0.0028617146637,2.78226920876,2.43954484926,2.35297763543,0.00706784301083,2.29994317822
v3,9d3ec64c,-7.42470402299,-0.101149317972,-9.55558632468e-05,2.32119846712,0.32635456676,0.957888218136,0.000838398064068,2.3027132266,1.39520195094,0.969780249208,0.00954387545355,2.22939918642
v3,9d4272e3,16.4920322581,18.6356713966,0.00462845831585,2.93216998793,14.5679835674,22.3142464525,0.00365541763116,2.24673743812,11.7240898678,20.2518434404,0.00363873248465,2.75396320191
v3,9d5e14d4,-25.7025444444,-39.6694530642,-0.000840081475006,3.38585212761,-16.8821675814,-31.051429523,-0.000986887814084,2.53386562055,-16.0828765177,-33.5197190149,1.57974961784e-05,3.06006887462
v3,9da441ba,14.0745063116,-0.116350556754,0.0240884772503,2.81051832399,9.58469800886,9.10818244897,0.0217743953758,2.2308571375,1.3837701729,1.0814514927,0.00715904050752,2.23172088583
v3,9dede370,16.5539590281,20.4791995674,0.0113656539347,2.9794059544,11.3363606611,17.1861798672,0.0116530039482,2.53007885161,11.9970055179,17.6194930782,0.00950137167775,2.7551471275
v3,9def2eb2,2.77333499917,-2.44751201681,0.00355575405761,2.11064860428,6.26288827443,5.42049732708,0.00456954152043,2.34797257573,2.86471506768,3.44466075213,0.0123802797665,2.25371965023
v3,9df1b1f9,11.8345926399,3.98932273657,-0.0322072258419,2.60950123792,6.86568229344,12.9649917213,-0.0324662614146,2.86135409084,1.36952230542,3.66249801441,-0.0178356266974,2.27538773737
v3,9dfff011,-0.947754109747,11.0436052263,-0.0638653266423,1.76575246502,1.95006833487,6.21612299824,-0.0540099134496,2.44955410738,0.829316171287,2.03285510907,-0.0134759040509,2.28934568861
v3,9e3e364d,2.10326806527,3.95719936833,0.00700989044334,1.62870451838,13.5874772968,12.383526105,0.00597777031329,2.34008453889,11.5152488292,18.1349474855,-0.00886878910276,2.70587335127
v3,9efc812e,4.57383370786,6.42189864265,0.00518752365334,2.16871339722,-4.04639864205,-6.21445150812,0.00268814399704,2.68293572379,-3.34745121045,-5.04679137234,-0.0108942579641,2.33786417699
v3,9f0c7bae,6.92672698662,6.36291106888,0.0339246044723,2.18585556496,7.23055795605,6.80539238875,0.0334390727311,2.37987379993,2.87632019497,3.61398993477,0.0122014077841,2.25423240106
v3,9ffce529,-5.86441097467,-26.7934329188,-0.0519197398222,2.4919549267,-13.0659851412,-15.4869480021,-0.049337620972,2.60888602778,-9.95582197871,-17.7223828623,-0.0148740671938,2.64538866263
v3,a0383629,-6.88866083676,2.47205079267,-0.0114908137981,2.24243430353,0.24449198399,-3.35822933712,-0.0110564689304,2.32260960979,1.10293294007,0.838679908832,0.00613792942907,2.22825280046
v3,a056d01e,0.0526978801274,-3.80555416287,-0.00135841799977,2.26011707805,-9.18133582576,-25.6790533903,-0.00246772245797,2.59762058772,-8.73883499576,-18.1329459698,-0.00217402953108,2.66956790339
v3,a08d9e63,18.5447137042,-7.38073747084,-0.00247538645468,3.11185106691,7.02630524146,18.3075026958,-0.0037442209343,2.5247674643,8.36487113751,15.2068861854,-0.00820715504995,2.5624684899
v3,a0b83014,16.1893147964,1.7209167882,-0.0116208616523,2.91876693717,4.03396416993,6.50548763723,-0.0117723353057,2.35109063891,2.16317721845,3.8365688667,-0.00808697575616,2.29124959825
v3,a0e92ed6,-1.05761486624,-20.4775943755,-0.00214233861393,2.20987120035,-10.5482147837,-12.1814829636,-0.00290530414559,2.41129962786,-9.95277838718,-16.7856282433,-0.0144255429148,2.67475912542
v3,a15bc102,1.56940358467,4.62309468548,0.015344125857,1.2750634813,4.70235959574,5.6334951362,0.014069465683,2.31614145507,1.38524322194,0.85957201597,0.00608782736389,2.24036523398
v3,a247e7cf,-1.63436376454,-10.697085675,-0.0199738150449,1.64888269596,-1.17689579444,-2.7712862675,-0.0200196780445,2.50142379467,-0.70869960441,0.586721611207,-0.0177416655527,2.23137088262
v3,a2e8e7f6,-2.16188655462,30.5626209433,0.00293103217185,2.45945467393,7.79679565092,22.3641113048,0.0010270599883,2.47640366653,11.1960644968,17.5864210176,-0.00485161939639,2.69251708199
v3,a3518960,-4.81020535535,8.18854954779,-0.0483555081687,2.09194749749,3.78376764732,12.4025728501,-0.0472714498018,2.26836431554,1.77777173707,3.50571107044,-0.0193601219932,2.30292414441
v3,a3f71395,-9.93482229839,14.776512422,0.0003230881265,2.77816038314,-3.53623300464,-0.730836484513,-0.000603611367565,2.51624481365,-1.66845721859,-1.24126824014,-0.00882620704888,2.30558295197
v3,a4719920,2.89800815772,12.6655327403,0.0064967798345,2.10479868997,2.9711692833,4.5805221204,0.00617002549608,2.30925931024,1.43971143274,1.09983037007,0.00726879995339,2.23523953264
v3,a48640d9,20.8741129744,7.11389170794,0.023190036822,3.11912676976,6.94473035701,5.74151587248,0.0192716307328,2.33875252723,0.635535875953,1.13073044558,-0.00574876656593,2.26544706222
v3,a4cdbb0f,-0.841464258262,14.2155737528,0.00143028550978,2.49733093447,-1.45557761758,-1.99631264097,0.00114520261011,2.73588970496,-0.123884843936,-0.913088552927,0.00357345695092,2.26829201864
v3,a4f989c2,-9.15071494893,-1.40007673252,-0.00488465797393,2.44917468882,-3.1131668148,-7.05951078045,-0.00432905219352,3.59039643652,0.286523159545,-0.701283901479,0.0066748022327,2.24971699641
v3,a5aa7973,-8.48812391681,-36.2773338041,0.0026461865384,2.71864577292,-6.99946921447,-22.2817228558,0.00429289207355,2.47883784899,-8.94247840778,-18.7936633843,0.000940258680413,2.65322171737
v3,a5e6f7dc,-4.04253142149,5.12626250899,-0.0215940146331,1.99481164414,-8.55138496465,-11.762542865,-0.0208300363645,2.35090389053,-1.76756684251,-3.7149889644,-0.00219383181424,2.31702485339
v3,a612d5a0,18.2031469319,9.11987937713,0.0210454081969,3.0084955414,8.76333897367,9.06204105528,0.0208194789917,2.43942877754,10.6872858166,17.0291126187,0.0115012956096,2.64378019716
v3,a622ce4d,12.2339806288,-6.28066574657,0.000572207264569,2.72366746858,4.4574582085,0.88178355335,0.000131213586672,2.27157480102,1.01632724506,0.109283389214,0.00982498469941,2.26154692464
v3,a645da9a,1.81373374733,-27.1891332987,-0.0404711268928,2.29768235228,-3.78165261676,-6.73881530863,-0.039883014117,2.57260039017,-0.985950009303,-1.29918679842,-0.0136561848084,2.28069046224
v3,a692b17e,8.71777061133,16.8225802658,0.0199620925065,2.64887055381,1.43846502908,10.0149927236,0.0183009050488,2.25075397088,1.13746548291,1.06010221379,0.00667841719038,2.23547228281
v3,a6b8ac67,6.51213643866,23.5592558148,0.0136222625537,2.47451132861,6.38357063437,13.7084534685,0.0143962544238,2.51464167652,4.99335685049,6.99128373473,0.0137363624137,2.36456841991
v3,a6ed2eff,4.15260473934,0.446401440126,-0.0331395821703,2.26515139282,6.79028216053,10.8998221738,-0.0325417459244,2.32882174306,3.19484491939,6.05247596846,-0.0185543110547,2.33763497393
v3,a6f967fb,-12.5520856531,9.04489519322,-0.0566354448377,2.69211146692,-6.07450938739,0.483908081026,-0.0568892209042,2.6960378568,-0.128258651937,0.415011650336,-0.019403748262,2.30387406636
v3,a76db406,2.48500856164,5.37330829393,-0.0595192537163,1.54848127181,10.2324429576,17.4271002967,-0.0607391452437,2.60495516136,10.5816445001,18.7912899444,-0.00747096883821,2.66035981919
v3,a7744f5b,9.47903129998,27.9708751183,0.00127562408687,2.64510675517,8.97128572453,19.694365769,0.000876430700473,2.39420955531,12.221930505,18.844783745,0.0028916413516,2.73411111345
v3,a783cc24,-22.449454738,-49.2885604376,0.00280003963909,3.32234289621,-24.0022262837,-53.0414233426,0.00361065975178,2.5045181915,-14.8973009477,-30.8794107739,-0.00463919842884,2.97436010609
v3,a79fd2e7,-8.43744550409,-11.1636793494,0.0367153391365,2.59333804814,3.65002135147,2.17982530102,0.0342891952029,2.3608593029,0.486119686288,-0.623816542914,0.00728098872721,2.25257426518
v3,a7fc3e6b,14.9880982368,11.1370885101,5.4482569019e-05,2.95227813877,2.26717757623,0.0279043764081,3.77825479082e-05,2.25213612377,1.41715614539,0.910913656853,0.0107353819968,2.22477629838
v3,a85bb86f,6.29073249435,-3.89775762421,0.0579849152481,2.1831144638,5.61028273353,2.8241048357,0.0560274802699,2.59376020628,0.666285914872,-0.516729344304,0.0097458237512,2.25392103845
v3,a85e4bc3,-4.98693080114,10.9850414237,0.00778820736494,2.36447747145,0.906860132312,-0.882135089718,0.00795069637122,2.30488824738,1.27875487585,0.760870935177,0.00961395933504,2.24955529516
v3,a87433c9,-7.91225135466,-2.4393060501,-0.0109625443617,2.35899931194,0.732251691949,-2.547694924,-0.0112783983471,2.29835607939,0.892150717072,1.157293195,-0.00762684696809,2.26532112008
v3,a8ed028a,17.5125532683,3.83858339672,-0.00234132597368,2.99795585509,9.95986928655,15.527176772,-0.000330207337298,2.61547800446,7.63848906265,12.833883668,-0.00379488984065,2.52113702259
v3,a959858c,63.6659218892,34.3999010599,-0.0910723838377,4.19507425702,53.6458353931,-1.14475605717,-0.0890136999736,4.79092607838,21.1915087884,32.8850633499,-0.00513396247526,3.1684863242
v3,a9c9b150,-0.098575012543,-1.32065359684,-0.00850499588676,0.771510835218,-0.125715089044,-0.052314183359,-0.00834478161338,2.40999900631,0.369871491598,0.0445741777979,0.00370509482336,2.26890935836
v3,aa95015b,9.46732093023,9.31191677219,0.0120666062674,2.5435725141,7.78116854574,9.01327264372,0.0126203518396,2.33624744078,2.22814545731,2.44276417156,0.00898755895269,2.27911174475
v3,aaaf3c03,-1.96067067067,40.1787023181,-0.0133526457619,2.77755090469,4.90837500327,17.8731726316,-0.017670313883,2.3350872347,1.48592409056,2.92329025589,-0.0196124051981,2.2948369688
v3,aaeffccb,-1.89717920354,3.34091952383,0.0311385892832,1.75026481677,5.55365207812,6.07299410408,0.0299053303544,2.36180731174,2.81333443951,2.89738069676,0.0101216191478,2.27874279678
v3,ab112491,24.3997242044,15.424656959,0.00169462097207,3.37430695262,10.0653255345,26.2881839555,0.00271221670271,2.51092962736,12.4702906315,21.0043513766,0.00206575442551,2.76791674123
v3,ab18d3fc,-12.4486845803,-34.7187431657,-0.0045904779364,2.86777905354,-12.3125718326,-32.1589074499,-0.00354161197576,2.41646345518,-9.60223409329,-19.2486588318,-0.00169508433463,2.69553731105
v3,ab3ced07,-6.24644,1.88248739259,0.0351359791892,2.37931688956,4.10891013492,2.0498551806,0.0332914296185,2.64170053873,1.23289436819,0.534591943046,0.00751224448462,2.25557437272
v3,ab6fe95d,3.83488617738,12.1130163123,0.013907156667,2.03856494147,4.29814243222,4.50901451436,0.0136711240467,2.38189306268,1.39331210969,0.787420390712,0.0121146741928,2.22203776046
v3,ab94878e,3.82175716189,-2.6281829538,-0.0361596114569,1.95872345693,3.372541156,-1.15712796867,-0.033753252787,2.3718771352,0.0299218523493,1.33192313022,-0.0111478756546,2.25935947795
v3,abf460d2,5.91210133665,19.0700075365,0.0230626722965,2.23547015175,16.6829303324,21.5441504337,0.0223441150016,2.26197679239,13.2451018287,18.765517022,0.0121597734647,2.79453206604
v3,ac6f01d5,-12.4391706635,-20.7622130651,0.00436621725679,2.83100677614,-2.15386100276,-20.4365235496,0.00358552055938,2.74810511823,-7.88813734307,-16.7041805108,-0.00127704989842,2.61403998553
v3,ad2133a8,-24.3827509164,-4.42896192514,-0.0570344085692,3.37033255637,0.617721294656,9.0026590341,-0.0570532374683,2.56447633764,1.11630669304,4.1381367051,-0.017579719037,2.30349875515
v3,add9c322,-11.4091531027,-6.87627067082,-0.00143966913002,2.5875222168,-6.30973722138,-5.11790826469,-0.00120188631496,2.42451791367,0.720942345261,-0.266724112464,0.00740557440814,2.24327023068
v3,ae069086,-8.28477777778,-12.7823472183,-0.0189579725018,2.74634211286,-3.98060934046,-16.3997408027,-0.0161609644363,2.62707878967,-0.202532473275,-0.625470473275,0.00585855754275,2.29374352583
v3,ae0784a8,8.91897353956,9.34028444127,0.0098160941839,2.47463533821,7.71951409682,6.42470869293,0.00864133859937,2.35673210001,2.16246512367,2.46927403483,0.00789984583004,2.27899895734
v3,ae35f33a,2.83387191011,-8.90171670146,0.0102960988869,1.80749713757,2.0014547219,-12.3074506075,0.00916129870334,2.16228447155,-1.16325148027,-3.20754452595,0.000942002418357,2.2954024359
v3,ae8959c3,18.1089464365,25.2268263113,0.0106939436782,3.0334138108,11.691922066,32.5610766527,0.0107655547244,2.59491567263,18.0652009052,29.499579665,0.00994897258064,3.06475299455
v3,aed44918,8.24302317028,7.73728703243,0.00380653430657,2.35029890533,3.75322486172,3.65811395122,0.00334863696485,2.45802434851,0.666285914872,-0.516729344304,0.0097458237512,2.25392103845
v3,aee6393a,3.23974083546,7.03510454019,0.0162791054917,1.73442758035,3.01889906754,0.109334691989,0.0138944760737,2.36057851508,0.66133633998,-0.380703245679,0.00750615881437,2.25725417107
v3,af7a59ce,-3.45691468254,-2.69300497836,0.00127988109329,1.63218907642,1.96555941049,3.77926111512,0.0015830223898,2.51917858279,1.33475551859,1.0620651765,0.00437643095859,2.25292047973
v3,aff4e561,9.6311085297,10.2230147674,-0.00680627737147,2.47249108237,11.6311889481,13.2289362948,-0.00601202161525,2.55643203743,11.245778414,18.1801896173,0.00991815160514,2.68477319928
v3,b04b58a3,5.34544973545,-12.9049013916,0.000290308204527,2.64323910006,-0.679083224406,-5.60302730664,0.000115738312183,2.21107122288,0.19463697178,-0.6849422567,0.00302199806521,2.25209251499
v3,b0d42b0d,17.8991088312,-12.1897482729,0.0300471849443,3.03482043077,4.06172540643,-11.0718786724,0.0295933870858,2.44666266226,-1.01600984662,-2.75569485943,0.00725878122394,2.27142847816
v3,b0f53bf4,-6.97197096189,-5.16442562013,0.010919223786,2.32545438801,0.0396852950368,-1.46280994567,0.0112537436138,2.27775900118,1.41715614539,0.910913656853,0.0107353819968,2.22477629838
v3,b19b0395,-8.09266471701,-8.84487420015,-0.0402557226211,2.40199936094,-10.9576209624,-7.2283994395,-0.0384236799979,2.65063815074,-6.57136439581,-10.5258461003,-0.0172104799428,2.45589900882
v3,b1efb8a4,5.3679393131,15.16336473,0.0021535400005,2.2519975417,1.33573654946,5.44287230344,0.00193444725136,2.39917854889,1.37215847804,0.936634774746,0.00491033102139,2.23871494455
v3,b32902c0,1.10968487395,13.3158453497,0.00724743268409,1.81733241246,9.90168735744,19.8643535317,0.00515154801171,2.385388267,11.0297857542,17.3243036954,0.001426403801,2.71694130328
v3,b32e4903,1.16985615251,9.9444760088,-0.0242399773789,1.92628434605,3.18415704729,14.1186021085,-0.0221473732071,2.30687940916,4.06862272051,6.35061416029,-0.0102551779986,2.3708543836
v3,b3388334,-6.75586842105,31.6182318503,0.0214962130925,2.72327416744,8.36655223639,21.5806594719,0.0246894855182,2.9654715991,12.2286626328,20.4562451748,0.010554535292,2.7503785239
v3,b37fd114,20.7529310134,31.8909337713,-0.000808748017243,3.25727967373,8.33795799855,17.74486884,-0.000361738639725,2.63796417111,10.0790422608,16.6533422472,0.00598414922627,2.64532646399
v3,b38e3116,3.27253582354,4.58675529042,-0.0145768791711,2.00207967702,1.21685159811,0.273632665721,-0.014343081269,2.48680205302,-0.499369138636,1.35265234311,-0.0177499167442,2.28163671918
v3,b4d8dd4f,1.05958440948,43.8655167483,0.0556155742397,2.89582457669,12.3768748887,26.1564479571,0.055387276275,2.81094853466,15.0620789359,20.5602133862,0.0141717289571,2.89190381132
v3,b4f37e6e,11.563967246,30.1257691767,0.0410899835677,2.76939316165,17.0278790676,27.8308167458,0.0406874438219,2.59654837623,23.9813764844,35.9579467164,0.00512600421142,3.25369246326
v3,b56bc0aa,7.90101570868,0.947864187996,0.0486311261812,2.28121110347,0.930406610504,5.63971791461,0.0481896429426,2.63622860494,0.596493831112,0.1571431127,0.0105249168137,2.25254219204
v3,b585b4fa,-4.15483465301,15.6605150582,0.0262331726532,2.39551223686,-11.7200552085,-17.1977678089,0.0252835262189,2.45501576563,-9.53138357131,-20.4613983721,0.00230126904451,2.70230131826
v3,b5aa9634,-6.98763581764,-11.2759715332,-0.00639366192007,2.52402015972,-12.3928239774,-27.5353493768,-0.00604471689605,2.40414293911,-15.8441923431,-35.8291956395,-0.00393360850296,3.02499692953
v3,b7974e66,1.28785534365,-1.33574479943,0.00573764260003,2.07605631736,-3.39716582021,-0.513157540572,0.00565572037892,2.71014302554,0.719359071461,0.402194655954,0.00699328505457,2.25428125146
v3,b7cdcecb,7.33551070039,14.7927991328,-0.0232434378707,2.32965063735,10.2811805983,11.9830063725,-0.0225680696534,2.4956414947,10.8727541492,19.0527933372,-0.00279626390792,2.67536448346
v3,b7fea9ef,-10.3127211588,3.10207818394,-0.0103555835466,2.49717069179,-1.83828815692,1.12567609585,-0.00976740822375,2.33870979279,0.7043684318,0.90893296086,-0.00433989086527,2.23837442876
v3,b85f7b06,2.77873520905,4.37016012595,0.00301456646623,1.51948369012,8.87085485803,4.0893624905,0.00345232861937,2.47977620276,3.2109561219,3.77478383462,0.00455509589615,2.29273397617
v3,b881d27e,17.9941481666,9.72090221192,-0.0304495568989,2.98493188167,10.4002378805,17.8883904782,-0.0300399603374,2.56842350694,11.3423631953,18.9904247009,-0.0112682405957,2.69707184817
v3,b8c49c1a,-1.78470710813,19.9576055736,-0.0118261598645,2.22537507037,0.899465571135,6.16055535196,-0.0126742972998,2.36416223915,0.115055403551,0.539610356084,-0.0159251345184,2.20733110278
v3,b95e7121,1.93262448462,-0.415036507395,0.00234826059213,1.48624375766,4.21984449072,-1.03315467317,-0.000319783397424,2.44422334751,0.43086791595,0.703847715653,-0.00847325711011,2.26260315895
v3,b977be4a,0.231984113572,-50.8013445727,-0.00635597946168,2.97442547529,-2.56885677467,-17.0596872016,-0.0054263092576,2.36730347522,-0.0625426142155,-1.08574242997,0.00520298497635,2.27044860539
v3,ba48188d,-38.3416466635,-113.847666263,-0.0079668430222,3.95003534026,-43.6322320203,-90.5387128353,-0.00940942782658,2.45060394687,-14.9347564398,-28.3258585464,-0.010106864846,2.96599066119
v3,bb2cdd83,-0.410308496733,6.7869783422,0.0248371712587,1.39070314744,1.64382405482,3.40953840219,0.0251692512816,2.35357860145,1.01632724506,0.109283389214,0.00982498469941,2.26154692464
v3,bb337fa0,22.4812803725,12.7601851624,0.018990024707,3.22222306745,17.480996743,24.7019451874,0.0201806220726,2.40477223933,20.7657164886,31.4352312789,0.00510700633046,3.16260531535
v3,bb682ebd,17.4580357574,27.2059654191,0.00875773822788,3.03832354049,12.4318078015,26.9223256012,0.00803850822877,2.75410121849,15.4851619238,21.6235239336,0.0106173184512,2.90607376083
v3,bc4381e2,11.8622139253,8.12007980297,-0.0209162348426,2.60995000231,0.977724096666,11.1879574577,-0.0181393834532,2.47422223081,9.29305336043,14.4578790317,0.0106213488129,2.61058317314
v3,bcebcc5f,22.8529610099,7.81055546935,0.0100237613264,3.22849093976,20.4709767996,24.9709311653,0.0100683497905,2.40411457382,22.5782222541,32.5570731595,0.0107112190294,3.20245955422
v3,bd2c2f34,0.749251756084,1.22707337794,-0.00457809146488,1.89665111628,-2.81407665162,0.307363950193,-0.00322029537779,2.51992887755,0.637857719647,1.12029457317,-0.00348286448183,2.25342467867
v3,bd4ae5da,-12.8596144626,-10.8629684618,0.010139338777,2.71153955066,-7.66338370851,-10.9051727261,0.010067805529,2.66699058121,-6.33141750578,-14.0273468736,0.00434747090353,2.54108511953
v3,bd6f0e19,9.28066342412,9.5269710983,-0.00125615810418,2.40857889413,5.98321797444,2.32648533303,0.000697670755923,2.23012145492,2.96226372853,2.88283304189,0.0106381083721,2.28468615591
v3,bd8f847e,2.45841564201,20.9290713953,0.019426172279,2.12700975782,4.47668341225,8.91644606447,0.0165972787793,2.50776706655,2.40328795245,2.12835187572,0.0086943129566,2.28853591869
v3,be063506,-9.03810666667,-0.534367491669,0.00999913709684,2.36892366616,-3.04066472658,6.46644606492,0.00899840286768,2.61941844543,0.352089187688,-0.168707944208,0.00659380541752,2.24332866623
v3,be35c8f2,0.871341694273,-11.726892064,8.31359876154e-05,1.73602389891,-6.33346300151,-11.6021709184,0.000360100399519,2.47332674413,-0.822817213716,-2.60458740677,0.00925586302803,2.27753940417
v3,be83e781,1.6237286557,-2.84896716555,-0.0278232762273,1.42402293271,7.84777789654,4.09531517378,-0.0265741914548,2.6247898543,1.60507621178,2.7703150367,-0.0145139126274,2.27021338876
v3,beda8696,3.0063988498,-15.7777310532,-0.0236495684586,2.38139213443,-12.524563022,-23.1954777162,-0.0232071405918,2.42908722572,-10.1941121839,-18.4670450412,-0.0109124029487,2.7169052959
v3,bf39bc20,0.138410535876,-7.95504114683,0.0223317162676,2.2409020324,-7.38810952398,-13.1334280014,0.0220175060363,2.50793812553,-8.32206251921,-17.7396622257,0.00331623627807,2.64033130671
v3,bf70b410,-12.2646132031,-40.204419101,-0.0145568965084,2.99173829444,-19.7456033545,-36.6223901296,-0.0147859445048,2.50066091784,-15.7041068748,-31.0059564513,-0.00946637415713,2.99202615813
v3,bffe3082,9.89436833828,41.8304873783,0.0145707862128,2.86783742458,15.7186753095,25.6699380689,0.0141348422045,2.48518345153,15.9107157517,21.7829373394,0.0126012895815,2.9251627326
v3,c03b9305,3.43139365452,15.197439536,0.0162637707315,2.09397506763,7.98468208429,17.32361085,0.0159669783757,2.30017865058,10.5522855861,15.3471356832,0.00901429047039,2.67545772002
v3,c03d4aed,9.30344106874,-5.31175540378,0.00504298077578,2.60882595546,2.56906353913,0.231172554768,0.00365770972513,2.38551307176,0.618938361176,1.59672926897,-0.00957196253822,2.26286023346
v3,c03fba65,-20.5787753447,-29.7098311567,-0.007450979318,3.1671601945,-14.0312112094,-28.7168602774,-0.00757959701248,2.39219414882,-15.4917224121,-31.7295872192,-0.00518205981895,3.01272249462
v3,c07fd0cd,-0.810634693391,5.48300961165,-0.0217978953513,1.61996913535,5.98608991759,5.21777265992,-0.020689124519,2.09759893172,0.633972094782,2.61610392861,-0.0188102568181,2.22373719002
v3,c1708b88,-14.8091306413,-17.1463925483,-0.0329827910876,2.96035210315,-0.957515510254,-7.45943599917,-0.0302122629848,2.54106620885,1.01420928608,-0.0327860429561,0.0108227934327,2.2214528956
v3,c1d046f4,4.25464901143,-5.4955632537,0.000660449903969,2.1633359334,-3.53846295035,-3.20805458352,0.000618315520558,2.68420458023,-0.107210180603,-0.855024268734,0.00347989609685,2.23914248835
v3,c2717d4f,5.36089176022,0.675011900382,0.0186676818799,2.24628556733,3.60734871607,8.26012180579,0.0189444491876,2.1083727199,1.39331210969,0.787420390712,0.0121146741928,2.22203776046
v3,c2c4db09,3.22502235469,-16.2031473831,-0.0104523865338,2.30541337177,3.4090898327,-1.09023186496,-0.0102779239033,2.32209949356,0.43086791595,0.703847715653,-0.00847325711011,2.26260315895
v3,c2c6fc71,9.64925270403,12.9364195609,0.00118923173018,2.54689993538,11.0797916144,5.57895190237,-3.89162086733e-05,2.20302983898,1.97845954468,3.46172195807,-0.00811479172256,2.2895385089
v3,c36625df,-7.07496836778,3.20110850299,0.0128825413653,2.19758062495,-10.8320660172,-14.1595712481,0.0127720969091,2.53246594148,-9.5428777678,-20.1821623537,0.000585345906073,2.72550236009
v3,c3957531,1.48971218962,30.3514591236,-0.0059865042551,2.60407555984,-3.15311448594,7.80536470277,-0.00580940941279,2.64359477284,-0.373123401926,-0.108138305947,-0.00993234553758,2.28375323145
v3,c42fe306,6.04382924436,28.5172620108,-0.0371555460489,2.50791564399,10.296549395,22.9922748424,-0.0370321764931,2.45031907547,13.0438705672,22.4655935888,-0.0132391396462,2.79329954165
v3,c43812e2,-3.97218925276,-1.23576426028,-0.0158781410982,2.08154732403,-10.4444537755,-10.2848091696,-0.0144433704591,2.26601251067,-0.05484128368,-0.320625850256,0.00599880102008,2.28856934277
v3,c472c0b5,7.32707596595,12.0102416985,0.0141268459587,2.22799957114,6.72951784313,8.1115360375,0.0129465093962,2.18189997192,1.39347416568,1.18556384987,0.00975759886035,2.25566826537
v3,c47e0767,19.2720454545,28.8432100745,0.0417431029998,3.11250186491,21.5001249096,27.1606914547,0.0397474186503,2.24859489745,13.1119681152,19.7624982368,0.00872174612037,2.82205447642
v3,c50b42f6,3.6782573994,-0.111969192416,-0.0117707259578,2.26220734086,3.25344950434,12.6618968588,-0.0113013964637,2.56744976519,3.2381699484,5.60286786803,-0.00822433399771,2.3483780443
v3,c593337f,-15.9025672043,-57.7114544726,-0.00107460047788,3.21174381379,-17.3788270294,-34.1149722466,0.000200557979443,2.58678087618,-17.1461248014,-34.9567655403,-0.00332558365465,3.09044797847
v3,c59b6c4a,-18.3491452991,-33.0032258811,-0.00645189874654,3.08888573969,-16.2507021346,-33.3877338372,-0.00638716327779,2.42726364671,-15.3981197259,-32.7592139001,-0.00189038747292,3.00414074206
v3,c66be2b8,-14.9536446798,-50.5147344076,0.0273304811192,3.14530491208,-12.4001184154,-32.5166035924,0.0296075619621,2.34453679301,-11.0980418535,-23.8445933661,0.00176766871165,2.7991684781
v3,c6797dd7,0.958610634647,-12.626341018,-0.000460440568267,1.92117969829,-0.386595851751,-7.52664940892,-0.00252850433365,2.4493724654,0.380308913559,0.670991272614,-0.013728392056,2.26077303052
v3,c6b782a4,-10.615232725,2.5028987231,-0.0080447261174,2.62523965854,-7.73288316718,1.03296194436,-0.00583558732204,2.56080398982,0.0125026914794,-0.411101689019,0.00779367304576,2.24698262412
v3,c6c96179,7.40880619381,2.58175078854,-0.0116393889067,2.27958745475,5.34910883049,5.43280582456,-0.0109592743107,2.14605767552,2.22853487564,3.17559778049,-0.00319949314983,2.28436182223
v3,c70c0e01,-5.45328153989,-13.1172628669,-0.0297655643711,2.29906902554,-10.3432299118,-13.8661096825,-0.0287663418969,2.31133030747,-5.85319554889,-10.256683014,-0.00858388618899,2.49677567176
v3,c84c65be,5.34140301318,-10.5843367084,-0.0261207314796,2.37382498655,-1.45988707646,0.542948085654,-0.0238127920341,2.85108007901,0.0418049471335,0.956926523572,-0.0155743216044,2.22164945332
v3,c8d9680c,39.1036936793,43.8821542448,0.0208264516848,3.7789586808,14.1050653162,28.5436131111,0.0219171286701,2.46659349739,19.5645474974,29.8223496242,0.00687324327037,3.11711685642
v3,c908edd0,-2.39408652938,-25.3708887439,-0.00337637342737,2.27880746863,-8.62834021106,-10.1515629957,-0.00338341216134,2.4540226647,-9.16645728636,-17.2597588007,-0.00811990042545,2.61978450461
v3,c9578d27,3.08239803878,7.40990404246,0.0162436239268,2.42540045573,1.11844914048,-5.57254720668,0.013075253199,2.4454013165,-0.969298843725,-1.63781912445,-0.00576432079243,2.29582872866
v3,c96c018a,10.9871407954,8.92025593761,0.000291238358387,2.62900415242,5.77100237024,6.91727670972,-0.00118390901816,2.35634070565,1.98301315068,3.40522489746,-0.00682161414051,2.28884740178
v3,c99f9fae,-3.6343405125,-9.85165841675,-0.013739105048,1.85711505866,-9.69108373825,-21.8191376646,-0.0148423821869,2.16893023197,-10.0179321884,-18.4957316037,-0.0120265698356,2.70842601806
v3,c9e6734f,0.384128827877,30.9829351205,-0.000323418134888,2.42572014648,4.9236564863,13.1711390336,-0.00283229166517,2.52115674967,2.09643781581,3.87952465591,-0.00778221610373,2.30022616815
v3,c9e980e8,-7.13835742143,-20.2060960114,-0.0249370013637,2.37413661406,-2.73079682542,-11.7815911044,-0.0267289930197,2.43924868808,-3.9065060387,-5.98963125009,-0.0198043632468,2.42361436056
v3,c9fedcf3,6.78960762013,3.76333221098,-0.00109960322843,2.13673292108,4.81238183734,4.71138600619,-0.00130068216041,2.32889874807,1.45151456183,1.96305731373,0.00175296008574,2.27198684182
v3,cad13e8f,-16.4154022277,-11.8362598214,-0.0619327186213,2.89160966532,-15.9918386541,-15.5462288934,-0.0620937437286,1.87602659754,-9.50180029065,-17.1398192836,-0.0122086992876,2.66700978797
v3,cb34231f,-1.73774469602,4.95209838657,-0.0461195399021,1.85924777481,0.561583850754,4.3106738829,-0.0445474732325,2.4193675088,1.02329479893,1.81938001288,-0.0158695219088,2.25995759194
v3,cb879f40,-0.411854315123,-9.48997949633,-0.0091448839816,2.28201881641,-3.2109663138,-10.900967713,-0.0080308941683,2.24870046347,-1.96073629992,-1.73061289982,-0.00901415378188,2.3231544052
v3,cbb406b5,8.57629424779,-7.97027732845,0.00936994306505,2.51486080251,0.107003373305,-0.45894383378,0.00930621144166,2.44998811289,0.592588064332,0.613954535167,0.00758741424694,2.25965690545
v3,cbe51de1,11.6606056018,14.6908406468,-0.00967930974233,2.77397538923,4.29777840601,-0.432063134742,-0.0106590332578,2.24637281708,1.35678525796,1.40764295003,-0.0030444400272,2.26122055816
v3,cbe62450,15.0649920102,-1.29301925496,-0.00135276526155,2.97588987953,-4.59675165459,-4.3486556662,-0.000277708605773,2.26009398165,-1.90718866404,-1.80870870752,-0.00784169327092,2.32247759313
v3,cc08aa63,11.2360690287,12.7806723396,0.042623342313,2.6382671062,7.52220771749,6.87230941886,0.0406953493377,2.51618005481,2.53649104201,3.4448608677,0.0116848448426,2.29887655798
v3,cc8a1d57,-24.9354293462,0.108459206036,-0.0366790862654,3.35184571516,-4.8216934445,0.152429387267,-0.0337298715975,2.65855130705,0.0471691867316,0.764681459405,-0.0161873126577,2.21938777264
v3,ccedb12b,6.25428084526,-20.4106401471,0.0253101076091,2.45178587182,-2.54221645745,-17.6724854651,0.025672162608,2.56035989401,-9.05194495039,-19.4785058597,0.00292191834109,2.67404248272
v3,cd7f1687,-8.84078449906,-3.90623831253,-0.0192726577347,2.44868886928,-0.957995270095,2.55179834448,-0.0179706486662,2.5684565043,0.597069067355,1.24800402516,-0.00223623670948,2.26243443683
v3,cda7eb37,3.50109660137,21.2725782795,-0.0129205244106,2.401762604,0.359312025886,1.36587527856,-0.0144343321319,2.58650412197,-2.00074144891,-1.1181283695,-0.020380614132,2.27156009827
v3,cdc31d65,4.0548161157,-10.8054886012,-0.00495964802344,2.13799488126,-0.269185196466,-9.42645293934,-0.00495292876115,2.24997054894,-1.64668745301,-2.72768012791,-0.00592114530953,2.32903283816
v3,cdc60a53,-0.725624362027,21.690885866,0.00316360950705,2.23172541883,4.39462835273,11.744438477,0.00284187008019,2.45467767796,2.09744569337,3.30518214976,-0.00241682464929,2.27611699208
v3,ce55ba43,12.3136500975,10.2200508437,0.00826136557358,2.72814359975,6.62349210409,12.4388795418,0.0080325990906,2.68921255881,3.58452554624,4.70882326866,0.00889294213187,2.31656641016
v3,ce8399b7,-2.67853869969,-1.54539698985,-0.0558337752285,1.4732888658,-3.30292670076,-4.56370723252,-0.0535271115174,2.7028533263,-0.786266531837,-0.368509428373,-0.015868808369,2.26383624185
v3,cf50c9d1,-29.8412371346,-28.2842762468,-0.0111377415774,3.48333626392,-21.7498418021,-36.8317203718,-0.0100609340178,2.53470553975,-15.7693136852,-33.4335753518,-0.00135861742191,3.01606812185
v3,d00e7eb9,-6.62653050491,-2.60899210911,-0.0100792234274,2.18683787478,-4.10848755676,-9.23467819154,-0.00976669698918,2.36287727879,-1.54196715654,-3.66416812838,0.00588162896753,2.28500631741
v3,d011f41b,-8.26695191884,-13.6226837323,-0.00783986451807,2.47332783019,-1.08259503814,-13.7714541477,-0.00606443037647,2.40264917391,-1.306740068,-3.25360367723,0.00602064617939,2.27476488754
v3,d07aed8f,4.75087926953,0.730144731688,0.00354005628537,1.85667472509,6.4833649546,3.17234790831,0.00312091371197,2.10778061,1.51949049457,0.940584580025,0.00756829396456,2.25989185616
v3,d085e611,1.56577612663,10.7127361862,-0.0191495556304,2.40547823654,-6.68205882822,-5.22213681429,-0.0194224734512,2.49959225369,-1.60359777553,-2.95288695054,-0.0100521643414,2.31781517617
v3,d0a0e7b5,10.4409014675,12.3337000641,-0.0045359078681,2.53978173207,8.60192625855,11.6708078542,-0.00482945589024,2.48570265399,8.56099742562,12.071394193,0.000806557316822,2.5414762527
v3,d0a43760,2.12997030438,8.20804423634,-0.000149463910165,1.65810483861,0.630014367961,6.0769846596,-0.00288081827938,2.59208808773,0.107326274973,1.76803397868,-0.0183365106337,2.22547655873
v3,d0cb63ae,-15.8057265939,-8.74908277794,0.0230018488703,3.04153662126,-0.433358019414,-2.06049461035,0.023290528647,2.56415839608,0.646109287163,-0.0966097007699,0.00753554875458,2.25376904312
v3,d114d9c2,-5.06952304222,-16.9148082797,-0.0315746484061,2.16315387793,-4.03265480251,-3.72915482641,-0.0305946629894,2.53185852748,-0.925729207355,-0.497076158748,-0.0137538076628,2.29399856698
v3,d1457cc5,0.989682080925,9.99327278126,0.0153978463613,2.21000176405,5.82628275054,3.56415419546,0.0166804303872,2.63620006057,1.76011065856,1.85366823042,0.0118089046118,2.22919004279
v3,d1ecf309,4.36323767834,25.9287971346,-0.00460954424129,2.33971560477,2.55564983757,16.6432853487,-0.00352053300264,2.59227435367,9.50545227204,15.4033712421,0.00687481808497,2.60052427189
v3,d1ee630d,11.2639109698,-2.33789253631,0.000667653498364,2.5817141936,9.7192648699,0.881880766661,-0.000429823360768,2.27835593797,2.65496047218,3.05768247898,-3.53287794357e-05,2.31443309077
v3,d217e0c5,-2.49409067223,5.52161850871,-0.0301888180333,1.82513601001,5.14521624094,10.4885282792,-0.029356378737,2.35724539467,2.19051169095,4.78345964128,-0.0189961928096,2.28526165485
v3,d24ff243,0.332738876086,-5.75538702847,-0.0226788641487,1.52269848814,-4.39433402627,4.76082775622,-0.0217370754399,2.27728728956,0.0432674260691,0.813474899477,-0.00776160080924,2.27205345256
v3,d273674e,-0.86236214414,-1.63126288003,-0.0108506797368,1.4816877651,7.70068059906,8.65699800779,-0.0123850939856,2.30674812417,2.73056751877,4.90265391988,-0.00976585785705,2.32757879916
v3,d2f3b1ab,9.58250134384,-29.8586028799,-0.0117468050572,2.91004950432,-6.14461953915,-16.3330881458,-0.011535335599,2.37580696471,-8.28658399613,-17.1908751176,-0.00106603406312,2.61927286186
v3,d3df146b,9.83863832728,8.5864037391,0.0206963269831,2.54154996819,15.5390356707,18.0032971849,0.0190709329973,2.23218964741,12.4952916233,19.102887445,0.00738112431422,2.80763550745
v3,d40f61d5,-1.10394899728,9.46604754632,-0.0111039163771,1.71434158785,-1.67033810583,5.84844064418,-0.0109876491339,2.30584925859,0.910934294203,1.0847544045,-0.00616004714867,2.2699890233
v3,d41beaf2,-13.9062255418,-12.969015172,-0.00882504140319,2.85275659292,-9.16319247848,-14.0794267928,-0.00800205773992,2.43819498528,-9.02874469415,-17.7878216045,3.77387105815e-05,2.6570177938
v3,d463e527,3.06896370883,21.0340862991,0.0283260276245,2.26084124569,-0.258919862723,2.63296967752,0.0246383241189,2.36680576767,0.221045920152,-0.567442099794,0.00749218593913,2.25315688488
v3,d4f60a28,-2.9714419018,7.69870897143,-0.0604054258239,1.97173468251,-1.763940791,0.84065576884,-0.0587677089154,2.13207720752,0.508106630286,1.82825479631,-0.0138134445157,2.252701002
v3,d50c649a,5.07708187975,-6.75328701501,0.0488585881442,2.05667972285,3.47246110515,1.13553674414,0.0477241406793,2.48336064076,1.06034695621,0.357965444647,0.0111844092116,2.22918512878
v3,d543916f,6.50180662638,17.206708757,-0.00537406345692,2.41593357031,5.74401582389,6.70119412927,-0.00671612554215,2.43729434812,2.05567113846,3.65083633936,-0.0112400774392,2.27919439297
v3,d5df0ff5,-15.3508779762,-7.54481839556,-0.00532138657101,2.85366949198,-11.1440897367,-19.2970251527,-0.00554970267128,2.27440987827,-8.73802513279,-17.5338437122,0.000230217012054,2.62957540899
v3,d60430e6,-5.73088410992,12.8603773334,-0.00920297677589,2.1803239523,-3.81571115284,4.07993471698,-0.00949117009795,2.35484647428,0.524473157023,0.670619815383,0.00677296937663,2.26563989531
v3,d63196fe,-17.7631973392,-23.2214354505,-0.0611705418649,3.02164923338,-18.2040621617,-26.7277836421,-0.0583690364751,2.54129716518,-12.1113743931,-24.1428207018,-0.0116851378211,2.7911899068
v3,d6c320d9,9.9858217168,12.7678026325,-0.00900715053471,2.50192617214,7.42301400152,13.7449759963,-0.00838602091748,2.23353112234,10.3454550138,16.4523029453,0.00538972223961,2.65272453999
v3,d6dd7330,7.9624430809,7.27106589402,-0.0032738848208,2.55122740835,2.10146572829,0.129756741816,-0.00402837784936,2.21075599809,-0.474744577789,-0.447216639681,-0.0102855609836,2.27067687605
v3,d7ba4f9d,-3.7411456085,-2.39655994319,-0.0104546200573,1.80797989721,-6.17187560477,-8.36232304947,-0.00978004331805,2.30067449552,0.720942345261,-0.266724112464,0.00740557440814,2.24327023068
v3,d7eb0be8,27.6577281985,-19.5113629334,-0.00207387917505,3.52123296359,-1.40214856699,-7.33631104159,0.00293670013426,2.49344711283,-0.728199195941,-2.27234593875,0.0077371131274,2.26664997027
v3,d84b621b,-21.2124737106,-2.0651086818,-0.0235201105971,3.12765372105,-8.24727806013,-8.54259232263,-0.0226277948518,2.63847198856,-7.10576654784,-12.1995299158,-0.0128505274913,2.54819719238
v3,d90aa14c,6.78172389698,2.51224478223,0.0124618463573,2.56451487013,-11.2524775454,-15.1488287685,0.0138085916,2.4746094128,-10.1335805444,-21.9695851896,0.000744944199901,2.73179334861
v3,d924e971,25.8144378141,67.0587842056,0.0639725732744,3.51958123621,35.0413665163,57.0687178338,0.0606304730153,2.70938446302,20.4406600337,30.9634513573,0.00603206516301,3.14775355448
v3,d9ae59b2,-4.00833607456,-7.06760671182,-0.0331164944268,1.7995756385,-1.09257411362,-4.03340361419,-0.0327594994419,2.57734945209,-0.890413016126,-0.752499764167,-0.0139191187454,2.27753560219
v3,d9d6d94d,-0.0320349664566,-13.5681448143,0.0896205655538,2.34043266635,0.257152178265,-0.67641124866,0.0899185232177,2.58692130619,0.596493831112,0.1571431127,0.0105249168137,2.25254219204
v3,d9eca87b,-20.852935823,-46.0132952848,-0.0188609341136,3.31212262022,-39.1098085833,-65.5312738762,-0.0192338642594,2.43268530619,-15.5419839555,-32.490236752,1.53961045644e-05,3.0389119924
v3,da2d4d7c,1.33247398297,7.88878720049,0.0281246915567,1.52108617182,1.69084433971,1.40339662201,0.026945165771,2.40046444568,1.15146645495,0.736343145519,0.0108075270145,2.21064673717
v3,da3bfe4e,-27.0871598486,-31.8277742413,-0.0181814842802,3.44068227256,-12.2514271931,-26.0231584688,-0.0197841152317,2.50244231196,-12.570382053,-23.873310128,-0.0114629841363,2.82510698338
v3,da3cf798,15.9966991786,12.0750333706,0.0147767957383,2.885086192,10.032593452,10.6295824981,0.0147328974257,2.34239063225,10.4885815546,16.8956056477,0.0110682081026,2.63177525874
v3,da940160,9.87100545596,14.2616871666,-0.0249654140608,2.50346897642,5.31087865741,10.9412527408,-0.0243705771003,2.50345994092,2.06403367723,3.87117238594,-0.0167409324061,2.30726572942
v3,dafc88c3,5.13847451543,4.13538573903,-0.0302340266534,2.06399020705,4.02689311237,11.6011559593,-0.0305897291162,2.36841558446,1.81094086116,3.78860188699,-0.0135108539556,2.28191810821
v3,dbee6c86,-2.0197638757,-4.3192546855,-0.017824130052,1.68564477185,-0.425206602701,-0.284878949161,-0.0170524194175,2.60818815711,0.659259490204,1.60700226958,-0.00749922182672,2.25093453176
v3,dc5fbe29,-4.28287910821,8.53236855164,-0.0124416019057,2.18830759692,-8.00592620632,-1.76375726739,-0.0132914500253,2.51297889634,-1.45695003742,-2.13864091344,-0.00678494201641,2.31212390195
v3,dc7da28f,6.10943862589,26.4035300583,0.0126639110999,2.41798702377,11.2230279651,18.627856127,0.0104317280816,2.51395494527,10.5673249134,17.3297081145,0.000275214303264,2.66704170865
v3,dc7f9757,-7.81375,-15.2412778348,-0.00233323814416,2.38048593054,-9.21117287934,-3.24249342012,-0.00401263743107,2.9482147281,-9.38407077303,-15.5542947899,-0.015456196727,2.64274618343
v3,dd168de0,-0.328123486683,5.7509525812,0.00581994581664,1.38413131919,3.06314867292,5.60678374098,0.0053023286925,2.17205817511,2.54079288665,2.41422224843,0.00841639831039,2.29255375262
v3,dd64382d,2.76139244558,7.67367358156,0.0120293276047,1.66053530988,6.92223672529,10.804877168,0.0114258640423,2.30317338139,3.34661984055,4.41947533888,0.0106942828052,2.3330021925
v3,dd6bc5b2,8.40175180455,22.7553268214,-0.0207788885805,2.54795625815,1.50043700968,17.6689681978,-0.0185305599802,2.64084944515,4.1142446536,5.64958484315,-0.00121303177954,2.35593723193
v3,dd7d638e,-0.840932341316,13.0848422912,0.0628967657554,1.94843277137,6.42695925946,12.4081339453,0.0609573797054,2.48766878356,1.75443246176,1.55245312565,0.0101870621659,2.27026976216
v3,ddc790ff,-4.0485971223,-2.77924027169,-0.0490468613395,1.90580476988,-2.08820687203,-6.11293040837,-0.0493605254705,2.46804135859,-0.535436579774,-0.163626338495,-0.0172902564238,2.23928428485
v3,df71d1ff,-6.40277617213,-18.8228635452,-0.0280551164226,2.62050207205,1.05720836748,-3.74850330451,-0.0272606883308,2.4442964349,0.737058926415,0.787732068465,-0.00289180927588,2.23913951638
v3,df73b8f3,-9.23753718697,-35.795650504,-0.0448878013221,2.8104596183,-11.0872222793,-22.5334820923,-0.0439654024073,2.44602560713,-8.65351444721,-16.1143706002,-0.0123104268459,2.63169883405
v3,df8290be,6.64847935549,32.1450384126,0.0190477255486,2.63975171595,6.61088374611,23.3502075166,0.0167705605087,2.51609901471,10.7849599911,17.6988616403,-0.00325453059259,2.64556116295
v3,e0079ed1,6.53724286949,-7.32942885223,0.0195364770513,2.20491844137,-1.64922702184,-9.00946084848,0.0225295148988,2.18538417317,0.601629380222,-0.203507774572,0.00935965902942,2.24420683136
v3,e03b45fd,3.94871958068,-14.2253360958,0.025459605032,2.81850729304,-16.3942308062,-32.9971071031,0.022747948541,2.82267217768,-15.1341242985,-33.0907388796,0.000306464586487,3.0053956515
v3,e0f36d98,11.1204079582,-1.29439707946,-0.00142958836811,2.72478644311,9.29185999594,10.0287310515,0.000320166251394,2.18600268041,10.6973985353,16.8147375782,0.00938952613654,2.64206080562
v3,e149204f,0.351759881909,-5.13848643497,-0.0203154011557,1.71310451545,0.871449213789,-1.76786660782,-0.0204827189684,2.44604399867,0.760752350571,1.22291772576,-0.0133669550872,2.25813592163
v3,e14d641e,-3.13395100503,-9.55296842138,0.00585819201531,2.05676138923,-3.21473193337,-8.57758610627,0.00425060052127,2.29178814842,-0.333075805668,-0.642918642713,-0.000610178950833,2.26426508774
v3,e161bd0c,0.727148185826,7.76460360363,-0.003257632646,1.67428830321,6.2201184101,9.13738966407,-0.00268131084888,2.44130218264,2.79224742142,3.30736519698,0.00678741829243,2.27102962517
v3,e201fd6d,-9.35823471401,9.6192873714,0.0291161682822,2.85481658154,4.01482505514,5.99164838433,0.0279710433769,2.5440735045,1.39331210969,0.787420390712,0.0121146741928,2.22203776046
v3,e25f1537,-3.91365753856,-35.0847686913,0.0111675282424,2.63941790799,-10.4201788055,-21.6668997365,0.0114353531231,2.4160064849,-9.5428777678,-20.1821623537,0.000585345906073,2.72550236009
v3,e2fc7745,9.64916576381,-14.554702569,0.0399805854925,2.66315006091,0.797554594209,-2.25616093774,0.040361248531,2.23918589541,1.39331210969,0.787420390712,0.0121146741928,2.22203776046
v3,e32da4ec,7.22637022819,0.0948398397375,0.00976363646305,2.47233964414,11.2091889912,22.8548369456,0.010978811182,2.37309238973,12.6465048545,19.2974582631,0.00909351810913,2.80495939255
v3,e3b34f5b,-5.32579101742,-27.5341914276,0.00712421808624,2.42895742469,-2.78233310675,-13.0013606195,0.00753568649059,2.23314057882,0.218215195041,-0.846264088351,0.00757789275309,2.26793665763
v3,e45a2a62,13.9372258838,16.7125683005,0.0147749234966,3.0384526499,0.300820872615,11.458224917,0.0128489542387,2.3981116073,0.599714013058,0.938416198607,-0.00249487032582,2.25766721051
v3,e46f4ef4,-0.338929812369,-0.853310188156,0.0244498459616,1.77944239275,-3.87538168156,-7.14511844904,0.022641908107,2.33350384653,-1.32915071099,-3.32534711252,0.00745026709396,2.29386387612
v3,e4726608,-4.20716881471,8.97623737226,0.0271756360824,1.98396083248,4.55282921603,5.88574131468,0.0279964463507,2.2874056914,1.39331210969,0.787420390712,0.0121146741928,2.22203776046
v3,e5864244,25.1452181696,27.6242118276,-0.0478528073643,3.32525299971,21.6090975083,37.2162547362,-0.0442139679307,2.9212531036,20.0152192045,31.7719778646,-0.00415054891748,3.11121187688
v3,e5c92e59,-4.66726426077,-7.18164781056,0.00743557113706,2.1646279142,0.0412407807282,-3.55724912856,0.00586667847742,2.48382317408,-1.71171702599,-1.99153207059,-0.00681965767502,2.27206142859
v3,e5ff9fd2,7.17259983008,11.2574321415,-0.0104069125908,2.2916485921,0.395952780306,6.88972203875,-0.0130717955243,2.46965933226,-0.352487573686,1.36134041547,-0.0188885199928,2.22882512882
v3,e6c55748,1.0738618068,24.7781453929,0.00146163000744,2.34152726296,2.06265748473,11.9613430639,0.000465566937054,2.42181250556,2.82159402808,4.10332202207,-0.00145711339784,2.29668470617
v3,e730c32b,10.4051459391,11.4635763053,-0.0306031083195,2.53802646356,8.85844840882,13.918107579,-0.0315491772458,2.73415814958,2.19623957362,5.00702721486,-0.0178927208639,2.31326894541
v3,e737965a,-1.16719899244,-24.5900671558,0.00767428038755,2.38848960278,-5.50493461125,-13.6426451169,0.00885337725133,2.37258104165,-6.54300967355,-13.1284385427,0.00387080310157,2.50726055195
v3,e748dd88,0.7043599335,-14.4084514716,0.00923691910014,1.79008001807,-0.945496621343,-12.2414425916,0.00750591880285,2.34069140517,-0.773159458541,-2.16720032199,-8.89890603239e-05,2.3035528046
v3,e7818f7a,-4.63910631167,5.34301777437,-0.0157796056001,1.98960344722,3.61159021287,6.859444412,-0.0154574978625,2.52578847563,2.52258900803,3.78975665295,-0.00606584903887,2.30871817001
v3,e7c36e81,-4.29458227131,-11.9428531566,0.036068648639,2.12224259856,1.06616935368,-8.11757891858,0.0357908711729,3.06745125601,-0.0401712429146,-1.48156106314,0.00970278044533,2.2481686275
v3,e7d0c1de,-5.65603693483,-3.40493309197,-0.0314199028439,2.06181909804,-3.90822789718,-13.9218488744,-0.0309495994219,2.26461030258,-3.67899472636,-5.30120759578,-0.0155024448459,2.38708172792
v3,e85074c5,10.5067048458,-4.59118062792,0.0358825356042,2.51346865539,4.85109693669,2.64246628925,0.0346362214713,2.39411365737,0.666285914872,-0.516729344304,0.0097458237512,2.25392103845
v3,e97032ad,11.2617620397,-4.82969848441,0.0318776713159,2.56180169164,4.67245157009,2.24898652106,0.0313824040995,2.52268378146,2.53649104201,3.4448608677,0.0116848448426,2.29887655798
v3,e9949a23,-3.6977955692,12.782813013,-0.020941586773,2.53217757884,6.12090114001,21.6061394711,-0.0190276877636,2.47102089621,10.731739351,18.797240867,-0.00165905677304,2.67752800633
v3,ea0b99b7,10.420311722,0.758276592873,0.0341142025962,2.57716342582,11.9319897096,4.89885023379,0.0331402576928,2.50401419971,1.39331210969,0.787420390712,0.0121146741928,2.22203776046
v3,ea3a0e38,-3.61272582571,-22.2930976244,0.0062680443553,2.32558575134,-4.59656357377,-4.87201636259,0.00402373923396,2.5071208563,-0.646813222566,-1.48497902495,-0.0014768988856,2.30017569134
v3,ea41324e,-1.31121791045,10.7604749844,-0.0017283480225,1.83963335341,-0.742374300542,-4.30061954934,-0.00141829964379,2.35929480451,0.062553383123,-0.933854179623,0.00914702626579,2.23014298672
v3,eabc711b,-4.09754487659,-17.5825471366,-0.0157072728382,2.54148214556,7.80488613968,7.97775614227,-0.0138833346209,2.56084908819,3.00361277421,4.52098634654,-0.00271754577649,2.32444925161
v3,eac10e86,-4.56532058678,-2.83330106276,-0.0108599598807,1.88972960082,0.30237972269,0.814751694629,-0.010876072982,2.42206583066,0.559832816681,0.178057298705,0.00430520183179,2.24541307761
v3,eafb863e,11.7673234305,15.794331477,0.0156278867569,2.67123807876,19.7391682884,28.5049765464,0.0160899406025,2.65951854513,25.1413633106,36.5503973986,0.00412273215474,3.30789340915
v3,eb06a4e7,-1.63813450937,-29.1221793867,-0.0376109146901,2.36735162188,-3.6065907869,-19.0311442507,-0.0371328462988,2.69896200868,-3.85007698753,-4.73971359643,-0.0188117557863,2.3331461635
v3,eb640a35,2.63048368395,-25.7241785724,-0.0225901059371,2.3951548764,0.671527263362,-2.16298772483,-0.0208502155005,2.38214781682,0.266278992728,0.464264421997,-0.00262041196891,2.25243893487
v3,eb934281,-1.65201976218,3.64260346194,0.00538631474616,1.42007242636,3.5516393397,-1.62270614736,0.00596592912921,2.34010691767,0.734027089154,-0.343786871239,0.00858307075064,2.24492052011
v3,eba6605e,12.745260771,17.1947111812,-0.0306941298506,2.81131127424,9.03412130526,14.5126456488,-0.0275194673002,2.91281445333,13.1239534906,18.9569692976,0.0110755445242,2.79186722723
v3,ebe69318,0.104461414791,9.66233365604,0.00914066996561,1.76221493092,1.9178755241,1.8964553049,0.0089942115847,2.46274527608,1.41715614539,0.910913656853,0.0107353819968,2.22477629838
v3,ec0d597b,10.4034943674,17.8546779656,0.00597829601417,2.85895283386,-1.3307126593,-2.55311022124,0.00294455704447,2.36488777368,-0.259069590052,-0.335438443289,-0.0076600444021,2.27274752145
v3,ec13af42,6.45305382644,-25.5479512245,0.0133560542214,2.47707877261,0.0207998264648,-10.4793656457,0.0133848357196,2.52934504579,-0.0747037857501,-1.7029833681,0.00916229268402,2.24094914514
v3,ecdab904,15.0884952009,-7.56152426259,0.0154091707145,2.88582794983,8.9629035861,17.5505325149,0.0168691615701,2.51420892837,13.0099673563,18.8810200952,0.0124078869561,2.7875125185
v3,ecdaf714,11.6154126214,12.3979241176,0.0109089647339,2.79434261633,7.48141596979,19.6598723253,0.0118902791061,2.43797848723,10.9640100109,17.5235321139,0.0128291284072,2.70678231257
v3,ed6436d6,1.1936672326,1.02214913606,0.00146469723722,0.962235631342,0.047719112461,2.75961248253,0.000984269211381,2.44830431736,0.66363263757,0.395199607732,0.00806213631631,2.25750801219
v3,ed6e6e54,5.64348875661,6.56330214951,-0.0079144591234,2.56124521285,2.57621189267,2.59048088694,-0.00630739158122,2.43664614744,0.71311350622,0.695425778592,0.00198199172791,2.25315917147
v3,edf885a3,8.85183188964,-8.49383418087,0.0137723091675,2.58691580702,-1.4254595669,-2.11536671834,0.0135557690403,2.52042104123,1.02216262894,0.254941531292,0.0101805428114,2.23228691609
v3,ee0300f7,24.5814722711,20.6344937451,-0.0303857181327,3.28392589386,17.895641902,32.8885709581,-0.0310313553031,2.60532450488,19.7289572643,31.4065165491,-0.00676973850456,3.10687029187
v3,ee288beb,19.1364553687,66.2034667049,0.0277911876502,3.35067660743,20.613385493,52.2256257995,0.0261026906476,2.61450085207,24.5013989392,35.895700523,0.00123215828979,3.27761802218
v3,ee4aecac,10.0634415954,6.65983703228,0.0323442623262,2.46630242095,11.5024551504,9.46467496118,0.0314222630273,2.29309591673,11.4539975197,18.5157990253,0.0111731596551,2.69934455354
v3,eeda36f5,-4.40075046904,-4.42799067049,0.0148230965601,1.86719534441,-0.564379360969,-3.7255853099,0.0133290469826,2.65891011707,-1.94707036485,-3.13298439731,0.000131396797384,2.28876983845
v3,eeed308d,4.07498845858,26.4328043009,-0.00952529098035,2.36932102438,4.88695615045,10.7456315635,-0.00965068959358,2.44658483993,2.99325084095,4.13073886496,-0.00236992771348,2.30182053286
v3,ef04658e,13.303542885,23.1597160502,-0.00353955562823,2.80020656729,7.72313539307,13.4361058815,-0.00583732013964,2.20048952994,10.9931633983,18.2163331157,-0.00278026190742,2.68575033722
v3,ef8e3ed0,-11.7669314701,-9.55015560351,-0.00124960801218,2.74951771461,-5.06727994918,-10.6986368646,-0.00247241273723,2.45444356443,-7.65342085985,-13.623981838,-0.00902299599951,2.52234977922
v3,efde6ac3,-7.41619872779,-13.3286312846,-0.0198969076929,2.41612586911,-9.92018916345,-12.5836024178,-0.019038109669,2.39915511588,-8.06979418626,-15.5294113504,-0.00463269525049,2.61056036142
v3,efe96181,-27.0278713858,-8.15233390037,-0.0771920371827,3.35128970133,-18.2264573348,-13.2180212078,-0.0764525358796,2.78763437387,-11.108352407,-22.2392607669,-0.0116253250735,2.7427420187
v3,f0188a48,-1.27095443645,6.18830558378,-0.022381475283,1.94819132982,1.02730070872,11.4939684397,-0.0228319038991,2.54119850393,1.34809030794,2.41882456627,-0.0159287660133,2.26245577631
v3,f021b650,-5.63498261567,2.56065643106,0.00329239329731,2.03920455967,-2.10891740584,3.5508146134,0.00170869842993,2.27178171791,0.0789358732597,0.47289127383,-0.000145793827324,2.2672960223
v3,f03f10fe,-6.66522074789,9.37777770717,0.00602237147104,2.33977777727,-3.93160213131,1.20133840901,0.00490743252372,2.41092841343,0.786098474103,0.35923886675,0.00668852540215,2.24530468155
v3,f053a1b9,-8.84051606621,-6.29446369536,0.0204612933443,2.40046430266,-7.26753905557,-5.95601119177,0.0181490155828,2.28040722109,-2.9202580998,-5.63750807834,0.00482812060427,2.35536492374
v3,f074d277,10.2630941704,12.0765601125,-0.0155864044764,2.5792860645,2.5923703099,10.7387669947,-0.0150982884614,2.31170052395,1.83198239124,2.62459948526,0.00414258186135,2.27418641869
v3,f07d7037,6.52639582959,9.18522907528,0.00363213998203,2.13960568072,3.01151662223,14.1276675514,0.00383382389166,2.33961172468,9.82362496616,14.5077752459,0.00987350846835,2.6320119764
v3,f08774c3,-0.850064102564,30.0461611461,-0.0133871338828,2.52137977459,8.98926990519,23.7764611967,-0.0130959213272,2.93273541284,12.8761798635,21.3041326843,-0.00623715890364,2.78293422926
v3,f140c2fa,-11.6376751592,-19.3617045246,-0.020862963757,2.66139066613,-10.0126869169,-23.0503177327,-0.0197155734291,2.67261677073,-9.99966219833,-19.8361659981,-0.00392171179111,2.7161259183
v3,f16e25e3,0.627325306386,-2.35420819458,0.00700641529171,1.37745037623,-2.46125430588,0.461517596043,0.00756847242725,2.26337717805,1.41715614539,0.910913656853,0.0107353819968,2.22477629838
v3,f2d4c8c9,2.48941430629,4.43267682996,0.0303796710564,1.65432560374,3.91929669569,2.64575426714,0.0301417689372,2.67530470565,0.666285914872,-0.516729344304,0.0097458237512,2.25392103845
v3,f321a31c,-6.30832522855,-12.0104103534,-0.0204305703606,2.60692378541,-7.49728975581,-16.8565168399,-0.0196074338506,2.29503764316,-9.00415683489,-16.8014538613,-0.00717718182205,2.61043090041
v3,f40cd091,1.71373015873,19.0051023504,0.0173834320853,2.16662339921,0.0156052984077,8.50104758949,0.0173841211159,2.68298843028,0.529107545091,0.195999530835,0.00937796563694,2.24999274414
v3,f439a621,-2.64875930521,-3.80900482385,0.0160525253708,2.03550697878,-4.50925208068,-8.83063594209,0.0132360097238,2.28667873493,-0.558458843588,-1.37279078784,0.00473933856125,2.27282199853
v3,f49fdea3,11.8869653126,7.68002925664,0.0166516143674,2.59572246806,8.30713531046,11.8755383161,0.0166551954765,2.45967155386,2.09059017192,2.8728807113,0.00936986326676,2.29631088793
v3,f4d12d23,-14.7099108349,-4.14653064549,0.00647595344602,2.83690314409,-0.967901043896,-16.8028707633,0.00485937242265,2.79832646261,-2.24812780278,-4.90574762799,0.000674974128677,2.37429594009
v3,f56d3ace,5.36753313697,-0.873626996371,-0.00306716594432,2.06726115344,8.36337010761,3.50271916414,-0.00303837328117,2.08877231619,2.79221764106,3.82681166746,-5.05951976667e-05,2.30362693235
v3,f5859199,14.4079965458,-2.99057690198,0.00999576232782,2.82858933172,0.577578177326,1.35864407882,0.00917026057535,2.85353196846,0.260706227923,1.53052646202,-0.00885209161632,2.27562586626
v3,f5d8aab6,-14.5842079208,-15.2113211762,5.26480127927e-05,2.81532176826,-10.2445890101,-9.23928220903,0.000100671602504,2.42671277506,-0.0533263857999,-1.70048203524,0.0087454939575,2.26036096949
v3,f631da6e,-6.57741754214,-1.6032521477,0.00688793518093,2.28061186144,-0.770964213488,-2.08578862477,0.00680713642853,2.64484429456,0.529107545091,0.195999530835,0.00937796563694,2.24999274414
v3,f6824bb0,-17.754552343,-31.2926604397,0.0123186539993,3.08362517426,-11.5381653089,-28.1678359759,0.0135081791576,2.64322420546,-10.4850204169,-22.8791248757,0.00162960784991,2.74810709708
v3,f6bc699b,6.78848614072,-4.22587881081,0.00589534632669,2.45291336552,5.48050605323,8.72624017579,0.00586634499087,2.36645765573,2.81930877758,3.52571583631,0.0112523527569,2.25470698156
v3,f6d009f4,40.2778853313,31.0920455888,0.0373865851612,3.87201835706,58.6928977059,49.1416749147,0.0352328838981,4.32714463448,25.1472475328,35.8008797194,-0.000809836593911,3.28866429909
v3,f72b268f,9.33686914428,28.927176412,0.00314133127214,2.63462781753,10.7692770717,15.4050866471,0.00160097604225,2.34181596953,11.0884310196,16.2295351746,0.0016793512172,2.68024240974
v3,f8662c22,13.8530815988,-0.127277296369,0.0351909516252,2.81116062224,8.54985395335,-1.07356176397,0.0343699468517,2.33828156952,1.82865799499,1.52595444326,0.00925535290899,2.27522397575
v3,f88ddb26,-46.5000661323,-44.210912607,0.000850011254624,3.9589654609,-18.7624572279,-33.2546315577,-0.000410542433517,2.32945822463,-15.9706459444,-35.6175180759,-0.00376819287137,3.03187574122
v3,f8afa78a,13.6116611406,0.927604062932,-0.0237063807387,2.75499401695,11.2753494785,20.6172462551,-0.0223243437525,2.5950081259,11.8896396641,20.7014600973,-0.00673737379456,2.7180179343
v3,f8f59188,4.80438527148,8.9900482588,0.00910253031139,2.06992906728,1.91224508199,-2.05175226384,0.00831253447643,2.31085656361,0.364967715493,-1.01265511572,0.00650563606082,2.27547614328
v3,f9fc81aa,0.0650500178645,-13.5793486109,-0.0171073802634,2.26582437025,-5.81272235643,-10.612146697,-0.0160388121263,2.34999608821,-0.0533263857999,-1.70048203524,0.0087454939575,2.26036096949
v3,fa16d114,-16.3414702779,-31.6391495596,-0.02007104589,3.08260323946,-2.47034958799,-11.144494763,-0.020804836929,2.67670096994,-5.51565775077,-8.46480657306,-0.0183312814753,2.41143509038
v3,fa31da94,-1.94035209867,-9.79914208857,-0.0192663678015,1.82265994008,-0.084501862632,-0.109579970221,-0.019521134776,2.31511069431,-0.0416030140437,1.78258163356,-0.0188529998581,2.21953319959
v3,fa667be2,-7.08385827851,-11.3066362945,-0.00255923579585,2.28258807793,-10.4951995648,-15.513233926,-0.00259212428988,2.53348977658,-8.88185953432,-16.7139575178,-0.00348885908724,2.64743031967
v3,fae0c593,-0.796020894843,28.4009853821,0.00960354278506,2.48248340583,-1.89772489921,5.73068809877,0.00722330226448,2.57128916354,-0.525432444452,-0.511830482189,-0.00806631382562,2.27422733602
v3,fb03ae90,-41.4537459182,-17.8569360862,0.0111767449238,3.78163073025,-16.1779444714,-17.3722053726,0.0084309087387,2.8279904519,-16.1017138016,-33.0806766959,-0.0062228789059,3.0189495241
v3,fb0904bd,-1.28265325369,-2.06511959859,0.0152076228963,1.02917563433,2.59349571318,-2.40274681241,0.0139846800653,2.29087712063,0.486119686288,-0.623816542914,0.00728098872721,2.25257426518
v3,fb3848a1,7.98821422538,4.18154420487,-0.0160023960661,2.39415409929,3.24591883366,6.86157756614,-0.0145833709808,2.36805979637,2.1668002477,3.79090502127,-0.00257725843305,2.31476763091
v3,fb73b13a,4.15460815603,1.976761486,0.0236148651184,2.39588729316,15.7003039464,6.62845340913,0.0237640247516,2.59589052984,2.63126953704,2.80753256665,0.0106805771858,2.27363321286
v3,fba7683c,-1.17415233415,1.44678999855,-0.05519608223,1.26844218718,3.01067809494,6.83892428042,-0.0544555071103,2.35912912091,1.67435309553,3.44366579496,-0.0138654121955,2.31356967977
v3,fbd68d27,-20.1077566262,-23.4960569357,-0.0250671153539,3.13963505158,-10.8020480664,-23.8356609757,-0.0228037106089,2.52213165645,-9.05194495039,-19.4785058597,0.00292191834109,2.67404248272
v3,fc03f21f,-10.1635623569,-14.5558481403,0.0187279382292,2.63254572741,-15.7368685912,-15.4786786246,0.0169170767219,2.77170111891,-10.5243151278,-22.8703912118,-0.000323080487376,2.75283768455
v3,fc0d20b2,-7.63909711685,-25.0552190712,0.00330356511322,2.5597116611,-9.90465776231,-17.4478767019,0.00345650526611,2.37766274839,-9.55259931509,-19.2087305664,-0.00221130783306,2.69345424148
v3,fcfcc902,-8.30040845575,-7.08085075955,0.0402143814879,2.2831628519,-3.98707008079,-14.8387390587,0.038687033622,2.35395354345,-8.98786766903,-19.2791765943,0.0015026701459,2.68994276337
v3,fd3b4faa,3.35786738351,-12.8624332111,0.0134744707081,2.13380259311,6.09820459125,5.54154670091,0.0136072606679,2.52250688151,2.22858299475,2.92766292067,0.0095505430803,2.30343734912
v3,fd710aea,5.42821199905,9.70777029641,0.0241470716018,2.10462180977,7.79076590935,3.90219321321,0.0226307565432,2.28523077324,0.666285914872,-0.516729344304,0.0097458237512,2.25392103845
v3,fd8f77fa,25.2561570561,17.6036871318,-0.0307582188713,3.34692927195,6.00699680482,11.7675548403,-0.0303077476651,2.55537608845,2.54128385443,4.38758310375,-0.0117550642118,2.32288465636
v3,fde20ecf,14.8300128562,15.7395905177,-0.0124382757702,2.85180747259,10.4178725055,18.3635800867,-0.0111512371737,2.32062782543,10.8384689839,18.4918260171,-0.00285640599563,2.66761513459
v3,fdfd57da,2.34894766998,7.17289774615,-0.00275845272923,1.6668046148,4.04250597026,2.38396054864,-0.00297853202934,2.39068573291,0.493352020168,0.599836285692,-0.00622436583964,2.25930176223
v3,febb4411,-10.8882152107,-16.0757040995,-0.00774784668578,2.64103166366,-1.69713612423,-12.7330457933,-0.00520819625493,2.4001650003,0.708530087611,-0.501888622094,0.0111697015502,2.23820999335
v3,fef8af96,-37.2537637219,-82.2393726502,-0.00154115808617,3.81884866308,-38.2228941191,-80.9110964113,-0.00329500464386,2.41356802924,-15.6114652849,-31.8737338273,-0.0020632611644,3.03336066058
v3,ff0aea78,28.6277706225,18.2872394053,-0.00385059691026,3.45624686237,10.3889403293,23.6338886027,-0.00657009593556,2.55805021352,12.4076580309,21.3233776502,-0.012835233506,2.76065437677
v3,ff8bb73a,-3.52989033238,-10.5555085934,-0.032857217737,2.3852580077,-3.59495811206,1.33985434549,-0.0305239259636,2.44580477853,0.152707967642,0.828315474509,-0.0167165103541,2.29295391334
v3,ffefef30,-2.78941575492,-18.8663922972,0.0149212362701,2.0838777827,-0.896247482147,-11.9467455379,0.0143033539284,2.40206477174,0.0378947346498,-0.97520181877,0.00800856793983,2.23461614207
v4,000d7d20,-5.44556569343,-16.1278815852,0.00654146046684,2.13469199589,-1.22780475635,-5.555480479,0.00578712972287,2.66452250432,1.15633397542,1.6336948218,0.00798276491023,2.23889651039
v4,00bbac68,-2.52185400732,-37.8107252703,-0.0285633413707,2.78889580413,-0.203929536953,-4.94680969399,-0.0268564631645,2.72452865135,-1.36830167641,-1.26394405353,-0.0170205490022,2.23742840987
v4,00e12e8b,-0.760341780983,-17.1782695536,0.0404422068656,2.18881026972,3.90259511175,-15.5854152649,0.040336032844,2.32670958096,-0.00774722928298,-1.44918066063,0.00750958119849,2.27693624199
v4,015fe0d2,19.7495763501,31.820874444,-0.0166549962734,3.18448683055,12.9559758066,18.5395964482,-0.0162393169013,2.51784975404,11.7195646077,20.6986579876,-0.00461071202007,2.70590176858
v4,01869cd4,4.46775958251,23.2117023399,0.0474874956201,2.45260666177,2.61784059103,-2.13237597201,0.0452466919061,2.46794817942,1.13071530777,-0.238169889999,0.0123528343217,2.25256298656
v4,01982c1d,-2.94735600101,-6.03376583913,-0.0133976445237,1.99259261601,2.95454520284,-11.8944571278,-0.0129667667026,2.21415861405,-0.46311059885,-0.923101475766,-0.00191731141249,2.27663354726
v4,028d7b28,-1.80682868142,5.14115607892,-0.0072062447456,2.12747011894,10.5212677728,-0.06984781385,-0.00663385994667,2.98661787809,1.3043154756,0.500231231398,0.00837439814333,2.26549572924
v4,02e7fe5a,6.60459866876,4.81704793604,-0.00256584675266,2.24224358856,5.74901002264,9.49619330061,-0.00115708116226,2.40751600191,9.85933253334,15.4716564261,0.00728618640085,2.60952816188
v4,0390d174,-1.67608705509,4.96316613272,-0.00282773850875,2.2531235113,9.20980925292,-7.00269071171,-0.00230779854921,2.10567424459,0.852633798151,0.204680904058,0.00672831277087,2.25987367229
v4,03a935ae,-31.0362383345,-53.800101538,0.00164074271538,3.58503130018,-16.7651299434,-34.5709022886,0.00499600695184,2.28711964768,-14.698626927,-32.6794842705,-0.00274566116474,3.00093641058
v4,044af7d1,7.90409382607,6.97546700754,0.0180216040736,2.38583525257,9.06837534042,-0.0919572022424,0.0175406936611,2.45055959946,1.77980586414,1.36913893837,0.0095320568578,2.26847997505
v4,0498acab,2.88947061276,-6.95627827841,-0.0046769781751,1.94535843194,1.39124461631,-11.1696702774,-0.00511623193442,2.3119581995,1.38340768859,2.02450125935,0.00222165341142,2.25806279658
v4,052d64df,0.517967280162,14.4139352593,0.00436463516674,2.12778776267,2.44215578458,10.5736751535,0.00379360209051,2.39508821575,3.65271789366,4.72103928651,0.0103450597989,2.29488500823
v4,05948241,-3.15289765403,3.93314279108,0.00675356563699,1.79105421885,0.974449558279,6.74623160254,0.00639195653556,2.44784298716,1.29537446312,1.06360610214,0.00560702200054,2.26098267909
v4,059c8f24,7.92315596037,16.4408901452,0.000665104940325,2.4775609636,15.6216294233,17.5469648574,0.000910262727057,2.26161798131,14.4274823276,21.0616832947,0.000927771537482,2.84922764815
v4,05a0ee4d,-12.5270791168,-38.2152014474,-0.0010627599856,2.96241883976,-16.0058564905,-31.1542005968,-0.000241452256556,2.59816842573,-17.0176622721,-37.6908912169,-0.00163948441613,3.11494829763
v4,060ab2b8,6.73126717801,7.13135297712,-0.0443014354259,2.30740467979,4.07461446163,11.8211087734,-0.0434347109822,2.28192017498,11.7170232991,20.433275216,-0.0092761203814,2.68981188094
v4,06df5958,-0.908951268167,0.975541934903,-0.00549580563463,1.40817473247,0.867970573487,-0.0422829005522,-0.00534862646288,2.41300460751,1.11323524557,1.18480357018,0.000759997826571,2.26103710076
v4,071d7b45,16.3646496419,-4.37436407694,0.012301230882,2.89678407042,10.6427633644,6.12476696861,0.0113941413819,2.39729791955,1.79241975884,1.56051022211,0.0078394061779,2.27710145199
v4,0849b4e2,-8.44001444826,-35.8625536434,-0.00521410762752,2.74518682833,-10.2345891203,-29.2524933058,-0.00538492346624,2.49923037286,-15.0272102363,-31.7214309745,-0.00132248365622,2.98874469354
v4,084d66f9,5.26741055341,-0.458461806266,-0.0379917271292,2.45899380941,-10.0232674417,-17.7271918257,-0.0388872054102,2.53503613932,-9.8256674735,-18.0501849087,-0.00900778616395,2.68965845645
v4,08fecf00,-1.89504305705,4.58564533347,-0.0110499077099,1.75090393886,0.930376189658,-5.61222796853,-0.0118720001076,2.25571275971,-0.797821344031,-1.53547630479,-0.00703951278834,2.25198906206
v4,09053135,12.2549805316,-1.46952513795,-0.010426304532,2.65756735901,2.74174357386,9.36668502689,-0.0102704462691,2.40511782764,1.2718648346,3.23501715724,-0.00859687910143,2.27259540616
v4,09441b8d,-12.6526494169,-1.0389728795,0.0219203387455,2.82962246503,-2.12903697771,-6.04995991552,0.022147244388,2.41655414314,0.451042231782,-0.978620699809,0.0121503440124,2.23693456355
v4,0955cd6c,-5.66759961501,-12.615237493,0.00936984238062,2.1997866394,-1.47307517632,-11.0386813645,0.00932469732856,2.30488671043,1.18018302306,1.48773983523,0.011244179496,2.23038125103
v4,09ec2ca9,-2.54861342396,-14.4477801768,0.00175409991327,1.96470624536,-4.47160785535,-9.56043209707,0.000791557673787,2.46058067019,-0.238322222041,-0.146721269311,-0.0032609690048,2.30637762516
v4,0a57a29c,5.64248239134,10.1199605558,-0.0143080196003,2.07351450961,6.06406408131,14.8407495375,-0.0123629583215,2.55961229217,7.26214963727,12.277276062,-0.00217827076762,2.4903741712
v4,0bbf5e67,-17.213520242,-13.983121746,-0.0125209168315,2.96409296239,-12.1261813441,-8.77333354551,-0.0124366894865,2.75693740077,-8.87018856658,-16.9865756766,-0.00934161563526,2.65143307617
v4,0be01c24,6.74008442381,5.70312680914,-0.0407468883324,2.22714677893,8.9222026474,3.05611286608,-0.0396882453308,2.37127362388,1.01669184435,2.95310935609,-0.0113577744274,2.25545819906
v4,0c1b160c,3.5049742778,-5.58916019394,0.0103425907805,2.24413751602,-0.876272116199,-3.62622222445,0.0101427693587,2.56583691581,-0.0514952827806,-1.75036916996,0.00777980122611,2.28730247063
v4,0d99f8e4,-6.11234758715,-3.49414306874,-0.0129740783949,2.3363409019,-4.35186564007,-8.67091666823,-0.0130272277867,2.3426995115,1.38870101464,2.29074876836,-0.0044782245729,2.27049798236
v4,0dc5e64d,7.82924779668,29.6812979783,0.0239581174922,2.94490320609,34.5234683891,45.5650145277,0.0242047437446,2.60440314055,22.5782621428,32.6302331016,0.00215958613158,3.19990293184
v4,0dc835f3,-3.10812330623,4.939684388,-0.001332305165,2.10775915806,3.0632053833,-12.6966729587,-0.00215558966853,2.38245242128,-9.21081165539,-16.3638048459,-0.00770121114326,2.64877488277
v4,0dd99dc5,3.91651865977,2.36847453047,0.0170301142133,2.22296078507,1.46014965041,-3.72022514892,0.0177710759147,2.57193868775,1.18018302306,1.48773983523,0.011244179496,2.23038125103
v4,0e5e560d,7.99898247771,-14.061157874,0.0147240674196,2.42426284426,-2.38070979996,-8.92146200326,0.0153290164778,2.61519636236,1.18018302306,1.48773983523,0.011244179496,2.23038125103
v4,109d9d70,5.18734994069,23.9500698238,0.00809950856225,2.33902666535,11.1459644772,24.9778986332,0.00700438866229,2.37297590592,13.4878378432,20.1962841198,-0.00330894743283,2.80472187667
v4,10a1281a,2.50981636655,1.15450819968,-0.0796361398896,1.52413821675,-5.37824962755,1.78792307521,-0.0766041367429,2.33002288147,0.992302217435,2.44058913889,-0.0167695283961,2.25892636203
v4,10b89021,-13.9032582194,-4.22968847566,-0.0168787843504,2.75501868829,-7.42453969937,-2.36246030575,-0.0144329619404,2.38172737434,-0.556769062484,-0.802750179706,0.00500259453026,2.25426454823
v4,10be2420,-11.5780434118,-21.1597018737,0.0116535386704,2.65741997629,-8.21595065731,-16.4489618553,0.0100429236188,2.33227818322,-9.7752428763,-19.7056200836,-0.00184016260795,2.71943871299
v4,113011eb,1.012799511,-10.1919460399,-0.0110432600922,1.8209801267,-0.0107422016095,-4.69986670103,-0.00865991413873,2.34877653635,0.710562660276,-0.209806171532,0.00667503625146,2.24140045321
v4,1131525f,12.8600216398,17.3543827103,0.0127496880913,2.75175862267,11.4946691492,12.814501594,0.0126442281076,2.55537591737,10.2622575849,16.0453115381,0.0141805875177,2.63208699525
v4,11d0f5ac,19.2301781692,30.2414639669,-0.000640542961152,3.14282403462,10.9169676672,19.8889393405,0.000387777955725,2.21845832219,12.5574631936,18.3018527829,0.00827393285688,2.77664636004
v4,12203f2a,-12.1435326587,-12.4997942915,0.0176864932576,2.69207803212,-5.11672485218,-2.50083288597,0.017704300021,2.29376510927,1.18018302306,1.48773983523,0.011244179496,2.23038125103
v4,122bd617,5.39292122538,-2.52843343081,-0.0124195921724,2.53924964498,5.9130348543,4.62849127731,-0.0122503176909,2.76177267509,1.34011166177,1.65206383036,-0.000185022226284,2.27732605831
v4,125be846,-16.9760983103,-14.6895846618,0.00472113402512,2.96740378161,-9.61682549435,-17.7082640274,0.00619444312612,2.55280523179,-8.88530443843,-17.6941784274,-0.000124749959893,2.64986273983
v4,1285a37b,-5.08904413078,-1.53167959179,-0.0362508106453,1.8793303096,-2.52510487767,-3.30971040218,-0.0366654160767,2.41328443596,-1.44651793343,-1.13185482042,-0.018340605379,2.24136793001
v4,1295a25b,5.30934065934,-10.5477890294,0.0308683076104,2.37181268792,1.15100036123,-7.42379740063,0.0282029549615,2.35828499315,0.382432066257,-0.874963109805,0.00829561383962,2.26867844549
v4,12f0cd90,0.295340507819,-1.33132907145,-0.000843818289265,2.18549319965,-1.71942513157,-4.10028660231,-0.00352942714679,2.42364309658,0.192681002496,0.92482449306,-0.0160937746664,2.29048498547
v4,137d1e44,16.4748572683,53.9177146022,0.0035555816349,3.25848771196,12.9718708915,24.9789012957,0.00218519652705,2.61045180651,14.8024484051,22.7071082523,0.0102978162657,2.87962619193
v4,13ce113d,0.522899527984,8.44939801062,0.0821277402466,1.47728032153,8.35339266006,2.75083429099,0.0801704429615,2.33564425154,1.77980586414,1.36913893837,0.0095320568578,2.26847997505
v4,13f598d9,14.003202847,-4.57105887124,0.0122530464635,2.78307046669,13.4672630014,7.94921801088,0.0134555520168,2.44409033855,10.4125390942,14.7752529298,0.0079338592944,2.6342957619
v4,14a53cb3,7.66749963868,2.04503531283,0.00859660750401,2.29733309929,3.78636359698,14.8508512044,0.0098229771532,2.73931614765,1.88015880366,1.49398438232,0.0087613124475,2.27221582667
v4,14ab73fb,-13.0231652508,-1.33263921735,-0.0237541093466,2.76122141274,-19.2535348137,-22.8649270552,-0.0222245075674,2.52892219973,-13.1222900461,-28.9593906287,-0.00210063368157,2.91753249903
v4,14ad5efb,1.0379082506,14.4299679617,0.00709140897426,1.98766944236,3.7627291247,3.32245346772,0.00499421664226,2.27368896257,1.38990838833,1.58072946545,0.004141011099,2.28754957635
v4,14fee784,-13.190706721,9.91522054277,-0.00129975269164,3.10994520525,3.36537850699,10.2842452187,-0.00093038667412,2.47698941613,3.11220715194,6.10755447375,-0.00535795608522,2.33289940606
v4,153552f5,-2.43310330138,-14.1700525551,0.0206174819613,1.8183108152,3.45444955349,-4.68090658432,0.0217687049743,2.23756419168,0.382432066257,-0.874963109805,0.00829561383962,2.26867844549
v4,1550491d,-19.8100964278,-15.407193495,-0.00682338310382,3.09861174486,-4.56447120551,-11.1786137972,-0.00685457677728,2.61322282112,-8.31471482739,-18.163316389,-0.00353464377914,2.65765748901
v4,155887bb,8.56630259624,21.0068070893,0.014360290133,2.5489226746,5.61586321368,27.3958641781,0.0143741574784,2.67792897377,12.8965305666,19.2190999491,0.00774103626948,2.80735001662
v4,1590af81,2.07464595946,-7.78153702221,0.00517220285168,1.88112584836,4.66802311921,1.83259452748,0.00570616391082,2.56252396738,1.18018302306,1.48773983523,0.011244179496,2.23038125103
v4,15e154a1,22.0482168754,2.27079906715,0.00743653675019,3.18744645218,12.3005462971,8.75486522641,0.00697688880182,2.39208016483,9.20790223976,13.7398713231,0.00647770154083,2.57815668855
v4,1619e2ca,2.84048390727,4.36255101067,0.00633841927303,2.17615025147,0.465177158891,3.78119849029,0.00617440777265,2.32587949569,0.864852924878,0.536957111161,0.00345947439453,2.24742156202
v4,16e4a047,-10.3759041394,-4.97927098558,-0.0120122591335,2.46090481489,-8.43952508634,-1.07081280272,-0.0124225059762,2.49482795561,-0.562869997678,0.682069298856,-0.0114570113099,2.26613831164
v4,173ed841,13.8711038296,21.9410973688,0.0189198484335,2.92211358429,7.57605192617,12.7723355328,0.0170076206821,2.5847631166,1.3713357373,1.49507905141,0.000168292509477,2.26499572262
v4,1770d7c6,8.80878314917,-10.4110549697,-0.00668943191892,2.59023088541,-5.59914406712,-9.17637361292,-0.00596357741527,2.51725519853,-0.486023389157,-1.36888174703,0.00411267729328,2.29927127174
v4,177622d7,-7.23245719721,-18.2803886072,0.00874717051634,2.37957850458,-7.25593389399,-6.31343058495,0.0101071132237,2.34604368432,0.190121003801,-0.82942619276,0.0101234732383,2.23722240259
v4,18d24f7b,-4.74449319877,-17.2370144296,0.0144955591921,2.14359830308,-6.63012193287,-13.6343762631,0.0157195277446,2.3230137556,-3.55579716534,-8.62023234622,0.00430211433836,2.44716357275
v4,19137a89,15.1318461784,28.0370555219,0.00947745581957,2.95073077281,20.0529478235,34.0096068019,0.00901005738401,2.73041356456,20.7729956161,30.8921860601,0.00884235272131,3.1666222431
v4,1944513c,4.01043413808,-2.51252345372,0.0432658751615,1.90787251804,3.93214920229,4.08665023741,0.0434469071991,2.35532889332,1.77980586414,1.36913893837,0.0095320568578,2.26847997505
v4,197f8a5a,20.4432424723,25.6700732166,0.0094899535234,3.24319975881,1.89638386963,4.53160824588,0.0102464075814,2.51471807766,1.18018302306,1.48773983523,0.011244179496,2.23038125103
v4,19871e7f,-1.29909314189,-12.9039043976,-0.0339615958423,1.84906566723,-2.76166626208,-4.69558190619,-0.0330264944633,2.56510330471,-0.805860569434,0.114709229075,-0.0188038200697,2.28917438226
v4,198a5607,-6.8497712366,-13.1521729345,0.028252142023,2.39286912788,1.22290116434,2.31040897899,0.0295262473559,2.46882536147,1.18018302306,1.48773983523,0.011244179496,2.23038125103
v4,19fb4f7b,-4.24261743772,11.8127492069,0.0144630300227,2.49236877433,-10.1142538114,-1.44195831941,0.0133268451567,2.57464062704,-0.376967800126,-1.16496761222,0.00321647473369,2.29308716816
v4,1a518997,10.4944463743,3.60744384996,0.00407581719579,2.46476352726,6.23735248246,4.08858375757,0.00611396853717,2.63449796614,6.2439664144,8.68405864119,0.0130940387766,2.46109707391
v4,1a68190b,13.6189941886,1.95372856404,0.00138113717438,2.85829762443,4.34075439753,4.67474893061,0.00116378772257,2.48251129033,1.42336072655,2.41547027594,-0.00336106546359,2.2641716262
v4,1a730ac2,14.7305255157,-0.517967217381,-0.00694558283015,2.8536156027,10.1807878452,9.44803775643,-0.00720677459888,2.48734954237,3.90901731779,6.54818259244,-0.00700370107429,2.34273199275
v4,1aaf1da0,7.39079933389,15.030218252,0.0319236060522,2.3309975495,8.84705001725,14.7272199479,0.0307266311376,2.72503742231,5.56725835036,8.16699988682,0.0119728934186,2.43265121401
v4,1b08ed48,-10.2008312567,-16.6441497555,0.00412864960968,2.55244775861,-7.22741264726,-11.0602044712,0.00424766883998,2.40391711279,-1.30253042881,-3.13168791128,0.00544382730237,2.29236857883
v4,1b1c5372,-10.6598662286,-43.6728423752,-0.0214107975344,2.93563055658,-9.61787401394,-25.6324040064,-0.0201787818114,2.28373120284,-9.04043507511,-18.161002788,-0.00841581657541,2.67769787327
v4,1b1eba53,65.9312051557,81.0016096039,0.00772795995205,4.27164484767,35.0911441655,51.4264208077,0.00764372600191,3.00605017234,21.0274654599,33.0989489049,0.00535606806911,3.18381053179
v4,1b6ba517,-6.85007579203,-6.10659399454,0.0101630107936,2.17682682005,-1.2869787733,2.91318557903,0.0131414806302,2.32870473129,1.77980586414,1.36913893837,0.0095320568578,2.26847997505
v4,1b82b665,-1.83228586443,12.6958695469,-0.0128178667341,1.96102314959,-2.45806075389,-2.07771229855,-0.0142989090585,2.11317858649,-1.09294658483,-1.51975838382,-0.0145708295134,2.23656130056
v4,1bcb2fcf,-4.45205791335,8.91261597374,0.029153249559,1.9749422032,2.82035374156,14.1840500458,0.0301660783977,2.39529654046,1.77980586414,1.36913893837,0.0095320568578,2.26847997505
v4,1beca81d,-3.71080420969,-14.2256408085,0.0141794207858,2.21427505131,-1.12016687933,-9.17607817174,0.0159550203948,2.51826556537,0.891242309394,-0.0709909677783,0.0104284660116,2.27694771414
v4,1d3fbf02,-3.51762435041,9.52706868696,-0.00370085483901,1.93244450483,3.00606833768,5.65571063846,-0.00342115771169,1.93214495111,1.5393904616,2.7916593346,-0.0088201630573,2.28129579238
v4,1d78281a,8.72624166498,-1.13095194254,-2.63492463535e-05,2.55577245544,6.30064245767,4.34601704547,-0.000227984755119,2.57595829511,1.5393904616,2.7916593346,-0.0088201630573,2.28129579238
v4,1e30dedf,-9.19252026529,-18.6814242529,-0.00100319908118,2.57543718528,1.73231382842,1.81181685181,-0.000302905009199,2.49779610572,1.10872352988,1.43140618424,0.0103139909488,2.23367850979
v4,1e5e3573,8.82965875912,-18.4191967787,0.017380345679,2.55891264796,11.0442200366,5.27135177326,0.016223827233,2.44158720949,1.88015880366,1.49398438232,0.0087613124475,2.27221582667
v4,1f9afacb,1.53853415916,3.87498139324,-0.0257912059624,1.25800752756,4.34969899442,3.48863552048,-0.025793682384,2.24375641304,-0.53135390996,1.07113270442,-0.0163512329429,2.24899089573
v4,1fdbba44,3.55032376298,6.72553585748,0.0277559894549,1.92210354342,6.95743674858,12.7437832497,0.0259550466232,2.68115707997,1.92460315388,1.72213965061,0.0105104912948,2.27938495627
v4,1fee2b62,2.48614953674,17.2339819032,-0.0152467639259,2.22691106185,2.95305345649,6.19658773511,-0.0151968313348,2.44117866564,0.955807066484,2.55320357892,-0.0097657896587,2.30367437632
v4,20096916,9.00465225015,9.44292561457,0.00308904406353,2.4386139927,3.9805067543,4.04108077769,0.00157768017133,2.86242473818,0.206823668146,0.32220110304,-0.00865261045806,2.22198986805
v4,200d233d,11.7409551707,7.93199554244,0.0066519547117,2.62294492629,7.14886106354,7.72564682112,0.00657091810105,2.66016989535,1.77651938594,2.83978746855,-0.000629360869248,2.27659108092
v4,201661b5,6.59637951301,30.2853778625,0.0254617657379,2.59346763296,3.65837352312,2.42423383388,0.0221985386836,2.22828972771,0.623267330945,-0.489472980177,0.00887298223948,2.23896160132
v4,203721ab,-6.38765794066,-1.16373494388,-0.0208592497782,2.40126129896,-2.54350350573,3.93375412513,-0.0194551047655,2.36542888103,0.0342895481818,1.15915246393,-0.0105929660838,2.23914398204
v4,20402d71,-10.4738857502,0.151780132344,-0.0103146641705,2.53859524628,-6.16544867165,-12.5025105951,-0.00989539939854,2.59976576869,-8.11754638452,-16.6552537611,-0.00704633197943,2.63188357546
v4,2043abc5,15.2836231676,-5.49501440107,0.0103852372613,2.94673502646,14.8036458682,19.5262394072,0.0124787179658,2.48893271751,12.1522450267,18.9345442216,0.0132488721866,2.74867152722
v4,204cc64b,1.81717377732,-16.546739323,0.00889395284333,1.9593734086,-0.953742746557,-15.1669107718,0.00971044149345,2.34305145343,-6.56333005324,-13.4804849637,0.00372809117836,2.52265656568
v4,206b6193,-31.5078576894,-62.9422955014,-0.00426581378182,3.62458088381,-30.1404060447,-58.9471833648,-0.00446542497816,2.52008649481,-19.1476138558,-40.4556975173,0.000349625364393,3.19258469435
v4,2075c696,18.264629862,36.8779775522,0.0379278996009,3.13108805584,15.9687810269,18.5259951141,0.0374523758953,2.38660069999,11.5128294273,17.5996215879,0.0120297704705,2.70808073538
v4,22c5f93f,-2.16448182521,-0.654630275081,-0.00670124197846,2.09078104627,-2.35662656934,-5.07522725078,-0.00721533184221,2.58776889981,-0.0638070277032,1.16090888095,-0.0115277973036,2.24515760834
v4,230eaaa3,10.9446950959,70.7927871299,-0.0482202865385,3.27043791697,22.8709659392,51.1279591891,-0.0485228525293,2.43182539318,21.2949420108,32.2236529496,-0.00463319998789,3.14050029837
v4,2364716c,17.2351830399,25.1294284885,-0.00632015252993,3.02858705727,6.65623891916,15.2143045085,-0.00514919205709,2.23037139304,12.5385345739,18.8753364376,0.0120981776917,2.77410077875
v4,23b9beb0,2.86119754768,3.6278466754,0.0102889091845,1.87170428626,5.74316046865,2.49939285344,0.0103236644065,2.26818452592,2.03108728951,1.51302089294,0.010537010167,2.27593218487
v4,24d8997e,1.73997094712,1.06661003479,0.0422934505031,1.89303707852,5.03264921973,1.64801791912,0.0414590690747,2.45242756843,1.72744364801,0.945113496627,0.0108558999856,2.27134004633
v4,25050f63,37.1329033312,19.6162974212,0.00360288747409,3.66347465112,24.2712969814,11.1469912743,0.00526215407263,3.31854090582,21.4023180451,31.2815671346,0.0133828154907,3.15968170419
v4,25939962,4.17294512619,21.0970013571,0.0300420265577,2.49317751286,0.865545822782,4.09807114342,0.0291251391135,2.46852407991,0.820703407886,-0.754042669546,0.0120858593053,2.2487284896
v4,25fd32b3,2.91316464471,3.07702781251,0.0389577421496,1.42987215189,0.816373264011,3.82835752124,0.0387501174208,2.45482129668,1.18018302306,1.48773983523,0.011244179496,2.23038125103
v4,261785ee,-21.0691854087,-16.0544012249,-0.0253897719257,3.20189008588,-8.50566125919,-23.048355209,-0.024746900188,2.55641918319,-11.8574642517,-24.2274172666,-0.00883564748844,2.81679628415
v4,264feceb,-10.4375869373,-5.31775536024,-0.0183862265234,2.47345755531,-5.30083264109,-4.71422593537,-0.0178984675921,2.29920280099,-1.91324100981,-2.13678558879,-0.0104121412147,2.25433195243
v4,26623a50,-20.1416338274,-2.67115681804,-0.00231695522939,3.12127961545,-8.51524770634,-11.6125305236,-0.00147792600002,2.66623871576,-8.31471482739,-18.163316389,-0.00353464377914,2.65765748901
v4,26d3a96a,6.28027960178,-12.3219103376,0.0204474713403,2.30891412254,-6.5656742633,-20.4854197422,0.0196049347447,2.52321298656,-9.7752428763,-19.7056200836,-0.00184016260795,2.71943871299
v4,272abef3,-7.33943893591,-4.30298734444,-0.0265668832808,2.39998550427,-1.90764310443,-3.14584567894,-0.0241633806781,2.42381393092,0.626839529635,1.0989447503,-0.00624349494437,2.253778735
v4,27300fd5,16.3115657582,1.29575143084,0.0142689062019,2.91178473449,8.06261978323,12.8691208077,0.0153455039577,2.77213205703,2.85928794832,3.63010911002,0.00877561054257,2.28056687452
v4,276b012a,24.6960099235,-1.25979366881,0.0289520541594,3.33529444017,19.9934426285,9.64057517483,0.0274492608974,2.84593671987,1.96177019425,1.59046006505,0.00932679819964,2.2737971553
v4,27c3155b,-17.0770149254,-13.0609168559,-0.0426690072069,2.95025641243,-11.1228787915,-17.0102073693,-0.0415466815469,2.14484905148,-8.87018856658,-16.9865756766,-0.00934161563526,2.65143307617
v4,27ebb9b9,7.01092785293,2.21295254116,-0.00630389057288,2.39682497862,4.59530677855,2.2216934384,-0.00750394119499,2.15103277675,-0.53135390996,1.07113270442,-0.0163512329429,2.24899089573
v4,283269ac,-0.480091393755,0.985750633978,0.00176206624743,0.749503626117,-2.50706089898,2.25378432273,0.000958188582268,2.46972607809,1.13483821672,0.92561489032,0.00686424187903,2.27187203177
v4,28473855,-0.191524475524,5.42198701136,-0.00664476560066,1.71316753795,5.29644431265,9.29169322852,-0.00583588210904,2.24616602798,5.99072283851,9.33516059996,0.00380618238658,2.42844131453
v4,28f4eda9,9.55695974174,16.9029084567,0.00276849752613,2.57710786687,13.032520582,15.8672923305,0.00297556550904,2.81847211667,8.91227587834,14.0496963875,-0.00173167966011,2.56348418616
v4,29b24409,12.7062376946,9.67911503197,0.00981837945575,2.69170544442,9.64985107036,11.9738590667,0.010055526182,2.45490282521,10.7740453635,16.672582504,0.0116117163746,2.6545758072
v4,29de15c8,-3.75163217721,-6.39206047086,0.0404604511136,1.72022053287,-2.09003708073,0.45941557058,0.0408259083049,2.1945983775,0.827630134259,-0.378906251745,0.0122844480632,2.23061947724
v4,2ab29395,-1.84941684665,0.119330302038,0.00993486689368,1.24111134153,3.27953908919,2.034869796,0.0105651566818,2.30539529589,0.469868932678,-0.367198916786,0.00846196476827,2.24017245566
v4,2ac7cb6b,-9.4238496994,-36.7090908445,0.0154477383369,3.0251111206,-17.3404467142,-35.7326179096,0.0139188045716,2.53098980192,-17.8292280495,-38.2622151699,-0.0037327615761,3.13549327146
v4,2acc78d4,9.2892076887,25.4579147199,0.00502849359764,2.68281679315,7.15704151096,7.63595617904,0.00473361437244,2.57391997692,2.16397718559,2.67973204768,0.00286774357338,2.29733212412
v4,2b034622,-6.14806265616,1.58540238049,0.0343404581163,2.05484416593,-2.08480972181,-5.38373121815,0.0344755240735,2.25882024429,0.820703407886,-0.754042669546,0.0120858593053,2.2487284896
v4,2b06ad65,1.81412828947,2.70246476723,0.0117165736389,1.32078918734,0.730690413161,-1.01662577869,0.0113696753281,2.18933830862,1.34738043383,0.351512180293,0.0107228540606,2.26691635415
v4,2b547943,9.89807758621,19.0143438518,0.0197093909374,2.5833526005,8.48456795767,12.4307753376,0.0184665204101,2.1594350876,2.19344632837,3.29435573709,0.00925294419711,2.27330337878
v4,2be5c96a,0.714622327791,-6.09193642485,0.000816777238203,1.53941426693,6.05435742997,-4.10940124834,0.000828910037804,2.18120576058,1.3645149531,1.04009137103,0.00674820931887,2.26217333366
v4,2bff06cf,27.0296983211,15.9685777366,0.0169448349301,3.3819445974,8.78366063097,6.24127078319,0.0171242857376,2.50457032211,1.18018302306,1.48773983523,0.011244179496,2.23038125103
v4,2c0c4a4e,5.89795407098,11.6519997699,-0.0124207973047,2.2023160589,5.04718485032,13.5342254969,-0.011315448834,2.64117635507,1.38870101464,2.29074876836,-0.0044782245729,2.27049798236
v4,2cee0cba,-7.95743636364,7.38322091256,-0.0102893850044,2.45660497456,0.483660928405,15.5882710612,-0.0105361655689,2.41651324202,0.852106036193,1.72988885818,-0.0122356923437,2.2527912778
v4,2d0c268a,-12.1760769231,-7.5722362181,0.0142813590502,2.76473238767,-6.80071294369,-11.3845373291,0.0139560308994,2.31715888134,-6.56333005324,-13.4804849637,0.00372809117836,2.52265656568
v4,2d179ded,-1.97207191781,-1.74751953457,0.0187508487371,2.16902561839,-2.0109676445,2.47264132477,0.0184106310262,2.44562285217,1.26714843523,0.631910816959,0.00955809123854,2.27108353021
v4,2d196986,-8.81614612295,-24.3755864024,0.00240553189963,2.56428123899,-7.68221153053,-11.9559270904,0.00261014881489,2.48646162939,-8.66712133243,-15.6352303826,-0.00600917337251,2.63089724875
v4,2d2d0c6b,0.736917740336,1.38046715824,0.0338548660039,1.39771521931,5.46356553095,2.50887451634,0.0332035421554,2.6899545099,1.77980586414,1.36913893837,0.0095320568578,2.26847997505
v4,2d35f86d,-0.535541258169,29.953846295,0.0269536045387,2.50276267614,4.49834527848,17.016426439,0.0252630562778,2.57180620333,2.32282928721,1.61932458786,0.0119100643193,2.26708719773
v4,2d9f6cb9,8.01689424911,14.7829346048,0.00315035967625,2.38956119188,10.6878919761,9.03708112312,0.00315581356703,2.39350497529,1.99994002256,3.34600095219,-0.00405321691704,2.30422144288
v4,2ddad940,-2.92876571,-17.4115970003,-0.0106366765954,2.15707555516,-2.66642253165,-10.4299259989,-0.0099288106466,2.27205087071,1.18018302306,1.48773983523,0.011244179496,2.23038125103
v4,2e29e833,0.280810611643,-4.87252091819,0.00780420478162,1.66914952024,-0.160627902276,5.12920061284,0.00779085375599,2.16580972394,0.606720555382,-0.214659048314,0.00574200008423,2.24874237006
v4,2e43c2ea,4.40575991576,11.8212528329,0.0334113044627,2.13858231833,2.02255417029,14.6067770046,0.0331611980313,2.75274635549,1.77980586414,1.36913893837,0.0095320568578,2.26847997505
v4,2e63d9de,-3.87418812513,-39.765719542,0.016790385437,2.69286266373,-3.24059803781,-16.3756292325,0.0156196678496,2.51629863775,-8.15029002178,-18.1274340227,-0.00299362222214,2.65152695447
v4,2ee0235b,-4.89365190785,3.84128255142,-0.010668274748,2.05450234308,0.541293891989,7.51900028139,-0.0101104038303,2.39367890524,0.749396761202,1.97576246262,-0.0109622653668,2.27607397934
v4,2f19d536,-5.89366580311,-7.80775454689,-0.0356193321547,2.01963824424,-8.66510710952,-3.30194862704,-0.0349654397702,2.37695975977,-1.69437006778,-1.43158824324,-0.0151713659088,2.2499967205
v4,2f8e53c3,-1.69440632228,-5.80911090511,0.00713657765309,1.45699863291,0.669250129718,-9.61578046597,0.00832335273496,2.10716105094,0.451042231782,-0.978620699809,0.0121503440124,2.23693456355
v4,2fa01aa6,-15.1232842686,-37.0762644672,-0.078748498997,2.98454086331,-19.2510267761,-32.6025553166,-0.0743836806428,2.45310149486,-14.9893330285,-30.0897059197,-0.00742056758516,2.95712118591
v4,2fd68f7b,56.019744186,55.2542913016,-0.0085268165988,4.12293449111,27.0919197575,53.901293416,-0.00768793293322,2.19141574426,22.4834703665,37.0828590452,-0.00346645793571,3.24636315054
v4,2fe023be,10.4132693674,-4.80702245691,-0.0164029824535,2.63255850637,-7.60870008452,-14.6445064727,-0.0169885113076,2.68472641956,-8.87331025853,-15.1040054103,-0.0116037658593,2.61939000528
v4,30d75030,-10.7932373678,-46.9160394767,-0.00850477976427,2.92312494937,-14.3859137933,-46.038564777,-0.00862411087789,2.6673270386,-15.737592724,-31.1931681563,-0.0031585236478,3.02406243047
v4,310c71a5,6.34926978074,-3.69558537932,0.00407584242747,2.28679239006,-5.82814250292,-11.5346030395,0.00374120419057,2.45044408024,-4.43484577917,-9.11894358984,0.00293496881735,2.44391558466
v4,32fe84c9,-20.1564497503,-20.2789559027,0.0134470037147,3.14634048536,-10.8609897852,-25.7737494184,0.0132657876832,2.67311638549,-15.4712368866,-33.298235971,-0.00369465894923,3.01970597257
v4,33c40295,3.0560566083,24.0517265048,0.0300298301305,2.27220730293,4.63972677932,18.6136865361,0.027555622219,2.61566563975,1.98802233127,1.66173994404,0.00818855424974,2.27451155997
v4,3407f5bf,-14.0159098406,-46.3998016177,-0.00644086820632,3.10431232131,-29.3865442774,-55.8853904265,-0.00746769138993,2.28358312315,-15.4256310952,-29.3907713132,-0.00546895624166,3.00126281981
v4,3417285d,32.7090952468,12.8966323241,-0.0125844102643,3.5673327765,9.0300584045,24.0764718363,-0.0114482301842,2.32617177705,19.6562202594,29.4109419705,0.00594830041233,3.09342919677
v4,347242c8,0.20678720445,1.82458974196,0.015219052084,1.17619752262,0.716364460293,-0.384507296288,0.014224145899,2.3663791021,1.11720601962,0.717664105836,0.00606871839639,2.25668714749
v4,353e5502,1.0758973936,7.35034425076,0.0314785698462,1.89301566143,4.44087974378,1.34355986531,0.0305451265823,2.7108836838,1.18018302306,1.48773983523,0.011244179496,2.23038125103
v4,357c12f9,3.56400098063,5.44982231083,-0.0657041230089,1.8907629496,1.33590664065,5.4127049525,-0.0663270949971,2.54621927014,-0.55331817443,0.104931252963,-0.0191644900073,2.20940275326
v4,3584a6eb,-8.10273920783,-13.0519867142,0.0247414951964,2.31335868514,-2.15721872933,-6.7013128402,0.0244350407292,2.60836904743,-0.00774722928298,-1.44918066063,0.00750958119849,2.27693624199
v4,35b30c7f,-17.6190165988,-17.2228579938,0.0280478538584,3.00328308891,-5.78829732705,-17.4723180674,0.0268303577043,2.49417402819,-8.15029002178,-18.1274340227,-0.00299362222214,2.65152695447
v4,35b3ef6a,-23.9009451844,-30.6600957907,0.000597445583819,3.29751633035,-15.544832235,-29.0568029296,-8.76780825258e-05,2.38508327158,-17.8292280495,-38.2622151699,-0.0037327615761,3.13549327146
v4,367456ce,10.8164140779,6.31336452464,-0.0191487955308,2.61171381588,12.5754326358,17.1382777765,-0.0176455608415,2.59657855782,11.1967029358,18.2268260691,-0.00374066824419,2.69258305792
v4,368131f9,16.9838629533,38.5834452592,0.0199165458839,3.08538023364,13.6209345254,22.5244540989,0.0191327157428,2.55741231218,13.1433203831,19.205523938,0.00814092915154,2.80586983908
v4,368fe682,11.2572285251,9.66109807562,0.00819667869445,2.69991739846,5.09010238596,11.7606552553,0.00879787220242,2.6097442142,3.56118186005,4.9567088009,0.00815947495284,2.30230129189
v4,3690a146,2.14700466487,19.0826613349,0.00389782793558,2.09558017439,3.15066773014,13.6296825478,0.0029430721325,2.35754258543,1.52669878936,2.06977606157,0.00564809672832,2.25152487119
v4,37344c2a,5.97685587839,28.1300590945,0.0562712269026,2.65600577516,8.14310547064,5.39051283379,0.0547294779843,2.24368805035,1.77980586414,1.36913893837,0.0095320568578,2.26847997505
v4,373ef48b,3.31184667997,5.41870393348,-0.0274556489824,1.82570852114,1.86267355702,3.4347557833,-0.0268683409977,2.47550841485,0.292926729851,1.67374867919,-0.0115351713667,2.23673524341
v4,374be387,-2.08801204215,-8.66480723834,-0.00466714097251,2.04287644243,-2.1888938618,-8.71755761392,-0.00524094499903,2.41390614844,0.40109121244,0.437300521565,-0.00269633483258,2.24421303662
v4,37d36812,19.8489832837,19.8917885389,0.0340439927836,3.12922736273,17.3002334561,29.9401427902,0.0330424216811,2.69829313474,18.9605173542,26.2677057293,0.00808805328575,3.05661230354
v4,38991fd4,-12.7939224677,-19.8096391382,-0.012186366852,2.76418104453,-7.59978319976,-13.1205861935,-0.010546272731,2.45346760325,1.10872352988,1.43140618424,0.0103139909488,2.23367850979
v4,389ae58f,47.8121321368,41.2157784774,-0.0285620144476,3.92716870701,27.8850654476,34.1391589329,-0.0268842875558,2.90789807882,20.7740905379,31.393607894,0.00199032992499,3.12865288656
v4,3932faa6,-1.6666269259,12.7894236111,-0.0260501181982,2.65027804241,0.217261297868,0.502927089921,-0.0284275048659,2.81503832006,-1.36830167641,-1.26394405353,-0.0170205490022,2.23742840987
v4,398dce4b,-1.38212255212,3.79733079266,0.0110802220796,1.71554747473,4.95336414658,11.7279723036,0.010944310258,2.29187006394,5.26634077823,5.80566906141,0.0109835934261,2.3939780328
v4,39b51819,2.1916520917,2.06915812446,0.0279647456829,1.42559951372,4.37064248314,0.932235447983,0.0278126577301,2.460942292,1.34738043383,0.351512180293,0.0107228540606,2.26691635415
v4,3a0af893,15.8795524428,30.5962420399,0.00440412237245,2.98009900906,12.861765204,21.7703514539,0.00291425914636,2.45916100068,11.6886580627,17.9198661695,0.00724262200804,2.73370675582
v4,3a223519,-7.23153392974,-18.7419899743,0.0039603103941,2.34191756016,-4.90939170692,-14.8678239187,0.00302728829946,2.47645597843,-4.97708653162,-9.77365920357,-0.0014859864975,2.47650969791
v4,3a7dd95d,-9.46395507812,14.8731287181,-0.0405729726928,2.6397990981,-4.2601088759,-4.43251209867,-0.0391466755032,2.10860871431,0.675207509573,1.67192720424,-0.0161121233946,2.26822524458
v4,3a824aa7,-2.66101880505,11.0655026109,0.0421814730123,1.90063352876,4.42691172769,3.63303434847,0.0396596616031,2.3620526284,1.13071530777,-0.238169889999,0.0123528343217,2.25256298656
v4,3a86fe8d,-10.5534544744,-8.72973289176,-0.00895942807089,2.53644788484,-5.43158995351,0.74999138676,-0.00780655094297,2.63483939203,0.116071274912,0.288778005602,-0.00177404253046,2.30141539812
v4,3aaa2b30,14.627191679,30.3839328898,-0.000346205520909,2.9188637739,13.1683493379,21.3188102105,0.000435997554478,2.32371495644,11.640754615,18.21205511,0.00685903752771,2.71111298996
v4,3ac16ad0,3.18286599398,-1.02478296824,-0.0191147799737,2.29056778538,0.47736406471,3.7063022939,-0.0189209303277,2.49951514352,-0.523843873184,-0.912056814252,-0.0121983383533,2.23194306615
v4,3b21ea64,4.55421366594,7.37100696984,0.000297834309149,2.23740102469,6.05068359624,10.9133424206,0.00189926674948,2.30961136631,3.49597498361,5.0943627589,0.00600891395349,2.30984698071
v4,3bbe1f5d,9.17250505927,5.57822652457,-0.0156087908464,2.44865777678,-0.958303770674,15.3999146655,-0.015294491179,2.16897977428,10.3640385372,16.2285298418,0.00880338004613,2.6347932231
v4,3bfee975,-0.434152095476,-0.512162580018,0.0300749316792,2.1793483314,2.48997025727,-7.17746503461,0.0286767191409,2.11394678176,0.792175853839,-0.300012242607,0.00776448444102,2.2413983321
v4,3c3dbcbc,-0.424269086605,19.9645800334,0.0103243950721,2.22931434001,6.00725743319,8.06304265118,0.0127751050902,2.54183498672,1.78862843852,1.49844920599,0.00764821592521,2.27091847128
v4,3d96d897,-1.67219826825,0.462564124691,-0.0192267770222,1.52807396976,1.56333793507,1.92513492819,-0.018485114547,2.31139964111,1.24526905404,1.72823481869,0.00341511951713,2.24757980914
v4,3df4b19e,-6.64121692061,-11.9478525852,-0.0040654135844,2.26928582284,-6.71595342619,-9.60808988913,-0.00339004400554,2.49669120724,-0.270483664496,-1.37408636989,0.00324299360586,2.28963439677
v4,3e011332,9.61589056188,30.055767188,0.0274687497651,2.91351632317,2.21025180936,3.57308846178,0.0213652174432,2.33968352631,-0.20591397143,-1.02924033011,6.62017743144e-05,2.25865374987
v4,3e678ea7,8.12701953923,-4.98375605513,0.0230897086359,2.41858093094,4.81070989289,1.99666871853,0.0224209472524,2.29337925416,1.41629029525,0.81326124688,0.00972021760805,2.26215322364
v4,3ef6372a,0.563545589169,-10.5248431572,8.2853677967e-05,1.97815327095,0.388413781041,0.0478365733815,-0.00148237785022,2.32920417554,0.0342895481818,1.15915246393,-0.0105929660838,2.23914398204
v4,3ef98781,-11.6070889003,-0.915020726584,0.00945351554604,2.59777977752,-2.1594667615,-0.614867683697,0.00991512108489,2.10797274256,0.566848562177,-0.230293694055,0.0064475727164,2.2649563734
v4,3f603129,27.4061987725,1.84440637563,0.0220887271327,3.42465919759,16.5573974428,6.07686479656,0.0200085690216,2.66846547389,6.3482097318,9.92214329541,0.00877510584474,2.47359261967
v4,404c4384,2.94919868277,6.20912978797,0.0220868039885,1.52631048943,8.17109835339,7.14504063974,0.019401576539,2.47244540207,2.32282928721,1.61932458786,0.0119100643193,2.26708719773
v4,4121c517,7.76688154714,-14.1576707136,-0.00515940733673,2.50333894001,6.02881617466,7.89163234136,-0.00469100730592,2.42255073617,1.63339539829,2.48274588471,0.0100680916716,2.25685246491
v4,41fb0192,3.00551631349,1.37481555927,0.00281323190219,1.51682037265,2.13438577074,-1.28641823922,0.0040577931888,2.31182303125,2.00641633318,1.12987864279,0.011723359894,2.26277754324
v4,42669188,-21.1465156469,-20.5849859611,0.0367927495684,3.17933125573,-16.8220366983,-31.1971773103,0.0362495883815,2.30837299933,-16.3762706288,-36.4866173981,-0.00390070852871,3.08564372048
v4,42c538a1,22.1261726136,35.7140891259,0.0239820671402,3.30280626754,13.9088403764,24.9166198508,0.0224725378763,2.71520172918,11.8973590425,17.1767522031,0.00821547941381,2.72308768555
v4,43b06c70,7.00508873297,-12.8676942522,0.0352361824031,2.27924914528,4.41036436639,-0.664201360746,0.0346241358628,2.8082976359,1.51664323477,0.938106690832,0.00894947319774,2.26588907526
v4,43c7f85a,-8.79099029776,-11.9453804576,-0.0266352735125,2.49982565324,-3.20592852499,-6.93617580679,-0.0259493746498,2.5486471718,0.925900622688,1.72639031848,-0.0104290202894,2.28238950115
v4,43e16325,37.5043360215,90.4827503489,-0.0428169968002,3.84538441303,35.9459468176,75.3773097213,-0.0422979403435,2.28252562177,21.428248686,32.731648721,-0.000544379440176,3.16289479553
v4,44441e54,-0.396940555428,-2.41103596066,-0.00446172599834,1.5409298699,-0.397283526029,-4.01071820877,-0.00457555217783,2.20712309519,-0.0783251338037,0.950337755712,-0.0092279554825,2.24572829907
v4,445af6c2,-26.6352342327,-39.4680916156,-0.0170884149645,3.43251736632,-18.3762771494,-35.4073643401,-0.0177380289951,2.38381959475,-15.5791815687,-31.0566366715,-0.0022549668774,3.02206733624
v4,4463446c,14.9239189189,36.3341278207,-5.95141807932e-05,2.98872241479,13.053240865,21.0706788525,-0.000201481451809,2.32522154095,11.7764962822,21.3666621586,-0.00607409884156,2.75312396439
v4,44a94013,-20.5740995309,-11.3651854992,-0.00265180044606,3.18893645003,-25.5402655594,-44.7361869104,-0.00414980682067,2.58897670015,-18.4616257597,-38.2040542437,-0.0030358467343,3.14939354563
v4,45fb3e21,-19.7846177035,-50.0480430367,0.0032054873501,3.26421738483,-18.4190356408,-33.2578364386,0.00339506132046,2.51736323647,-17.6323826534,-36.954387155,-0.000276484656129,3.12082151157
v4,460f859e,0.323090527577,-47.9979780497,0.0411726083772,3.04509703049,-10.0744302287,-33.1350163485,0.0410951715538,2.48675443721,-10.5293429378,-20.9978609479,-0.00124296293669,2.73973570981
v4,4630ab92,-8.23147346576,-16.3098021054,-0.00545073732484,2.4749026242,-2.33347415856,-3.84081687991,-0.00560582729487,2.53955208123,1.12811148378,1.76358970128,0.00140209063084,2.25015190173
v4,463c38f2,0.222506726458,6.0778327689,-0.0237580323158,1.99011113099,3.74729878646,-1.755502244,-0.0225133728949,2.63142338239,1.0339745787,2.3150160484,-0.00736383468479,2.30280853244
v4,4654e7de,1.52637446492,-4.8829916651,-0.0103849902397,1.83453254037,5.20165822019,0.838493207196,-0.0103140849213,2.35653355597,1.87742094335,3.25107024465,-0.0018382040358,2.29950486397
v4,466fc788,12.9080522834,23.5143589761,-0.0290667895603,2.88852448734,6.51430248607,25.8244804787,-0.0269431392144,2.73511284557,13.668619334,21.193205298,-0.00994029966909,2.81083450045
v4,46a301e9,-9.66879893022,-4.34222428915,0.0237158332382,2.46079520446,2.09266231658,-11.8496323864,0.0218184597105,2.12255955561,-0.698884021622,-2.93773654868,0.00866165184399,2.30089477668
v4,46a7190b,10.5480664294,22.5973753874,0.0107621236686,2.66098477879,10.292904152,17.4961231305,0.00951930692659,2.40627149182,7.65982029424,11.369932909,0.00412714665913,2.50102307931
v4,46d24a09,18.6067543268,6.76818202399,0.0285981327944,3.09260610282,13.8212696851,21.9055749088,0.0259883529958,2.62026366486,11.211684234,17.0506402853,0.00448050437452,2.6961715114
v4,46d41ff6,3.10865713201,-2.82744656276,0.0179747545057,2.09835152964,9.27275616134,5.70798872295,0.0164873462668,2.51670663827,1.18018302306,1.48773983523,0.011244179496,2.23038125103
v4,46dfcfca,22.336797005,15.239602829,0.0117625144979,3.1907609161,22.5311486363,34.5364426083,0.0126971948583,2.53590194622,21.2334644084,31.1569707857,0.01156006689,3.16555663411
v4,47222616,8.93916023604,25.1675691326,0.0231140998408,2.61943958681,6.52614368095,20.4521649727,0.0203257470103,2.33100642185,5.37884578134,7.22473753734,-0.00145190015608,2.42089470876
v4,47ee27ab,-1.31047834923,-16.0138769428,0.00931858285371,2.17601613177,-7.64624148888,-12.8458767126,0.0100384785062,2.29605601008,-8.15029002178,-18.1274340227,-0.00299362222214,2.65152695447
v4,481de5fc,-12.092641129,-3.06625793176,-0.0219678303788,2.68519180035,-11.3999103379,-15.7693346619,-0.0215255656037,2.58589151828,-8.87018856658,-16.9865756766,-0.00934161563526,2.65143307617
v4,48c1f673,16.0403496743,21.4107382194,0.020552657429,2.96939564399,2.00534396169,10.8929389764,0.0183849900819,2.24190082055,1.77236041403,1.60795038608,0.00810661707374,2.28658324416
v4,4936af16,-1.90787020797,-10.4616453202,-0.0113336862812,1.81267763161,4.68623490315,-4.40400061747,-0.0102666367964,2.28105554146,1.26054431656,2.06264971731,-0.00380585234231,2.28820761128
v4,493b5b31,13.4838578463,51.2746894603,-0.0396315257759,3.08219705028,9.4689108179,35.0353211843,-0.0384746967953,2.6615794105,14.7801398936,22.5838883105,-0.00680918038006,2.85549844626
v4,49dbc14c,-4.00021177686,-9.82939641735,0.0250404439066,1.86754948451,-2.82674750286,-9.57870179835,0.0242608751956,2.3480311427,0.820703407886,-0.754042669546,0.0120858593053,2.2487284896
v4,4a035ec2,-15.167812983,-33.9812688386,-0.0201485822534,2.96414743481,-14.671533144,-28.4676038143,-0.0172489833887,1.87706998836,-12.1563269194,-24.8737311932,-0.00905580949559,2.84277306158
v4,4a335117,22.4902711864,-2.17318603997,-0.098773485252,3.25866307673,27.7615417212,29.6166695386,-0.100798852459,3.13609035738,21.428248686,32.731648721,-0.000544379440176,3.16289479553
v4,4a8ecc0b,3.79021862627,18.773332772,-0.0211468647572,2.50241127929,-1.53652693883,12.2429507673,-0.0220102609632,2.23190224781,1.09279082866,3.37969897522,-0.0189256236156,2.29871841305
v4,4b462989,-3.61158403091,9.59834737878,0.00996295888648,2.02880915851,1.54450207426,-4.96408188407,0.0076719853467,2.45033571091,0.266008316146,-1.13554362495,0.00779569156881,2.26817774877
v4,4b831d20,-13.2653911379,-18.7157387731,-0.0508617165132,2.85666133363,-14.7294706489,-15.6331332799,-0.0510146407467,2.81610508006,-11.9422763358,-21.0968366823,-0.0137654913746,2.78528998958
v4,4c2208f5,35.3869242199,16.0070907217,-0.00139408651697,3.64758560629,20.3178785856,22.1522688905,0.00431080910283,2.47177447154,16.3377883354,23.6622758904,0.0142026286988,2.92527242206
v4,4c3168cf,3.21371481311,-2.97884773011,0.00827224997476,1.68613301926,1.50691584967,7.10710872297,0.0088367574763,2.68062344854,1.74708752172,1.54646959501,0.00660152515927,2.27153626629
v4,4c3df468,18.7665986647,-0.617646614113,-0.0148483881278,3.07872204221,9.8520319409,8.37904278688,-0.0141559840008,2.37035255256,4.81557802475,7.70993625073,-0.00488198955321,2.39496011759
v4,4caa7289,6.966551149,20.5242796179,-0.00993818918564,2.36835909589,4.5673431514,17.1219504565,-0.00790758703485,2.41273749428,11.0154751144,17.8148348379,0.00704395185879,2.67032777627
v4,4cd1ac61,14.5240922254,5.39597564152,0.0412261336861,2.75649603625,10.6583233601,11.2023336244,0.0400012464853,3.0650676244,10.0965889194,14.646869489,0.012647115465,2.6488152945
v4,4cecf7b3,-2.69528326965,-5.61257773419,0.00817606943812,2.28206751306,-6.47655829385,-13.6482052172,0.0069804768098,2.49740649282,-9.36219153579,-17.9444312088,-0.00467755276841,2.68351917373
v4,4ddde4c1,-2.95282871199,7.20658024774,0.0022758404291,1.72006316896,3.06378403268,8.0267791496,0.00204615217433,2.1848013331,1.80063678047,2.24448329789,0.00324511766553,2.28516102443
v4,4e050c92,-4.12361673414,-14.3386628096,0.00249477437233,2.04907041603,-1.59436393366,-14.4520114845,0.00474231109692,2.53555278816,1.18018302306,1.48773983523,0.011244179496,2.23038125103
v4,4ed93db6,-7.63058191969,-15.9069680835,-0.0171034335438,2.31592616049,-5.5986706922,-4.21213184575,-0.0173880830186,2.52439078886,0.121221509313,0.86849084207,-0.0170239632136,2.29378224423
v4,4f3eb9e9,22.9834341069,77.5034459538,0.000509584428576,3.52867924978,16.7735273864,45.5938881225,0.00088925585244,2.41225758596,20.6924555263,30.9927607029,0.00770102705871,3.15972028984
v4,4f4ac5ce,2.67447694692,20.7857538405,0.0120865296274,2.22468972253,7.77762263777,12.5394188147,0.0125445491247,2.37671440259,2.35839376837,2.24958303537,0.00900266091042,2.29281786396
v4,4f4afcc6,-0.252249778565,-18.5780429918,-0.0200396949077,2.23261361233,-4.11131396484,-6.81540695861,-0.0192497373339,2.27722760374,-0.904566732785,-1.57895310454,-0.00550321101222,2.25330322359
v4,4f69febf,13.7202545788,17.7693614924,0.00259158091301,2.76890982529,6.95840828116,21.1866531935,0.00254028156987,2.44945131341,12.1648109444,18.5873351457,0.00243679518441,2.7440264186
v4,4fbe9c06,-8.82502306346,-5.14438064976,-0.0125944087516,2.61744120662,-0.47403420141,1.93986603619,-0.011303765312,2.42167975916,1.88845699804,1.34769771301,0.00950781629252,2.25811861873
v4,504c8b08,-19.74191613,-15.0227831309,-0.0178324827149,3.07531842287,-13.6558296311,-18.2240315596,-0.0188172337101,2.61803179609,-9.68447785276,-17.096866384,-0.0112278706405,2.68363105259
v4,511e1db0,1.05306725988,5.23078928848,0.000267925956922,1.29381048321,-2.19318818594,1.26758323594,0.00244566920353,2.32449678401,1.06159306095,1.35655159499,0.0101257420268,2.22859772634
v4,512943b2,-2.19047723205,-6.67032936523,-0.0221568489903,1.61601199047,-2.99303942355,-10.5294343322,-0.0218843601367,2.27112031388,0.0342895481818,1.15915246393,-0.0105929660838,2.23914398204
v4,5138a660,-3.39765664512,-11.184245161,-0.0134904863858,1.86841350426,-6.18258808174,-14.5514369538,-0.0107406707979,2.3453929466,0.453901743628,-0.0321907271759,0.004189228054,2.24365943502
v4,516088b7,0.477534988713,-9.73190999457,0.0119416781012,1.99763521377,-4.57852162018,-4.53895279123,0.0138461654748,2.36628527412,1.24089629821,0.560630937967,0.0106963351884,2.27036912555
v4,521a7819,-23.0833,-24.6597796311,0.0234043753317,3.27191832837,-2.43761594807,-24.2437931225,0.0252055688455,2.76483340402,-8.15029002178,-18.1274340227,-0.00299362222214,2.65152695447
v4,5254b6db,6.95526267563,2.23563062015,-0.0306935203511,2.11551804167,2.28494699976,2.68303490536,-0.0292454550956,2.46450502878,3.18012428476,6.23494451122,-0.00672830009859,2.33673500989
v4,529e88ca,9.73401521803,28.4559671131,0.0453248833735,2.78905398721,8.44584417508,16.4101026593,0.0417036125816,2.47891695789,1.18018302306,1.48773983523,0.011244179496,2.23038125103
v4,52f1e77a,11.8637933363,-2.8303002036,0.00557815076876,2.71964148688,14.9166033388,5.30387366843,0.00690502793434,2.39421932115,12.4991415054,18.6284661458,0.0131143000102,2.77358249762
v4,5305524b,-14.6149755002,-21.1540442117,-0.00100838446437,2.86988010256,-9.85442636123,-11.1657293625,-0.000940903095646,2.95031785149,-8.58860944073,-16.6944905956,-0.00779279454035,2.63918429761
v4,53134831,-16.5473936793,-13.9352564046,-0.00563001035978,2.90930005299,-9.35498561548,-15.8724203417,-0.00536913421705,2.37015598686,-9.70490996208,-19.1884527035,-0.0031210458602,2.70814069065
v4,5397ceb1,1.51068506185,25.8310649262,0.00247029328251,2.32736705276,5.53795408357,14.188739956,0.0024999545256,2.48156325516,2.32899097426,1.76906364488,0.0107745674351,2.26981186719
v4,53f23031,8.12843391813,20.0492747974,0.0108507172606,2.45684868678,6.69294683773,8.5623966991,0.0102849663125,2.29835562651,2.32282928721,1.61932458786,0.0119100643193,2.26708719773
v4,543198e8,6.86680455175,-31.1462927301,0.0151394431541,3.06874832976,-15.8984340621,-38.3000116932,0.014177201061,2.3679640636,-15.6570505934,-32.0678387563,6.9888227041e-05,3.02343508967
v4,54753541,0.0287903626426,41.2687677736,0.00510235875027,2.84623283024,24.2580427759,44.164233627,0.00529908585164,2.42769861097,22.074521292,32.1604636471,0.00105237670982,3.18004306078
v4,54a7e3c2,9.67708204712,-4.9868047246,0.0200001096988,2.48804857763,1.48362192554,3.85050077144,0.0210166809342,2.46162714658,1.13071530777,-0.238169889999,0.0123528343217,2.25256298656
v4,5542c301,0.795828460039,-10.2563712083,0.00299374801729,1.87197356797,-2.69388281195,4.99379269816,0.00302679147113,2.54959020908,-0.593887360096,-0.632914960932,0.00326976273974,2.24022855538
v4,5567d551,-7.01375235883,13.4900781107,0.0116087771882,2.42387240078,7.37573968787,11.4509340886,0.0126158543308,2.39222856013,5.04132460361,6.17475805634,0.0066766449142,2.38439893868
v4,55efee7f,-18.0244969798,14.5222382207,-0.0175880488991,3.2897128224,1.1377924719,8.65614307436,-0.0156532295165,2.40757473755,1.6671949141,1.18454857367,0.00861662525878,2.28660882686
v4,5663b2b7,-7.03055108608,36.5452042494,0.01366200402,2.84978666,-0.0246337305279,1.77128110164,0.0127724116929,2.54943328851,0.290901701115,-0.870498286145,0.00718251731734,2.26738109011
v4,5693dde2,-5.9867603211,-1.14812284546,-0.0294754919215,2.07415698469,-0.567884624788,-5.0824300844,-0.0279064663783,2.17199090926,1.06376171062,2.49692278988,-0.015839339849,2.25562910327
v4,56b00794,27.9574014839,28.7991503128,0.0229405793809,3.43220264592,12.9526464883,18.2377534125,0.0207759948383,2.60870990017,11.7566542815,17.8446558959,0.00854251369559,2.73759204829
v4,57796579,9.73312903226,16.0165229058,-0.035652993602,2.62561584881,3.44274691883,22.760210172,-0.0341349838165,2.57069603569,12.6007841051,22.3349664603,-0.0089103225785,2.72911971925
v4,577eec7c,15.4510442829,-21.280325601,0.00274114484404,2.98947713087,1.75412369799,-5.58531928069,0.00315026385304,2.42309411505,1.18018302306,1.48773983523,0.011244179496,2.23038125103
v4,57f05c51,31.4737162021,43.8406048821,-0.0563892772467,3.61964874561,2.55364700118,21.9251985829,-0.0553157625146,2.69900118619,0.375756047211,1.50682659113,-0.0196222799313,2.23926793739
v4,58850d2c,-14.0522522523,-5.24894260153,0.0106658496197,2.76556131416,-7.99659483616,-11.3783614159,0.0104470428973,2.40237980457,-3.54506865744,-7.2769963889,0.00415133668077,2.39574447971
v4,58fa8486,-7.45098324022,-28.6172716761,-0.0547853401312,2.55456493347,-4.73449949865,-7.6931088365,-0.052936141893,2.43319724658,-0.53135390996,1.07113270442,-0.0163512329429,2.24899089573
v4,591cc951,-12.4040919939,-24.4753456356,-0.0148775768915,2.77396245356,-8.39924873816,-15.4606040957,-0.0138415077731,2.41759826644,-5.14226665982,-9.01638818775,-0.00354092157621,2.46665014824
v4,593876b6,10.3539487815,-11.451741762,-0.0036299889679,2.58613766556,-0.348937527276,-18.0011377918,-0.00291483874948,2.41640381852,-0.00774722928298,-1.44918066063,0.00750958119849,2.27693624199
v4,59f8b2e8,-2.21067787564,11.0291260629,-0.0303237953831,1.9789837009,4.13663879648,10.0985514927,-0.0294259755789,2.5106791242,1.51635194071,3.7367855564,-0.0149650316112,2.28830654837
v4,5a1a8fd8,-10.7787338403,-0.564494533633,-0.000600609924568,2.65079405317,1.77332129445,-9.87592027332,-0.0020673963943,2.88949797836,-0.329841796845,-0.797030022992,-0.00270850268632,2.26974578404
v4,5a5269a9,0.686241363426,-10.7338479782,0.00163279278935,1.92615996959,0.423676836771,-6.57876326294,0.000396392172403,2.16071426254,0.710562660276,-0.209806171532,0.00667503625146,2.24140045321
v4,5a5d1982,-2.29622752953,18.8241930609,-0.00666432131086,2.09268507463,5.79778677671,13.4112892285,-0.00700872173505,2.39779873791,1.53265315573,2.33908672866,-0.00516665448709,2.28037603541
v4,5a63b5d1,-17.2752404697,-9.65773166811,-0.00368525208063,3.01794598729,-8.92432051675,-12.932306207,-0.00243004075067,2.4283373123,-0.586447249925,-2.47651852954,0.00808188798457,2.28182310995
v4,5aa03df7,1.60462122767,10.3632950315,-0.030514877871,2.0263063252,12.5032806891,22.79105025,-0.0288935911821,2.4155709536,14.6602054212,22.636712125,-0.00910775435315,2.85903597166
v4,5aa403d0,24.389355356,22.0100561149,0.019314565265,3.28408207076,17.7182479133,24.3647058116,0.0171463707068,2.43843499259,13.9349202288,20.5495195366,0.00861574391353,2.84964628306
v4,5aef5c6c,-5.33728933034,-4.85649285769,0.00270143163895,2.47874259293,-14.8316049119,-22.5981395083,0.00233615681761,2.20049751273,-12.7205276904,-27.8200164469,-0.00394435966359,2.89366802264
v4,5b7b6324,13.9253001219,32.4869976525,0.00942673880986,2.9270907455,19.4433876481,32.3873376002,0.00995846110178,2.43781115615,22.7028290443,36.3097941114,0.00396244466441,3.26688283925
v4,5bd25f59,-3.01301187648,-1.11317401151,0.0117297130503,1.67492836456,-2.71542104579,-5.96471223174,0.0101874604845,2.29513419978,1.10872352988,1.43140618424,0.0103139909488,2.23367850979
v4,5beded95,-15.246745175,-4.55455838095,-0.020587121101,2.87041439055,-6.07054538438,-12.4538175412,-0.021131771115,2.07600021637,-6.84765555882,-11.2438791894,-0.0132957131099,2.49101944416
v4,5cb483ac,1.85255451713,14.4878826629,0.0118070254674,1.9620752194,6.78060698683,4.27932811951,0.0116084672345,2.23030319522,2.03108728951,1.51302089294,0.010537010167,2.27593218487
v4,5cdd8dbc,9.78196758105,47.5458636393,0.0605006114973,2.90315967142,14.078793157,35.0993181489,0.0598511578734,2.65502756841,20.6726426766,30.7673406162,0.00961309713162,3.16288639147
v4,5d11dfb5,-0.191178965225,-0.575340234981,-0.00799600868505,2.37568471366,-11.1796214758,-15.1130094991,-0.00915766119705,2.3513825993,-9.32926195061,-16.3012109609,-0.0107816061343,2.65452555995
v4,5d7198fd,-4.90755344418,-38.712859261,0.000151051829682,2.66489600786,-10.1884130292,-23.9680774676,-0.000140473746503,2.48259522678,-9.27438387022,-19.6172650261,-0.00454574408005,2.69751235085
v4,5def1ce5,2.39096849294,-4.22439472226,0.0138347288479,2.203031862,-1.51479001767,-9.45324831824,0.0141118373731,2.389838095,0.820703407886,-0.754042669546,0.0120858593053,2.2487284896
v4,5eae34a8,1.27159257749,-15.2064782291,-0.00339863658139,2.12793221452,-1.25877255333,-7.14399461531,-0.00384146033917,2.28933514143,-0.76961901064,-1.29578820848,-0.00102674580158,2.24618444809
v4,5f4d2a52,47.16655311,104.010855735,-0.00420597258683,4.05897498971,24.7566515499,53.2591033973,-0.00503875188775,2.76517846318,23.7309891407,34.2040802925,-0.0106373120822,3.23403907448
v4,5f6756c5,6.6491047041,-8.60192085586,0.0178643378075,2.25903164851,-0.762856025408,-0.0173249884009,0.0163405436544,2.74726506066,1.16994150108,1.27126790676,0.000483638548018,2.27569142702
v4,5f75f796,7.54825242719,14.0467179882,0.00113057473912,2.3262934073,7.84861243981,18.4487094296,0.00117499324105,2.47365145891,11.0569675091,17.9561348918,0.000989218743298,2.69722598731
v4,5fb1c15f,16.937548951,10.5063454242,0.020532048826,2.95964294295,8.26211164856,13.2618576448,0.0179395187723,2.33552624268,5.97350444695,7.81671455398,0.00809676069149,2.43329571399
v4,5fffa282,-4.65283265889,-0.197731026848,-0.0157485798876,1.84342623128,-5.54607850652,-2.28888970493,-0.0137663150348,2.42043502386,1.06159306095,1.35655159499,0.0101257420268,2.22859772634
v4,60e37807,12.4796517229,52.3456613067,0.0156381584905,3.08531097135,15.0237954542,29.425691779,0.00974258503431,2.40957120571,12.4140967805,20.7558528414,-0.00838055202913,2.74073981565
v4,61f27424,-0.246352090033,-3.24547946097,-0.000168043318559,1.33894092672,1.41973020662,2.88494018346,0.000787185886442,2.13983931908,1.3645149531,1.04009137103,0.00674820931887,2.26217333366
v4,62569ae3,-3.82995261984,-22.0282788034,0.00135798677129,2.21522430054,-0.955664933883,-22.8481482746,0.00335362667508,2.18156996648,-4.37612886763,-9.63968038665,0.00706627568363,2.4198040433
v4,62a6f539,-5.26359057677,5.07798173603,0.0384139569291,2.18210422358,1.69820753979,2.92236674597,0.0383217015687,2.55655343806,1.24089629821,0.560630937967,0.0106963351884,2.27036912555
v4,633774dc,10.7092716188,24.1508350058,0.0180110081965,2.72211285188,14.6934964125,25.9372003997,0.0183159679508,2.6037122098,14.4069478737,21.7744551164,0.0145077868097,2.89566991649
v4,63559d57,4.57093143278,5.17745481356,0.00774397399201,1.9306834548,12.1794645117,9.67601863565,0.00746510083324,2.29981951817,11.037477483,16.335790391,0.00256182446635,2.67414517104
v4,647f2a41,-3.47722236537,-8.91308611246,-0.0279128014789,2.02104771557,-2.04918853357,-6.46206759783,-0.0274950483086,2.28040106251,-0.90954383216,-1.55237485542,-0.0136150112871,2.23115512861
v4,65156b96,0.550683017696,14.2953975569,-0.0222042567495,1.95681924313,10.4767774917,17.9978559983,-0.0209963602591,2.27510785278,12.5813965715,21.8806785022,-0.010321557604,2.72772829687
v4,653612bc,2.02474267101,-2.03268300659,-0.000665943548353,1.34371054481,2.1391837771,-4.62173779453,-0.000111450875352,2.03186424946,0.792175853839,-0.300012242607,0.00776448444102,2.2413983321
v4,656a067b,4.5232546706,-33.6768116721,-0.00202201673048,2.75155900421,2.60306551835,-5.71524991086,-0.00180992822434,2.62351138134,-0.398804567849,-0.378247409837,0.00163601952605,2.25626312392
v4,65a5466a,6.43612427931,-17.8426371291,-0.000568692278246,2.56425837738,8.53200343657,5.19236776194,-4.98692505552e-05,2.32699230448,2.16739740835,2.83080344849,0.00175503819231,2.29791613446
v4,660d9546,-6.31462806424,-14.0229764005,0.0198333546256,2.34504646488,2.03529643609,-11.3663638654,0.020873018343,2.26101982945,0.451042231782,-0.978620699809,0.0121503440124,2.23693456355
v4,6767c111,15.4691508182,-3.21784623445,0.0336786407381,2.91642680582,14.9541051067,22.459837572,0.036404105958,3.03218463944,14.9092681221,22.2425254898,0.016586556563,2.9235684002
v4,67847288,-9.83236370979,-7.50099331292,0.00459492147776,2.52262704155,-5.18542960864,-14.7783139201,0.00639848807185,2.59528259636,-1.66474126108,-4.74513747605,0.00767812466815,2.34169037225
v4,67a8da4a,12.1052046426,0.427187623742,0.0162210471421,2.73999569102,12.7733594696,13.4722832292,0.01569047786,2.62249192693,8.59984789654,14.7940622346,0.00107673917386,2.58944155901
v4,684a6fc1,22.31970055,-1.57605128648,0.0137367528153,3.2201141959,8.89301736642,1.43747909707,0.0114244409991,2.44794984005,2.05733942653,1.58430077193,0.00939876621712,2.27664658954
v4,698930d1,5.25850242565,25.0468543893,-0.00266795488941,2.43266309831,9.04217194868,21.312663944,-0.00130150465729,2.56989656702,13.0769070371,19.2707174384,0.00776999714048,2.80820935987
v4,699ea575,6.65612378641,22.5717975972,-0.0164299525783,2.43298944155,5.71035081351,10.8205431518,-0.0161414241192,2.34975287221,0.553797822637,2.86764272516,-0.0146976806878,2.27779158391
v4,69c1bdad,-0.149303610905,9.86202262058,-0.00523947284025,2.37861590522,-10.347024301,-6.08220257935,-0.00644594747536,2.74716461858,-9.02542197582,-15.6901790341,-0.0087023374539,2.63782609979
v4,69e41fa6,-4.28854643105,-2.67131260369,-0.00129769664009,1.92595998821,-7.09990328481,-10.1525967389,-0.00117423815429,2.38766419181,-0.00774722928298,-1.44918066063,0.00750958119849,2.27693624199
v4,6a0ff78e,-1.68606651199,-32.4963128382,0.00537416740045,2.51372305588,-5.56960938474,-25.5382854842,0.00586694146863,2.46453756366,-7.93253217519,-17.273334966,-0.000907179621262,2.63095192046
v4,6a8fa194,7.05794166391,11.3716112078,0.00138281955141,2.23519764701,-1.11152251855,6.547623183,-5.10175933269e-05,2.18416691585,-1.5291773105,-0.923664090797,-0.0112087703773,2.24511327095
v4,6ae68655,0.719950047573,1.49582859991,0.0126584634535,1.83416059576,-4.8026151304,-4.67490531115,0.0125726851236,2.25028824748,1.18018302306,1.48773983523,0.011244179496,2.23038125103
v4,6d1d74e1,-2.61855746141,-36.4797471579,-0.00812284490378,2.55626337408,-8.03720079806,-20.7757921441,-0.00840959213537,2.2925658921,-8.51206444996,-17.2349229621,-0.00553822486032,2.64158202307
v4,6d590e26,-0.42188484252,-16.2331703164,0.0140651835412,2.26485055688,-2.5124891232,-10.0971847223,0.0150752102811,2.62699321716,-0.0777474198037,-1.82164904895,0.008918045176,2.28658806596
v4,6d6d93af,-28.4200751043,-0.612336952974,-0.0200437134602,3.50241048428,-8.22754136977,-6.79669503948,-0.0186305622842,2.86413403365,-1.06733147879,-2.08734007469,-0.00673187110086,2.26730162676
v4,6dbe4b60,5.58073364888,3.8941034707,-0.0131059280122,2.27207063093,-3.26577552572,-4.08775786454,-0.0112259242266,2.32624979945,-0.264984397516,-1.08504119034,0.00456145974958,2.24716696862
v4,6e6d122c,4.1426225142,16.9245509575,-0.00321214990977,2.31421811321,-6.3638710674,-7.1079225282,-0.00311691085039,2.27843916315,0.92164268925,-0.700767610755,0.0110891306293,2.24865611964
v4,6e9ccd38,4.7858874668,-27.2959083978,0.0095993638687,2.58320424158,-4.42603285305,-15.876827749,0.0100036311309,2.35973107179,-7.61183822215,-15.5463358896,0.00207378177833,2.60012653325
v4,6ea22614,0.16653156925,-0.442662384827,-0.0133871922971,2.0116067061,-2.21351706965,-3.95955028076,-0.0126785307802,2.21987426943,-0.0514952827806,-1.75036916996,0.00777980122611,2.28730247063
v4,6ede926a,4.84824827866,13.4312580013,0.00118123425611,2.16180087619,6.00198538662,7.24938267291,0.00299838067031,2.47277118855,1.20629656995,1.55134648614,0.0101165243914,2.23476322117
v4,708caea9,32.9930986561,22.6646055039,0.0405985841605,3.58119563718,19.8015854167,33.7009193174,0.0416589943494,2.83030963418,22.6861035748,32.3297234766,0.00374473490018,3.20259268772
v4,70925e23,-13.4696317471,3.80806158615,0.0137273794554,2.75904764205,-7.65602000436,-5.32019162229,0.0159748688453,2.34811211556,-0.00774722928298,-1.44918066063,0.00750958119849,2.27693624199
v4,70e1788b,-4.47831879375,5.40189953504,-0.00242120057128,2.09914689502,8.78665448291,6.15656103873,-0.00199676719429,2.47426671276,3.7609833471,5.39357471264,-0.000833087120256,2.32691067767
v4,71642c7d,9.22961919105,-8.47661277535,0.0150665991217,2.55732273267,2.05947550242,-6.68380964712,0.0131585262899,2.35687820426,0.370089724017,0.138279742267,-0.000241876041699,2.25079523255
v4,71ccf778,-4.14220163084,-4.85697914638,-0.00140527169585,1.85452326634,-0.74732365653,-0.696874173228,-0.00236635260271,2.10096301037,0.101904089993,0.786400762481,-0.00705148817518,2.2358150136
v4,7224331b,0.105296058056,-3.58395495712,-0.0143139110637,1.67489977728,-5.11187882956,-4.497074153,-0.0115702974699,2.43505050848,-1.64446705246,-2.07459621595,-0.00167585758515,2.27020430813
v4,722cf0d8,0.928644759868,26.6329875892,0.00828792694974,2.49545854112,7.24980824226,18.0507897469,0.00837963320002,2.53776109508,11.9419012039,17.9055910493,0.0118573166064,2.74197974766
v4,7256229b,2.53107663897,0.820519560387,-0.0301126602965,2.03410317479,-1.23226980414,-1.94899229447,-0.0301227518872,2.35591332182,0.0342895481818,1.15915246393,-0.0105929660838,2.23914398204
v4,726f3dc2,-3.96463037335,8.15416239351,0.00836452694238,2.07082750197,-2.00823219188,0.723699794059,0.00996934993947,2.33378391,0.827630134259,-0.378906251745,0.0122844480632,2.23061947724
v4,7271dd80,-7.94844700461,3.36253265775,-0.027652062435,2.23151412078,-10.1790972249,3.53124182918,-0.0279909029791,2.72788384356,-0.686284561689,0.155367914062,-0.0189881457007,2.29357685464
v4,727a3a10,-11.5726790994,0.596895390352,0.0151833834764,2.59256138433,1.39137542187,3.50705690144,0.0139276226187,2.50610294615,1.38870101464,2.29074876836,-0.0044782245729,2.27049798236
v4,729665c0,4.06258503401,13.5866091118,-0.0135588490908,2.26825377434,3.4925673484,15.6582360568,-0.0115758944347,2.6874073223,3.88238519674,5.61281256315,0.000975441197781,2.3588566856
v4,729e9750,4.90653488765,-0.924232664621,-0.0209255598273,2.28503028054,5.89980287641,10.6424604852,-0.0194406369546,2.4946153744,10.5967499211,17.4351144517,0.00365734380601,2.65219505582
v4,729f4217,-15.2673349475,1.43585131703,-0.0134842899234,2.84791137207,0.382232080505,-0.18333020804,-0.013413372501,2.44818633509,1.01930146753,1.72759513237,0.00249729902465,2.24394415948
v4,72dd8501,2.43338725207,16.6086940782,-0.0049332999308,1.95615492527,4.18712519423,6.80308907373,-0.00437067215209,2.54125779315,3.52247058053,6.14279275158,-0.00697887223813,2.33208642948
v4,73348914,9.78022506515,-0.485071239862,0.0243135193182,2.45888168637,9.19244674091,3.16007036387,0.0236477072865,2.23526901601,1.78862843852,1.49844920599,0.00764821592521,2.27091847128
v4,739a914f,-8.23010535877,-29.833794323,-0.0211201861779,2.67690499211,-5.48816431578,-11.3303672425,-0.0204595199129,2.62298838162,-2.66595910411,-4.02598562287,-0.0143826299407,2.36306229623
v4,73b1447d,3.47878306878,31.0218804257,-0.0141821057266,2.66756453,9.32448462398,37.7223486018,-0.0128746940202,2.48454045579,21.8978638229,32.5059379775,0.00775303053897,3.19358924955
v4,74b6186b,8.72859324523,1.35638625799,0.00572763389785,2.3033045128,7.54081494567,4.78241506814,0.00484238242307,2.60052060122,2.10677337618,1.8389000751,0.00875968949801,2.26844189951
v4,75c20ec7,7.33618727849,-12.4406713996,0.0171620167668,2.48943519337,4.44569838606,-1.28279691764,0.0160475653199,2.70202542687,0.999900000571,1.65250155292,0.0036255616856,2.24100968052
v4,75cd5f11,0.9566761019,-15.030478372,0.00776728816378,1.83419074007,-3.29912411499,-17.4792082002,0.00920859143906,2.50971541561,-0.184231555433,-1.61253029128,0.00889152630384,2.29004083736
v4,75d20a82,-6.20094533254,43.8613982111,-0.0111121057781,2.90310726488,6.56821588793,15.4690813123,-0.0122961080052,2.6019693617,0.375756047211,1.50682659113,-0.0196222799313,2.23926793739
v4,76201745,-1.25007868705,-11.9769330197,0.0221099931864,2.18400557808,14.4675916218,1.77604706964,0.0233473231604,2.02626358252,2.03108728951,1.51302089294,0.010537010167,2.27593218487
v4,764072a5,4.0925262801,3.19730093626,0.0128549475196,1.99582975207,0.345281797292,-3.07196510928,0.0127602487186,2.68266106505,0.775646026986,-0.535993474481,0.00835489731295,2.24374251345
v4,77b0d905,12.7316506948,5.56915292673,0.0349404362391,2.64250604395,11.3533658761,11.2292897366,0.0326991776481,2.45661114305,10.6563163241,16.3459438875,0.0116135360792,2.6527818409
v4,77e4821c,16.286988689,28.0280192735,0.045129217449,3.00660323967,10.3127449175,15.5782416202,0.0436635768032,2.62042926384,11.919535601,17.0607360337,0.00805126908505,2.72456899123
v4,7850c72e,-1.57046934692,23.8147530281,-0.0489555067529,2.59156582045,-5.1924548367,8.97695952883,-0.0464439930813,2.4106201803,1.06806656256,2.95438592038,-0.010148594128,2.26170143464
v4,78a4a386,1.23500683727,-7.4010756007,0.00127964984428,1.92660883954,-0.100173902844,0.971995938345,0.00258354507588,2.39489749894,-0.59094695585,-1.50324363496,0.00364436609097,2.23954628833
v4,79507629,-10.7696605055,-21.1979599286,-0.0127290144011,2.60788505761,-10.0913695898,-16.4103230249,-0.0133686031399,2.24678523248,-9.43885987271,-16.3242740158,-0.00904693078693,2.66168188877
v4,796dbd4c,-0.988777208706,-9.05455129107,-0.0268851492627,1.76942986187,3.15784655781,-3.95548311781,-0.0269130796495,2.41559339016,1.01280444211,1.76239531199,-0.00674428472297,2.26818191044
v4,7987f2f2,-5.25912550607,19.3844014411,-0.00989552157249,2.56729060038,3.40479523385,13.3377720945,-0.00850661069605,2.14051250694,1.28869734849,2.73719622035,-0.0145032661624,2.26713153581
v4,7993a768,7.63066885365,13.8694569712,0.000924016495872,2.29702815845,1.18506937714,8.24906415549,0.00244716114571,2.33561986033,3.77431412951,4.67446632241,0.0104610908259,2.29433453163
v4,7a5660b0,-12.6002881152,-12.8777229876,-0.00397303775368,2.67093048079,-14.3397331193,-23.8109574274,-0.00504929964945,2.32602241406,-11.3013215531,-21.5002305682,-0.00592476946349,2.77805561745
v4,7acda2df,6.90409899709,39.6367519314,0.00753381748833,2.6974089628,10.3654822052,29.1015195755,0.00661435451304,2.59318916331,11.747545039,19.0838287906,0.00850017567293,2.72688305093
v4,7b2c7b3c,4.07630804954,7.70144316161,0.0273523464888,1.97028687298,9.75383740323,17.4484741957,0.0246941196229,2.47050938796,10.4969149805,15.8084864663,0.0116190186276,2.6649638803
v4,7b38844c,0.131050946919,-8.34545994772,0.00242253488741,2.12684382738,6.22999974702,1.67116061049,0.00369565337352,2.1982040458,1.18018302306,1.48773983523,0.011244179496,2.23038125103
v4,7bb17b96,14.5291713412,24.7626380556,-0.00776182622193,2.89087419801,6.39863014249,13.3698774536,-0.00693511111823,2.48195544907,3.54810077783,6.02461556052,-0.00297985490753,2.31995491082
v4,7c607683,-15.240899024,-10.4149693987,0.021036856922,2.88282970215,-3.24002447029,9.17205219813,0.0228850921323,2.65847401676,1.41629029525,0.81326124688,0.00972021760805,2.26215322364
v4,7cbbd047,9.55952353056,19.0057202593,-0.0273655744965,2.6051088849,12.1059330794,14.6990686052,-0.0271622847533,2.48284392182,12.7111622241,20.4502418579,-0.00976363000002,2.75990571586
v4,7cd4bb31,2.12796862867,-11.3115619647,-0.020030075731,1.93360325867,2.16469305332,2.98807624551,-0.0192108010758,2.53694003021,1.23226703979,2.30955549948,-0.00883542779753,2.27261115249
v4,7d50373e,-13.7767883639,-8.45709591606,-0.0261206898674,2.72707742239,-8.05112703535,-11.2888421255,-0.0258134553209,2.4508240112,-6.5575074174,-11.2330188613,-0.0138761966597,2.48429911068
v4,7d57c75d,9.1369738933,24.2612890296,-0.0036561289667,2.721171341,17.6273571773,19.8817766936,-0.0022260232311,2.23893959318,11.3669459964,18.2948784524,-0.00303437761651,2.70036861728
v4,7e208414,-5.4093208708,-10.4237987725,0.00126536182688,1.99903531366,-2.90100895214,-11.3887858792,0.00207365805404,2.25086845614,-0.0514952827806,-1.75036916996,0.00777980122611,2.28730247063
v4,7e721392,-37.7313896987,-44.2106189398,0.000133136188567,3.72163282,-22.0759965366,-35.7658877924,0.000275159707342,2.51578937725,-16.3762706288,-36.4866173981,-0.00390070852871,3.08564372048
v4,7ff89f8f,8.27030939076,11.2079054303,0.0328734597289,2.71836716547,-3.92449282674,-10.1661175997,0.0323780625019,2.42056898212,-4.83899387383,-11.3555590336,0.00257870211148,2.5062789437
v4,8050c789,-1.1505719857,-22.4453126859,0.00985178996136,2.17321070037,-7.25160241204,-15.5849033917,0.0113879246979,2.22432313524,-8.15029002178,-18.1274340227,-0.00299362222214,2.65152695447
v4,807f0298,-0.683920469711,11.0338094681,0.0172061387822,2.28785975471,5.87249587322,13.3788983507,0.01605374293,2.44414843081,5.95769200029,7.40688782895,0.00808046895152,2.44328792931
v4,811f52b3,2.55912531017,-5.58123938407,0.00755903552896,1.72246316082,1.09091724708,1.00552375762,0.00704912277189,2.37730502706,1.42511286963,0.942571514492,0.00783637667546,2.26459171988
v4,81bf5923,-26.5651265683,-52.6910770633,0.0133793655978,3.47566393616,-10.8290715682,-24.3604251275,0.0134448853305,2.46603300946,-14.0346974154,-30.5414938404,-0.00581152297147,2.9555048451
v4,81fc01c6,9.92588932138,22.0847209685,0.0210311569211,2.77306424026,18.7797829563,32.2451994077,0.0214953158835,2.39645104125,22.7894251549,36.3353289084,0.00555305308769,3.2759772618
v4,8255c867,23.3205377542,20.853039934,-0.0188643309135,3.272588877,23.933383871,32.9781369425,-0.0203412085983,2.52647801396,21.428248686,32.731648721,-0.000544379440176,3.16289479553
v4,82aab6d2,-15.5197019544,8.20655246496,-0.0074892121392,2.85413329196,-13.1826470905,0.267539222962,-0.00678787810127,2.26687789228,-3.47342624178,-5.25238854883,-0.00575981093195,2.34833479954
v4,82fcf37c,4.80171267044,8.3898841191,-0.00994938670011,2.02318674548,7.64388040218,7.01808292388,-0.00937659582065,2.49256819363,1.89345588693,3.55511970986,-0.00407973578921,2.30767421428
v4,833af382,-7.82921444322,3.18317662934,0.00820650922372,2.5597372658,1.72092858486,-5.84196406622,0.00581835263059,2.49693575304,-0.0783251338037,0.950337755712,-0.0092279554825,2.24572829907
v4,8382f4b6,-32.1191765653,-52.4982246887,-0.000505611537657,3.60977167609,-26.8959918524,-46.9919966882,0.000256399954305,2.66589469758,-17.8292280495,-38.2622151699,-0.0037327615761,3.13549327146
v4,84633df4,0.566283185841,13.6783973829,0.0204850833775,1.74679216678,1.51174441888,7.38251731238,0.0192169369051,2.32442044309,1.65812655275,1.02255266874,0.00964568801818,2.26920501676
v4,8478df29,-13.6933456866,1.25610985338,0.0152568054495,2.71091436442,-3.45133079538,2.42785788633,0.0148720655914,2.47128849722,0.92164268925,-0.700767610755,0.0110891306293,2.24865611964
v4,84815d5a,16.9309679188,0.395332663473,-0.0269782737971,2.98549935801,9.45724866208,15.7675938265,-0.0256667313913,2.22665731833,12.9822785225,21.3216076976,-0.0104988855659,2.76827423717
v4,84c3b497,8.27435805723,49.0748990407,0.018660791329,2.99375004589,13.3292141475,33.6265667876,0.0192212857141,3.11837840637,22.0054530084,31.4827409268,0.00362736618412,3.18359404501
v4,85380836,12.3417286189,21.7878512598,0.0182735682982,2.71904288048,10.7328742352,25.8905919675,0.0178591611554,2.48928824929,11.4475188448,18.0920816743,0.00506365642273,2.7184907686
v4,8612b37f,13.4973804453,29.4534638779,0.0317873703589,3.02611934671,5.47263591186,3.27867223049,0.0305181663322,2.58291111474,1.34738043383,0.351512180293,0.0107228540606,2.26691635415
v4,861e71df,-9.2737893617,-20.8106963978,-0.0258153606359,2.52888881993,-4.00504645488,-11.8061614955,-0.0264256522736,2.6345720985,-1.61334290429,-1.63013411858,-0.0173046049129,2.32063466923
v4,86454a6f,65.8288071321,70.1349314722,0.014524744964,4.26638266308,38.3146235595,62.0833249345,0.0139816007725,2.06764542912,20.7729956161,30.8921860601,0.00884235272131,3.1666222431
v4,8648abae,4.47177898209,7.73522053999,-0.0216026571298,2.06151172997,1.95693612678,7.27830048977,-0.021400142383,2.60624352612,1.51635194071,3.7367855564,-0.0149650316112,2.28830654837
v4,865033f8,0.1917289851,12.1599049543,0.00880400061309,1.93734625165,2.5356474408,5.52089482463,0.00840668587273,2.76654818785,1.62095951238,1.1542322543,0.0108293811134,2.27479281773
v4,87695469,-3.11150935313,-10.8169497457,0.00220468170399,2.08586996187,-1.44591673875,-8.48651758475,0.00251757432377,2.61730604739,1.18018302306,1.48773983523,0.011244179496,2.23038125103
v4,877ed19c,-2.30705231931,-0.853378631179,0.00204339902139,1.60180689855,-0.999157990257,0.282684556641,0.00380268417065,2.10752939007,-0.38415582717,-0.884395446401,0.00170412396601,2.23047767723
v4,87aa3730,-6.05773140717,4.12128947869,-0.0214294061706,2.31416618573,-5.0794011075,-5.40538529975,-0.0198882004737,2.27798489255,0.230303784588,-0.772978429607,0.00609434996075,2.2649627039
v4,884ecb5f,17.0991552647,-14.5711618434,0.00628614492787,3.04113146226,-4.62703783222,10.1970316556,0.00973860004941,2.58209869905,3.9992836848,4.58116567082,0.0131532127509,2.28514691412
v4,8902c3f6,6.54584392014,-13.4891083953,0.00298236680519,2.28564686852,3.38641772219,-1.8509881561,0.00273890599318,2.45957307859,0.270607782254,0.785998570174,-0.00474297412373,2.25191058568
v4,896d15b9,24.3098831503,45.5261222488,0.030803839796,3.42701480111,10.9752350455,29.5543811249,0.0273273233817,2.96626287324,12.0798515413,19.975783594,-0.00847662193215,2.73203090093
v4,8995c945,15.2220791196,20.0653923523,0.0360725185005,2.89312202415,15.2285465868,25.5344373254,0.0364461204155,2.65549146165,14.4258950694,21.3974294576,0.0164145650245,2.90031973973
v4,89969c7a,2.34853244391,8.89548116911,-0.00385682608279,2.2230366146,-6.69246679032,-3.40163784161,-0.00438431986679,2.41596002447,-0.486359040391,-0.780037633353,-0.00371655403768,2.30734977442
v4,89f1085d,-26.2911127794,-2.36318991051,-0.0035006596558,3.354472819,-8.63086017605,-12.2837210957,-0.000426695969851,2.49020678982,-0.204984298506,-1.44027823541,0.0056645545393,2.28448006192
v4,89f36adf,-0.461591080877,-2.09162362646,0.00551706352881,1.70073504241,-0.65750187116,-7.19518188398,0.00527083012984,2.29873363604,1.18018302306,1.48773983523,0.011244179496,2.23038125103
v4,89fdb2f2,0.518975873954,2.5975217495,0.0114388249812,0.988283172859,5.54756924289,-2.12122595941,0.0121741657904,2.12513733369,1.51664323477,0.938106690832,0.00894947319774,2.26588907526
v4,8a3da6d1,7.01040060962,14.1726345641,0.0325984977247,2.34298262278,8.22643200042,15.6991174538,0.0304845985364,2.8991095944,2.20486995207,1.83714365809,0.0096945207178,2.26242827322
v4,8a89da23,23.034772554,16.4442026451,0.00763397797202,3.22892343039,18.0462864402,27.7022091961,0.00831961069096,2.30129622876,22.7894251549,36.3353289084,0.00555305308769,3.2759772618
v4,8a9c8932,0.942877975552,1.92676096337,0.0162318968144,1.22287193795,-0.190263000363,-2.89275897122,0.0170559294045,2.31982775396,0.382432066257,-0.874963109805,0.00829561383962,2.26867844549
v4,8ac2f237,-10.867965783,-38.8722423614,-0.0020746444392,2.85940835565,-15.4794573812,-36.7825395502,-0.00149352819069,2.44321811312,-17.8637284242,-38.2060451481,-0.000370619154827,3.14562082608
v4,8b12bab6,11.5074512801,35.298971985,-0.0119647760858,2.82204868538,12.9400862407,27.0732278587,-0.0108859533517,2.75654597472,13.6181947835,21.3614931582,-7.49898951689e-05,2.8336479369
v4,8b5be31b,-10.332727433,0.357048369196,0.0131172299382,2.73622193997,-4.24667935837,-5.93519666393,0.0129212082544,2.60418898511,1.18018302306,1.48773983523,0.011244179496,2.23038125103
v4,8b95d6d1,-11.9682033507,-14.7281000316,-0.00711944233911,2.62623198414,-9.06180530695,-12.7673918114,-0.00639887424634,2.35095363343,-3.73372895055,-6.64770581827,-0.00553324007671,2.41549972449
v4,8b9d8326,-0.714270647413,-19.0329229151,-0.0181753711941,2.02584994881,-7.32047650182,-11.0218791042,-0.0186244559538,2.42313498861,-2.97769891762,-4.41245478662,-0.0121836044865,2.36598664317
v4,8bb9c1e6,-4.92747470304,-1.65957389657,0.00487389033431,1.92819551435,0.00184064502536,-3.29773743862,0.00386641824671,2.40015865767,-0.0550737643348,-1.15772369082,0.00334133740358,2.29181849828
v4,8bda1a11,-2.32361979602,28.0732929637,-0.0288134882777,2.62904834033,9.50538601825,12.5607714231,-0.0283262380939,2.64213545473,10.971440623,17.1982625212,-0.0105827832311,2.66163172348
v4,8bfa881d,19.0511738811,54.539799328,0.00651830544722,3.25453854196,22.2909070293,51.6089940457,0.00635807031916,2.39730068637,20.9098750704,31.5357789578,0.00494753332492,3.15701805977
v4,8c167025,10.4266374814,15.0461394295,0.00795276847407,2.62771470848,4.55896353503,5.54537811364,0.00623567093917,2.31528547724,0.626839529635,1.0989447503,-0.00624349494437,2.253778735
v4,8c8348e8,-3.26770576132,-13.1855274849,0.0164589905416,2.02037085413,0.158070123899,-6.9565239919,0.0156639765291,2.19018578752,0.0287410206549,-0.960839543992,0.00356819068672,2.29592866109
v4,8cc21f01,-3.16143669634,-1.30007981792,-0.0233381872405,1.90097340218,-3.62597900091,-0.679982413155,-0.0236424820843,2.52298795638,-0.770902998062,0.0785473965279,-0.0178470540918,2.28672736237
v4,8cc800b3,-13.2281371655,-4.06436950293,-0.0512562623913,2.70100084134,-7.73449248653,-12.0274324584,-0.0511653859414,2.26755630009,-6.54667963831,-11.1769905416,-0.0117686857397,2.51773992724
v4,8d5d46d7,13.0244152911,-3.76592272484,-0.0087051294513,2.73752346133,3.41790476793,8.54588486897,-0.00818047327365,2.36168958224,1.32403841123,3.7665215491,-0.0170244926934,2.29661808687
v4,8d92cb49,-4.54222346057,-16.3978996516,0.0117481926669,2.11162013569,-10.7818258383,-14.2179083197,0.01133071604,2.38151073916,-9.30039995525,-17.1959734325,-0.00485827357488,2.65754747766
v4,8f201368,29.6339155773,6.71554431562,0.0255248015636,3.47132938339,15.0473122698,34.2177428437,0.0251448316167,2.66459231425,18.3304372275,28.9214174014,0.00250416422276,3.04548270108
v4,90386ee4,8.29030989583,4.39595065169,-0.0280674289156,2.41170445027,4.16144241052,8.8671126299,-0.0271017966337,2.47119515818,1.37088513243,2.97902662499,-0.0158240751088,2.26431374316
v4,91abc4c7,-1.88215800273,8.58853783394,-0.0484183939471,2.08279091971,3.24550965525,-9.21781244639,-0.0494010182872,2.59821947396,-0.839103410403,-0.33004334515,-0.0194452300618,2.21448545437
v4,91b301ce,-11.8347671233,-101.519872507,0.0453618673082,3.59223299755,-37.1233553335,-78.2262548998,0.0468001835635,2.71482206308,-16.3762706288,-36.4866173981,-0.00390070852871,3.08564372048
v4,91db7070,34.4789221704,72.1166922371,-0.0169031801788,3.73307519697,27.0346458224,51.4669761791,-0.0158484249489,2.91487238731,23.4353847118,35.4094598978,-0.00562208432202,3.22582342374
v4,925a7cd1,-4.05118441443,0.116187770503,0.00593904102442,1.72500761919,5.76218194284,-9.04688055964,0.00532379645513,2.27279959906,-0.0514952827806,-1.75036916996,0.00777980122611,2.28730247063
v4,9283ae69,2.66566894097,-6.47188885522,0.0220084278928,1.97036362204,-1.13129725343,1.55014199829,0.0223039034201,2.42247540612,0.451042231782,-0.978620699809,0.0121503440124,2.23693456355
v4,9298ad5b,7.79057517659,-3.53544529772,0.000925384432801,2.64546424454,-5.2604320527,-8.59598693152,0.00108177950717,2.44138466491,-0.159875510952,-1.34719598043,0.00530831731962,2.27322050039
v4,9314ff13,-3.07708879185,2.22843029859,0.0385946171955,1.82290532446,-0.74432243632,-8.92897826772,0.0386514906135,2.1221803731,0.820703407886,-0.754042669546,0.0120858593053,2.2487284896
v4,93209a3d,12.4303342559,-0.440581105137,0.045586489426,2.68499307078,4.72771620538,1.29719123863,0.0444714750116,2.68057179729,1.41629029525,0.81326124688,0.00972021760805,2.26215322364
v4,939d9c34,-4.7473573809,-15.9381229974,0.07568010552,2.81714863419,11.9955750045,22.1080811775,0.0747196618625,2.84643607763,16.482941095,24.8994513548,0.0111406387324,2.96575974688
v4,93f5d2e6,-13.045310214,-46.4846461907,3.03586525807e-07,3.04954379439,-19.3676736156,-45.2343674934,-1.49437213921e-06,2.44421964591,-17.6071624927,-38.918549391,-0.00166211287423,3.14360007327
v4,940a48d9,-6.74250063083,-17.2902088517,-0.0268576671735,2.40363163217,-4.20768843679,-11.5835542181,-0.0248416505506,2.3821376331,1.23226703979,2.30955549948,-0.00883542779753,2.27261115249
v4,940e709a,2.2708781362,3.79508776492,-0.00333099759826,1.73200169012,-3.6482392117,6.06616635792,-0.00336904717372,2.21271312106,0.952289555027,1.45021291536,0.0059567877242,2.23579167992
v4,9426ec1e,-10.7388586098,-17.1079691298,-0.00778357565678,2.57103948616,-7.14920400735,-20.0294269389,-0.00513655624516,2.35572155426,-6.10051665773,-13.2528758327,0.00278927797242,2.54061631228
v4,94467f50,-0.644438220758,-5.5653426884,-0.0283293178261,2.17422039548,-12.4764356775,-24.2406249769,-0.0293295074543,2.56892198605,-17.6821961955,-36.1014957027,-0.00967291658411,3.10680479674
v4,944f36b9,5.71198920086,-0.585462424557,-0.0056646390038,2.01664495019,6.1556456219,2.91087123559,-0.00654166310849,2.26934618429,3.73288744012,6.11951472413,-0.00645700107044,2.33103862095
v4,94d813a4,-29.4218836394,-72.2129797599,-0.0238511480969,3.63048050368,-25.2046474137,-49.9527026857,-0.0241358852594,2.4348925531,-15.3189978321,-28.4753646069,-0.00911469659194,2.97577527137
v4,95b559e7,19.188960859,13.1035947321,0.00355934194471,3.06261300897,10.9056083061,4.09531588844,0.00328925002722,2.31585128877,1.96519041701,1.74153146585,0.00821409281857,2.27438116564
v4,95c8427f,-25.6563567482,-0.890680290474,-0.00257703926132,3.33987810723,-8.92351969273,-12.6219222769,-0.00245691248159,2.42015427975,-8.44687808424,-15.5439636605,-0.00511849490153,2.6232622904
v4,96936c22,0.206616855946,7.85281858784,0.0128513491496,1.62527687985,9.43627871214,12.9334797138,0.0120929554362,2.21034194284,1.98390507898,3.04195148698,-0.00181168516363,2.29605209257
v4,96ae5806,-6.05112003253,-11.9183321922,-0.00793922853456,2.24608553703,-1.5666008083,-7.1023579515,-0.0108571704378,2.41492916263,0.0342895481818,1.15915246393,-0.0105929660838,2.23914398204
v4,96b7eea1,12.1006555863,-0.297274188362,0.0119795144722,2.59563201251,10.1028456848,4.81509280216,0.0135652488358,2.92047643891,1.18018302306,1.48773983523,0.011244179496,2.23038125103
v4,9719aa04,3.50752001642,8.05142676623,0.0121362726776,2.08896646714,4.62543027166,7.49028466808,0.0110712540905,2.30744976665,1.33087247002,1.98865040146,0.00690224101157,2.24117906105
v4,974802e7,1.48711278453,22.3972708564,0.0101808492268,2.6949727724,15.0729819786,25.1471146683,0.0112640059971,2.53227901985,17.9796257913,26.3617641152,0.0121856812435,3.02790151027
v4,97cd5bf9,2.30832125254,26.9048414083,0.0183197203998,2.32961027007,8.13771235838,17.6097980845,0.0171692895142,2.30288662481,11.9608483996,17.5285653904,0.0137640948211,2.74662957091
v4,98177ced,0.448193629506,5.75278584536,-0.0417316622229,1.91395732527,-1.01215950637,5.99582805335,-0.0417385120588,2.44037780031,-0.686284561689,0.155367914062,-0.0189881457007,2.29357685464
v4,9896fc0b,-8.24726842837,-35.2277150814,-0.0209419154414,2.82225747954,-18.7001649119,-39.183067925,-0.0197968207141,2.29921829211,-16.1791678328,-35.2311457373,-0.00743744866207,3.0634368011
v4,98bc6f66,16.4842503711,0.931528156207,0.00788303969791,2.92559903044,-0.642351365518,-1.95585454895,0.00777679507735,2.3722370842,0.92164268925,-0.700767610755,0.0110891306293,2.24865611964
v4,992c99e8,-9.90011011419,-31.5565638385,-0.000813792036898,2.693211268,-7.60666751141,-16.2410254231,-0.000575269992644,2.71901431992,-8.15029002178,-18.1274340227,-0.00299362222214,2.65152695447
v4,992ce078,-3.52491142758,-9.91955687739,-0.0164173757914,1.79589155509,-2.0106830857,-2.62174893458,-0.0175098554108,2.4140061318,-1.47975732044,-1.27966053826,-0.0163996009629,2.23846718816
v4,99529c45,-20.5546797945,6.44814729193,0.0144490579096,3.12128703489,-3.06065496973,-1.07622748127,0.0136760672566,2.48614535119,0.710562660276,-0.209806171532,0.00667503625146,2.24140045321
v4,995ff498,-1.33526955369,-22.3530368211,0.00421843452129,2.23470341097,-8.07342398195,-15.0520300311,0.00425653113642,2.37988788612,-8.73074617788,-17.0008149178,-0.00212103171941,2.65263692402
v4,999daf80,3.52432379349,-8.84277817445,0.0399601186512,1.81182765006,2.88126728184,-4.20610304132,0.040427051352,2.40877293168,1.00476207982,0.10269622386,0.00892957664974,2.26358941389
v4,9a6b0392,-3.58873560517,-15.9412134618,0.00232071799393,2.07619266147,4.35227375709,-24.878945355,0.00298156438725,2.13007947463,-7.93253217519,-17.273334966,-0.000907179621262,2.63095192046
v4,9a8ae0d6,-2.3627041627,14.7200601958,0.015017679277,1.93690064057,5.60501310828,15.064783864,0.0159342938546,2.20375452417,1.45942314188,1.43136247222,0.00402027601029,2.26600812505
v4,9a95e33f,-30.1066883822,-18.7922516157,0.00498292591487,3.50523686912,-7.30554876837,-7.15082374367,0.00602672493533,2.72617869857,0.710562660276,-0.209806171532,0.00667503625146,2.24140045321
v4,9ab94eeb,-4.64025213868,-16.5360327316,0.0371833347129,2.21982552132,-5.6527705499,-14.7460332157,0.0368061054872,2.16569313753,-8.15029002178,-18.1274340227,-0.00299362222214,2.65152695447
v4,9ad5410a,-6.09666587396,13.7967188304,0.0108297103642,2.28078695544,-8.0725746135,-0.843023102209,0.00854448396117,2.90719196187,-2.49183605501,-3.63170387232,-0.00687574256255,2.34920508572
v4,9ae248be,-5.26933029786,10.5637585405,0.01938901997,2.20904378172,5.91047149475,12.0887442679,0.017978323303,2.5271947876,3.18167759357,5.13072870802,0.00374684380283,2.32224099935
v4,9af1ffd0,-12.4998099291,-41.6414233765,0.00266797673486,2.9511560448,-13.9282467611,-29.194387583,0.00261735348503,2.25140845651,-15.3589383205,-30.9653699493,-0.00136428840642,3.01443237789
v4,9b5b61c1,1.71734996385,1.98138794133,0.00705200178091,1.86097177147,2.04889573924,5.54338954187,0.00702475508469,2.45084239216,2.32282928721,1.61932458786,0.0119100643193,2.26708719773
v4,9b9e3b49,-0.78280382962,-9.58394221514,0.0168775473079,2.18871307624,-5.54628078058,-2.50734013978,0.0163132384223,2.52399282848,0.554841024992,0.0210843316142,0.00319249937805,2.24358706506
v4,9bd2bba3,14.8856244119,2.92437471434,-0.0197309917119,2.81380788625,5.98666269909,-0.712814980708,-0.0198319240376,2.50327520556,-0.366006734117,0.0951929318065,-0.015812496448,2.21119504288
v4,9c211c53,3.33952787337,-10.8207050148,0.00728114437013,2.01042722466,-3.70883224057,-6.15387756359,0.00808440483191,2.40131164451,-0.159875510952,-1.34719598043,0.00530831731962,2.27322050039
v4,9c350a6a,13.2714325843,19.2140449498,-0.00780145280317,2.91223906091,-2.25741331725,-8.2522728604,-0.0104938085377,2.43650330787,0.0342895481818,1.15915246393,-0.0105929660838,2.23914398204
v4,9c8375f7,-0.727237343494,12.3805021097,-0.0215711273923,1.9340047126,3.52532050491,7.45925653787,-0.02192709541,2.45776872618,1.29942563925,2.922692974,-0.0167542636559,2.26761100191
v4,9d072e4c,5.95755433718,20.2943225499,-0.00325205513837,2.39705898402,10.4469327294,3.98732098292,-0.00314823970606,2.68370196018,2.32899097426,1.76906364488,0.0107745674351,2.26981186719
v4,9d3ec64c,-7.42470402299,-0.101149317972,-9.55558632468e-05,2.32119846712,0.847241113398,0.854373084607,0.0008668502171,2.24302418552,3.37670529268,3.74185039615,0.0102794015699,2.28871438715
v4,9d4272e3,16.4920322581,18.6356713966,0.00462845831585,2.93216998793,13.6558827203,21.6565810623,0.00390848153333,2.26491171658,12.1337151726,20.5442899022,0.0016745778729,2.76515959424
v4,9d5e14d4,-25.7025444444,-39.6694530642,-0.000840081475006,3.38585212761,-17.3507406806,-29.5478943688,-0.00149513346085,2.70267672848,-17.8292280495,-38.2622151699,-0.0037327615761,3.13549327146
v4,9da441ba,14.0745063116,-0.116350556754,0.0240884772503,2.81051832399,9.79820695216,8.44372873307,0.0217736894009,2.22220688316,3.61559160264,5.30305614295,0.0027493268375,2.30930296618
v4,9dede370,16.5539590281,20.4791995674,0.0113656539347,2.9794059544,10.9556400243,16.4995375967,0.0122612317358,2.54295587488,10.5133411468,15.9646558097,0.0137601377438,2.64772126161
v4,9def2eb2,2.77333499917,-2.44751201681,0.00355575405761,2.11064860428,6.04887399303,6.03583015297,0.00466894569038,2.40861994511,1.92460315388,1.72213965061,0.0105104912948,2.27938495627
v4,9df1b1f9,11.8345926399,3.98932273657,-0.0322072258419,2.60950123792,5.92022864359,11.6737322508,-0.0325706294699,2.73251841955,0.502423104421,2.86636616087,-0.0159068609871,2.27154834833
v4,9dfff011,-0.947754109747,11.0436052263,-0.0638653266423,1.76575246502,2.67956965201,7.01139208151,-0.0539818305243,2.44820398935,0.992302217435,2.44058913889,-0.0167695283961,2.25892636203
v4,9e3e364d,2.10326806527,3.95719936833,0.00700989044334,1.62870451838,15.0691440422,14.5591670365,0.00624494317303,2.24602948711,12.3319665369,22.3489273535,-0.00984000618952,2.77500416534
v4,9efc812e,4.57383370786,6.42189864265,0.00518752365334,2.16871339722,-2.743102287,-6.03773482164,0.00292860762461,2.70358291015,-1.798464919,-3.05397998847,-0.00705170785313,2.35567996849
v4,9f0c7bae,6.92672698662,6.36291106888,0.0339246044723,2.18585556496,11.4274063192,9.41784928169,0.0339045267265,2.18664232478,1.18018302306,1.48773983523,0.011244179496,2.23038125103
v4,9ffce529,-5.86441097467,-26.7934329188,-0.0519197398222,2.4919549267,-13.0162830742,-13.5412096143,-0.0496525257262,2.51149936915,-8.9016611656,-15.1510616187,-0.0151249942187,2.61926422871
v4,a0383629,-6.88866083676,2.47205079267,-0.0114908137981,2.24243430353,-0.200728022372,-3.13223588731,-0.010835143793,2.4108754293,0.792175853839,-0.300012242607,0.00776448444102,2.2413983321
v4,a056d01e,0.0526978801274,-3.80555416287,-0.00135841799977,2.26011707805,-10.301853963,-24.703125492,-0.00229523382579,2.55577534821,-9.07091126942,-17.465829146,-0.00200221704933,2.66683449519
v4,a08d9e63,18.5447137042,-7.38073747084,-0.00247538645468,3.11185106691,6.09966927855,17.583782103,-0.00417274177804,2.49541549677,7.67911690845,12.6987371715,-0.0103400150532,2.51485978715
v4,a0b83014,16.1893147964,1.7209167882,-0.0116208616523,2.91876693717,3.81178731917,5.33534012759,-0.0119378568348,2.36754522855,0.955451880577,2.74557121216,-0.00878358352671,2.26828575167
v4,a0e92ed6,-1.05761486624,-20.4775943755,-0.00214233861393,2.20987120035,-10.9951877468,-13.558161147,-0.00291847408008,2.43621454525,-9.16899307337,-16.1720260462,-0.00876432205577,2.65864801624
v4,a15bc102,1.56940358467,4.62309468548,0.015344125857,1.2750634813,4.61542811558,5.56489320818,0.0139996460217,2.43112531951,1.23165458914,-0.184894831209,0.0113561056458,2.2524906166
v4,a247e7cf,-1.63436376454,-10.697085675,-0.0199738150449,1.64888269596,-0.414443960032,-2.35969314225,-0.0199576306284,2.50966526505,1.06376171062,2.49692278988,-0.015839339849,2.25562910327
v4,a2e8e7f6,-2.16188655462,30.5626209433,0.00293103217185,2.45945467393,7.11863158012,21.9764242682,0.00181948637443,2.50262500562,11.2511457153,19.0102912513,-0.00451818199251,2.70819872981
v4,a3518960,-4.81020535535,8.18854954779,-0.0483555081687,2.09194749749,2.48384438731,8.49658652875,-0.047390603766,2.19001856242,3.78941279639,6.93598633573,-0.0135845266305,2.35134054124
v4,a3f71395,-9.93482229839,14.776512422,0.0003230881265,2.77816038314,-4.15866769194,-0.603547169999,-0.000584552645703,2.66675778358,-0.529206235151,-0.209228614115,-0.00456377284887,2.31307882258
v4,a4719920,2.89800815772,12.6655327403,0.0064967798345,2.10479868997,2.43776488311,3.83224069438,0.00604484941321,2.34998044129,2.32899097426,1.76906364488,0.0107745674351,2.26981186719
v4,a48640d9,20.8741129744,7.11389170794,0.023190036822,3.11912676976,7.26249614301,4.97294164506,0.0189680091716,2.2216847591,-0.358403547466,-0.834303545978,-0.00712399864789,2.24174566828
v4,a4cdbb0f,-0.841464258262,14.2155737528,0.00143028550978,2.49733093447,1.12157293607,0.367703273465,0.00143782169157,2.77650487497,0.999900000571,1.65250155292,0.0036255616856,2.24100968052
v4,a4f989c2,-9.15071494893,-1.40007673252,-0.00488465797393,2.44917468882,0.991864946063,-6.85537631821,-0.00377895656634,3.80914713338,-0.397145644246,-1.00016149748,0.00216892151153,2.29125328211
v4,a5aa7973,-8.48812391681,-36.2773338041,0.0026461865384,2.71864577292,-5.68232658963,-22.8811691907,0.00410066574643,2.5099169213,-8.51101656535,-17.8403026536,0.00100890723918,2.64272625133
v4,a5e6f7dc,-4.04253142149,5.12626250899,-0.0215940146331,1.99481164414,-8.5679363139,-10.9019964293,-0.0207256527256,2.29381186487,-1.32027682436,-3.24729510331,-0.0026796968831,2.28967598122
v4,a612d5a0,18.2031469319,9.11987937713,0.0210454081969,3.0084955414,9.33134447266,9.2444574245,0.0208981011255,2.39404560329,7.85954447819,11.3134032763,0.0126974711941,2.4733757974
v4,a622ce4d,12.2339806288,-6.28066574657,0.000572207264569,2.72366746858,4.78565478691,0.47654353429,0.000288870524,2.29758307009,1.89461868509,1.49743677002,0.00837231940837,2.26084328819
v4,a645da9a,1.81373374733,-27.1891332987,-0.0404711268928,2.29768235228,-3.16275616974,-8.3949546627,-0.040009963195,2.4626977262,-0.0170851700343,1.15787589964,-0.0118021463832,2.23290074646
v4,a692b17e,8.71777061133,16.8225802658,0.0199620925065,2.64887055381,1.20258163181,9.89226673709,0.0184811040965,2.27468729972,0.504317804206,-0.424832489803,0.00767547343914,2.23782275386
v4,a6b8ac67,6.51213643866,23.5592558148,0.0136222625537,2.47451132861,6.57458926017,13.7212119241,0.014509998768,2.54983144837,6.68343007611,9.64363026581,0.0136333714525,2.44205352611
v4,a6ed2eff,4.15260473934,0.446401440126,-0.0331395821703,2.26515139282,5.98316049344,11.3746099908,-0.0326267187901,2.43417100108,1.82409750766,3.97403267447,-0.0170001629331,2.29078495704
v4,a6f967fb,-12.5520856531,9.04489519322,-0.0566354448377,2.69211146692,-6.99126655184,-2.5811393334,-0.0573762462046,2.49108375818,-1.71602806818,-1.68371859031,-0.0180329636915,2.25668049471
v4,a76db406,2.48500856164,5.37330829393,-0.0595192537163,1.54848127181,10.2187004296,17.933419463,-0.0604257867744,2.58093588928,10.25093158,19.1193508035,-0.0134051188475,2.67863464694
v4,a7744f5b,9.47903129998,27.9708751183,0.00127562408687,2.64510675517,9.53214470195,20.2685262544,0.000830921465119,2.38887160704,11.6168350167,18.3136516276,0.000271335183279,2.72090824091
v4,a783cc24,-22.449454738,-49.2885604376,0.00280003963909,3.32234289621,-23.0124857392,-52.8138251901,0.00385482523604,2.52356783849,-18.0282003836,-37.9591126486,-0.0029673645036,3.1440640535
v4,a79fd2e7,-8.43744550409,-11.1636793494,0.0367153391365,2.59333804814,2.45168256915,0.784544342049,0.0346762058561,2.40041503346,0.434915835015,-0.439400504217,0.00930453842436,2.23364860568
v4,a7fc3e6b,14.9880982368,11.1370885101,5.4482569019e-05,2.95227813877,0.165348454704,1.07957493598,-9.32397233796e-05,2.32480232089,1.18018302306,1.48773983523,0.011244179496,2.23038125103
v4,a85bb86f,6.29073249435,-3.89775762421,0.0579849152481,2.1831144638,5.64968409751,2.14594218215,0.0558203256203,2.52006452857,1.34738043383,0.351512180293,0.0107228540606,2.26691635415
v4,a85e4bc3,-4.98693080114,10.9850414237,0.00778820736494,2.36447747145,0.809233215012,-0.193348123311,0.00802329929125,2.30517766912,1.51664323477,0.938106690832,0.00894947319774,2.26588907526
v4,a87433c9,-7.91225135466,-2.4393060501,-0.0109625443617,2.35899931194,0.715609409716,-2.15728926031,-0.0116701139902,2.29297054968,0.722063986613,1.03920306369,-0.00410500722977,2.25179273792
v4,a8ed028a,17.5125532683,3.83858339672,-0.00234132597368,2.99795585509,8.50638410975,15.1418410259,9.70373298384e-05,2.50915936883,9.65132022329,16.8423514651,-0.00203369205964,2.60389404569
v4,a959858c,63.6659218892,34.3999010599,-0.0910723838377,4.19507425702,55.3848439595,3.74534771382,-0.0906873577192,4.37904429054,21.428248686,32.731648721,-0.000544379440176,3.16289479553
v4,a9c9b150,-0.098575012543,-1.32065359684,-0.00850499588676,0.771510835218,-0.228114839629,0.837404254437,-0.00833843440172,2.40911056731,-0.364811941296,-0.361305393549,-0.00171600180866,2.26210833371
v4,aa95015b,9.46732093023,9.31191677219,0.0120666062674,2.5435725141,6.05826852253,8.15707734398,0.0123671825882,2.28802497738,1.18018302306,1.48773983523,0.011244179496,2.23038125103
v4,aaaf3c03,-1.96067067067,40.1787023181,-0.0133526457619,2.77755090469,4.97912883791,15.0978799405,-0.0178135140218,2.27150597734,-0.221342010074,1.58700548397,-0.0160842579265,2.25282539268
v4,aaeffccb,-1.89717920354,3.34091952383,0.0311385892832,1.75026481677,5.62449219979,4.13697942263,0.0298425491368,2.26489953893,3.9992836848,4.58116567082,0.0131532127509,2.28514691412
v4,ab112491,24.3997242044,15.424656959,0.00169462097207,3.37430695262,8.97391203274,25.82932889,0.00243213612699,2.54437003011,12.5208695354,20.1426629367,0.000922159279165,2.79416010808
v4,ab18d3fc,-12.4486845803,-34.7187431657,-0.0045904779364,2.86777905354,-12.6792668524,-33.3819501643,-0.00337279247761,2.47848624404,-10.0074195308,-19.6920422602,-0.00131468334079,2.72276022061
v4,ab3ced07,-6.24644,1.88248739259,0.0351359791892,2.37931688956,6.76867386374,4.08074424236,0.0337805944076,2.64380312954,1.18018302306,1.48773983523,0.011244179496,2.23038125103
v4,ab6fe95d,3.83488617738,12.1130163123,0.013907156667,2.03856494147,4.90279484272,6.49148898944,0.0140896031746,2.4681971424,1.18018302306,1.48773983523,0.011244179496,2.23038125103
v4,ab94878e,3.82175716189,-2.6281829538,-0.0361596114569,1.95872345693,4.56093773807,1.10951919599,-0.0333280682693,2.46525723017,-0.254625642728,0.23068922818,-0.0141735059183,2.23862798128
v4,abf460d2,5.91210133665,19.0700075365,0.0230626722965,2.23547015175,17.5812182767,22.0953279624,0.0221816769482,2.21688810313,12.805827756,18.0162893386,0.0106033574626,2.78246530846
v4,ac6f01d5,-12.4391706635,-20.7622130651,0.00436621725679,2.83100677614,-3.5749423654,-21.2316279857,0.00361731477846,2.71723875865,-6.54006213515,-13.6912993716,0.00367058337304,2.55619665677
v4,ad2133a8,-24.3827509164,-4.42896192514,-0.0570344085692,3.37033255637,5.00538235968,8.83255462775,-0.0569737921773,2.7438780853,1.29942563925,2.922692974,-0.0167542636559,2.26761100191
v4,add9c322,-11.4091531027,-6.87627067082,-0.00143966913002,2.5875222168,-5.79017976433,-6.51779603127,-0.000861475534457,2.49333079828,-0.00774722928298,-1.44918066063,0.00750958119849,2.27693624199
v4,ae069086,-8.28477777778,-12.7823472183,-0.0189579725018,2.74634211286,-2.61469349017,-18.1153636583,-0.0164579610319,2.85905580053,-0.432264068954,-1.17591839269,0.0030595679095,2.30380635315
v4,ae0784a8,8.91897353956,9.34028444127,0.0098160941839,2.47463533821,7.73254160275,6.77264662512,0.0085318866009,2.5877339868,1.32743622474,2.05793441705,0.00576975979335,2.24375549635
v4,ae35f33a,2.83387191011,-8.90171670146,0.0102960988869,1.80749713757,1.82657950628,-7.80389899755,0.00912931003101,2.2931033738,-0.741948979861,-2.78901749758,0.00631319592671,2.29947415177
v4,ae8959c3,18.1089464365,25.2268263113,0.0106939436782,3.0334138108,11.6444562231,30.3833161555,0.0105296019411,2.49985299499,21.9390396624,31.5479344272,0.00325643417306,3.1859335658
v4,aed44918,8.24302317028,7.73728703243,0.00380653430657,2.35029890533,2.14558527437,2.62228030595,0.00306323477867,2.39241939531,0.92164268925,-0.700767610755,0.0110891306293,2.24865611964
v4,aee6393a,3.23974083546,7.03510454019,0.0162791054917,1.73442758035,0.54351430966,1.7762539693,0.013820160402,2.40049229981,0.625901946239,0.247082925729,0.0020445545407,2.25438077724
v4,af7a59ce,-3.45691468254,-2.69300497836,0.00127988109329,1.63218907642,2.57580133677,2.78592684022,0.00148127436125,2.44824062841,1.16150740775,1.54732398326,0.00153320435435,2.27841899762
v4,aff4e561,9.6311085297,10.2230147674,-0.00680627737147,2.47249108237,10.6544303595,11.6263051364,-0.00569034836733,2.5812038492,12.2401108418,19.8594409788,0.00565274416645,2.75806965611
v4,b04b58a3,5.34544973545,-12.9049013916,0.000290308204527,2.64323910006,-0.12077966285,-6.14002254602,0.000253890070647,2.2369791621,-0.079376787664,-0.436456347398,-0.00324795249236,2.30582448416
v4,b0d42b0d,17.8991088312,-12.1897482729,0.0300471849443,3.03482043077,3.8798521178,-10.116864969,0.0293059754376,2.44680193135,0.820703407886,-0.754042669546,0.0120858593053,2.2487284896
v4,b0f53bf4,-6.97197096189,-5.16442562013,0.010919223786,2.32545438801,0.712889049714,-1.69462770987,0.0111773775134,2.29465524286,0.92164268925,-0.700767610755,0.0110891306293,2.24865611964
v4,b19b0395,-8.09266471701,-8.84487420015,-0.0402557226211,2.40199936094,-11.6863878245,-7.00287007966,-0.0381904031495,2.59720563044,-5.25822915175,-8.67213301078,-0.0117393078826,2.46848745497
v4,b1efb8a4,5.3679393131,15.16336473,0.0021535400005,2.2519975417,0.915873946624,5.83927312955,0.0018771212936,2.43401522819,0.53957946667,0.278738877554,0.00114751897425,2.24995558021
v4,b32902c0,1.10968487395,13.3158453497,0.00724743268409,1.81733241246,8.55455475509,20.1894030176,0.00558952650608,2.3918200515,11.4557331563,18.0469042869,-0.000828754592114,2.73368006802
v4,b32e4903,1.16985615251,9.9444760088,-0.0242399773789,1.92628434605,2.5454996424,12.8949746737,-0.0223334627034,2.39367772346,1.74190972372,3.73220226983,-0.0156793539868,2.29360274969
v4,b3388334,-6.75586842105,31.6182318503,0.0214962130925,2.72327416744,9.27589373883,18.7864536232,0.0239560336389,2.82799558438,12.644621033,18.1381714444,0.00998205303012,2.79502966557
v4,b37fd114,20.7529310134,31.8909337713,-0.000808748017243,3.25727967373,7.81169912588,15.8800492291,-0.000239845033732,2.71888343853,13.0248353699,19.3129275673,0.00557686358987,2.7759292491
v4,b38e3116,3.27253582354,4.58675529042,-0.0145768791711,2.00207967702,1.83473023841,0.398684870903,-0.014368351082,2.52707265853,0.616799842858,2.64060715217,-0.0179047173679,2.28455411713
v4,b4d8dd4f,1.05958440948,43.8655167483,0.0556155742397,2.89582457669,12.2566287994,27.4065134147,0.0554176587041,2.77161156139,14.1243097604,21.0069507884,0.0134658631814,2.87020585337
v4,b4f37e6e,11.563967246,30.1257691767,0.0410899835677,2.76939316165,18.4235447605,28.0729928338,0.0403119873657,2.58823176345,21.4023180451,31.2815671346,0.0133828154907,3.15968170419
v4,b56bc0aa,7.90101570868,0.947864187996,0.0486311261812,2.28121110347,-0.093236215469,3.99448466935,0.0480088972673,2.652603676,1.24089629821,0.560630937967,0.0106963351884,2.27036912555
v4,b585b4fa,-4.15483465301,15.6605150582,0.0262331726532,2.39551223686,-11.6328898486,-15.4599302012,0.0250664792931,2.50937002033,-8.79515486376,-19.8036293649,-0.00133081192538,2.6882283527
v4,b5aa9634,-6.98763581764,-11.2759715332,-0.00639366192007,2.52402015972,-11.6422901085,-27.8867277934,-0.00613369138736,2.43051292823,-17.7398052786,-38.4979514275,-0.00404368217589,3.14358706381
v4,b7974e66,1.28785534365,-1.33574479943,0.00573764260003,2.07605631736,-5.44426137212,-1.59937670891,0.00601466603093,2.67072476568,-0.264984397516,-1.08504119034,0.00456145974958,2.24716696862
v4,b7cdcecb,7.33551070039,14.7927991328,-0.0232434378707,2.32965063735,9.38001138429,11.9872154581,-0.0223019424481,2.54085749277,11.3226566142,18.987228629,-0.0035860925074,2.71181504034
v4,b7fea9ef,-10.3127211588,3.10207818394,-0.0103555835466,2.49717069179,-2.28241630999,1.04927058329,-0.00991778298495,2.42166053747,1.29270145419,2.22008655526,-0.00493344159152,2.29215747315
v4,b85f7b06,2.77873520905,4.37016012595,0.00301456646623,1.51948369012,7.77592623373,3.46417414649,0.00353787221874,2.41574745011,1.78862843852,1.49844920599,0.00764821592521,2.27091847128
v4,b881d27e,17.9941481666,9.72090221192,-0.0304495568989,2.98493188167,10.9258908423,18.9276401389,-0.0299334175078,2.5111385407,13.0700459369,23.5969498636,-0.0123013197705,2.80996033082
v4,b8c49c1a,-1.78470710813,19.9576055736,-0.0118261598645,2.22537507037,1.93543240179,7.08829794695,-0.0123323272769,2.31932573885,1.08761075826,2.3509678033,-0.0125779252633,2.24711384391
v4,b95e7121,1.93262448462,-0.415036507395,0.00234826059213,1.48624375766,3.75617035916,-1.64995175933,-0.000446890403597,2.3494843461,-0.527978830308,-0.979238656477,-0.00536910696145,2.24698813728
v4,b977be4a,0.231984113572,-50.8013445727,-0.00635597946168,2.97442547529,-2.57130304612,-17.1677142936,-0.00541222474515,2.498102887,1.18018302306,1.48773983523,0.011244179496,2.23038125103
v4,ba48188d,-38.3416466635,-113.847666263,-0.0079668430222,3.95003534026,-43.156146663,-88.7863501104,-0.00972263536198,2.39038584633,-15.5840422505,-29.5273027981,-0.00637251301206,3.00325791405
v4,bb2cdd83,-0.410308496733,6.7869783422,0.0248371712587,1.39070314744,2.60693517494,3.74677838577,0.0250928195172,2.33037802764,1.77980586414,1.36913893837,0.0095320568578,2.26847997505
v4,bb337fa0,22.4812803725,12.7601851624,0.018990024707,3.22222306745,18.1391706886,25.2955668972,0.0202166681045,2.49842415054,18.1024735671,27.3322289965,0.00915538409348,3.0359784539
v4,bb682ebd,17.4580357574,27.2059654191,0.00875773822788,3.03832354049,12.1956828666,27.1874359765,0.00790558118421,2.80834414836,14.3625609068,21.5934013012,0.0105952216573,2.87941081787
v4,bc4381e2,11.8622139253,8.12007980297,-0.0209162348426,2.60995000231,0.434192296892,8.85212983908,-0.0184247924445,2.35862247677,10.4420480733,16.0933187643,0.0105760026213,2.63968489948
v4,bcebcc5f,22.8529610099,7.81055546935,0.0100237613264,3.22849093976,20.7300939377,24.3186180741,0.00980915036531,2.41171287606,20.7729956161,30.8921860601,0.00884235272131,3.1666222431
v4,bd2c2f34,0.749251756084,1.22707337794,-0.00457809146488,1.89665111628,-2.65112932608,0.348565774012,-0.0038724365184,2.52123044866,-0.131838086411,-0.355840026984,-0.00323445013263,2.30292485376
v4,bd4ae5da,-12.8596144626,-10.8629684618,0.010139338777,2.71153955066,-8.99089748346,-11.364616186,0.0100673713634,2.4898040193,-6.56333005324,-13.4804849637,0.00372809117836,2.52265656568
v4,bd6f0e19,9.28066342412,9.5269710983,-0.00125615810418,2.40857889413,6.32806727505,2.10651071361,0.00066610550077,2.31720842745,2.32282928721,1.61932458786,0.0119100643193,2.26708719773
v4,bd8f847e,2.45841564201,20.9290713953,0.019426172279,2.12700975782,3.61232218913,10.0017927286,0.0167434307857,2.50172271601,1.78862843852,1.49844920599,0.00764821592521,2.27091847128
v4,be063506,-9.03810666667,-0.534367491669,0.00999913709684,2.36892366616,-3.52485762307,7.06165013414,0.00893300102149,2.54391905394,-0.64570304086,-1.34089878537,0.00270199309261,2.24452992696
v4,be35c8f2,0.871341694273,-11.726892064,8.31359876154e-05,1.73602389891,-6.42353871014,-11.9617871779,0.000487084789076,2.38857916085,1.18018302306,1.48773983523,0.011244179496,2.23038125103
v4,be83e781,1.6237286557,-2.84896716555,-0.0278232762273,1.42402293271,10.5848371188,3.89956123573,-0.0264282902937,2.66755652582,1.3589959826,3.73035971656,-0.0160677267155,2.29417106697
v4,beda8696,3.0063988498,-15.7777310532,-0.0236495684586,2.38139213443,-12.5049288764,-23.8517979559,-0.0232126191069,2.37654804085,-10.4346590678,-19.5623864416,-0.00577425474417,2.73317707294
v4,bf39bc20,0.138410535876,-7.95504114683,0.0223317162676,2.2409020324,-7.68033305863,-14.297273518,0.0220138060712,2.44870598331,-8.78464766478,-17.4973893784,0.000356797982638,2.65745669151
v4,bf70b410,-12.2646132031,-40.204419101,-0.0145568965084,2.99173829444,-18.6730771271,-36.1734251948,-0.0142406538426,2.49206100995,-15.8120698578,-33.5403321444,-0.00901215836071,3.03474875942
v4,bffe3082,9.89436833828,41.8304873783,0.0145707862128,2.86783742458,17.3045194531,27.3042538445,0.0140896920885,2.50339869872,16.7065330558,24.4970182474,0.0113635829806,2.9737580015
v4,c03b9305,3.43139365452,15.197439536,0.0162637707315,2.09397506763,6.63922973887,16.1321133894,0.0163434604167,2.326373107,11.0484579832,15.4332824551,0.0101714955363,2.68874049571
v4,c03d4aed,9.30344106874,-5.31175540378,0.00504298077578,2.60882595546,1.47690396905,-1.22173818762,0.00366640204268,2.37767090163,-0.0783251338037,0.950337755712,-0.0092279554825,2.24572829907
v4,c03fba65,-20.5787753447,-29.7098311567,-0.007450979318,3.1671601945,-15.2117355461,-28.5368429982,-0.00760441151332,2.43147889381,-17.2125146658,-34.4889113927,-0.00804222698714,3.07668183605
v4,c07fd0cd,-0.810634693391,5.48300961165,-0.0217978953513,1.61996913535,5.68241232204,3.5317808736,-0.0208192795473,2.05989324994,0.0251147552502,0.00617710416435,-0.0119352361826,2.23690705554
v4,c1708b88,-14.8091306413,-17.1463925483,-0.0329827910876,2.96035210315,-1.08787571231,-9.29450413063,-0.0301132316007,2.48960630145,0.710562660276,-0.209806171532,0.00667503625146,2.24140045321
v4,c1d046f4,4.25464901143,-5.4955632537,0.000660449903969,2.1633359334,-3.06490474741,-2.21615513435,0.000667514461734,2.65668248084,-0.159875510952,-1.34719598043,0.00530831731962,2.27322050039
v4,c2717d4f,5.36089176022,0.675011900382,0.0186676818799,2.24628556733,3.08143081481,9.6250126366,0.0187828805239,2.22150497122,2.22189000584,1.56604952907,0.0129067929952,2.26715956769
v4,c2c4db09,3.22502235469,-16.2031473831,-0.0104523865338,2.30541337177,3.22264987955,-0.484024672824,-0.0100530212065,2.35820069996,1.29270145419,2.22008655526,-0.00493344159152,2.29215747315
v4,c2c6fc71,9.64925270403,12.9364195609,0.00118923173018,2.54689993538,10.0422172804,5.56812241409,-0.000798544719144,2.43873256313,1.5393904616,2.7916593346,-0.0088201630573,2.28129579238
v4,c36625df,-7.07496836778,3.20110850299,0.0128825413653,2.19758062495,-9.60274129864,-14.2706442855,0.0127216305824,2.55826712044,-8.38436182263,-18.5663381394,-0.00116319472983,2.66159134972
v4,c3957531,1.48971218962,30.3514591236,-0.0059865042551,2.60407555984,-5.53554903384,5.26456397931,-0.00602192361701,2.54632002349,-0.876037601044,-1.40338707168,-0.00835956916517,2.2559285822
v4,c42fe306,6.04382924436,28.5172620108,-0.0371555460489,2.50791564399,9.70180611441,24.1939604494,-0.0371817648947,2.46651346784,14.2888038078,22.0922778439,-0.0104713844902,2.8450275041
v4,c43812e2,-3.97218925276,-1.23576426028,-0.0158781410982,2.08154732403,-10.9292014849,-11.4946406591,-0.0147525846324,2.34217876501,0.563437132609,0.860129996615,0.00338182530145,2.25606096862
v4,c472c0b5,7.32707596595,12.0102416985,0.0141268459587,2.22799957114,7.04461138031,10.2310929594,0.012849688481,2.28770129611,1.58256879491,1.3780413636,0.00768703019861,2.27602379498
v4,c47e0767,19.2720454545,28.8432100745,0.0417431029998,3.11250186491,21.8780730184,27.1143178534,0.039747937011,2.22841049562,14.1832847912,20.2639560924,0.0109451685192,2.85546523148
v4,c50b42f6,3.6782573994,-0.111969192416,-0.0117707259578,2.26220734086,3.80632303961,14.5507137534,-0.0113209889377,2.46629596316,4.269701995,7.14081428532,-0.00638923055204,2.38966294964
v4,c593337f,-15.9025672043,-57.7114544726,-0.00107460047788,3.21174381379,-16.3567732825,-34.8791100621,0.000279466728459,2.58197148738,-17.6071624927,-38.918549391,-0.00166211287423,3.14360007327
v4,c59b6c4a,-18.3491452991,-33.0032258811,-0.00645189874654,3.08888573969,-17.6355944105,-34.8529316878,-0.00646651008366,2.34425360631,-18.6965608781,-40.2002102763,0.000577422550574,3.17960321289
v4,c66be2b8,-14.9536446798,-50.5147344076,0.0273304811192,3.14530491208,-11.9721328448,-32.141699248,0.0294957146875,2.41252866049,-11.6532166336,-26.0992648103,-0.00220604767791,2.83920333626
v4,c6797dd7,0.958610634647,-12.626341018,-0.000460440568267,1.92117969829,-3.35626683327,-6.46257220871,-0.00274382724007,2.42657878641,-0.613547039958,0.0849732363744,-0.0167443589874,2.28086284377
v4,c6b782a4,-10.615232725,2.5028987231,-0.0080447261174,2.62523965854,-8.50292268753,2.91713002602,-0.00603274923272,2.58367927518,0.185194997035,-0.866060684581,0.00645058718043,2.27622226543
v4,c6c96179,7.40880619381,2.58175078854,-0.0116393889067,2.27958745475,4.91353794977,4.02054468417,-0.010907558427,2.15434448899,1.1154404252,1.58280029278,-0.00422447904574,2.26449370974
v4,c70c0e01,-5.45328153989,-13.1172628669,-0.0297655643711,2.29906902554,-10.0767382471,-13.5215633645,-0.0283439923452,2.1839836283,-8.10144775425,-15.9243506673,-0.00928065689189,2.62363134048
v4,c84c65be,5.34140301318,-10.5843367084,-0.0261207314796,2.37382498655,2.43270728768,-1.44879365365,-0.0247487185613,2.83218442913,-0.839103410403,-0.33004334515,-0.0194452300618,2.21448545437
v4,c8d9680c,39.1036936793,43.8821542448,0.0208264516848,3.7789586808,14.578399018,28.1856661221,0.0220710126746,2.5179824534,20.6726426766,30.7673406162,0.00961309713162,3.16288639147
v4,c908edd0,-2.39408652938,-25.3708887439,-0.00337637342737,2.27880746863,-8.10347241058,-9.26382601292,-0.00369307105252,2.49802975136,-8.5222667194,-16.6117686328,-0.00946222701417,2.64673692808
v4,c9578d27,3.08239803878,7.40990404246,0.0162436239268,2.42540045573,1.15798057295,-5.26102591898,0.013244918197,2.4748230381,-0.383525337026,-0.785308725416,-0.00380029963497,2.27111398611
v4,c96c018a,10.9871407954,8.92025593761,0.000291238358387,2.62900415242,6.12332249759,7.11121813727,-0.00139079037015,2.31674561573,3.66497030729,5.99212468666,-0.00508665705707,2.32720301711
v4,c99f9fae,-3.6343405125,-9.85165841675,-0.013739105048,1.85711505866,-10.1900661491,-22.5875798188,-0.0148802252149,2.17909871289,-9.79445372287,-18.4399181275,-0.00531918749142,2.70349365938
v4,c9e6734f,0.384128827877,30.9829351205,-0.000323418134888,2.42572014648,4.47130276126,15.150379283,-0.00258598518482,2.50041042627,0.359134800279,0.839664606878,-0.0120823918731,2.23317017013
v4,c9e980e8,-7.13835742143,-20.2060960114,-0.0249370013637,2.37413661406,-0.114160287508,-9.74877039028,-0.0263268841842,2.37304092993,-0.278062722611,0.0655137746016,-0.0164179870251,2.30705377885
v4,c9fedcf3,6.78960762013,3.76333221098,-0.00109960322843,2.13673292108,6.57917973772,4.10572479465,-0.000975054316488,2.12118687856,1.32743622474,2.05793441705,0.00576975979335,2.24375549635
v4,cad13e8f,-16.4154022277,-11.8362598214,-0.0619327186213,2.89160966532,-14.4702998679,-13.0410926241,-0.0621282365057,1.80503251121,-8.93490055262,-15.2988673366,-0.0131839898026,2.61636348686
v4,cb34231f,-1.73774469602,4.95209838657,-0.0461195399021,1.85924777481,-3.48997972767,2.31561456063,-0.04484249435,2.48449678462,1.06376171062,2.49692278988,-0.015839339849,2.25562910327
v4,cb879f40,-0.411854315123,-9.48997949633,-0.0091448839816,2.28201881641,-2.62184581401,-8.30731623708,-0.00803106282446,2.30051876437,-2.14715129713,-2.70204637592,-0.0044664743782,2.28489518006
v4,cbb406b5,8.57629424779,-7.97027732845,0.00936994306505,2.51486080251,1.59291964599,0.153481763459,0.00982175207062,2.42785116786,-0.158825790569,-0.988574884681,0.00369477787562,2.23000503342
v4,cbe51de1,11.6606056018,14.6908406468,-0.00967930974233,2.77397538923,4.56386693519,0.238583465034,-0.0109353409645,2.32599072659,0.760467429767,1.10092772672,-0.00398329833374,2.25693922669
v4,cbe62450,15.0649920102,-1.29301925496,-0.00135276526155,2.97588987953,-4.45092156729,-2.46638165188,-0.000470294030782,2.27743264066,-1.77476125143,-2.00322112718,-0.00400752224143,2.27150162745
v4,cc08aa63,11.2360690287,12.7806723396,0.042623342313,2.6382671062,7.09786682138,6.37545990932,0.0406524125183,2.49583226329,1.92460315388,1.72213965061,0.0105104912948,2.27938495627
v4,cc8a1d57,-24.9354293462,0.108459206036,-0.0366790862654,3.35184571516,-4.44646214734,-1.03044924134,-0.0340903272115,2.50639251042,-0.479979191744,1.07240926871,-0.0151420526436,2.25523413131
v4,ccedb12b,6.25428084526,-20.4106401471,0.0253101076091,2.45178587182,-6.06463614846,-19.046270816,0.0259197267612,2.48293777348,-8.16870343243,-16.4912037489,0.00178379457406,2.61365186854
v4,cd7f1687,-8.84078449906,-3.90623831253,-0.0192726577347,2.44868886928,-1.30061105773,2.15467789362,-0.0179993939996,2.54995424374,0.927490443074,2.52413480607,-0.00739035355696,2.30626130384
v4,cda7eb37,3.50109660137,21.2725782795,-0.0129205244106,2.401762604,0.165906866665,1.66952307348,-0.0147443238871,2.50425294557,-0.53135390996,1.07113270442,-0.0163512329429,2.24899089573
v4,cdc31d65,4.0548161157,-10.8054886012,-0.00495964802344,2.13799488126,2.05499400995,-8.74927690613,-0.00496759238471,2.32144241548,-0.147702579302,-0.91822749104,0.00213852148765,2.26969136237
v4,cdc60a53,-0.725624362027,21.690885866,0.00316360950705,2.23172541883,4.80679040639,13.2704550771,0.0030004786393,2.44588342614,1.30223272258,1.4125903861,0.000644723154271,2.26366010552
v4,ce55ba43,12.3136500975,10.2200508437,0.00826136557358,2.72814359975,5.38267297338,13.3577112885,0.00841831895314,2.59105550434,4.50185074405,6.55559845167,0.00708492672093,2.40088042055
v4,ce8399b7,-2.67853869969,-1.54539698985,-0.0558337752285,1.4732888658,-3.493793181,-4.67277091935,-0.0532533587615,2.83593041187,-0.686284561689,0.155367914062,-0.0189881457007,2.29357685464
v4,cf50c9d1,-29.8412371346,-28.2842762468,-0.0111377415774,3.48333626392,-21.8908997651,-35.1527802941,-0.010309454002,2.37325111689,-15.6288051199,-31.1176179189,-0.00164689713758,3.01746625041
v4,d00e7eb9,-6.62653050491,-2.60899210911,-0.0100792234274,2.18683787478,-4.96672729471,-9.30919221871,-0.00936113249248,2.31957622967,0.449572857691,-0.938543357932,0.0113168511409,2.24025300884
v4,d011f41b,-8.26695191884,-13.6226837323,-0.00783986451807,2.47332783019,-1.61249152451,-12.8401521866,-0.00603701273619,2.48054229697,0.92164268925,-0.700767610755,0.0110891306293,2.24865611964
v4,d07aed8f,4.75087926953,0.730144731688,0.00354005628537,1.85667472509,5.90111967775,3.20541137997,0.00286424807434,2.18356199266,0.803482406135,0.577582920707,0.00360101887613,2.25234526064
v4,d085e611,1.56577612663,10.7127361862,-0.0191495556304,2.40547823654,-7.31391787274,-5.46102892322,-0.0193026855879,2.547433067,-0.866603090214,-1.37828270129,-0.00455897177127,2.31693207599
v4,d0a0e7b5,10.4409014675,12.3337000641,-0.0045359078681,2.53978173207,8.88049660679,14.3002290835,-0.00474789003957,2.52339876465,10.0251546641,16.4341025879,-0.0029005645138,2.63203255301
v4,d0a43760,2.12997030438,8.20804423634,-0.000149463910165,1.65810483861,3.32395805952,6.82183525554,-0.00339632026816,2.56811642956,-0.523843873184,-0.912056814252,-0.0121983383533,2.23194306615
v4,d0cb63ae,-15.8057265939,-8.74908277794,0.0230018488703,3.04153662126,2.69345012099,-0.0452178871754,0.0235152647336,2.59833373458,0.077824135669,-0.423609786845,0.00820851197977,2.24519699402
v4,d114d9c2,-5.06952304222,-16.9148082797,-0.0315746484061,2.16315387793,-3.27546661436,-5.26633174943,-0.0308009903481,2.39860513852,-0.53135390996,1.07113270442,-0.0163512329429,2.24899089573
v4,d1457cc5,0.989682080925,9.99327278126,0.0153978463613,2.21000176405,4.44496806765,4.50880752339,0.0159621077428,2.69439724852,1.88015880366,1.49398438232,0.0087613124475,2.27221582667
v4,d1ecf309,4.36323767834,25.9287971346,-0.00460954424129,2.33971560477,3.52406381434,15.9345824436,-0.00345860263295,2.51599873217,7.70858560984,12.6482709413,0.000953201573507,2.51109277039
v4,d1ee630d,11.2639109698,-2.33789253631,0.000667653498364,2.5817141936,9.43488248191,0.372483054518,-0.000457775633047,2.32702304846,1.97609191465,2.53176232725,0.00267563092178,2.28124788433
v4,d217e0c5,-2.49409067223,5.52161850871,-0.0301888180333,1.82513601001,5.40538063936,10.4443631546,-0.029677879353,2.30285416976,4.08419967669,6.59679079942,-0.00957348775869,2.34571067496
v4,d24ff243,0.332738876086,-5.75538702847,-0.0226788641487,1.52269848814,-2.9781205922,4.70256543255,-0.0220595527078,2.40262804081,0.981573926675,2.25509238524,-0.0145185309027,2.25844689592
v4,d273674e,-0.86236214414,-1.63126288003,-0.0108506797368,1.4816877651,6.62457589826,7.02300441787,-0.0125305475961,2.20643484414,0.583521698688,2.68611746353,-0.0123776499554,2.28211144721
v4,d2f3b1ab,9.58250134384,-29.8586028799,-0.0117468050572,2.91004950432,-7.05894990555,-15.7767791632,-0.0114722188335,2.33412579941,-6.2891355392,-11.2208487105,-0.0021040866362,2.49392513306
v4,d3df146b,9.83863832728,8.5864037391,0.0206963269831,2.54154996819,15.7794802807,17.3481822812,0.0193158400943,2.28824633044,12.5552464002,19.1772296345,0.0125320514595,2.78183287179
v4,d40f61d5,-1.10394899728,9.46604754632,-0.0111039163771,1.71434158785,-0.800450543224,5.43686188787,-0.0111832858604,2.21514482231,-0.527978830308,-0.979238656477,-0.00536910696145,2.24698813728
v4,d41beaf2,-13.9062255418,-12.969015172,-0.00882504140319,2.85275659292,-7.92946228291,-13.1677456333,-0.00782855845074,2.36738432747,-8.31471482739,-18.163316389,-0.00353464377914,2.65765748901
v4,d463e527,3.06896370883,21.0340862991,0.0283260276245,2.26084124569,-1.13190288509,3.65006444947,0.0249614425309,2.35813209814,0.566848562177,-0.230293694055,0.0064475727164,2.2649563734
v4,d4f60a28,-2.9714419018,7.69870897143,-0.0604054258239,1.97173468251,-0.0731776249486,1.18443654004,-0.0586284674275,2.19246379303,-0.0170851700343,1.15787589964,-0.0118021463832,2.23290074646
v4,d50c649a,5.07708187975,-6.75328701501,0.0488585881442,2.05667972285,4.23286913846,0.347685340326,0.0478167437154,2.48141411563,1.24089629821,0.560630937967,0.0106963351884,2.27036912555
v4,d543916f,6.50180662638,17.206708757,-0.00537406345692,2.41593357031,6.05552615448,8.36879308745,-0.00654722561197,2.44159785344,1.06806656256,2.95438592038,-0.010148594128,2.26170143464
v4,d5df0ff5,-15.3508779762,-7.54481839556,-0.00532138657101,2.85366949198,-8.7334198667,-17.2199267352,-0.00529213343006,2.20003584334,-8.31471482739,-18.163316389,-0.00353464377914,2.65765748901
v4,d60430e6,-5.73088410992,12.8603773334,-0.00920297677589,2.1803239523,-3.87391923573,3.72544147415,-0.00937890587106,2.29716320294,0.838072587247,0.981907062486,0.00127524274476,2.26480680736
v4,d63196fe,-17.7631973392,-23.2214354505,-0.0611705418649,3.02164923338,-18.3496100281,-27.2339912813,-0.0585590103049,2.48192487631,-17.0926959749,-34.8738375286,-0.00965028812602,3.0781530211
v4,d6c320d9,9.9858217168,12.7678026325,-0.00900715053471,2.50192617214,7.36316178003,14.0685797645,-0.00822009287178,2.33152528993,11.0668294938,17.0930881713,0.00527054740575,2.69288354709
v4,d6dd7330,7.9624430809,7.27106589402,-0.0032738848208,2.55122740835,1.67691067928,1.13962735376,-0.00402583142011,2.30350650673,0.0342895481818,1.15915246393,-0.0105929660838,2.23914398204
v4,d7ba4f9d,-3.7411456085,-2.39655994319,-0.0104546200573,1.80797989721,-6.50535953503,-10.0193415568,-0.00985112318681,2.28619805756,0.710562660276,-0.209806171532,0.00667503625146,2.24140045321
v4,d7eb0be8,27.6577281985,-19.5113629334,-0.00207387917505,3.52123296359,-0.759272109808,-7.24961680827,0.00281089107173,2.41458991345,0.449572857691,-0.938543357932,0.0113168511409,2.24025300884
v4,d84b621b,-21.2124737106,-2.0651086818,-0.0235201105971,3.12765372105,-6.98999239125,-6.59588543948,-0.0227114500371,2.62602192899,-8.2841131794,-16.4445245686,-0.00871663660767,2.63441096211
v4,d90aa14c,6.78172389698,2.51224478223,0.0124618463573,2.56451487013,-10.2866057676,-16.5398383325,0.0130423367988,2.56769575096,-9.05237105594,-18.7312962783,-0.000441576618033,2.66579899468
v4,d924e971,25.8144378141,67.0587842056,0.0639725732744,3.51958123621,36.3837065743,57.8881159805,0.0606100273988,2.71089304867,20.6726426766,30.7673406162,0.00961309713162,3.16288639147
v4,d9ae59b2,-4.00833607456,-7.06760671182,-0.0331164944268,1.7995756385,1.71692396659,-4.60226850157,-0.0327728673285,2.5611133177,-0.770902998062,0.0785473965279,-0.0178470540918,2.28672736237
v4,d9d6d94d,-0.0320349664566,-13.5681448143,0.0896205655538,2.34043266635,0.752873024471,-2.42280597064,0.0889858290388,2.5838164843,1.18018302306,1.48773983523,0.011244179496,2.23038125103
v4,d9eca87b,-20.852935823,-46.0132952848,-0.0188609341136,3.31212262022,-37.8565930866,-67.7159571815,-0.0193484302924,2.38603554118,-19.1476138558,-40.4556975173,0.000349625364393,3.19258469435
v4,da2d4d7c,1.33247398297,7.88878720049,0.0281246915567,1.52108617182,1.94892433198,0.636722106446,0.0269326793896,2.37213694931,0.840029495688,-0.610561539681,0.00999968243974,2.24865824075
v4,da3bfe4e,-27.0871598486,-31.8277742413,-0.0181814842802,3.44068227256,-13.6083907328,-24.0280104041,-0.0194192424462,2.55005397997,-15.3242050326,-31.1375165037,-0.00963481395724,2.99101749785
v4,da3cf798,15.9966991786,12.0750333706,0.0147767957383,2.885086192,8.93058187114,10.6972824205,0.014806321792,2.29283439408,9.79428014115,13.6774309517,0.00760942339587,2.59390474604
v4,da940160,9.87100545596,14.2616871666,-0.0249654140608,2.50346897642,3.93013437689,9.80925320154,-0.0243486435504,2.49604896709,0.375756047211,1.50682659113,-0.0196222799313,2.23926793739
v4,dafc88c3,5.13847451543,4.13538573903,-0.0302340266534,2.06399020705,4.71786350027,13.8875901299,-0.0304918087822,2.43964152964,1.01669184435,2.95310935609,-0.0113577744274,2.25545819906
v4,dbee6c86,-2.0197638757,-4.3192546855,-0.017824130052,1.68564477185,1.65126017425,-1.08628595202,-0.0170406877483,2.50050397063,1.24299533055,2.49505225313,-0.011086425291,2.2730906186
v4,dc5fbe29,-4.28287910821,8.53236855164,-0.0124416019057,2.18830759692,-5.95432128472,-1.99288780477,-0.0134590319552,2.40318548222,-1.17407686754,-2.13081687443,-0.00519556932474,2.26861578829
v4,dc7da28f,6.10943862589,26.4035300583,0.0126639110999,2.41798702377,10.2401326324,16.7343084176,0.01027804145,2.44124846856,10.0199544801,16.3108516347,0.00269141780364,2.63949549724
v4,dc7f9757,-7.81375,-15.2412778348,-0.00233323814416,2.38048593054,-6.13277328979,0.272195095743,-0.0039586680125,2.84025518515,-7.9204435886,-15.3997821004,-0.0105830721128,2.60967665608
v4,dd168de0,-0.328123486683,5.7509525812,0.00581994581664,1.38413131919,4.16050925555,6.69775643374,0.00523908871846,2.22735440231,1.5913913693,1.50735163121,0.00580318926602,2.27846229122
v4,dd64382d,2.76139244558,7.67367358156,0.0120293276047,1.66053530988,6.65503091141,11.9515668749,0.0114364824413,2.32899945671,5.95830886838,7.9773333684,0.0119706821833,2.44243014579
v4,dd6bc5b2,8.40175180455,22.7553268214,-0.0207788885805,2.54795625815,2.04298751775,17.9813328493,-0.0185599644308,2.65263537742,1.46416968589,2.25086443373,-0.00536787004818,2.27644252468
v4,dd7d638e,-0.840932341316,13.0848422912,0.0628967657554,1.94843277137,5.93338156092,12.0306571299,0.0609008687388,2.49706353511,1.77980586414,1.36913893837,0.0095320568578,2.26847997505
v4,ddc790ff,-4.0485971223,-2.77924027169,-0.0490468613395,1.90580476988,-2.01510667567,-6.37996789271,-0.0493590971959,2.41951872775,-1.34932389484,-0.6605969907,-0.0213088218172,2.31925416378
v4,df71d1ff,-6.40277617213,-18.8228635452,-0.0280551164226,2.62050207205,-0.154138884118,-3.40553289273,-0.0269954335754,2.45987565953,0.626839529635,1.0989447503,-0.00624349494437,2.253778735
v4,df73b8f3,-9.23753718697,-35.795650504,-0.0448878013221,2.8104596183,-11.8732532078,-22.9921595431,-0.0437788327274,2.50781908275,-10.8581776281,-21.8042313475,-0.0112049235593,2.77008682347
v4,df8290be,6.64847935549,32.1450384126,0.0190477255486,2.63975171595,4.9993618779,22.671422914,0.0166371297707,2.44638342704,8.3470063281,13.4368160596,-0.00334014378435,2.54835541764
v4,e0079ed1,6.53724286949,-7.32942885223,0.0195364770513,2.20491844137,-1.57425423893,-9.84015235389,0.0227117862266,2.22690965802,0.451042231782,-0.978620699809,0.0121503440124,2.23693456355
v4,e03b45fd,3.94871958068,-14.2253360958,0.025459605032,2.81850729304,-17.0019685961,-33.7910573991,0.0225086220194,2.76053991008,-19.1476138558,-40.4556975173,0.000349625364393,3.19258469435
v4,e0f36d98,11.1204079582,-1.29439707946,-0.00142958836811,2.72478644311,7.77849080489,10.6463964342,-1.78919502596e-05,2.17622982571,11.76548116,17.7819269208,0.011844850703,2.73430717786
v4,e149204f,0.351759881909,-5.13848643497,-0.0203154011557,1.71310451545,0.611453384127,-1.43028324211,-0.0204603013258,2.46107126081,-0.523843873184,-0.912056814252,-0.0121983383533,2.23194306615
v4,e14d641e,-3.13395100503,-9.55296842138,0.00585819201531,2.05676138923,-2.45190617907,-8.21131892116,0.00433364671703,2.33503245783,-0.0785620893145,-0.941742222146,0.00327970880598,2.27088201694
v4,e161bd0c,0.727148185826,7.76460360363,-0.003257632646,1.67428830321,2.07395392737,9.0499676471,-0.00204336068517,2.17037518549,1.18018302306,1.48773983523,0.011244179496,2.23038125103
v4,e201fd6d,-9.35823471401,9.6192873714,0.0291161682822,2.85481658154,2.11025867202,6.65584969668,0.0280921174825,2.41941571045,1.15125872609,0.643507104952,0.0105568963242,2.23605611044
v4,e25f1537,-3.91365753856,-35.0847686913,0.0111675282424,2.63941790799,-9.45439269247,-20.1145188887,0.0113976300958,2.40648947243,-8.88530443843,-17.6941784274,-0.000124749959893,2.64986273983
v4,e2fc7745,9.64916576381,-14.554702569,0.0399805854925,2.66315006091,1.12056805762,-1.63170034303,0.0401518044414,2.296548698,0.820703407886,-0.754042669546,0.0120858593053,2.2487284896
v4,e32da4ec,7.22637022819,0.0948398397375,0.00976363646305,2.47233964414,12.3248587081,21.2034302261,0.0109128088167,2.42052143169,13.7812916492,19.6064087928,0.0103219602743,2.83488626811
v4,e3b34f5b,-5.32579101742,-27.5341914276,0.00712421808624,2.42895742469,-2.87667470867,-13.5996840453,0.00756676665791,2.24706481073,-0.277091286038,-2.39639885547,0.00990050568752,2.27783993882
v4,e45a2a62,13.9372258838,16.7125683005,0.0147749234966,3.0384526499,1.16537832068,11.2695038041,0.0126722759144,2.44852873584,-0.0498952354823,-0.262929448809,0.000344136630319,2.24258162634
v4,e46f4ef4,-0.338929812369,-0.853310188156,0.0244498459616,1.77944239275,-4.12840044852,-4.61749086357,0.022551732318,2.43611311043,-0.672631884599,-2.86645666969,0.00752340789409,2.30160918134
v4,e4726608,-4.20716881471,8.97623737226,0.0271756360824,1.98396083248,4.55886728287,5.48700142926,0.0278389099901,2.29014128975,2.03108728951,1.51302089294,0.010537010167,2.27593218487
v4,e5864244,25.1452181696,27.6242118276,-0.0478528073643,3.32525299971,21.9458133514,36.3852374609,-0.0439160076808,2.92263805006,21.3295664318,32.2954305169,-0.00254441860233,3.14607691466
v4,e5c92e59,-4.66726426077,-7.18164781056,0.00743557113706,2.1646279142,-0.0832893735231,-2.69831538869,0.0058100537745,2.44699246581,-0.714390306381,-0.778389276611,-0.00790552290479,2.27549731435
v4,e5ff9fd2,7.17259983008,11.2574321415,-0.0104069125908,2.2916485921,-0.650727929521,6.6406745376,-0.0129076731334,2.46521674678,-1.22890502837,-0.988771436259,-0.0123597543006,2.2469552053
v4,e6c55748,1.0738618068,24.7781453929,0.00146163000744,2.34152726296,3.51087344787,10.8585921967,0.000371343825888,2.38870172971,3.7119061709,5.9403750195,-0.00391628433662,2.32495165511
v4,e730c32b,10.4051459391,11.4635763053,-0.0306031083195,2.53802646356,10.4596319521,14.6666034884,-0.0318870267877,2.73537995913,1.82409750766,3.97403267447,-0.0170001629331,2.29078495704
v4,e737965a,-1.16719899244,-24.5900671558,0.00767428038755,2.38848960278,-5.22060410376,-13.351914295,0.00863125188546,2.4107213106,-8.15029002178,-18.1274340227,-0.00299362222214,2.65152695447
v4,e748dd88,0.7043599335,-14.4084514716,0.00923691910014,1.79008001807,-1.23406621618,-12.1653085599,0.00756263733366,2.35842145938,-0.865368129291,-2.41889399063,0.00184835632395,2.30465551215
v4,e7818f7a,-4.63910631167,5.34301777437,-0.0157796056001,1.98960344722,5.43400900722,7.76452579472,-0.0158411816926,2.65050431244,1.60474079848,2.55213520886,-0.00346176659548,2.26960215181
v4,e7c36e81,-4.29458227131,-11.9428531566,0.036068648639,2.12224259856,-0.193808294563,-5.78240249141,0.0361233512921,2.82394870023,1.18018302306,1.48773983523,0.011244179496,2.23038125103
v4,e7d0c1de,-5.65603693483,-3.40493309197,-0.0314199028439,2.06181909804,-4.05692175099,-14.2360376238,-0.031163123462,2.26464578057,-5.25822915175,-8.67213301078,-0.0117393078826,2.46848745497
v4,e85074c5,10.5067048458,-4.59118062792,0.0358825356042,2.51346865539,6.47034278159,3.86126595374,0.0342150055555,2.50658595819,1.18018302306,1.48773983523,0.011244179496,2.23038125103
v4,e97032ad,11.2617620397,-4.82969848441,0.0318776713159,2.56180169164,5.82225079516,2.838467427,0.0317534647041,2.59118039192,1.77980586414,1.36913893837,0.0095320568578,2.26847997505
v4,e9949a23,-3.6977955692,12.782813013,-0.020941586773,2.53217757884,5.71615180188,20.1709972094,-0.0190395897268,2.34455968429,10.9561541531,18.9741655903,-0.00212334957655,2.6676285468
v4,ea0b99b7,10.420311722,0.758276592873,0.0341142025962,2.57716342582,11.5776729114,1.82455868634,0.0321893947576,2.33873119023,1.77980586414,1.36913893837,0.0095320568578,2.26847997505
v4,ea3a0e38,-3.61272582571,-22.2930976244,0.0062680443553,2.32558575134,-5.77145341881,-6.17213485249,0.00442841194322,2.54108094315,-1.81578889635,-4.73080381931,0.00439200048712,2.34421885374
v4,ea41324e,-1.31121791045,10.7604749844,-0.0017283480225,1.83963335341,-1.48038773971,-4.17301261116,-0.00126944494203,2.39178739838,1.18018302306,1.48773983523,0.011244179496,2.23038125103
v4,eabc711b,-4.09754487659,-17.5825471366,-0.0157072728382,2.54148214556,7.18256590415,7.7563017135,-0.013783008708,2.50708791277,5.2589738594,9.07563308679,-0.00376574577878,2.43198237812
v4,eac10e86,-4.56532058678,-2.83330106276,-0.0108599598807,1.88972960082,0.308497392151,0.761021382271,-0.0108009145048,2.45803245335,1.06159306095,1.35655159499,0.0101257420268,2.22859772634
v4,eafb863e,11.7673234305,15.794331477,0.0156278867569,2.67123807876,19.6850060122,28.6171482626,0.0161660614333,2.42162536375,22.7894251549,36.3353289084,0.00555305308769,3.2759772618
v4,eb06a4e7,-1.63813450937,-29.1221793867,-0.0376109146901,2.36735162188,-2.76153117352,-15.1711421811,-0.0369082569398,2.75022623558,-0.469517867264,-0.160729555059,-0.0170134267199,2.3189427825
v4,eb640a35,2.63048368395,-25.7241785724,-0.0225901059371,2.3951548764,0.862051916018,-2.10709863997,-0.0212502998196,2.50403146692,1.23226703979,2.30955549948,-0.00883542779753,2.27261115249
v4,eb934281,-1.65201976218,3.64260346194,0.00538631474616,1.42007242636,1.3310051601,-3.47938420247,0.00639251970413,2.28262176255,0.079295165823,-1.25386111899,0.00774962245953,2.24783317226
v4,eba6605e,12.745260771,17.1947111812,-0.0306941298506,2.81131127424,6.47429995465,14.0018799925,-0.0268351425456,2.8389042188,11.2918256889,17.6533598773,0.0115092154984,2.69696313821
v4,ebe69318,0.104461414791,9.66233365604,0.00914066996561,1.76221493092,2.11964793096,4.01794066818,0.00873257612324,2.45642361498,2.03108728951,1.51302089294,0.010537010167,2.27593218487
v4,ec0d597b,10.4034943674,17.8546779656,0.00597829601417,2.85895283386,-1.12597350493,-3.22595890941,0.00267725847712,2.28141458084,-1.06733147879,-2.08734007469,-0.00673187110086,2.26730162676
v4,ec13af42,6.45305382644,-25.5479512245,0.0133560542214,2.47707877261,-0.245026862926,-10.2656170521,0.0130472440572,2.5302723652,1.18018302306,1.48773983523,0.011244179496,2.23038125103
v4,ecdab904,15.0884952009,-7.56152426259,0.0154091707145,2.88582794983,8.28499214786,17.631477383,0.0167513615088,2.5747582047,11.5510472457,17.7461211323,0.0117212591652,2.72919017729
v4,ecdaf714,11.6154126214,12.3979241176,0.0109089647339,2.79434261633,8.48658530319,20.6313200289,0.0120894052344,2.58212969533,10.1869647236,16.14403606,0.00997003157271,2.6434191462
v4,ed6436d6,1.1936672326,1.02214913606,0.00146469723722,0.962235631342,-0.237811375883,2.51986504023,0.00142707341011,2.42792988514,1.51664323477,0.938106690832,0.00894947319774,2.26588907526
v4,ed6e6e54,5.64348875661,6.56330214951,-0.0079144591234,2.56124521285,1.74478919165,2.66550134195,-0.00626059508526,2.50217686113,-0.300292160868,-0.29383924166,-0.00350732256835,2.26332091742
v4,edf885a3,8.85183188964,-8.49383418087,0.0137723091675,2.58691580702,-2.30815948405,-1.61639931626,0.0134403286171,2.53898840312,0.226779893703,-1.00496654119,0.00934709603783,2.28506114108
v4,ee0300f7,24.5814722711,20.6344937451,-0.0303857181327,3.28392589386,17.2352160729,30.9760716469,-0.0310696091501,2.58281560702,22.5744263092,34.3717773911,-0.00576329620988,3.1896554849
v4,ee288beb,19.1364553687,66.2034667049,0.0277911876502,3.35067660743,20.3614747279,51.0244264152,0.0257724655405,2.54245317879,21.5791832034,32.4622171017,0.000424767700194,3.16319123602
v4,ee4aecac,10.0634415954,6.65983703228,0.0323442623262,2.46630242095,9.44027347533,9.38939611069,0.0313130453749,2.28761814171,11.4501079643,17.6928460735,0.0127179878412,2.72926254725
v4,eeda36f5,-4.40075046904,-4.42799067049,0.0148230965601,1.86719534441,2.89654949511,-0.804246769634,0.01367269237,2.64986244243,1.02374904821,1.50654656635,0.00688697627134,2.23249442116
v4,eeed308d,4.07498845858,26.4328043009,-0.00952529098035,2.36932102438,5.31378358787,10.4704973042,-0.00948313000442,2.4808698947,1.99994002256,3.34600095219,-0.00405321691704,2.30422144288
v4,ef04658e,13.303542885,23.1597160502,-0.00353955562823,2.80020656729,8.90861132279,13.9782669753,-0.00583807109284,2.31907857295,9.42756302987,15.8344184284,0.00176262050063,2.58471292007
v4,ef8e3ed0,-11.7669314701,-9.55015560351,-0.00124960801218,2.74951771461,-6.23095646,-10.0199728491,-0.00229352592716,2.47331474553,-5.27299292313,-8.50879326996,-0.0117670757884,2.46719404189
v4,efde6ac3,-7.41619872779,-13.3286312846,-0.0198969076929,2.41612586911,-10.788441856,-12.3529039726,-0.0189977664936,2.43057567204,-8.58860944073,-16.6944905956,-0.00779279454035,2.63918429761
v4,efe96181,-27.0278713858,-8.15233390037,-0.0771920371827,3.35128970133,-16.3895682364,-10.9653131389,-0.0764545321745,2.7345168161,-8.84119028993,-17.1521426861,-0.0108232736375,2.65909410178
v4,f0188a48,-1.27095443645,6.18830558378,-0.022381475283,1.94819132982,1.87756216682,12.1639635442,-0.022696517052,2.57696014296,1.12774840003,3.34353714267,-0.0179688576377,2.29627139316
v4,f021b650,-5.63498261567,2.56065643106,0.00329239329731,2.03920455967,-1.78258818514,3.23070982795,0.00191723436248,2.27625608801,0.809381585528,0.78053082223,0.00306911862427,2.25989743082
v4,f03f10fe,-6.66522074789,9.37777770717,0.00602237147104,2.33977777727,-5.36171904048,0.585858020224,0.00489008380081,2.41325938469,0.710562660276,-0.209806171532,0.00667503625146,2.24140045321
v4,f053a1b9,-8.84051606621,-6.29446369536,0.0204612933443,2.40046430266,-4.6010544903,-4.75835592036,0.0186175903261,2.22685722234,0.32230859425,0.17261059396,0.00291883011672,2.27054372437
v4,f074d277,10.2630941704,12.0765601125,-0.0155864044764,2.5792860645,1.93771334124,11.3056181456,-0.0151351611013,2.16896384401,1.26218607266,1.44026489744,0.0021752493511,2.27355194498
v4,f07d7037,6.52639582959,9.18522907528,0.00363213998203,2.13960568072,3.24156391191,12.4287818499,0.00433402691873,2.25402597289,10.514910112,15.9259555721,0.011647477795,2.64419695326
v4,f08774c3,-0.850064102564,30.0461611461,-0.0133871338828,2.52137977459,7.9123807956,24.2774417366,-0.0132502378255,2.66958559767,11.7311199018,21.1357776876,-0.00380327992381,2.70463712497
v4,f140c2fa,-11.6376751592,-19.3617045246,-0.020862963757,2.66139066613,-11.0159079963,-24.0277945013,-0.0198891334661,2.57325729353,-10.2867134704,-19.1314294234,-0.00399701684995,2.72634297085
v4,f16e25e3,0.627325306386,-2.35420819458,0.00700641529171,1.37745037623,-1.82479953492,1.6259564617,0.00748907397486,2.33582682346,0.92164268925,-0.700767610755,0.0110891306293,2.24865611964
v4,f2d4c8c9,2.48941430629,4.43267682996,0.0303796710564,1.65432560374,3.06195853234,0.581135157234,0.0298061806315,2.61665550443,0.92164268925,-0.700767610755,0.0110891306293,2.24865611964
v4,f321a31c,-6.30832522855,-12.0104103534,-0.0204305703606,2.60692378541,-8.63379003938,-17.5616174209,-0.0194318239168,2.28070800471,-9.42243313979,-17.7200390132,-0.00564217284694,2.68003787414
v4,f40cd091,1.71373015873,19.0051023504,0.0173834320853,2.16662339921,-0.0345509925529,6.77998243497,0.0175165909032,2.65167877888,1.24089629821,0.560630937967,0.0106963351884,2.27036912555
v4,f439a621,-2.64875930521,-3.80900482385,0.0160525253708,2.03550697878,-4.12882228576,-7.07175945059,0.0130218329828,2.3179607693,-1.08112534412,-2.34487158922,0.00594504981306,2.29394436836
v4,f49fdea3,11.8869653126,7.68002925664,0.0166516143674,2.59572246806,8.10480419498,12.5143338719,0.0162459401894,2.40154949989,2.24033852521,2.85090712168,0.00280928409192,2.29660864785
v4,f4d12d23,-14.7099108349,-4.14653064549,0.00647595344602,2.83690314409,-0.0967958978546,-13.8872084928,0.0052190851947,2.73245476249,0.117434299925,-1.06985411668,0.00795534946669,2.29296237176
v4,f56d3ace,5.36753313697,-0.873626996371,-0.00306716594432,2.06726115344,6.83159529543,4.03399380463,-0.00280144692656,2.1736025871,1.33450805316,1.6624346345,0.00789305333664,2.24390544238
v4,f5859199,14.4079965458,-2.99057690198,0.00999576232782,2.82858933172,-0.103371596383,0.548169095783,0.0093610836778,2.85958704132,-0.36715784265,-0.20629020085,-0.00462476329174,2.27031898278
v4,f5d8aab6,-14.5842079208,-15.2113211762,5.26480127927e-05,2.81532176826,-10.5079489547,-9.42689516757,0.000106526709926,2.42418217851,-2.65571563117,-5.35482513583,0.0053111092278,2.3791654696
v4,f631da6e,-6.57741754214,-1.6032521477,0.00688793518093,2.28061186144,-0.641138525242,-0.864144757064,0.00713748510108,2.62887643658,1.51664323477,0.938106690832,0.00894947319774,2.26588907526
v4,f6824bb0,-17.754552343,-31.2926604397,0.0123186539993,3.08362517426,-9.01272736088,-26.9669762062,0.0133735744198,2.72221061471,-9.17206388879,-20.7644923928,-0.00133490103713,2.71331598986
v4,f6bc699b,6.78848614072,-4.22587881081,0.00589534632669,2.45291336552,5.64743416442,8.57961285924,0.00592699019539,2.29671298717,3.52088818592,5.50458577218,0.0028465229661,2.29893511872
v4,f6d009f4,40.2778853313,31.0920455888,0.0373865851612,3.87201835706,53.6748960033,42.5840301535,0.0347469322491,4.11271357243,23.8845833872,34.247088696,-0.00454850878834,3.24363988048
v4,f72b268f,9.33686914428,28.927176412,0.00314133127214,2.63462781753,11.9074839215,14.8122238813,0.00165340810156,2.44271633224,12.2103439018,21.2452285832,-0.00398237210432,2.76095732869
v4,f8662c22,13.8530815988,-0.127277296369,0.0351909516252,2.81116062224,7.49389370159,-1.61470333414,0.034308286631,2.36424109735,2.22189000584,1.56604952907,0.0129067929952,2.26715956769
v4,f88ddb26,-46.5000661323,-44.210912607,0.000850011254624,3.9589654609,-17.2600312042,-32.3450193319,-0.000567691927511,2.26834058572,-15.6125957795,-30.9187810477,-0.00337089537881,3.02127053928
v4,f8afa78a,13.6116611406,0.927604062932,-0.0237063807387,2.75499401695,9.25822258446,20.5628604175,-0.0219212579348,2.59302520363,13.1803806389,21.7093737245,-0.00818451875241,2.78893272507
v4,f8f59188,4.80438527148,8.9900482588,0.00910253031139,2.06992906728,3.69523928167,-1.22638863755,0.00836528133647,2.36232777237,1.51664323477,0.938106690832,0.00894947319774,2.26588907526
v4,f9fc81aa,0.0650500178645,-13.5793486109,-0.0171073802634,2.26582437025,-5.43210251599,-10.1220205188,-0.0161582110991,2.28959672491,-0.159875510952,-1.34719598043,0.00530831731962,2.27322050039
v4,fa16d114,-16.3414702779,-31.6391495596,-0.02007104589,3.08260323946,-1.52677805221,-12.7554485044,-0.0205229675643,2.68313276818,-4.2960394724,-6.19200194917,-0.0201302408594,2.40446441237
v4,fa31da94,-1.94035209867,-9.79914208857,-0.0192663678015,1.82265994008,-0.434765438933,-0.784131298252,-0.0194140489468,2.37185927151,1.06376171062,2.49692278988,-0.015839339849,2.25562910327
v4,fa667be2,-7.08385827851,-11.3066362945,-0.00255923579585,2.28258807793,-7.46719163814,-17.0576509224,-0.00268588398425,2.52218857994,-8.53836534967,-17.3426717267,-0.00722790210171,2.65498916305
v4,fae0c593,-0.796020894843,28.4009853821,0.00960354278506,2.48248340583,-3.27828480012,5.16952626749,0.00714348765763,2.57112813701,-0.390564961896,-0.26091053384,-0.00566484322591,2.31357591305
v4,fb03ae90,-41.4537459182,-17.8569360862,0.0111767449238,3.78163073025,-11.7375588099,-16.5284261477,0.00796660144222,2.91151533162,-15.7938292382,-33.0560406094,-0.0101172002019,3.03009967233
v4,fb0904bd,-1.28265325369,-2.06511959859,0.0152076228963,1.02917563433,3.34978498319,-1.93647366574,0.0142263468311,2.35532111425,0.826160760168,-0.338828909868,0.0114509551917,2.23393792252
v4,fb3848a1,7.98821422538,4.18154420487,-0.0160023960661,2.39415409929,4.07084311367,6.48275887254,-0.0147644788019,2.37212543881,3.2290766814,6.07506359989,-0.00746475823476,2.34014751235
v4,fb73b13a,4.15460815603,1.976761486,0.0236148651184,2.39588729316,14.9740775724,9.3316036387,0.0240614633981,2.62371923957,3.33842050361,4.75740523563,0.00808298964821,2.30727902687
v4,fba7683c,-1.17415233415,1.44678999855,-0.05519608223,1.26844218718,2.04990960665,7.6306502535,-0.054780745496,2.35218578749,1.2513008895,3.83691622679,-0.0192682794067,2.30933209774
v4,fbd68d27,-20.1077566262,-23.4960569357,-0.0250671153539,3.13963505158,-8.69272454592,-24.9554132738,-0.0229925059272,2.63279241102,-9.04868267108,-18.7333560834,0.000121580322429,2.65291645491
v4,fc03f21f,-10.1635623569,-14.5558481403,0.0187279382292,2.63254572741,-15.1362994095,-14.8950989174,0.0171993771486,2.92431998321,-9.69147175514,-21.3186145901,-0.00277145240367,2.73641681899
v4,fc0d20b2,-7.63909711685,-25.0552190712,0.00330356511322,2.5597116611,-7.89823212831,-16.809642231,0.00356845939215,2.39006621395,-8.31471482739,-18.163316389,-0.00353464377914,2.65765748901
v4,fcfcc902,-8.30040845575,-7.08085075955,0.0402143814879,2.2831628519,-5.20490665046,-13.0014811374,0.039387700113,2.07825047218,-8.15029002178,-18.1274340227,-0.00299362222214,2.65152695447
v4,fd3b4faa,3.35786738351,-12.8624332111,0.0134744707081,2.13380259311,5.92858561879,5.945295689,0.0137479614541,2.54640198061,2.32899097426,1.76906364488,0.0107745674351,2.26981186719
v4,fd710aea,5.42821199905,9.70777029641,0.0241470716018,2.10462180977,8.61598542381,4.82213711372,0.0225168378596,2.24751383939,1.72744364801,0.945113496627,0.0108558999856,2.27134004633
v4,fd8f77fa,25.2561570561,17.6036871318,-0.0307582188713,3.34692927195,4.13311978818,12.6155876284,-0.0309373616431,2.5185268751,0.572993116434,1.4979241659,-0.0177772532721,2.23172411746
v4,fde20ecf,14.8300128562,15.7395905177,-0.0124382757702,2.85180747259,11.1846285277,18.0216624659,-0.0112714872888,2.3366546663,10.7940539991,17.7568839113,-0.00183139781664,2.67255881252
v4,fdfd57da,2.34894766998,7.17289774615,-0.00275845272923,1.6668046148,2.44251705642,3.29172995987,-0.00261432105777,2.3750119825,1.22855495222,2.11245413411,-0.00448945102392,2.26395281168
v4,febb4411,-10.8882152107,-16.0757040995,-0.00774784668578,2.64103166366,-4.7990770971,-14.3512385159,-0.00520715875693,2.21766024059,1.18018302306,1.48773983523,0.011244179496,2.23038125103
v4,fef8af96,-37.2537637219,-82.2393726502,-0.00154115808617,3.81884866308,-35.8820398947,-79.4062255181,-0.00351421061104,2.31292143517,-15.5791815687,-31.0566366715,-0.0022549668774,3.02206733624
v4,ff0aea78,28.6277706225,18.2872394053,-0.00385059691026,3.45624686237,12.1803499098,23.3011186164,-0.00657079955239,2.61006201383,13.668619334,21.193205298,-0.00994029966909,2.81083450045
v4,ff8bb73a,-3.52989033238,-10.5555085934,-0.032857217737,2.3852580077,-4.6022462064,0.123659861605,-0.0305277022101,2.47643647062,0.616799842858,2.64060715217,-0.0179047173679,2.28455411713
v4,ffefef30,-2.78941575492,-18.8663922972,0.0149212362701,2.0838777827,0.553548473694,-11.0167145311,0.0142793647489,2.42554051059,-0.00774722928298,-1.44918066063,0.00750958119849,2.27693624199
v5,000d7d20,-5.44556569343,-16.1278815852,0.00654146046684,2.13469199589,-3.40525210046,-6.07509260279,0.00578093436575,2.71392449663,0.842632879472,-0.0519222887941,0.00621555198542,2.2652838896
v5,00bbac68,-2.52185400732,-37.8107252703,-0.0285633413707,2.78889580413,-2.1880241088,-6.90350385939,-0.0274639386253,2.59841244739,0.390506929777,1.68356128184,-0.0127421513517,2.27170955602
v5,00e12e8b,-0.760341780983,-17.1782695536,0.0404422068656,2.18881026972,0.222756228848,-13.0983400387,0.0405745100025,2.26610914879,0.530490791498,-1.00840470383,0.0108745459206,2.27035520641
v5,015fe0d2,19.7495763501,31.820874444,-0.0166549962734,3.18448683055,11.9103444847,23.3032028818,-0.0160936929323,2.64031555311,11.6477430497,20.4034545083,-0.00614868228882,2.72221536008
v5,01869cd4,4.46775958251,23.2117023399,0.0474874956201,2.45260666177,3.86196334553,-1.48054335635,0.0452412816343,2.43274506219,1.27099086243,0.107568522636,0.0109128492942,2.25345477257
v5,01982c1d,-2.94735600101,-6.03376583913,-0.0133976445237,1.99259261601,1.39689435975,-8.99758625084,-0.0128692935546,2.29254015097,0.437682589685,1.30866128406,-0.00705433807086,2.26348803884
v5,028d7b28,-1.80682868142,5.14115607892,-0.0072062447456,2.12747011894,6.30048925008,-1.75322164814,-0.00695815840346,2.26941070437,1.1405931878,1.00655116322,0.00779731238165,2.21718556851
v5,02e7fe5a,6.60459866876,4.81704793604,-0.00256584675266,2.24224358856,5.03456773101,11.5777852247,-0.00117193507185,2.45727734764,10.8720832211,16.2970923827,0.00964928867391,2.68502792123
v5,0390d174,-1.67608705509,4.96316613272,-0.00282773850875,2.2531235113,10.5856014307,-6.34196999823,-0.00257441924802,2.1593392394,1.2960710569,0.216365125459,0.0100800573977,2.25508151635
v5,03a935ae,-31.0362383345,-53.800101538,0.00164074271538,3.58503130018,-25.1807529489,-43.6209012028,0.00451232454602,2.30605245373,-14.3797292169,-31.4896492586,-0.000872888578877,2.98899598345
v5,044af7d1,7.90409382607,6.97546700754,0.0180216040736,2.38583525257,9.06676770701,1.3975846436,0.017556916602,2.37499454511,1.59110317235,1.31055123146,0.0127146883302,2.22215481856
v5,0498acab,2.88947061276,-6.95627827841,-0.0046769781751,1.94535843194,2.40295631825,-12.0308495189,-0.00505852712274,2.32818316991,-0.966171778667,-2.2714709603,0.00169242619938,2.25157205585
v5,052d64df,0.517967280162,14.4139352593,0.00436463516674,2.12778776267,4.15336782493,9.96149197871,0.00362492037493,2.38581512232,1.85860838114,1.12126017196,0.0102070356303,2.2699824594
v5,05948241,-3.15289765403,3.93314279108,0.00675356563699,1.79105421885,1.02311056604,4.99588621129,0.00650696700321,2.34460797648,1.25448599429,0.537292074617,0.00981354135998,2.25276080292
v5,059c8f24,7.92315596037,16.4408901452,0.000665104940325,2.4775609636,14.9756089062,16.2372980203,0.000604330202569,2.29478341692,13.0580142209,19.7729298523,-0.00074143961438,2.78565196166
v5,05a0ee4d,-12.5270791168,-38.2152014474,-0.0010627599856,2.96241883976,-16.4930152024,-30.1345155234,-0.000205931289814,2.56428334358,-12.6109345867,-27.1244562722,-0.00254827042752,2.89556930121
v5,060ab2b8,6.73126717801,7.13135297712,-0.0443014354259,2.30740467979,4.34811525374,15.4406760338,-0.0426321808862,2.36818594187,12.1143430005,22.0057420847,-0.0105733002189,2.7324660362
v5,06df5958,-0.908951268167,0.975541934903,-0.00549580563463,1.40817473247,-1.31150865486,0.736439604545,-0.0053781738326,2.24160990273,0.965614643904,0.874582295172,0.0026008590301,2.24291760013
v5,071d7b45,16.3646496419,-4.37436407694,0.012301230882,2.89678407042,11.2696810376,6.76077864847,0.0113514427062,2.49981424974,4.58534953376,6.79188426643,0.0093803934139,2.37326943268
v5,0849b4e2,-8.44001444826,-35.8625536434,-0.00521410762752,2.74518682833,-9.48119978008,-26.7508476678,-0.00565639445807,2.39259266915,-15.3537112776,-33.2845393949,-0.00500685790392,3.03590039901
v5,084d66f9,5.26741055341,-0.458461806266,-0.0379917271292,2.45899380941,-9.33630398052,-18.1904088533,-0.0388289281392,2.53065678311,-9.99863461244,-19.6253070847,-0.0116510106256,2.69526059293
v5,08fecf00,-1.89504305705,4.58564533347,-0.0110499077099,1.75090393886,1.52635650963,-5.86347796354,-0.0114823988055,2.32634196637,-1.13549116713,-1.9282613778,-0.0071955335136,2.30263764447
v5,09053135,12.2549805316,-1.46952513795,-0.010426304532,2.65756735901,2.30508437315,10.5002156887,-0.0102180359394,2.3811152135,3.68913016941,6.66606719177,-0.00669361773576,2.359744765
v5,09441b8d,-12.6526494169,-1.0389728795,0.0219203387455,2.82962246503,-2.52402258981,-5.59935050872,0.0221845119861,2.50696356257,-0.593102905098,-2.38323549565,0.0077014015527,2.27338186485
v5,0955cd6c,-5.66759961501,-12.615237493,0.00936984238062,2.1997866394,-0.459875239465,-12.7122414395,0.00912305506833,2.33561664855,0.996921931142,-0.303103537323,0.00852176794403,2.26435939507
v5,09ec2ca9,-2.54861342396,-14.4477801768,0.00175409991327,1.96470624536,-6.79854978391,-5.14310029835,0.00115354274715,2.35494053423,-0.181313243746,-0.204703362401,-0.00547361338503,2.27551649342
v5,0a57a29c,5.64248239134,10.1199605558,-0.0143080196003,2.07351450961,6.33401047592,12.5658246651,-0.0125817500349,2.51780927872,10.1688461421,16.7865202119,0.00285512890916,2.65080750444
v5,0bbf5e67,-17.213520242,-13.983121746,-0.0125209168315,2.96409296239,-7.71555946894,-17.0928553167,-0.0134063592571,2.64800264874,-8.09089886377,-15.3809769899,-0.00645784142264,2.59829444712
v5,0be01c24,6.74008442381,5.70312680914,-0.0407468883324,2.22714677893,7.6465606591,2.57856132384,-0.0396508125369,2.31667940189,2.9505766434,6.23440315018,-0.015232772802,2.35000849856
v5,0c1b160c,3.5049742778,-5.58916019394,0.0103425907805,2.24413751602,-1.99458631789,-3.35228314959,0.010006832188,2.36750996205,1.33176646822,1.00465722562,0.0111367214949,2.21416265774
v5,0d99f8e4,-6.11234758715,-3.49414306874,-0.0129740783949,2.3363409019,-4.4396636328,-8.77553644459,-0.0131212726181,2.35557545719,-1.46824823804,-2.73651256736,-0.00178569383452,2.27300694439
v5,0dc5e64d,7.82924779668,29.6812979783,0.0239581174922,2.94490320609,29.7297649085,44.3075522228,0.0242061226707,2.52887696993,20.3934171789,31.8975871794,0.00590406227375,3.14463166568
v5,0dc835f3,-3.10812330623,4.939684388,-0.001332305165,2.10775915806,2.35951374302,-9.7535898438,-0.0020469448812,2.65943446272,-8.95912755627,-16.9535611032,-0.0075535791726,2.65362220488
v5,0dd99dc5,3.91651865977,2.36847453047,0.0170301142133,2.22296078507,1.10565878629,-3.08287814474,0.0175970271667,2.63572727072,0.946021636486,0.245795620984,0.00950879925824,2.22774852296
v5,0e5e560d,7.99898247771,-14.061157874,0.0147240674196,2.42426284426,-3.58439604993,-7.35939479751,0.0153915978845,2.63679679522,0.530490791498,-1.00840470383,0.0108745459206,2.27035520641
v5,109d9d70,5.18734994069,23.9500698238,0.00809950856225,2.33902666535,10.6905475083,26.5930544666,0.00695698970354,2.47415209114,14.6221242551,24.0240124976,-0.0020902341518,2.84869371191
v5,10a1281a,2.50981636655,1.15450819968,-0.0796361398896,1.52413821675,-7.1686640618,4.12004053606,-0.0765690799697,2.44276563787,0.732063580111,2.41258818925,-0.0137691020095,2.26516735229
v5,10b89021,-13.9032582194,-4.22968847566,-0.0168787843504,2.75501868829,-5.1665583318,-4.37433167925,-0.0148175845828,2.40283317721,0.27549662593,-0.679774867395,0.00542498429225,2.26272850583
v5,10be2420,-11.5780434118,-21.1597018737,0.0116535386704,2.65741997629,-8.38371139818,-16.2976407757,0.0101934883601,2.26215884188,-9.46121003374,-19.4590019425,-0.000227254697159,2.70619836109
v5,113011eb,1.012799511,-10.1919460399,-0.0110432600922,1.8209801267,1.27422977163,-4.02583613133,-0.0086763124763,2.40211352709,1.2960710569,0.216365125459,0.0100800573977,2.25508151635
v5,1131525f,12.8600216398,17.3543827103,0.0127496880913,2.75175862267,11.9509161033,13.0556017649,0.0126133466088,2.5399305175,11.7989719433,16.8154796103,0.0128429032561,2.74440240295
v5,11d0f5ac,19.2301781692,30.2414639669,-0.000640542961152,3.14282403462,10.4300045699,21.3732881784,0.000458821502909,2.26250179054,11.7711637003,18.5628946681,0.0126938175395,2.73340726911
v5,12203f2a,-12.1435326587,-12.4997942915,0.0176864932576,2.69207803212,-4.33302199714,-1.8463186763,0.0174422732211,2.4218973839,0.313342760297,-0.860273528181,0.0091528002685,2.2403307464
v5,122bd617,5.39292122538,-2.52843343081,-0.0124195921724,2.53924964498,4.39519110999,3.87270803439,-0.0123217014999,2.65134293184,3.9577001773,6.23539180126,0.00548176595973,2.34333109277
v5,125be846,-16.9760983103,-14.6895846618,0.00472113402512,2.96740378161,-10.4633582041,-19.5614572521,0.0065322390453,2.53085181928,-9.88290280596,-19.7860728865,-0.000128473151546,2.72135126993
v5,1285a37b,-5.08904413078,-1.53167959179,-0.0362508106453,1.8793303096,-2.305866347,-0.608845138509,-0.0362858395335,2.77013064433,0.732063580111,2.41258818925,-0.0137691020095,2.26516735229
v5,1295a25b,5.30934065934,-10.5477890294,0.0308683076104,2.37181268792,0.140197837799,-8.98837363284,0.0282409784359,2.33123176515,-0.754913874701,-2.63272256182,0.00724199547779,2.25042558723
v5,12f0cd90,0.295340507819,-1.33132907145,-0.000843818289265,2.18549319965,-3.99158627027,-4.21070975508,-0.00376589887046,2.35915136047,-2.53892896063,-3.5468860217,-0.0161229956001,2.29627486983
v5,137d1e44,16.4748572683,53.9177146022,0.0035555816349,3.25848771196,12.5742064788,26.1048334623,0.00222087263809,2.63538189817,11.7960964706,18.4601836319,0.00929050388546,2.75017659473
v5,13ce113d,0.522899527984,8.44939801062,0.0821277402466,1.47728032153,6.49723390397,2.05459110249,0.0804223537673,2.28851694251,1.96342760523,0.914657926108,0.0116957288664,2.28762617458
v5,13f598d9,14.003202847,-4.57105887124,0.0122530464635,2.78307046669,13.806458455,7.90927934709,0.0137195591403,2.4622350987,11.528907293,17.1049605966,0.0105793548061,2.71022956253
v5,14a53cb3,7.66749963868,2.04503531283,0.00859660750401,2.29733309929,5.61031493664,12.320105183,0.00939430916655,2.45090218976,1.56683480782,1.58173800504,0.00708631439228,2.23194766979
v5,14ab73fb,-13.0231652508,-1.33263921735,-0.0237541093466,2.76122141274,-19.2300288693,-25.394221333,-0.0225765216317,2.44596039965,-11.5900781098,-22.3003384222,0.000676957470158,2.78537535332
v5,14ad5efb,1.0379082506,14.4299679617,0.00709140897426,1.98766944236,4.29830023418,1.14197207153,0.004617037217,2.33236323018,0.95444625774,1.36030425942,-0.00327645045186,2.25243705003
v5,14fee784,-13.190706721,9.91522054277,-0.00129975269164,3.10994520525,3.57907812629,8.64881798035,-0.000922116421937,2.49095218624,1.71339764815,2.57090432677,-0.00272028385888,2.28056295891
v5,153552f5,-2.43310330138,-14.1700525551,0.0206174819613,1.8183108152,3.74737200211,-3.44499556855,0.0218203042075,2.20602331259,-0.593102905098,-2.38323549565,0.0077014015527,2.27338186485
v5,1550491d,-19.8100964278,-15.407193495,-0.00682338310382,3.09861174486,-5.78083703585,-14.2901798175,-0.00684120700998,2.58257320802,-5.82817134449,-13.0063527776,0.00342076702554,2.49276495767
v5,155887bb,8.56630259624,21.0068070893,0.014360290133,2.5489226746,7.45146273428,27.5570560048,0.0142747434556,2.71698224341,13.2320430605,19.9458423409,0.0114493795134,2.81344861056
v5,1590af81,2.07464595946,-7.78153702221,0.00517220285168,1.88112584836,3.93292038931,0.272417176602,0.00546797282429,2.62712599768,0.88051779661,0.173266094503,0.00836735406806,2.24182743116
v5,15e154a1,22.0482168754,2.27079906715,0.00743653675019,3.18744645218,11.3236970213,11.9304477743,0.00712655015692,2.44355928738,11.2272513171,17.9928659616,0.0026071668363,2.70515616636
v5,1619e2ca,2.84048390727,4.36255101067,0.00633841927303,2.17615025147,-0.0708714061527,4.82218025193,0.00612824785906,2.30472040298,0.797514885077,0.17864767172,0.00724837359615,2.24321038437
v5,16e4a047,-10.3759041394,-4.97927098558,-0.0120122591335,2.46090481489,-3.49619998113,-7.59033826666,-0.0122444830663,2.61440295884,0.107161437484,0.262590135125,-0.00484445923253,2.26639393146
v5,173ed841,13.8711038296,21.9410973688,0.0189198484335,2.92211358429,7.1789538776,11.2028865148,0.0169395693182,2.55794899542,1.21160854018,1.36951783559,-0.00436255461488,2.25294908183
v5,1770d7c6,8.80878314917,-10.4110549697,-0.00668943191892,2.59023088541,-5.53005551617,-8.41079203431,-0.00600756559928,2.4533321646,0.604175103807,-0.0587433799896,0.0057680507745,2.26883259967
v5,177622d7,-7.23245719721,-18.2803886072,0.00874717051634,2.37957850458,-5.60650202162,-9.00776846383,0.010130732908,2.41530454773,0.493689082834,-0.882578471007,0.00984258267665,2.26876291523
v5,18d24f7b,-4.74449319877,-17.2370144296,0.0144955591921,2.14359830308,-6.62518704692,-14.2895383463,0.0156884368511,2.3531739238,-1.25879097358,-4.098179442,0.00917357647454,2.33986277851
v5,19137a89,15.1318461784,28.0370555219,0.00947745581957,2.95073077281,18.881633635,36.2449378381,0.00949004173633,2.83213921991,24.5465213777,38.998033235,0.00786328331567,3.29717778779
v5,1944513c,4.01043413808,-2.51252345372,0.0432658751615,1.90787251804,3.48634448072,5.3313850639,0.0439667529172,2.38855712271,3.9868425919,5.54225832503,0.0111975862331,2.3207552817
v5,197f8a5a,20.4432424723,25.6700732166,0.0094899535234,3.24319975881,1.65218818335,4.61857958437,0.0101455703793,2.47445652345,1.19007642592,0.167086744593,0.0102172151922,2.26552080768
v5,19871e7f,-1.29909314189,-12.9039043976,-0.0339615958423,1.84906566723,-2.44112624364,-5.53926642083,-0.033254310146,2.46321043805,-1.19574592124,-1.12039625521,-0.0183659309395,2.28185865828
v5,198a5607,-6.8497712366,-13.1521729345,0.028252142023,2.39286912788,1.47111017525,3.67839341692,0.0296696779217,2.46354202311,1.22687813458,0.0412605117676,0.0112491784362,2.26711309887
v5,19fb4f7b,-4.24261743772,11.8127492069,0.0144630300227,2.49236877433,-7.95075284835,-1.91146318286,0.0136579457139,2.44638252028,0.599180008284,0.671209977334,0.00440111620165,2.22895356587
v5,1a518997,10.4944463743,3.60744384996,0.00407581719579,2.46476352726,6.75589277857,2.05218406554,0.00599672821004,2.64988539663,9.84657133666,14.1796800998,0.0129121599854,2.63800234151
v5,1a68190b,13.6189941886,1.95372856404,0.00138113717438,2.85829762443,5.05452753502,5.63658450013,0.00119140308903,2.43314401535,3.4555988807,5.58865240272,-0.00613279898598,2.34083913738
v5,1a730ac2,14.7305255157,-0.517967217381,-0.00694558283015,2.8536156027,10.2749538541,8.90161154203,-0.00711271638292,2.52675012901,2.44077040179,4.39836644841,-0.009799970234,2.30530362554
v5,1aaf1da0,7.39079933389,15.030218252,0.0319236060522,2.3309975495,8.86570117017,13.7696398436,0.0307950268889,2.80556642431,7.8766089994,11.5337630017,0.0124299132219,2.51613951915
v5,1b08ed48,-10.2008312567,-16.6441497555,0.00412864960968,2.55244775861,-6.23014237799,-10.3117821358,0.00375676393761,2.49502577327,-0.912557796064,-2.85825641845,0.00668064257404,2.29060044178
v5,1b1c5372,-10.6598662286,-43.6728423752,-0.0214107975344,2.93563055658,-10.8315553873,-26.6427609018,-0.0201259376591,2.30505353566,-10.3430273287,-19.0671707589,-0.0114846055218,2.71363580506
v5,1b1eba53,65.9312051557,81.0016096039,0.00772795995205,4.27164484767,35.806346127,51.5817682095,0.00851125921337,2.6655871639,16.5312401645,22.2291546622,0.0115267234402,2.95075027512
v5,1b6ba517,-6.85007579203,-6.10659399454,0.0101630107936,2.17682682005,-2.32703983832,3.56116189063,0.0132036873495,2.34325820087,1.27099086243,0.107568522636,0.0109128492942,2.25345477257
v5,1b82b665,-1.83228586443,12.6958695469,-0.0128178667341,1.96102314959,-3.07958719267,-1.96541065148,-0.0140921526083,2.17967348583,-1.36715331967,-1.66090775094,-0.0176149835594,2.28994215277
v5,1bcb2fcf,-4.45205791335,8.91261597374,0.029153249559,1.9749422032,3.46877266345,11.213266126,0.0299156043508,2.47304840241,1.92662589657,1.04048415893,0.0106637656225,2.28603388339
v5,1beca81d,-3.71080420969,-14.2256408085,0.0141794207858,2.21427505131,-2.22554720334,-10.0728371235,0.0159244667104,2.48171189116,0.313342760297,-0.860273528181,0.0091528002685,2.2403307464
v5,1d3fbf02,-3.51762435041,9.52706868696,-0.00370085483901,1.93244450483,0.0111043162828,7.02412639351,-0.00390505424186,2.04932361813,1.36114024126,2.55281819546,-0.00885120579379,2.26402646785
v5,1d78281a,8.72624166498,-1.13095194254,-2.63492463535e-05,2.55577245544,3.69476322447,6.69198554423,-0.000236289187137,2.50182153156,1.5981307383,2.53440553441,-0.00333909768428,2.28520463863
v5,1e30dedf,-9.19252026529,-18.6814242529,-0.00100319908118,2.57543718528,6.69287152046,5.45749700272,-0.000172862703824,2.1790511731,0.940222080651,1.12920550039,0.00722831085396,2.22867948319
v5,1e5e3573,8.82965875912,-18.4191967787,0.017380345679,2.55891264796,9.23715049134,4.02476572014,0.0165352877026,2.39543757707,4.40664820433,6.13785003215,0.0092046746682,2.3475995331
v5,1f9afacb,1.53853415916,3.87498139324,-0.0257912059624,1.25800752756,4.11788644852,1.70871240348,-0.0258347332092,2.20005607796,-0.883063879347,-0.121383275162,-0.0185563105813,2.24428798855
v5,1fdbba44,3.55032376298,6.72553585748,0.0277559894549,1.92210354342,6.21050329003,13.3371893097,0.0261650124657,2.7133763322,3.95496845777,5.50730692188,0.0100424531809,2.32080780143
v5,1fee2b62,2.48614953674,17.2339819032,-0.0152467639259,2.22691106185,3.62307113913,6.04187251968,-0.0151452326507,2.53832639446,0.648632574514,2.11258821653,-0.0126637870876,2.25948669206
v5,20096916,9.00465225015,9.44292561457,0.00308904406353,2.4386139927,5.49232631729,2.94688477246,0.0018587195859,2.94855315247,1.16622300301,1.44043374797,-0.00564629533094,2.25349966852
v5,200d233d,11.7409551707,7.93199554244,0.0066519547117,2.62294492629,6.83215959572,8.02079271548,0.00661221282514,2.53096182098,3.60953854474,4.95754694481,0.00258520140063,2.33086306782
v5,201661b5,6.59637951301,30.2853778625,0.0254617657379,2.59346763296,2.93808405565,0.430983013763,0.0212633803117,2.32811915493,0.946021636486,0.245795620984,0.00950879925824,2.22774852296
v5,203721ab,-6.38765794066,-1.16373494388,-0.0208592497782,2.40126129896,-3.74472915253,4.29301514552,-0.0196829545649,2.36946484901,0.843603732646,2.04601821478,-0.00999031353378,2.24289504475
v5,20402d71,-10.4738857502,0.151780132344,-0.0103146641705,2.53859524628,-6.46839451264,-12.7076396369,-0.0099334779241,2.44367497966,-8.88372305758,-17.0854275354,-0.0028981638642,2.65994401844
v5,2043abc5,15.2836231676,-5.49501440107,0.0103852372613,2.94673502646,15.9239973014,20.9828346921,0.0126011668766,2.59896400553,14.5637925536,22.1755854835,0.00964570405174,2.84841838695
v5,204cc64b,1.81717377732,-16.546739323,0.00889395284333,1.9593734086,0.57454585272,-12.9543064923,0.00923625029807,2.39415371672,-6.58596577737,-12.6969439058,0.005335313884,2.52866118432
v5,206b6193,-31.5078576894,-62.9422955014,-0.00426581378182,3.62458088381,-27.8532096725,-57.176646945,-0.00413520617933,2.64010581663,-17.7292161928,-39.3676530861,-0.00264743324644,3.13188457247
v5,2075c696,18.264629862,36.8779775522,0.0379278996009,3.13108805584,9.87605716405,18.232263687,0.0376125548742,2.1701967759,11.2320374851,17.437561858,0.0128445869748,2.70514895601
v5,22c5f93f,-2.16448182521,-0.654630275081,-0.00670124197846,2.09078104627,-4.21388388801,-5.79597839975,-0.00720006371783,2.49966233287,0.390506929777,1.68356128184,-0.0127421513517,2.27170955602
v5,230eaaa3,10.9446950959,70.7927871299,-0.0482202865385,3.27043791697,21.9234319647,52.1439903653,-0.0483932812782,2.40531341934,24.0554655084,36.7098143849,-0.00428707429599,3.23964118562
v5,2364716c,17.2351830399,25.1294284885,-0.00632015252993,3.02858705727,8.12203022099,15.3797923318,-0.00518408524498,2.26436545338,10.2958393766,15.6010712189,0.0125397810789,2.64271552103
v5,23b9beb0,2.86119754768,3.6278466754,0.0102889091845,1.87170428626,3.66907264072,1.20920604078,0.0102606243704,2.25885952293,3.60714429805,4.86610648254,0.0111448967695,2.30947496799
v5,24d8997e,1.73997094712,1.06661003479,0.0422934505031,1.89303707852,3.9454466658,3.88070121982,0.0417979362292,2.44393998931,0.946021636486,0.245795620984,0.00950879925824,2.22774852296
v5,25050f63,37.1329033312,19.6162974212,0.00360288747409,3.66347465112,24.5055835886,11.3349670501,0.0038906814635,2.9100005654,22.0251533148,30.9228492338,0.00452763484033,3.15874786122
v5,25939962,4.17294512619,21.0970013571,0.0300420265577,2.49317751286,1.14447117756,5.2119441901,0.0290840979621,2.45402961632,0.590029796535,-0.399746441977,0.00941846036463,2.23681871461
v5,25fd32b3,2.91316464471,3.07702781251,0.0389577421496,1.42987215189,3.62707371024,0.906802089333,0.0382524148586,2.49176645325,1.27099086243,0.107568522636,0.0109128492942,2.25345477257
v5,261785ee,-21.0691854087,-16.0544012249,-0.0253897719257,3.20189008588,-9.2218970937,-24.5988874925,-0.0247772171054,2.50197525439,-11.4637479513,-24.4585402914,-0.00607147739876,2.80099977936
v5,264feceb,-10.4375869373,-5.31775536024,-0.0183862265234,2.47345755531,-6.01636355565,-4.43658310206,-0.0177046395001,2.45896622519,0.390506929777,1.68356128184,-0.0127421513517,2.27170955602
v5,26623a50,-20.1416338274,-2.67115681804,-0.00231695522939,3.12127961545,-8.68564261847,-12.467913609,-0.00112694421016,2.60051578121,-8.83321307942,-18.5146221207,0.000187021534187,2.67836896717
v5,26d3a96a,6.28027960178,-12.3219103376,0.0204474713403,2.30891412254,-3.8809418063,-19.1150209014,0.019830667474,2.61884523386,-8.83321307942,-18.5146221207,0.000187021534187,2.67836896717
v5,272abef3,-7.33943893591,-4.30298734444,-0.0265668832808,2.39998550427,-0.551056081825,-3.26253930017,-0.0241646374962,2.43612135346,1.05517397127,1.70428862035,-0.00910162984522,2.25701617219
v5,27300fd5,16.3115657582,1.29575143084,0.0142689062019,2.91178473449,8.91775710592,9.5459074048,0.0142989799646,2.28922194529,1.37885291194,1.36248706631,0.00931584524783,2.22521557961
v5,276b012a,24.6960099235,-1.25979366881,0.0289520541594,3.33529444017,16.8009767641,9.7082384337,0.0269597784494,2.30482904104,1.39992989193,1.31244516906,0.00937527921697,2.22517772933
v5,27c3155b,-17.0770149254,-13.0609168559,-0.0426690072069,2.95025641243,-10.5962434758,-16.926667519,-0.0413854358849,2.15771498376,-7.31920499278,-13.7677411596,-0.00983551982627,2.53278594663
v5,27ebb9b9,7.01092785293,2.21295254116,-0.00630389057288,2.39682497862,4.29888292994,2.46713128807,-0.0070705860407,2.13901308671,-1.05581512553,-0.241855712357,-0.0175339684045,2.24253140615
v5,283269ac,-0.480091393755,0.985750633978,0.00176206624743,0.749503626117,-0.452610120725,3.03710097823,0.000973730153187,2.45067460875,0.61502056169,-0.246523139904,0.00615139370217,2.26141638515
v5,28473855,-0.191524475524,5.42198701136,-0.00664476560066,1.71316753795,5.96579903105,9.9989496782,-0.00556081361333,2.40388139754,4.51311960415,6.12009827173,0.00594461947105,2.36294903083
v5,28f4eda9,9.55695974174,16.9029084567,0.00276849752613,2.57710786687,11.7846140441,15.8965671354,0.00297273611577,2.48298531821,10.6191997052,17.3863363398,-0.00110648230632,2.65255542796
v5,29b24409,12.7062376946,9.67911503197,0.00981837945575,2.69170544442,9.21449296628,12.6138089323,0.010052397776,2.44580683684,10.4828330572,14.8415494095,0.0108465271372,2.63706199594
v5,29de15c8,-3.75163217721,-6.39206047086,0.0404604511136,1.72022053287,-0.278297176037,-2.51169620704,0.0407422477048,2.33190889906,0.928037836341,-0.453901512857,0.0111191030828,2.26405184144
v5,2ab29395,-1.84941684665,0.119330302038,0.00993486689368,1.24111134153,3.2355464709,0.449521433441,0.0105289245649,2.22668186149,0.624760773582,-0.0614009020363,0.00599038104627,2.25987604916
v5,2ac7cb6b,-9.4238496994,-36.7090908445,0.0154477383369,3.0251111206,-19.0810689837,-36.2691631846,0.0136694028542,2.46051149964,-19.0210611177,-37.5261720881,-0.00233051207423,3.14308256389
v5,2acc78d4,9.2892076887,25.4579147199,0.00502849359764,2.68281679315,7.57110888881,8.166721641,0.00454838754994,2.49342879079,1.88924894745,2.11103465848,0.000796784357147,2.28902727914
v5,2b034622,-6.14806265616,1.58540238049,0.0343404581163,2.05484416593,-1.61507792018,-4.76747897441,0.0345258569801,2.31328276142,-0.359334561072,-1.97109814982,0.00793728014941,2.2603992991
v5,2b06ad65,1.81412828947,2.70246476723,0.0117165736389,1.32078918734,0.965541720984,-0.304556388701,0.0112315098111,2.20055435947,0.946021636486,0.245795620984,0.00950879925824,2.22774852296
v5,2b547943,9.89807758621,19.0143438518,0.0197093909374,2.5833526005,11.5854581966,14.3384944455,0.0180955496865,2.48246730019,4.75135775646,6.86093426356,0.00537350624111,2.36948583102
v5,2be5c96a,0.714622327791,-6.09193642485,0.000816777238203,1.53941426693,5.74206826554,-1.16883072966,0.0011010248816,2.39671403194,1.25609041543,1.33238684224,0.00321717456796,2.22482727604
v5,2bff06cf,27.0296983211,15.9685777366,0.0169448349301,3.3819445974,8.11600294078,7.67267311725,0.0175949953573,2.47586591319,1.85860838114,1.12126017196,0.0102070356303,2.2699824594
v5,2c0c4a4e,5.89795407098,11.6519997699,-0.0124207973047,2.2023160589,5.79811557939,11.9138411473,-0.0115004665061,2.61063269201,1.05517397127,1.70428862035,-0.00910162984522,2.25701617219
v5,2cee0cba,-7.95743636364,7.38322091256,-0.0102893850044,2.45660497456,1.83482434494,15.1888364368,-0.0109768173895,2.52559180988,3.00945691531,5.78003307639,-0.0154150842624,2.33167681432
v5,2d0c268a,-12.1760769231,-7.5722362181,0.0142813590502,2.76473238767,-5.75169362558,-10.389953749,0.0138561886641,2.35489873699,-4.98017954338,-11.656174479,0.00559933517199,2.45861677269
v5,2d179ded,-1.97207191781,-1.74751953457,0.0187508487371,2.16902561839,-1.25178406263,2.85105492087,0.0186214918916,2.2712085251,1.33176646822,1.00465722562,0.0111367214949,2.21416265774
v5,2d196986,-8.81614612295,-24.3755864024,0.00240553189963,2.56428123899,-8.54654917937,-12.828363093,0.00284337030402,2.58479773734,-7.99407059676,-15.6502706614,-0.00210514612841,2.60478906327
v5,2d2d0c6b,0.736917740336,1.38046715824,0.0338548660039,1.39771521931,2.98611961421,1.68742508977,0.0331469524595,2.59140478378,3.60714429805,4.86610648254,0.0111448967695,2.30947496799
v5,2d35f86d,-0.535541258169,29.953846295,0.0269536045387,2.50276267614,6.76457671071,15.2966400692,0.0252658752292,2.59138035908,1.8048909233,1.04676795214,0.00995939501201,2.28104583412
v5,2d9f6cb9,8.01689424911,14.7829346048,0.00315035967625,2.38956119188,10.2587518687,9.30350151645,0.00311978595521,2.44231818347,4.13584722235,7.06883386737,-0.00304161458893,2.37461321862
v5,2ddad940,-2.92876571,-17.4115970003,-0.0106366765954,2.15707555516,-0.86036130356,-9.47556223436,-0.00976653647763,2.31569287708,0.996921931142,-0.303103537323,0.00852176794403,2.26435939507
v5,2e29e833,0.280810611643,-4.87252091819,0.00780420478162,1.66914952024,-0.114898702328,4.24786016586,0.00759876962109,2.08655757705,1.2960710569,0.216365125459,0.0100800573977,2.25508151635
v5,2e43c2ea,4.40575991576,11.8212528329,0.0334113044627,2.13858231833,2.33543748979,12.038384971,0.032970921535,2.85461956804,3.51934407343,4.27530072121,0.0104853034456,2.30960105969
v5,2e63d9de,-3.87418812513,-39.765719542,0.016790385437,2.69286266373,-5.56202473336,-13.7354409537,0.0157823371262,2.47212871603,-7.99407059676,-15.6502706614,-0.00210514612841,2.60478906327
v5,2ee0235b,-4.89365190785,3.84128255142,-0.010668274748,2.05450234308,-0.72016355089,7.77671071013,-0.0100408570094,2.39019581719,-0.56357846561,0.17755037107,-0.0129605799218,2.24152037153
v5,2f19d536,-5.89366580311,-7.80775454689,-0.0356193321547,2.01963824424,-5.79076167722,-5.25927833458,-0.0349264377793,2.39042231863,-0.20958935712,1.08271121065,-0.0192229748454,2.22153848274
v5,2f8e53c3,-1.69440632228,-5.80911090511,0.00713657765309,1.45699863291,0.977997677145,-10.5795520945,0.00814182636101,2.06440459843,0.371954109563,-0.876294677799,0.00913821206621,2.26377486596
v5,2fa01aa6,-15.1232842686,-37.0762644672,-0.078748498997,2.98454086331,-17.6946615643,-31.938659571,-0.074557571543,2.36185022353,-14.4638280426,-30.2173865421,-0.013355325135,2.95863160404
v5,2fd68f7b,56.019744186,55.2542913016,-0.0085268165988,4.12293449111,26.0827723223,54.7419530314,-0.00749552969321,2.09765976737,19.4696383201,29.0360337849,-0.00545555925999,3.09165993748
v5,2fe023be,10.4132693674,-4.80702245691,-0.0164029824535,2.63255850637,-7.80120168913,-14.7210625801,-0.0168975534158,2.62127122249,-11.4250498471,-17.3085128535,-0.014778860831,2.72875351531
v5,30d75030,-10.7932373678,-46.9160394767,-0.00850477976427,2.92312494937,-15.7387001508,-48.1983362991,-0.00858217161217,2.60456369245,-18.6665685308,-37.0990899719,-0.00255297338066,3.12518805875
v5,310c71a5,6.34926978074,-3.69558537932,0.00407584242747,2.28679239006,-4.54988251984,-10.3574200098,0.00378859642246,2.48686317717,-4.90359878032,-9.58859041399,0.00663130091634,2.45337424182
v5,32fe84c9,-20.1564497503,-20.2789559027,0.0134470037147,3.14634048536,-12.20639938,-28.2702046377,0.0131606826492,2.51712711195,-14.837026033,-32.692774667,-0.00185128725908,3.01923091714
v5,33c40295,3.0560566083,24.0517265048,0.0300298301305,2.27220730293,4.14306669424,20.9893127626,0.0280398668674,2.68096057179,3.95496845777,5.50730692188,0.0100424531809,2.32080780143
v5,3407f5bf,-14.0159098406,-46.3998016177,-0.00644086820632,3.10431232131,-28.7656204833,-56.8834592854,-0.00730771788877,2.23955638726,-15.1064950197,-32.463532697,-0.00790633786026,3.01115868264
v5,3417285d,32.7090952468,12.8966323241,-0.0125844102643,3.5673327765,9.36776656925,26.3532748132,-0.01157910193,2.36151496204,18.0164845077,28.5075441048,0.00504798578153,3.03633042919
v5,347242c8,0.20678720445,1.82458974196,0.015219052084,1.17619752262,-0.407450411836,3.02302502751,0.0146842383541,2.30137717123,1.20256732022,1.62460284935,0.0012470653091,2.23268529305
v5,353e5502,1.0758973936,7.35034425076,0.0314785698462,1.89301566143,2.32873423529,-0.634540531058,0.0305702086978,2.79304556163,0.928037836341,-0.453901512857,0.0111191030828,2.26405184144
v5,357c12f9,3.56400098063,5.44982231083,-0.0657041230089,1.8907629496,-0.408726594894,3.20192221863,-0.0664486966941,2.45717322594,-0.883063879347,-0.121383275162,-0.0185563105813,2.24428798855
v5,3584a6eb,-8.10273920783,-13.0519867142,0.0247414951964,2.31335868514,-2.12064100927,-6.04011393595,0.0243185552995,2.56833844967,-0.593102905098,-2.38323549565,0.0077014015527,2.27338186485
v5,35b30c7f,-17.6190165988,-17.2228579938,0.0280478538584,3.00328308891,-1.04101789982,-16.8818670017,0.0269353009929,2.5647639054,-7.07301237793,-14.655857787,-0.000988074870284,2.56402400542
v5,35b3ef6a,-23.9009451844,-30.6600957907,0.000597445583819,3.29751633035,-17.455187889,-29.6349930368,-0.000233440894354,2.29715714737,-16.6384302114,-35.783894829,-0.00159348633618,3.10583433632
v5,367456ce,10.8164140779,6.31336452464,-0.0191487955308,2.61171381588,12.7828172009,16.789424326,-0.0175672460784,2.55118422202,13.9026265394,23.1120849068,-0.00859259924378,2.8138652016
v5,368131f9,16.9838629533,38.5834452592,0.0199165458839,3.08538023364,12.6766263367,25.3711932311,0.0192423395901,2.61641848907,11.5226910162,17.0825651743,0.0132216802038,2.73071790841
v5,368fe682,11.2572285251,9.66109807562,0.00819667869445,2.69991739846,5.23844623465,10.6357554764,0.00873056927255,2.54217969725,1.85860838114,1.12126017196,0.0102070356303,2.2699824594
v5,3690a146,2.14700466487,19.0826613349,0.00389782793558,2.09558017439,3.70485200677,13.3183013965,0.00279331881407,2.4168239204,1.75170987629,1.30983510773,0.00433805845856,2.27525488201
v5,37344c2a,5.97685587839,28.1300590945,0.0562712269026,2.65600577516,5.32846102396,5.63346303887,0.0550804633046,2.17530193755,1.83352818667,1.01246356914,0.0110398275268,2.26835571562
v5,373ef48b,3.31184667997,5.41870393348,-0.0274556489824,1.82570852114,2.98455535613,4.03882021288,-0.0267128651166,2.49974456873,1.02218095184,2.23110697741,-0.0151018850258,2.23743189348
v5,374be387,-2.08801204215,-8.66480723834,-0.00466714097251,2.04287644243,-2.61077773274,-8.11980126172,-0.00431004140574,2.46510769795,-1.85627350147,-2.73438832,-0.0101743786442,2.26866272855
v5,37d36812,19.8489832837,19.8917885389,0.0340439927836,3.12922736273,17.3252241662,29.3477930541,0.0331706294737,2.47326910464,19.5536325659,27.9330048149,0.00580119810646,3.0621761168
v5,38991fd4,-12.7939224677,-19.8096391382,-0.012186366852,2.76418104453,-7.65472807561,-13.7960311329,-0.0107294900636,2.48861181434,-1.56973096186,-3.34258073981,0.00431585282467,2.28603958266
v5,389ae58f,47.8121321368,41.2157784774,-0.0285620144476,3.92716870701,27.2974337925,33.7043847693,-0.0274985531591,2.72319421755,19.9053821114,27.6200078998,0.0028210268581,3.11531298291
v5,3932faa6,-1.6666269259,12.7894236111,-0.0260501181982,2.65027804241,-1.05282020965,1.46226568073,-0.0277596752343,2.88664279213,-1.15975091558,-0.581910361366,-0.0188219706775,2.24780002035
v5,398dce4b,-1.38212255212,3.79733079266,0.0110802220796,1.71554747473,5.70015194197,11.6325022203,0.0109776179653,2.31424534642,1.85860838114,1.12126017196,0.0102070356303,2.2699824594
v5,39b51819,2.1916520917,2.06915812446,0.0279647456829,1.42559951372,0.937687788817,3.33251682043,0.0282571237699,2.52685100689,0.891236127678,-0.328075280032,0.0100871398389,2.26245955025
v5,3a0af893,15.8795524428,30.5962420399,0.00440412237245,2.98009900906,14.1073547475,20.6168295965,0.0030151196064,2.49060183122,10.6677368587,16.9733967648,0.00764061987396,2.67025377941
v5,3a223519,-7.23153392974,-18.7419899743,0.0039603103941,2.34191756016,-4.71429773718,-13.7687090868,0.00313797274198,2.47331589629,-3.44407310679,-7.16553268684,0.00137473397662,2.37198279467
v5,3a7dd95d,-9.46395507812,14.8731287181,-0.0405729726928,2.6397990981,-4.20040799622,-3.91229106252,-0.0391045725216,2.55349695341,0.929734712751,2.31797601979,-0.0121478644688,2.25112457129
v5,3a824aa7,-2.66101880505,11.0655026109,0.0421814730123,1.90063352876,4.94447712834,3.66063190126,0.0398241051023,2.31907035313,1.27099086243,0.107568522636,0.0109128492942,2.25345477257
v5,3a86fe8d,-10.5534544744,-8.72973289176,-0.00895942807089,2.53644788484,-4.19129990763,1.54301187563,-0.00755735657258,2.64133844863,0.912096848599,0.00514978798591,0.00940437046201,2.25944667249
v5,3aaa2b30,14.627191679,30.3839328898,-0.000346205520909,2.9188637739,14.088055985,19.3203789581,0.000144278723161,2.40405684336,11.2148453217,18.8301499338,0.000538097370899,2.70924291339
v5,3ac16ad0,3.18286599398,-1.02478296824,-0.0191147799737,2.29056778538,0.662468768948,4.50612631084,-0.0191190432433,2.54244339403,1.02218095184,2.23110697741,-0.0151018850258,2.23743189348
v5,3b21ea64,4.55421366594,7.37100696984,0.000297834309149,2.23740102469,7.18004197926,9.27086417548,0.00187225884062,2.42367428935,1.70131607695,1.16837179379,0.00772600418225,2.28158028737
v5,3bbe1f5d,9.17250505927,5.57822652457,-0.0156087908464,2.44865777678,3.25295718155,14.2234607953,-0.015411042935,2.28474141215,9.52834200849,14.1635260905,0.0126628336766,2.59594293982
v5,3bfee975,-0.434152095476,-0.512162580018,0.0300749316792,2.1793483314,3.34148978769,-6.77659645126,0.0286839820932,2.02879841904,0.39011423649,-0.760974629361,0.00760919184689,2.26929736847
v5,3c3dbcbc,-0.424269086605,19.9645800334,0.0103243950721,2.22931434001,5.7779349244,9.73253897729,0.0123794599054,2.56888340926,1.2960710569,0.216365125459,0.0100800573977,2.25508151635
v5,3d96d897,-1.67219826825,0.462564124691,-0.0192267770222,1.52807396976,-0.625704199742,1.29849876111,-0.0181220620917,2.43465149681,0.921619307069,1.89702015745,-0.00868647068153,2.24165482639
v5,3df4b19e,-6.64121692061,-11.9478525852,-0.0040654135844,2.26928582284,-6.10560741704,-8.97334796672,-0.00374836713199,2.56115977713,-0.73378055051,-2.06802194869,0.00328134450104,2.27240401977
v5,3e011332,9.61589056188,30.055767188,0.0274687497651,2.91351632317,0.552694990584,4.72106550036,0.0217992644576,2.46111481833,1.21561787529,1.48463951521,-0.000154735957928,2.22952073292
v5,3e678ea7,8.12701953923,-4.98375605513,0.0230897086359,2.41858093094,3.47802575029,1.82321270476,0.0224004492737,2.31834984551,1.27099086243,0.107568522636,0.0109128492942,2.25345477257
v5,3ef6372a,0.563545589169,-10.5248431572,8.2853677967e-05,1.97815327095,-0.661758321753,2.64730630318,-0.00102374067595,2.25492655819,-0.108176439905,1.10277214023,-0.0178881371605,2.22576490506
v5,3ef98781,-11.6070889003,-0.915020726584,0.00945351554604,2.59777977752,-1.99938584066,0.991686441016,0.00971150244644,2.1535701717,1.27099086243,0.107568522636,0.0109128492942,2.25345477257
v5,3f603129,27.4061987725,1.84440637563,0.0220887271327,3.42465919759,13.9289945855,9.62075089882,0.0202812537158,2.58497984805,10.1758731923,15.0186451973,0.00889058842812,2.64863466718
v5,404c4384,2.94919868277,6.20912978797,0.0220868039885,1.52631048943,9.45718719221,8.30566095526,0.0191510787449,2.43292887691,3.95496845777,5.50730692188,0.0100424531809,2.32080780143
v5,4121c517,7.76688154714,-14.1576707136,-0.00515940733673,2.50333894001,7.15863440809,7.05526177674,-0.00462066267161,2.3634543982,4.14225404815,6.24588860171,0.00748794279521,2.35285335916
v5,41fb0192,3.00551631349,1.37481555927,0.00281323190219,1.51682037265,4.01725307115,-0.552174308849,0.00421700283721,2.59822290355,1.35014347371,0.982657496074,0.0122483914771,2.21157594115
v5,42669188,-21.1465156469,-20.5849859611,0.0367927495684,3.17933125573,-11.1512399687,-30.9330375344,0.0362701361695,2.30523037891,-16.2634855252,-36.6225623307,0.00107491148925,3.08555769042
v5,42c538a1,22.1261726136,35.7140891259,0.0239820671402,3.30280626754,11.8565784777,24.8544565408,0.0225039632753,2.68100861114,11.0034673686,15.8080600865,0.00924007110128,2.67901718112
v5,43b06c70,7.00508873297,-12.8676942522,0.0352361824031,2.27924914528,5.40871391526,-1.35060916426,0.0345449695296,2.81831392366,0.590029796535,-0.399746441977,0.00941846036463,2.23681871461
v5,43c7f85a,-8.79099029776,-11.9453804576,-0.0266352735125,2.49982565324,-4.9298013693,-6.82327829997,-0.0257317299413,2.45842804172,0.297171017377,0.527249684244,-0.00473610939079,2.27023355616
v5,43e16325,37.5043360215,90.4827503489,-0.0428169968002,3.84538441303,34.0310400898,76.8686583585,-0.042049534842,2.28282706007,19.4696383201,29.0360337849,-0.00545555925999,3.09165993748
v5,44441e54,-0.396940555428,-2.41103596066,-0.00446172599834,1.5409298699,0.210263870411,-3.12943763717,-0.00455517864986,2.26527097257,-0.685882241934,-0.837071489679,-0.00681089760931,2.27217297029
v5,445af6c2,-26.6352342327,-39.4680916156,-0.0170884149645,3.43251736632,-15.696083407,-35.4424438829,-0.0176946149436,2.56538883491,-17.4652106674,-37.863744285,-0.000214189912689,3.1297099683
v5,4463446c,14.9239189189,36.3341278207,-5.95141807932e-05,2.98872241479,12.0531099144,19.7417208004,-0.000400918775245,2.30786589517,10.5344571352,18.385132319,-0.00507005109219,2.66930286109
v5,44a94013,-20.5740995309,-11.3651854992,-0.00265180044606,3.18893645003,-26.2773532564,-43.0655246696,-0.00396473089418,2.35836632488,-18.7165117937,-35.0369443313,-0.00773073394369,3.10954067027
v5,45fb3e21,-19.7846177035,-50.0480430367,0.0032054873501,3.26421738483,-18.2689211864,-32.8469626167,0.00339568624391,2.42282232808,-14.9587610063,-32.6864908738,-0.00255565786952,3.01424286787
v5,460f859e,0.323090527577,-47.9979780497,0.0411726083772,3.04509703049,-11.3362267782,-32.457397646,0.041130899199,2.50192911546,-10.9555759357,-21.1221597865,0.003041495671,2.7499347358
v5,4630ab92,-8.23147346576,-16.3098021054,-0.00545073732484,2.4749026242,-2.34019697769,-5.30967741356,-0.00595525148502,2.58745517121,-1.19382947187,-2.18740082069,-0.00149408814975,2.25753338823
v5,463c38f2,0.222506726458,6.0778327689,-0.0237580323158,1.99011113099,3.47928264007,-2.71003029589,-0.0227093061342,2.60254344553,-0.402004460186,0.223988601897,-0.00790591729339,2.25321634814
v5,4654e7de,1.52637446492,-4.8829916651,-0.0103849902397,1.83453254037,5.23875379034,0.756572597437,-0.0105728330519,2.37888981713,3.31113964267,5.15453760491,-0.000925046556137,2.32402563069
v5,466fc788,12.9080522834,23.5143589761,-0.0290667895603,2.88852448734,10.8622636467,18.6203023672,-0.0274344430957,2.71710277713,12.6996076123,22.50915812,-0.0106261513732,2.7632361133
v5,46a301e9,-9.66879893022,-4.34222428915,0.0237158332382,2.46079520446,3.71598401134,-14.4542099325,0.0211472398491,2.29894485598,-0.912557796064,-2.85825641845,0.00668064257404,2.29060044178
v5,46a7190b,10.5480664294,22.5973753874,0.0107621236686,2.66098477879,9.5200919526,17.4235866147,0.00942529680376,2.41603057948,8.34692802891,12.3542814675,0.00591639278889,2.51933200121
v5,46d24a09,18.6067543268,6.76818202399,0.0285981327944,3.09260610282,14.1043908506,22.9212624017,0.0259620066732,2.5513494517,13.1698974427,21.5086915561,0.00426167755812,2.77672979655
v5,46d41ff6,3.10865713201,-2.82744656276,0.0179747545057,2.09835152964,8.92212010084,4.885665428,0.0162825239496,2.46831728894,3.51934407343,4.27530072121,0.0104853034456,2.30960105969
v5,46dfcfca,22.336797005,15.239602829,0.0117625144979,3.1907609161,20.8219152149,35.1595338079,0.0129571510499,2.58033532773,24.5607433559,38.7751865931,0.00893059481861,3.29811160026
v5,47222616,8.93916023604,25.1675691326,0.0231140998408,2.61943958681,5.67511285997,20.8558329272,0.0204848576655,2.21923649677,1.6193679405,2.07660001884,-0.00212934727645,2.27109628853
v5,47ee27ab,-1.31047834923,-16.0138769428,0.00931858285371,2.17601613177,-5.58170666811,-12.2031819639,0.0102697701446,2.34545761338,-7.07301237793,-14.655857787,-0.000988074870284,2.56402400542
v5,481de5fc,-12.092641129,-3.06625793176,-0.0219678303788,2.68519180035,-11.4268758735,-14.0993530929,-0.0213163145098,2.63428251262,-9.17361402303,-16.3227245074,-0.014036227393,2.63798170798
v5,48c1f673,16.0403496743,21.4107382194,0.020552657429,2.96939564399,3.44007559785,9.87630479537,0.0184716858918,2.27602471026,0.879898992405,0.685529252977,0.00674349753132,2.25819927289
v5,4936af16,-1.90787020797,-10.4616453202,-0.0113336862812,1.81267763161,4.25965717383,-3.36684751983,-0.01012783933,2.35990405502,0.799182529545,1.3205446836,0.000317862831565,2.22704684586
v5,493b5b31,13.4838578463,51.2746894603,-0.0396315257759,3.08219705028,7.22286491903,36.0732673908,-0.0379093656403,2.54431757426,14.846209251,23.8786105663,-0.00925783483471,2.8786251856
v5,49dbc14c,-4.00021177686,-9.82939641735,0.0250404439066,1.86754948451,-2.49009377688,-8.8337838347,0.0242849629112,2.46166173804,0.916334420271,0.310037823308,0.0126606913408,2.21129976558
v5,4a035ec2,-15.167812983,-33.9812688386,-0.0201485822534,2.96414743481,-14.5533251794,-28.7884379452,-0.0179228650309,2.37830516903,-10.7055265543,-20.0689625471,-0.00900034902313,2.73883190829
v5,4a335117,22.4902711864,-2.17318603997,-0.098773485252,3.25866307673,30.1805573579,36.1956775306,-0.100325591851,3.01067864324,24.1629781523,39.2501469393,-0.000522990852713,3.26326815182
v5,4a8ecc0b,3.79021862627,18.773332772,-0.0211468647572,2.50241127929,-0.115933851112,8.96826447263,-0.0214666582603,2.31350138284,0.732063580111,2.41258818925,-0.0137691020095,2.26516735229
v5,4b462989,-3.61158403091,9.59834737878,0.00996295888648,2.02880915851,1.90046466386,-5.96392653244,0.0078185770136,2.40703547976,0.604175103807,-0.0587433799896,0.0057680507745,2.26883259967
v5,4b831d20,-13.2653911379,-18.7157387731,-0.0508617165132,2.85666133363,-9.50527359382,-18.8542180195,-0.0516676545986,2.47689324149,-14.0229780262,-28.7481125493,-0.0138766308106,2.92615867623
v5,4c2208f5,35.3869242199,16.0070907217,-0.00139408651697,3.64758560629,20.6728205706,23.1733548835,0.00370294206157,2.5168072031,12.9807078987,20.3491632119,0.0135663502521,2.81311213706
v5,4c3168cf,3.21371481311,-2.97884773011,0.00827224997476,1.68613301926,3.0740475623,4.92459339079,0.00848889518918,2.69263464434,1.77107011642,1.31822054096,0.00736666118929,2.28579421651
v5,4c3df468,18.7665986647,-0.617646614113,-0.0148483881278,3.07872204221,6.25258325627,10.0488724991,-0.0138371773743,2.40732964165,5.17017472378,9.29243544559,-0.0036124889413,2.44155619335
v5,4caa7289,6.966551149,20.5242796179,-0.00993818918564,2.36835909589,5.17801672332,17.1094769702,-0.00795975970116,2.42434171153,8.52187007156,13.5986583782,-0.00367447597071,2.55052243293
v5,4cd1ac61,14.5240922254,5.39597564152,0.0412261336861,2.75649603625,10.2655960707,14.1778718618,0.0404914881385,3.12782727309,10.8027453831,15.3769829624,0.0131056365172,2.68258276549
v5,4cecf7b3,-2.69528326965,-5.61257773419,0.00817606943812,2.28206751306,-5.31097674842,-13.5366454234,0.00702176047027,2.60328367835,-7.39798759102,-14.2403984018,-0.00553105989279,2.56895475397
v5,4ddde4c1,-2.95282871199,7.20658024774,0.0022758404291,1.72006316896,2.82369276607,8.98028144683,0.00247910310962,2.33024875086,0.962961097984,1.73414790585,0.00244288350641,2.25070994437
v5,4e050c92,-4.12361673414,-14.3386628096,0.00249477437233,2.04907041603,-2.66581962397,-16.2447283912,0.00457271436175,2.63360331961,0.887016654124,-0.103646814836,0.0102371623585,2.25781992871
v5,4ed93db6,-7.63058191969,-15.9069680835,-0.0171034335438,2.31592616049,-5.52401328636,-7.04640273496,-0.0174300426027,2.45950286911,-1.53288375452,-1.77915135846,-0.0183989110815,2.29841064749
v5,4f3eb9e9,22.9834341069,77.5034459538,0.000509584428576,3.52867924978,17.9021876881,46.8406263199,0.000579273429059,2.51484308251,20.4343031325,32.669074337,0.00395460718457,3.14576311221
v5,4f4ac5ce,2.67447694692,20.7857538405,0.0120865296274,2.22468972253,7.40284207401,13.0143213696,0.0125351781771,2.38999156226,4.74935786326,6.76592619265,0.0101625936907,2.36799270206
v5,4f4afcc6,-0.252249778565,-18.5780429918,-0.0200396949077,2.23261361233,-2.56878834524,-7.12993067739,-0.019597801703,2.36219362706,-0.912610820973,-1.15987905107,-0.00807607456667,2.28848493775
v5,4f69febf,13.7202545788,17.7693614924,0.00259158091301,2.76890982529,7.40783277238,23.0397319926,0.00307934706473,2.46859204463,11.4199772308,18.9312668883,0.00077638851873,2.71494097461
v5,4fbe9c06,-8.82502306346,-5.14438064976,-0.0125944087516,2.61744120662,0.362954234744,2.97680543105,-0.0115760399892,2.41500062196,1.2960710569,0.216365125459,0.0100800573977,2.25508151635
v5,504c8b08,-19.74191613,-15.0227831309,-0.0178324827149,3.07531842287,-14.3635154374,-15.5052329154,-0.0183040000273,2.66425949472,-9.89745369561,-17.7203161833,-0.0130774091138,2.67916500234
v5,511e1db0,1.05306725988,5.23078928848,0.000267925956922,1.29381048321,-0.200879766863,-0.403871963411,0.00247281198118,2.4370111559,0.425315809413,-0.322229527504,0.00611385077234,2.23652763401
v5,512943b2,-2.19047723205,-6.67032936523,-0.0221568489903,1.61601199047,-3.6245097051,-8.57979797991,-0.0215762844282,2.32023436331,-1.30194914662,-1.85672565395,-0.0122185952553,2.30159111622
v5,5138a660,-3.39765664512,-11.184245161,-0.0134904863858,1.86841350426,-5.84841831862,-15.4979137905,-0.0108321930002,2.43734340816,0.18374796033,-0.0234094249745,0.00592508604757,2.22609067372
v5,516088b7,0.477534988713,-9.73190999457,0.0119416781012,1.99763521377,-2.51708641946,-3.50056176579,0.0137524186484,2.37830642634,0.590029796535,-0.399746441977,0.00941846036463,2.23681871461
v5,521a7819,-23.0833,-24.6597796311,0.0234043753317,3.27191832837,-3.00160286155,-25.3779053798,0.0247373327204,2.55787518623,-9.3881214514,-18.1429893983,0.00355505961227,2.66905498096
v5,5254b6db,6.95526267563,2.23563062015,-0.0306935203511,2.11551804167,-0.0776628207316,6.1614412893,-0.028638579293,2.57382441507,1.01140974159,2.65431998211,-0.0139134390011,2.25470404925
v5,529e88ca,9.73401521803,28.4559671131,0.0453248833735,2.78905398721,9.25410159287,16.3206407187,0.0414437534947,2.49709266648,3.51934407343,4.27530072121,0.0104853034456,2.30960105969
v5,52f1e77a,11.8637933363,-2.8303002036,0.00557815076876,2.71964148688,12.0615847821,5.31812520711,0.0066864662846,2.40178289395,11.3859421866,17.4128069399,0.0130005672721,2.70756027845
v5,5305524b,-14.6149755002,-21.1540442117,-0.00100838446437,2.86988010256,-9.6657780932,-12.4409240637,-0.000934526954104,2.44949254745,-11.5882212658,-18.5889944449,-0.0115675496641,2.74444224056
v5,53134831,-16.5473936793,-13.9352564046,-0.00563001035978,2.90930005299,-8.80602649775,-14.2887622792,-0.00525797405897,2.37672607721,-9.04110847508,-17.8159397364,-0.00513547873097,2.66498471355
v5,5397ceb1,1.51068506185,25.8310649262,0.00247029328251,2.32736705276,9.78352917221,9.57857578725,0.0017960121286,2.50734782423,5.43161880318,7.85181437061,0.00801748504128,2.44330338646
v5,53f23031,8.12843391813,20.0492747974,0.0108507172606,2.45684868678,5.99958446837,8.87966506275,0.0101343698408,2.23443370746,3.95496845777,5.50730692188,0.0100424531809,2.32080780143
v5,543198e8,6.86680455175,-31.1462927301,0.0151394431541,3.06874832976,-16.5234278903,-39.7950699316,0.0143232528799,2.48811215946,-17.3452196904,-39.099761484,-0.000562879262299,3.11908250403
v5,54753541,0.0287903626426,41.2687677736,0.00510235875027,2.84623283024,24.1442557279,44.3463986531,0.00506800080911,2.54805719349,24.5465213777,38.998033235,0.00786328331567,3.29717778779
v5,54a7e3c2,9.67708204712,-4.9868047246,0.0200001096988,2.48804857763,1.5896229747,4.60562440483,0.0213598347197,2.4861203634,0.912391930748,0.208217497656,0.00952248712023,2.24177491144
v5,5542c301,0.795828460039,-10.2563712083,0.00299374801729,1.87197356797,-2.70744955263,3.56096904458,0.00310045024821,2.54288890996,0.192771335503,-0.296783729805,0.00422986172907,2.24367949277
v5,5567d551,-7.01375235883,13.4900781107,0.0116087771882,2.42387240078,6.98230009796,12.0009390743,0.012749020469,2.38228788418,1.85860838114,1.12126017196,0.0102070356303,2.2699824594
v5,55efee7f,-18.0244969798,14.5222382207,-0.0175880488991,3.2897128224,1.62309459005,8.34960108195,-0.0155546230942,2.50484842768,2.26244129524,1.96725808627,0.00865721218238,2.29966778419
v5,5663b2b7,-7.03055108608,36.5452042494,0.01366200402,2.84978666,-0.0976405354339,2.6659811635,0.0127019067788,2.52752181966,0.28146862616,-0.895224931333,0.00799766721633,2.24038326612
v5,5693dde2,-5.9867603211,-1.14812284546,-0.0294754919215,2.07415698469,-1.70223778528,-6.94619102225,-0.028016526697,2.29775798998,-0.0212573079946,1.21444961683,-0.0177369711044,2.22708575092
v5,56b00794,27.9574014839,28.7991503128,0.0229405793809,3.43220264592,14.9820479544,19.8744464347,0.0207088197846,2.58604069537,11.4633456732,17.7662386276,0.00913648385384,2.72462748247
v5,57796579,9.73312903226,16.0165229058,-0.035652993602,2.62561584881,9.51596222215,14.9180735894,-0.0348821184374,2.56687122601,12.3109604136,22.3538664758,-0.0106897761659,2.74651336169
v5,577eec7c,15.4510442829,-21.280325601,0.00274114484404,2.98947713087,0.659217255948,-5.64515503526,0.00342963837531,2.36323563996,1.38742462931,1.05154969944,0.0100513620342,2.2166374852
v5,57f05c51,31.4737162021,43.8406048821,-0.0563892772467,3.61964874561,3.74140268328,22.2499164798,-0.055711529243,2.23645074746,0.908889897715,2.64247075104,-0.0148005794196,2.27491239318
v5,58850d2c,-14.0522522523,-5.24894260153,0.0106658496197,2.76556131416,-6.11482774713,-9.65948551853,0.0101886627313,2.5240224219,-1.32109411779,-3.58604365257,0.00630567784404,2.30625480522
v5,58fa8486,-7.45098324022,-28.6172716761,-0.0547853401312,2.55456493347,-5.39451704876,-6.36412742604,-0.0528216469085,2.72778607906,0.473937935374,1.98356125456,-0.0138474662736,2.27739021625
v5,591cc951,-12.4040919939,-24.4753456356,-0.0148775768915,2.77396245356,-9.88015987199,-13.8410100877,-0.0136114104307,2.47282063393,-5.52932299981,-9.65438333133,0.00114325463625,2.47155519308
v5,593876b6,10.3539487815,-11.451741762,-0.0036299889679,2.58613766556,-1.29787908166,-15.9782441568,-0.00285518842259,2.41552493179,0.607783637927,-0.184327715326,0.0117065890224,2.23930717998
v5,59f8b2e8,-2.21067787564,11.0291260629,-0.0303237953831,1.9789837009,3.57420860659,9.90664571524,-0.0293041756349,2.4287073236,3.71536820057,7.4477068117,-0.0150485524595,2.3668456125
v5,5a1a8fd8,-10.7787338403,-0.564494533633,-0.000600609924568,2.65079405317,2.52602363083,-10.6385165036,-0.00204891913721,2.87662026469,-1.59576796142,-2.74181120131,-0.00282012750526,2.27363760735
v5,5a5269a9,0.686241363426,-10.7338479782,0.00163279278935,1.92615996959,-0.03544705045,-5.66159200462,0.000492377966367,2.1419729847,0.61502056169,-0.246523139904,0.00615139370217,2.26141638515
v5,5a5d1982,-2.29622752953,18.8241930609,-0.00666432131086,2.09268507463,5.65613191218,13.3055344132,-0.0069390398146,2.49089307566,1.60598559823,3.13895029005,-0.0122700151849,2.27800489243
v5,5a63b5d1,-17.2752404697,-9.65773166811,-0.00368525208063,3.01794598729,-8.5076302021,-13.3221529598,-0.00234629610033,2.59774445613,0.205939378671,-0.937674882765,0.0110630788208,2.25596827069
v5,5aa03df7,1.60462122767,10.3632950315,-0.030514877871,2.0263063252,13.3813592574,23.094285144,-0.0288980399979,2.43150798654,14.3272554377,23.6356977046,-0.00988092828623,2.8312146102
v5,5aa403d0,24.389355356,22.0100561149,0.019314565265,3.28408207076,17.8059630241,24.8133746742,0.0172893015213,2.36422561459,15.8428736218,25.0057756518,0.0124391572135,2.94906754582
v5,5aef5c6c,-5.33728933034,-4.85649285769,0.00270143163895,2.47874259293,-13.7724609526,-21.3450751343,0.00190999881634,2.31369572465,-14.0190996154,-30.5308296886,-0.00277400396528,2.96096989932
v5,5b7b6324,13.9253001219,32.4869976525,0.00942673880986,2.9270907455,19.5506064638,32.6706817362,0.00999793241442,2.41497883996,19.2093376112,27.7905684474,0.00859246808867,3.09846239066
v5,5bd25f59,-3.01301187648,-1.11317401151,0.0117297130503,1.67492836456,-0.755789458267,-6.2125003801,0.0100547024749,2.21228935187,-0.68788732212,-2.17450993604,0.00556422039721,2.27905795496
v5,5beded95,-15.246745175,-4.55455838095,-0.020587121101,2.87041439055,-6.6636836539,-12.467054131,-0.0207288922746,2.1826374247,-6.88185160954,-12.6052926627,-0.0136783326014,2.50830655023
v5,5cb483ac,1.85255451713,14.4878826629,0.0118070254674,1.9620752194,6.71269275536,3.87582490447,0.0115948763146,2.26571068021,1.8048909233,1.04676795214,0.00995939501201,2.28104583412
v5,5cdd8dbc,9.78196758105,47.5458636393,0.0605006114973,2.90315967142,13.4927450525,33.3187664242,0.0594667638734,2.32918752508,19.5226328471,27.975418989,0.0070152482175,3.05914005389
v5,5d11dfb5,-0.191178965225,-0.575340234981,-0.00799600868505,2.37568471366,-10.4814776722,-14.2627290169,-0.00934689123585,2.47434956325,-9.99863461244,-19.6253070847,-0.0116510106256,2.69526059293
v5,5d7198fd,-4.90755344418,-38.712859261,0.000151051829682,2.66489600786,-11.0373624987,-22.0407327218,-0.000151212796301,2.58852274829,-11.3657406011,-21.1846812263,-0.000660989723845,2.76682604202
v5,5def1ce5,2.39096849294,-4.22439472226,0.0138347288479,2.203031862,0.0713035004164,-9.98760549834,0.0140015150171,2.417620476,0.530490791498,-1.00840470383,0.0108745459206,2.27035520641
v5,5eae34a8,1.27159257749,-15.2064782291,-0.00339863658139,2.12793221452,-0.925255213793,-6.65834543532,-0.00383502743539,2.36447348323,-0.526120647191,-0.852506377853,-0.00465567056795,2.27073935662
v5,5f4d2a52,47.16655311,104.010855735,-0.00420597258683,4.05897498971,23.7418884734,52.5215735169,-0.00507184046002,2.46029945904,21.6536197015,32.0873223815,-0.0111020693399,3.14482034151
v5,5f6756c5,6.6491047041,-8.60192085586,0.0178643378075,2.25903164851,-0.629449763449,0.519241422648,0.0164761446577,2.71392000971,1.18502202516,0.480219997837,0.00662472288339,2.25859802002
v5,5f75f796,7.54825242719,14.0467179882,0.00113057473912,2.3262934073,7.81395274422,18.4252885303,0.00117443391439,2.45166534515,11.9137311325,18.9771926873,0.00503244385755,2.73332727059
v5,5fb1c15f,16.937548951,10.5063454242,0.020532048826,2.95964294295,8.78115186317,14.2974692322,0.0179893089683,2.47080710227,5.56740118101,7.11309082296,0.0108647114516,2.38333480335
v5,5fffa282,-4.65283265889,-0.197731026848,-0.0157485798876,1.84342623128,-4.457988665,-1.64726832693,-0.0137296130337,2.4270746061,-0.348621715613,-1.57737185642,0.00455267343172,2.25845609818
v5,60e37807,12.4796517229,52.3456613067,0.0156381584905,3.08531097135,14.0445473129,30.9129411165,0.0101140630773,2.51798361819,14.0310361859,23.4431990081,-0.00673494834948,2.82663856528
v5,61f27424,-0.246352090033,-3.24547946097,-0.000168043318559,1.33894092672,1.75675408006,4.49828386059,0.00027879121639,2.21064073068,1.2960710569,0.216365125459,0.0100800573977,2.25508151635
v5,62569ae3,-3.82995261984,-22.0282788034,0.00135798677129,2.21522430054,-1.28344898267,-24.4415571108,0.00288324523593,2.17600430714,-2.14931428038,-5.22332361055,0.00689763167129,2.32656078642
v5,62a6f539,-5.26359057677,5.07798173603,0.0384139569291,2.18210422358,1.31502429711,4.54842809922,0.0383083525524,2.61610001963,0.590029796535,-0.399746441977,0.00941846036463,2.23681871461
v5,633774dc,10.7092716188,24.1508350058,0.0180110081965,2.72211285188,14.015655871,26.8537597444,0.018354977194,2.49093804899,12.704386895,19.5634632064,0.0129648903544,2.81347107539
v5,63559d57,4.57093143278,5.17745481356,0.00774397399201,1.9306834548,12.1604977957,9.7558387519,0.00749600448427,2.18883364713,9.32120671321,14.4681579569,0.00788199783059,2.585485495
v5,647f2a41,-3.47722236537,-8.91308611246,-0.0279128014789,2.02104771557,-2.14363857097,-5.51031993561,-0.0272828328246,2.39185788517,0.645497723206,1.52243155542,-0.0142886158592,2.2360735979
v5,65156b96,0.550683017696,14.2953975569,-0.0222042567495,1.95681924313,10.1875330988,18.8734465866,-0.0209828790803,2.25763812922,13.148211589,21.7545351765,-0.0120133144189,2.79848908714
v5,653612bc,2.02474267101,-2.03268300659,-0.000665943548353,1.34371054481,2.48280011089,-4.95948534228,-9.36690649114e-05,2.02926497964,0.558155662397,-0.434697845129,0.00826332731247,2.23687123433
v5,656a067b,4.5232546706,-33.6768116721,-0.00202201673048,2.75155900421,2.10145517117,-6.17542753064,-0.00164361575366,2.61604480945,0.946564249496,0.473398906641,0.00617722167248,2.2621467301
v5,65a5466a,6.43612427931,-17.8426371291,-0.000568692278246,2.56425837738,7.58520307918,6.50679443135,-1.33355979337e-05,2.46278460748,1.49935734205,2.03888500706,-0.0030373553929,2.24409716026
v5,660d9546,-6.31462806424,-14.0229764005,0.0198333546256,2.34504646488,1.32880848774,-14.4793035842,0.0208201673386,2.26548795596,0.928601716741,-0.424573763994,0.0105036783962,2.26014064215
v5,6767c111,15.4691508182,-3.21784623445,0.0336786407381,2.91642680582,15.4498623426,22.4113867446,0.0367683721666,2.89419214559,14.9258400898,22.496435365,0.0131554138123,2.92148596627
v5,67847288,-9.83236370979,-7.50099331292,0.00459492147776,2.52262704155,-5.85903165415,-14.3423090148,0.00659057769775,2.52929728137,-2.14931428038,-5.22332361055,0.00689763167129,2.32656078642
v5,67a8da4a,12.1052046426,0.427187623742,0.0162210471421,2.73999569102,10.7138077456,11.0557862747,0.0153905410268,2.58742950796,10.3888081657,16.3526205431,0.00222878333182,2.6532884707
v5,684a6fc1,22.31970055,-1.57605128648,0.0137367528153,3.2201141959,6.27426828142,1.26165662408,0.0117246232255,2.3481497006,1.36151176221,1.12677829628,0.00779369050899,2.22059522736
v5,698930d1,5.25850242565,25.0468543893,-0.00266795488941,2.43266309831,8.48996772885,22.0885745114,-0.00119519238905,2.55822826735,11.7985751851,18.6648454949,0.0105518997662,2.73465747896
v5,699ea575,6.65612378641,22.5717975972,-0.0164299525783,2.43298944155,5.22357728403,10.183619689,-0.0158090013782,2.40996949988,1.01308727236,2.78724112505,-0.0152910929004,2.25299640577
v5,69c1bdad,-0.149303610905,9.86202262058,-0.00523947284025,2.37861590522,-9.75207584156,-4.49909837789,-0.00612565665446,2.54247261137,-8.18629330608,-14.4549076256,-0.00999543153508,2.59410994543
v5,69e41fa6,-4.28854643105,-2.67131260369,-0.00129769664009,1.92595998821,-7.81331604764,-10.4419583727,-0.00118037254826,2.35577822434,-2.64651243196,-5.78869901826,0.00941358057258,2.3624282459
v5,6a0ff78e,-1.68606651199,-32.4963128382,0.00537416740045,2.51372305588,-4.97197079416,-24.1505854221,0.00595435866505,2.49695546816,-8.90936445619,-18.7693279889,-0.000723145630103,2.68202899726
v5,6a8fa194,7.05794166391,11.3716112078,0.00138281955141,2.23519764701,-0.231940390628,5.52259285191,-0.000271443220091,2.27907941451,-0.605739040186,0.0876680004661,-0.0127270811255,2.23964727241
v5,6ae68655,0.719950047573,1.49582859991,0.0126584634535,1.83416059576,-5.07993439227,-5.16990459491,0.0124372824075,2.19252767766,-0.593102905098,-2.38323549565,0.0077014015527,2.27338186485
v5,6d1d74e1,-2.61855746141,-36.4797471579,-0.00812284490378,2.55626337408,-7.20280113009,-19.7144105342,-0.0089223432284,2.43196278518,-9.74836039514,-18.8470155115,-0.00840177886264,2.70293645159
v5,6d590e26,-0.42188484252,-16.2331703164,0.0140651835412,2.26485055688,-1.65888003336,-9.15478795478,0.0149854163822,2.5984033665,0.928601716741,-0.424573763994,0.0105036783962,2.26014064215
v5,6d6d93af,-28.4200751043,-0.612336952974,-0.0200437134602,3.50241048428,-7.47208885255,-7.38788127282,-0.0185606999672,2.5951902594,0.588178062418,1.58894911238,-0.0111209138109,2.25766677503
v5,6dbe4b60,5.58073364888,3.8941034707,-0.0131059280122,2.27207063093,-2.46931977125,-7.79716181752,-0.0116715032389,2.28333629568,0.217473516847,-0.80102633088,0.00590683653994,2.26771975013
v5,6e6d122c,4.1426225142,16.9245509575,-0.00321214990977,2.31421811321,-6.22231577432,-7.34890682765,-0.00310728189812,2.40748521075,1.09201782897,0.553630561384,0.0121700272131,2.22379880511
v5,6e9ccd38,4.7858874668,-27.2959083978,0.0095993638687,2.58320424158,-4.45465613903,-15.4970285035,0.0105494048549,2.57624486813,-6.2302041001,-13.0659813119,0.000382410164145,2.52597727292
v5,6ea22614,0.16653156925,-0.442662384827,-0.0133871922971,2.0116067061,-1.37218125609,-3.74225587006,-0.0125196274319,2.26333456612,-0.431584941257,-1.62396320723,0.00351469625064,2.26484229439
v5,6ede926a,4.84824827866,13.4312580013,0.00118123425611,2.16180087619,5.15266377644,3.92962610255,0.00264808462897,2.51924231016,1.91252185886,0.868322431381,0.0106977441699,2.29103660551
v5,708caea9,32.9930986561,22.6646055039,0.0405985841605,3.58119563718,19.9813717462,34.1105578305,0.0417430520689,2.8240839855,20.3683369844,31.7887905766,0.00673685417028,3.1430049219
v5,70925e23,-13.4696317471,3.80806158615,0.0137273794554,2.75904764205,-7.69026742333,-6.22032854457,0.0157354239887,2.22276614036,0.658208775535,-0.118989111381,0.0125823270768,2.22352262955
v5,70e1788b,-4.47831879375,5.40189953504,-0.00242120057128,2.09914689502,8.45951266097,6.83504145819,-0.00200136958149,2.53111029413,1.30548408712,2.06882111238,-0.00532452849308,2.24457120472
v5,71642c7d,9.22961919105,-8.47661277535,0.0150665991217,2.55732273267,2.62816126567,-6.15753196554,0.0132526616474,2.30503201636,-0.167415443027,-0.303514521609,-0.00427662350413,2.27440961359
v5,71ccf778,-4.14220163084,-4.85697914638,-0.00140527169585,1.85452326634,-0.724577307216,1.24056381867,-0.00256867645984,2.08966523855,-0.517909497169,0.0321088664466,-0.0121536329552,2.23897962857
v5,7224331b,0.105296058056,-3.58395495712,-0.0143139110637,1.67489977728,-3.8615400576,-5.07284391977,-0.0120263219474,2.45947150874,0.604175103807,-0.0587433799896,0.0057680507745,2.26883259967
v5,722cf0d8,0.928644759868,26.6329875892,0.00828792694974,2.49545854112,8.30935556881,17.7128412931,0.00811424569131,2.58549936262,11.2094384313,16.4296082851,0.0111682994411,2.7018164835
v5,7256229b,2.53107663897,0.820519560387,-0.0301126602965,2.03410317479,0.0453929458754,-1.74122985541,-0.0300975751767,2.35068585241,-0.227064918396,1.10073060906,-0.0199925377826,2.22886241085
v5,726f3dc2,-3.96463037335,8.15416239351,0.00836452694238,2.07082750197,-3.2119019523,0.395528239938,0.0101575868581,2.35888651605,0.590029796535,-0.399746441977,0.00941846036463,2.23681871461
v5,7271dd80,-7.94844700461,3.36253265775,-0.027652062435,2.23151412078,-10.1398404557,2.6596714646,-0.0281926628286,2.42086329729,0.671609068015,1.8889490851,-0.0122262287328,2.26334743525
v5,727a3a10,-11.5726790994,0.596895390352,0.0151833834764,2.59256138433,-1.38272760186,0.499068877568,0.0137326669054,2.64746846496,-1.06174528065,-2.04590799686,-0.00606529192461,2.3076749407
v5,729665c0,4.06258503401,13.5866091118,-0.0135588490908,2.26825377434,2.38139241878,16.350264029,-0.0115177909162,2.67974617395,6.34952067483,10.3325981535,0.00245123548287,2.4624296746
v5,729e9750,4.90653488765,-0.924232664621,-0.0209255598273,2.28503028054,6.07470514144,11.4619175581,-0.0193464566771,2.60633255308,10.0827033877,16.9465821204,0.000436213674371,2.64441810609
v5,729f4217,-15.2673349475,1.43585131703,-0.0134842899234,2.84791137207,-1.04377083514,-0.341630767956,-0.0136343058183,2.45285755684,0.863934908298,0.888351315716,0.00140101931643,2.23210079512
v5,72dd8501,2.43338725207,16.6086940782,-0.0049332999308,1.95615492527,4.19009306765,8.59879073434,-0.00426397152737,2.58408863691,1.5981307383,2.53440553441,-0.00333909768428,2.28520463863
v5,73348914,9.78022506515,-0.485071239862,0.0243135193182,2.45888168637,7.82493245567,2.92853352224,0.0237777376516,2.27288452777,3.95496845777,5.50730692188,0.0100424531809,2.32080780143
v5,739a914f,-8.23010535877,-29.833794323,-0.0211201861779,2.67690499211,-8.02291624677,-13.639161005,-0.0207842691037,2.27922803635,-3.12933574895,-3.82652609085,-0.0131431220739,2.37434513966
v5,73b1447d,3.47878306878,31.0218804257,-0.0141821057266,2.66756453,8.64252710668,37.2769872882,-0.0130842289677,2.44528348777,18.8084114649,28.3541598394,0.00316851165669,3.07171382042
v5,74b6186b,8.72859324523,1.35638625799,0.00572763389785,2.3033045128,7.70029321793,5.2819616394,0.00485375436978,2.47339039744,3.45866274716,4.38094098435,0.00957701208078,2.31024505582
v5,75c20ec7,7.33618727849,-12.4406713996,0.0171620167668,2.48943519337,3.5476049881,-0.983566926945,0.0159989204041,2.52724550197,0.956953687578,1.38053420438,0.00140079475115,2.23114983002
v5,75cd5f11,0.9566761019,-15.030478372,0.00776728816378,1.83419074007,-3.39754367931,-18.2661760634,0.00887338843907,2.48161011649,-0.912557796064,-2.85825641845,0.00668064257404,2.29060044178
v5,75d20a82,-6.20094533254,43.8613982111,-0.0111121057781,2.90310726488,7.0930367087,14.7788173856,-0.0122347166608,2.72146738935,0.825458892118,2.34247077833,-0.0136952644977,2.26923173295
v5,76201745,-1.25007868705,-11.9769330197,0.0221099931864,2.18400557808,10.4464874646,4.27497180603,0.0233831353963,1.91646128999,1.56010345354,1.35296540563,0.0139287384413,2.21911875565
v5,764072a5,4.0925262801,3.19730093626,0.0128549475196,1.99582975207,2.26992829353,-1.89425511355,0.0124257425468,2.62955388213,0.558155662397,-0.434697845129,0.00826332731247,2.23687123433
v5,77b0d905,12.7316506948,5.56915292673,0.0349404362391,2.64250604395,12.1141605751,12.8064727507,0.032790104222,2.54809381136,8.22497444995,11.2349456734,0.00962192200303,2.50453918842
v5,77e4821c,16.286988689,28.0280192735,0.045129217449,3.00660323967,12.0739513722,19.3756662,0.0436871376943,2.59433459784,11.5226910162,17.0825651743,0.0132216802038,2.73071790841
v5,7850c72e,-1.57046934692,23.8147530281,-0.0489555067529,2.59156582045,-6.0157987364,9.54769122576,-0.0465019278826,2.43158425455,0.747579022108,2.41934951085,-0.0156871534317,2.26147195348
v5,78a4a386,1.23500683727,-7.4010756007,0.00127964984428,1.92660883954,0.439919023942,0.147118664353,0.00232003734864,2.38858697012,-0.337436625988,-1.67509084714,0.00571988375695,2.25850897395
v5,79507629,-10.7696605055,-21.1979599286,-0.0127290144011,2.60788505761,-10.3333440986,-15.8676991001,-0.0131251952893,2.47850462451,-11.4250498471,-17.3085128535,-0.014778860831,2.72875351531
v5,796dbd4c,-0.988777208706,-9.05455129107,-0.0268851492627,1.76942986187,2.09868446716,-2.26167386365,-0.026998129538,2.38815383062,0.139561339111,1.00809310406,-0.0144029142015,2.22690086225
v5,7987f2f2,-5.25912550607,19.3844014411,-0.00989552157249,2.56729060038,4.7205114203,12.2656692029,-0.00865944090962,2.32362235328,1.69138082375,4.12935186691,-0.0145478730695,2.29323170944
v5,7993a768,7.63066885365,13.8694569712,0.000924016495872,2.29702815845,1.914216462,9.54754068272,0.00225593713362,2.5781438398,1.59110317235,1.31055123146,0.0127146883302,2.22215481856
v5,7a5660b0,-12.6002881152,-12.8777229876,-0.00397303775368,2.67093048079,-15.2206990046,-23.9950656782,-0.00472591924514,2.24408563856,-14.0073976025,-30.1665591188,-0.00727169851878,2.95712089212
v5,7acda2df,6.90409899709,39.6367519314,0.00753381748833,2.6974089628,11.5111612521,27.9144736388,0.00629164504033,2.47160081304,13.2375582885,21.3390441873,0.00535231195228,2.79168449265
v5,7b2c7b3c,4.07630804954,7.70144316161,0.0273523464888,1.97028687298,9.15492371823,17.7659474506,0.0250413502736,2.24066741492,9.88077324233,14.8422782198,0.0128622746564,2.61987857097
v5,7b38844c,0.131050946919,-8.34545994772,0.00242253488741,2.12684382738,4.83284868123,2.06002266027,0.0035391867341,2.2458611794,3.51934407343,4.27530072121,0.0104853034456,2.30960105969
v5,7bb17b96,14.5291713412,24.7626380556,-0.00776182622193,2.89087419801,5.70255780338,13.1454380365,-0.00713090798876,2.43063727622,3.27526847622,5.40701579031,-0.00346943605245,2.33040202805
v5,7c607683,-15.240899024,-10.4149693987,0.021036856922,2.88282970215,-4.08349565384,7.88905077636,0.0231293361196,2.60760535318,1.27099086243,0.107568522636,0.0109128492942,2.25345477257
v5,7cbbd047,9.55952353056,19.0057202593,-0.0273655744965,2.6051088849,11.418607369,13.0363055561,-0.0271169333629,2.49817659844,13.1508288854,22.1187818893,-0.00966899833528,2.77486361809
v5,7cd4bb31,2.12796862867,-11.3115619647,-0.020030075731,1.93360325867,1.06292628877,0.958221174037,-0.0189394032977,2.46576580935,0.652492983644,0.809560870388,-0.00186248314442,2.26330515085
v5,7d50373e,-13.7767883639,-8.45709591606,-0.0261206898674,2.72707742239,-8.41754411353,-11.8187039045,-0.0258747023228,2.49191349012,-6.63954768122,-12.5260670059,-0.0123142837704,2.50221241997
v5,7d57c75d,9.1369738933,24.2612890296,-0.0036561289667,2.721171341,18.5170680626,19.2267497274,-0.00225037289769,2.25939567569,9.57139176988,15.9748713083,0.000780130917936,2.60624027439
v5,7e208414,-5.4093208708,-10.4237987725,0.00126536182688,1.99903531366,-2.83374483411,-11.8699141775,0.00200812922071,2.21458155625,0.953681911216,-0.315777161172,0.00967088649969,2.26176738593
v5,7e721392,-37.7313896987,-44.2106189398,0.000133136188567,3.72163282,-24.925139174,-39.1713508613,0.000497268656696,2.44941782316,-14.9587610063,-32.6864908738,-0.00255565786952,3.01424286787
v5,7ff89f8f,8.27030939076,11.2079054303,0.0328734597289,2.71836716547,-3.74987265135,-10.1540098281,0.0319371743314,2.34660819425,-4.87366456208,-9.6110704277,0.00893751429098,2.44683443264
v5,8050c789,-1.1505719857,-22.4453126859,0.00985178996136,2.17321070037,-9.34555242605,-14.9726990542,0.0113645596711,2.27044941374,-7.07301237793,-14.655857787,-0.000988074870284,2.56402400542
v5,807f0298,-0.683920469711,11.0338094681,0.0172061387822,2.28785975471,6.53187469798,14.1939019256,0.0160661813739,2.51267555026,7.49739855088,10.959423275,0.0105186955958,2.49316156666
v5,811f52b3,2.55912531017,-5.58123938407,0.00755903552896,1.72246316082,-0.322088859128,0.23057730598,0.00728327336214,2.35238365122,1.25448599429,0.537292074617,0.00981354135998,2.25276080292
v5,81bf5923,-26.5651265683,-52.6910770633,0.0133793655978,3.47566393616,-15.14333903,-27.2895317187,0.0131105193991,2.6850804357,-16.1322089446,-35.6964334466,-0.00425179254612,3.04966640486
v5,81fc01c6,9.92588932138,22.0847209685,0.0210311569211,2.77306424026,18.4486470268,33.7137091276,0.0216634533161,2.34732966439,19.0891981785,27.2533706222,0.0114710521472,3.09521997613
v5,8255c867,23.3205377542,20.853039934,-0.0188643309135,3.272588877,25.2966340273,33.8593631141,-0.020537214522,2.58385059882,24.0554655084,36.7098143849,-0.00428707429599,3.23964118562
v5,82aab6d2,-15.5197019544,8.20655246496,-0.0074892121392,2.85413329196,-11.2140304485,3.4933101381,-0.00666046983612,2.27074979764,-2.97861907911,-3.71058672346,-0.0122686432755,2.37815044521
v5,82fcf37c,4.80171267044,8.3898841191,-0.00994938670011,2.02318674548,7.13400204554,7.16866359866,-0.00930623514129,2.54477195531,1.0872634058,2.34586978245,-0.0105762526937,2.25602278848
v5,833af382,-7.82921444322,3.18317662934,0.00820650922372,2.5597372658,1.15871871691,-3.21975245966,0.00594913690458,2.47882870201,-0.776977104749,-0.844066409547,-0.00798780148964,2.27222000518
v5,8382f4b6,-32.1191765653,-52.4982246887,-0.000505611537657,3.60977167609,-25.7790038467,-45.456624842,-0.000201634200645,2.7933898987,-16.4893085503,-36.3144997183,0.000254174004705,3.10702871779
v5,84633df4,0.566283185841,13.6783973829,0.0204850833775,1.74679216678,2.42799507842,7.98062337782,0.0192491435293,2.31670178886,1.2960710569,0.216365125459,0.0100800573977,2.25508151635
v5,8478df29,-13.6933456866,1.25610985338,0.0152568054495,2.71091436442,-4.0885966343,2.19033174695,0.0149899696404,2.42557398963,1.35014347371,0.982657496074,0.0122483914771,2.21157594115
v5,84815d5a,16.9309679188,0.395332663473,-0.0269782737971,2.98549935801,9.37085242058,18.2530359123,-0.0256000699783,2.2935530817,12.6996076123,22.50915812,-0.0106261513732,2.7632361133
v5,84c3b497,8.27435805723,49.0748990407,0.018660791329,2.99375004589,11.9844616259,32.0223309636,0.0188330153346,2.63232471686,21.1181876629,30.0527580787,0.00382423390143,3.12619796776
v5,85380836,12.3417286189,21.7878512598,0.0182735682982,2.71904288048,11.4175973347,25.143412709,0.0180236638423,2.39765590441,13.1138234645,21.2141975049,0.00197456916452,2.78453003905
v5,8612b37f,13.4973804453,29.4534638779,0.0317873703589,3.02611934671,5.24123363828,3.20673119144,0.030413630519,2.61757948196,1.2960710569,0.216365125459,0.0100800573977,2.25508151635
v5,861e71df,-9.2737893617,-20.8106963978,-0.0258153606359,2.52888881993,-3.53347669997,-12.4004090468,-0.0262919327807,2.70586161715,-2.51343280367,-3.68354537353,-0.0178925248587,2.34903421201
v5,86454a6f,65.8288071321,70.1349314722,0.014524744964,4.26638266308,39.2312138987,62.0961966987,0.0138075170393,2.17180157251,20.2231341022,32.0499761785,0.0051250525834,3.13549259323
v5,8648abae,4.47177898209,7.73522053999,-0.0216026571298,2.06151172997,1.52580637953,6.80736212461,-0.0213022940611,2.51556850111,2.24909642315,5.06657571758,-0.0155835863886,2.32353451001
v5,865033f8,0.1917289851,12.1599049543,0.00880400061309,1.93734625165,2.7181751249,6.36146166085,0.00843438329503,2.70551075279,1.27099086243,0.107568522636,0.0109128492942,2.25345477257
v5,87695469,-3.11150935313,-10.8169497457,0.00220468170399,2.08586996187,-2.96808888173,-8.44816678833,0.00247413960272,2.55504892834,1.09471780348,0.525588393677,0.0111177912,2.22634767142
v5,877ed19c,-2.30705231931,-0.853378631179,0.00204339902139,1.60180689855,0.918565553979,-2.41724181132,0.0038137595056,2.27935437752,0.6086825073,-0.115434974055,0.00604871232559,2.25765638964
v5,87aa3730,-6.05773140717,4.12128947869,-0.0214294061706,2.31416618573,-3.88648348317,-4.92454447587,-0.0201619066837,2.34509656993,0.996921931142,-0.303103537323,0.00852176794403,2.26435939507
v5,884ecb5f,17.0991552647,-14.5711618434,0.00628614492787,3.04113146226,-4.35930580802,9.74204564146,0.00920835959242,2.44531872674,3.9868425919,5.54225832503,0.0111975862331,2.3207552817
v5,8902c3f6,6.54584392014,-13.4891083953,0.00298236680519,2.28564686852,4.66616505524,-1.73551600877,0.00257692532994,2.46770825184,1.04671391596,1.28266387311,-0.000606034667279,2.24395754175
v5,896d15b9,24.3098831503,45.5261222488,0.030803839796,3.42701480111,11.6929364491,31.5486546573,0.0277375979675,3.00360393196,12.8903652813,21.4452496265,-0.00560692942753,2.76134320924
v5,8995c945,15.2220791196,20.0653923523,0.0360725185005,2.89312202415,15.9230788028,29.5967572351,0.0367152527,2.62030665567,14.1973243343,22.2299936499,0.00955441125158,2.83606920275
v5,89969c7a,2.34853244391,8.89548116911,-0.00385682608279,2.2230366146,-6.57129886996,-4.10847842572,-0.00459273551329,2.56952873516,0.461631766921,1.49992715624,-0.00969881729622,2.26399524348
v5,89f1085d,-26.2911127794,-2.36318991051,-0.0035006596558,3.354472819,-7.83539929298,-15.4103727278,-0.000686658750542,2.51428522776,-0.402191218538,-2.67077638212,0.00853972332846,2.29783199606
v5,89f36adf,-0.461591080877,-2.09162362646,0.00551706352881,1.70073504241,-1.04890042279,-5.78388616911,0.00512955086103,2.32412788127,0.371954109563,-0.876294677799,0.00913821206621,2.26377486596
v5,89fdb2f2,0.518975873954,2.5975217495,0.0114388249812,0.988283172859,5.24706212537,-2.90716411151,0.0120969518931,2.09067686586,1.2960710569,0.216365125459,0.0100800573977,2.25508151635
v5,8a3da6d1,7.01040060962,14.1726345641,0.0325984977247,2.34298262278,8.92865077735,17.9712691437,0.0306811832735,3.04263401844,3.51934407343,4.27530072121,0.0104853034456,2.30960105969
v5,8a89da23,23.034772554,16.4442026451,0.00763397797202,3.22892343039,17.3429258103,27.1098787971,0.00817998373883,2.42110969882,20.3683369844,31.7887905766,0.00673685417028,3.1430049219
v5,8a9c8932,0.942877975552,1.92676096337,0.0162318968144,1.22287193795,-0.703213491229,-4.59201256756,0.016875728705,2.38002721179,0.493689082834,-0.882578471007,0.00984258267665,2.26876291523
v5,8ac2f237,-10.867965783,-38.8722423614,-0.0020746444392,2.85940835565,-18.0694047187,-35.5399796222,-0.00125216700968,2.37789242231,-14.837026033,-32.692774667,-0.00185128725908,3.01923091714
v5,8b12bab6,11.5074512801,35.298971985,-0.0119647760858,2.82204868538,13.2834025222,25.5173337975,-0.0110121400845,2.75033616431,13.0963045098,22.0709421986,-0.00173749732085,2.80655811139
v5,8b5be31b,-10.332727433,0.357048369196,0.0131172299382,2.73622193997,-6.98966915949,-6.14589359181,0.0129104258707,2.45266787452,1.09201782897,0.553630561384,0.0121700272131,2.22379880511
v5,8b95d6d1,-11.9682033507,-14.7281000316,-0.00711944233911,2.62623198414,-5.49424837168,-14.7642667114,-0.00667562008364,2.31748667757,-6.34184101648,-12.0866402518,-0.00450867185817,2.52965850886
v5,8b9d8326,-0.714270647413,-19.0329229151,-0.0181753711941,2.02584994881,-5.97189314671,-10.1271900386,-0.0187849944573,2.4394412081,-4.3780170241,-6.57583892807,-0.0170415136731,2.38198967594
v5,8bb9c1e6,-4.92747470304,-1.65957389657,0.00487389033431,1.92819551435,-0.499304372103,-2.24198304318,0.00395996228628,2.5132606121,1.45425623846,1.95016732405,-0.00222363073386,2.2445191384
v5,8bda1a11,-2.32361979602,28.0732929637,-0.0288134882777,2.62904834033,8.56298093632,13.7853736003,-0.0283341608205,2.65467120025,12.4177153924,19.6214262833,-0.0116275556112,2.75879870781
v5,8bfa881d,19.0511738811,54.539799328,0.00651830544722,3.25453854196,24.1517216651,52.5056445867,0.00622397774876,2.44678710453,23.2284391687,35.8179497629,0.00450692584716,3.24112282923
v5,8c167025,10.4266374814,15.0461394295,0.00795276847407,2.62771470848,4.76358362688,5.84510929525,0.00603603659334,2.3356398895,0.416736619788,0.646928669459,-0.00274614469675,2.25452374887
v5,8c8348e8,-3.26770576132,-13.1855274849,0.0164589905416,2.02037085413,-3.2181663464,-3.92976278134,0.0161626230347,2.09132809318,0.227213728739,-0.615904093012,0.00574582388404,2.26617941414
v5,8cc21f01,-3.16143669634,-1.30007981792,-0.0233381872405,1.90097340218,-3.20020831005,-0.235369171636,-0.0235713675543,2.48808302351,0.645497723206,1.52243155542,-0.0142886158592,2.2360735979
v5,8cc800b3,-13.2281371655,-4.06436950293,-0.0512562623913,2.70100084134,-6.76712790347,-11.100929122,-0.0508833075889,2.29012614263,-8.1339282617,-13.9238947177,-0.0171088596895,2.58397404134
v5,8d5d46d7,13.0244152911,-3.76592272484,-0.0087051294513,2.73752346133,3.95846996641,9.82478218319,-0.00803387757068,2.57835581142,0.825458892118,2.34247077833,-0.0136952644977,2.26923173295
v5,8d92cb49,-4.54222346057,-16.3978996516,0.0117481926669,2.11162013569,-9.67698589968,-15.8122023914,0.0115150624023,2.4280093852,-7.78866972804,-15.2247251445,-0.00214163880829,2.59116623059
v5,8f201368,29.6339155773,6.71554431562,0.0255248015636,3.47132938339,15.6142650432,34.7553012136,0.0251068539063,2.70955747479,16.0290501355,24.8694689891,-0.0029035394589,2.94192388926
v5,90386ee4,8.29030989583,4.39595065169,-0.0280674289156,2.41170445027,4.90184036532,6.8471253418,-0.0272234352302,2.49437041528,2.9505766434,6.23440315018,-0.015232772802,2.35000849856
v5,91abc4c7,-1.88215800273,8.58853783394,-0.0484183939471,2.08279091971,1.84877166726,-9.34544608372,-0.0494021047665,2.61604541062,-1.19574592124,-1.12039625521,-0.0183659309395,2.28185865828
v5,91b301ce,-11.8347671233,-101.519872507,0.0453618673082,3.59223299755,-40.0282827941,-79.1529237984,0.0463921032954,2.2456608187,-18.1975994804,-36.3463299524,6.3031344801e-05,3.10145756196
v5,91db7070,34.4789221704,72.1166922371,-0.0169031801788,3.73307519697,28.6162239331,48.4320090086,-0.0159181090448,2.81025635536,19.7521417673,28.3068171281,-0.00558627828684,3.09536469563
v5,925a7cd1,-4.05118441443,0.116187770503,0.00593904102442,1.72500761919,5.41815566863,-10.708777637,0.00545985181731,2.33208429719,0.996921931142,-0.303103537323,0.00852176794403,2.26435939507
v5,9283ae69,2.66566894097,-6.47188885522,0.0220084278928,1.97036362204,-0.233181966708,0.374693053215,0.0223437918063,2.28896407735,0.200547458318,-1.00786863771,0.00873513960818,2.23935994333
v5,9298ad5b,7.79057517659,-3.53544529772,0.000925384432801,2.64546424454,-4.35290919383,-8.32150052228,0.000874298313272,2.47728170699,-1.40572263236,-3.36853881358,0.00509805310144,2.28076285204
v5,9314ff13,-3.07708879185,2.22843029859,0.0385946171955,1.82290532446,-4.94878788522,-7.03168260054,0.0394522533609,2.18818297302,0.530490791498,-1.00840470383,0.0108745459206,2.27035520641
v5,93209a3d,12.4303342559,-0.440581105137,0.045586489426,2.68499307078,4.08880032408,1.57529439481,0.0441196458528,2.49589871777,1.31914375489,1.02507167025,0.0134624415881,2.20853987823
v5,939d9c34,-4.7473573809,-15.9381229974,0.07568010552,2.81714863419,11.4740818712,23.3472732551,0.0743549663351,2.20087615346,14.1663246154,22.272407824,0.0107684613626,2.83303313983
v5,93f5d2e6,-13.045310214,-46.4846461907,3.03586525807e-07,3.04954379439,-20.2134985773,-43.8972674482,6.8067620226e-05,2.25521162089,-15.0096667527,-32.7328263685,-0.00355364256603,3.0176532988
v5,940a48d9,-6.74250063083,-17.2902088517,-0.0268576671735,2.40363163217,-5.00777148965,-11.3669116865,-0.024566062382,2.48906796751,-1.45967872596,-2.30661835238,-0.00924777089394,2.32165771246
v5,940e709a,2.2708781362,3.79508776492,-0.00333099759826,1.73200169012,-4.30846217731,5.48079475983,-0.00360857444924,2.25761221838,0.904979186879,0.794325855799,0.00591070563479,2.25982601667
v5,9426ec1e,-10.7388586098,-17.1079691298,-0.00778357565678,2.57103948616,-7.69110914701,-18.3978464887,-0.00513806248667,2.17209570449,-5.82167726614,-12.3568018314,0.00111618673226,2.50652039909
v5,94467f50,-0.644438220758,-5.5653426884,-0.0283293178261,2.17422039548,-13.3840000749,-24.357476223,-0.029179945149,2.44136446231,-13.4830287455,-26.5971214834,-0.0116529683347,2.90801059763
v5,944f36b9,5.71198920086,-0.585462424557,-0.0056646390038,2.01664495019,6.09412953737,2.24526263694,-0.00650249692805,2.31533917238,3.3233210421,5.77545220448,-0.00815968006899,2.3414912639
v5,94d813a4,-29.4218836394,-72.2129797599,-0.0238511480969,3.63048050368,-22.7065894281,-50.0488201842,-0.0240339286496,2.65189852047,-15.9617837139,-34.2815691637,-0.00573534352289,3.0343835427
v5,95b559e7,19.188960859,13.1035947321,0.00355934194471,3.06261300897,10.8895593933,3.47191224663,0.00333896420766,2.34134750545,1.33931107683,0.229038749308,0.008930938842,2.25767352549
v5,95c8427f,-25.6563567482,-0.890680290474,-0.00257703926132,3.33987810723,-9.49751640418,-12.8733943209,-0.00232909821159,2.66905723478,-8.16493697979,-16.6886040487,-0.00350310326583,2.62336052686
v5,96936c22,0.206616855946,7.85281858784,0.0128513491496,1.62527687985,9.4679175913,13.4525296901,0.0126229066841,2.16506241762,3.22325199738,4.85858052582,0.00228814899701,2.31600996974
v5,96ae5806,-6.05112003253,-11.9183321922,-0.00793922853456,2.24608553703,-2.19242156491,-3.77933798724,-0.0105238331888,2.43204773256,0.00942640861674,0.94114499754,-0.0133326261129,2.23608816229
v5,96b7eea1,12.1006555863,-0.297274188362,0.0119795144722,2.59563201251,10.3833653543,5.24761535949,0.0137655574373,2.94280219381,3.60990248819,4.48148962534,0.00836250303223,2.31652925413
v5,9719aa04,3.50752001642,8.05142676623,0.0121362726776,2.08896646714,6.39389990956,6.88122825472,0.0110150670167,2.24332622728,3.29199920347,4.59615489957,0.00698074374984,2.31002325769
v5,974802e7,1.48711278453,22.3972708564,0.0101808492268,2.6949727724,14.5214548633,25.4881281518,0.0111490165081,2.51646193639,16.4080338418,25.8547448981,0.0120338743967,2.97391835662
v5,97cd5bf9,2.30832125254,26.9048414083,0.0183197203998,2.32961027007,8.19021304381,16.5356423027,0.0169196287625,2.29387687298,10.3562759039,14.717344347,0.0125000464877,2.67046222862
v5,98177ced,0.448193629506,5.75278584536,-0.0417316622229,1.91395732527,-2.03302588624,5.47146948773,-0.0413401051214,2.01067369611,0.929734712751,2.31797601979,-0.0121478644688,2.25112457129
v5,9896fc0b,-8.24726842837,-35.2277150814,-0.0209419154414,2.82225747954,-17.8283740214,-40.2869295276,-0.0201395468199,2.40490518513,-18.3300744914,-35.4785822456,-0.00454075196666,3.09626318537
v5,98bc6f66,16.4842503711,0.931528156207,0.00788303969791,2.92559903044,-1.15201383361,-1.74198642947,0.00795451939373,2.43429975188,0.946021636486,0.245795620984,0.00950879925824,2.22774852296
v5,992c99e8,-9.90011011419,-31.5565638385,-0.000813792036898,2.693211268,-9.2295039851,-17.5629376497,-0.000364055164701,2.73703910172,-9.09415566398,-18.4279225536,-0.00189962608108,2.6817900792
v5,992ce078,-3.52491142758,-9.91955687739,-0.0164173757914,1.79589155509,-0.513488710346,-3.54498489219,-0.0177297889278,2.42607390253,-1.7818743822,-1.85377425082,-0.0167885002985,2.26303271099
v5,99529c45,-20.5546797945,6.44814729193,0.0144490579096,3.12128703489,-3.59126179485,-0.804375008759,0.0138936328052,2.46596475114,0.953681911216,-0.315777161172,0.00967088649969,2.26176738593
v5,995ff498,-1.33526955369,-22.3530368211,0.00421843452129,2.23470341097,-6.74477830636,-15.0515267857,0.00411745609014,2.45171000324,-5.79840570966,-13.2407768177,0.00474064401426,2.50002770545
v5,999daf80,3.52432379349,-8.84277817445,0.0399601186512,1.81182765006,1.06508043359,-4.67985668993,0.0403135933957,2.42791317337,0.928037836341,-0.453901512857,0.0111191030828,2.26405184144
v5,9a6b0392,-3.58873560517,-15.9412134618,0.00232071799393,2.07619266147,5.41577936473,-23.9999467646,0.00300134472786,2.12718044864,-9.06139987192,-18.7390591774,-0.00169675234631,2.68319897238
v5,9a8ae0d6,-2.3627041627,14.7200601958,0.015017679277,1.93690064057,5.05014793721,17.5576181758,0.0157605336368,2.24690529236,4.75799716659,7.70297288232,0.00249322974544,2.39686036024
v5,9a95e33f,-30.1066883822,-18.7922516157,0.00498292591487,3.50523686912,-6.42599673658,-6.21990749139,0.00527847061104,2.7599772841,-0.887753727686,-2.52025424419,0.00509251893767,2.25008198691
v5,9ab94eeb,-4.64025213868,-16.5360327316,0.0371833347129,2.21982552132,-5.67708688779,-15.6848950964,0.0367071564592,2.23942276053,-7.78462816845,-15.7360451927,0.000629172422507,2.60795897281
v5,9ad5410a,-6.09666587396,13.7967188304,0.0108297103642,2.28078695544,-6.80967875347,0.0104116779169,0.00851048834929,2.99986962362,-2.47085483707,-4.32313371782,-0.00372193665457,2.35140884348
v5,9ae248be,-5.26933029786,10.5637585405,0.01938901997,2.20904378172,5.1697796189,11.6512479624,0.0180169528255,2.61024498026,3.45866274716,4.38094098435,0.00957701208078,2.31024505582
v5,9af1ffd0,-12.4998099291,-41.6414233765,0.00266797673486,2.9511560448,-14.0957949425,-29.954853792,0.00276468613996,2.15735610781,-12.6109345867,-27.1244562722,-0.00254827042752,2.89556930121
v5,9b5b61c1,1.71734996385,1.98138794133,0.00705200178091,1.86097177147,2.73178329271,6.10589437146,0.00685387169271,2.38502769503,1.2960710569,0.216365125459,0.0100800573977,2.25508151635
v5,9b9e3b49,-0.78280382962,-9.58394221514,0.0168775473079,2.18871307624,-3.86945451869,-3.51812123486,0.0160155460467,2.440790072,0.332870435729,-0.67622195824,0.0065085257738,2.26894780389
v5,9bd2bba3,14.8856244119,2.92437471434,-0.0197309917119,2.81380788625,5.80208785189,-1.01666751328,-0.0197277870816,2.46956316607,-1.05581512553,-0.241855712357,-0.0175339684045,2.24253140615
v5,9c211c53,3.33952787337,-10.8207050148,0.00728114437013,2.01042722466,-4.62575151848,-8.12305586858,0.00826041894925,2.27765127358,0.953681911216,-0.315777161172,0.00967088649969,2.26176738593
v5,9c350a6a,13.2714325843,19.2140449498,-0.00780145280317,2.91223906091,-1.21844934332,-9.53729494637,-0.0110465459607,2.51616577429,-1.80832010002,-2.84318236875,-0.0108601352913,2.33852270932
v5,9c8375f7,-0.727237343494,12.3805021097,-0.0215711273923,1.9340047126,2.45273006085,4.57350743001,-0.0219888109846,2.60663314594,0.648632574514,2.11258821653,-0.0126637870876,2.25948669206
v5,9d072e4c,5.95755433718,20.2943225499,-0.00325205513837,2.39705898402,8.88038394302,7.11596369069,-0.00275433910543,2.73705602156,3.49562967579,4.07219722758,0.00914043591934,2.36538755061
v5,9d3ec64c,-7.42470402299,-0.101149317972,-9.55558632468e-05,2.32119846712,0.38362460822,1.51644633385,0.000928727564582,2.27399946718,3.11981585212,3.57320846471,0.0105641095099,2.29937496349
v5,9d4272e3,16.4920322581,18.6356713966,0.00462845831585,2.93216998793,14.2735679927,22.3951113529,0.00374545019276,2.23248880049,13.6806438632,22.7716109027,0.00304511561786,2.82740357324
v5,9d5e14d4,-25.7025444444,-39.6694530642,-0.000840081475006,3.38585212761,-17.9512913926,-29.7455587404,-0.000914952440286,2.49663883265,-17.3131752517,-37.8940130965,0.00075941680352,3.12853999318
v5,9da441ba,14.0745063116,-0.116350556754,0.0240884772503,2.81051832399,10.5816469114,7.95349595819,0.0220042202964,2.16960290963,1.85860838114,1.12126017196,0.0102070356303,2.2699824594
v5,9dede370,16.5539590281,20.4791995674,0.0113656539347,2.9794059544,11.4155675127,17.3419134216,0.0118264897561,2.57591124757,11.528907293,17.1049605966,0.0105793548061,2.71022956253
v5,9def2eb2,2.77333499917,-2.44751201681,0.00355575405761,2.11064860428,5.64606519854,5.41751776895,0.00480352168448,2.38497688164,1.83352818667,1.01246356914,0.0110398275268,2.26835571562
v5,9df1b1f9,11.8345926399,3.98932273657,-0.0322072258419,2.60950123792,5.89055611611,10.3087407301,-0.0328382393819,2.73865210339,2.73608859447,5.91676296713,-0.018637951657,2.33087297359
v5,9dfff011,-0.947754109747,11.0436052263,-0.0638653266423,1.76575246502,0.559390870335,6.51163862617,-0.0537085385041,2.64365620604,0.732063580111,2.41258818925,-0.0137691020095,2.26516735229
v5,9e3e364d,2.10326806527,3.95719936833,0.00700989044334,1.62870451838,13.1197926778,12.1952884647,0.00596795560301,2.27325337784,11.2849322208,19.4303211516,-0.00633346626875,2.6964032148
v5,9efc812e,4.57383370786,6.42189864265,0.00518752365334,2.16871339722,-2.46582556267,-4.40760283757,0.00268480006424,2.54083424078,-2.63436619298,-2.8531303797,-0.0140512819957,2.35856879941
v5,9f0c7bae,6.92672698662,6.36291106888,0.0339246044723,2.18585556496,9.69297273366,6.95046905278,0.0333587541747,2.46360380327,1.83352818667,1.01246356914,0.0110398275268,2.26835571562
v5,9ffce529,-5.86441097467,-26.7934329188,-0.0519197398222,2.4919549267,-12.5792017006,-14.2950357297,-0.0495375933482,2.56318945055,-9.17361402303,-16.3227245074,-0.014036227393,2.63798170798
v5,a0383629,-6.88866083676,2.47205079267,-0.0114908137981,2.24243430353,0.612817809733,-2.60926679101,-0.0111371569818,2.36162582117,0.913598165059,0.326147030686,0.00835844407956,2.22852554182
v5,a056d01e,0.0526978801274,-3.80555416287,-0.00135841799977,2.26011707805,-7.79919706944,-24.9106883594,-0.00238854542257,2.65809563477,-9.46083307371,-19.7728085931,-0.00209438542853,2.70804640631
v5,a08d9e63,18.5447137042,-7.38073747084,-0.00247538645468,3.11185106691,5.55835819621,18.5455631722,-0.00378435209699,2.47030989612,1.91634126779,3.35974137531,-0.0154202734345,2.27457681093
v5,a0b83014,16.1893147964,1.7209167882,-0.0116208616523,2.91876693717,5.87784843235,5.44756279637,-0.0121844653677,2.34306869055,1.64035581688,2.80659753924,-0.00596816676843,2.28582967897
v5,a0e92ed6,-1.05761486624,-20.4775943755,-0.00214233861393,2.20987120035,-10.3911954587,-13.1425100762,-0.00248276850488,2.34355750408,-11.03487193,-16.902150811,-0.0133406212877,2.71339928038
v5,a15bc102,1.56940358467,4.62309468548,0.015344125857,1.2750634813,4.69911727541,4.82103142943,0.0140624961998,2.38511110682,1.33931107683,0.229038749308,0.008930938842,2.25767352549
v5,a247e7cf,-1.63436376454,-10.697085675,-0.0199738150449,1.64888269596,-1.32869160092,-2.70005405348,-0.0201227651297,2.48148134471,-1.16849383227,-0.728340872337,-0.0170174282239,2.24076670732
v5,a2e8e7f6,-2.16188655462,30.5626209433,0.00293103217185,2.45945467393,10.7440316945,19.1840514892,0.00140101719276,2.50576880117,10.6734620807,18.6818627156,-0.00367700993006,2.68023950249
v5,a3518960,-4.81020535535,8.18854954779,-0.0483555081687,2.09194749749,4.20034108431,9.83244620709,-0.0476541059059,2.23079284601,1.16234365706,3.04267505801,-0.0192591874434,2.25867125998
v5,a3f71395,-9.93482229839,14.776512422,0.0003230881265,2.77816038314,-3.9387689953,-2.51875911118,-0.00100452391958,2.65445098607,-0.960408142758,-1.3134181866,-0.00582147766403,2.28657927696
v5,a4719920,2.89800815772,12.6655327403,0.0064967798345,2.10479868997,4.29619170438,4.95760079807,0.0062634098078,2.38084034595,1.59380314686,1.28250906375,0.0116624523172,2.22470368488
v5,a48640d9,20.8741129744,7.11389170794,0.023190036822,3.11912676976,8.14458549051,6.18452828621,0.0194478180903,2.35362919459,1.56779303294,1.22332923303,0.000501279019206,2.27804459539
v5,a4cdbb0f,-0.841464258262,14.2155737528,0.00143028550978,2.49733093447,-0.909604869238,-1.89927103376,0.000998131587651,2.67105302541,0.218252825169,-0.595022196274,0.00432431821917,2.26237894125
v5,a4f989c2,-9.15071494893,-1.40007673252,-0.00488465797393,2.44917468882,2.61478135775,-6.74217621972,-0.00487692313126,3.59108576513,-0.73378055051,-2.06802194869,0.00328134450104,2.27240401977
v5,a5aa7973,-8.48812391681,-36.2773338041,0.0026461865384,2.71864577292,-5.78756155598,-22.144608298,0.0042418215087,2.52357192844,-8.98524849515,-18.4843533092,-0.000786585182022,2.67953894228
v5,a5e6f7dc,-4.04253142149,5.12626250899,-0.0215940146331,1.99481164414,-7.32523109783,-11.0908057114,-0.0206345520888,2.35521910547,-1.91303633882,-3.48711480377,-0.0105016834633,2.34211978
v5,a612d5a0,18.2031469319,9.11987937713,0.0210454081969,3.0084955414,8.49405830636,9.62198563653,0.0208815324968,2.36956973018,8.71698721395,11.8704677861,0.0102629952286,2.52146782116
v5,a622ce4d,12.2339806288,-6.28066574657,0.000572207264569,2.72366746858,4.23504580344,0.834164548014,0.000483090444813,2.27748097432,3.95496845777,5.50730692188,0.0100424531809,2.32080780143
v5,a645da9a,1.81373374733,-27.1891332987,-0.0404711268928,2.29768235228,-2.8732189151,-6.4753593906,-0.0399303210251,2.55770673036,-1.36715331967,-1.66090775094,-0.0176149835594,2.28994215277
v5,a692b17e,8.71777061133,16.8225802658,0.0199620925065,2.64887055381,1.17957562178,11.4652398941,0.0186050433872,2.18823612032,0.913598165059,0.326147030686,0.00835844407956,2.22852554182
v5,a6b8ac67,6.51213643866,23.5592558148,0.0136222625537,2.47451132861,6.19847987724,14.136616103,0.0144155590293,2.59243141838,2.29252695764,1.72010948999,0.0109542034791,2.28692396111
v5,a6ed2eff,4.15260473934,0.446401440126,-0.0331395821703,2.26515139282,5.57251229602,11.7704281208,-0.0318681109095,2.53963709018,0.908889897715,2.64247075104,-0.0148005794196,2.27491239318
v5,a6f967fb,-12.5520856531,9.04489519322,-0.0566354448377,2.69211146692,-6.86302695419,0.391707010415,-0.0571044053598,2.51883795881,-1.1211904872,-0.822075797598,-0.019475201601,2.28041412952
v5,a76db406,2.48500856164,5.37330829393,-0.0595192537163,1.54848127181,8.07042714021,14.8538708811,-0.0607767007707,2.46840678658,9.32850016102,15.694047266,-0.0121841793814,2.61402132208
v5,a7744f5b,9.47903129998,27.9708751183,0.00127562408687,2.64510675517,10.2392510886,19.2932012798,0.000683785556189,2.3810981172,10.9813828416,18.7023384685,-0.00288619823507,2.6941304266
v5,a783cc24,-22.449454738,-49.2885604376,0.00280003963909,3.32234289621,-21.354660463,-54.6438486824,0.00326989175752,2.28449949275,-14.9470589934,-32.3222203039,-0.00705335242302,3.01039386067
v5,a79fd2e7,-8.43744550409,-11.1636793494,0.0367153391365,2.59333804814,2.26175553339,2.59529342599,0.034763571825,2.41995309263,1.33176646822,1.00465722562,0.0111367214949,2.21416265774
v5,a7fc3e6b,14.9880982368,11.1370885101,5.4482569019e-05,2.95227813877,1.91317229184,0.995270785567,2.40203336787e-05,2.27194807114,0.425315809413,-0.322229527504,0.00611385077234,2.23652763401
v5,a85bb86f,6.29073249435,-3.89775762421,0.0579849152481,2.1831144638,5.7381745939,2.61951973008,0.0558861931323,2.52607717361,0.590029796535,-0.399746441977,0.00941846036463,2.23681871461
v5,a85e4bc3,-4.98693080114,10.9850414237,0.00778820736494,2.36447747145,-0.470628663547,-0.644237773998,0.00793295514728,2.24232094411,0.558155662397,-0.434697845129,0.00826332731247,2.23687123433
v5,a87433c9,-7.91225135466,-2.4393060501,-0.0109625443617,2.35899931194,1.78429572262,-2.26456363901,-0.0113994569565,2.33787600823,0.950794352408,1.76996427261,-0.00767856070513,2.25483593422
v5,a8ed028a,17.5125532683,3.83858339672,-0.00234132597368,2.99795585509,7.88214117591,15.6002101098,0.000343874031839,2.55292582091,9.17963204375,15.8421128724,-0.00441725430476,2.59799387049
v5,a959858c,63.6659218892,34.3999010599,-0.0910723838377,4.19507425702,38.7035209989,37.0529081534,-0.0866909265531,4.66107649148,24.1629781523,39.2501469393,-0.000522990852713,3.26326815182
v5,a9c9b150,-0.098575012543,-1.32065359684,-0.00850499588676,0.771510835218,0.111032888634,0.309435233414,-0.0084042235788,2.41438251131,0.225555799311,-0.104759017325,0.00310992994702,2.24228673926
v5,aa95015b,9.46732093023,9.31191677219,0.0120666062674,2.5435725141,5.41524799099,7.65291584283,0.0124440481319,2.31009994877,3.95496845777,5.50730692188,0.0100424531809,2.32080780143
v5,aaaf3c03,-1.96067067067,40.1787023181,-0.0133526457619,2.77755090469,5.34182423912,16.1474412377,-0.0178354827572,2.31328848879,-0.883063879347,-0.121383275162,-0.0185563105813,2.24428798855
v5,aaeffccb,-1.89717920354,3.34091952383,0.0311385892832,1.75026481677,3.14396198116,5.41161101221,0.030478067573,2.30698782781,3.9868425919,5.54225832503,0.0111975862331,2.3207552817
v5,ab112491,24.3997242044,15.424656959,0.00169462097207,3.37430695262,10.2385317211,25.229160382,0.00252463597137,2.55464049953,14.1913667885,22.7621127419,0.00447329921008,2.8419132111
v5,ab18d3fc,-12.4486845803,-34.7187431657,-0.0045904779364,2.86777905354,-13.2503901433,-32.083673235,-0.00349940608245,2.4997144577,-10.7044389544,-20.984380706,0.00173508146298,2.7479467355
v5,ab3ced07,-6.24644,1.88248739259,0.0351359791892,2.37931688956,3.52594972827,1.71433232748,0.0336129063679,2.62234862798,1.19007642592,0.167086744593,0.0102172151922,2.26552080768
v5,ab6fe95d,3.83488617738,12.1130163123,0.013907156667,2.03856494147,4.74876470445,7.55442784731,0.0140683678976,2.4246464899,3.95496845777,5.50730692188,0.0100424531809,2.32080780143
v5,ab94878e,3.82175716189,-2.6281829538,-0.0361596114569,1.95872345693,2.66295803345,-2.47707653799,-0.0338065194485,2.39693524722,-0.63399100444,-0.303163574334,-0.014238921361,2.24088092446
v5,abf460d2,5.91210133665,19.0700075365,0.0230626722965,2.23547015175,16.1748806649,22.9807186911,0.0226942692997,2.17578422112,11.8984837468,18.3472078086,0.0133415899435,2.7407629477
v5,ac6f01d5,-12.4391706635,-20.7622130651,0.00436621725679,2.83100677614,-3.56244275016,-16.0537672172,0.00371266763908,2.61788508568,-7.0996939781,-13.8557210026,-0.0017117948849,2.55425539533
v5,ad2133a8,-24.3827509164,-4.42896192514,-0.0570344085692,3.37033255637,2.68212683304,9.39670263539,-0.0571922598387,2.57653783036,0.847827209766,2.81279297917,-0.0187980747635,2.25710574953
v5,add9c322,-11.4091531027,-6.87627067082,-0.00143966913002,2.5875222168,-6.02300319517,-5.08157354964,-0.00119960585598,2.47320007145,-0.887753727686,-2.52025424419,0.00509251893767,2.25008198691
v5,ae069086,-8.28477777778,-12.7823472183,-0.0189579725018,2.74634211286,-8.83112086419,-12.6095032305,-0.0163645983307,2.58492861125,0.31749081122,-0.655580040179,0.00532806203898,2.26460986078
v5,ae0784a8,8.91897353956,9.34028444127,0.0098160941839,2.47463533821,6.53336884275,7.24387507749,0.00881796123785,2.34725935727,3.64931622539,5.905476858,0.00459230460199,2.32281667625
v5,ae35f33a,2.83387191011,-8.90171670146,0.0102960988869,1.80749713757,1.47528955598,-10.6153057908,0.00933123881315,2.29910702405,0.548548180669,-1.0311275338,0.00848801377691,2.2828248755
v5,ae8959c3,18.1089464365,25.2268263113,0.0106939436782,3.0334138108,13.2373142683,34.5489832683,0.0107090696841,2.6433633985,22.5516560422,35.3862715576,0.00921147888414,3.21519059989
v5,aed44918,8.24302317028,7.73728703243,0.00380653430657,2.35029890533,2.18490119984,1.25758404451,0.00325132490172,2.42663169718,0.718595408034,-0.36812698155,0.00838478453193,2.26088193191
v5,aee6393a,3.23974083546,7.03510454019,0.0162791054917,1.73442758035,2.40955366069,1.79889992899,0.0139425219396,2.41432896514,1.40278801046,1.67735073471,-0.000183465612678,2.23257474876
v5,af7a59ce,-3.45691468254,-2.69300497836,0.00127988109329,1.63218907642,0.138884999547,4.03914821242,0.00167901233606,2.39313690893,0.899172365478,0.804228549914,0.00259880811294,2.23184490985
v5,aff4e561,9.6311085297,10.2230147674,-0.00680627737147,2.47249108237,10.3011081062,12.9127449382,-0.00581989973549,2.53045501868,10.2958393766,15.6010712189,0.0125397810789,2.64271552103
v5,b04b58a3,5.34544973545,-12.9049013916,0.000290308204527,2.64323910006,-0.304969668947,-6.4955314727,0.000258134270969,2.16384149485,0.800212341815,0.673436565833,0.000163374834395,2.25696154011
v5,b0d42b0d,17.8991088312,-12.1897482729,0.0300471849443,3.03482043077,5.04457516695,-10.3010170836,0.0293376883025,2.47710625662,-0.359334561072,-1.97109814982,0.00793728014941,2.2603992991
v5,b0f53bf4,-6.97197096189,-5.16442562013,0.010919223786,2.32545438801,0.0177051526181,0.899599868078,0.0113223768896,2.17029292168,0.946021636486,0.245795620984,0.00950879925824,2.22774852296
v5,b19b0395,-8.09266471701,-8.84487420015,-0.0402557226211,2.40199936094,-10.1269436206,-6.10769217699,-0.0384690816694,2.64635418203,-4.13751623712,-6.73232984975,-0.0169375363671,2.41546920914
v5,b1efb8a4,5.3679393131,15.16336473,0.0021535400005,2.2519975417,1.38901836257,5.78000221954,0.0019765351836,2.5330767423,0.982553191024,0.724919435818,0.00402351914734,2.23892906659
v5,b32902c0,1.10968487395,13.3158453497,0.00724743268409,1.81733241246,9.75683648175,21.7534804843,0.00542891586489,2.4555319396,11.3879507357,19.1839929994,-0.000933781990773,2.7121061247
v5,b32e4903,1.16985615251,9.9444760088,-0.0242399773789,1.92628434605,2.04128896974,12.9124882983,-0.0223070829426,2.24972774082,4.59992533009,8.76547781141,-0.0147778905713,2.43763624382
v5,b3388334,-6.75586842105,31.6182318503,0.0214962130925,2.72327416744,9.00709594007,18.9043391828,0.0239224952579,2.6239370528,13.2223006004,21.2207594542,0.0102769069449,2.78828735543
v5,b37fd114,20.7529310134,31.8909337713,-0.000808748017243,3.25727967373,7.54594786817,17.5637101033,-0.000110346031785,2.70214616623,10.9393151754,16.6782729232,0.0105267005715,2.68210129282
v5,b38e3116,3.27253582354,4.58675529042,-0.0145768791711,2.00207967702,2.71244818797,0.872706318923,-0.014392329959,2.61258225061,0.49487091905,1.67241686564,-0.0173240260032,2.24573441292
v5,b4d8dd4f,1.05958440948,43.8655167483,0.0556155742397,2.89582457669,9.60448433484,30.4097153922,0.0555666234174,2.81331109842,15.2260741524,22.2854555399,0.0133814911433,2.92294282954
v5,b4f37e6e,11.563967246,30.1257691767,0.0410899835677,2.76939316165,18.0260212941,28.7031849084,0.04004324157,2.53744098295,21.4536561634,30.0407640865,0.00512957681264,3.13551108904
v5,b56bc0aa,7.90101570868,0.947864187996,0.0486311261812,2.28121110347,0.246605558364,5.32624224218,0.0481079845262,2.65513077147,0.590029796535,-0.399746441977,0.00941846036463,2.23681871461
v5,b585b4fa,-4.15483465301,15.6605150582,0.0262331726532,2.39551223686,-11.5796704621,-17.5059926977,0.0250394306731,2.43899448811,-8.14153566348,-16.7350799759,0.000528846621871,2.63056279657
v5,b5aa9634,-6.98763581764,-11.2759715332,-0.00639366192007,2.52402015972,-12.6163110508,-26.6935692149,-0.00610759659841,2.34819299715,-15.852522652,-33.9709265872,-0.00530981748372,3.05670043976
v5,b7974e66,1.28785534365,-1.33574479943,0.00573764260003,2.07605631736,-3.44300627779,-0.268642037379,0.00581395179579,2.72743645618,-0.887753727686,-2.52025424419,0.00509251893767,2.25008198691
v5,b7cdcecb,7.33551070039,14.7927991328,-0.0232434378707,2.32965063735,7.17975015775,14.3052269302,-0.0218001849602,2.62953306664,11.1050888497,19.4582188539,-0.00353165486704,2.70643785779
v5,b7fea9ef,-10.3127211588,3.10207818394,-0.0103555835466,2.49717069179,-2.12890774009,1.15108982578,-0.00969118855957,2.37439349605,0.540309044578,1.0494083092,-0.00696552455368,2.25634808689
v5,b85f7b06,2.77873520905,4.37016012595,0.00301456646623,1.51948369012,6.60935958581,4.86761485139,0.00378822745427,2.42092888909,1.25448599429,0.537292074617,0.00981354135998,2.25276080292
v5,b881d27e,17.9941481666,9.72090221192,-0.0304495568989,2.98493188167,10.3022659507,17.3395529632,-0.0300566470279,2.54401533634,13.0209254028,21.8944735465,-0.0107174119118,2.76631814337
v5,b8c49c1a,-1.78470710813,19.9576055736,-0.0118261598645,2.22537507037,1.03159863585,6.27093763513,-0.0125025160841,2.33636683282,-0.692374002672,-0.369024521219,-0.0135496045951,2.23296367044
v5,b95e7121,1.93262448462,-0.415036507395,0.00234826059213,1.48624375766,5.96307232657,-1.63185404451,-0.000391831883291,2.65050174469,0.950794352408,1.76996427261,-0.00767856070513,2.25483593422
v5,b977be4a,0.231984113572,-50.8013445727,-0.00635597946168,2.97442547529,-2.87786808724,-17.3058366749,-0.00552574434179,2.4985430509,-0.912557796064,-2.85825641845,0.00668064257404,2.29060044178
v5,ba48188d,-38.3416466635,-113.847666263,-0.0079668430222,3.95003534026,-42.4488763034,-90.4090566004,-0.00963379583692,2.60271087321,-16.6151478748,-34.1495870476,-0.00700034025291,3.08395830096
v5,bb2cdd83,-0.410308496733,6.7869783422,0.0248371712587,1.39070314744,1.44617550582,4.47041768099,0.0251352153639,2.2836792137,3.9868425919,5.54225832503,0.0111975862331,2.3207552817
v5,bb337fa0,22.4812803725,12.7601851624,0.018990024707,3.22222306745,19.0964537298,24.0663332863,0.0202616924481,2.61793813342,22.4294200889,34.4688934606,0.0082576992612,3.21565923982
v5,bb682ebd,17.4580357574,27.2059654191,0.00875773822788,3.03832354049,15.1926002636,24.7796295171,0.00794773886963,2.90046508927,13.4448151891,21.0975187606,0.010227005439,2.82981511451
v5,bc4381e2,11.8622139253,8.12007980297,-0.0209162348426,2.60995000231,1.23489639942,9.59392836245,-0.0181925145489,2.43389182975,9.22519586965,13.2248424236,0.00808878428678,2.58373643861
v5,bcebcc5f,22.8529610099,7.81055546935,0.0100237613264,3.22849093976,21.2255090283,26.1812388303,0.00991085724775,2.4200859146,22.3045435565,31.1583995358,0.00218738154835,3.17186670858
v5,bd2c2f34,0.749251756084,1.22707337794,-0.00457809146488,1.89665111628,-1.67960008802,-0.479129339989,-0.00368866558175,2.68702870538,-0.685882241934,-0.837071489679,-0.00681089760931,2.27217297029
v5,bd4ae5da,-12.8596144626,-10.8629684618,0.010139338777,2.71153955066,-7.53734247471,-10.7485463693,0.00989278157475,2.67447673983,-3.62782504793,-8.29475362553,0.00418649547052,2.41215521731
v5,bd6f0e19,9.28066342412,9.5269710983,-0.00125615810418,2.40857889413,6.56961987561,3.00097092696,0.000826037395369,2.27941707117,3.51934407343,4.27530072121,0.0104853034456,2.30960105969
v5,bd8f847e,2.45841564201,20.9290713953,0.019426172279,2.12700975782,4.496296129,7.78022890656,0.0168278707997,2.60125933501,3.51934407343,4.27530072121,0.0104853034456,2.30960105969
v5,be063506,-9.03810666667,-0.534367491669,0.00999913709684,2.36892366616,-2.99718650124,7.16313775163,0.00917346409554,2.59622149558,0.425315809413,-0.322229527504,0.00611385077234,2.23652763401
v5,be35c8f2,0.871341694273,-11.726892064,8.31359876154e-05,1.73602389891,-6.60776515643,-11.7782640014,0.000267000036373,2.43440358249,-0.912557796064,-2.85825641845,0.00668064257404,2.29060044178
v5,be83e781,1.6237286557,-2.84896716555,-0.0278232762273,1.42402293271,5.25945443238,8.63273380309,-0.0261970593257,2.58842946367,0.995611711084,2.80526052346,-0.0160606558376,2.26032033389
v5,beda8696,3.0063988498,-15.7777310532,-0.0236495684586,2.38139213443,-12.6514798601,-23.9500161691,-0.0227401137737,2.40271132041,-11.670836654,-18.553303424,-0.0124836210742,2.74371750076
v5,bf39bc20,0.138410535876,-7.95504114683,0.0223317162676,2.2409020324,-8.1814563975,-13.23819697,0.0222972820178,2.40547918652,-7.07301237793,-14.655857787,-0.000988074870284,2.56402400542
v5,bf70b410,-12.2646132031,-40.204419101,-0.0145568965084,2.99173829444,-21.4511028144,-37.4511912149,-0.0145644311115,2.44673178715,-18.4739995873,-34.0144026474,-0.0102118141415,3.08751819339
v5,bffe3082,9.89436833828,41.8304873783,0.0145707862128,2.86783742458,15.3820138429,29.1841653581,0.014393987178,2.54359749825,14.7016092244,22.5062259411,0.011574164244,2.88190272754
v5,c03b9305,3.43139365452,15.197439536,0.0162637707315,2.09397506763,7.9330757966,17.3046052332,0.0162138383251,2.3756906792,11.0432337843,16.7185594026,0.0115960368975,2.68960201168
v5,c03d4aed,9.30344106874,-5.31175540378,0.00504298077578,2.60882595546,2.36860069126,-0.872231665285,0.0036554136496,2.39281219515,1.16222318573,2.17426041022,-0.00881261971239,2.25459719061
v5,c03fba65,-20.5787753447,-29.7098311567,-0.007450979318,3.1671601945,-12.286829932,-30.6306303678,-0.00802590307709,2.36064796174,-14.5139769345,-30.8354372022,-0.00996663975245,2.97499769827
v5,c07fd0cd,-0.810634693391,5.48300961165,-0.0217978953513,1.61996913535,4.53643244057,5.74601364018,-0.0207049961836,2.08368463585,0.0717753798475,1.59589263368,-0.0198624624292,2.23192366828
v5,c1708b88,-14.8091306413,-17.1463925483,-0.0329827910876,2.96035210315,-2.24248364312,-8.74561680207,-0.0302995532594,2.46779585347,0.425315809413,-0.322229527504,0.00611385077234,2.23652763401
v5,c1d046f4,4.25464901143,-5.4955632537,0.000660449903969,2.1633359334,-3.7068132387,-4.39148069446,0.000456601657923,2.28492446226,0.696128068334,0.979549437396,0.00237466650016,2.24082382767
v5,c2717d4f,5.36089176022,0.675011900382,0.0186676818799,2.24628556733,4.33397012338,7.17039548094,0.0185983991968,2.20109502927,1.96342760523,0.914657926108,0.0116957288664,2.28762617458
v5,c2c4db09,3.22502235469,-16.2031473831,-0.0104523865338,2.30541337177,3.86539005949,-1.39871535826,-0.0100144883908,2.30201341938,1.10556444958,1.51672713825,-0.00655675139262,2.25636672237
v5,c2c6fc71,9.64925270403,12.9364195609,0.00118923173018,2.54689993538,13.8839374497,6.20961925705,-0.000372317614305,2.30435704358,1.5448434839,2.25882291977,-0.00935609653769,2.27119032495
v5,c36625df,-7.07496836778,3.20110850299,0.0128825413653,2.19758062495,-10.802950714,-15.671090245,0.0126010308867,2.53264518563,-9.3881214514,-18.1429893983,0.00355505961227,2.66905498096
v5,c3957531,1.48971218962,30.3514591236,-0.0059865042551,2.60407555984,-2.25644407788,8.14684258401,-0.00607272597233,2.62619300973,1.05517397127,1.70428862035,-0.00910162984522,2.25701617219
v5,c42fe306,6.04382924436,28.5172620108,-0.0371555460489,2.50791564399,10.157015041,22.7811784707,-0.037125169313,2.44649062172,14.2542311639,23.6945363536,-0.00911208839915,2.8332608955
v5,c43812e2,-3.97218925276,-1.23576426028,-0.0158781410982,2.08154732403,-9.09054216283,-9.51291147476,-0.0146265820788,2.24514022341,-0.301493124081,-1.70197633598,0.00556029712833,2.29612905622
v5,c472c0b5,7.32707596595,12.0102416985,0.0141268459587,2.22799957114,6.7180846796,7.62455754003,0.0129039273492,2.20721892967,1.48402137926,1.26949735032,0.00713699180161,2.27542092937
v5,c47e0767,19.2720454545,28.8432100745,0.0417431029998,3.11250186491,20.671848725,25.4940126012,0.0400199960318,2.36619742287,14.3290870256,20.9712051589,0.0134525232601,2.86372199515
v5,c50b42f6,3.6782573994,-0.111969192416,-0.0117707259578,2.26220734086,4.61349964966,13.1875957518,-0.0116211044611,2.49934522829,1.05517397127,1.70428862035,-0.00910162984522,2.25701617219
v5,c593337f,-15.9025672043,-57.7114544726,-0.00107460047788,3.21174381379,-17.3300598695,-34.0627009647,4.75312520166e-05,2.48888068075,-14.9587610063,-32.6864908738,-0.00255565786952,3.01424286787
v5,c59b6c4a,-18.3491452991,-33.0032258811,-0.00645189874654,3.08888573969,-18.7151029068,-32.1384799468,-0.00604134862315,2.28969694778,-15.0096667527,-32.7328263685,-0.00355364256603,3.0176532988
v5,c66be2b8,-14.9536446798,-50.5147344076,0.0273304811192,3.14530491208,-15.140324342,-30.6382993969,0.0296280123558,2.35913252139,-12.9225781289,-28.3231523575,-0.00130570671384,2.91356504617
v5,c6797dd7,0.958610634647,-12.626341018,-0.000460440568267,1.92117969829,-1.4028336579,-7.11684408277,-0.00286568381025,2.44485813869,-1.6178660527,-1.8797323246,-0.0160063000217,2.25775598036
v5,c6b782a4,-10.615232725,2.5028987231,-0.0080447261174,2.62523965854,-8.26523994118,1.42797422874,-0.00582981989357,2.58208633449,0.56259004119,0.262183569168,0.00550153473681,2.26651188624
v5,c6c96179,7.40880619381,2.58175078854,-0.0116393889067,2.27958745475,4.27960316743,5.39976066397,-0.0108293883147,2.16288935934,1.5981307383,2.53440553441,-0.00333909768428,2.28520463863
v5,c70c0e01,-5.45328153989,-13.1172628669,-0.0297655643711,2.29906902554,-10.4577870071,-12.2852293494,-0.0284401655773,2.26680829457,-7.56520051327,-14.1326412261,-0.0076385759856,2.56655219862
v5,c84c65be,5.34140301318,-10.5843367084,-0.0261207314796,2.37382498655,3.35711147409,0.871084989903,-0.0248463074879,2.75194224953,-0.169041809312,1.22198207254,-0.0204743900303,2.22387116655
v5,c8d9680c,39.1036936793,43.8821542448,0.0208264516848,3.7789586808,14.5675878124,28.6676816947,0.0222064655272,2.57061971478,19.1780793857,29.9644567082,0.00871807613931,3.09488228935
v5,c908edd0,-2.39408652938,-25.3708887439,-0.00337637342737,2.27880746863,-10.9456181441,-11.4704727234,-0.00309936387266,2.29713044058,-11.03487193,-16.902150811,-0.0133406212877,2.71339928038
v5,c9578d27,3.08239803878,7.40990404246,0.0162436239268,2.42540045573,0.381132102039,-4.22342599564,0.0132526118323,2.59911519796,0.868765622689,1.52330553129,-0.0067508458819,2.25557277531
v5,c96c018a,10.9871407954,8.92025593761,0.000291238358387,2.62900415242,5.67264749671,6.19392941793,-0.00135907086917,2.324102069,1.13443906571,1.97096978467,-0.00488843941293,2.2478012713
v5,c99f9fae,-3.6343405125,-9.85165841675,-0.013739105048,1.85711505866,-8.83423874407,-21.1870402846,-0.0150167782924,2.21236309834,-11.1012873306,-20.8901801116,-0.0104257896555,2.77136232255
v5,c9e6734f,0.384128827877,30.9829351205,-0.000323418134888,2.42572014648,3.44979057244,14.2093072881,-0.00264616564056,2.47693717423,1.05517397127,1.70428862035,-0.00910162984522,2.25701617219
v5,c9e980e8,-7.13835742143,-20.2060960114,-0.0249370013637,2.37413661406,-2.52600935731,-11.1753598131,-0.0264954231304,2.40438179199,-3.81418292687,-5.69551422694,-0.0165993529011,2.36242737678
v5,c9fedcf3,6.78960762013,3.76333221098,-0.00109960322843,2.13673292108,5.19050133853,4.35242110089,-0.00145104304567,2.31815170705,3.66161597258,5.92698264721,0.0025524149476,2.32561128007
v5,cad13e8f,-16.4154022277,-11.8362598214,-0.0619327186213,2.89160966532,-15.997654286,-12.6463220487,-0.0615869675471,2.15408874543,-11.1277934067,-17.1049818615,-0.0146909079736,2.71831510541
v5,cb34231f,-1.73774469602,4.95209838657,-0.0461195399021,1.85924777481,-2.02161480313,4.02801831638,-0.0444307268973,2.33481967209,-0.227064918396,1.10073060906,-0.0199925377826,2.22886241085
v5,cb879f40,-0.411854315123,-9.48997949633,-0.0091448839816,2.28201881641,-2.0565649594,-10.357185462,-0.00811954483541,2.27572443168,-0.051880869833,0.451284380285,-0.0100862337912,2.27896382145
v5,cbb406b5,8.57629424779,-7.97027732845,0.00936994306505,2.51486080251,2.67716642695,0.324487888459,0.00905708356972,2.55775052407,0.965105585817,0.545574279764,0.00724396924794,2.22533706422
v5,cbe51de1,11.6606056018,14.6908406468,-0.00967930974233,2.77397538923,4.1325728342,-1.39625015312,-0.0108223304434,2.2744857397,1.19746064291,2.09013764442,-0.00761483091588,2.25434130535
v5,cbe62450,15.0649920102,-1.29301925496,-0.00135276526155,2.97588987953,-4.10282181019,-2.97991293808,-0.000620066484676,2.28984837702,-1.39132380942,-2.21835669632,-0.00239548025568,2.26592313788
v5,cc08aa63,11.2360690287,12.7806723396,0.042623342313,2.6382671062,5.54287529774,7.77536431606,0.0409732869719,2.55707400118,1.96342760523,0.914657926108,0.0116957288664,2.28762617458
v5,cc8a1d57,-24.9354293462,0.108459206036,-0.0366790862654,3.35184571516,-4.0272399069,-0.178909763579,-0.0337559189134,2.64765426605,0.198704614358,1.81623665275,-0.0194491214001,2.24195586007
v5,ccedb12b,6.25428084526,-20.4106401471,0.0253101076091,2.45178587182,-2.8999652331,-18.7578065449,0.0257451511198,2.58769660079,-8.83321307942,-18.5146221207,0.000187021534187,2.67836896717
v5,cd7f1687,-8.84078449906,-3.90623831253,-0.0192726577347,2.44868886928,-0.484062790348,2.15706684114,-0.0179633148882,2.53046713754,0.705667163858,1.96132240153,-0.0130044655704,2.26408138594
v5,cda7eb37,3.50109660137,21.2725782795,-0.0129205244106,2.401762604,-0.176495442038,1.72074756331,-0.0142737123141,2.57274961794,0.198704614358,1.81623665275,-0.0194491214001,2.24195586007
v5,cdc31d65,4.0548161157,-10.8054886012,-0.00495964802344,2.13799488126,2.54861659752,-8.8531043154,-0.00511801449877,2.36015270646,0.908308887529,0.925329109419,-0.00350720141108,2.26047104161
v5,cdc60a53,-0.725624362027,21.690885866,0.00316360950705,2.23172541883,3.6732707322,13.1463986783,0.00311987008946,2.39932153783,1.01994342035,1.4165257021,-0.00550146944576,2.24485477262
v5,ce55ba43,12.3136500975,10.2200508437,0.00826136557358,2.72814359975,6.61309028628,14.767339472,0.00819432438509,2.72757527299,3.45059686734,4.53772634746,0.0057927086928,2.31558777173
v5,ce8399b7,-2.67853869969,-1.54539698985,-0.0558337752285,1.4732888658,-2.79524142654,-4.68006931011,-0.0531320158148,2.71408078351,-1.6178660527,-1.8797323246,-0.0160063000217,2.25775598036
v5,cf50c9d1,-29.8412371346,-28.2842762468,-0.0111377415774,3.48333626392,-21.9596699088,-37.1506068657,-0.0103084091289,2.48676950906,-17.3452196904,-39.099761484,-0.000562879262299,3.11908250403
v5,d00e7eb9,-6.62653050491,-2.60899210911,-0.0100792234274,2.18683787478,-3.79457410959,-8.99976361217,-0.00952231777847,2.38397753705,0.953681911216,-0.315777161172,0.00967088649969,2.26176738593
v5,d011f41b,-8.26695191884,-13.6226837323,-0.00783986451807,2.47332783019,-2.63288940194,-10.5363558134,-0.00598236843374,2.37745626746,0.321048363191,-0.922630172526,0.0081402273697,2.26718529688
v5,d07aed8f,4.75087926953,0.730144731688,0.00354005628537,1.85667472509,5.62627442837,2.52134781534,0.00331291432632,1.90736893204,0.915143327384,0.435274545642,0.00722825457999,2.23099726017
v5,d085e611,1.56577612663,10.7127361862,-0.0191495556304,2.40547823654,-7.19517344856,-5.03218437316,-0.0192514625052,2.51728308809,-2.14030818437,-3.51276813119,-0.00397713352945,2.30690617181
v5,d0a0e7b5,10.4409014675,12.3337000641,-0.0045359078681,2.53978173207,9.36169278134,12.6618925506,-0.00458745366218,2.54080149837,9.53200055047,14.5065061148,0.00259534108651,2.61069224866
v5,d0a43760,2.12997030438,8.20804423634,-0.000149463910165,1.65810483861,1.35762245611,7.33859541211,-0.00264337053792,2.67294728527,-0.891806796034,-0.267813786134,-0.0167517681277,2.23725467552
v5,d0cb63ae,-15.8057265939,-8.74908277794,0.0230018488703,3.04153662126,0.896289328481,-2.56205907576,0.0234405896158,2.69382740337,0.883660690891,0.374169770888,0.00852197328142,2.23264759422
v5,d114d9c2,-5.06952304222,-16.9148082797,-0.0315746484061,2.16315387793,-3.63370447599,-6.00159860256,-0.0305087025874,2.53298652043,0.473937935374,1.98356125456,-0.0138474662736,2.27739021625
v5,d1457cc5,0.989682080925,9.99327278126,0.0153978463613,2.21000176405,2.52423859899,4.12134241444,0.0172673989779,2.6647857288,1.22940579981,0.428495471794,0.0106463332565,2.25113405914
v5,d1ecf309,4.36323767834,25.9287971346,-0.00460954424129,2.33971560477,2.51678497439,14.8995795492,-0.0037067854698,2.56776899765,8.19400613838,11.9125496411,-2.12624269558e-06,2.52149326726
v5,d1ee630d,11.2639109698,-2.33789253631,0.000667653498364,2.5817141936,10.3702092594,0.314899322433,-0.000198444481778,2.30346835483,2.24137938892,1.86436940716,0.00408359176609,2.28942903477
v5,d217e0c5,-2.49409067223,5.52161850871,-0.0301888180333,1.82513601001,3.85718086488,10.3381928171,-0.0293500781925,2.25031507572,2.85913086633,5.68274855408,-0.0167428343153,2.3253299062
v5,d24ff243,0.332738876086,-5.75538702847,-0.0226788641487,1.52269848814,-1.89992164593,3.37014207977,-0.0216073031741,2.3564776056,-0.213195778214,0.916151851395,-0.017100932597,2.2320061613
v5,d273674e,-0.86236214414,-1.63126288003,-0.0108506797368,1.4816877651,8.12542752846,8.84318536743,-0.0125341978827,2.13641334821,1.82149342306,3.9341246849,-0.0134023841975,2.28542978985
v5,d2f3b1ab,9.58250134384,-29.8586028799,-0.0117468050572,2.91004950432,-6.42199281603,-16.0260556458,-0.0112685825154,2.39918324623,-7.0996939781,-13.8557210026,-0.0017117948849,2.55425539533
v5,d3df146b,9.83863832728,8.5864037391,0.0206963269831,2.54154996819,15.6248994873,17.11340237,0.0191675506388,2.32269638143,14.1419696048,22.0574203575,0.0125992925107,2.85606475367
v5,d40f61d5,-1.10394899728,9.46604754632,-0.0111039163771,1.71434158785,-2.11309700162,6.32926821363,-0.0108977085516,2.24233604861,0.950794352408,1.76996427261,-0.00767856070513,2.25483593422
v5,d41beaf2,-13.9062255418,-12.969015172,-0.00882504140319,2.85275659292,-8.51328981964,-13.9768558667,-0.00804301131821,2.44177077784,-7.59850535253,-14.5421081949,-0.0020147544647,2.57505543608
v5,d463e527,3.06896370883,21.0340862991,0.0283260276245,2.26084124569,-0.897567910542,0.627334963366,0.0242632010315,2.32412042555,0.200547458318,-1.00786863771,0.00873513960818,2.23935994333
v5,d4f60a28,-2.9714419018,7.69870897143,-0.0604054258239,1.97173468251,-0.141202431532,1.45858350946,-0.0584942498207,2.08066540806,1.05881203529,2.27159359902,-0.0158733322975,2.23927615411
v5,d50c649a,5.07708187975,-6.75328701501,0.0488585881442,2.05667972285,5.26819792965,1.43234518206,0.0477857800396,2.5835354565,0.590029796535,-0.399746441977,0.00941846036463,2.23681871461
v5,d543916f,6.50180662638,17.206708757,-0.00537406345692,2.41593357031,7.47036259465,8.33774545093,-0.00657362541226,2.51865428653,3.22825401074,5.90950658109,-0.00963735868177,2.34126133539
v5,d5df0ff5,-15.3508779762,-7.54481839556,-0.00532138657101,2.85366949198,-10.0598944748,-18.2757809008,-0.00568944700478,2.35091985194,-9.22470104316,-19.8949243066,-0.00166489870155,2.68888570887
v5,d60430e6,-5.73088410992,12.8603773334,-0.00920297677589,2.1803239523,-4.58234994549,2.97242534449,-0.00929839362566,2.4009611982,0.722001399335,1.40625417046,0.0019765866533,2.24013106695
v5,d63196fe,-17.7631973392,-23.2214354505,-0.0611705418649,3.02164923338,-17.2010527088,-24.601020751,-0.058539653955,2.56862820334,-12.783896954,-24.4047240883,-0.0123807267259,2.86583738438
v5,d6c320d9,9.9858217168,12.7678026325,-0.00900715053471,2.50192617214,8.4941326305,13.9901001714,-0.00820129945122,2.41121450807,12.6943253107,20.1208215526,0.00463427485433,2.74593104775
v5,d6dd7330,7.9624430809,7.27106589402,-0.0032738848208,2.55122740835,2.58276863903,-1.41879290626,-0.00394827735066,2.25771579842,-0.0212573079946,1.21444961683,-0.0177369711044,2.22708575092
v5,d7ba4f9d,-3.7411456085,-2.39655994319,-0.0104546200573,1.80797989721,-5.85819859541,-9.24813487024,-0.0100832029648,2.32443165022,0.912096848599,0.00514978798591,0.00940437046201,2.25944667249
v5,d7eb0be8,27.6577281985,-19.5113629334,-0.00207387917505,3.52123296359,-1.25982600533,-9.25401663297,0.0024411010835,2.55473062679,0.479585045127,-1.05474019856,0.00987656122411,2.27376563734
v5,d84b621b,-21.2124737106,-2.0651086818,-0.0235201105971,3.12765372105,-6.8682560101,-11.663868692,-0.0232595099245,2.61701705699,-8.16720022237,-15.1203990161,-0.00659949071899,2.59633646919
v5,d90aa14c,6.78172389698,2.51224478223,0.0124618463573,2.56451487013,-8.07136359785,-19.1976151276,0.012339842333,2.40316748771,-8.30007234541,-16.6029699498,-0.00120748723254,2.62398245611
v5,d924e971,25.8144378141,67.0587842056,0.0639725732744,3.51958123621,34.2036641949,58.1412047343,0.0609774957607,2.77049206436,20.3683369844,31.7887905766,0.00673685417028,3.1430049219
v5,d9ae59b2,-4.00833607456,-7.06760671182,-0.0331164944268,1.7995756385,-0.418310569495,-6.0943860642,-0.0326850333109,2.57476835947,0.846303707154,2.01797604707,-0.0110425495469,2.24544391106
v5,d9d6d94d,-0.0320349664566,-13.5681448143,0.0896205655538,2.34043266635,5.15036752305,-5.85344298099,0.0889385426022,2.64019480347,0.200547458318,-1.00786863771,0.00873513960818,2.23935994333
v5,d9eca87b,-20.852935823,-46.0132952848,-0.0188609341136,3.31212262022,-36.6594220843,-65.576512677,-0.0187318695126,2.49320148247,-17.4652106674,-37.863744285,-0.000214189912689,3.1297099683
v5,da2d4d7c,1.33247398297,7.88878720049,0.0281246915567,1.52108617182,0.396217383519,1.55501838314,0.0271837471364,2.19547647351,0.946021636486,0.245795620984,0.00950879925824,2.22774852296
v5,da3bfe4e,-27.0871598486,-31.8277742413,-0.0181814842802,3.44068227256,-13.5160755179,-21.9799047301,-0.0193838464984,2.44284231402,-14.4638280426,-30.2173865421,-0.013355325135,2.95863160404
v5,da3cf798,15.9966991786,12.0750333706,0.0147767957383,2.885086192,10.5831449264,11.7734002057,0.0148868259344,2.38541309515,11.3129967716,16.7402312238,0.00868676629584,2.69650319293
v5,da940160,9.87100545596,14.2616871666,-0.0249654140608,2.50346897642,4.58456072053,10.193225422,-0.0245641933946,2.51047188484,3.45097404438,7.55574538126,-0.0167652843325,2.37209943856
v5,dafc88c3,5.13847451543,4.13538573903,-0.0302340266534,2.06399020705,4.354122236,13.0937847108,-0.03081263128,2.37420167087,1.02218095184,2.23110697741,-0.0151018850258,2.23743189348
v5,dbee6c86,-2.0197638757,-4.3192546855,-0.017824130052,1.68564477185,-0.257424887896,0.611184714495,-0.0168567406612,2.74621438037,0.648632574514,2.11258821653,-0.0126637870876,2.25948669206
v5,dc5fbe29,-4.28287910821,8.53236855164,-0.0124416019057,2.18830759692,-5.46285357943,-3.08259202454,-0.0133974663604,2.61290860648,-0.912610820973,-1.15987905107,-0.00807607456667,2.28848493775
v5,dc7da28f,6.10943862589,26.4035300583,0.0126639110999,2.41798702377,11.5945416908,19.4537970215,0.0106676237055,2.5709000286,11.2148453217,18.8301499338,0.000538097370899,2.70924291339
v5,dc7f9757,-7.81375,-15.2412778348,-0.00233323814416,2.38048593054,-12.4673276655,-5.54231321162,-0.00390863175653,2.35331354133,-8.27206066159,-11.8526694581,-0.014320483385,2.58614714001
v5,dd168de0,-0.328123486683,5.7509525812,0.00581994581664,1.38413131919,3.84408781833,6.30315613789,0.00527483810129,2.32092552501,1.70843343966,1.24328776255,0.00624616723806,2.27999947399
v5,dd64382d,2.76139244558,7.67367358156,0.0120293276047,1.66053530988,7.20478219053,11.4969652175,0.0114207746414,2.36966203794,9.22969511118,12.9505140968,0.0124509906588,2.60263026185
v5,dd6bc5b2,8.40175180455,22.7553268214,-0.0207788885805,2.54795625815,3.66052639148,15.9660175021,-0.0188235235012,2.70543252454,1.16622300301,1.44043374797,-0.00564629533094,2.25349966852
v5,dd7d638e,-0.840932341316,13.0848422912,0.0628967657554,1.94843277137,6.68359761788,9.94041045539,0.0609347894105,2.47392709497,1.96342760523,0.914657926108,0.0116957288664,2.28762617458
v5,ddc790ff,-4.0485971223,-2.77924027169,-0.0490468613395,1.90580476988,-3.36186387239,-6.51661525597,-0.0489551285392,2.57531175524,0.473937935374,1.98356125456,-0.0138474662736,2.27739021625
v5,df71d1ff,-6.40277617213,-18.8228635452,-0.0280551164226,2.62050207205,1.21647475808,-2.60432885929,-0.0273121407658,2.60452740415,0.950794352408,1.76996427261,-0.00767856070513,2.25483593422
v5,df73b8f3,-9.23753718697,-35.795650504,-0.0448878013221,2.8104596183,-12.2840510828,-24.7441533863,-0.0441173962366,2.48600932283,-11.8797790667,-18.6068782678,-0.0154443525324,2.75398494813
v5,df8290be,6.64847935549,32.1450384126,0.0190477255486,2.63975171595,5.93714864124,22.1827268531,0.0168222204225,2.42516666181,8.52187007156,13.5986583782,-0.00367447597071,2.55052243293
v5,e0079ed1,6.53724286949,-7.32942885223,0.0195364770513,2.20491844137,-1.66745355649,-7.26325755226,0.0225662977536,2.26011633909,0.916334420271,0.310037823308,0.0126606913408,2.21129976558
v5,e03b45fd,3.94871958068,-14.2253360958,0.025459605032,2.81850729304,-15.3908634615,-31.3963635031,0.0223633173922,2.68205397777,-18.4873406857,-36.9653970117,-0.000679134489547,3.12255012254
v5,e0f36d98,11.1204079582,-1.29439707946,-0.00142958836811,2.72478644311,10.4049412722,12.9900505809,0.000236330451481,2.26348167617,8.59890951749,12.2028404287,0.00904549924745,2.51920142141
v5,e149204f,0.351759881909,-5.13848643497,-0.0203154011557,1.71310451545,1.52231766221,-0.766800115534,-0.0206007483953,2.45414382342,1.04964082762,2.22886844661,-0.0136385308778,2.24210143409
v5,e14d641e,-3.13395100503,-9.55296842138,0.00585819201531,2.05676138923,-3.39687675508,-7.36614198621,0.00419772520404,2.15107163091,-0.789664610866,-1.24409215371,-0.00599953104698,2.28520286361
v5,e161bd0c,0.727148185826,7.76460360363,-0.003257632646,1.67428830321,5.26674006727,9.00661326548,-0.00246591920264,2.44513420036,1.90184840107,1.13393379581,0.00905791707461,2.27257446854
v5,e201fd6d,-9.35823471401,9.6192873714,0.0291161682822,2.85481658154,3.25674759837,7.40545259897,0.0280152986055,2.50668407632,1.33176646822,1.00465722562,0.0111367214949,2.21416265774
v5,e25f1537,-3.91365753856,-35.0847686913,0.0111675282424,2.63941790799,-9.05711670159,-22.0301389865,0.011517580633,2.40540414232,-9.88290280596,-19.7860728865,-0.000128473151546,2.72135126993
v5,e2fc7745,9.64916576381,-14.554702569,0.0399805854925,2.66315006091,-1.20547220755,-1.00616255514,0.0401037772967,2.31219989815,1.31914375489,1.02507167025,0.0134624415881,2.20853987823
v5,e32da4ec,7.22637022819,0.0948398397375,0.00976363646305,2.47233964414,11.6433024035,23.2937081064,0.0108134011747,2.4558353573,15.6187355155,24.3103322911,0.012467610906,2.93809400016
v5,e3b34f5b,-5.32579101742,-27.5341914276,0.00712421808624,2.42895742469,-3.44555898785,-13.0560715771,0.00774321238351,2.28748054065,1.09201782897,0.553630561384,0.0121700272131,2.22379880511
v5,e45a2a62,13.9372258838,16.7125683005,0.0147749234966,3.0384526499,3.97721032647,8.24698654484,0.0126002678744,2.49109488117,1.00857708265,1.21997022389,-0.000631741717983,2.26671597286
v5,e46f4ef4,-0.338929812369,-0.853310188156,0.0244498459616,1.77944239275,-3.57786239161,-6.90046491818,0.0223665750006,2.35792661368,-1.27288277937,-3.48100713121,0.00724752964156,2.28110645236
v5,e4726608,-4.20716881471,8.97623737226,0.0271756360824,1.98396083248,5.00007219981,5.59436522231,0.0278338197155,2.27001408754,1.83352818667,1.01246356914,0.0110398275268,2.26835571562
v5,e5864244,25.1452181696,27.6242118276,-0.0478528073643,3.32525299971,21.699391561,38.0825347914,-0.044265274094,2.9470449788,22.156266776,34.6893988916,-0.0073970642443,3.1878280995
v5,e5c92e59,-4.66726426077,-7.18164781056,0.00743557113706,2.1646279142,0.0644389719847,-3.12982259476,0.00558794949109,2.43718467947,-0.982011531555,-1.1208346856,-0.00803360218284,2.29005460729
v5,e5ff9fd2,7.17259983008,11.2574321415,-0.0104069125908,2.2916485921,1.00078571232,7.66821274663,-0.0129733313682,2.47164057159,0.143667629113,1.5325653395,-0.0174527094914,2.23007617443
v5,e6c55748,1.0738618068,24.7781453929,0.00146163000744,2.34152726296,2.61057208749,11.9448249577,0.000601206297633,2.42510290543,1.22401165963,0.918289547098,0.00500043355484,2.26515291268
v5,e730c32b,10.4051459391,11.4635763053,-0.0306031083195,2.53802646356,9.55015756283,16.814288134,-0.0318020662404,2.57036778865,2.81008621972,6.39684411364,-0.0178522976731,2.3464325644
v5,e737965a,-1.16719899244,-24.5900671558,0.00767428038755,2.38848960278,-6.59235181101,-12.5806949597,0.00860848662471,2.37282415704,-6.8397011721,-13.3452645889,0.00593193165095,2.54368883343
v5,e748dd88,0.7043599335,-14.4084514716,0.00923691910014,1.79008001807,-0.397764813013,-12.850331307,0.00738615466427,2.41380505289,-2.07703476972,-3.82716774993,-0.000537751349476,2.30117357163
v5,e7818f7a,-4.63910631167,5.34301777437,-0.0157796056001,1.98960344722,4.83497227125,6.58663964432,-0.0155162523354,2.51631567638,1.69592208687,2.58892372518,-0.00348984679606,2.28788688703
v5,e7c36e81,-4.29458227131,-11.9428531566,0.036068648639,2.12224259856,0.222009146689,-7.24256429305,0.0359692787065,2.91567859652,-0.593102905098,-2.38323549565,0.0077014015527,2.27338186485
v5,e7d0c1de,-5.65603693483,-3.40493309197,-0.0314199028439,2.06181909804,-3.22953099132,-12.2159637306,-0.0308915698526,2.32502817335,-6.0985742385,-8.30887988294,-0.0161122370503,2.49640940634
v5,e85074c5,10.5067048458,-4.59118062792,0.0358825356042,2.51346865539,6.03097760168,4.43156131092,0.0346335060325,2.4240524539,1.19007642592,0.167086744593,0.0102172151922,2.26552080768
v5,e97032ad,11.2617620397,-4.82969848441,0.0318776713159,2.56180169164,5.31048421715,1.48186088484,0.0313325302323,2.53618659012,1.27099086243,0.107568522636,0.0109128492942,2.25345477257
v5,e9949a23,-3.6977955692,12.782813013,-0.020941586773,2.53217757884,6.35354108274,21.1971996258,-0.0190991658091,2.40673000555,12.5597741932,20.9521486744,-0.0016636900883,2.76137312873
v5,ea0b99b7,10.420311722,0.758276592873,0.0341142025962,2.57716342582,10.3925926448,2.01572886392,0.0330943405193,2.45936065085,4.7812319974,6.80087759581,0.0113177267428,2.36794018234
v5,ea3a0e38,-3.61272582571,-22.2930976244,0.0062680443553,2.32558575134,-8.1490802824,-6.38475930854,0.00483765682669,2.19969696119,-3.94475616139,-6.70592286,-0.00720298412101,2.4249735507
v5,ea41324e,-1.31121791045,10.7604749844,-0.0017283480225,1.83963335341,0.269122165049,-5.68707618985,-0.00133224321761,2.28993084951,0.953681911216,-0.315777161172,0.00967088649969,2.26176738593
v5,eabc711b,-4.09754487659,-17.5825471366,-0.0157072728382,2.54148214556,7.94472712824,6.25397107134,-0.0137155465716,2.57386559831,4.94682453002,8.01436047895,-0.0101196949256,2.41499239927
v5,eac10e86,-4.56532058678,-2.83330106276,-0.0108599598807,1.88972960082,-0.0791712702519,0.13293373051,-0.0107188566024,2.40623091453,0.425315809413,-0.322229527504,0.00611385077234,2.23652763401
v5,eafb863e,11.7673234305,15.794331477,0.0156278867569,2.67123807876,18.6193301117,28.5007993183,0.0158741122057,2.54954082862,19.3717016257,26.5241539654,0.0113403331204,3.09892473428
v5,eb06a4e7,-1.63813450937,-29.1221793867,-0.0376109146901,2.36735162188,-4.29792680492,-17.731982549,-0.0367736156771,2.71825364413,-2.83203732562,-2.75851821024,-0.0156725195364,2.3726115804
v5,eb640a35,2.63048368395,-25.7241785724,-0.0225901059371,2.3951548764,2.11047399228,-1.93066623085,-0.0209906723142,2.45942548926,0.950794352408,1.76996427261,-0.00767856070513,2.25483593422
v5,eb934281,-1.65201976218,3.64260346194,0.00538631474616,1.42007242636,3.11551935586,-2.74269260912,0.00579815688391,2.26332515119,-0.754913874701,-2.63272256182,0.00724199547779,2.25042558723
v5,eba6605e,12.745260771,17.1947111812,-0.0306941298506,2.81131127424,9.21149250032,15.7599814759,-0.0275518951187,2.92020724888,13.6794585819,21.5266665904,0.0134917987046,2.83829993354
v5,ebe69318,0.104461414791,9.66233365604,0.00914066996561,1.76221493092,1.34386285831,3.04523234361,0.00881622332696,2.39799103849,3.95496845777,5.50730692188,0.0100424531809,2.32080780143
v5,ec0d597b,10.4034943674,17.8546779656,0.00597829601417,2.85895283386,-0.36815572446,-2.89872121005,0.00287887488454,2.3675884816,-1.17264730642,-1.75124601987,-0.00937736709396,2.30521615439
v5,ec13af42,6.45305382644,-25.5479512245,0.0133560542214,2.47707877261,-1.6932285544,-7.01462539817,0.0132937024945,2.38229353031,0.371954109563,-0.876294677799,0.00913821206621,2.26377486596
v5,ecdab904,15.0884952009,-7.56152426259,0.0154091707145,2.88582794983,9.3094714546,17.2239632488,0.016821439478,2.65103684883,12.877725508,20.5465127439,0.00749037715272,2.76344635827
v5,ecdaf714,11.6154126214,12.3979241176,0.0109089647339,2.79434261633,8.17013233076,21.613191709,0.011970518977,2.45537355458,12.6293349851,20.2685482677,0.00861658033367,2.75336357383
v5,ed6436d6,1.1936672326,1.02214913606,0.00146469723722,0.962235631342,-1.23707052449,2.76282225311,0.00135498604603,2.46237233522,0.718595408034,-0.36812698155,0.00838478453193,2.26088193191
v5,ed6e6e54,5.64348875661,6.56330214951,-0.0079144591234,2.56124521285,3.89947413776,2.23996846502,-0.00651181214465,2.45878191552,1.59022902107,2.18790700739,-0.00807235582162,2.27063973826
v5,edf885a3,8.85183188964,-8.49383418087,0.0137723091675,2.58691580702,-2.49229868987,-2.56240497997,0.0134505510627,2.48809105465,1.35014347371,0.982657496074,0.0122483914771,2.21157594115
v5,ee0300f7,24.5814722711,20.6344937451,-0.0303857181327,3.28392589386,17.5205617052,30.4855516641,-0.0309786102086,2.57321549011,23.2518172989,35.7766260184,-0.00480955772186,3.20896818959
v5,ee288beb,19.1364553687,66.2034667049,0.0277911876502,3.35067660743,20.0731617058,51.5461488003,0.0256009440722,2.23201974178,21.1756536008,31.2951115558,-0.00527793965651,3.13363365146
v5,ee4aecac,10.0634415954,6.65983703228,0.0323442623262,2.46630242095,10.1428577103,7.89382412026,0.0308105140802,2.31261131628,10.2958393766,15.6010712189,0.0125397810789,2.64271552103
v5,eeda36f5,-4.40075046904,-4.42799067049,0.0148230965601,1.86719534441,-0.929654454159,-3.00052435204,0.0133194935002,2.69623620164,-0.502660058263,-1.59608476313,0.0034748498014,2.25871753164
v5,eeed308d,4.07498845858,26.4328043009,-0.00952529098035,2.36932102438,4.53037482979,10.9745628913,-0.00934296721606,2.47487066161,1.05517397127,1.70428862035,-0.00910162984522,2.25701617219
v5,ef04658e,13.303542885,23.1597160502,-0.00353955562823,2.80020656729,6.74212450457,11.9794939989,-0.00626960848146,2.26096679881,9.51104386791,16.4401840674,-0.00179205862183,2.61815627366
v5,ef8e3ed0,-11.7669314701,-9.55015560351,-0.00124960801218,2.74951771461,-6.18255534628,-10.1067757681,-0.00236293146061,2.45162164737,-8.67029768246,-16.0685487554,-0.0102373546011,2.63668877266
v5,efde6ac3,-7.41619872779,-13.3286312846,-0.0198969076929,2.41612586911,-10.9247562421,-12.7840054953,-0.018968990756,2.45313619349,-7.06353235536,-14.2807293356,-0.00408827669568,2.54591644505
v5,efe96181,-27.0278713858,-8.15233390037,-0.0771920371827,3.35128970133,-18.0689796251,-12.418538035,-0.0766896620353,2.81536618003,-10.3693298257,-20.497354017,-0.0118349389031,2.71501925872
v5,f0188a48,-1.27095443645,6.18830558378,-0.022381475283,1.94819132982,1.30457966109,12.7279320852,-0.0225056796181,2.47244726774,1.05881203529,2.27159359902,-0.0158733322975,2.23927615411
v5,f021b650,-5.63498261567,2.56065643106,0.00329239329731,2.03920455967,-2.37735911234,3.92723708771,0.0018517612271,2.40238487461,0.755359173453,1.31509871033,0.000536213694738,2.23431647416
v5,f03f10fe,-6.66522074789,9.37777770717,0.00602237147104,2.33977777727,-1.63287109151,-1.65035048142,0.00460674218121,2.3844052077,0.217473516847,-0.80102633088,0.00590683653994,2.26771975013
v5,f053a1b9,-8.84051606621,-6.29446369536,0.0204612933443,2.40046430266,-7.02620064172,-5.79927434888,0.0181266086561,2.27923521556,-1.44845618688,-3.24693745171,0.00218282541585,2.30967158556
v5,f074d277,10.2630941704,12.0765601125,-0.0155864044764,2.5792860645,0.22481363265,13.2806252027,-0.0151429331528,2.30755228067,0.952062447028,1.7955594062,0.00128437465687,2.25329674996
v5,f07d7037,6.52639582959,9.18522907528,0.00363213998203,2.13960568072,3.61215563858,14.2932128927,0.0040101873474,2.25941532843,8.75188625907,12.7937628078,0.0109737659034,2.54672931143
v5,f08774c3,-0.850064102564,30.0461611461,-0.0133871338828,2.52137977459,9.08318491381,23.0312388001,-0.0132565430698,2.74128273436,12.2373054972,20.0644845455,-0.00919218011073,2.7522839894
v5,f140c2fa,-11.6376751592,-19.3617045246,-0.020862963757,2.66139066613,-10.3019897502,-23.3158500205,-0.0199435057317,2.61447463931,-9.22470104316,-19.8949243066,-0.00166489870155,2.68888570887
v5,f16e25e3,0.627325306386,-2.35420819458,0.00700641529171,1.37745037623,-2.56416764034,0.431501509007,0.00781235311428,2.30326465952,1.35014347371,0.982657496074,0.0122483914771,2.21157594115
v5,f2d4c8c9,2.48941430629,4.43267682996,0.0303796710564,1.65432560374,3.43823650019,2.30193230673,0.0301937980176,2.77003863577,0.564079420691,-0.376874357457,0.00904109868336,2.23273746971
v5,f321a31c,-6.30832522855,-12.0104103534,-0.0204305703606,2.60692378541,-7.26686452059,-17.7395822516,-0.019740240353,2.31582495332,-6.82122842704,-14.2015036788,-0.00272422786468,2.53982231479
v5,f40cd091,1.71373015873,19.0051023504,0.0173834320853,2.16662339921,-0.705841952362,9.7607439827,0.0174986618214,2.73248974754,0.946021636486,0.245795620984,0.00950879925824,2.22774852296
v5,f439a621,-2.64875930521,-3.80900482385,0.0160525253708,2.03550697878,-3.61158000595,-6.7114724972,0.0132441395341,2.35336865008,0.112498579058,-1.31048445318,0.00716470460501,2.2747718646
v5,f49fdea3,11.8869653126,7.68002925664,0.0166516143674,2.59572246806,7.58530492571,13.919191871,0.0165443824421,2.43410796907,1.55432026196,1.60940968997,0.00457209778573,2.27955587742
v5,f4d12d23,-14.7099108349,-4.14653064549,0.00647595344602,2.83690314409,-0.593840544189,-15.2918847963,0.00496503614542,2.91899327553,-2.18757706776,-4.93452536426,0.00471950289095,2.32541330533
v5,f56d3ace,5.36753313697,-0.873626996371,-0.00306716594432,2.06726115344,8.51150678469,3.14090634119,-0.00273102928921,2.13266441748,1.67884206469,0.95947436065,0.00395661353348,2.27452809172
v5,f5859199,14.4079965458,-2.99057690198,0.00999576232782,2.82858933172,-0.716301165453,1.65912313993,0.00911081593612,2.86911305723,0.813502136687,1.88397724866,-0.00951320873358,2.26292619775
v5,f5d8aab6,-14.5842079208,-15.2113211762,5.26480127927e-05,2.81532176826,-9.55211367331,-7.99891612816,0.000326118793384,2.42142885012,-2.44616246286,-5.08489721915,0.00396595485439,2.33149391672
v5,f631da6e,-6.57741754214,-1.6032521477,0.00688793518093,2.28061186144,-0.780519919794,-1.90478548445,0.00698874860647,2.51589943456,1.22940579981,0.428495471794,0.0106463332565,2.25113405914
v5,f6824bb0,-17.754552343,-31.2926604397,0.0123186539993,3.08362517426,-10.4037338102,-27.9203789068,0.0135119065878,2.6369545094,-10.2823360078,-20.8198223022,-0.000526106233767,2.74619870386
v5,f6bc699b,6.78848614072,-4.22587881081,0.00589534632669,2.45291336552,5.28693910111,9.10989084409,0.00622472695259,2.32188361524,3.29199920347,4.59615489957,0.00698074374984,2.31002325769
v5,f6d009f4,40.2778853313,31.0920455888,0.0373865851612,3.87201835706,55.0046633999,45.655503586,0.0343305698724,3.23532103391,22.3665363285,32.0501653661,-0.00511358312812,3.16764269608
v5,f72b268f,9.33686914428,28.927176412,0.00314133127214,2.63462781753,10.7289407732,16.9281023601,0.00150635574692,2.40991675459,10.8843385751,18.8355530965,-0.00415936257169,2.68400343904
v5,f8662c22,13.8530815988,-0.127277296369,0.0351909516252,2.81116062224,9.09839126306,-2.09167481734,0.0342535248451,2.37415630992,1.27099086243,0.107568522636,0.0109128492942,2.25345477257
v5,f88ddb26,-46.5000661323,-44.210912607,0.000850011254624,3.9589654609,-17.9578517486,-32.8027550111,-0.000367476045365,2.40572262998,-17.3810725981,-37.9621703595,-0.00597522250637,3.09868633847
v5,f8afa78a,13.6116611406,0.927604062932,-0.0237063807387,2.75499401695,9.97547782255,18.5992523938,-0.0221021630339,2.52441235525,13.7747942195,23.0285789017,-0.00922272183513,2.8128234626
v5,f8f59188,4.80438527148,8.9900482588,0.00910253031139,2.06992906728,3.33664390326,-1.4480018724,0.00836548348152,2.38262004607,1.31423088236,0.120242146485,0.00976373073853,2.25604678171
v5,f9fc81aa,0.0650500178645,-13.5793486109,-0.0171073802634,2.26582437025,-4.47332955535,-8.94031376245,-0.0161625298306,2.38041738169,0.953681911216,-0.315777161172,0.00967088649969,2.26176738593
v5,fa16d114,-16.3414702779,-31.6391495596,-0.02007104589,3.08260323946,-3.01843652492,-10.9273227475,-0.020792767598,2.61103870774,-3.02287461059,-4.59268156447,-0.0183394194988,2.36458061431
v5,fa31da94,-1.94035209867,-9.79914208857,-0.0192663678015,1.82265994008,-0.103419006869,-1.64257753344,-0.0193928054964,2.31344042582,-0.227064918396,1.10073060906,-0.0199925377826,2.22886241085
v5,fa667be2,-7.08385827851,-11.3066362945,-0.00255923579585,2.28258807793,-8.90913456168,-17.3846788696,-0.00278688332008,2.5441478335,-9.22470104316,-19.8949243066,-0.00166489870155,2.68888570887
v5,fae0c593,-0.796020894843,28.4009853821,0.00960354278506,2.48248340583,-1.41640633419,5.58667959673,0.00710738889928,2.64840990647,-0.776977104749,-0.844066409547,-0.00798780148964,2.27222000518
v5,fb03ae90,-41.4537459182,-17.8569360862,0.0111767449238,3.78163073025,-15.8599009768,-22.2865983994,0.00828256407165,2.66486296724,-14.4638280426,-30.2173865421,-0.013355325135,2.95863160404
v5,fb0904bd,-1.28265325369,-2.06511959859,0.0152076228963,1.02917563433,3.70439401458,-1.41775555006,0.014181154318,2.35675423394,0.558155662397,-0.434697845129,0.00826332731247,2.23687123433
v5,fb3848a1,7.98821422538,4.18154420487,-0.0160023960661,2.39415409929,3.9345040979,5.99963031879,-0.0149626452825,2.37340591994,3.19194935915,5.88396867743,-0.00863725988924,2.34528676361
v5,fb73b13a,4.15460815603,1.976761486,0.0236148651184,2.39588729316,16.1804269947,5.43439263568,0.0234203434277,2.68272780269,3.39630180156,4.50931513425,0.00859018610396,2.31514412708
v5,fba7683c,-1.17415233415,1.44678999855,-0.05519608223,1.26844218718,3.48933689593,6.66959071766,-0.0548896025662,2.34855985617,1.16234365706,3.04267505801,-0.0192591874434,2.25867125998
v5,fbd68d27,-20.1077566262,-23.4960569357,-0.0250671153539,3.13963505158,-10.5011048865,-22.3487047947,-0.0231004241987,2.63865186313,-8.10856211922,-17.2113933774,-0.00122172596932,2.63407319843
v5,fc03f21f,-10.1635623569,-14.5558481403,0.0187279382292,2.63254572741,-12.3740084413,-18.8686743586,0.0174397417276,2.74013852158,-11.325983557,-23.9565744409,-0.00362010845087,2.80375680858
v5,fc0d20b2,-7.63909711685,-25.0552190712,0.00330356511322,2.5597116611,-8.35532253171,-18.363539925,0.00341366354478,2.42242598411,-8.49288197119,-16.3366578537,-0.00240810570821,2.62558910402
v5,fcfcc902,-8.30040845575,-7.08085075955,0.0402143814879,2.2831628519,-4.33998001626,-14.6980288455,0.039331247716,2.20633041865,-7.07301237793,-14.655857787,-0.000988074870284,2.56402400542
v5,fd3b4faa,3.35786738351,-12.8624332111,0.0134744707081,2.13380259311,6.33271510744,5.34107216014,0.0136508283325,2.50813628636,3.60990248819,4.48148962534,0.00836250303223,2.31652925413
v5,fd710aea,5.42821199905,9.70777029641,0.0241470716018,2.10462180977,8.01482121315,4.63307461659,0.0226548625203,2.27486067861,0.88051779661,0.173266094503,0.00836735406806,2.24182743116
v5,fd8f77fa,25.2561570561,17.6036871318,-0.0307582188713,3.34692927195,2.84659455429,10.192251171,-0.0306896066888,2.45718870491,1.10656103036,2.54785858159,-0.0131793418788,2.26086961218
v5,fde20ecf,14.8300128562,15.7395905177,-0.0124382757702,2.85180747259,10.602741781,18.3783282507,-0.0110151403061,2.31454970202,12.5083481179,21.0077258969,-0.00735270048547,2.73833536766
v5,fdfd57da,2.34894766998,7.17289774615,-0.00275845272923,1.6668046148,3.02681833214,2.42422864034,-0.00294364160809,2.2420756092,0.846303707154,2.01797604707,-0.0110425495469,2.24544391106
v5,febb4411,-10.8882152107,-16.0757040995,-0.00774784668578,2.64103166366,-4.50545077361,-12.2044455813,-0.00510963923729,2.24441276293,0.39011423649,-0.760974629361,0.00760919184689,2.26929736847
v5,fef8af96,-37.2537637219,-82.2393726502,-0.00154115808617,3.81884866308,-37.012309371,-78.029006513,-0.00293188917221,2.28718674028,-15.0096667527,-32.7328263685,-0.00355364256603,3.0176532988
v5,ff0aea78,28.6277706225,18.2872394053,-0.00385059691026,3.45624686237,9.6565845402,22.398469593,-0.0067406229845,2.4635788801,12.0598601601,21.4674272575,-0.0146865061128,2.71742158069
v5,ff8bb73a,-3.52989033238,-10.5555085934,-0.032857217737,2.3852580077,-2.62687437348,-1.14392301352,-0.0309291107252,2.44331755661,0.996451089694,2.39996774892,-0.0168601582743,2.24417522537
v5,ffefef30,-2.78941575492,-18.8663922972,0.0149212362701,2.0838777827,0.222486253425,-9.2620782556,0.0141900819086,2.47349404265,1.09201782897,0.553630561384,0.0121700272131,2.22379880511
