context,scope,map,outer_group,branch,weight,candidate,rows_scored,wells_scored,sse,rmse,median_well_rmse,p90_well_rmse,p95_well_rmse,max_well_rmse,worst_5pct_sse_share,worst_10pct_sse_share
repeated:v1:0,repeated,v1,0,ridge_original_a1,0.25,ridge_original_a1__w0.25,758630,159,108174067.76608436,11.941161557545442,9.568728847802708,16.224352379524625,21.186541192741096,38.58889106450213,0.2893244634326403,0.40797730834361357
repeated:v1:0,repeated,v1,0,ridge_original_a1,0.5,ridge_original_a1__w0.50,758630,159,109157497.0056781,11.995318335796169,9.639582384126065,16.352444124137026,21.096296253228832,38.65412229246245,0.29256348315248293,0.40929216532246415
repeated:v1:0,repeated,v1,0,ridge_original_a1,0.75,ridge_original_a1__w0.75,758630,159,111124972.06646068,12.102938486216251,9.744555975564094,16.365805352242397,20.733931655158855,38.72028955603579,0.2942961672972629,0.4102936356720286
repeated:v1:0,repeated,v1,0,ridge_original_a1,1.0,ridge_original_a1__w1.00,758630,159,114076492.9484321,12.262614460853824,9.867837449926792,16.392251306679388,20.379106014696973,38.78738806488321,0.29455561568585953,0.41404757296987466
repeated:v1:0,repeated,v1,0,ridge_original_a10,0.25,ridge_original_a10__w0.25,758630,159,110472043.0788932,12.06732992189696,9.364412364002312,17.22809930412075,20.754738768956685,38.15622129291038,0.2887404332070295,0.4054522378075764
repeated:v1:0,repeated,v1,0,ridge_original_a10,0.5,ridge_original_a10__w0.50,758630,159,113787366.05721143,12.247064802708174,9.316703786209144,17.752338741560504,19.989002299308464,37.78953606418843,0.2885003010795947,0.40673941526817076
repeated:v1:0,repeated,v1,0,ridge_original_a10,0.75,ridge_original_a10__w0.75,758630,159,118120653.28263411,12.47808425254236,9.329999432393718,17.993853877267085,20.37609994077995,37.424594737211414,0.28620568797363594,0.407971324280166
repeated:v1:0,repeated,v1,0,ridge_original_a10,1.0,ridge_original_a10__w1.00,758630,159,123471904.75516123,12.757602534933678,9.665076066306813,18.819981698686377,21.046726738019824,37.061448828227036,0.28212965577244264,0.4091540203509213
repeated:v1:0,repeated,v1,0,ridge_original_a100,0.25,ridge_original_a100__w0.25,758630,159,113451596.0436133,12.228981796806833,9.575489513498617,17.73524509030821,21.143649478520516,38.627740693971624,0.28790629643020976,0.4083852148419563
repeated:v1:0,repeated,v1,0,ridge_original_a100,0.5,ridge_original_a100__w0.50,758630,159,121849776.3263427,12.67352312814728,9.758675585978171,18.650295131859863,22.585537740091286,38.738163017601664,0.2842168229188793,0.41129526698879165
repeated:v1:0,repeated,v1,0,ridge_original_a100,0.75,ridge_original_a100__w0.75,758630,159,133369225.19586763,13.259062190789658,10.19253775010802,19.699042244084247,23.303773075813226,38.85580551266529,0.2811114220131862,0.4096055842758497
repeated:v1:0,repeated,v1,0,ridge_original_a100,1.0,ridge_original_a100__w1.00,758630,159,148009942.65218812,13.967878181215085,10.678098605350902,21.234927869764398,25.402252463029402,38.98060280832094,0.27530073026693314,0.4056067456309974
repeated:v1:0,repeated,v1,0,ridge_backtest_single_a1,0.25,ridge_backtest_single_a1__w0.25,758630,159,111675645.98576576,12.132889162964812,9.329788867261977,17.55883073998986,20.811391999954974,38.83328580980031,0.28786305072516377,0.40717655384438595
repeated:v1:0,repeated,v1,0,ridge_backtest_single_a1,0.5,ridge_backtest_single_a1__w0.50,758630,159,117168273.84848602,12.427678494656499,9.399373634461009,17.785725375009495,21.656651080750322,39.14295406453736,0.2858617228150513,0.41252024659889214
repeated:v1:0,repeated,v1,0,ridge_backtest_single_a1,0.75,ridge_backtest_single_a1__w0.75,758630,159,124652567.93584023,12.818452795768694,9.517739982221583,18.38461652908186,25.44759122613638,39.45358224298388,0.28779104452635035,0.41881838397740334
repeated:v1:0,repeated,v1,0,ridge_backtest_single_a1,1.0,ridge_backtest_single_a1__w1.00,758630,159,134128528.2478284,13.296752136262334,9.675693243739913,19.06464839695918,26.387213214296143,39.76514784961663,0.28976216826480267,0.42641839951441696
repeated:v1:0,repeated,v1,0,ridge_backtest_single_a10,0.25,ridge_backtest_single_a10__w0.25,758630,159,112528281.02264164,12.179117934007003,9.329398309374069,17.883040173815587,20.882590422595996,38.54317765592901,0.28745075079265714,0.4060583550197216
repeated:v1:0,repeated,v1,0,ridge_backtest_single_a10,0.5,ridge_backtest_single_a10__w0.50,758630,159,119035786.33823633,12.526327616827853,9.446029703958143,18.80594626202315,21.418675749581435,38.564784867140474,0.28352485546016337,0.41091531237848017
repeated:v1:0,repeated,v1,0,ridge_backtest_single_a10,0.75,ridge_backtest_single_a10__w0.75,758630,159,127697200.2944635,12.974053408285085,9.780938241413967,19.316605166552236,23.313485412181766,38.58941717054464,0.2785287388120119,0.41399063414418
repeated:v1:0,repeated,v1,0,ridge_backtest_single_a10,1.0,ridge_backtest_single_a10__w1.00,758630,159,138512522.89132315,13.512307296729158,10.043950809134289,19.117262453434762,25.263206000541903,38.61706877738136,0.2754928454326256,0.41852951220760176
repeated:v1:0,repeated,v1,0,ridge_backtest_cumulative_a1,0.25,ridge_backtest_cumulative_a1__w0.25,758630,159,109760394.39953853,12.028398921158992,9.396133802869121,17.695355976618874,20.94756647819693,38.16395192694185,0.28358719930820475,0.40594581722181433
repeated:v1:0,repeated,v1,0,ridge_backtest_cumulative_a1,0.5,ridge_backtest_cumulative_a1__w0.50,758630,159,112569173.4233977,12.181330658351458,9.460437487815096,17.632397748073718,20.7180642213587,37.8036226307175,0.27935700562818183,0.40555332690668555
repeated:v1:0,repeated,v1,0,ridge_backtest_cumulative_a1,0.75,ridge_backtest_cumulative_a1__w0.75,758630,159,116601021.419257,12.39755863485781,9.701635549486342,17.859748482101118,20.54943905997428,37.443621959376,0.27361618208256827,0.40530405681864334
repeated:v1:0,repeated,v1,0,ridge_backtest_cumulative_a1,1.0,ridge_backtest_cumulative_a1__w1.00,758630,159,121855938.38711637,12.673843580243199,10.119922678975929,18.28241725952631,21.962693768319753,37.083959483513006,0.26913604191268814,0.40465951445848636
repeated:v1:0,repeated,v1,0,ridge_backtest_cumulative_a10,0.25,ridge_backtest_cumulative_a10__w0.25,758630,159,111282683.01624982,12.111523816444727,9.24401746387168,17.522385405468732,20.570544543850612,38.09626793721858,0.28656693692242086,0.40416196601497645
repeated:v1:0,repeated,v1,0,ridge_backtest_cumulative_a10,0.5,ridge_backtest_cumulative_a10__w0.50,758630,159,115917647.77232163,12.361175528386903,9.340623833098354,18.099734138231554,21.291042246400668,37.670496743526705,0.2831369335252711,0.4072707476526315
repeated:v1:0,repeated,v1,0,ridge_backtest_cumulative_a10,0.75,ridge_backtest_cumulative_a10__w0.75,758630,159,122079578.61589484,12.685468298881386,9.707681061107873,18.699824574929767,21.377750434811464,37.247374886621,0.2769411643586177,0.4086454293668414
repeated:v1:0,repeated,v1,0,ridge_backtest_cumulative_a10,1.0,ridge_backtest_cumulative_a10__w1.00,758630,159,129768475.54696947,13.07885108529445,9.856235441874228,19.50948030765006,22.63131845626133,36.82699368487244,0.2708976395993618,0.4102571815721109
repeated:v1:0,repeated,v1,0,ridge_slope_single_a1,0.25,ridge_slope_single_a1__w0.25,758630,159,110768671.81917118,12.08352006897769,9.407052956054523,17.293601272609926,20.65563765542922,39.361443647792576,0.29492283080681303,0.4144454255881643
repeated:v1:0,repeated,v1,0,ridge_slope_single_a1,0.5,ridge_slope_single_a1__w0.50,758630,159,114678729.50456686,12.294940461482856,9.489597272875708,17.075524170911795,20.822119160944244,40.19953950049927,0.3023318148774493,0.4212006783284837
repeated:v1:0,repeated,v1,0,ridge_slope_single_a1,0.75,ridge_slope_single_a1__w0.75,758630,159,119904857.40386647,12.571971332378206,9.687022991250679,17.05581008031384,20.718373953303058,41.03881142902304,0.31301071602368247,0.42845576501239757
repeated:v1:0,repeated,v1,0,ridge_slope_single_a1,1.0,ridge_slope_single_a1__w1.00,758630,159,126447055.51707003,12.910389767531429,9.986386247640528,17.234692355076085,20.545504333347626,41.87918872665139,0.32161072265826335,0.435241580486895
repeated:v1:0,repeated,v1,0,ridge_slope_single_a10,0.25,ridge_slope_single_a10__w0.25,758630,159,112016487.4250274,12.151390246179592,9.33161383881785,17.071174860774466,20.2973286345933,38.58094798894445,0.29319302269448283,0.4108745705119589
repeated:v1:0,repeated,v1,0,ridge_slope_single_a10,0.5,ridge_slope_single_a10__w0.50,758630,159,117560063.12852342,12.448439096283732,9.35482292492842,17.911290872298494,20.40030898931046,38.640167347284695,0.29558034310135683,0.418646473290964
repeated:v1:0,repeated,v1,0,ridge_slope_single_a10,0.75,ridge_slope_single_a10__w0.75,758630,159,124805411.45816751,12.826309101097042,9.708126339494855,18.05988993820989,21.78879949021933,38.70224551840564,0.29853242836301347,0.42502237899982837
repeated:v1:0,repeated,v1,0,ridge_slope_single_a10,1.0,ridge_slope_single_a10__w1.00,758630,159,133752532.41395965,13.278101994786262,10.190783875943055,19.137932134785387,23.02277078684883,38.76716876879179,0.30045733486114523,0.4313038389713775
repeated:v1:0,repeated,v1,0,ridge_local_long_a1,0.25,ridge_local_long_a1__w0.25,758630,159,111818294.1293162,12.140635622665151,9.357520510105672,17.373968966803474,20.731738176379196,39.16542865364507,0.29305572852495415,0.412683145759841
repeated:v1:0,repeated,v1,0,ridge_local_long_a1,0.5,ridge_local_long_a1__w0.50,758630,159,117324222.67031032,12.435946250494299,9.27771323221237,18.190632202156213,21.78751285080194,39.80722025544506,0.2963539092830857,0.42234149483738787
repeated:v1:0,repeated,v1,0,ridge_local_long_a1,0.75,ridge_local_long_a1__w0.75,758630,159,124692469.9706618,12.820504263430742,9.514637447823642,18.904702962646162,24.306054665000875,40.449929567189855,0.30272424523922264,0.4348458317219737
repeated:v1:0,repeated,v1,0,ridge_local_long_a1,1.0,ridge_local_long_a1__w1.00,758630,159,133923036.03037064,13.286562557438023,9.805411273796501,19.895484335063383,24.712818868092953,41.0935135294985,0.30976257676837426,0.44815237962417737
repeated:v1:0,repeated,v1,0,ridge_local_long_a10,0.25,ridge_local_long_a10__w0.25,758630,159,112475677.45239663,12.176270916482443,9.324898291420116,17.72315806554982,20.59730211308054,38.757600173156504,0.29118693601254975,0.40995352577376765
repeated:v1:0,repeated,v1,0,ridge_local_long_a10,0.5,ridge_local_long_a10__w0.50,758630,159,118739624.65880781,12.510735126849704,9.288043626989355,18.591088535343133,21.04720648760605,38.9928899902294,0.29133721475762253,0.41957176673536767
repeated:v1:0,repeated,v1,0,ridge_local_long_a10,0.75,ridge_local_long_a10__w0.75,758630,159,126966525.96691297,12.936881851818823,9.439066120175058,18.829769247551692,22.756874947623288,39.23042886955191,0.29197915127686247,0.42777616545307157
repeated:v1:0,repeated,v1,0,ridge_local_long_a10,1.0,ridge_local_long_a10__w1.00,758630,159,137156381.3767121,13.445996777210699,9.656165315496196,19.878018262764552,25.196908235430634,39.47017620531712,0.29289040323696264,0.4360315469190517
repeated:v1:0,repeated,v1,0,ridge_all_views_a1,0.25,ridge_all_views_a1__w0.25,758630,159,112540110.36710384,12.179758071730038,9.49986733745056,17.63559997231175,20.71192858537276,39.38863763221241,0.28899170356473924,0.41131320792917336
repeated:v1:0,repeated,v1,0,ridge_all_views_a1,0.5,ridge_all_views_a1__w0.50,758630,159,119036594.72856128,12.526370150863928,9.472840685529821,17.674719821160277,21.993489233829138,40.254082152689215,0.29110540456723877,0.4167333369980065
repeated:v1:0,repeated,v1,0,ridge_all_views_a1,0.75,ridge_all_views_a1__w0.75,758630,159,127664137.43205173,12.972373703829984,9.743936585999919,17.72065046768201,24.793644848050644,41.12084531921125,0.2967057443992432,0.4243116565769855
repeated:v1:0,repeated,v1,0,ridge_all_views_a1,1.0,ridge_all_views_a1__w1.00,758630,159,138422738.47757518,13.507927218932133,10.010987866152727,18.069570256957523,27.334384462144094,41.98884547061131,0.30123662546939256,0.4313783891295124
repeated:v1:0,repeated,v1,0,ridge_all_views_a10,0.25,ridge_all_views_a10__w0.25,758630,159,113009634.56911144,12.205138973253597,9.26211709658959,17.748365651845866,20.58294876916292,38.917889745141046,0.2891782201388827,0.4086920226824786
repeated:v1:0,repeated,v1,0,ridge_all_views_a10,0.5,ridge_all_views_a10__w0.50,758630,159,120020189.69829047,12.578016149214932,9.282257743512025,18.916275330977005,21.57119650527844,39.314045104630765,0.286980834403245,0.4162314600743404
repeated:v1:0,repeated,v1,0,ridge_all_views_a10,0.75,ridge_all_views_a10__w0.75,758630,159,129206349.73521651,13.050493124035874,9.69661666453856,18.66623183000053,23.88605556824971,39.712980929254385,0.2877099159615081,0.4201967125616705
repeated:v1:0,repeated,v1,0,ridge_all_views_a10,1.0,ridge_all_views_a10__w1.00,758630,159,140568114.6798896,13.612202575197811,9.978203056316831,19.259740493257635,26.002512440254396,40.11461426475514,0.2890872598264459,0.42437448648723697
repeated:v1:0,repeated,v1,0,ridge_all_views_a100,0.25,ridge_all_views_a100__w0.25,758630,159,114076821.46289271,12.262632117617153,9.483255508026106,17.710850215630366,21.125955312238304,39.0301357624622,0.28874611249166565,0.4102119111642394
repeated:v1:0,repeated,v1,0,ridge_all_views_a100,0.5,ridge_all_views_a100__w0.50,758630,159,123268662.67020598,12.747098324960671,9.898093697109216,19.028089939888083,22.69098043862541,39.543011737853966,0.28561771659205576,0.4145750361596826
repeated:v1:0,repeated,v1,0,ridge_all_views_a100,0.75,ridge_all_views_a100__w0.75,758630,159,135750207.96961924,13.376892758136043,10.207427327306247,19.89080139090111,23.533900687015404,40.06294662723698,0.2848690703504267,0.4140728482624551
repeated:v1:0,repeated,v1,0,ridge_all_views_a100,1.0,ridge_all_views_a100__w1.00,758630,159,151521457.3611325,14.132599864192997,10.784625756059638,20.95661239067212,25.743698511049384,40.589669167247195,0.2816245280797652,0.41189075830375915
repeated:v1:0,repeated,v1,0,ridge_all_views_no_indicator_a1,0.25,ridge_all_views_no_indicator_a1__w0.25,758630,159,112572330.97407629,12.181501499524039,9.43694307276384,17.569397872966526,20.638882051356255,39.29973318127278,0.28838464992568513,0.4112926183638337
repeated:v1:0,repeated,v1,0,ridge_all_views_no_indicator_a1,0.5,ridge_all_views_no_indicator_a1__w0.50,758630,159,119140973.20721178,12.53186088658184,9.373968792786082,17.518673190100866,22.17685208069289,40.07621371174859,0.2906184898315518,0.4162074424507967
repeated:v1:0,repeated,v1,0,ridge_all_views_no_indicator_a1,0.75,ridge_all_views_no_indicator_a1__w0.75,758630,159,127880611.04708593,12.98336734415516,9.662773043847004,17.6378292646125,25.07269811821128,40.853965358541416,0.2969447202607104,0.4228159675220316
repeated:v1:0,repeated,v1,0,ridge_all_views_no_indicator_a1,1.0,ridge_all_views_no_indicator_a1__w1.00,758630,159,138791244.49369872,13.525895523802141,10.09636226471896,17.968377260782475,27.644257352628436,41.63291688388769,0.3016202054355338,0.42967588136626034
repeated:v1:0,repeated,v1,0,ridge_all_views_original_boost4_a1,0.25,ridge_all_views_original_boost4_a1__w0.25,758630,159,112210687.36757533,12.161918952477855,9.379975398249368,17.533952536253622,20.85096748650427,39.23268006307597,0.28930112925136725,0.41104969925384605
repeated:v1:0,repeated,v1,0,ridge_all_views_original_boost4_a1,0.5,ridge_all_views_original_boost4_a1__w0.50,758630,159,118191798.04754478,12.481841498679838,9.312524616463165,17.776532507431035,21.795009378227178,39.941927001970846,0.29184758685831697,0.41689910115153167
repeated:v1:0,repeated,v1,0,ridge_all_views_original_boost4_a1,0.75,ridge_all_views_original_boost4_a1__w0.75,758630,159,126118016.38758779,12.893581188895997,9.637861968972832,17.90988233505583,24.49037667127819,40.652280336564516,0.29781442266601,0.42427851080683865
repeated:v1:0,repeated,v1,0,ridge_all_views_original_boost4_a1,1.0,ridge_all_views_original_boost4_a1__w1.00,758630,159,135989342.38770434,13.38866978590852,10.130281910149302,17.982585000506813,26.896565384483466,41.363683065308194,0.303308157647123,0.4318380650676289
repeated:v1:0,repeated,v1,0,ridge_all_views_original_boost4_a10,0.25,ridge_all_views_original_boost4_a10__w0.25,758630,159,112788352.94429287,12.193183813987265,9.232367914529343,17.728074447350956,20.54670349107928,38.77555628579061,0.28930600217612973,0.40872749788896257
repeated:v1:0,repeated,v1,0,ridge_all_views_original_boost4_a10,0.5,ridge_all_views_original_boost4_a10__w0.50,758630,159,119474887.16969645,12.549409993817845,9.302998042364152,18.8526146620791,21.515907411116515,39.029308533020426,0.28741080667718083,0.4164931753652067
repeated:v1:0,repeated,v1,0,ridge_all_views_original_boost4_a10,0.75,ridge_all_views_original_boost4_a10__w0.75,758630,159,128234287.02389014,13.001308823108424,9.649279125482682,18.753490595658313,23.594394256225375,39.285803178055545,0.2875390974298289,0.42020699549933505
repeated:v1:0,repeated,v1,0,ridge_all_views_original_boost4_a10,1.0,ridge_all_views_original_boost4_a10__w1.00,758630,159,139066552.50687394,13.539303943866031,9.793043988517006,19.483231576085437,26.17114413297761,39.54498685813625,0.288790549453108,0.42465171280209896
repeated:v1:0,repeated,v1,0,ridge_per_view_ensemble_a1,0.25,ridge_per_view_ensemble_a1__w0.25,758630,159,109959821.92064893,12.039321372597186,9.416101581357019,17.5324939427633,20.910418832196452,38.82068013807764,0.2895025527951703,0.40988151072872897
repeated:v1:0,repeated,v1,0,ridge_per_view_ensemble_a1,0.5,ridge_per_view_ensemble_a1__w0.50,758630,159,112815890.36949803,12.194672214103159,9.415411916787127,17.54933301013173,20.29554703773552,39.11734226779491,0.2899106116943561,0.4133785521690879
repeated:v1:0,repeated,v1,0,ridge_per_view_ensemble_a1,0.75,ridge_per_view_ensemble_a1__w0.75,758630,159,116742889.69422674,12.40509838696603,9.534389844145709,17.57142745488886,20.240858559050157,39.41457386048967,0.2918990210759479,0.41612766370112714
repeated:v1:0,repeated,v1,0,ridge_per_view_ensemble_a1,1.0,ridge_per_view_ensemble_a1__w1.00,758630,159,121740819.89483507,12.667855613928428,9.726091206977369,17.647489549425604,20.00552352504011,39.71236212953695,0.29445014850812873,0.4191553455425643
repeated:v1:0,repeated,v1,0,extra_trees_all_views,0.25,extra_trees_all_views__w0.25,758630,159,112957481.4804717,12.20232235875339,9.3898207819164,17.065742428100492,21.97888886912358,40.45641601908953,0.29650297625183974,0.42263970977939064
repeated:v1:0,repeated,v1,0,extra_trees_all_views,0.5,extra_trees_all_views__w0.50,758630,159,122010103.22001442,12.681858139965192,9.906701458552,16.93099627302494,24.12083045414248,42.39680585679728,0.30693888638891464,0.4349775361554376
repeated:v1:0,repeated,v1,0,extra_trees_all_views,0.75,extra_trees_all_views__w0.75,758630,159,135332549.56630763,13.356298772709446,10.258518397717063,17.550475225226382,26.406417237035733,44.34464457759596,0.3129204650584598,0.4423646207956189
repeated:v1:0,repeated,v1,0,extra_trees_all_views,1.0,extra_trees_all_views__w1.00,758630,159,152924820.51935127,14.19789576021631,10.727701055972851,18.266881093334025,27.791400767173567,46.298992048128795,0.31353795538263335,0.44553693797197863
repeated:v1:0,repeated,v1,0,hist_gradient_all_views,0.25,hist_gradient_all_views__w0.25,758630,159,113398354.85818945,12.226112018353886,9.436846649852063,17.542625265045885,22.557425358747086,40.212574060895086,0.29704029811831645,0.4131797364820534
repeated:v1:0,repeated,v1,0,hist_gradient_all_views,0.5,hist_gradient_all_views__w0.50,758630,159,123005039.59037787,12.733460520231398,10.044914154205467,19.123144157530316,23.503740506687336,41.91026201304796,0.29698549786050676,0.4124938418764376
repeated:v1:0,repeated,v1,0,hist_gradient_all_views,0.75,hist_gradient_all_views__w0.75,758630,159,136994738.54424468,13.438071189904354,10.53202568001339,19.87476208475349,24.0619549540566,43.6165301424063,0.2890175213896634,0.4063089027901761
repeated:v1:0,repeated,v1,0,hist_gradient_all_views,1.0,hist_gradient_all_views__w1.00,758630,159,155367451.71978986,14.310836332628313,11.394961058539607,20.87376641046896,24.330013576221965,45.330409567819814,0.2812135040743779,0.3995163893828078
repeated:v1:0,repeated,v1,0,knn25_all_views,0.25,knn25_all_views__w0.25,758630,159,112241044.11032307,12.16356394408701,9.599065318076883,16.889036302878317,20.893412201654154,39.35024654485898,0.2907467441852431,0.408028747994986
repeated:v1:0,repeated,v1,0,knn25_all_views,0.5,knn25_all_views__w0.50,758630,159,123048334.26671742,12.73570125179872,9.795833558265047,19.23446051124168,21.273857965145293,40.23918566683,0.28397960975414827,0.40939680676551293
repeated:v1:0,repeated,v1,0,knn25_all_views,0.75,knn25_all_views__w0.75,758630,159,140596554.81686246,13.613579535140499,10.409568371943658,19.404403304991828,23.790368228530305,41.18732005642817,0.2828966479580529,0.4137941136711568
repeated:v1:0,repeated,v1,0,knn25_all_views,1.0,knn25_all_views__w1.00,758630,159,164885705.76075825,14.742681980409122,11.190867143742544,20.936369644184,27.379852498059215,43.11395835490466,0.2862144099898533,0.41744596946531193
repeated:v1:1,repeated,v1,1,ridge_original_a1,0.25,ridge_original_a1__w0.25,758223,156,122629300.80385959,12.717409299185398,8.901501882098255,18.59070329311283,23.478970146785837,43.13823087320254,0.28407866614260413,0.4418111962903754
repeated:v1:1,repeated,v1,1,ridge_original_a1,0.5,ridge_original_a1__w0.50,758223,156,121447129.33321139,12.655961638837029,9.241534420044447,18.84898758613984,22.936972127395507,41.53031224993315,0.2791543609329072,0.42990563442954505
repeated:v1:1,repeated,v1,1,ridge_original_a1,0.75,ridge_original_a1__w0.75,758223,156,121564582.08127725,12.662080014211101,9.516835990056546,18.945971182338333,22.57945351485158,39.92744016764886,0.2722142132252938,0.4196464993380887
repeated:v1:1,repeated,v1,1,ridge_original_a1,1.0,ridge_original_a1__w1.00,758223,156,122981659.04805717,12.735667046947968,9.673465020895582,19.300309102899803,22.8307674758351,38.33024773155559,0.26550304421052034,0.411086325535012
repeated:v1:1,repeated,v1,1,ridge_original_a10,0.25,ridge_original_a10__w0.25,758223,156,126692172.77782276,12.926365006254265,8.762940227170532,19.434307515211287,23.895866957680767,44.36283180098336,0.29063774054690567,0.45947102490286673
repeated:v1:1,repeated,v1,1,ridge_original_a10,0.5,ridge_original_a10__w0.50,758223,156,129806390.00093669,13.0842718533655,8.802740493903638,20.241887719559916,23.793995413236217,43.97630723868082,0.2934597817477609,0.4618334201062171
repeated:v1:1,repeated,v1,1,ridge_original_a10,0.75,ridge_original_a10__w0.75,758223,156,134453748.16256353,13.31643518730654,9.305083971153728,20.66159101224632,24.59046717880601,43.59111284499449,0.2952040980641555,0.46814270081924586
repeated:v1:1,repeated,v1,1,ridge_original_a10,1.0,ridge_original_a10__w1.00,758223,156,140634247.26270336,13.619057998621063,9.397896864342638,20.685835708257585,25.923104565588307,43.20728419543305,0.295646223732652,0.470808240012605
repeated:v1:1,repeated,v1,1,ridge_original_a100,0.25,ridge_original_a100__w0.25,758223,156,130402156.13197349,13.114263605743364,8.69434185097976,18.975726428593944,24.429236782637446,45.85557385078615,0.30502266470188216,0.47396488939164366
repeated:v1:1,repeated,v1,1,ridge_original_a100,0.5,ridge_original_a100__w0.50,758223,156,139906027.1607364,13.583751719910339,8.923566921916223,18.483103804478965,26.46103243973389,46.961911887793086,0.3259160291940761,0.4987456633931265
repeated:v1:1,repeated,v1,1,ridge_original_a100,0.75,ridge_original_a100__w0.75,758223,156,153622709.5795106,14.234074459756378,9.15550062662213,19.770224650095123,28.71183786754367,48.0695683893181,0.3459750554034745,0.5154954605673108
repeated:v1:1,repeated,v1,1,ridge_original_a100,1.0,ridge_original_a100__w1.00,758223,156,171552203.38829604,15.04179526300269,9.554016414826194,22.084408086860783,31.454631283258955,49.17845426729439,0.3635062614218517,0.5268713732297198
repeated:v1:1,repeated,v1,1,ridge_backtest_single_a1,0.25,ridge_backtest_single_a1__w0.25,758223,156,128206856.38397169,13.00340678056653,8.854029973575413,19.996321183574512,23.617689040387518,44.048558113826005,0.28652451684334795,0.4581173212450508
repeated:v1:1,repeated,v1,1,ridge_backtest_single_a1,0.5,ridge_backtest_single_a1__w0.50,758223,156,133730911.18534096,13.280591695218117,8.969753831394062,21.0429294636497,24.3234413472371,43.35019080972524,0.2917069665137371,0.4579386620299621
repeated:v1:1,repeated,v1,1,ridge_backtest_single_a1,0.75,ridge_backtest_single_a1__w0.75,758223,156,141683260.89732963,13.66975701125667,9.052650576610613,21.765889169569363,25.445059672258147,42.65573319281888,0.2942535162668482,0.4622702510699327
repeated:v1:1,repeated,v1,1,ridge_backtest_single_a1,1.0,ridge_backtest_single_a1__w1.00,758223,156,152063905.5199377,14.16167401178254,9.44671893430688,22.52887056059054,26.996988484532498,41.96537936012492,0.29884279537418273,0.46726650058491564
repeated:v1:1,repeated,v1,1,ridge_backtest_single_a10,0.25,ridge_backtest_single_a10__w0.25,758223,156,129715212.12238747,13.079675755600315,8.7810083557099,19.455246769585827,24.233300813307615,44.601599956120154,0.29392609859244884,0.46596713825796204
repeated:v1:1,repeated,v1,1,ridge_backtest_single_a10,0.5,ridge_backtest_single_a10__w0.50,758223,156,137151437.11648405,13.44936265334509,9.145239922036348,20.537289952936487,25.322452855916715,44.45398384149697,0.3064502201085832,0.4752555137693851
repeated:v1:1,repeated,v1,1,ridge_backtest_single_a10,0.75,ridge_backtest_single_a10__w0.75,758223,156,147419771.47551155,13.943743645550418,9.379615549400405,21.18403021213293,26.761469104702257,44.3078180733649,0.31479509291893937,0.4871836120793392
repeated:v1:1,repeated,v1,1,ridge_backtest_single_a10,1.0,ridge_backtest_single_a10__w1.00,758223,156,160520215.19946998,14.550113782597732,9.579828728790769,21.95378550011157,28.818298231617963,44.16311705227292,0.32698691610617875,0.4960635309190715
repeated:v1:1,repeated,v1,1,ridge_backtest_cumulative_a1,0.25,ridge_backtest_cumulative_a1__w0.25,758223,156,125312046.264187,12.855765258946624,8.669802418062483,19.49943127764213,23.57322192823847,43.832577397160364,0.2876202967940938,0.4547764363796034
repeated:v1:1,repeated,v1,1,ridge_backtest_cumulative_a1,0.5,ridge_backtest_cumulative_a1__w0.50,758223,156,127115978.35306327,12.947967334422918,8.936343295767886,19.646284540596685,23.0115615943947,42.91811657083427,0.28546992111753067,0.45159841344639184
repeated:v1:1,repeated,v1,1,ridge_backtest_cumulative_a1,0.75,ridge_backtest_cumulative_a1__w0.75,758223,156,130522892.75985065,13.120333312252185,9.290084983142364,20.15272388002746,23.401697062335767,42.00750559541127,0.28129119443690875,0.44929655078259967
repeated:v1:1,repeated,v1,1,ridge_backtest_cumulative_a1,1.0,ridge_backtest_cumulative_a1__w1.00,758223,156,135532789.48454913,13.369763078943224,9.582090951092976,21.303067764311393,23.823102018025914,41.10100035717407,0.2762359765530659,0.44647269098056563
repeated:v1:1,repeated,v1,1,ridge_backtest_cumulative_a10,0.25,ridge_backtest_cumulative_a10__w0.25,758223,156,128004100.00072004,12.993120408099287,8.780024528256945,19.318569070749508,23.963579801748125,44.65107357635596,0.29133578419452133,0.46330794050031376
repeated:v1:1,repeated,v1,1,ridge_backtest_cumulative_a10,0.5,ridge_backtest_cumulative_a10__w0.50,758223,156,133070680.2109035,13.247767918866868,9.124772072804923,20.587588697776965,24.627055986309394,44.552998763040534,0.297489523098578,0.47154820746220827
repeated:v1:1,repeated,v1,1,ridge_backtest_cumulative_a10,0.75,ridge_backtest_cumulative_a10__w0.75,758223,156,140310837.12377217,13.603389423321621,9.431222549457821,20.710181162949468,25.88893805457899,44.45643757651443,0.30194589621505913,0.4821315115972399
repeated:v1:1,repeated,v1,1,ridge_backtest_cumulative_a10,1.0,ridge_backtest_cumulative_a10__w1.00,758223,156,149724570.73932606,14.05232097735129,9.301211223549405,21.64303705839383,27.38490726219665,44.36139990088514,0.30930036502061636,0.48897423919584815
repeated:v1:1,repeated,v1,1,ridge_slope_single_a1,0.25,ridge_slope_single_a1__w0.25,758223,156,125982179.70558222,12.890093926517208,8.760160281693906,19.451998897398763,23.44970577239763,43.74034553659657,0.284274679699182,0.4480154290343143
repeated:v1:1,repeated,v1,1,ridge_slope_single_a1,0.5,ridge_slope_single_a1__w0.50,758223,156,128939834.49165471,13.040525031178035,9.143642068501155,20.311843719197096,23.84804286339516,42.736745562648274,0.2817709413997408,0.4388020256349143
repeated:v1:1,repeated,v1,1,ridge_slope_single_a1,0.75,ridge_slope_single_a1__w0.75,758223,156,133984060.85143931,13.293155685810564,9.267922727487463,20.912494825792155,25.14996357087535,41.74033590061935,0.281146719097652,0.4422526312442282
repeated:v1:1,repeated,v1,1,ridge_slope_single_a1,1.0,ridge_slope_single_a1__w1.00,758223,156,141114858.784936,13.642309424349174,9.764658717425318,21.522693022915934,26.617650727647995,40.751643980223044,0.28630849883133036,0.4441107922089451
repeated:v1:1,repeated,v1,1,ridge_slope_single_a10,0.25,ridge_slope_single_a10__w0.25,758223,156,128773319.04973969,13.032101915416654,8.628667969784619,19.70715798521537,24.248186927612235,44.56550031799409,0.2919239791250574,0.4617435129486769
repeated:v1:1,repeated,v1,1,ridge_slope_single_a10,0.5,ridge_slope_single_a10__w0.50,758223,156,134888376.60620847,13.337940842096678,8.926961419659872,20.701770712861055,25.208800542741386,44.382271931758844,0.29550555039452825,0.4703750329216073
repeated:v1:1,repeated,v1,1,ridge_slope_single_a10,0.75,ridge_slope_single_a10__w0.75,758223,156,143456269.16262817,13.755021986334853,9.219988626791903,20.753859380110267,26.753105561190697,44.20099082502433,0.3002965414505509,0.4801405029182611
repeated:v1:1,repeated,v1,1,ridge_slope_single_a10,1.0,ridge_slope_single_a10__w1.00,758223,156,154476996.71899876,14.273597028978365,9.66659491302527,21.865177162316215,28.11421357946815,44.021681054464715,0.3072560181086205,0.49017081329326195
repeated:v1:1,repeated,v1,1,ridge_local_long_a1,0.25,ridge_local_long_a1__w0.25,758223,156,128157698.71182893,13.000913628055228,8.9364871630281,20.3944175777379,23.260142093085776,43.89733555854496,0.2858008517779263,0.45399719568673635
repeated:v1:1,repeated,v1,1,ridge_local_long_a1,0.5,ridge_local_long_a1__w0.50,758223,156,133798260.44710419,13.283935445190178,9.225860842268384,21.65601325167102,23.998126017533608,43.05178415046267,0.2850174263538832,0.4544536262568182
repeated:v1:1,repeated,v1,1,ridge_local_long_a1,0.75,ridge_local_long_a1__w0.75,758223,156,142032781.6990476,13.68660770124014,9.314483535926147,21.261200581624557,25.932296288950624,42.21446444543755,0.2896637473616714,0.4613231233253605
repeated:v1:1,repeated,v1,1,ridge_local_long_a1,1.0,ridge_local_long_a1__w1.00,758223,156,152861262.46765918,14.19875429504821,9.612872881838943,23.34108696700983,27.394254275644087,41.385876078328245,0.2947635260592786,0.46820037436958856
repeated:v1:1,repeated,v1,1,ridge_local_long_a10,0.25,ridge_local_long_a10__w0.25,758223,156,129682748.08782658,13.078038917446658,8.812767560133102,19.703813937269736,24.31313674400498,44.59845000508808,0.2917914008823987,0.46340038230849917
repeated:v1:1,repeated,v1,1,ridge_local_long_a10,0.5,ridge_local_long_a10__w0.50,758223,156,136945254.0916087,13.439249477327486,9.1549570370356,20.38994443743858,25.80871312895625,44.44859865092287,0.2998860497149881,0.47286110602130627
repeated:v1:1,repeated,v1,1,ridge_local_long_a10,0.75,ridge_local_long_a10__w0.75,758223,156,146898614.5045682,13.919074929281603,9.465438017973314,20.77156712885179,27.769995068996124,44.30112185648295,0.3074098363960737,0.4849233755936663
repeated:v1:1,repeated,v1,1,ridge_local_long_a10,1.0,ridge_local_long_a10__w1.00,758223,156,159542829.32670504,14.5057493100348,9.628028772128864,22.320898686949292,29.712587392665007,44.15604341415489,0.3161909863238,0.4935155300852341
repeated:v1:1,repeated,v1,1,ridge_all_views_a1,0.25,ridge_all_views_a1__w0.25,758223,156,128273972.9367224,13.006809990312204,8.92777611722077,19.7825819083388,23.716081567763556,44.04933027229713,0.2900381464882736,0.4575799127244876
repeated:v1:1,repeated,v1,1,ridge_all_views_a1,0.5,ridge_all_views_a1__w0.50,758223,156,133972078.70196755,13.292561271301002,9.133147035572076,20.435295684375262,24.672780769042216,43.35588909344616,0.29541501612980636,0.46079779548294164
repeated:v1:1,repeated,v1,1,ridge_all_views_a1,0.75,ridge_all_views_a1__w0.75,758223,156,142205413.7889573,13.694922789332557,9.21659020583304,21.1385087280199,26.960038964314034,42.670712733154396,0.29884817771101924,0.46775975132369435
repeated:v1:1,repeated,v1,1,ridge_all_views_a1,1.0,ridge_all_views_a1__w1.00,758223,156,152973978.1976916,14.203988217664504,9.758691340465292,22.049541754748518,29.529814119374727,41.99420573905949,0.30656861120628176,0.473362782284783
repeated:v1:1,repeated,v1,1,ridge_all_views_a10,0.25,ridge_all_views_a10__w0.25,758223,156,129764510.46451314,13.082160988699142,8.791899583196123,19.37782396473993,24.50039716012594,44.653192366747334,0.294126904747484,0.4651774958993656
repeated:v1:1,repeated,v1,1,ridge_all_views_a10,0.5,ridge_all_views_a10__w0.50,758223,156,137231366.55128792,13.453281108013988,9.135000647733357,20.071629300543478,26.252261500666172,44.55818233490292,0.30670894377478713,0.4775268870124439
repeated:v1:1,repeated,v1,1,ridge_all_views_a10,0.75,ridge_all_views_a10__w0.75,758223,156,147511664.75354618,13.948088845256745,9.466976135365643,20.471452168154514,28.089743197938777,44.46563767186576,0.3149945882416419,0.4898269478930071
repeated:v1:1,repeated,v1,1,ridge_all_views_a10,1.0,ridge_all_views_a10__w1.00,758223,156,160605405.0712879,14.55397422445259,9.64333084020554,22.287662830805115,30.594140154037543,44.37557380211913,0.3264463133315718,0.5015291544730388
repeated:v1:1,repeated,v1,1,ridge_all_views_a100,0.25,ridge_all_views_a100__w0.25,758223,156,130753194.5219108,13.131903329228876,8.661575936828553,18.827517520376393,24.68305260758454,45.854014257616655,0.30586278123359223,0.47534535957933116
repeated:v1:1,repeated,v1,1,ridge_all_views_a100,0.5,ridge_all_views_a100__w0.50,758223,156,140537372.0103074,13.614366477914087,8.862410137939516,19.026023911190016,26.552613771321088,46.95908705942308,0.32797687430475975,0.50065978224763
repeated:v1:1,repeated,v1,1,ridge_all_views_a100,0.75,ridge_all_views_a100__w0.75,758223,156,154463628.9584116,14.272979428429704,9.178203355367721,19.375845913941426,29.309523458665694,48.06575248521346,0.34869805746531646,0.5191519734010325
repeated:v1:1,repeated,v1,1,ridge_all_views_a100,1.0,ridge_all_views_a100__w1.00,758223,156,172531965.36622342,15.084687154743797,9.43542803861488,21.052365943283817,31.823006967989617,49.17390300844236,0.3677711500613181,0.5289091747590462
repeated:v1:1,repeated,v1,1,ridge_all_views_no_indicator_a1,0.25,ridge_all_views_no_indicator_a1__w0.25,758223,156,128235793.71692902,13.004874185243668,8.940702766154748,19.680744838518734,23.802380499904466,43.94578535798317,0.2901035568741401,0.4575375930328996
repeated:v1:1,repeated,v1,1,ridge_all_views_no_indicator_a1,0.5,ridge_all_views_no_indicator_a1__w0.50,758223,156,133917838.34001142,13.28987016457057,9.059672968590046,20.264355582404647,24.87631783403903,43.14939433549499,0.2960820444074108,0.46177246739047034
repeated:v1:1,repeated,v1,1,ridge_all_views_no_indicator_a1,0.75,ridge_all_views_no_indicator_a1__w0.75,758223,156,142157230.36246902,13.692602469053863,9.114760675017862,21.284889218882046,27.123560610513984,42.36195702030149,0.29959812768268723,0.46845777366482105
repeated:v1:1,repeated,v1,1,ridge_all_views_no_indicator_a1,1.0,ridge_all_views_no_indicator_a1__w1.00,758223,156,152953969.78430182,14.20305927352301,9.59975694305346,22.03331851284947,29.726276822941415,41.583982059675286,0.30755169229873436,0.47561530685106024
repeated:v1:1,repeated,v1,1,ridge_all_views_original_boost4_a1,0.25,ridge_all_views_original_boost4_a1__w0.25,758223,156,128206499.88219403,13.003388701420898,8.866311043756571,19.915267623640414,23.666243661179713,44.0047971642866,0.28946402650041375,0.4573992487011781
repeated:v1:1,repeated,v1,1,ridge_all_views_original_boost4_a1,0.5,ridge_all_views_original_boost4_a1__w0.50,758223,156,133672459.52810429,13.277689010156617,8.997813034752735,20.695339889083744,24.402581379023182,43.26595060128585,0.29326394054446797,0.45929005790273303
repeated:v1:1,repeated,v1,1,ridge_all_views_original_boost4_a1,0.75,ridge_all_views_original_boost4_a1__w0.75,758223,156,141508975.4309526,13.661346797250335,9.163509947021462,21.386328040521555,26.37901905607811,42.53447759298585,0.2966073811669809,0.46575377614683167
repeated:v1:1,repeated,v1,1,ridge_all_views_original_boost4_a1,1.0,ridge_all_views_original_boost4_a1__w1.00,758223,156,151716047.590739,14.145466776079365,9.458454363011331,22.038567947180738,29.410975640217888,41.810765138848275,0.3030951972111436,0.47000003062625195
repeated:v1:1,repeated,v1,1,ridge_all_views_original_boost4_a10,0.25,ridge_all_views_original_boost4_a10__w0.25,758223,156,129734437.29843238,13.080644993318696,8.749641049451917,19.39241306408865,24.44679433794798,44.64440572273535,0.29346944952218207,0.46515934760939986
repeated:v1:1,repeated,v1,1,ridge_all_views_original_boost4_a10,0.5,ridge_all_views_original_boost4_a10__w0.50,758223,156,137046266.14784583,13.44420501957819,9.134711664411451,20.10542997537995,26.13384789330386,44.54019112757269,0.3053449851144615,0.4761459974413767
repeated:v1:1,repeated,v1,1,ridge_all_views_original_boost4_a10,0.75,ridge_all_views_original_boost4_a10__w0.75,758223,156,147046583.04146218,13.926083391457059,9.415719598182065,20.336410734442875,27.847916073894567,44.438022573613814,0.31315825044563533,0.48846749989835386
repeated:v1:1,repeated,v1,1,ridge_all_views_original_boost4_a10,1.0,ridge_all_views_original_boost4_a10__w1.00,758223,156,159735387.97928149,14.514500456210259,9.53594356339772,22.24138239237007,30.27240149179514,44.337914205035894,0.3236144004778906,0.49869849957371143
repeated:v1:1,repeated,v1,1,ridge_per_view_ensemble_a1,0.25,ridge_per_view_ensemble_a1__w0.25,758223,156,125316246.47157109,12.85598070681983,8.832112984580661,19.313873297390217,23.642357303088566,43.62762251993672,0.2852277214831772,0.4510420647073623
repeated:v1:1,repeated,v1,1,ridge_per_view_ensemble_a1,0.5,ridge_per_view_ensemble_a1__w0.50,758223,156,127057974.89567308,12.945012896377873,9.10318953878912,19.40947756307105,23.684437169514247,42.50865337650621,0.2833615485907965,0.44466038320175794
repeated:v1:1,repeated,v1,1,ridge_per_view_ensemble_a1,0.75,ridge_per_view_ensemble_a1__w0.75,758223,156,130336281.76552781,13.110950765827763,9.245345053963131,20.144148651684237,24.8770372191873,41.39407391940419,0.28153019482233543,0.44505860528732366
repeated:v1:1,repeated,v1,1,ridge_per_view_ensemble_a1,1.0,ridge_per_view_ensemble_a1__w1.00,758223,156,135151167.08113527,13.350927054846574,9.468540404238551,20.26381116287837,25.29929675352676,40.28424851012525,0.281118493943391,0.4475233421058502
repeated:v1:1,repeated,v1,1,extra_trees_all_views,0.25,extra_trees_all_views__w0.25,758223,156,128498667.44165756,13.01819686771228,8.414631636458054,18.444495817678366,24.727767247547572,46.507858139694015,0.3142238945681673,0.48601423033117935
repeated:v1:1,repeated,v1,1,extra_trees_all_views,0.5,extra_trees_all_views__w0.50,758223,156,139984286.04079166,13.587550343175176,8.638070895935119,19.496410125030543,27.125670262786794,48.270672279262165,0.3424653011481975,0.511139052949172
repeated:v1:1,repeated,v1,1,extra_trees_all_views,0.75,extra_trees_all_views__w0.75,758223,156,159567952.2906241,14.506891364092466,9.234274949372761,20.73178383281288,29.80205622751475,50.03850178482154,0.35737112766713824,0.5172834730889234
repeated:v1:1,repeated,v1,1,extra_trees_all_views,1.0,extra_trees_all_views__w1.00,758223,156,187249666.19115496,15.714915457943004,10.053366266423597,22.270482660425262,37.033233895676716,51.81083327331151,0.3648298193321479,0.534757357639693
repeated:v1:1,repeated,v1,1,hist_gradient_all_views,0.25,hist_gradient_all_views__w0.25,758223,156,126643492.87208413,12.923881369445217,8.64346161224613,18.193149162474807,24.98560127708942,45.668391887050376,0.31473377793780255,0.4846759092674078
repeated:v1:1,repeated,v1,1,hist_gradient_all_views,0.5,hist_gradient_all_views__w0.50,758223,156,136383505.4736616,13.411657291785163,8.560083975747602,19.0452135840604,26.49545910489268,46.605926665581904,0.34443729823915903,0.5121728034131107
repeated:v1:1,repeated,v1,1,hist_gradient_all_views,0.75,hist_gradient_all_views__w0.75,758223,156,154331134.29795426,14.266856630195921,9.253384935442082,20.68004844662653,29.30716786108035,47.56208583151795,0.3610698543088725,0.5213164834172724
repeated:v1:1,repeated,v1,1,hist_gradient_all_views,1.0,hist_gradient_all_views__w1.00,758223,156,180486379.3449621,15.428501224497039,9.922083353089176,22.3522480783287,34.27255522312885,48.53576869083724,0.3637361472023444,0.5407602351017069
repeated:v1:1,repeated,v1,1,knn25_all_views,0.25,knn25_all_views__w0.25,758223,156,129138630.43621454,13.050573923541362,8.379247383434869,18.158776298839264,24.28512166708355,48.336732489647204,0.3112399460944044,0.47663103123241823
repeated:v1:1,repeated,v1,1,knn25_all_views,0.5,knn25_all_views__w0.50,758223,156,143679946.92420644,13.765741260513773,8.859702327556176,19.857148051009034,25.064258403925496,51.9447725255108,0.3378806739185877,0.48928773743171705
repeated:v1:1,repeated,v1,1,knn25_all_views,0.75,knn25_all_views__w0.75,758223,156,168735045.9571975,14.917779032984196,9.948902132558143,22.375225492941325,27.978189440998598,55.57049500475545,0.34716247533265937,0.5001919205819351
repeated:v1:1,repeated,v1,1,knn25_all_views,1.0,knn25_all_views__w1.00,758223,156,204303927.53518772,16.414961961893564,10.92617732068502,24.24884180834782,30.12327258986364,59.21065170064573,0.35824979710260085,0.519782413395983
repeated:v1:2,repeated,v1,2,ridge_original_a1,0.25,ridge_original_a1__w0.25,757077,154,121725047.27527235,12.680020325045655,9.616223781923296,17.848213748174086,22.94392675841248,40.2516092343519,0.2919196622735949,0.4318030230180934
repeated:v1:2,repeated,v1,2,ridge_original_a1,0.5,ridge_original_a1__w0.50,757077,154,121485615.05424827,12.667543435872345,9.468778033190603,18.014950398319506,22.81501848278752,38.738026186506694,0.2909574785911205,0.4338761703559405
repeated:v1:2,repeated,v1,2,ridge_original_a1,0.75,ridge_original_a1__w0.75,757077,154,122296748.86156844,12.709762338202545,9.39140105358837,18.561192771322187,23.062481660589043,37.23182687017257,0.2950586619982785,0.4358664266242848
repeated:v1:2,repeated,v1,2,ridge_original_a1,1.0,ridge_original_a1__w1.00,757077,154,124158448.69723284,12.806136084909017,9.570242355193452,18.581741581697994,23.086467647878575,36.98962227387799,0.3002548301752713,0.4381002884046016
repeated:v1:2,repeated,v1,2,ridge_original_a10,0.25,ridge_original_a10__w0.25,757077,154,126896237.49181038,12.946558748806913,10.00504726259419,17.829190651017306,23.447154837280205,41.17810100352929,0.30238965799897416,0.43853206536822015
repeated:v1:2,repeated,v1,2,ridge_original_a10,0.5,ridge_original_a10__w0.50,757077,154,132269336.5538629,13.217811720803699,9.884022961195612,18.362857426298966,24.080032775192397,40.585053181434624,0.30826833034440715,0.44988740282075873
repeated:v1:2,repeated,v1,2,ridge_original_a10,0.75,ridge_original_a10__w0.75,757077,154,139134342.7107982,13.55648644288362,10.051063552926378,19.53103970988008,25.485731168443085,41.05745376733819,0.3135700241219086,0.45955101352619987
repeated:v1:2,repeated,v1,2,ridge_original_a10,1.0,ridge_original_a10__w1.00,757077,154,147491255.96261632,13.95767593135491,10.226329719171844,20.007430298134825,26.46044027924995,43.62010263002187,0.3189682090195659,0.46674591987839414
repeated:v1:2,repeated,v1,2,ridge_original_a100,0.25,ridge_original_a100__w0.25,757077,154,131111109.94296767,13.159813082161822,10.058821322447798,18.263601947235014,23.900860845522097,43.19662884184622,0.3173463935481263,0.4506146455021483
repeated:v1:2,repeated,v1,2,ridge_original_a100,0.5,ridge_original_a100__w0.50,757077,154,143558903.07878146,13.77035191974615,10.294789008886585,20.26637117204822,25.214513342582855,46.762275268339216,0.3303861484838595,0.4692594159026753
repeated:v1:2,repeated,v1,2,ridge_original_a100,0.75,ridge_original_a100__w0.75,757077,154,160358424.9320821,14.553781976992239,10.640392308749309,21.28121385164825,27.20335200393254,53.463670625471124,0.34424158318221115,0.4820074979593969
repeated:v1:2,repeated,v1,2,ridge_original_a100,1.0,ridge_original_a100__w1.00,757077,154,181509675.5028695,15.483882390341913,11.041436790568854,22.683838435762997,28.793790446938416,60.177935661923186,0.35505675890259736,0.4953654693480205
repeated:v1:2,repeated,v1,2,ridge_backtest_single_a1,0.25,ridge_backtest_single_a1__w0.25,757077,154,126197400.25252542,12.91086017917466,9.968517543014553,17.803864429610336,23.4900664745494,39.57284384780246,0.29841958420676,0.4387366549718043
repeated:v1:2,repeated,v1,2,ridge_backtest_single_a1,0.5,ridge_backtest_single_a1__w0.50,757077,154,131494426.48885255,13.179036062361732,10.141370169881911,19.061520776634424,23.852572679607547,39.78209562244682,0.30170228519531644,0.4463247537608777
repeated:v1:2,repeated,v1,2,ridge_backtest_single_a1,0.75,ridge_backtest_single_a1__w0.75,757077,154,138906124.23362207,13.54536370222913,10.164568960728293,19.474737776658948,24.74072847136098,42.986780511793825,0.3033139569176621,0.45181392758346683
repeated:v1:2,repeated,v1,2,ridge_backtest_single_a1,1.0,ridge_backtest_single_a1__w1.00,757077,154,148432493.48683402,14.00214160205874,10.471122085029785,20.56175616422387,25.338612857525966,46.20503989358899,0.30409687187714163,0.4546368822331405
repeated:v1:2,repeated,v1,2,ridge_backtest_single_a10,0.25,ridge_backtest_single_a10__w0.25,757077,154,128839783.09408207,13.045326893319213,10.078294767952425,18.05708886846854,23.59129715737159,40.64141393336387,0.30635476531992617,0.4447551118739273
repeated:v1:2,repeated,v1,2,ridge_backtest_single_a10,0.5,ridge_backtest_single_a10__w0.50,757077,154,137450808.03157622,13.474219639176471,10.046489144252648,20.208520178916206,25.88234234661717,44.24852128248769,0.3123393686884174,0.4602047926567654
repeated:v1:2,repeated,v1,2,ridge_backtest_single_a10,0.75,ridge_backtest_single_a10__w0.75,757077,154,148848120.33712307,14.021731644800552,10.221461351689566,20.472639875728536,27.633757152173413,49.68640394946313,0.3197034276705147,0.47193333295315254
repeated:v1:2,repeated,v1,2,ridge_backtest_single_a10,1.0,ridge_backtest_single_a10__w1.00,757077,154,163031720.0107226,14.67459178497495,10.701656676856185,21.60894008483574,29.296631300979588,55.13565580319621,0.3285638876911666,0.47942417281196936
repeated:v1:2,repeated,v1,2,ridge_backtest_cumulative_a1,0.25,ridge_backtest_cumulative_a1__w0.25,757077,154,124010425.52029075,12.798499994512976,9.74722803539424,17.837146841928362,23.1008404130035,40.00323907950081,0.2938304336615381,0.43053239260890347
repeated:v1:2,repeated,v1,2,ridge_backtest_cumulative_a1,0.5,ridge_backtest_cumulative_a1__w0.50,757077,154,126466162.595872,12.924600983288524,9.673115221894712,18.725636200868593,23.273068563624143,38.24333581051133,0.2937025510574641,0.42919118594339817
repeated:v1:2,repeated,v1,2,ridge_backtest_cumulative_a1,0.75,ridge_backtest_cumulative_a1__w0.75,757077,154,130382256.75138447,13.123184077356727,10.001437246790875,18.687860533049847,24.12389658477768,36.4933123005774,0.29234791090655693,0.4273251100383185
repeated:v1:2,repeated,v1,2,ridge_backtest_cumulative_a1,1.0,ridge_backtest_cumulative_a1__w1.00,757077,154,135758707.98682812,13.391025030312209,10.15108095545942,19.139151254454333,25.352096272732727,37.08918595539255,0.29058141627806705,0.4259201811068356
repeated:v1:2,repeated,v1,2,ridge_backtest_cumulative_a10,0.25,ridge_backtest_cumulative_a10__w0.25,757077,154,127518136.68246403,12.97824453369198,9.977579127561789,17.917735747018824,23.341903493181157,40.96830244862228,0.30208233282097957,0.4386070182217267
repeated:v1:2,repeated,v1,2,ridge_backtest_cumulative_a10,0.5,ridge_backtest_cumulative_a10__w0.50,757077,154,134167614.9883245,13.312322298445025,10.136299966193253,19.269595596104164,25.02673531045405,40.16543704282501,0.3059074732636671,0.44892467923705176
repeated:v1:2,repeated,v1,2,ridge_backtest_cumulative_a10,0.75,ridge_backtest_cumulative_a10__w0.75,757077,154,142963480.4422221,13.741765400751087,10.346081511263602,20.039877884950908,25.88137697574732,43.34946668079711,0.3086405346589785,0.45611611389077983
repeated:v1:2,repeated,v1,2,ridge_backtest_cumulative_a10,1.0,ridge_backtest_cumulative_a10__w1.00,757077,154,153905733.04415676,14.25795936419777,10.731761937551816,20.823973068715624,26.48202604185908,46.67855433040566,0.3128778349063727,0.4598544437953016
repeated:v1:2,repeated,v1,2,ridge_slope_single_a1,0.25,ridge_slope_single_a1__w0.25,757077,154,124334930.84500098,12.815234345516279,9.858031086718864,18.12012786151161,22.809727994784176,40.4146789352502,0.295828765644722,0.43349139204082926
repeated:v1:2,repeated,v1,2,ridge_slope_single_a1,0.5,ridge_slope_single_a1__w0.50,757077,154,127211811.87304111,12.96264695366845,9.862979437546349,18.57748916233256,22.788060299013154,39.06597996904671,0.29918691372978873,0.43606034733408877
repeated:v1:2,repeated,v1,2,ridge_slope_single_a1,0.75,ridge_slope_single_a1__w0.75,757077,154,131645688.60876101,13.186614010807197,9.970528970012133,19.24913068283312,22.82544408049442,38.002170182109886,0.30255139092654176,0.4389537155649977
repeated:v1:2,repeated,v1,2,ridge_slope_single_a1,1.0,ridge_slope_single_a1__w1.00,757077,154,137636561.0521607,13.483321193392978,10.003599384545964,19.932937862202007,23.042807203066484,44.259239220362176,0.30687002645521955,0.441720393486187
repeated:v1:2,repeated,v1,2,ridge_slope_single_a10,0.25,ridge_slope_single_a10__w0.25,757077,154,127923919.22571386,12.99887752865707,10.079739515394131,17.896521972781834,23.726698309900776,41.50517007374909,0.3047542339297871,0.4431112413442827
repeated:v1:2,repeated,v1,2,ridge_slope_single_a10,0.5,ridge_slope_single_a10__w0.50,757077,154,135259298.12024403,13.36637183561359,10.02786726338965,19.326904711169462,25.608197482532145,41.23898057102608,0.31404729085586347,0.4584333862974713
repeated:v1:2,repeated,v1,2,ridge_slope_single_a10,0.75,ridge_slope_single_a10__w0.75,757077,154,145021182.20823118,13.84030606792142,10.027728461361,20.424673071635347,26.45917826206716,43.23605255672879,0.32083715955249986,0.46964261220179554
repeated:v1:2,repeated,v1,2,ridge_slope_single_a10,1.0,ridge_slope_single_a10__w1.00,757077,154,157209571.48967528,14.410181991307413,10.340716222387908,21.270085267076094,27.327279009784675,46.52749133043154,0.32841826796940204,0.4774487851482046
repeated:v1:2,repeated,v1,2,ridge_local_long_a1,0.25,ridge_local_long_a1__w0.25,757077,154,126112059.06929599,12.906493946497775,9.952426323659342,17.70653570255552,23.52333814905098,39.747012669567944,0.29976702377519143,0.439205177616263
repeated:v1:2,repeated,v1,2,ridge_local_long_a1,0.5,ridge_local_long_a1__w0.50,757077,154,131222346.27886373,13.165394375133474,10.251731886893305,18.497513453195257,23.90002757830348,37.88207729169697,0.3061185043701551,0.4469406827352269
repeated:v1:2,repeated,v1,2,ridge_local_long_a1,0.75,ridge_local_long_a1__w0.75,757077,154,138345907.15334392,13.518021456951614,10.26488647694143,19.669560138547116,24.696493394042342,40.13504821750945,0.31092390336990433,0.45173255133842743
repeated:v1:2,repeated,v1,2,ridge_local_long_a1,1.0,ridge_local_long_a1__w1.00,757077,154,147482741.6927365,13.957273056167095,10.332767314075223,20.822564245567328,25.499160383771034,42.40191670589985,0.3145696504059294,0.45486568969556096
repeated:v1:2,repeated,v1,2,ridge_local_long_a10,0.25,ridge_local_long_a10__w0.25,757077,154,128664888.72092675,13.036469655988016,9.994000738929444,17.872446199018764,23.94517509646293,41.07072966096483,0.30804952529349133,0.4453839690828209
repeated:v1:2,repeated,v1,2,ridge_local_long_a10,0.5,ridge_local_long_a10__w0.50,757077,154,137163100.38795733,13.460110348819786,10.423273640327615,19.407122711314294,26.019664179895855,41.940751816873345,0.31695739832202474,0.4604382611922692
repeated:v1:2,repeated,v1,2,ridge_local_long_a10,0.75,ridge_local_long_a10__w0.75,757077,154,148509680.52573243,14.005781786744164,10.253596056383042,20.59081065548927,28.677311381158738,46.22041624053204,0.32375669548764147,0.4709759943644856
repeated:v1:2,repeated,v1,2,ridge_local_long_a10,1.0,ridge_local_long_a10__w1.00,757077,154,162704629.13425207,14.659863562051441,10.891693487269096,22.297069319532337,30.430368345200307,50.51058166044444,0.33065193418555283,0.47926385541038413
repeated:v1:2,repeated,v1,2,ridge_all_views_a1,0.25,ridge_all_views_a1__w0.25,757077,154,126488384.47805336,12.925736450431836,9.836493379790761,17.8462529874785,23.50324520591671,39.87708452470998,0.29988090511944676,0.4405837626648151
repeated:v1:2,repeated,v1,2,ridge_all_views_a1,0.5,ridge_all_views_a1__w0.50,757077,154,132421574.8698551,13.22541619955075,9.926860485288877,19.19607290436863,24.28494010799111,38.551485276322786,0.30658544460752857,0.44877418160625293
repeated:v1:2,repeated,v1,2,ridge_all_views_a1,0.75,ridge_all_views_a1__w0.75,757077,154,140814616.7000459,13.638099116853441,9.966437088904392,20.562598581127858,25.00638191341184,41.131504887969854,0.3117800282316569,0.4552549531761658
repeated:v1:2,repeated,v1,2,ridge_all_views_a1,1.0,ridge_all_views_a1__w1.00,757077,154,151667509.96862578,14.153904210335739,10.444937699542685,21.61159521883327,26.17715571924849,43.72110470532461,0.3147274669502444,0.46015048359871846
repeated:v1:2,repeated,v1,2,ridge_all_views_a10,0.25,ridge_all_views_a10__w0.25,757077,154,128798685.08929701,13.04324609321235,9.90446531303439,17.988813957193134,24.139480874750234,41.034927502012245,0.3073622120419677,0.44581725404367817
repeated:v1:2,repeated,v1,2,ridge_all_views_a10,0.5,ridge_all_views_a10__w0.50,757077,154,137655495.06781235,13.484248580103621,10.301791633221587,19.98832432368602,25.703796749819354,42.739923779149656,0.3150323277815492,0.4613267740510222
repeated:v1:2,repeated,v1,2,ridge_all_views_a10,0.75,ridge_all_views_a10__w0.75,757077,154,149585475.46018672,14.056418757668999,10.347340571313032,20.47769887303229,27.045978707105633,47.419063274465536,0.3204989271907576,0.4718647048006177
repeated:v1:2,repeated,v1,2,ridge_all_views_a10,1.0,ridge_all_views_a10__w1.00,757077,154,164588626.2664201,14.744494369454193,10.837348178899983,22.006439191800922,27.862225519225685,52.108334342884014,0.32570107139838633,0.4781811935286239
repeated:v1:2,repeated,v1,2,ridge_all_views_a100,0.25,ridge_all_views_a100__w0.25,757077,154,131080364.00264464,13.158269984283805,10.003277670309297,18.276484005053252,24.22713094794794,43.189625767537876,0.31907462054597013,0.4517999847472998
repeated:v1:2,repeated,v1,2,ridge_all_views_a100,0.5,ridge_all_views_a100__w0.50,757077,154,143820688.96345174,13.782901618035522,10.0669801299603,20.179502070326212,24.313034186564607,47.258026148518354,0.3315753196884893,0.47080123605128243
repeated:v1:2,repeated,v1,2,ridge_all_views_a100,0.75,ridge_all_views_a100__w0.75,757077,154,161236020.40706193,14.593551967379058,10.69245879741666,21.68621029433611,26.728343027592032,54.20883152516169,0.3451304495131007,0.4849779432995322
repeated:v1:2,repeated,v1,2,ridge_all_views_a100,1.0,ridge_all_views_a100__w1.00,757077,154,183326358.3334752,15.561176530575862,11.080486522818763,23.203893386838253,29.322817920618856,61.17285521943811,0.3543389393619624,0.4995091610633712
repeated:v1:2,repeated,v1,2,ridge_all_views_no_indicator_a1,0.25,ridge_all_views_no_indicator_a1__w0.25,757077,154,126378762.89789902,12.920134170063664,9.820178348545163,17.884928557372078,23.453762371573696,39.8253571341046,0.2998769855931334,0.4405889943382353
repeated:v1:2,repeated,v1,2,ridge_all_views_no_indicator_a1,0.5,ridge_all_views_no_indicator_a1__w0.50,757077,154,132226304.61242701,13.215661432671919,9.965452840383271,19.2627152216543,24.265277518309667,38.42600861406331,0.30667870836696115,0.4488240297808654
repeated:v1:2,repeated,v1,2,ridge_all_views_no_indicator_a1,0.75,ridge_all_views_no_indicator_a1__w0.75,757077,154,140557670.66822466,13.62565063829478,10.040833464865955,20.594720010787935,24.890151719847882,40.94301145470992,0.3119452125683719,0.45530200462184445
repeated:v1:2,repeated,v1,2,ridge_all_views_no_indicator_a1,1.0,ridge_all_views_no_indicator_a1__w1.00,757077,154,151372861.06529194,14.140148924746144,10.326173810656424,21.558393910404956,26.012104542961993,43.46950733954402,0.3149658874154877,0.45934575135584266
repeated:v1:2,repeated,v1,2,ridge_all_views_original_boost4_a1,0.25,ridge_all_views_original_boost4_a1__w0.25,757077,154,126397383.42532967,12.921085955182306,9.860738601140572,17.714282657650344,23.55005568872034,39.92224247932464,0.29955590067215837,0.4402326144418376
repeated:v1:2,repeated,v1,2,ridge_all_views_original_boost4_a1,0.5,ridge_all_views_original_boost4_a1__w0.50,757077,154,132097429.12261058,13.209219484334952,10.023680026378779,18.859695404555065,23.97633847945503,38.08217069713555,0.3052594306029922,0.44849879536573295
repeated:v1:2,repeated,v1,2,ridge_all_views_original_boost4_a1,0.75,ridge_all_views_original_boost4_a1__w0.75,757077,154,140115182.6164834,13.604186351911713,9.96590425945929,20.087154752240956,24.971370318575687,40.373630280722914,0.31019608813117233,0.4552806870741824
repeated:v1:2,repeated,v1,2,ridge_all_views_original_boost4_a1,1.0,ridge_all_views_original_boost4_a1__w1.00,757077,154,150450643.90694812,14.09700971829948,10.337895828697135,21.43650441242823,25.880210098544747,43.344641046083,0.3131237580627443,0.4593636278234308
repeated:v1:2,repeated,v1,2,ridge_all_views_original_boost4_a10,0.25,ridge_all_views_original_boost4_a10__w0.25,757077,154,128730641.58792132,13.039800307333298,9.968429741928915,17.903881154257558,23.944622411188316,41.092885451890965,0.30690742276011085,0.44565955838372745
repeated:v1:2,repeated,v1,2,ridge_all_views_original_boost4_a10,0.5,ridge_all_views_original_boost4_a10__w0.50,757077,154,137382811.27688572,13.470886386503118,10.376485258487673,19.80903488322863,25.789975959618598,42.350744274685546,0.31462927030778803,0.46119926712608356
repeated:v1:2,repeated,v1,2,ridge_all_views_original_boost4_a10,0.75,ridge_all_views_original_boost4_a10__w0.75,757077,154,148971554.59153387,14.027544292355786,10.24804933572311,20.222512031686403,27.130277362492002,46.83431166464439,0.32005074660942834,0.47193055749694474
repeated:v1:2,repeated,v1,2,ridge_all_views_original_boost4_a10,1.0,ridge_all_views_original_boost4_a10__w1.00,757077,154,163496871.53186578,14.695511170521245,10.882898838353036,21.89542554846255,28.19581324588515,51.32773871998733,0.3259286727051499,0.4779974287803526
repeated:v1:2,repeated,v1,2,ridge_per_view_ensemble_a1,0.25,ridge_per_view_ensemble_a1__w0.25,757077,154,124106980.07565472,12.803481483066054,9.861311770531339,17.929768156803064,23.12869610099895,40.19321756242856,0.29622101573773657,0.4344448799807874
repeated:v1:2,repeated,v1,2,ridge_per_view_ensemble_a1,0.5,ridge_per_view_ensemble_a1__w0.50,757077,154,126340818.60112663,12.918194436687115,9.74523938475294,17.9422239319609,23.0937897291066,38.622252823920746,0.29966837923764517,0.4380309729984993
repeated:v1:2,repeated,v1,2,ridge_per_view_ensemble_a1,0.75,ridge_per_view_ensemble_a1__w0.75,757077,154,129716561.1010564,13.089639535742869,9.675804857606083,18.53300267401665,23.166640413644078,37.05984453553976,0.30291078929943777,0.44055384976665174
repeated:v1:2,repeated,v1,2,ridge_per_view_ensemble_a1,1.0,ridge_per_view_ensemble_a1__w1.00,757077,154,134234207.57544404,13.315625599351387,9.792997065054866,19.175474440110694,23.41967769393954,40.205792274184724,0.3062818228220613,0.44202933921479454
repeated:v1:2,repeated,v1,2,extra_trees_all_views,0.25,extra_trees_all_views__w0.25,757077,154,130820841.36975904,13.145237670769266,9.87928935592765,18.836180679295325,23.169140755943303,44.87062535131122,0.32071790841622766,0.4539999898509136
repeated:v1:2,repeated,v1,2,extra_trees_all_views,0.5,extra_trees_all_views__w0.50,757077,154,145330166.11500224,13.855042385552972,10.153385832870296,19.563302748102412,24.89215678709155,49.909599922119654,0.33643614479991124,0.4690417096590508
repeated:v1:2,repeated,v1,2,extra_trees_all_views,0.75,extra_trees_all_views__w0.75,757077,154,166543019.76037028,14.831777141615262,10.713132210824915,20.433686686310295,26.601092066838913,58.195753088436426,0.34557964683343095,0.4770112407152916
repeated:v1:2,repeated,v1,2,extra_trees_all_views,1.0,extra_trees_all_views__w1.00,757077,154,194459402.30586314,16.026712527534343,11.344014037449544,22.613466942013364,28.299324003246692,66.49726302928602,0.347263016425526,0.4930963767056844
repeated:v1:2,repeated,v1,2,hist_gradient_all_views,0.25,hist_gradient_all_views__w0.25,757077,154,128990037.11037514,13.052931460676415,9.970603783909459,18.483060768014163,22.64696340102295,44.57389099981712,0.318575989510864,0.45462470950505923
repeated:v1:2,repeated,v1,2,hist_gradient_all_views,0.5,hist_gradient_all_views__w0.50,757077,154,141454066.29697937,13.66902985070168,10.21801455609976,18.766753787241814,23.524739210794454,48.49044044025639,0.33490376493440066,0.47123147573420066
repeated:v1:2,repeated,v1,2,hist_gradient_all_views,0.75,hist_gradient_all_views__w0.75,757077,154,160407133.0844534,14.55599213217496,10.317844835332167,20.84329337250976,24.538421985533756,56.06742647065242,0.34440498871627256,0.48243776151899004
repeated:v1:2,repeated,v1,2,hist_gradient_all_views,1.0,hist_gradient_all_views__w1.00,757077,154,185849237.47279721,15.667884649652406,10.77951959186053,22.22861893794536,27.3503394356265,63.66059781117405,0.3521251284928306,0.5011196485482241
repeated:v1:2,repeated,v1,2,knn25_all_views,0.25,knn25_all_views__w0.25,757077,154,129991621.79403576,13.10351031156599,9.847782627137413,19.355440540576662,23.269250694352298,44.4535335101856,0.32034552687406426,0.45737072152313385
repeated:v1:2,repeated,v1,2,knn25_all_views,0.5,knn25_all_views__w0.50,757077,154,146980542.94777972,13.933489588224552,10.453886478495168,20.673561744691106,24.727243794335553,52.78556149352429,0.33556987424209916,0.4661883924599428
repeated:v1:2,repeated,v1,2,knn25_all_views,0.75,knn25_all_views__w0.75,757077,154,173981808.98587254,15.159395891152927,11.283619218508147,20.50518669713233,26.366526648002612,62.53861938611458,0.3400326196653754,0.4692047663532137
repeated:v1:2,repeated,v1,2,knn25_all_views,1.0,knn25_all_views__w1.00,757077,154,210995419.9083142,16.69423366087653,12.26958012518532,23.2495279381191,27.810274733272568,72.31468233096008,0.34909061166086736,0.477221864258553
repeated:v1:3,repeated,v1,3,ridge_original_a1,0.25,ridge_original_a1__w0.25,754075,151,111733625.7876654,12.17263709746828,9.268247211635428,17.29879620129076,21.52354745301936,39.704516247933874,0.28550564038775117,0.41073875458635073
repeated:v1:3,repeated,v1,3,ridge_original_a1,0.5,ridge_original_a1__w0.50,754075,151,112194665.76900822,12.197724867876095,9.550871574464443,17.68546368644399,21.56593171224138,38.92150370519856,0.2816221118052541,0.40515952220126916
repeated:v1:3,repeated,v1,3,ridge_original_a1,0.75,ridge_original_a1__w0.75,754075,151,113690234.74970186,12.27875433054829,9.718242291400873,17.321513410937257,21.278770270840404,38.144235239583324,0.2755443771945279,0.401643957045087
repeated:v1:3,repeated,v1,3,ridge_original_a1,1.0,ridge_original_a1__w1.00,754075,151,116220332.72974628,12.414630150726495,9.88877685368096,17.81052726942699,21.653254801812658,37.37306924108721,0.2683110086747101,0.3996317961215138
repeated:v1:3,repeated,v1,3,ridge_original_a10,0.25,ridge_original_a10__w0.25,754075,151,114733712.63105926,12.334974389317013,9.272000911512137,17.34208179651933,21.71438919184672,41.589585444198576,0.29067018699039204,0.4172712554772679
repeated:v1:3,repeated,v1,3,ridge_original_a10,0.5,ridge_original_a10__w0.50,754075,151,118193147.165023,12.519554557373526,9.336211060877323,17.4300141211233,22.232611375995326,42.68911758687818,0.29296123591828827,0.4179853675566188
repeated:v1:3,repeated,v1,3,ridge_original_a10,0.75,ridge_original_a10__w0.75,754075,151,122685418.4075646,12.755256687443397,9.61298059692587,18.402255594667626,22.584532687472688,43.7913186626836,0.29326080231035456,0.4186021933818179
repeated:v1:3,repeated,v1,3,ridge_original_a10,1.0,ridge_original_a10__w1.00,754075,151,128210526.35868405,13.039308790256424,10.151718403425756,18.606234021215617,22.378864227835123,44.89599210432331,0.29177098056877415,0.4187633332401832
repeated:v1:3,repeated,v1,3,ridge_original_a100,0.25,ridge_original_a100__w0.25,754075,151,117822963.01547556,12.49993338923209,9.286222427097046,17.982933799334607,22.353417516852282,43.42524096428647,0.2948055944205509,0.42480790163431265
repeated:v1:3,repeated,v1,3,ridge_original_a100,0.5,ridge_original_a100__w0.50,754075,151,126704941.12546968,12.962521935827262,9.65766785033342,18.679992366285923,23.438123631673474,46.37321779679791,0.30127944014677593,0.4334041265081458
repeated:v1:3,repeated,v1,3,ridge_original_a100,0.75,ridge_original_a100__w0.75,754075,151,138953049.13565573,13.574591499467807,9.86235147713939,19.701285562091723,24.36586874496257,49.3340601360498,0.31138444869712456,0.4407052502338106
repeated:v1:3,repeated,v1,3,ridge_original_a100,1.0,ridge_original_a100__w1.00,754075,151,154567287.04603374,14.316983378390205,9.951813942717923,21.245728983567208,24.691739729417996,52.305583209067805,0.32100662835204896,0.44969662865869975
repeated:v1:3,repeated,v1,3,ridge_backtest_single_a1,0.25,ridge_backtest_single_a1__w0.25,754075,151,115467734.61507739,12.37436868362881,9.229039041588754,17.45704312573888,21.58320562781218,40.948455114064984,0.29196592032171087,0.41864034091332775
repeated:v1:3,repeated,v1,3,ridge_backtest_single_a1,0.5,ridge_backtest_single_a1__w0.50,754075,151,121204874.57191925,12.678059097162015,9.841271523544549,18.09104414312898,21.786677764787306,41.40827448928892,0.29238015662360634,0.4219242899644042
repeated:v1:3,repeated,v1,3,ridge_backtest_single_a1,0.75,ridge_backtest_single_a1__w0.75,754075,151,129518534.67619893,13.10565375061504,10.43087915918936,18.85398952261309,21.850247909096357,41.8722559852434,0.2881871112037179,0.42371583336132135
repeated:v1:3,repeated,v1,3,ridge_backtest_single_a1,1.0,ridge_backtest_single_a1__w1.00,754075,151,140408714.92791647,13.645509649624895,10.987377057551491,19.561933907755666,22.616154644143947,42.34026277160974,0.28580200831965025,0.42472596646772365
repeated:v1:3,repeated,v1,3,ridge_backtest_single_a10,0.25,ridge_backtest_single_a10__w0.25,754075,151,116769624.43978137,12.443933177129336,9.2333644006054,17.588863730095863,22.27173239154145,42.158094123496944,0.2943358679005513,0.41994368507508795
repeated:v1:3,repeated,v1,3,ridge_backtest_single_a10,0.5,ridge_backtest_single_a10__w0.50,754075,151,123946285.3027164,12.82063352974377,9.778154269207235,18.145701745507694,22.671627819757965,43.82973515827676,0.29738948911914115,0.4256131064119068
repeated:v1:3,repeated,v1,3,ridge_backtest_single_a10,0.75,ridge_backtest_single_a10__w0.75,754075,151,133837097.39447848,13.322354421577389,10.322572706398518,19.094355766028652,22.260344176106848,45.50714793519598,0.2960487326675953,0.43190231851734395
repeated:v1:3,repeated,v1,3,ridge_backtest_single_a10,1.0,ridge_backtest_single_a10__w1.00,754075,151,146442060.71506763,13.935599111888136,10.280001748853527,20.18021662395102,23.648817503039822,47.18971696862588,0.2969737833010361,0.43662645892533875
repeated:v1:3,repeated,v1,3,ridge_backtest_cumulative_a1,0.25,ridge_backtest_cumulative_a1__w0.25,754075,151,113098053.37718518,12.24673424176759,9.256884244673099,17.447035126208448,21.4755221690275,40.65939134000303,0.29107008237088733,0.4186718277394279
repeated:v1:3,repeated,v1,3,ridge_backtest_cumulative_a1,0.5,ridge_backtest_cumulative_a1__w0.50,754075,151,115094299.53371026,12.354342458695477,9.483160078353752,17.2763074103354,20.876544097622805,40.82784003285021,0.2930692949418538,0.4202335008143029
repeated:v1:3,repeated,v1,3,ridge_backtest_cumulative_a1,0.75,ridge_backtest_cumulative_a1__w0.75,754075,151,118295853.27524857,12.524992924846767,9.890946000112425,17.637029051288067,20.835935359920796,40.998261112687764,0.29234531464666214,0.4203578647951923
repeated:v1:3,repeated,v1,3,ridge_backtest_cumulative_a1,1.0,ridge_backtest_cumulative_a1__w1.00,754075,151,122702714.60180014,12.756155774005354,10.300643548901757,18.600034849669342,21.125687765377606,41.17063008611688,0.29085724750503467,0.4186630540668583
repeated:v1:3,repeated,v1,3,ridge_backtest_cumulative_a10,0.25,ridge_backtest_cumulative_a10__w0.25,754075,151,115114636.5366389,12.35543390806294,9.298088054893961,17.25127117228267,21.763931117848355,41.80874706779937,0.2933472678365587,0.4196540652368691
repeated:v1:3,repeated,v1,3,ridge_backtest_cumulative_a10,0.5,ridge_backtest_cumulative_a10__w0.50,754075,151,119542901.31969793,12.590837666474675,9.541482553675696,17.50904232506333,22.46525907387896,43.12831966403732,0.29708504014918313,0.4234289578338746
repeated:v1:3,repeated,v1,3,ridge_backtest_cumulative_a10,0.75,ridge_backtest_cumulative_a10__w0.75,754075,151,125591909.15485042,12.905462100744417,10.007700680688057,18.4132573254739,22.288444202881095,44.45132212242,0.2976890211634805,0.4272403920278413
repeated:v1:3,repeated,v1,3,ridge_backtest_cumulative_a10,1.0,ridge_backtest_cumulative_a10__w1.00,754075,151,133261660.0420964,13.293683602644178,10.054297221907879,19.286929090259466,22.447994467416407,45.77745706723448,0.29691786460008457,0.43110358396016585
repeated:v1:3,repeated,v1,3,ridge_slope_single_a1,0.25,ridge_slope_single_a1__w0.25,754075,151,114029247.44900537,12.297047700795027,9.376966198215502,17.150629699580644,21.400978040036563,40.335645267873396,0.2825689700082777,0.41022431286941297
repeated:v1:3,repeated,v1,3,ridge_slope_single_a1,0.5,ridge_slope_single_a1__w0.50,754075,151,116912245.01908338,12.451530270043929,9.606019326040228,17.63258673714135,21.376864519608766,40.180328282474704,0.2762687901073416,0.40587688085839074
repeated:v1:3,repeated,v1,3,ridge_slope_single_a1,0.75,ridge_slope_single_a1__w0.75,754075,151,120956107.5159074,12.665041867412384,9.979931781327771,18.116993613194715,21.209914642036814,40.02701171176541,0.26788062233466864,0.40136221300799796
repeated:v1:3,repeated,v1,3,ridge_slope_single_a1,1.0,ridge_slope_single_a1__w1.00,754075,151,126160834.93947746,12.934659657992293,10.204398483007264,18.680414155124897,21.782461009690273,39.87571862969776,0.26138399965424647,0.3969686310413544
repeated:v1:3,repeated,v1,3,ridge_slope_single_a10,0.25,ridge_slope_single_a10__w0.25,754075,151,116095106.03027345,12.407940003968934,9.394849073336596,17.43649963118426,21.88730170261924,42.13604499301594,0.2904690250120275,0.416763956286759
repeated:v1:3,repeated,v1,3,ridge_slope_single_a10,0.5,ridge_slope_single_a10__w0.50,754075,151,121612578.52538118,12.699364161834403,9.70545351314305,17.75892570545746,22.234538259495764,43.78765953511446,0.29135357603447043,0.41742296662446043
repeated:v1:3,repeated,v1,3,ridge_slope_single_a10,0.75,ridge_slope_single_a10__w0.75,754075,151,128859532.29099654,13.07226983699109,10.201645360743642,18.523366287813115,22.16586395345908,45.44685556963823,0.289311030653773,0.4166943689387762
repeated:v1:3,repeated,v1,3,ridge_slope_single_a10,1.0,ridge_slope_single_a10__w1.00,754075,151,137835967.32711956,13.519916452062919,10.229688329677844,19.423561439137707,22.269242194692758,47.11283209983066,0.28653427066315496,0.4160723396258583
repeated:v1:3,repeated,v1,3,ridge_local_long_a1,0.25,ridge_local_long_a1__w0.25,754075,151,114707108.76544079,12.333544221066374,9.325439085044222,17.35824256248953,21.472577669547178,40.81641627409816,0.2862516698064279,0.41297926778407107
repeated:v1:3,repeated,v1,3,ridge_local_long_a1,0.5,ridge_local_long_a1__w0.50,754075,151,118834387.05815879,12.553470138420172,9.904926087575255,17.909585247502886,21.19679976972683,41.146952724515614,0.28240178569679203,0.4110618496114967
repeated:v1:3,repeated,v1,3,ridge_local_long_a1,0.75,ridge_local_long_a1__w0.75,754075,151,124688949.68382734,12.858985658377348,10.239068020121058,19.23616730654908,21.44499191490525,41.484380248448,0.27525796854505036,0.40673358476508914
repeated:v1:3,repeated,v1,3,ridge_local_long_a1,1.0,ridge_local_long_a1__w1.00,754075,151,132270796.64244649,13.244168980779497,10.838425928433571,19.424248916042494,22.178457919557445,41.828532076961075,0.2692013257978187,0.4011711230272249
repeated:v1:3,repeated,v1,3,ridge_local_long_a10,0.25,ridge_local_long_a10__w0.25,754075,151,116396849.16503279,12.424054296938216,9.324353970733611,17.487751420947063,21.955926792129382,42.20931682877333,0.29144543293984165,0.41607812401812533
repeated:v1:3,repeated,v1,3,ridge_local_long_a10,0.5,ridge_local_long_a10__w0.50,754075,151,122578019.98101747,12.749672509438216,9.833053292861457,18.305059309338972,22.495499183273083,43.93499946968016,0.2924063118704958,0.41671620149062455
repeated:v1:3,repeated,v1,3,ridge_local_long_a10,0.75,ridge_local_long_a10__w0.75,754075,151,130850627.25362743,13.172876889529467,9.975173560539348,19.054713385584282,22.564581493368088,45.6689327134512,0.28970110923896597,0.41579460428814874
repeated:v1:3,repeated,v1,3,ridge_local_long_a10,1.0,ridge_local_long_a10__w1.00,754075,151,141214670.98286265,13.68461671073011,10.272848492461415,19.941910866548177,22.848873320849254,47.410211321049594,0.28499680897599633,0.41609018216040694
repeated:v1:3,repeated,v1,3,ridge_all_views_a1,0.25,ridge_all_views_a1__w0.25,754075,151,116347204.85342695,12.421404528463679,9.346380864930666,17.82249684115844,21.508376082754243,41.370030592533375,0.29030216959068156,0.41565723860186166
repeated:v1:3,repeated,v1,3,ridge_all_views_a1,0.5,ridge_all_views_a1__w0.50,754075,151,123064921.11983606,12.774969367856874,10.120170966106503,18.04219487556151,21.425536964681992,42.25817162364509,0.2888082380360616,0.41676878808851625
repeated:v1:3,repeated,v1,3,ridge_all_views_a1,0.75,ridge_all_views_a1__w0.75,754075,151,132460263.60490069,13.253651174018538,10.662365271382493,19.692053080697903,21.913995755477885,43.156680533580605,0.2830208394501439,0.41508619933994867
repeated:v1:3,repeated,v1,3,ridge_all_views_a1,1.0,ridge_all_views_a1__w1.00,754075,151,144533232.3086208,13.844478023326937,10.999375374589201,20.133135443789474,22.618393865121213,44.064923106019634,0.28013790336507377,0.4144097697475705
repeated:v1:3,repeated,v1,3,ridge_all_views_a10,0.25,ridge_all_views_a10__w0.25,754075,151,117466656.72028024,12.481018667047385,9.367700422471183,17.796861867733885,22.308707844677556,42.48923390737369,0.2929006227052497,0.4178128259804355
repeated:v1:3,repeated,v1,3,ridge_all_views_a10,0.5,ridge_all_views_a10__w0.50,754075,151,125470197.12866296,12.89920719669634,9.79752185208416,18.92388894614539,22.235821726815153,44.49778118455168,0.29418130598635756,0.4204060601674813
repeated:v1:3,repeated,v1,3,ridge_all_views_a10,0.75,ridge_all_views_a10__w0.75,754075,151,136317736.03082153,13.445250900637177,10.191508508529278,19.871131421328503,21.8581194128066,46.51699429645935,0.29097160612119755,0.42158935358641336
repeated:v1:3,repeated,v1,3,ridge_all_views_a10,1.0,ridge_all_views_a10__w1.00,754075,151,150009273.42675593,14.104307973116997,10.807983792281716,20.823593152123763,23.366967603715427,48.54554235067607,0.2905865867233935,0.42494734231312886
repeated:v1:3,repeated,v1,3,ridge_all_views_a100,0.25,ridge_all_views_a100__w0.25,754075,151,118543197.50440699,12.538080310984709,9.347897540532024,17.902811175511296,22.35458122229464,43.6244656700094,0.29372857673432357,0.42317700609659986
repeated:v1:3,repeated,v1,3,ridge_all_views_a100,0.5,ridge_all_views_a100__w0.50,754075,151,128570076.24129888,13.057579519494878,9.84336393902647,18.65421884247945,23.403550047178783,46.77413504422966,0.2982511317716058,0.4304095224887438
repeated:v1:3,repeated,v1,3,ridge_all_views_a100,0.75,ridge_all_views_a100__w0.75,754075,151,142387751.01634902,13.741338684510383,9.841712217690228,19.50092642639917,24.84071222677491,49.938514934513826,0.3087313730757481,0.43717189766608544
repeated:v1:3,repeated,v1,3,ridge_all_views_a100,1.0,ridge_all_views_a100__w1.00,754075,151,159996221.82955742,14.566244392024007,10.49019007540372,21.729278679632007,25.57490192948857,53.114976223098424,0.3157436909266521,0.44647738510192625
repeated:v1:3,repeated,v1,3,ridge_all_views_no_indicator_a1,0.25,ridge_all_views_no_indicator_a1__w0.25,754075,151,116431805.72204097,12.425919766504919,9.36168950887166,17.89129799326971,21.599737427211714,41.45050125500832,0.29107156527597905,0.41652974062578996
repeated:v1:3,repeated,v1,3,ridge_all_views_no_indicator_a1,0.5,ridge_all_views_no_indicator_a1__w0.50,754075,151,123214427.81553914,12.782726914499564,10.206819440312996,18.176213492106154,21.5788421215343,42.42005490584674,0.29028842911725217,0.41869534462919
repeated:v1:3,repeated,v1,3,ridge_all_views_no_indicator_a1,0.75,ridge_all_views_no_indicator_a1__w0.75,754075,151,132654981.08616789,13.263389074964753,10.524542370149504,19.878904802706675,21.924825669435656,43.40079691905976,0.28482161690360985,0.41733853143331123
repeated:v1:3,repeated,v1,3,ridge_all_views_no_indicator_a1,1.0,ridge_all_views_no_indicator_a1__w1.00,754075,151,144753465.5339272,13.855021804143293,10.962053920344903,20.17101042296159,22.36825233760488,44.39198575502891,0.28161817058262456,0.41705693164648167
repeated:v1:3,repeated,v1,3,ridge_all_views_original_boost4_a1,0.25,ridge_all_views_original_boost4_a1__w0.25,754075,151,115869993.55022365,12.395904451498119,9.321125870449029,17.49341939592093,21.606848747654716,41.23407844577015,0.2910013106923145,0.41735633587009546
repeated:v1:3,repeated,v1,3,ridge_all_views_original_boost4_a1,0.5,ridge_all_views_original_boost4_a1__w0.50,754075,151,121650940.71096969,12.701366984887057,10.010582233170517,17.867789381403927,21.74435871483694,41.98471228387473,0.291163421702274,0.4197002177691097
repeated:v1:3,repeated,v1,3,ridge_all_views_original_boost4_a1,0.75,ridge_all_views_original_boost4_a1__w0.75,754075,151,129649956.28791149,13.112301175425191,10.370906246040517,19.142603787164187,21.910086078949,42.74434093891369,0.28735647489458815,0.420277435975717
repeated:v1:3,repeated,v1,3,ridge_all_views_original_boost4_a1,1.0,ridge_all_views_original_boost4_a1__w1.00,754075,151,139867040.28104907,13.619163104299199,10.89374293174871,19.969289544449303,22.073890120579726,43.51249332661804,0.2845838751986519,0.41945640056224814
repeated:v1:3,repeated,v1,3,ridge_all_views_original_boost4_a10,0.25,ridge_all_views_original_boost4_a10__w0.25,754075,151,117030925.33965223,12.457848584986305,9.32753274432359,17.5298077882716,22.388009777168946,42.38884434392832,0.2936735114863762,0.41899281844535835
repeated:v1:3,repeated,v1,3,ridge_all_views_original_boost4_a10,0.5,ridge_all_views_original_boost4_a10__w0.50,754075,151,124224490.63964297,12.835013829424405,9.963633846747353,18.389256567788728,22.395724166706913,44.295731234505624,0.2964615303510484,0.42263501814974946
repeated:v1:3,repeated,v1,3,ridge_all_views_original_boost4_a10,0.75,ridge_all_views_original_boost4_a10__w0.75,754075,151,133887810.70564562,13.324878223756643,10.132199290173936,19.26518789056602,22.16608779178912,46.21224084369819,0.2952210596551226,0.4252440994545003
repeated:v1:3,repeated,v1,3,ridge_all_views_original_boost4_a10,1.0,ridge_all_views_original_boost4_a10__w1.00,754075,151,146020885.53766015,13.915544919108632,10.454749942217143,20.208266215878428,23.306295616629065,48.13722384395485,0.29436607692605204,0.428904086525728
repeated:v1:3,repeated,v1,3,ridge_per_view_ensemble_a1,0.25,ridge_per_view_ensemble_a1__w0.25,754075,151,112988429.93989465,12.240797558766625,9.27266244466923,17.346545274259466,21.287335537025786,40.49429643364508,0.2879256668357938,0.41427091349094164
repeated:v1:3,repeated,v1,3,ridge_per_view_ensemble_a1,0.5,ridge_per_view_ensemble_a1__w0.50,754075,151,114665530.19222984,12.33130871162095,9.376983189948117,17.11278628159445,20.872363709774792,40.49755272498274,0.28727068035340153,0.41268374386754486
repeated:v1:3,repeated,v1,3,ridge_per_view_ensemble_a1,0.75,ridge_per_view_ensemble_a1__w0.75,754075,151,117338415.56267892,12.474203893335556,9.792522758588284,17.753609235434887,20.739829679624428,40.50270806513011,0.2844177610950981,0.4105821597488707
repeated:v1:3,repeated,v1,3,ridge_per_view_ensemble_a1,1.0,ridge_per_view_ensemble_a1__w1.00,754075,151,121007086.0512419,12.667710510125127,10.192109377246126,17.60870572942602,20.99339654096105,40.50976172905881,0.2795829885613567,0.4080196608680331
repeated:v1:3,repeated,v1,3,extra_trees_all_views,0.25,extra_trees_all_views__w0.25,754075,151,119425973.5334722,12.584678459453057,9.604203307990566,18.365376363878404,22.014986774629588,44.58016757571552,0.2953169576344579,0.42612874781418425
repeated:v1:3,repeated,v1,3,extra_trees_all_views,0.5,extra_trees_all_views__w0.50,754075,151,132138320.03653808,13.237534931021424,9.548285005707466,19.750824262048088,22.515074730374028,48.71230408230279,0.3041471950270855,0.4318730955694877
repeated:v1:3,repeated,v1,3,extra_trees_all_views,0.75,extra_trees_all_views__w0.75,754075,151,150444154.314871,14.12473756001521,10.126978118375996,20.691166363158164,22.931829335945068,52.87882227529482,0.31387716380004027,0.4430301793106275
repeated:v1:3,repeated,v1,3,extra_trees_all_views,1.0,extra_trees_all_views__w1.00,754075,151,174343476.36847103,15.20532052262293,10.726211148873787,21.909753826866325,26.399567824871927,57.07219261361284,0.32460837605065673,0.4611347958168332
repeated:v1:3,repeated,v1,3,hist_gradient_all_views,0.25,hist_gradient_all_views__w0.25,754075,151,118023628.38624589,12.510573236650895,9.491621922464956,18.08433914452335,22.40974345773232,43.980590638837,0.2999020714670798,0.4306606130362591
repeated:v1:3,repeated,v1,3,hist_gradient_all_views,0.5,hist_gradient_all_views__w0.50,754075,151,129303994.55469808,13.094794865162433,9.60005393641824,19.269019275329608,23.05329753981752,47.52081759625952,0.31506835227080293,0.4443091945701963
repeated:v1:3,repeated,v1,3,hist_gradient_all_views,0.75,hist_gradient_all_views__w0.75,754075,151,146148213.31102994,13.921610658467964,9.779966168885414,20.089383770762158,24.192052635927492,51.102694818049315,0.3297148473455023,0.4602709015327107
repeated:v1:3,repeated,v1,3,hist_gradient_all_views,1.0,hist_gradient_all_views__w1.00,754075,151,168556284.65524146,14.95082656596146,9.801005511271496,22.78749363603061,26.482444188587106,54.718043558684585,0.3462129435934413,0.48015344944262117
repeated:v1:3,repeated,v1,3,knn25_all_views,0.25,knn25_all_views__w0.25,754075,151,118474030.43471897,12.534421944960455,9.527554594663181,18.521995761661792,22.847245373961385,44.6397931520687,0.3160515880488699,0.44670174275462154
repeated:v1:3,repeated,v1,3,knn25_all_views,0.5,knn25_all_views__w0.50,754075,151,134300378.32103184,13.34539235692001,9.784614606954928,18.321941399409788,24.201118589270564,48.80568774436674,0.3445680787916959,0.4635908018626381
repeated:v1:3,repeated,v1,3,knn25_all_views,0.75,knn25_all_views__w0.75,754075,151,159786158.464612,14.55667904331998,10.337361709970423,19.24753885284284,25.08886474326411,52.98613245050162,0.3576505089642163,0.4782756496240637
repeated:v1:3,repeated,v1,3,knn25_all_views,1.0,knn25_all_views__w1.00,754075,151,194931370.86545944,16.078058226184602,11.523826489513807,21.523962532923907,27.18153749545628,57.177935956484916,0.36406590762625396,0.4885119824029478
repeated:v1:4,repeated,v1,4,ridge_original_a1,0.25,ridge_original_a1__w0.25,755984,153,126451147.07756953,12.933172932494298,8.535490441386962,18.111417438963603,21.542833134908705,55.89392848222488,0.4060141276322392,0.5350994356771908
repeated:v1:4,repeated,v1,4,ridge_original_a1,0.5,ridge_original_a1__w0.50,755984,153,126571339.88045233,12.939318013544556,8.510628321160015,17.996338192087666,21.84487179881537,56.39829485286744,0.4026318102749419,0.5287840798507427
repeated:v1:4,repeated,v1,4,ridge_original_a1,0.75,ridge_original_a1__w0.75,755984,153,127812198.4200299,13.002589460121234,8.741871694831005,18.039583729552614,22.024313879957376,56.97247636031913,0.39777731853002796,0.5217121499753209
repeated:v1:4,repeated,v1,4,ridge_original_a1,1.0,ridge_original_a1__w1.00,755984,153,130173722.69630218,13.122160955431637,8.868335781498516,18.2702096878575,21.61874187283117,57.61438572200969,0.3926420735283953,0.5130519420505282
repeated:v1:4,repeated,v1,4,ridge_original_a10,0.25,ridge_original_a10__w0.25,755984,153,126713527.65969217,12.946583862521454,8.664393279587008,18.67335502582582,22.19448259889579,53.81385344054938,0.4046003824062234,0.5358056335459018
repeated:v1:4,repeated,v1,4,ridge_original_a10,0.5,ridge_original_a10__w0.50,755984,153,127035899.11868644,12.963042081548531,8.766329897354138,18.198560048495548,22.347895795757154,52.18386478661157,0.4004665584384966,0.5310627392357994
repeated:v1:4,repeated,v1,4,ridge_original_a10,0.75,ridge_original_a10__w0.75,755984,153,128418734.38836426,13.033405000345866,9.152671628488939,17.894469861550814,22.990319929177243,50.57300233387079,0.3952864733600084,0.5247285919260568
repeated:v1:4,repeated,v1,4,ridge_original_a10,1.0,ridge_original_a10__w1.00,755984,153,130862033.46872562,13.156807796514643,9.460660777301195,17.857145285132496,23.639005172580617,48.98315307433723,0.38921922830979716,0.5183026285002368
repeated:v1:4,repeated,v1,4,ridge_original_a100,0.25,ridge_original_a100__w0.25,755984,153,130729462.52045086,13.150141797177408,8.575625367117611,18.660300466170412,22.779728573783828,55.99133407286679,0.42296979920447864,0.5537226860728162
repeated:v1:4,repeated,v1,4,ridge_original_a100,0.5,ridge_original_a100__w0.50,755984,153,136765963.45829615,13.450322965640245,8.5178247954946,18.508558570316538,24.150432494864365,56.56188313588186,0.43703388098062895,0.5657640844786345
repeated:v1:4,repeated,v1,4,ridge_original_a100,0.75,ridge_original_a100__w0.75,755984,153,145561122.82491732,13.876067266679726,8.707551596014387,18.374311244799692,25.65692687081924,57.17171675816423,0.4482404756435251,0.5745886270863587
repeated:v1:4,repeated,v1,4,ridge_original_a100,1.0,ridge_original_a100__w1.00,755984,153,157114940.6203144,14.416254507119586,8.900077430621264,20.12978444992002,26.062106317598655,57.81959192916511,0.45514745789999467,0.5804335949108881
repeated:v1:4,repeated,v1,4,ridge_backtest_single_a1,0.25,ridge_backtest_single_a1__w0.25,755984,153,129850084.47665834,13.105838630044595,8.614612662135526,18.344220990441073,21.831702192097545,57.516382748419026,0.4086149128962673,0.539147797873789
repeated:v1:4,repeated,v1,4,ridge_backtest_single_a1,0.5,ridge_backtest_single_a1__w0.50,755984,153,134431230.60474676,13.335023492596873,9.105770786323761,18.659473797124086,22.18610062973549,59.630457559376936,0.405969935235141,0.5350716800250616
repeated:v1:4,repeated,v1,4,ridge_backtest_single_a1,0.75,ridge_backtest_single_a1__w0.75,755984,153,141195058.39564675,13.66637856423468,9.248965932884968,18.69221871970212,22.526031591427206,61.79745425223008,0.40078436236011267,0.5297058793664107
repeated:v1:4,repeated,v1,4,ridge_backtest_single_a1,1.0,ridge_backtest_single_a1__w1.00,755984,153,150141567.8493583,14.092698844982008,9.304838826935125,19.151373189594846,23.001501440514684,64.0119983628857,0.3998434425223747,0.5226865537854256
repeated:v1:4,repeated,v1,4,ridge_backtest_single_a10,0.25,ridge_backtest_single_a10__w0.25,755984,153,128066241.27547397,13.015505188180112,8.536292968376383,18.4987743671055,22.24730434648584,54.19485926549092,0.40459592854701104,0.5349365604014361
repeated:v1:4,repeated,v1,4,ridge_backtest_single_a10,0.5,ridge_backtest_single_a10__w0.50,755984,153,130613598.79701486,13.144313110573535,8.744835750988939,18.623412836641744,23.0478799163946,52.94627152226284,0.3983011543324112,0.5267703963515918
repeated:v1:4,repeated,v1,4,ridge_backtest_single_a10,0.75,ridge_backtest_single_a10__w0.75,755984,153,135093692.57600415,13.367839860751804,9.46710350435371,18.413101176235067,24.075699274862753,51.7168105274373,0.38972156216976706,0.5170027656016158
repeated:v1:4,repeated,v1,4,ridge_backtest_single_a10,1.0,ridge_backtest_single_a10__w1.00,755984,153,141506522.6124418,13.68144369155799,9.588288468958751,18.57897028739151,25.097987612623253,50.50787304838102,0.38051217713265606,0.5104142192403766
repeated:v1:4,repeated,v1,4,ridge_backtest_cumulative_a1,0.25,ridge_backtest_cumulative_a1__w0.25,755984,153,127468859.2485308,12.98511342704829,8.568828128196856,18.20635885570488,21.295507157012423,54.777319379802904,0.40271306872421847,0.5315829629601034
repeated:v1:4,repeated,v1,4,ridge_backtest_cumulative_a1,0.5,ridge_backtest_cumulative_a1__w0.50,755984,153,129023466.45591474,13.064056528313731,8.853939636064835,18.052611752947225,21.044138846226872,54.16342721339676,0.3950564887007745,0.5226563586626248
repeated:v1:4,repeated,v1,4,ridge_backtest_cumulative_a1,0.75,ridge_backtest_cumulative_a1__w0.75,755984,153,132115441.63353328,13.219666175511001,8.672211339985207,18.137676304424097,21.392711659986357,53.62201214440206,0.38717468772778324,0.5127269764915144
repeated:v1:4,repeated,v1,4,ridge_backtest_cumulative_a1,1.0,ridge_backtest_cumulative_a1__w1.00,755984,153,136744784.78138644,13.449281511078162,9.144865490636686,18.808575045818507,22.417103724105928,53.15528887304962,0.3806662835191774,0.5042831603588899
repeated:v1:4,repeated,v1,4,ridge_backtest_cumulative_a10,0.25,ridge_backtest_cumulative_a10__w0.25,755984,153,127286133.47462751,12.975803051784895,8.730341121109687,18.602050120540763,22.174864655685507,53.5170528623457,0.40478395222645147,0.533020141161904
repeated:v1:4,repeated,v1,4,ridge_backtest_cumulative_a10,0.5,ridge_backtest_cumulative_a10__w0.50,755984,153,128591724.02750267,13.042180531641753,8.858222424153798,18.089294351269974,22.442255438443922,51.59088240260707,0.4003228522217467,0.5248664245951684
repeated:v1:4,repeated,v1,4,ridge_backtest_cumulative_a10,0.75,ridge_backtest_cumulative_a10__w0.75,755984,153,131368391.67000693,13.182237729256137,9.23070483718384,17.63440269994294,22.78669026935645,49.684870929167104,0.39439312568195034,0.5157190557344391
repeated:v1:4,repeated,v1,4,ridge_backtest_cumulative_a10,1.0,ridge_backtest_cumulative_a10__w1.00,755984,153,135616136.4021403,13.393663443239744,9.327862519760508,17.727030753255967,23.36766154616571,47.80142993233768,0.3872779462686702,0.5085573655995008
repeated:v1:4,repeated,v1,4,ridge_slope_single_a1,0.25,ridge_slope_single_a1__w0.25,755984,153,131042316.24853122,13.165867450607326,8.71443178546423,18.45824637516608,21.980729095872537,60.01742464343394,0.41983664589172043,0.5483811896203918
repeated:v1:4,repeated,v1,4,ridge_slope_single_a1,0.5,ridge_slope_single_a1__w0.50,755984,153,136982124.8329671,13.460948022922162,8.995540199027962,18.318835000174737,22.286371710885923,64.6300819568538,0.429165404801269,0.555396821631186
repeated:v1:4,repeated,v1,4,ridge_slope_single_a1,0.75,ridge_slope_single_a1__w0.75,755984,153,145271045.76468912,13.862234122012982,9.118467075919336,18.74530703942932,22.806882031675666,69.28796791637426,0.4356929780027944,0.5590242884042954
repeated:v1:4,repeated,v1,4,ridge_slope_single_a1,1.0,ridge_slope_single_a1__w1.00,755984,153,155909079.0436973,14.36082536834246,9.721872850121748,18.941103857188768,23.342420826299477,73.98254032893763,0.43957108476931855,0.5601883163274075
repeated:v1:4,repeated,v1,4,ridge_slope_single_a10,0.25,ridge_slope_single_a10__w0.25,755984,153,128593290.04174761,13.042259946465958,8.715082310200481,18.757597361329342,22.354924148951703,55.34987620948246,0.40734032680104176,0.5388002385121844
repeated:v1:4,repeated,v1,4,ridge_slope_single_a10,0.5,ridge_slope_single_a10__w0.50,755984,153,131214017.43283398,13.17449006612579,9.187500918905014,18.13610392270276,22.79170451526356,55.25484158261913,0.40491109281201526,0.5366425279923344
repeated:v1:4,repeated,v1,4,ridge_slope_single_a10,0.75,ridge_slope_single_a10__w0.75,755984,153,135313802.18464062,13.378725611235174,9.670688248065792,18.035319419780173,23.104957837252854,55.17626269482486,0.40080925037011694,0.5328023653974693
repeated:v1:4,repeated,v1,4,ridge_slope_single_a10,1.0,ridge_slope_single_a10__w1.00,755984,153,140892644.2971675,13.651735272338414,9.724465417149641,18.15483743179312,24.119590781659888,55.11420993127804,0.3969101223614619,0.5286875312430968
repeated:v1:4,repeated,v1,4,ridge_local_long_a1,0.25,ridge_local_long_a1__w0.25,755984,153,131179470.84096341,13.172755633701346,8.636601781182618,18.1409158959821,21.69367578939899,58.90451331934318,0.41157930530441633,0.5396668224217058
repeated:v1:4,repeated,v1,4,ridge_local_long_a1,0.5,ridge_local_long_a1__w0.50,755984,153,137180538.1556607,13.470693327201197,8.859223220520505,18.953766054443744,21.6461053312488,62.41278529347067,0.41287368459996937,0.5399894900777048
repeated:v1:4,repeated,v1,4,ridge_local_long_a1,0.75,ridge_local_long_a1__w0.75,755984,153,145454821.9554733,13.87099961062021,9.611944912937863,19.455242616156106,21.982967969631094,65.97572307540842,0.41173445751665866,0.5371917412281285
repeated:v1:4,repeated,v1,4,ridge_local_long_a1,1.0,ridge_local_long_a1__w1.00,755984,153,156002322.2404013,14.365119053881182,10.092929773403524,20.208566237850878,22.704205506094002,69.58493005738394,0.4091266192786349,0.5334829814594345
repeated:v1:4,repeated,v1,4,ridge_local_long_a10,0.25,ridge_local_long_a10__w0.25,755984,153,128827921.68595642,13.054152994258835,8.482250282111826,18.652869755068195,22.33953841428397,54.87763349313403,0.4048405095771797,0.5346029618450048
repeated:v1:4,repeated,v1,4,ridge_local_long_a10,0.5,ridge_local_long_a10__w0.50,755984,153,132031421.36666322,13.215461910982691,8.675254649122847,18.421193022711204,22.510108299432392,54.310716681862466,0.3988380095987376,0.5265580580394745
repeated:v1:4,repeated,v1,4,ridge_local_long_a10,0.75,ridge_local_long_a10__w0.75,755984,153,137062119.05350187,13.464877881967643,9.250711654532067,18.142643871266852,23.314945157717506,53.76106086467021,0.39003839867311574,0.5196327706492266
repeated:v1:4,repeated,v1,4,ridge_local_long_a10,1.0,ridge_local_long_a10__w1.00,755984,153,143920014.74647242,13.797623670926756,9.55100774167269,18.581754655778177,24.71572013461901,53.229200766106466,0.3796339516398975,0.5125562673435732
repeated:v1:4,repeated,v1,4,ridge_all_views_a1,0.25,ridge_all_views_a1__w0.25,755984,153,130175437.71677293,13.122247396458555,8.4958620873906,18.23178177875539,22.020774808960567,58.42146773774779,0.4090889967468668,0.538910869285682
repeated:v1:4,repeated,v1,4,ridge_all_views_a1,0.5,ridge_all_views_a1__w0.50,755984,153,135148304.4814104,13.370541576230082,9.046853804690228,18.956957841843202,22.32807549962055,61.43869684808678,0.40809224809750344,0.5381906686558736
repeated:v1:4,repeated,v1,4,ridge_all_views_a1,0.75,ridge_all_views_a1__w0.75,755984,153,142370220.30529398,13.723133130974531,9.355410946554654,18.927795359127764,22.56215867430847,64.50496517709018,0.4048967147077168,0.5355160585172148
repeated:v1:4,repeated,v1,4,ridge_all_views_a1,1.0,ridge_all_views_a1__w1.00,755984,153,151841185.18842354,14.172239745365736,9.514180835672931,18.983841436273007,22.745538213016683,67.61360128666594,0.39995812964450683,0.530974398010344
repeated:v1:4,repeated,v1,4,ridge_all_views_a10,0.25,ridge_all_views_a10__w0.25,755984,153,128192724.55998638,13.021930915819642,8.367715333181597,18.650268512800714,22.294721846823414,54.74084709822207,0.40376831811357133,0.5347110861551149
repeated:v1:4,repeated,v1,4,ridge_all_views_a10,0.5,ridge_all_views_a10__w0.50,755984,153,130808523.4098334,13.154117583297504,8.804008762398054,17.97018420462462,22.84379748650229,54.03765963935501,0.3967380342932795,0.5267695141264174
repeated:v1:4,repeated,v1,4,ridge_all_views_a10,0.75,ridge_all_views_a10__w0.75,755984,153,135299016.5609225,13.377994650300199,9.429992628583241,18.28965587412749,23.855289414621637,53.35240157692961,0.38699201155005564,0.5197494176608264
repeated:v1:4,repeated,v1,4,ridge_all_views_a10,1.0,ridge_all_views_a10__w1.00,755984,153,141664204.01325375,13.68906421860574,9.378999435545264,18.79236423999975,23.90433542754662,52.68577251224922,0.377203967402042,0.5112370445692639
repeated:v1:4,repeated,v1,4,ridge_all_views_a100,0.25,ridge_all_views_a100__w0.25,755984,153,130412575.7711459,13.134194229099775,8.4259136200378,18.65993979258199,22.70523957479826,55.79657147888812,0.41952086840859343,0.5502175106024586
repeated:v1:4,repeated,v1,4,ridge_all_views_a100,0.5,ridge_all_views_a100__w0.50,755984,153,136361957.98805818,13.430442204172099,8.609130298411058,18.22759689095631,24.183966098322887,56.174476976050634,0.42929849877981335,0.5592450261993663
repeated:v1:4,repeated,v1,4,ridge_all_views_a100,0.75,ridge_all_views_a100__w0.75,755984,153,145299766.66211838,13.863604374859273,8.579395232689453,19.01513724395235,24.624134268585603,56.59414478040043,0.43609843168999374,0.5648472281169709
repeated:v1:4,repeated,v1,4,ridge_all_views_a100,1.0,ridge_all_views_a100__w1.00,755984,153,157226001.79332644,14.421348877159442,8.926036215156904,19.96706774144547,24.291963876974346,57.05465334637409,0.4385800445233686,0.5679836897091785
repeated:v1:4,repeated,v1,4,ridge_all_views_no_indicator_a1,0.25,ridge_all_views_no_indicator_a1__w0.25,755984,153,130121371.57086778,13.119522062722089,8.445815114104647,18.242472513224964,22.05899878561278,58.30934153661984,0.4088972653063835,0.5385627140216088
repeated:v1:4,repeated,v1,4,ridge_all_views_no_indicator_a1,0.5,ridge_all_views_no_indicator_a1__w0.50,755984,153,135010827.3495534,13.363739376947144,9.048778777069332,18.79431927577707,22.31618986100951,61.21433537142515,0.40766979469682907,0.5376733976220395
repeated:v1:4,repeated,v1,4,ridge_all_views_no_indicator_a1,0.75,ridge_all_views_no_indicator_a1__w0.75,755984,153,142119987.34743834,13.711067790259708,9.287715257184113,18.82025783574028,22.501815390324012,64.1685314840211,0.4042148948320956,0.5348805651839498
repeated:v1:4,repeated,v1,4,ridge_all_views_no_indicator_a1,1.0,ridge_all_views_no_indicator_a1__w1.00,755984,153,151448851.56452256,14.153918489119555,9.543324766568572,19.1788260910137,22.577443382573325,67.16543786789201,0.39906684972427536,0.5302252500145764
repeated:v1:4,repeated,v1,4,ridge_all_views_original_boost4_a1,0.25,ridge_all_views_original_boost4_a1__w0.25,755984,153,130439547.76920786,13.135552369387497,8.513149350899917,18.27715920443779,21.933913747326585,58.54439746192909,0.4114565044203144,0.5410229179150969
repeated:v1:4,repeated,v1,4,ridge_all_views_original_boost4_a1,0.5,ridge_all_views_original_boost4_a1__w0.50,755984,153,135406629.69351077,13.383313838119555,9.20850061182359,18.82774445728267,22.273110891508196,61.68566444631568,0.41285322672668967,0.5420114411224394
repeated:v1:4,repeated,v1,4,ridge_all_views_original_boost4_a1,0.75,ridge_all_views_original_boost4_a1__w0.75,755984,153,142352865.78429022,13.72229670022449,9.608262416539704,18.781300322862734,22.61681272499622,64.87663655917888,0.41196864194540866,0.5410686917847252
repeated:v1:4,repeated,v1,4,ridge_all_views_original_boost4_a1,1.0,ridge_all_views_original_boost4_a1__w1.00,755984,153,151278256.0415462,14.145944590839102,9.563505715767906,19.154782849039723,22.936842417891683,68.11032809585727,0.4091517207959067,0.5379926001966681
repeated:v1:4,repeated,v1,4,ridge_all_views_original_boost4_a10,0.25,ridge_all_views_original_boost4_a10__w0.25,755984,153,128324695.67539868,13.028632063207205,8.459355682227073,18.70335756547312,22.372127829978588,54.771957137308775,0.40529557796318433,0.5361405431986579
repeated:v1:4,repeated,v1,4,ridge_all_views_original_boost4_a10,0.5,ridge_all_views_original_boost4_a10__w0.50,755984,153,130905283.6443148,13.158981793140425,8.667278231365989,18.04529032628848,22.832843687494993,54.09974034468656,0.4000470321889791,0.5296280146996797
repeated:v1:4,repeated,v1,4,ridge_all_views_original_boost4_a10,0.75,ridge_all_views_original_boost4_a10__w0.75,755984,153,135193383.91812983,13.37277129798683,9.154052591124003,18.186577505187596,23.83786333626869,53.44527714734352,0.39219997263965256,0.5237938406105702
repeated:v1:4,repeated,v1,4,ridge_all_views_original_boost4_a10,1.0,ridge_all_views_original_boost4_a10__w1.00,755984,153,141188996.49684376,13.666085193156388,9.708043262016098,18.44519931334333,24.857439992151413,52.80922760874986,0.38345816075842104,0.5168938845583382
repeated:v1:4,repeated,v1,4,ridge_per_view_ensemble_a1,0.25,ridge_per_view_ensemble_a1__w0.25,755984,153,128718130.4514109,13.048589227313178,8.652062251899967,18.091937325552188,21.54373463516748,56.92415313256522,0.409260793218415,0.5382801607208118
repeated:v1:4,repeated,v1,4,ridge_per_view_ensemble_a1,0.5,ridge_per_view_ensemble_a1__w0.50,755984,153,131269830.65424637,13.17729172013001,9.076784259745697,18.250046736454447,21.320518754904665,58.45312557807422,0.40892652945602126,0.5368963972135915
repeated:v1:4,repeated,v1,4,ridge_per_view_ensemble_a1,0.75,ridge_per_view_ensemble_a1__w0.75,755984,153,135106720.6198879,13.368484423064167,9.340900851301763,18.711598229274788,21.326156065907455,60.04314981062824,0.4076937040276079,0.5345351403894203
repeated:v1:4,repeated,v1,4,ridge_per_view_ensemble_a1,1.0,ridge_per_view_ensemble_a1__w1.00,755984,153,140228800.34833542,13.619535854795515,9.6467310221535,18.55308361364706,21.98493127813362,61.68950524899703,0.4086216073951688,0.5306153462622603
repeated:v1:4,repeated,v1,4,extra_trees_all_views,0.25,extra_trees_all_views__w0.25,755984,153,129123558.58018507,13.069122876722224,8.18776900212791,19.036301239543246,23.43355720473346,54.61881747825543,0.4165056198793157,0.5572646424192216
repeated:v1:4,repeated,v1,4,extra_trees_all_views,0.5,extra_trees_all_views__w0.50,755984,153,135704151.36991423,13.3980089867797,8.40441668968578,19.57746066993475,24.642794904812938,53.797677748437714,0.42399132345956453,0.5661368147304988
repeated:v1:4,repeated,v1,4,extra_trees_all_views,0.75,extra_trees_all_views__w0.75,755984,153,147193398.38056892,13.953651247463704,8.701044162167893,20.443467236411532,24.619981376758993,52.998853991645134,0.4258919811766621,0.5668250209835207
repeated:v1:4,repeated,v1,4,extra_trees_all_views,1.0,extra_trees_all_views__w1.00,755984,153,163591299.6121492,14.710376872973429,9.124852246175989,21.520223593947147,25.490825347382735,52.22337027262685,0.4260780920715241,0.5647876454118914
repeated:v1:4,repeated,v1,4,hist_gradient_all_views,0.25,hist_gradient_all_views__w0.25,755984,153,131452676.44106899,13.186465853389757,7.985536135301912,17.611069315983542,23.26415955686863,56.513014458088215,0.42971906711438973,0.5689684352344248
repeated:v1:4,repeated,v1,4,hist_gradient_all_views,0.5,hist_gradient_all_views__w0.50,755984,153,140748674.76384956,13.644758555024053,8.192198575841784,17.983285838263765,25.68827695642814,57.65703673574172,0.447303073675351,0.5851066845658146
repeated:v1:4,repeated,v1,4,hist_gradient_all_views,0.75,hist_gradient_all_views__w0.75,755984,153,155339614.9797232,14.334574635259086,8.65527546464614,19.56839463704258,26.933627609579837,58.8879702931096,0.45482851659746426,0.5900201292223657
repeated:v1:4,repeated,v1,4,hist_gradient_all_views,1.0,hist_gradient_all_views__w1.00,755984,153,175225497.0886899,15.224475805404515,9.018995494617219,21.27566378031387,28.496865527710575,60.200484079669614,0.4565913843584195,0.5926907136153438
repeated:v1:4,repeated,v1,4,knn25_all_views,0.25,knn25_all_views__w0.25,755984,153,132445017.66198675,13.236144837003074,8.199236431616104,18.761086585869126,22.35214559796126,58.907672016535685,0.42934835640709607,0.5673337503479217
repeated:v1:4,repeated,v1,4,knn25_all_views,0.5,knn25_all_views__w0.50,755984,153,144812819.75019205,13.840354148594527,8.558967229608827,19.460066233330924,24.395299669466876,62.40424355729657,0.44187096209474824,0.5804533264945405
repeated:v1:4,repeated,v1,4,knn25_all_views,0.75,knn25_all_views__w0.75,755984,153,164555026.27599728,14.753643124467013,9.255562795087608,20.986271944354343,25.053617281433393,65.94301459498462,0.44742915300865127,0.5856186082431651
repeated:v1:4,repeated,v1,4,knn25_all_views,1.0,knn25_all_views__w1.00,755984,153,191671637.23940253,15.922916742951603,10.384980160725377,22.376859218259558,26.570130506653253,69.51754096741078,0.4488369928063469,0.5787132928254415
repeated:v2:0,repeated,v2,0,ridge_original_a1,0.25,ridge_original_a1__w0.25,755021,151,107243789.972332,11.918087267947724,8.885271380714912,16.85445458204431,23.990420658031546,39.863487560379305,0.3354302553064523,0.47291097288974165
repeated:v2:0,repeated,v2,0,ridge_original_a1,0.5,ridge_original_a1__w0.50,755021,151,107541781.20416228,11.93463378247801,8.773007154574232,16.969307172577484,24.160127323340106,39.23753985138757,0.32711525774671857,0.47095269577416576
repeated:v2:0,repeated,v2,0,ridge_original_a1,0.75,ridge_original_a1__w0.75,755021,151,108692859.08945128,11.998335200658197,8.851267186692988,16.546347795174974,24.1910255788872,38.615266939084904,0.3173614938231797,0.46688949170194544
repeated:v2:0,repeated,v2,0,ridge_original_a1,1.0,ridge_original_a1__w1.00,755021,151,110697023.62819903,12.10844731263602,8.878826789143666,17.46482803681613,23.50336445442388,37.99684936990415,0.31027080827182524,0.46252568536713645
repeated:v2:0,repeated,v2,0,ridge_original_a10,0.25,ridge_original_a10__w0.25,755021,151,111182930.61082919,12.13499335928069,8.860410805447648,16.64918513820517,24.282282639099066,41.466053854657225,0.34985393011518096,0.4877747163140418
repeated:v2:0,repeated,v2,0,ridge_original_a10,0.5,ridge_original_a10__w0.50,755021,151,115529890.79566875,12.369942071361034,8.787284994491015,16.992829294575813,24.735430280144296,42.44833221981707,0.3551388283309649,0.4980883698626668
repeated:v2:0,repeated,v2,0,ridge_original_a10,0.75,ridge_original_a10__w0.75,755021,151,120839765.94847912,12.651016499006492,9.016417154032558,17.334683475980103,24.71692030531787,43.43915306884478,0.3579572921735858,0.5053518203517952
repeated:v2:0,repeated,v2,0,ridge_original_a10,1.0,ridge_original_a10__w1.00,755021,151,127112556.0692603,12.975219406919738,9.014425109964197,17.637866373164673,24.58933075516942,44.4379449970522,0.35875462085746046,0.5094975002799051
repeated:v2:0,repeated,v2,0,ridge_original_a100,0.25,ridge_original_a100__w0.25,755021,151,114362440.77124962,12.307283145925833,8.682067169925274,16.152809814720154,24.58680104657141,43.121033173600956,0.3644937874002919,0.49643567148029577
repeated:v2:0,repeated,v2,0,ridge_original_a100,0.5,ridge_original_a100__w0.50,755021,151,123530183.97655205,12.79107450261415,9.058068147041777,16.550090730820937,25.377786929368074,45.77158728552239,0.38078734433086203,0.5144833694728977
repeated:v2:0,repeated,v2,0,ridge_original_a100,0.75,ridge_original_a100__w0.75,755021,151,135302115.00986776,13.3866767680899,8.61670285900271,17.76691763515938,26.310984131441405,51.091548880228856,0.39115704533383366,0.5281417194128672
repeated:v2:0,repeated,v2,0,ridge_original_a100,1.0,ridge_original_a100__w1.00,755021,151,149678233.87119672,14.07990775252687,9.09496852077094,19.111125338010904,27.23930545792568,57.01599226880916,0.40027644941768037,0.5380369013756108
repeated:v2:0,repeated,v2,0,ridge_backtest_single_a1,0.25,ridge_backtest_single_a1__w0.25,755021,151,111460252.1812463,12.150117980978992,8.636341604909873,16.626279153342622,24.07217781657628,40.99542006893352,0.3474589961296706,0.48645284668783656
repeated:v2:0,repeated,v2,0,ridge_backtest_single_a1,0.5,ridge_backtest_single_a1__w0.50,755021,151,116920739.06657432,12.444179312071732,8.734602994572743,17.215855809343378,24.326517443767415,41.5258492719569,0.34824077006174614,0.4933507030200336
repeated:v2:0,repeated,v2,0,ridge_backtest_single_a1,0.75,ridge_backtest_single_a1__w0.75,755021,151,124180346.04994452,12.824691216511448,8.91210076578602,17.53399655428941,25.316211468226896,42.08317044645693,0.34488133545419486,0.4948071327491826
repeated:v2:0,repeated,v2,0,ridge_backtest_single_a1,1.0,ridge_backtest_single_a1__w1.00,755021,151,133239073.13135691,13.284226928780026,9.19386973557715,18.418505468840262,26.246972709735747,42.666329790985145,0.34183986431157726,0.4928023261232838
repeated:v2:0,repeated,v2,0,ridge_backtest_single_a10,0.25,ridge_backtest_single_a10__w0.25,755021,151,113235770.28734902,12.246508937379026,8.750942323152,16.821098489435798,24.376547438181923,42.109978356935805,0.3574489038044205,0.49391337083036707
repeated:v2:0,repeated,v2,0,ridge_backtest_single_a10,0.5,ridge_backtest_single_a10__w0.50,755021,151,120537693.43233702,12.635194242213053,8.682084401449409,17.21521861890688,24.92491187040029,43.7484505461905,0.3681540000356327,0.507900280322396
repeated:v2:0,repeated,v2,0,ridge_backtest_single_a10,0.75,ridge_backtest_single_a10__w0.75,755021,151,129704654.82892445,13.106848078636576,8.486518119779292,17.985927133757503,25.827175065160674,46.321247766415354,0.3744096702547524,0.5167641741492721
repeated:v2:0,repeated,v2,0,ridge_backtest_single_a10,1.0,ridge_backtest_single_a10__w1.00,755021,151,140736654.4771113,13.652874430218732,8.779412243395079,19.039896578336847,26.674413779709646,50.646746726160714,0.37683666217707734,0.5217558646606234
repeated:v2:0,repeated,v2,0,ridge_backtest_cumulative_a1,0.25,ridge_backtest_cumulative_a1__w0.25,755021,151,109554168.91545545,12.045780322325424,8.940686429406284,16.721815495498735,23.809003344986024,40.50148846535744,0.33795444019321824,0.47960855737075575
repeated:v2:0,repeated,v2,0,ridge_backtest_cumulative_a1,0.5,ridge_backtest_cumulative_a1__w0.50,755021,151,112699279.60670274,12.217463617067116,8.777986460919916,17.217455252315137,23.803743283139696,40.52190704732086,0.33025742789773066,0.4816170764035513
repeated:v2:0,repeated,v2,0,ridge_backtest_cumulative_a1,0.75,ridge_backtest_cumulative_a1__w0.75,755021,151,117234217.46770234,12.460850307379493,8.930232179101695,16.91527442743361,23.95928892439258,40.55417746626527,0.31942679284141917,0.4821149101646085
repeated:v2:0,repeated,v2,0,ridge_backtest_cumulative_a1,1.0,ridge_backtest_cumulative_a1__w1.00,755021,151,123158982.49845426,12.771841802160138,9.081469597299982,18.642534533174526,24.641991414801453,40.59827146012944,0.306175357461757,0.48161192602342184
repeated:v2:0,repeated,v2,0,ridge_backtest_cumulative_a10,0.25,ridge_backtest_cumulative_a10__w0.25,755021,151,111825812.66331935,12.170026275798564,8.845653621130944,16.656348726295008,24.108771286592486,41.588592442624375,0.3494091415776659,0.48798226576802134
repeated:v2:0,repeated,v2,0,ridge_backtest_cumulative_a10,0.5,ridge_backtest_cumulative_a10__w0.50,755021,151,117197280.52231666,12.458887134779967,8.798032515999378,16.539769096298883,24.39000161675134,42.69549371371922,0.35315260971117274,0.49773706042660903
repeated:v2:0,repeated,v2,0,ridge_backtest_cumulative_a10,0.75,ridge_backtest_cumulative_a10__w0.75,755021,151,123913288.97095239,12.810893671078755,8.860724243327297,16.862109875639387,24.675275100304916,43.812790914722875,0.3535381401787209,0.5028971705652193
repeated:v2:0,repeated,v2,0,ridge_backtest_cumulative_a10,1.0,ridge_backtest_cumulative_a10__w1.00,755021,151,131973838.00922653,13.221003123709151,9.172459680097306,17.895462418955503,25.546610842889876,44.93970865721837,0.3510665953490522,0.5050138756324339
repeated:v2:0,repeated,v2,0,ridge_slope_single_a1,0.25,ridge_slope_single_a1__w0.25,755021,151,110441735.89546432,12.09447709825502,8.906908480714515,16.574378520098385,24.608953723998557,40.498178144534485,0.3399208893831983,0.4787948238545983
repeated:v2:0,repeated,v2,0,ridge_slope_single_a1,0.5,ridge_slope_single_a1__w0.50,755021,151,114537542.57829742,12.31670146210321,8.844306217940865,17.24074885120582,24.73759151363817,40.52223917368662,0.33462778957370315,0.47995485831684664
repeated:v2:0,repeated,v2,0,ridge_slope_single_a1,0.75,ridge_slope_single_a1__w0.75,755021,151,120086305.44245975,12.611513996348384,9.276801923049762,18.201458207774,24.560015406982785,40.56508924318651,0.3295106738522419,0.4792329706408399
repeated:v2:0,repeated,v2,0,ridge_slope_single_a1,1.0,ridge_slope_single_a1__w1.00,755021,151,127088024.48795131,12.9739672961189,9.308795733773952,19.127849834558294,25.74281575813173,40.626668901118634,0.3238772140930092,0.4770212840029294
repeated:v2:0,repeated,v2,0,ridge_slope_single_a10,0.25,ridge_slope_single_a10__w0.25,755021,151,113065638.44089559,12.237305554201566,8.928810034189773,16.446605397215514,24.618854547664316,42.042488979756385,0.3507775494020133,0.48991521061788346
repeated:v2:0,repeated,v2,0,ridge_slope_single_a10,0.5,ridge_slope_single_a10__w0.50,755021,151,119952722.3170848,12.60449756671541,8.896219777421067,17.01281610955862,25.035352914206435,43.614083702245836,0.35530956253817325,0.500656445408464
repeated:v2:0,repeated,v2,0,ridge_slope_single_a10,0.75,ridge_slope_single_a10__w0.75,755021,151,128460137.02252807,13.04381632990657,9.198485669544487,17.607339633031696,25.330499817940566,45.20542460987789,0.35606194391683305,0.5060711987732861
repeated:v2:0,repeated,v2,0,ridge_slope_single_a10,1.0,ridge_slope_single_a10__w1.00,755021,151,138587882.5572254,13.548247260952254,9.418920541972183,19.25103596743232,25.736761998786363,46.81449808052503,0.3552828598747336,0.5069504683217876
repeated:v2:0,repeated,v2,0,ridge_local_long_a1,0.25,ridge_local_long_a1__w0.25,755021,151,111616382.76803984,12.15862478568767,8.604397245575164,16.6684640535359,24.17968458814271,40.882665024155344,0.343050724125207,0.48540422607454414
repeated:v2:0,repeated,v2,0,ridge_local_long_a1,0.5,ridge_local_long_a1__w0.50,755021,151,117127165.44616947,12.455159716746373,8.771088813642944,17.805470918499886,24.543460455805793,41.307981157754504,0.3397834617801182,0.49175492953780264
repeated:v2:0,repeated,v2,0,ridge_local_long_a1,0.75,ridge_local_long_a1__w0.75,755021,151,124331233.42834936,12.83248027750598,9.186105378297604,18.268816260857506,25.370815334723623,41.76780081587931,0.3328589143871727,0.49286717931311225
repeated:v2:0,repeated,v2,0,ridge_local_long_a1,1.0,ridge_local_long_a1__w1.00,755021,151,133228586.71457948,13.283704159152801,9.32150180275161,19.105158142057302,26.473952267562165,42.260997769503696,0.32662040073907184,0.4895483431248038
repeated:v2:0,repeated,v2,0,ridge_local_long_a10,0.25,ridge_local_long_a10__w0.25,755021,151,113597956.03098305,12.26607859208921,8.728170060754714,16.74089454808805,24.635425175778135,42.14263816132802,0.35399940160851895,0.49238423016551897
repeated:v2:0,repeated,v2,0,ridge_local_long_a10,0.5,ridge_local_long_a10__w0.50,755021,151,121219968.15498264,12.67090302753321,8.870744285453679,16.818389084947714,25.44211295950642,43.81982900282925,0.36109854066628505,0.5047341036269577
repeated:v2:0,repeated,v2,0,ridge_local_long_a10,0.75,ridge_local_long_a10__w0.75,755021,151,130664921.76595926,13.155276808890559,8.982541141483946,17.77443664240896,26.344323353723347,45.52147349724492,0.3638131468823984,0.5124626527290811
repeated:v2:0,repeated,v2,0,ridge_local_long_a10,1.0,ridge_local_long_a10__w1.00,755021,151,141932816.86391288,13.710771575059503,9.134684112134101,19.09057231840559,27.36486397163838,47.244929439741476,0.3629139329463287,0.5163066710997597
repeated:v2:0,repeated,v2,0,ridge_all_views_a1,0.25,ridge_all_views_a1__w0.25,755021,151,112224124.85398477,12.19168120873698,8.82056274501743,16.76645614785655,24.57597035405471,41.35162255208637,0.34696491375202615,0.48836293964046346
repeated:v2:0,repeated,v2,0,ridge_all_views_a1,0.5,ridge_all_views_a1__w0.50,755021,151,118721924.06274955,12.539665381816443,8.968925659976163,18.02776995372948,24.984607365747166,42.251837686674044,0.34653318823645357,0.49618056649644676
repeated:v2:0,repeated,v2,0,ridge_all_views_a1,0.75,ridge_all_views_a1__w0.75,755021,151,127292283.02025478,12.984389126115117,9.101246059821626,18.14495612468298,25.36616323615346,43.19098820438288,0.3416519084485859,0.4974898368027785
repeated:v2:0,repeated,v2,0,ridge_all_views_a1,1.0,ridge_all_views_a1__w1.00,755021,151,137935201.72650045,13.51630681683509,9.709298266084158,18.85252318054659,26.1173985978919,44.16659042987691,0.33767567886419,0.49433650660574396
repeated:v2:0,repeated,v2,0,ridge_all_views_a10,0.25,ridge_all_views_a10__w0.25,755021,151,113767981.76816063,12.275254678235516,8.808382868906898,16.837854446351916,24.734811878467884,42.420182044630664,0.35587384502043945,0.4937368806954399
repeated:v2:0,repeated,v2,0,ridge_all_views_a10,0.5,ridge_all_views_a10__w0.50,755021,151,121764080.72583781,12.699308736704108,8.839629130388175,16.765106234670373,25.349370492615275,44.37767883281867,0.3644113199011198,0.5068882094133852
repeated:v2:0,repeated,v2,0,ridge_all_views_a10,0.75,ridge_all_views_a10__w0.75,755021,151,131787182.26699199,13.211650325556219,8.684959511962019,18.256051747140344,25.79844608638711,46.3615979352118,0.36814552751831936,0.5159302404563215
repeated:v2:0,repeated,v2,0,ridge_all_views_a10,1.0,ridge_all_views_a10__w1.00,755021,151,143837286.3916232,13.802451348201316,9.027889136470089,19.671757621192945,26.560825319674237,48.368688200652144,0.36792272383337615,0.5198256639851301
repeated:v2:0,repeated,v2,0,ridge_all_views_a100,0.25,ridge_all_views_a100__w0.25,755021,151,115035803.06786534,12.343462408061503,8.70670951514969,16.313883813261516,24.7396996313145,43.38557913560669,0.36595314764650405,0.4977411234291596
repeated:v2:0,repeated,v2,0,ridge_all_views_a100,0.5,ridge_all_views_a100__w0.50,755021,151,125225363.54009932,12.878540112412342,8.966574949162561,17.061782255111073,25.662475735888954,46.30590478325523,0.3827198787216238,0.5170016517638674
repeated:v2:0,repeated,v2,0,ridge_all_views_a100,0.75,ridge_all_views_a100__w0.75,755021,151,138367566.8106624,13.537474026729262,8.945649307557751,17.610481947019487,26.57648634747735,51.817277459714646,0.39277229028269267,0.5339381712763184
repeated:v2:0,repeated,v2,0,ridge_all_views_a100,1.0,ridge_all_views_a100__w1.00,755021,151,154462412.87955457,14.303156540124087,9.39340418853589,19.314804773582694,27.503207295996024,57.98487480067244,0.40332062299068805,0.5440088384321191
repeated:v2:0,repeated,v2,0,ridge_all_views_no_indicator_a1,0.25,ridge_all_views_no_indicator_a1__w0.25,755021,151,112268098.12012856,12.194069534496395,8.822434555320042,16.82819323912683,24.563318357765667,41.40767192517808,0.3470508763255428,0.4880603712108566
repeated:v2:0,repeated,v2,0,ridge_all_views_no_indicator_a1,0.5,ridge_all_views_no_indicator_a1__w0.50,755021,151,118867751.06172495,12.547364299276198,8.990049281167893,17.938256234012638,24.959020087151398,42.36502538429474,0.3465153244800692,0.49537385764550845
repeated:v2:0,repeated,v2,0,ridge_all_views_no_indicator_a1,0.75,ridge_all_views_no_indicator_a1__w0.75,755021,151,127597844.2187496,12.999964097675958,9.01519021675201,18.31953840381089,25.5176709828782,43.36217713728081,0.3415069249937743,0.49603889209625257
repeated:v2:0,repeated,v2,0,ridge_all_views_no_indicator_a1,1.0,ridge_all_views_no_indicator_a1__w1.00,755021,151,138458377.59120253,13.541915627357607,9.70304322458869,19.118736870797598,26.265663834036403,44.396445635682625,0.33724739437982554,0.49204212266879926
repeated:v2:0,repeated,v2,0,ridge_all_views_original_boost4_a1,0.25,ridge_all_views_original_boost4_a1__w0.25,755021,151,112032031.88972074,12.18124254765643,8.763935191291063,16.670622900636385,24.534444971997875,41.21687481647726,0.3460512279861279,0.48758270857530017
repeated:v2:0,repeated,v2,0,ridge_all_views_original_boost4_a1,0.5,ridge_all_views_original_boost4_a1__w0.50,755021,151,118154786.26393187,12.509678368707364,9.014999214389688,17.89241611392183,25.019947597389926,41.9798219698656,0.34528062013518235,0.49535237617959466
repeated:v2:0,repeated,v2,0,ridge_all_views_original_boost4_a1,0.75,ridge_all_views_original_boost4_a1__w0.75,755021,151,126167148.51659386,12.926877351163334,8.969353148156271,18.101367915511172,25.164669368004198,42.77969390250479,0.34037852521161865,0.49721747301033337
repeated:v2:0,repeated,v2,0,ridge_all_views_original_boost4_a1,1.0,ridge_all_views_original_boost4_a1__w1.00,755021,151,136069118.6477067,13.424566491897576,9.518021378988816,18.44059647619106,25.918648157752134,43.61445910415884,0.33649339479571144,0.49442994234686016
repeated:v2:0,repeated,v2,0,ridge_all_views_original_boost4_a10,0.25,ridge_all_views_original_boost4_a10__w0.25,755021,151,113616212.91939853,12.267064223517167,8.862911466505269,16.734849633378687,24.704854565297463,42.30774403197206,0.35517164321960853,0.4932925472850068
repeated:v2:0,repeated,v2,0,ridge_all_views_original_boost4_a10,0.5,ridge_all_views_original_boost4_a10__w0.50,755021,151,121296878.2572486,12.67492202677964,8.854582679509162,16.735475305429706,25.254933854006737,44.1507669633975,0.3634418978864816,0.5065511866385018
repeated:v2:0,repeated,v2,0,ridge_all_views_original_boost4_a10,0.75,ridge_all_views_original_boost4_a10__w0.75,755021,151,130840881.40751062,13.164131591721397,8.730833817565204,18.090835164652184,25.797466944894357,46.01861815159972,0.3672759785866552,0.515761387811557
repeated:v2:0,repeated,v2,0,ridge_all_views_original_boost4_a10,1.0,ridge_all_views_original_boost4_a10__w1.00,755021,151,142248222.37018463,13.725997275299731,8.94284895869229,19.544772200247323,26.45069069138412,47.90839367432809,0.36741613721296285,0.5204334227468822
repeated:v2:0,repeated,v2,0,ridge_per_view_ensemble_a1,0.25,ridge_per_view_ensemble_a1__w0.25,755021,151,109167229.90785374,12.02448900500661,8.80304369624596,16.780881059303876,23.862204644447644,40.56763262234275,0.33977102133428866,0.47795487350227917
repeated:v2:0,repeated,v2,0,ridge_per_view_ensemble_a1,0.5,ridge_per_view_ensemble_a1__w0.50,755021,151,111499118.91580296,12.15223619909099,8.860004943270631,17.112445560712526,23.905223224812126,40.657283828900646,0.3351085765487537,0.4794229196645759
repeated:v2:0,repeated,v2,0,ridge_per_view_ensemble_a1,0.75,ridge_per_view_ensemble_a1__w0.75,755021,151,114794552.41780812,12.330512390891478,9.05021231546086,17.734175043118853,23.960802715950763,40.76179457195062,0.3282275128018988,0.47787166363488387
repeated:v2:0,repeated,v2,0,ridge_per_view_ensemble_a1,1.0,ridge_per_view_ensemble_a1__w1.00,755021,151,119053530.4138692,12.55716565877099,9.227176167704561,18.0496285576063,23.82591797019642,40.881050888250414,0.32027805146539107,0.4744618661605183
repeated:v2:0,repeated,v2,0,extra_trees_all_views,0.25,extra_trees_all_views__w0.25,755021,151,113280871.80848005,12.248947571357684,8.942209399883803,16.16117059880907,23.884160225545592,43.30554414401056,0.3664030527234327,0.4922136145623359
repeated:v2:0,repeated,v2,0,extra_trees_all_views,0.5,extra_trees_all_views__w0.50,755021,151,123582069.17728019,12.793760476895466,9.089295519377155,16.58115765204603,24.24060127438431,48.59828345783635,0.3825786873042987,0.504137268881581
repeated:v2:0,repeated,v2,0,extra_trees_all_views,0.75,extra_trees_all_views__w0.75,755021,151,138702477.50036085,13.553847461290104,9.216394953958934,19.01229714446702,24.606337615703996,56.22455556926287,0.39076274551819096,0.5184658879441396
repeated:v2:0,repeated,v2,0,extra_trees_all_views,1.0,extra_trees_all_views__w1.00,755021,151,158642096.77772203,14.495383340812772,10.027167344745335,20.254974138256248,25.053255980806806,63.86534740799616,0.39520610358809155,0.5305293464337886
repeated:v2:0,repeated,v2,0,hist_gradient_all_views,0.25,hist_gradient_all_views__w0.25,755021,151,113146872.84910448,12.241700840852188,8.87169155151008,16.287371833787518,23.864946520841958,42.84681133010703,0.369305369954828,0.49405761789110403
repeated:v2:0,repeated,v2,0,hist_gradient_all_views,0.5,hist_gradient_all_views__w0.50,755021,151,123435343.98376425,12.786163401927617,9.072476284793208,16.537247740453324,24.207980347466517,47.39553902348604,0.3846740777338029,0.5108086820262029
repeated:v2:0,repeated,v2,0,hist_gradient_all_views,0.75,hist_gradient_all_views__w0.75,755021,151,138664298.79793978,13.551981943340499,8.920508357940028,18.697282670546034,25.211922661535123,54.41895013362761,0.3993423258438521,0.5250483956033482
repeated:v2:0,repeated,v2,0,hist_gradient_all_views,1.0,hist_gradient_all_views__w1.00,755021,151,158833737.29163104,14.504135949184363,9.675102841400692,19.023030659508905,27.006975910344202,61.45691143785652,0.40948746723552903,0.5341164383728364
repeated:v2:0,repeated,v2,0,knn25_all_views,0.25,knn25_all_views__w0.25,755021,151,116921478.3029322,12.444218651436692,8.665533952681782,17.66668601929894,25.222836139906995,43.15643010041499,0.3533874251374995,0.48739372985519946
repeated:v2:0,repeated,v2,0,knn25_all_views,0.5,knn25_all_views__w0.50,755021,151,134566842.51034078,13.350253597593666,9.235029077619362,19.081431582247337,26.91456301940523,51.05298957033623,0.35584044610563514,0.49050038768705073
repeated:v2:0,repeated,v2,0,knn25_all_views,0.75,knn25_all_views__w0.75,755021,151,160734978.01618615,14.590685015683938,9.81138530579129,21.40380622499653,27.913597647137017,59.93543196883192,0.3523893535916531,0.4918064962939847
repeated:v2:0,repeated,v2,0,knn25_all_views,1.0,knn25_all_views__w1.00,755021,151,195425884.82046834,16.08835082179925,10.978360976541408,24.322877672473666,28.810153643164128,68.84064476538802,0.343837753993216,0.49032803468264086
repeated:v2:1,repeated,v2,1,ridge_original_a1,0.25,ridge_original_a1__w0.25,758677,154,130012917.4710313,13.090757952234402,8.886203121339896,17.546410889600228,21.18992460541616,56.41221328490226,0.39502434037726125,0.51023059236536
repeated:v2:1,repeated,v2,1,ridge_original_a1,0.5,ridge_original_a1__w0.50,758677,154,131248944.65063599,13.152837389277172,9.07570662894476,17.605628404666767,20.680032072068453,57.418626216286455,0.3933456446269533,0.5044417280679553
repeated:v2:1,repeated,v2,1,ridge_original_a1,0.75,ridge_original_a1__w0.75,758677,154,133540920.54866464,13.267183126173705,9.291040659719847,17.591404554619377,20.672866923592284,58.47765629550617,0.39199913042971435,0.5003629244916589
repeated:v2:1,repeated,v2,1,ridge_original_a1,1.0,ridge_original_a1__w1.00,758677,154,136888845.16511723,13.432460456222097,9.465380234660559,17.77389751030953,20.618599968937236,59.58649809688859,0.39216741624305446,0.4990192984006274
repeated:v2:1,repeated,v2,1,ridge_original_a10,0.25,ridge_original_a10__w0.25,758677,154,131274053.96254168,13.15409546759295,8.915709395573852,17.661336540463083,21.84182920690868,54.42088629517096,0.3901896567642499,0.5095346636763127
repeated:v2:1,repeated,v2,1,ridge_original_a10,0.5,ridge_original_a10__w0.50,758677,154,133878079.99408272,13.283920828101742,9.11191903699212,17.688194074328788,21.642851812302727,53.39972238623751,0.3821023207966316,0.5012890396857299
repeated:v2:1,repeated,v2,1,ridge_original_a10,0.75,ridge_original_a10__w0.75,758677,154,137644917.10447368,13.469504824575703,9.622392392763192,17.688053660860014,21.7223076776785,52.39891465048046,0.3722699022387253,0.49028628372088834
repeated:v2:1,repeated,v2,1,ridge_original_a10,1.0,ridge_original_a10__w1.00,758677,154,142574565.2937145,13.708583096969859,9.915626953643336,18.128117319636612,21.935212075726206,51.41965171036484,0.3611994660893594,0.47859205879927585
repeated:v2:1,repeated,v2,1,ridge_original_a100,0.25,ridge_original_a100__w0.25,758677,154,136011274.5362969,13.389334640692582,8.927080262110959,17.588170361612185,22.389763395661067,56.26697481131628,0.39861919249265515,0.52273592787136
repeated:v2:1,repeated,v2,1,ridge_original_a100,0.5,ridge_original_a100__w0.50,758677,154,145192446.57344377,13.833865616809176,9.16896705858854,18.13709671738998,23.61089617354027,57.09444931182352,0.39847601905152286,0.5228545776308615
repeated:v2:1,repeated,v2,1,ridge_original_a100,0.75,ridge_original_a100__w0.75,758677,154,157376355.1212912,14.402612699768909,9.515186063197751,19.73411360511875,24.178558493378137,57.94277230709333,0.3957806997672324,0.5201770236748954
repeated:v2:1,repeated,v2,1,ridge_original_a100,1.0,ridge_original_a100__w1.00,758677,154,172563000.17983913,15.08152930399563,9.812525812350717,20.578762138206653,26.394379952449704,58.81104161338354,0.38855699022742374,0.5198843166268535
repeated:v2:1,repeated,v2,1,ridge_backtest_single_a1,0.25,ridge_backtest_single_a1__w0.25,758677,154,134112092.25511572,13.295525577417417,8.850670483977055,17.009493359019693,21.960985126495487,57.60620991550382,0.40328632645111523,0.5197422581655109
repeated:v2:1,repeated,v2,1,ridge_backtest_single_a1,0.5,ridge_backtest_single_a1__w0.50,758677,154,141063773.55226386,13.635758143000224,9.066221467729687,18.038670133844263,21.978601941552853,59.804404623602984,0.40391222970523566,0.5189291523142494
repeated:v2:1,repeated,v2,1,ridge_backtest_single_a1,0.75,ridge_backtest_single_a1__w0.75,758677,154,150687882.90129495,14.09323541607813,9.129314122558833,19.533481191272095,22.303905926981724,62.050205268685595,0.40271869207835287,0.5223823439472087
repeated:v2:1,repeated,v2,1,ridge_backtest_single_a1,1.0,ridge_backtest_single_a1__w1.00,758677,154,162984420.302209,14.656983095288291,9.322734798164285,19.96715532732707,22.885022163624832,64.33862685305199,0.40635386924867806,0.5244104861951792
repeated:v2:1,repeated,v2,1,ridge_backtest_single_a10,0.25,ridge_backtest_single_a10__w0.25,758677,154,132841564.79884884,13.232397307101746,8.915303682084769,17.11000785974034,22.23479568203677,54.516813532217334,0.39265528588708043,0.5141451842553681
repeated:v2:1,repeated,v2,1,ridge_backtest_single_a10,0.5,ridge_backtest_single_a10__w0.50,758677,154,138546091.6962633,13.513525965204344,9.12574420270982,17.51255311168714,22.50021467865649,53.59068720164737,0.3831672010843422,0.5065822120164449
repeated:v2:1,repeated,v2,1,ridge_backtest_single_a10,0.75,ridge_backtest_single_a10__w0.75,758677,154,146946419.702094,13.917173627819185,9.322333465478572,19.221707579674806,23.68025145009298,52.68387030521939,0.37030958305454303,0.4980868560167922
repeated:v2:1,repeated,v2,1,ridge_backtest_single_a10,1.0,ridge_backtest_single_a10__w1.00,758677,154,158042548.81634083,14.433064533107128,9.472137767721213,21.079362113235483,25.248658775427884,51.797377003895235,0.35629572263111725,0.4942108933212514
repeated:v2:1,repeated,v2,1,ridge_backtest_cumulative_a1,0.25,ridge_backtest_cumulative_a1__w0.25,758677,154,132398070.11896163,13.210290506269736,8.977813838932601,17.069479212986575,21.287347546696576,57.39722032487271,0.4012266936811508,0.5158033110740556
repeated:v2:1,repeated,v2,1,ridge_backtest_cumulative_a1,0.5,ridge_backtest_cumulative_a1__w0.50,758677,154,136516818.552365,13.414195152502373,9.190995943072043,17.851329927191877,20.72840006877766,59.38858263883327,0.4042404836105788,0.5132361996988671
repeated:v2:1,repeated,v2,1,ridge_backtest_cumulative_a1,0.75,ridge_backtest_cumulative_a1__w0.75,758677,154,142189084.31006062,13.690038503131527,9.304586781220106,18.12946928755483,21.586956153636635,61.429979160871035,0.4077176827463139,0.5137822992791252
repeated:v2:1,repeated,v2,1,ridge_backtest_cumulative_a1,1.0,ridge_backtest_cumulative_a1__w1.00,758677,154,149414867.39204854,14.03357912805771,9.391819627302976,18.14041598362007,21.347269595059384,63.5165858385709,0.41324159521000486,0.5130158052458259
repeated:v2:1,repeated,v2,1,ridge_backtest_cumulative_a10,0.25,ridge_backtest_cumulative_a10__w0.25,758677,154,131994136.40538472,13.190123452910896,8.87166573524611,17.35163086359978,22.033770779601102,54.546390172826705,0.39098094299785763,0.5097746536743132
repeated:v2:1,repeated,v2,1,ridge_backtest_cumulative_a10,0.5,ridge_backtest_cumulative_a10__w0.50,758677,154,135947466.1343149,13.386193532441654,9.230513733255599,17.877359317287357,21.696851316054822,53.652152607079685,0.3821598480590212,0.499914499766645
repeated:v2:1,repeated,v2,1,ridge_backtest_cumulative_a10,0.75,ridge_backtest_cumulative_a10__w0.75,758677,154,141692828.19664103,13.66612772455857,9.621892698046514,18.202476918266047,22.541223322030483,52.779619122193104,0.37079316401101786,0.49179567403698443
repeated:v2:1,repeated,v2,1,ridge_backtest_cumulative_a10,1.0,ridge_backtest_cumulative_a10__w1.00,758677,154,149230222.59236318,14.024905197217095,9.72193558162864,19.561724287192828,22.79420814124856,51.9298837550929,0.3625978253743878,0.48181947881835535
repeated:v2:1,repeated,v2,1,ridge_slope_single_a1,0.25,ridge_slope_single_a1__w0.25,758677,154,132315117.79822879,13.206151488414221,8.901943836106017,17.56073328037325,21.535144089938584,57.80023111370878,0.3975227716701842,0.5132430924970628
repeated:v2:1,repeated,v2,1,ridge_slope_single_a1,0.5,ridge_slope_single_a1__w0.50,758677,154,136896406.06482422,13.432831414439459,9.27715198739684,17.674570448761116,21.382309020004726,60.189924281508965,0.39910583187685533,0.5149520574378015
repeated:v2:1,repeated,v2,1,ridge_slope_single_a1,0.75,ridge_slope_single_a1__w0.75,758677,154,143576703.8096369,13.756676678998806,9.253940406086713,17.125651071940602,21.687311718945494,62.62455272390621,0.4068501069555369,0.5167208156531946
repeated:v2:1,repeated,v2,1,ridge_slope_single_a1,1.0,ridge_slope_single_a1__w1.00,758677,154,152356011.03266674,14.171027396071862,9.670160669938062,18.20552727022485,21.849050326583697,65.09907505767444,0.41417296323696023,0.5180931061992453
repeated:v2:1,repeated,v2,1,ridge_slope_single_a10,0.25,ridge_slope_single_a10__w0.25,758677,154,132701241.88750885,13.225406652026727,9.05982354666748,17.732505897235026,22.005185386822905,55.55223835505881,0.39301575441438263,0.5122108348348187
repeated:v2:1,repeated,v2,1,ridge_slope_single_a10,0.5,ridge_slope_single_a10__w0.50,758677,154,137286412.02014124,13.451952289936083,9.393780991260176,17.636801479568742,21.818152416937835,55.660269792426945,0.3873799652232007,0.5046685819741021
repeated:v2:1,repeated,v2,1,ridge_slope_single_a10,0.75,ridge_slope_single_a10__w0.75,758677,154,143588349.40774772,13.757234574100337,9.75860521266652,18.9738569129297,21.947144472534788,55.785277094838136,0.3789699096185606,0.49800025392989256
repeated:v2:1,repeated,v2,1,ridge_slope_single_a10,1.0,ridge_slope_single_a10__w1.00,758677,154,151607054.05032828,14.136153269535109,10.179742056355586,20.12454831646604,22.506116084759647,55.927146430008555,0.36924162807351524,0.4908022166822787
repeated:v2:1,repeated,v2,1,ridge_local_long_a1,0.25,ridge_local_long_a1__w0.25,758677,154,135426178.4897507,13.360504346561953,8.994968387753499,17.246513346243415,22.11350509851619,58.88615151561116,0.40467674433927864,0.5174291906027045
repeated:v2:1,repeated,v2,1,ridge_local_long_a1,0.5,ridge_local_long_a1__w0.50,758677,154,143395162.43733266,13.747976813913205,9.227825511761809,17.4860367716456,21.729521912304918,62.360032173210485,0.4080246403046927,0.5149173000903036
repeated:v2:1,repeated,v2,1,ridge_local_long_a1,0.75,ridge_local_long_a1__w0.75,758677,154,153739790.8525964,14.23523640384216,9.491113173113767,18.491892450925697,21.92627047747138,65.8751707109394,0.4073357290600269,0.5162088077565947
repeated:v2:1,repeated,v2,1,ridge_local_long_a1,1.0,ridge_local_long_a1__w1.00,758677,154,166460063.7355419,14.812438806173505,9.752317072784013,19.376452600525425,22.871673185444134,69.42530051050693,0.4099963703116412,0.5177782234948768
repeated:v2:1,repeated,v2,1,ridge_local_long_a10,0.25,ridge_local_long_a10__w0.25,758677,154,133691704.50776727,13.274671145622522,8.89306204338186,17.586506975920855,22.126937950153675,55.3207769888557,0.39367787863241543,0.5129511812837424
repeated:v2:1,repeated,v2,1,ridge_local_long_a10,0.5,ridge_local_long_a10__w0.50,758677,154,139858553.27346462,13.577382611978464,9.315703257072933,17.80683629421424,22.06618603279889,55.19713826210866,0.38613589231539924,0.504493811900896
repeated:v2:1,repeated,v2,1,ridge_local_long_a10,0.75,ridge_local_long_a10__w0.75,758677,154,148333385.3069426,13.982698556858985,9.558229924838656,19.14775089437385,23.06823644893554,55.09047936122275,0.375127016833918,0.49564854315065887
repeated:v2:1,repeated,v2,1,ridge_local_long_a10,1.0,ridge_local_long_a10__w1.00,758677,154,159116200.6082012,14.482006595918147,9.84094504539388,19.502311968615455,24.47035615665417,55.00089906919356,0.3628102463783882,0.4892990432808781
repeated:v2:1,repeated,v2,1,ridge_all_views_a1,0.25,ridge_all_views_a1__w0.25,758677,154,134911617.67839134,13.335098126077101,8.92858176440912,16.94251836952965,22.144133424604714,58.86184201998378,0.40893215959308005,0.5240817889245792
repeated:v2:1,repeated,v2,1,ridge_all_views_a1,0.5,ridge_all_views_a1__w0.50,758677,154,142509250.9209391,13.70544273995125,9.097873537729633,17.223252717824202,22.02281660380719,62.3140099158086,0.41575946707315664,0.5261804761173813
repeated:v2:1,repeated,v2,1,ridge_all_views_a1,0.75,ridge_all_views_a1__w0.75,758677,154,152625738.7374938,14.183565885454284,9.220110674821246,18.492874111812394,22.317991096777504,65.80966461416058,0.4168320639926353,0.5306727669150509
repeated:v2:1,repeated,v2,1,ridge_all_views_a1,1.0,ridge_all_views_a1__w1.00,758677,154,165261081.12805554,14.758996700959234,9.649878805329458,19.25415079164254,23.155864748040408,69.34222970533865,0.4177002106515023,0.5350059131059938
repeated:v2:1,repeated,v2,1,ridge_all_views_a10,0.25,ridge_all_views_a10__w0.25,758677,154,133280271.27514657,13.25422915417945,8.872292645164102,17.255629260129574,22.1812472445862,55.29524157204639,0.39605601882905705,0.5164571736294876
repeated:v2:1,repeated,v2,1,ridge_all_views_a10,0.5,ridge_all_views_a10__w0.50,758677,154,139122704.9257484,13.541617653475695,9.195307651229975,17.341731996886722,22.303151831723547,55.14630209049301,0.3905162771406623,0.5110937362252903
repeated:v2:1,repeated,v2,1,ridge_all_views_a10,0.75,ridge_all_views_a10__w0.75,758677,154,147360139.96165606,13.936751408895928,9.433876639544282,18.117258381561285,23.083010511221406,55.014602429330054,0.381659961140602,0.5043655055294652
repeated:v2:1,repeated,v2,1,ridge_all_views_a10,1.0,ridge_all_views_a10__w1.00,758677,154,157992576.38286957,14.430782513530396,9.60571872128131,19.759298535375756,24.64150951667714,54.900266657958696,0.3688818492232809,0.49920451001052035
repeated:v2:1,repeated,v2,1,ridge_all_views_a100,0.25,ridge_all_views_a100__w0.25,758677,154,135989246.97645235,13.388250369136808,8.92046465821587,17.56242184006692,22.419215289314586,56.20871667466379,0.3997521883085062,0.523676686531299
repeated:v2:1,repeated,v2,1,ridge_all_views_a100,0.5,ridge_all_views_a100__w0.50,758677,154,145409812.3165241,13.844216995113072,9.217098733781478,18.17081580637711,23.766362659273494,56.97807708961457,0.4000936946104189,0.5244693570201331
repeated:v2:1,repeated,v2,1,ridge_all_views_a100,0.75,ridge_all_views_a100__w0.75,758677,154,158094535.03006577,14.435438130252491,9.570079707660131,19.894347364743457,24.424858874812738,57.76848721469787,0.39716618358852435,0.5228312096436208
repeated:v2:1,repeated,v2,1,ridge_all_views_a100,1.0,ridge_all_views_a100__w1.00,758677,154,174043415.11707735,15.14608323496215,9.816466292562124,20.98796973345237,26.876511978760913,58.579094982310686,0.38961844951016555,0.5235738154652672
repeated:v2:1,repeated,v2,1,ridge_all_views_no_indicator_a1,0.25,ridge_all_views_no_indicator_a1__w0.25,758677,154,134986272.663529,13.338787185200616,8.911075285824932,16.873231121691386,22.170764691613307,58.77257769449695,0.40891395291771565,0.5238250987573325
repeated:v2:1,repeated,v2,1,ridge_all_views_no_indicator_a1,0.5,ridge_all_views_no_indicator_a1__w0.50,758677,154,142697439.47340465,13.714489017618646,9.122079764125282,17.28482532639926,22.097627641424086,62.134881579799334,0.4155683037283841,0.5255267897636167
repeated:v2:1,repeated,v2,1,ridge_all_views_no_indicator_a1,0.75,ridge_all_views_no_indicator_a1__w0.75,758677,154,152966339.43947747,14.199383139982567,9.320295281718199,18.467515210251875,22.480335276746445,65.54034375453357,0.4163013322083603,0.530008901658194
repeated:v2:1,repeated,v2,1,ridge_all_views_no_indicator_a1,1.0,ridge_all_views_no_indicator_a1__w1.00,758677,154,165792972.56174743,14.782728476062468,9.64125588479277,19.245991236515856,23.006116270151704,68.98257272989972,0.41753836803353966,0.5335506755740203
repeated:v2:1,repeated,v2,1,ridge_all_views_original_boost4_a1,0.25,ridge_all_views_original_boost4_a1__w0.25,758677,154,134812151.79633668,13.330181455868189,8.952047073432809,17.00253335218844,22.163671654488603,58.77221761332328,0.40763302728958506,0.522706301561202
repeated:v2:1,repeated,v2,1,ridge_all_views_original_boost4_a1,0.5,ridge_all_views_original_boost4_a1__w0.50,758677,154,142172775.83119193,13.689253386232652,9.162415423884951,17.200810768858386,22.27839077354226,62.1343566319447,0.41359955911714236,0.524465041476855
repeated:v2:1,repeated,v2,1,ridge_all_views_original_boost4_a1,0.75,ridge_all_views_original_boost4_a1__w0.75,758677,154,151914711.11441636,14.15048928862251,9.325844456465962,18.629736642995734,22.439549799804173,65.53981943716354,0.4149982401229958,0.5294213641757067
repeated:v2:1,repeated,v2,1,ridge_all_views_original_boost4_a1,1.0,ridge_all_views_original_boost4_a1__w1.00,758677,154,164037957.6460099,14.704278430143614,9.392247487042935,18.924103854213968,23.712938404279033,68.98218999538038,0.41809025297601177,0.5333104909338641
repeated:v2:1,repeated,v2,1,ridge_all_views_original_boost4_a10,0.25,ridge_all_views_original_boost4_a10__w0.25,758677,154,133236447.11759648,13.25204989997695,8.857597221767698,17.30691467479214,22.178938950079143,55.27918894141817,0.3953439628023454,0.5157054005930825
repeated:v2:1,repeated,v2,1,ridge_all_views_original_boost4_a10,0.5,ridge_all_views_original_boost4_a10__w0.50,758677,154,138877132.20172665,13.529660867862418,9.222159755971466,17.466905644351986,22.24816478890112,55.11434007339317,0.38943173843207984,0.510051385762726
repeated:v2:1,repeated,v2,1,ridge_all_views_original_boost4_a10,0.75,ridge_all_views_original_boost4_a10__w0.75,758677,154,146754894.2622411,13.90810106278913,9.5200462524739,17.982214961865758,22.881853548927268,54.96689052817414,0.3801996029602358,0.5027069310391039
repeated:v2:1,repeated,v2,1,ridge_all_views_original_boost4_a10,1.0,ridge_all_views_original_boost4_a10__w1.00,758677,154,156869733.29913977,14.37941175680161,9.564772389084432,19.91463427047318,24.578134298453264,54.83698065952348,0.36750793882045146,0.4974398839206904
repeated:v2:1,repeated,v2,1,ridge_per_view_ensemble_a1,0.25,ridge_per_view_ensemble_a1__w0.25,758677,154,131521995.69763294,13.16651189949891,9.028789432787496,17.174070052720666,21.470336328457265,57.09122360624341,0.4000747306328865,0.5135302680489343
repeated:v2:1,repeated,v2,1,ridge_per_view_ensemble_a1,0.5,ridge_per_view_ensemble_a1__w0.50,758677,154,134380455.72405675,13.308821359124826,9.121149308745268,16.938258879854764,20.97244300202938,58.77252473611804,0.4018356444198114,0.5110405003260989
repeated:v2:1,repeated,v2,1,ridge_per_view_ensemble_a1,0.75,ridge_per_view_ensemble_a1__w0.75,758677,154,138408219.089122,13.506800373791073,9.21846901331486,17.31561509390518,20.71274403931144,60.50090373061357,0.40256458132384376,0.5104164034421987
repeated:v2:1,repeated,v2,1,ridge_per_view_ensemble_a1,1.0,ridge_per_view_ensemble_a1__w1.00,758677,154,143605285.79282868,13.75804588975785,9.39643418573933,17.750941155046352,20.812824289964265,62.27244075791619,0.40560694822576976,0.509747169878173
repeated:v2:1,repeated,v2,1,extra_trees_all_views,0.25,extra_trees_all_views__w0.25,758677,154,135408091.51446584,13.359612129179645,8.990410798150856,18.177623885215755,22.99002360638439,55.51201550415015,0.4005377591881448,0.5318704897589733
repeated:v2:1,repeated,v2,1,extra_trees_all_views,0.5,extra_trees_all_views__w0.50,758677,154,146350365.5516183,13.888919049359862,9.01537659986039,18.67352395641811,24.47296429418012,55.59011623122555,0.39645600854193236,0.5339082229635761
repeated:v2:1,repeated,v2,1,extra_trees_all_views,0.75,extra_trees_all_views__w0.75,758677,154,162659661.12130788,14.64237322232063,9.321243603122168,19.377799707901747,25.131870925794285,55.69546903498424,0.3866546899660648,0.5235015376792735
repeated:v2:1,repeated,v2,1,extra_trees_all_views,1.0,extra_trees_all_views__w1.00,758677,154,184335978.2235346,15.587504608124643,9.856510815798927,22.02954620490916,26.22323669504105,55.82791963355051,0.3750707899492338,0.5110400650403328
repeated:v2:1,repeated,v2,1,hist_gradient_all_views,0.25,hist_gradient_all_views__w0.25,758677,154,133488589.21560714,13.264583333510783,8.868902386752882,17.483888465113015,23.338363111450064,55.29510539628517,0.4007076301450879,0.5293699271241897
repeated:v2:1,repeated,v2,1,hist_gradient_all_views,0.5,hist_gradient_all_views__w0.50,758677,154,142284235.09613544,13.694618320496254,9.002596778026728,17.76139653858932,23.970687692951007,55.15191698791525,0.40049837311658226,0.5287676805766108
repeated:v2:1,repeated,v2,1,hist_gradient_all_views,0.75,hist_gradient_all_views__w0.75,758677,154,156219776.6514354,14.349591806959145,9.446698242311964,20.093284014299993,24.681128299201244,55.03189619837969,0.3916995136420933,0.5190170189015507
repeated:v2:1,repeated,v2,1,hist_gradient_all_views,1.0,hist_gradient_all_views__w1.00,758677,154,175295213.88150704,15.200454376711383,9.914956716350195,21.81073802133687,27.37841734607336,54.9351948756743,0.37728439939430986,0.5120612210381964
repeated:v2:1,repeated,v2,1,knn25_all_views,0.25,knn25_all_views__w0.25,758677,154,139437614.313584,13.556934966735996,9.067523969335369,17.609753473723565,23.940178216584393,58.905229775902704,0.4087909238866541,0.5379680769032112
repeated:v2:1,repeated,v2,1,knn25_all_views,0.5,knn25_all_views__w0.50,758677,154,156481198.5140936,14.361593261043353,9.385413757897123,18.42853080272492,25.14001985396414,62.39118757266913,0.41728104949429157,0.5443525836160534
repeated:v2:1,repeated,v2,1,knn25_all_views,0.75,knn25_all_views__w0.75,758677,154,180963591.61137938,15.444261430677109,10.05986105885076,21.215817742741887,25.26222584134122,65.91249027726593,0.4159998155867263,0.5398493610737733
repeated:v2:1,repeated,v2,1,knn25_all_views,1.0,knn25_all_views__w1.00,758677,154,212884793.6054413,16.75112044379937,10.723231957527645,22.68220119096942,27.296385249403887,69.46376291578198,0.41397663422660697,0.5364345862378214
repeated:v2:2,repeated,v2,2,ridge_original_a1,0.25,ridge_original_a1__w0.25,755260,160,112589751.87390737,12.209593046989724,9.323901480763535,18.07217924286843,21.91630814888783,30.042927361987374,0.241026920419909,0.3898977823743874
repeated:v2:2,repeated,v2,2,ridge_original_a1,0.5,ridge_original_a1__w0.50,755260,160,112082455.90675893,12.182055593912702,9.384566202769074,18.560031726905542,21.839264518345953,29.72682099054232,0.24062000296284541,0.39071453492811115
repeated:v2:2,repeated,v2,2,ridge_original_a1,0.75,ridge_original_a1__w0.75,755260,160,112494058.36845413,12.204403289017863,9.498585729557742,18.261706305302507,21.989153769583748,29.411660447635832,0.24155627107083227,0.38939810307380174
repeated:v2:2,repeated,v2,2,ridge_original_a1,1.0,ridge_original_a1__w1.00,755260,160,113824559.25899293,12.27636370496291,9.71522626033439,17.472998177232363,22.486961339053533,29.09747646665404,0.24109452257559533,0.3860035107306325
repeated:v2:2,repeated,v2,2,ridge_original_a10,0.25,ridge_original_a10__w0.25,755260,160,115279378.88433227,12.354568219212775,9.358203708355727,17.726315662507805,22.35192478107188,30.90983350799348,0.24208877514333574,0.39536575388490536
repeated:v2:2,repeated,v2,2,ridge_original_a10,0.5,ridge_original_a10__w0.50,755260,160,117776767.69943917,12.487674600204096,9.602066922924031,17.923666907879085,23.44601072769588,32.25898397212972,0.24406381043854003,0.40074860446746174
repeated:v2:2,repeated,v2,2,ridge_original_a10,0.75,ridge_original_a10__w0.75,755260,160,121508112.71522014,12.683946325688664,10.014431147474765,17.489097843208764,23.425911013249536,33.61511767385211,0.24440189156023037,0.4046558934075509
repeated:v2:2,repeated,v2,2,ridge_original_a10,1.0,ridge_original_a10__w1.00,755260,160,126473413.93167515,12.940509584258555,9.955465529128467,17.468354921380104,23.305652015027977,34.9774223668681,0.24960517377816044,0.4063912969434992
repeated:v2:2,repeated,v2,2,ridge_original_a100,0.25,ridge_original_a100__w0.25,755260,160,117957643.14621249,12.49725988271785,9.651529065174998,17.820069226013228,22.3459702214496,32.82689650126154,0.24849588231542866,0.39396790925107056
repeated:v2:2,repeated,v2,2,ridge_original_a100,0.5,ridge_original_a100__w0.50,755260,160,125212047.71860006,12.875817632721153,10.050337843219374,18.33793107700981,22.145255886779733,36.10638930452977,0.25691218941370936,0.39589730148812524
repeated:v2:2,repeated,v2,2,ridge_original_a100,0.75,ridge_original_a100__w0.75,755260,160,135779159.98706213,13.408133228957047,10.279547270179819,18.609156501923707,22.79146510318224,39.40180277699693,0.26454653888041685,0.39526509864454884
repeated:v2:2,repeated,v2,2,ridge_original_a100,1.0,ridge_original_a100__w1.00,755260,160,149658979.9515987,14.07677432863426,10.640126949512034,20.249611611378246,23.038312784708488,42.709451814625766,0.2678150118727459,0.4024905911519165
repeated:v2:2,repeated,v2,2,ridge_backtest_single_a1,0.25,ridge_backtest_single_a1__w0.25,755260,160,115744157.18695976,12.379448467607638,9.311333891131575,18.165730968321814,21.945699565136827,31.435836524946957,0.2393089177048437,0.39198701845690626
repeated:v2:2,repeated,v2,2,ridge_backtest_single_a1,0.5,ridge_backtest_single_a1__w0.50,755260,160,119133615.17771462,12.559400751060654,9.69731602539784,18.763573698408145,23.259857266678132,33.3138274227868,0.23806634621498796,0.3956804056881817
repeated:v2:2,repeated,v2,2,ridge_backtest_single_a1,0.75,ridge_backtest_single_a1__w0.75,755260,160,124184320.242164,12.822867069088712,10.000139905872535,19.05740486257886,23.126195938294646,35.20087011078399,0.23680423978558568,0.3967784379049732
repeated:v2:2,repeated,v2,2,ridge_backtest_single_a1,1.0,ridge_backtest_single_a1__w1.00,755260,160,130896272.3803079,13.164834305811961,10.063013280589079,19.800120914283262,23.67054112416081,37.09558322801222,0.23664267279522258,0.3968506445651023
repeated:v2:2,repeated,v2,2,ridge_backtest_single_a10,0.25,ridge_backtest_single_a10__w0.25,755260,160,116748421.67232174,12.433038168147805,9.46963038145498,18.005256901596233,22.75686632414685,32.02144980632213,0.2417682879153721,0.3936685329405284
repeated:v2:2,repeated,v2,2,ridge_backtest_single_a10,0.5,ridge_backtest_single_a10__w0.50,755260,160,121448283.46805808,12.680823223943987,10.02917605259294,18.023038173989153,22.95707785855122,34.487902244818216,0.2432775599911968,0.39712036326471817
repeated:v2:2,repeated,v2,2,ridge_backtest_single_a10,0.75,ridge_backtest_single_a10__w0.75,755260,160,128115531.65710846,13.024247767899746,10.336318989666967,18.66150339988851,22.4370438704263,36.96525231360091,0.245936159986552,0.3991555486353622
repeated:v2:2,repeated,v2,2,ridge_backtest_single_a10,1.0,ridge_backtest_single_a10__w1.00,755260,160,136750166.23947284,13.455991042609721,10.649012277991485,19.520279036043018,23.007711843653922,39.45144711894517,0.2507753185699681,0.3981216094271838
repeated:v2:2,repeated,v2,2,ridge_backtest_cumulative_a1,0.25,ridge_backtest_cumulative_a1__w0.25,755260,160,114544154.48937121,12.315107956201535,9.303894478215376,17.69707858546215,21.680297896845044,31.453349075881263,0.24480568014488163,0.3945253882670125
repeated:v2:2,repeated,v2,2,ridge_backtest_cumulative_a1,0.5,ridge_backtest_cumulative_a1__w0.50,755260,160,116441382.12660229,12.416678428404259,9.518984321518298,17.53227995568638,23.241780236789413,33.348852552745655,0.25083220017928154,0.40173208151181916
repeated:v2:2,repeated,v2,2,ridge_backtest_cumulative_a1,0.75,ridge_backtest_cumulative_a1__w0.75,755260,160,119707629.1815927,12.589621477441417,9.833828630067906,17.504483712161537,23.750990564595533,35.253394353548124,0.2563749465362682,0.4064500150726406
repeated:v2:2,repeated,v2,2,ridge_backtest_cumulative_a1,1.0,ridge_backtest_cumulative_a1__w1.00,755260,160,124342895.65434243,12.83105144660647,10.160705183763739,17.943205370187297,23.083250430503895,37.16558500380782,0.2598329298068455,0.4091169693236262
repeated:v2:2,repeated,v2,2,ridge_backtest_cumulative_a10,0.25,ridge_backtest_cumulative_a10__w0.25,755260,160,116304786.80577108,12.409393398636093,9.418196302295712,17.685977991642314,22.3572024851854,32.08941194611886,0.24435710229489976,0.39669887772711926
repeated:v2:2,repeated,v2,2,ridge_backtest_cumulative_a10,0.5,ridge_backtest_cumulative_a10__w0.50,755260,160,120444199.29919916,12.628294526817067,9.910249576824988,17.87153962493004,23.41809507739224,34.62426623180882,0.24698675943554838,0.4047739210413373
repeated:v2:2,repeated,v2,2,ridge_backtest_cumulative_a10,0.75,ridge_backtest_cumulative_a10__w0.75,755260,160,126434183.75018367,12.938502451308837,10.295751754564545,17.761316323943518,23.586448244066368,37.170307734676754,0.25180253114984646,0.40919518776219577
repeated:v2:2,repeated,v2,2,ridge_backtest_cumulative_a10,1.0,ridge_backtest_cumulative_a10__w1.00,755260,160,134274740.15872458,13.33364592306147,10.446782872388422,18.736300663571885,22.80997465264955,39.725385511608295,0.2593956585088664,0.4109003816734039
repeated:v2:2,repeated,v2,2,ridge_slope_single_a1,0.25,ridge_slope_single_a1__w0.25,755260,160,114666982.67969766,12.321709066219325,9.19181727512813,18.22825778338108,22.8119024466912,30.390140397781707,0.2413600642896,0.3936884086967212
repeated:v2:2,repeated,v2,2,ridge_slope_single_a1,0.5,ridge_slope_single_a1__w0.50,755260,160,116698416.50520675,12.430375251042044,9.163851774533086,17.611840440547965,25.120651521466524,31.22584782063743,0.24490768645837918,0.400434300201879
repeated:v2:2,repeated,v2,2,ridge_slope_single_a1,0.75,ridge_slope_single_a1__w0.75,755260,160,120110247.74642664,12.610775352382234,9.37912612999357,18.20913617653168,25.585672816042266,32.07463537006086,0.2507660614754136,0.40505127807781
repeated:v2:2,repeated,v2,2,ridge_slope_single_a1,1.0,ridge_slope_single_a1__w1.00,755260,160,124902476.40335734,12.859890848376189,9.577376505135643,19.012530135368205,24.978573278714837,32.93549178942284,0.2549055119741052,0.4101914804503528
repeated:v2:2,repeated,v2,2,ridge_slope_single_a10,0.25,ridge_slope_single_a10__w0.25,755260,160,116399921.34927759,12.414467655205343,9.375852725899264,17.65627662639658,22.914600602053984,31.895362557863454,0.24398381102906147,0.39745735109214253
repeated:v2:2,repeated,v2,2,ridge_slope_single_a10,0.5,ridge_slope_single_a10__w0.50,755260,160,120763776.29782219,12.64503688146164,9.76491755028583,17.669899844242558,23.32148863765612,34.236394853816954,0.24786730839226193,0.4062067141667028
repeated:v2:2,repeated,v2,2,ridge_slope_single_a10,0.75,ridge_slope_single_a10__w0.75,755260,160,127107511.11553322,12.972908810089843,10.099741708466011,17.63994508323319,24.302160860247795,36.58897590295342,0.2560476710393395,0.41224576510215477
repeated:v2:2,repeated,v2,2,ridge_slope_single_a10,1.0,ridge_slope_single_a10__w1.00,755260,160,135431125.8024107,13.390938090600088,10.177125077203042,19.262040429096764,25.11732595972037,38.951013180903075,0.2628069027429159,0.4154151202913329
repeated:v2:2,repeated,v2,2,ridge_local_long_a1,0.25,ridge_local_long_a1__w0.25,755260,160,115006310.80851027,12.339927099524736,9.242257876200036,18.054108544415204,22.538709990081237,31.741733806846394,0.23853360275321944,0.3926675101819327
repeated:v2:2,repeated,v2,2,ridge_local_long_a1,0.5,ridge_local_long_a1__w0.50,755260,160,117457504.20587,12.470737626084128,9.507369801591395,18.777113476541196,23.35668210716746,33.93006889092744,0.2402902359421497,0.39532256813016203
repeated:v2:2,repeated,v2,2,ridge_local_long_a1,0.75,ridge_local_long_a1__w0.75,755260,160,121369526.4619786,12.67671091537101,9.764362797884576,18.99512723187234,23.08832381986818,36.130861428913484,0.24489863730904027,0.39594119736725636
repeated:v2:2,repeated,v2,2,ridge_local_long_a1,1.0,ridge_local_long_a1__w1.00,755260,160,126742377.57683606,12.954262190543824,9.89618888928204,19.261610661575894,22.85520318847824,38.34196634265768,0.24882717188921508,0.39619279230814075
repeated:v2:2,repeated,v2,2,ridge_local_long_a10,0.25,ridge_local_long_a10__w0.25,755260,160,116262940.86505656,12.407160775749148,9.380093903086088,17.775969990694737,22.529235051532357,32.43824374774148,0.24220626767332362,0.39458523177575017
repeated:v2:2,repeated,v2,2,ridge_local_long_a10,0.5,ridge_local_long_a10__w0.50,755260,160,120455366.43369038,12.628879937304218,9.797243288618423,17.99071923584566,23.49456165127291,35.32321820993903,0.24515336978024369,0.3990016244423017
repeated:v2:2,repeated,v2,2,ridge_local_long_a10,0.75,ridge_local_long_a10__w0.75,755260,160,126593222.97580093,12.946637445584884,9.928673003434469,18.370241247621887,23.396881155178537,38.22006907067835,0.2519687925827019,0.4020127880692684
repeated:v2:2,repeated,v2,2,ridge_local_long_a10,1.0,ridge_local_long_a10__w1.00,755260,160,134676510.49138814,13.353579166089336,10.044407493987542,18.652577658361647,23.314078138797722,41.12628675943474,0.2588845465813387,0.4018229062394881
repeated:v2:2,repeated,v2,2,ridge_all_views_a1,0.25,ridge_all_views_a1__w0.25,755260,160,115742446.81042112,12.379357000370947,9.37788310818782,18.014603037911908,22.83334583583858,31.154379941255016,0.239367602198062,0.3914046443181919
repeated:v2:2,repeated,v2,2,ridge_all_views_a1,0.5,ridge_all_views_a1__w0.50,755260,160,119375899.6812016,12.572165421280067,9.85488243224591,18.436190421288867,24.301460771921956,32.7529998040771,0.23978775314205206,0.3958372528890223
repeated:v2:2,repeated,v2,2,ridge_all_views_a1,0.75,ridge_all_views_a1__w0.75,755260,160,124916304.88224089,12.860602714995178,9.995907425362482,18.67487232353274,24.51872515533683,34.36268670935953,0.24085139041506567,0.3991093307422553
repeated:v2:2,repeated,v2,2,ridge_all_views_a1,1.0,ridge_all_views_a1__w1.00,755260,160,132363662.41353896,13.238419701058229,10.468465207106442,19.272715043093193,24.68524999289255,35.98195540383027,0.24433189067121452,0.40388220615347764
repeated:v2:2,repeated,v2,2,ridge_all_views_a10,0.25,ridge_all_views_a10__w0.25,755260,160,116735553.7803131,12.432352970871305,9.517472060224367,17.80977738081205,22.645900529905447,31.95033565206808,0.2420342858101327,0.39342001151995276
repeated:v2:2,repeated,v2,2,ridge_all_views_a10,0.5,ridge_all_views_a10__w0.50,755260,160,121770844.31769319,12.697651888220264,10.016463686260177,18.030678856663645,23.93645993363409,34.34583397939605,0.24236010037074407,0.3987195130604806
repeated:v2:2,repeated,v2,2,ridge_all_views_a10,0.75,ridge_all_views_a10__w0.75,755260,160,129121817.88203968,13.075297339908696,10.214230079498039,18.410126266373393,24.058828036433788,36.75242180239909,0.24641060597814335,0.4010297887369865
repeated:v2:2,repeated,v2,2,ridge_all_views_a10,1.0,ridge_all_views_a10__w1.00,755260,160,138788474.47335258,13.55590319934942,10.78556040348981,19.985725837464173,24.161621943066674,39.168055071492674,0.2495957789562973,0.4011397796296794
repeated:v2:2,repeated,v2,2,ridge_all_views_a100,0.25,ridge_all_views_a100__w0.25,755260,160,117996600.7589751,12.499323433692286,9.719729092501513,17.795486664432826,22.27969990835667,32.776859038760364,0.24804024410612902,0.39175422599888665
repeated:v2:2,repeated,v2,2,ridge_all_views_a100,0.5,ridge_all_views_a100__w0.50,755260,160,125477941.57913482,12.88948159438407,10.058816609858802,18.24754540484072,21.88434905063518,36.00616111655173,0.2551019125237971,0.39219468130515084
repeated:v2:2,repeated,v2,2,ridge_all_views_a100,0.75,ridge_all_views_a100__w0.75,755260,160,136459968.7303786,13.441705981626738,10.436306847275501,18.651783901384537,22.664400921350055,39.25132950198163,0.2609778907277057,0.3912953684038576
repeated:v2:2,repeated,v2,2,ridge_all_views_a100,1.0,ridge_all_views_a100__w1.00,755260,160,150942682.21270642,14.137017297635737,10.802769880046895,20.876817442634504,23.49809734687782,42.5087305904672,0.26222054900096003,0.39962380976692813
repeated:v2:2,repeated,v2,2,ridge_all_views_no_indicator_a1,0.25,ridge_all_views_no_indicator_a1__w0.25,755260,160,115799412.66511865,12.382403047529513,9.393964382164679,18.065208899305723,22.909770963618886,31.225527409313774,0.2397369654312796,0.39169606278180885
repeated:v2:2,repeated,v2,2,ridge_all_views_no_indicator_a1,0.5,ridge_all_views_no_indicator_a1__w0.50,755260,160,119539086.03104402,12.580755535092395,9.811004679577017,18.481018183922078,24.243907801194204,32.89581461728161,0.24102018993451046,0.3967934341786495
repeated:v2:2,repeated,v2,2,ridge_all_views_no_indicator_a1,0.75,ridge_all_views_no_indicator_a1__w0.75,755260,160,125234966.36767553,12.876995965193883,9.955666457291365,18.82906515328916,24.4326637809961,34.577544591749806,0.24259035037036097,0.401011442275571
repeated:v2:2,repeated,v2,2,ridge_all_views_no_indicator_a1,1.0,ridge_all_views_no_indicator_a1__w1.00,755260,160,132887053.67501317,13.264567501168402,10.240438471503815,19.408517652439325,24.652025596749258,36.269125630065425,0.24631881366626102,0.4063270155830572
repeated:v2:2,repeated,v2,2,ridge_all_views_original_boost4_a1,0.25,ridge_all_views_original_boost4_a1__w0.25,755260,160,115726859.9266097,12.378523416403917,9.303003480929469,18.005970789207456,22.95606143927042,31.1250162003647,0.23985101326993802,0.3926383985001923
repeated:v2:2,repeated,v2,2,ridge_all_views_original_boost4_a1,0.5,ridge_all_views_original_boost4_a1__w0.50,755260,160,119225293.01547417,12.5642322894673,9.677992904537309,18.40996035965873,24.15651349037546,32.69468346060016,0.24113853378501243,0.3983079283357879
repeated:v2:2,repeated,v2,2,ridge_all_views_original_boost4_a1,0.75,ridge_all_views_original_boost4_a1__w0.75,755260,160,124511245.53649282,12.83973459384765,9.938597319290846,18.812711167304727,24.304895119395045,34.275800461955924,0.24328716216191548,0.40273581623145427
repeated:v2:2,repeated,v2,2,ridge_all_views_original_boost4_a1,1.0,ridge_all_views_original_boost4_a1__w1.00,755260,160,131584717.48966567,13.199408934521507,10.180995498603316,19.45563438146977,24.488674776571496,35.8668530209983,0.24593978813603817,0.4089044792049149
repeated:v2:2,repeated,v2,2,ridge_all_views_original_boost4_a10,0.25,ridge_all_views_original_boost4_a10__w0.25,755260,160,116746950.44791752,12.432959829415097,9.48534752826786,17.793557433375142,22.616878101204414,31.978696283603657,0.2423103984286938,0.39461018954358196
repeated:v2:2,repeated,v2,2,ridge_all_views_original_boost4_a10,0.5,ridge_all_views_original_boost4_a10__w0.50,755260,160,121709368.30225939,12.694446278559258,9.928502580659076,18.057010693936117,23.88508119454852,34.40262852987716,0.24348881020979868,0.4009025966883974
repeated:v2:2,repeated,v2,2,ridge_all_views_original_boost4_a10,0.75,ridge_all_views_original_boost4_a10__w0.75,755260,160,128903199.832925,13.064223661545403,10.172159503813177,18.399690535857292,23.983419070592447,36.83768341328542,0.24883141151322158,0.40444396389633525
repeated:v2:2,repeated,v2,2,ridge_all_views_original_boost4_a10,1.0,ridge_all_views_original_boost4_a10__w1.00,755260,160,138328445.0399144,13.53341829689812,10.532926491764657,19.91403004350184,24.068018674338397,39.28179253136424,0.2537162273923681,0.40455617253692194
repeated:v2:2,repeated,v2,2,ridge_per_view_ensemble_a1,0.25,ridge_per_view_ensemble_a1__w0.25,755260,160,114144543.45819694,12.29360728374171,9.223870237641297,17.869601641106122,21.979562698765484,30.422209782649446,0.24254332148099023,0.3946405936597017
repeated:v2:2,repeated,v2,2,ridge_per_view_ensemble_a1,0.5,ridge_per_view_ensemble_a1__w0.50,755260,160,115193864.18962106,12.349985035555331,9.333204327269495,17.740278963889953,23.884656665725867,30.925105851405004,0.24550822632228567,0.40152749641066976
repeated:v2:2,repeated,v2,2,ridge_per_view_ensemble_a1,0.75,ridge_per_view_ensemble_a1__w0.75,755260,160,117163908.4641718,12.455142001417343,9.504637284671137,17.11567503411929,24.961712232467352,31.61330116977713,0.2502095729729612,0.4079696819249715
repeated:v2:2,repeated,v2,2,ridge_per_view_ensemble_a1,1.0,ridge_per_view_ensemble_a1__w1.00,755260,160,120054676.28184916,12.607857698195863,9.65442607900755,17.78899068614859,24.583914928291097,32.30756811875933,0.2552132434721992,0.41265673562450905
repeated:v2:2,repeated,v2,2,extra_trees_all_views,0.25,extra_trees_all_views__w0.25,755260,160,117739266.92324172,12.485686369491782,9.43604921334046,18.615079225908225,22.427774263031164,33.48973946924835,0.24980035869347025,0.3970978673826633
repeated:v2:2,repeated,v2,2,extra_trees_all_views,0.5,extra_trees_all_views__w0.50,755260,160,126591331.37482788,12.94654071859232,9.69267292414414,19.885630534725923,22.6418987870643,39.28370966582713,0.2654960839965941,0.40317386165271085
repeated:v2:2,repeated,v2,2,extra_trees_all_views,0.75,extra_trees_all_views__w0.75,755260,160,140572139.62465787,13.642733181562939,10.110897286166066,20.934785842821114,23.011945992269077,45.275851413324226,0.27661964029553926,0.41072103723903447
repeated:v2:2,repeated,v2,2,extra_trees_all_views,1.0,extra_trees_all_views__w1.00,755260,160,159681691.67273173,14.540499316487084,10.262366421219259,21.987066173097944,25.35310488195094,51.32924595388471,0.28920357162106397,0.4176600207948449
repeated:v2:2,repeated,v2,2,hist_gradient_all_views,0.25,hist_gradient_all_views__w0.25,755260,160,117693395.95674394,12.483253934202187,9.5895590398258,18.242880959141743,22.223075687494774,33.10936042319697,0.24852839384861136,0.39241338057972863
repeated:v2:2,repeated,v2,2,hist_gradient_all_views,0.5,hist_gradient_all_views__w0.50,755260,160,126689214.72990301,12.95154503427537,9.94519811799857,19.396866470471572,22.93178959802719,37.08253375995409,0.2577681912663937,0.39488855384228794
repeated:v2:2,repeated,v2,2,hist_gradient_all_views,0.75,hist_gradient_all_views__w0.75,755260,160,141003402.58937663,13.663644508256796,10.680375031081851,19.54241367955705,23.703915245714004,41.967520251329326,0.26880193043274014,0.39410424342681233
repeated:v2:2,repeated,v2,2,hist_gradient_all_views,1.0,hist_gradient_all_views__w1.00,755260,160,160635959.5351648,14.583882069093733,11.124566486028794,22.306670973004625,24.92121777420318,46.916976172962364,0.27915159758026326,0.3998432972132927
repeated:v2:2,repeated,v2,2,knn25_all_views,0.25,knn25_all_views__w0.25,755260,160,114123857.06184831,12.292493249078623,9.659377062722182,17.56111285635564,22.165714854343676,34.38446018966205,0.2534838407147209,0.4023128473575379
repeated:v2:2,repeated,v2,2,knn25_all_views,0.5,knn25_all_views__w0.50,755260,160,122108591.75266457,12.715248997560712,9.853848975140378,18.011724373356348,22.226480501303666,39.276600865614725,0.2678502284592254,0.4140426048280473
repeated:v2:2,repeated,v2,2,knn25_all_views,0.75,knn25_all_views__w0.75,755260,160,137970150.34234822,13.515879980775422,10.026978680884454,19.088523121406173,23.335144177153936,44.30142462352279,0.2890108058392464,0.4277881883681828
repeated:v2:2,repeated,v2,2,knn25_all_views,1.0,knn25_all_views__w1.00,755260,160,161708532.8308992,14.632489673084166,10.824080190903722,20.447678151473692,25.35924525523637,50.09049368283873,0.30672247640806627,0.44279988283208027
repeated:v2:3,repeated,v2,3,ridge_original_a1,0.25,ridge_original_a1__w0.25,756289,156,115819499.05761902,12.375049626431831,8.463534787031085,18.896956956958313,22.01295788918133,38.020663865735095,0.30813945237488816,0.454272319774078
repeated:v2:3,repeated,v2,3,ridge_original_a1,0.5,ridge_original_a1__w0.50,756289,156,113887084.66259265,12.271378338272072,8.508473516594602,18.41380072490545,21.167561442307655,37.519914591053386,0.30643609560406765,0.44038822248054926
repeated:v2:3,repeated,v2,3,ridge_original_a1,0.75,ridge_original_a1__w0.75,756289,156,113757006.0787022,12.264368326654822,8.615013849468298,18.17047625812731,20.917032367066838,41.22040982465204,0.303843602329762,0.43345807294174904
repeated:v2:3,repeated,v2,3,ridge_original_a1,1.0,ridge_original_a1__w1.00,756289,156,115429263.30594769,12.354184135311137,9.021076500287004,18.426706984240084,21.07213535689059,45.86800608701566,0.3004804057565321,0.4305857779858203
repeated:v2:3,repeated,v2,3,ridge_original_a10,0.25,ridge_original_a10__w0.25,756289,156,120673655.62775657,12.631715706520415,8.58963805502927,19.98386264362332,23.222914295710133,37.928979650503884,0.30346812894924813,0.46895345324181187
repeated:v2:3,repeated,v2,3,ridge_original_a10,0.5,ridge_original_a10__w0.50,756289,156,123485873.35535137,12.778054818359868,8.684172580408807,20.004008563904527,23.10403419968597,37.33543594945039,0.30184445832465284,0.46367438849717746
repeated:v2:3,repeated,v2,3,ridge_original_a10,0.75,ridge_original_a10__w0.75,756289,156,127990902.44656576,13.009052271811823,8.784956820573214,21.08433791490566,24.06803175577657,36.74407018944531,0.3008295758382231,0.4610525465351457
repeated:v2:3,repeated,v2,3,ridge_original_a10,1.0,ridge_original_a10__w1.00,756289,156,134188742.90139972,13.320304422179028,8.95764673022589,21.201568051504488,24.963864381990057,42.4564813778739,0.29962189659888033,0.4586825817296947
repeated:v2:3,repeated,v2,3,ridge_original_a100,0.25,ridge_original_a100__w0.25,756289,156,125847161.23217127,12.899646819307055,8.618856668772874,20.589560124258867,24.221963971439585,38.52019848980319,0.31830076019994746,0.48275125785135237
repeated:v2:3,repeated,v2,3,ridge_original_a100,0.5,ridge_original_a100__w0.50,756289,156,136692493.20629364,13.443998042890572,8.960071220710319,21.113961696067214,26.305477564186226,38.52408570059418,0.3349161298853978,0.4974998714986693
repeated:v2:3,repeated,v2,3,ridge_original_a100,0.75,ridge_original_a100__w0.75,756289,156,152090245.1861485,14.180997750579028,9.107491783124168,22.9690144962525,29.44734431951657,38.536259750837615,0.34884335353057566,0.5156523987986424
repeated:v2:3,repeated,v2,3,ridge_original_a100,1.0,ridge_original_a100__w1.00,756289,156,172040417.17173582,15.082431154721188,9.663483403076434,24.387782905066125,30.985839116618955,42.78738374596229,0.36960073895641277,0.5278822549177226
repeated:v2:3,repeated,v2,3,ridge_backtest_single_a1,0.25,ridge_backtest_single_a1__w0.25,756289,156,120335942.21241663,12.614027965907784,8.554846933719514,19.492998776555133,22.706586195831687,38.93704280867265,0.3002566390118977,0.46408606307534095
repeated:v2:3,repeated,v2,3,ridge_backtest_single_a1,0.5,ridge_backtest_single_a1__w0.50,756289,156,124102965.55817299,12.809942722435206,8.916400378819862,20.099145570943083,23.406146628401952,39.35143132040383,0.30003715599579217,0.4579022805895059
repeated:v2:3,repeated,v2,3,ridge_backtest_single_a1,0.75,ridge_backtest_single_a1__w0.75,756289,156,130855319.30105038,13.153817101543853,9.158872063074542,20.453136733470657,24.65614772153331,42.29507264970435,0.3024331095309502,0.4595198842244509
repeated:v2:3,repeated,v2,3,ridge_backtest_single_a1,1.0,ridge_backtest_single_a1__w1.00,756289,156,140593003.44104883,13.634460638070518,9.429280162721806,21.506113495665858,26.04403945070552,46.69979716172982,0.30414786153553863,0.46390229536468774
repeated:v2:3,repeated,v2,3,ridge_backtest_single_a10,0.25,ridge_backtest_single_a10__w0.25,756289,156,123010195.88617289,12.753420026651622,8.56035534367999,19.768794722660047,23.604663776580594,38.453607903812205,0.30695868220177797,0.4734798707576849
repeated:v2:3,repeated,v2,3,ridge_backtest_single_a10,0.5,ridge_backtest_single_a10__w0.50,756289,156,129538003.07923031,13.087440101826072,8.936496099477486,20.817662281490104,25.544697743850644,38.38621520969683,0.31629749675117363,0.47603783817063344
repeated:v2:3,repeated,v2,3,ridge_backtest_single_a10,0.75,ridge_backtest_single_a10__w0.75,756289,156,139137670.84295356,13.56370927832156,9.049585951997685,21.351025826126616,27.260937636045938,38.322441537308855,0.32377417747804654,0.48426045049905386
repeated:v2:3,repeated,v2,3,ridge_backtest_single_a10,1.0,ridge_backtest_single_a10__w1.00,756289,156,151809199.17734265,14.167889231640052,9.656033635777098,22.33037146470823,29.047136636697054,38.26230498265903,0.3389496376429197,0.49454631246243974
repeated:v2:3,repeated,v2,3,ridge_backtest_cumulative_a1,0.25,ridge_backtest_cumulative_a1__w0.25,756289,156,118142049.26446965,12.498513337782066,8.617597923237987,19.11579619874486,22.162534650415193,37.60305616506138,0.31135268964054175,0.46014509351894495
repeated:v2:3,repeated,v2,3,ridge_backtest_cumulative_a1,0.5,ridge_backtest_cumulative_a1__w0.50,756289,156,118900613.04211546,12.538574219983833,8.56591691921623,18.486485340847736,22.306316114748775,37.23655933042414,0.31351095378486704,0.454486723291086
repeated:v2:3,repeated,v2,3,ridge_backtest_cumulative_a1,0.75,ridge_backtest_cumulative_a1__w0.75,756289,156,121829940.59671877,12.692089453858552,8.88511415739331,18.686410813958055,22.46231676122658,41.2565602193956,0.3125534333050996,0.44983887806821643
repeated:v2:3,repeated,v2,3,ridge_backtest_cumulative_a1,1.0,ridge_backtest_cumulative_a1__w1.00,756289,156,126930031.92827958,12.955026412895853,9.223428331074281,19.121090852462842,22.63055104132134,45.35649197506458,0.3120866248278856,0.4476670380306828
repeated:v2:3,repeated,v2,3,ridge_backtest_cumulative_a10,0.25,ridge_backtest_cumulative_a10__w0.25,756289,156,121794107.4781611,12.690222792057138,8.531630369828115,19.835107368497113,23.4388289871408,37.887668768905634,0.3074084656080985,0.4714159256402588
repeated:v2:3,repeated,v2,3,ridge_backtest_cumulative_a10,0.5,ridge_backtest_cumulative_a10__w0.50,756289,156,126196160.81977025,12.917521098224148,8.651889093943387,20.879661181400117,23.737786610758565,37.25383450560141,0.3114340316851532,0.4702903766590758
repeated:v2:3,repeated,v2,3,ridge_backtest_cumulative_a10,0.75,ridge_backtest_cumulative_a10__w0.75,756289,156,132760409.28860877,13.249222682551048,8.793091319774554,20.574602444509935,25.579916002108767,36.623258666462924,0.31543594754447535,0.4742234250965899
repeated:v2:3,repeated,v2,3,ridge_backtest_cumulative_a10,1.0,ridge_backtest_cumulative_a10__w1.00,756289,156,141486852.8846767,13.677733935792292,9.055818889246378,21.38699419678512,27.268696479110524,35.99611249401869,0.31800512932104635,0.478167244106419
repeated:v2:3,repeated,v2,3,ridge_slope_single_a1,0.25,ridge_slope_single_a1__w0.25,756289,156,118233742.43803976,12.503362610672173,8.591330888065887,19.141436225668677,22.377187082251464,39.246443434994966,0.3018453566744221,0.4593310128281622
repeated:v2:3,repeated,v2,3,ridge_slope_single_a1,0.5,ridge_slope_single_a1__w0.50,756289,156,120252039.62901074,12.609629720220363,8.964856943996649,19.383301911714796,22.697002944519888,42.828010068281344,0.3025113305205966,0.45325233835615303
repeated:v2:3,repeated,v2,3,ridge_slope_single_a1,0.75,ridge_slope_single_a1__w0.75,756289,156,125609140.83669426,12.887442204723792,9.277749246007595,19.070704294101187,23.303425235652202,49.94725713017274,0.30714618684564227,0.4525725990664963
repeated:v2:3,repeated,v2,3,ridge_slope_single_a1,1.0,ridge_slope_single_a1__w1.00,756289,156,134305046.06109032,13.32607561403765,9.518180488751447,18.994552076485046,23.72204002902111,57.23218613256132,0.3200052063159851,0.4589019470936703
repeated:v2:3,repeated,v2,3,ridge_slope_single_a10,0.25,ridge_slope_single_a10__w0.25,756289,156,121887225.93421255,12.695073060252426,8.53975631666103,19.97212455925696,23.41334995342641,38.58874473373758,0.30355862561344354,0.47144730818296066
repeated:v2:3,repeated,v2,3,ridge_slope_single_a10,0.5,ridge_slope_single_a10__w0.50,756289,156,127175140.38361637,12.967528793081748,8.95878449889895,20.528595655051358,24.416781996320015,38.6557252458464,0.30758106031692983,0.47493266914544224
repeated:v2:3,repeated,v2,3,ridge_slope_single_a10,0.75,ridge_slope_single_a10__w0.75,756289,156,135417992.6119928,13.381176339976182,8.861798338332243,20.803292160981712,25.994635639652607,38.725527445546604,0.31850341065968896,0.47938946369895447
repeated:v2:3,repeated,v2,3,ridge_slope_single_a10,1.0,ridge_slope_single_a10__w1.00,756289,156,146615782.61934185,13.923437496952737,9.387369762147767,21.08495004493691,27.745140558934324,43.53907168991258,0.33273957709111723,0.48438437694871234
repeated:v2:3,repeated,v2,3,ridge_local_long_a1,0.25,ridge_local_long_a1__w0.25,756289,156,119693695.73994099,12.58032168844284,8.717665545504806,19.425171553332845,22.621918069937184,39.19069321222384,0.30209055223923553,0.4603126138184524
repeated:v2:3,repeated,v2,3,ridge_local_long_a1,0.5,ridge_local_long_a1__w0.50,756289,156,122494011.60151999,12.726633484244076,9.048575544423922,19.46102152683273,22.786173778509355,39.85829793539398,0.30007858644194885,0.4538519030342939
repeated:v2:3,repeated,v2,3,ridge_local_long_a1,0.75,ridge_local_long_a1__w0.75,756289,156,127955196.84851834,13.007237578805816,9.13863290816802,19.08714128382769,23.29261383372298,44.26726163330585,0.3020558562056727,0.45306111462424575
repeated:v2:3,repeated,v2,3,ridge_local_long_a1,1.0,ridge_local_long_a1__w1.00,756289,156,136077251.48093605,13.413708754567187,9.657732270688893,19.65667522327363,24.03995192184774,49.49342684209581,0.3089989333841543,0.455256389793758
repeated:v2:3,repeated,v2,3,ridge_local_long_a10,0.25,ridge_local_long_a10__w0.25,756289,156,122473131.20535296,12.725548743565982,8.589410070786432,19.696217139557287,23.4159637051754,38.6985007247464,0.3058301737131643,0.47097704359370324
repeated:v2:3,repeated,v2,3,ridge_local_long_a10,0.5,ridge_local_long_a10__w0.50,756289,156,127941419.37295605,13.006537287897205,8.921945690205416,20.69675301805136,24.668800638651515,38.875246148762244,0.3108905295192041,0.47339440114932296
repeated:v2:3,repeated,v2,3,ridge_local_long_a10,0.75,ridge_local_long_a10__w0.75,756289,156,135959113.76659063,13.407884823808955,9.064653549560784,20.72996867867129,26.451862146745146,39.054798268795714,0.32002391020307497,0.4773612800202928
repeated:v2:3,repeated,v2,3,ridge_local_long_a10,1.0,ridge_local_long_a10__w1.00,756289,156,146526214.3862567,13.919183902300883,9.273300806379797,21.138894846905085,28.00648165295184,39.23711855388496,0.3362278455959951,0.48533805768184124
repeated:v2:3,repeated,v2,3,ridge_all_views_a1,0.25,ridge_all_views_a1__w0.25,756289,156,120604999.1848917,12.62812183156873,8.891637930271443,19.571690289806114,22.799376606554016,39.588056320226585,0.3004438434494025,0.46378246769942727
repeated:v2:3,repeated,v2,3,ridge_all_views_a1,0.5,ridge_all_views_a1__w0.50,756289,156,125525437.58609548,12.883147530919462,9.140850221129073,19.974501911074913,23.20979339723594,40.65412566806779,0.30455005804872887,0.4612389364314892
repeated:v2:3,repeated,v2,3,ridge_all_views_a1,0.75,ridge_all_views_a1__w0.75,756289,156,134315564.4673927,13.32659743483861,9.504614317594244,20.410667963947994,24.990541374947732,45.03020593884224,0.3129553152285756,0.4631482837888235
repeated:v2:3,repeated,v2,3,ridge_all_views_a1,1.0,ridge_all_views_a1__w1.00,756289,156,146975379.82878333,13.94050170020344,10.240338466799237,21.40921918504067,27.091053488417483,50.422347327723,0.3235345244717683,0.4717969365264084
repeated:v2:3,repeated,v2,3,ridge_all_views_a10,0.25,ridge_all_views_a10__w0.25,756289,156,123051744.92784029,12.755573700330908,8.791742310355644,19.771128946766833,23.491369341305024,38.92645475942992,0.3065381908518641,0.472783072680095
repeated:v2:3,repeated,v2,3,ridge_all_views_a10,0.5,ridge_all_views_a10__w0.50,756289,156,129916041.39892012,13.106523109597356,9.040462130411761,20.699526714104735,25.77741537360479,39.3317902054335,0.3164473095132742,0.47675948961136044
repeated:v2:3,repeated,v2,3,ridge_all_views_a10,0.75,ridge_all_views_a10__w0.75,756289,156,140147138.67702082,13.612823882364554,9.370705829516098,20.742214972322998,27.6212591445041,39.7405004415424,0.32985651601589866,0.4838384087339774
repeated:v2:3,repeated,v2,3,ridge_all_views_a10,1.0,ridge_all_views_a10__w1.00,756289,156,153745036.7621424,14.257935983660785,9.784496210480162,21.865463834592223,29.365596481861566,40.15248241239807,0.346626890204703,0.49408019430823186
repeated:v2:3,repeated,v2,3,ridge_all_views_a100,0.25,ridge_all_views_a100__w0.25,756289,156,126277629.04108232,12.921689995565679,8.661083001232363,20.49847734891591,24.353574868494945,38.916325499156926,0.31740490484010064,0.48336109335461036
repeated:v2:3,repeated,v2,3,ridge_all_views_a100,0.5,ridge_all_views_a100__w0.50,756289,156,137603921.07764277,13.488744015206652,8.920577900934905,21.904584614972435,25.855968182521657,39.31647243223871,0.33527010439052596,0.4968621293348262
repeated:v2:3,repeated,v2,3,ridge_all_views_a100,0.75,ridge_all_views_a100__w0.75,756289,156,153533125.37346268,14.248106525345046,9.403041176531136,22.717323560009795,29.417173167426714,39.72478692128288,0.3548682335605515,0.5161150668785667
repeated:v2:3,repeated,v2,3,ridge_all_views_a100,1.0,ridge_all_views_a100__w1.00,756289,156,174065241.92854202,15.170927647672782,9.544528099387609,23.680966675530435,31.13992330958835,40.141019725903234,0.3770681495270655,0.5287792138952052
repeated:v2:3,repeated,v2,3,ridge_all_views_no_indicator_a1,0.25,ridge_all_views_no_indicator_a1__w0.25,756289,156,120427772.21580404,12.618840016681485,8.904404966950757,19.465796122309484,22.76079558813678,39.495980114826935,0.3002836953361945,0.4634029716351991
repeated:v2:3,repeated,v2,3,ridge_all_views_no_indicator_a1,0.5,ridge_all_views_no_indicator_a1__w0.50,756289,156,125119841.89009304,12.862316784823076,9.07324373279079,19.813994588318003,23.120183370968384,40.46988218305311,0.30429939620236063,0.4602695822853795
repeated:v2:3,repeated,v2,3,ridge_all_views_no_indicator_a1,0.75,ridge_all_views_no_indicator_a1__w0.75,756289,156,133630458.28664835,13.292566357870285,9.415863793171711,20.157954603329586,24.939185111805845,44.95489986166018,0.31206723251602697,0.462427034061039
repeated:v2:3,repeated,v2,3,ridge_all_views_no_indicator_a1,1.0,ridge_all_views_no_indicator_a1__w1.00,756289,156,145959621.40546992,13.89224622882608,10.106038360113569,21.384471642372738,26.91109169064864,50.32548232048168,0.32243797196815366,0.4705332202018851
repeated:v2:3,repeated,v2,3,ridge_all_views_original_boost4_a1,0.25,ridge_all_views_original_boost4_a1__w0.25,756289,156,120424348.05269264,12.61866061755765,8.731413725124835,19.626160428860494,22.68073289977378,39.372036936064866,0.3016179045937898,0.46529617400350837
repeated:v2:3,repeated,v2,3,ridge_all_views_original_boost4_a1,0.5,ridge_all_views_original_boost4_a1__w0.50,756289,156,124540678.19186832,12.832513248397571,9.007977790631227,20.10640480068292,22.91958856898032,40.22151208389238,0.3040623641342311,0.4634006351528365
repeated:v2:3,repeated,v2,3,ridge_all_views_original_boost4_a1,0.75,ridge_all_views_original_boost4_a1__w0.75,756289,156,131903239.68130837,13.206381515250989,9.217369939045373,19.93269899476448,24.59623904348301,45.10759620314234,0.3104737845129133,0.4639625126363241
repeated:v2:3,repeated,v2,3,ridge_all_views_original_boost4_a1,1.0,ridge_all_views_original_boost4_a1__w1.00,756289,156,142512032.5210128,13.727197279462835,9.995249875972036,20.69621865704016,26.061807734039967,50.52007018537111,0.3187433928125949,0.4694699489135569
repeated:v2:3,repeated,v2,3,ridge_all_views_original_boost4_a10,0.25,ridge_all_views_original_boost4_a10__w0.25,756289,156,122965507.70276923,12.751103231119092,8.575106038300097,19.77440152698957,23.497896402070744,38.74593640184376,0.3068344036875371,0.47374637750990845
repeated:v2:3,repeated,v2,3,ridge_all_views_original_boost4_a10,0.5,ridge_all_views_original_boost4_a10__w0.50,756289,156,129429110.17308177,13.081938129514057,8.997491765401236,20.80192152088419,25.57065492151742,38.970424230460445,0.3165055706158876,0.47842265958166197
repeated:v2:3,repeated,v2,3,ridge_all_views_original_boost4_a10,0.75,ridge_all_views_original_boost4_a10__w0.75,756289,156,138945056.67471895,13.554317618386422,9.162554525033707,21.00213206580085,27.5914692255518,39.19800995719517,0.3282600323854678,0.4846335319427919
repeated:v2:3,repeated,v2,3,ridge_all_views_original_boost4_a10,1.0,ridge_all_views_original_boost4_a10__w1.00,756289,156,151513347.20768073,14.154077018218324,9.404708391904329,21.783760553066983,29.34065237062108,39.428639938028056,0.3458053724858683,0.4949201985491294
repeated:v2:3,repeated,v2,3,ridge_per_view_ensemble_a1,0.25,ridge_per_view_ensemble_a1__w0.25,756289,156,118246172.96062131,12.504019864867015,8.538263900036416,19.24526780757529,22.29519036570734,38.58219401764131,0.3076436564004044,0.46271117402585216
repeated:v2:3,repeated,v2,3,ridge_per_view_ensemble_a1,0.5,ridge_per_view_ensemble_a1__w0.50,756289,156,118429034.13760073,12.513684517974506,8.586129131653081,18.878262731639193,21.906837301747345,38.83012330574411,0.30743748862117626,0.4539552952889682
repeated:v2:3,repeated,v2,3,ridge_per_view_ensemble_a1,0.75,ridge_per_view_ensemble_a1__w0.75,756289,156,120102832.79471962,12.601804377230446,8.786761634825872,18.997204360425506,21.910503447964107,43.72472648809292,0.3055338949338848,0.4480374405015253
repeated:v2:3,repeated,v2,3,ridge_per_view_ensemble_a1,1.0,ridge_per_view_ensemble_a1__w1.00,756289,156,123267568.93197794,12.766754983971362,8.84664321908521,19.224237696136235,21.92275241140666,48.72478802553886,0.3020710938926078,0.4446626408121701
repeated:v2:3,repeated,v2,3,extra_trees_all_views,0.25,extra_trees_all_views__w0.25,756289,156,124583173.54781531,12.83470239541274,8.62878320140473,19.751830377184895,23.690613193493483,40.40114595043763,0.3440526768876807,0.5068570733700645
repeated:v2:3,repeated,v2,3,extra_trees_all_views,0.5,extra_trees_all_views__w0.50,756289,156,137569085.68652663,13.487036522381493,8.652584662375947,21.102728807412895,26.80771025486135,42.28859837731194,0.3754991711693938,0.5380811899172753
repeated:v2:3,repeated,v2,3,extra_trees_all_views,0.75,extra_trees_all_views__w0.75,756289,156,158511985.6799153,14.477286243992099,8.854808291934436,22.896103340104062,29.249217343692614,44.18556018986792,0.39354884610674756,0.5578867322409707
repeated:v2:3,repeated,v2,3,extra_trees_all_views,1.0,extra_trees_all_views__w1.00,756289,156,187411873.52798134,15.741809746090356,9.832390608294476,24.06257569750125,32.511868307267164,50.27769554487133,0.4045278434164238,0.5804328706035861
repeated:v2:3,repeated,v2,3,hist_gradient_all_views,0.25,hist_gradient_all_views__w0.25,756289,156,123678405.52176008,12.788012347552717,8.661560167190004,19.676800819256684,23.73898126390116,39.52459915610455,0.3448819094121649,0.5057082423169632
repeated:v2:3,repeated,v2,3,hist_gradient_all_views,0.5,hist_gradient_all_views__w0.50,756289,156,135950259.2815235,13.407448215163644,9.139771032761804,20.237904211392536,25.81806825497788,40.55144763028337,0.3769685987597742,0.5367340438535914
repeated:v2:3,repeated,v2,3,hist_gradient_all_views,0.75,hist_gradient_all_views__w0.75,756289,156,156369810.5430716,14.379128443065271,9.46034106466644,22.593481127007855,27.777814881454994,42.708578499150406,0.3951740119467992,0.5559747738475099
repeated:v2:3,repeated,v2,3,hist_gradient_all_views,1.0,hist_gradient_all_views__w1.00,756289,156,184937059.30640438,15.63752733717139,9.940679158691541,24.210538389631374,32.766463310977976,50.56756893877888,0.4073499366477693,0.575904550988864
repeated:v2:3,repeated,v2,3,knn25_all_views,0.25,knn25_all_views__w0.25,756289,156,125306131.35377355,12.871888499573336,8.776131830456492,19.193534263137614,24.4809631219269,40.53732750764298,0.3473729716977081,0.5097027530041396
repeated:v2:3,repeated,v2,3,knn25_all_views,0.5,knn25_all_views__w0.50,756289,156,141650450.2125117,13.685639243671853,9.028448102978292,19.359967871472044,26.86678530285233,42.60607441855707,0.38183469820024374,0.5431237690573342
repeated:v2:3,repeated,v2,3,knn25_all_views,0.75,knn25_all_views__w0.75,756289,156,168587205.8399958,14.930295882741742,9.337457546616054,21.72968603815124,30.1270877998887,44.723068109852505,0.4037493318038713,0.5673839017242096
repeated:v2:3,repeated,v2,3,knn25_all_views,1.0,knn25_all_views__w1.00,756289,156,206116398.23622587,16.50868118476761,9.988329501059543,23.123421652197287,31.6042814366773,53.16789678522486,0.4273108672894614,0.5887832295801239
repeated:v2:4,repeated,v2,4,ridge_original_a1,0.25,ridge_original_a1__w0.25,758742,152,125224039.62958746,12.84685411208116,10.220691890241401,17.42126229098804,21.98969293968493,44.37227551515775,0.291208581365279,0.4278187840032271
repeated:v2:4,repeated,v2,4,ridge_original_a1,0.5,ridge_original_a1__w0.50,758742,152,126971987.0990812,12.936205191665834,10.046470467872293,17.664156583807724,22.394901747778363,43.99542953294979,0.2942040949195101,0.43401053465730455
repeated:v2:4,repeated,v2,4,ridge_original_a1,0.75,ridge_original_a1__w0.75,758742,152,130101483.65358624,13.094655041669167,10.119596768844747,18.22741993809837,22.542429264734068,43.62015378705765,0.30316272428475693,0.43920031405505405
repeated:v2:4,repeated,v2,4,ridge_original_a1,1.0,ridge_original_a1__w1.00,758742,152,134612529.29310256,13.319737920671919,10.339706859192741,19.257211336740617,22.89911148545837,43.246489155149874,0.31369536001994097,0.44415789511904546
repeated:v2:4,repeated,v2,4,ridge_original_a10,0.25,ridge_original_a10__w0.25,758742,152,126696697.06598711,12.922173983638912,10.375020083262193,17.470140372264673,22.06830709931945,45.36069407059472,0.2988259687895807,0.4197453947285237
repeated:v2:4,repeated,v2,4,ridge_original_a10,0.5,ridge_original_a10__w0.50,758742,152,129513922.31005423,13.065052690747867,10.164302584080556,17.605990720369483,22.64742131550637,45.974489804016734,0.2990543776564207,0.4193545820171821
repeated:v2:4,repeated,v2,4,ridge_original_a10,0.75,ridge_original_a10__w0.75,758742,152,133309316.97730637,13.255105512771543,10.145050195917975,18.12441015607118,21.998894429509832,46.59189091183324,0.2974320984588185,0.4207153089048434
repeated:v2:4,repeated,v2,4,ridge_original_a10,1.0,ridge_original_a10__w1.00,758742,152,138082881.06774354,13.490338820485562,10.297989558119289,18.654469577004022,21.981156585794288,47.212755951836535,0.29537622281424797,0.42151678910327106
repeated:v2:4,repeated,v2,4,ridge_original_a100,0.25,ridge_original_a100__w0.25,758742,152,128540863.26926498,13.01588022970517,10.232547441178266,17.641971699551465,23.531027801846474,46.47305008923016,0.3081085760338388,0.43297281698728596
repeated:v2:4,repeated,v2,4,ridge_original_a100,0.5,ridge_original_a100__w0.50,758742,152,135691727.76929915,13.373023990027242,9.707738504998474,18.54268269079279,22.958634512960657,48.2026537720386,0.3193652886386878,0.4426396315883354
repeated:v2:4,repeated,v2,4,ridge_original_a100,0.75,ridge_original_a100__w0.75,758742,152,146310234.7452075,13.886419825152846,10.105011964705234,19.2539238461962,23.83113185808847,49.93871442510617,0.3283262926459453,0.4490906299682019
repeated:v2:4,repeated,v2,4,ridge_original_a100,1.0,ridge_original_a100__w1.00,758742,152,160396384.19699004,14.539525195882137,10.253339069767389,20.103920526742158,25.144400186825905,51.680581342433975,0.33450754677685834,0.45902592874783293
repeated:v2:4,repeated,v2,4,ridge_backtest_single_a1,0.25,ridge_backtest_single_a1__w0.25,758742,152,128289920.53522189,13.003168955765535,10.440599123200128,17.584113125345795,21.85275835905848,44.90073488230542,0.2866231952195328,0.4092120586589752
repeated:v2:4,repeated,v2,4,ridge_backtest_single_a1,0.5,ridge_backtest_single_a1__w0.50,758742,152,133981167.12789586,13.288464968219818,10.703616170712344,18.596789013971883,22.443389838467933,45.05368968239904,0.27279199233069523,0.3998805265872853
repeated:v2:4,repeated,v2,4,ridge_backtest_single_a1,0.75,ridge_backtest_single_a1__w0.75,758742,152,141931381.02312696,13.677041093278099,11.234986132162165,19.967647648779533,23.019898508140866,45.209487315164324,0.2601148340838676,0.39852480201523693
repeated:v2:4,repeated,v2,4,ridge_backtest_single_a1,1.0,ridge_backtest_single_a1__w1.00,758742,152,152140562.22091517,14.160397538876579,11.344531259577664,20.594930003113976,24.880285988166694,45.368098493075074,0.25609644649087177,0.3982196837718568
repeated:v2:4,repeated,v2,4,ridge_backtest_single_a10,0.25,ridge_backtest_single_a10__w0.25,758742,152,128487126.16545366,13.013159270761932,10.44061817696993,17.601266572886182,22.360085602810567,45.34909157514298,0.2925592069595049,0.41367565584790056
repeated:v2:4,repeated,v2,4,ridge_backtest_single_a10,0.5,ridge_backtest_single_a10__w0.50,758742,152,134326859.85220763,13.30559710117547,10.420020789323623,18.489237372776543,22.649084353148563,45.95114108176269,0.2843747688063048,0.4109333404281346
repeated:v2:4,repeated,v2,4,ridge_backtest_single_a10,0.75,ridge_backtest_single_a10__w0.75,758742,152,142376842.3053669,13.698487440105602,10.766559448493679,19.38722109904891,22.993005890115196,46.556660536335464,0.28003861277531383,0.41214970686938857
repeated:v2:4,repeated,v2,4,ridge_backtest_single_a10,1.0,ridge_backtest_single_a10__w1.00,758742,152,152637073.52493152,14.183484973376,10.992783347779461,20.477437866952354,23.667439332736457,47.16551629558671,0.27729481498506625,0.41424343235289013
repeated:v2:4,repeated,v2,4,ridge_backtest_cumulative_a1,0.25,ridge_backtest_cumulative_a1__w0.25,758742,152,126651346.14568326,12.919861038835144,10.133984211931867,17.75714403939014,21.755542866711995,44.98105902072811,0.2930075682935965,0.42207143127343855
repeated:v2:4,repeated,v2,4,ridge_backtest_cumulative_a1,0.5,ridge_backtest_cumulative_a1__w0.50,758742,152,129841136.28676753,13.081546558592123,9.954038021583845,18.16054088962753,21.6917158511088,45.21495027068647,0.2877661304220967,0.4219365292932631
repeated:v2:4,repeated,v2,4,ridge_backtest_cumulative_a1,0.75,ridge_backtest_cumulative_a1__w0.75,758742,152,134427011.66835785,13.310556390112497,10.10754029364848,18.95522040131305,22.334500674988185,45.45227202553012,0.2824309591331602,0.4211557591112989
repeated:v2:4,repeated,v2,4,ridge_backtest_cumulative_a1,1.0,ridge_backtest_cumulative_a1__w1.00,758742,152,140408972.29045418,13.603490817141896,10.224533538084728,19.79764426689758,23.085742344689947,45.69297083286044,0.279526402965279,0.4206625363591032
repeated:v2:4,repeated,v2,4,ridge_backtest_cumulative_a10,0.25,ridge_backtest_cumulative_a10__w0.25,758742,152,127322148.64165935,12.954030551965092,10.506200626546002,17.59447457388985,22.005725736367587,45.50261264132015,0.2990409801124003,0.42016110508978227
repeated:v2:4,repeated,v2,4,ridge_backtest_cumulative_a10,0.5,ridge_backtest_cumulative_a10__w0.50,758742,152,131249256.10900621,13.152289593186275,10.287234219545661,17.84478112443902,22.19471816445985,46.25921855623952,0.29847285603782553,0.4218470552894684
repeated:v2:4,repeated,v2,4,ridge_backtest_cumulative_a10,0.75,ridge_backtest_cumulative_a10__w0.75,758742,152,136638963.64714563,13.419619969072455,10.166017343884263,18.628812393915137,23.163701924387,47.020245564684465,0.2966306550492238,0.4258972523589734
repeated:v2:4,repeated,v2,4,ridge_backtest_cumulative_a10,1.0,ridge_backtest_cumulative_a10__w1.00,758742,152,143491271.2560776,13.751994155580554,10.386244979915482,19.415724490285328,23.661869253645627,47.78548243738796,0.2953638852445484,0.4282825299772599
repeated:v2:4,repeated,v2,4,ridge_slope_single_a1,0.25,ridge_slope_single_a1__w0.25,758742,152,127482227.36035892,12.962171371349537,10.261470666994054,17.76333481427552,21.95763684443314,44.783357090061166,0.2898903779220766,0.41950622471104937
repeated:v2:4,repeated,v2,4,ridge_slope_single_a1,0.5,ridge_slope_single_a1__w0.50,758742,152,131659848.9844483,13.172845974632422,10.518976542166914,18.08151819899801,21.7833468469167,44.81743416078691,0.28122051291049033,0.41572229496921026
repeated:v2:4,repeated,v2,4,ridge_slope_single_a1,0.75,ridge_slope_single_a1__w0.75,758742,152,137390506.11737314,13.456474699653826,10.696812621827984,18.589433658057334,21.79543496184451,44.852880149675165,0.27453564525392266,0.4129200175449209
repeated:v2:4,repeated,v2,4,ridge_slope_single_a1,1.0,ridge_slope_single_a1__w1.00,758742,152,144674198.75913346,13.808562831567064,11.072061003898362,19.6685565335176,22.068931944912276,44.88969181393314,0.2715858670532218,0.41163223585578407
repeated:v2:4,repeated,v2,4,ridge_slope_single_a10,0.25,ridge_slope_single_a10__w0.25,758742,152,127578345.98526706,12.967057037988305,10.46723232742761,17.57927925960091,22.231678768988402,45.5086814809514,0.3001358037202692,0.4214003948806895
repeated:v2:4,repeated,v2,4,ridge_slope_single_a10,0.5,ridge_slope_single_a10__w0.50,758742,152,131890347.30296181,13.184371854023789,10.342970402033712,17.931877565761912,22.6116985185312,46.270521464186054,0.3002935095684185,0.42281077298290703
repeated:v2:4,repeated,v2,4,ridge_slope_single_a10,0.75,ridge_slope_single_a10__w0.75,758742,152,137793645.19818932,13.476202617397583,10.588934874405176,18.61791310298697,22.290614244847003,47.03598685600794,0.2984601157323065,0.42592493095807216
repeated:v2:4,repeated,v2,4,ridge_slope_single_a10,1.0,ridge_slope_single_a10__w1.00,758742,152,145288239.67094955,13.837835655418745,10.697718821188388,19.30504876605886,22.58372780824458,47.80490350358671,0.29727114245681086,0.427013288099324
repeated:v2:4,repeated,v2,4,ridge_local_long_a1,0.25,ridge_local_long_a1__w0.25,758742,152,128069093.23881878,12.991972864260724,10.407525069898355,17.83192942074458,22.005091190264753,44.95320583493014,0.2921016124729607,0.4141369588130947
repeated:v2:4,repeated,v2,4,ridge_local_long_a1,0.5,ridge_local_long_a1__w0.50,758742,152,133302391.10823698,13.254761184558912,10.741261426380223,18.04476511838669,22.29755915430354,45.15774176650723,0.283992710243359,0.4096236215428926
repeated:v2:4,repeated,v2,4,ridge_local_long_a1,0.75,ridge_local_long_a1__w0.75,758742,152,140557534.85335964,13.610685639267517,10.908639715564915,19.332341083301,23.07291539280896,45.364233048276866,0.2743148030533556,0.40734460180745685
repeated:v2:4,repeated,v2,4,ridge_local_long_a1,1.0,ridge_local_long_a1__w1.00,758742,152,149834524.47418675,14.052671185205588,10.957584208068452,19.92867659761626,23.233391490446714,45.57265310096691,0.2689340467662115,0.40674728762620277
repeated:v2:4,repeated,v2,4,ridge_local_long_a10,0.25,ridge_local_long_a10__w0.25,758742,152,128117791.93734832,12.994442749927238,10.471869195963414,17.571908665250135,22.14491941353979,45.473713002936464,0.2991023496436229,0.41950501057092343
repeated:v2:4,repeated,v2,4,ridge_local_long_a10,0.5,ridge_local_long_a10__w0.50,758742,152,133516191.39142016,13.265386411488604,10.329079033631821,18.116011206139696,22.829118144485253,46.200651217197084,0.2973625860684017,0.4178627929570413
repeated:v2:4,repeated,v2,4,ridge_local_long_a10,0.75,ridge_local_long_a10__w0.75,758742,152,141052839.60732052,13.634645609764313,10.6683995138204,18.80815841898963,23.337762368966466,46.931286537644546,0.2938017291545391,0.42203079526724385
repeated:v2:4,repeated,v2,4,ridge_local_long_a10,1.0,ridge_local_long_a10__w1.00,758742,152,150727736.58504936,14.094495207506109,10.292404871323674,19.725269247365727,23.013607317377872,47.66544895235581,0.2906537001724359,0.4245008277987345
repeated:v2:4,repeated,v2,4,ridge_all_views_a1,0.25,ridge_all_views_a1__w0.25,758742,152,129105884.36490105,13.044455512126685,10.584184861886145,17.85621569121499,22.112560215688305,45.01193808731035,0.287691884740344,0.41148028061524705
repeated:v2:4,repeated,v2,4,ridge_all_views_a1,0.5,ridge_all_views_a1__w0.50,758742,152,135689358.38087606,13.372907232627707,10.997182871555278,18.604533676281285,22.366174753677626,45.275283396318684,0.27510703652964547,0.4008916947513238
repeated:v2:4,repeated,v2,4,ridge_all_views_a1,0.75,ridge_all_views_a1__w0.75,758742,152,144608063.29303008,13.805406290392101,11.276497857568835,19.81256185552308,22.53435871417524,45.54065226742851,0.26086495726657905,0.39488651289897125
repeated:v2:4,repeated,v2,4,ridge_all_views_a1,1.0,ridge_all_views_a1__w1.00,758742,152,155861999.10136306,14.332536571690524,11.40054587914143,21.04622534477424,23.386642427037287,45.80800953276048,0.2557527460686163,0.3939297464601301
repeated:v2:4,repeated,v2,4,ridge_all_views_a10,0.25,ridge_all_views_a10__w0.25,758742,152,128722114.86085081,13.025053646983386,10.497055345433411,17.657606911497982,22.30383119286579,45.441701124693424,0.29503720646349646,0.4153477452056882
repeated:v2:4,repeated,v2,4,ridge_all_views_a10,0.5,ridge_all_views_a10__w0.50,758742,152,134754130.50359273,13.326741708806567,10.48022177061883,18.453611068428536,22.58822742407883,46.136430929111356,0.28927915317987246,0.4116466993690901
repeated:v2:4,repeated,v2,4,ridge_all_views_a10,0.75,ridge_all_views_a10__w0.75,758742,152,142953688.17333078,13.72620939328493,10.80290311616967,19.058415773834902,23.66824115730001,46.83467768151723,0.28255464019074483,0.41146766030854526
repeated:v2:4,repeated,v2,4,ridge_all_views_a10,1.0,ridge_all_views_a10__w1.00,758742,152,153320787.87006497,14.21521585175448,10.945375305185909,20.217258950587237,23.45168136902152,47.536286403870456,0.2769173825392795,0.4108194882852001
repeated:v2:4,repeated,v2,4,ridge_all_views_a100,0.25,ridge_all_views_a100__w0.25,758742,152,128933861.71731366,13.035762299774246,10.282536830911326,17.681139101002866,23.607424687212156,46.34039602703159,0.30708521235943587,0.43116814917621066
repeated:v2:4,repeated,v2,4,ridge_all_views_a100,0.5,ridge_all_views_a100__w0.50,758742,152,136664938.19300416,13.4208954177482,9.842560334877998,18.71507912221118,22.744418187891778,47.93698122263374,0.3167734117318188,0.43926016501984533
repeated:v2:4,repeated,v2,4,ridge_all_views_a100,0.75,ridge_all_views_a100__w0.75,758742,152,148050870.67217648,13.968778162126874,10.470613958667268,19.439174906041014,24.256868465641855,49.53974621059899,0.3236710122631651,0.44528187141632575
repeated:v2:4,repeated,v2,4,ridge_all_views_a100,1.0,ridge_all_views_a100__w1.00,758742,152,163091659.15483063,14.661176191627654,11.064867757359842,20.04598470688035,26.00767629860175,51.14811004872396,0.3268041040102754,0.45631272891627334
repeated:v2:4,repeated,v2,4,ridge_all_views_no_indicator_a1,0.25,ridge_all_views_no_indicator_a1__w0.25,758742,152,129062232.95022452,13.042250124363735,10.506086131488267,17.954947521845444,22.13459798323417,44.91064911437526,0.28704950217387193,0.4115809247747346
repeated:v2:4,repeated,v2,4,ridge_all_views_no_indicator_a1,0.5,ridge_all_views_no_indicator_a1__w0.50,758742,152,135628139.6463206,13.369890176506,10.932445445580374,18.771167537929603,22.538233510852702,45.07232439797253,0.2738200236658633,0.40105198166477646
repeated:v2:4,repeated,v2,4,ridge_all_views_no_indicator_a1,0.75,ridge_all_views_no_indicator_a1__w0.75,758742,152,144555361.3333933,13.802890392416103,11.336821126068294,20.07801278763861,22.248768076994562,45.235659921174076,0.2589173272823158,0.3952527830311127
repeated:v2:4,repeated,v2,4,ridge_all_views_no_indicator_a1,1.0,ridge_all_views_no_indicator_a1__w1.00,758742,152,155843898.0114426,14.331704290353231,11.449865090572215,21.051881291333235,23.659185328605396,45.400637765109316,0.2546759348898724,0.39445940713257466
repeated:v2:4,repeated,v2,4,ridge_all_views_original_boost4_a1,0.25,ridge_all_views_original_boost4_a1__w0.25,758742,152,128732662.05488019,13.025587257521936,10.57606702882681,17.904159385073683,22.098374226316604,45.02134427138236,0.28925559143415214,0.4126850330145439
repeated:v2:4,repeated,v2,4,ridge_all_views_original_boost4_a1,0.5,ridge_all_views_original_boost4_a1__w0.50,758742,152,134701783.922913,13.324153004775997,10.879952409291247,18.212740840575197,22.25003034123967,45.29397561111274,0.27845298073045655,0.40376840667210795
repeated:v2:4,repeated,v2,4,ridge_all_views_original_boost4_a1,0.75,ridge_all_views_original_boost4_a1__w0.75,758742,152,142765006.8492035,13.71714794638614,11.232709190904783,19.62498736289195,22.817242010823986,45.56851127909205,0.26590972495389753,0.3988478334673698
repeated:v2:4,repeated,v2,4,ridge_all_views_original_boost4_a1,1.0,ridge_all_views_original_boost4_a1__w1.00,758742,152,152922330.83375165,14.196732260221388,11.27714271832022,20.154555870335525,23.55958516001324,45.844917063948586,0.2593520506576217,0.3958256887641691
repeated:v2:4,repeated,v2,4,ridge_all_views_original_boost4_a10,0.25,ridge_all_views_original_boost4_a10__w0.25,758742,152,128445265.54094398,13.011039278798982,10.491517213045402,17.655400400144256,22.369651645899037,45.48356763394522,0.2963414769467463,0.4169225337814368
repeated:v2:4,repeated,v2,4,ridge_all_views_original_boost4_a10,0.5,ridge_all_views_original_boost4_a10__w0.50,758742,152,134098904.38296987,13.29430237006764,10.475887533204391,18.446733838211205,22.520934468150557,46.22026103202441,0.29196313082238795,0.41472180181970897
repeated:v2:4,repeated,v2,4,ridge_all_views_original_boost4_a10,0.75,ridge_all_views_original_boost4_a10__w0.75,758742,152,141818557.7711827,13.671603976343219,10.684999482125638,19.050238348670675,23.77417088165527,46.96055446531616,0.2868177146786814,0.4158226850723687
repeated:v2:4,repeated,v2,4,ridge_all_views_original_boost4_a10,1.0,ridge_all_views_original_boost4_a10__w1.00,758742,152,151604225.70558244,14.13541589243072,10.816451175976457,19.8338057521502,23.59999647541697,47.70428033390739,0.2826871268398335,0.41642767445888945
repeated:v2:4,repeated,v2,4,ridge_per_view_ensemble_a1,0.25,ridge_per_view_ensemble_a1__w0.25,758742,152,126863762.50541069,12.930690928104335,10.303368480570274,17.58503075295258,22.175500840218753,44.712204279874484,0.29254860692660467,0.42069589682130454
repeated:v2:4,repeated,v2,4,ridge_per_view_ensemble_a1,0.5,ridge_per_view_ensemble_a1__w0.50,758742,152,130112490.71218693,13.095208957669675,10.54234579679428,18.033634857676837,22.190999245397403,44.67576185556327,0.2861165773927131,0.418188358057364
repeated:v2:4,repeated,v2,4,ridge_per_view_ensemble_a1,0.75,ridge_per_view_ensemble_a1__w0.75,758742,152,134603825.86543375,13.319307317183291,10.62978567173479,18.869754914064046,21.897203999743084,44.64132970296515,0.27799820196886477,0.41496287581578856
repeated:v2:4,repeated,v2,4,ridge_per_view_ensemble_a1,1.0,ridge_per_view_ensemble_a1__w1.00,758742,152,140337767.96515113,13.600041072429912,10.667294395671982,19.419183394556924,22.07843421364076,44.60891247706826,0.27423634523044776,0.4123105155081621
repeated:v2:4,repeated,v2,4,extra_trees_all_views,0.25,extra_trees_all_views__w0.25,758742,152,130039211.60323544,13.091520839839001,9.952736193653717,18.073633150038148,22.653231345208297,49.505472973207084,0.3206407389658298,0.446343009624171
repeated:v2:4,repeated,v2,4,extra_trees_all_views,0.5,extra_trees_all_views__w0.50,758742,152,141106613.66317362,13.637244353365519,9.616231481662293,19.369467352646165,22.680389184591725,54.27239763049244,0.343870419092005,0.46204414845160047
repeated:v2:4,repeated,v2,4,extra_trees_all_views,0.75,extra_trees_all_views__w0.75,758742,152,158059847.42491958,14.433236126016157,10.260149127032285,19.87682170366676,25.374994232458608,59.0484947395236,0.3570725389897545,0.4748318414669089
repeated:v2:4,repeated,v2,4,extra_trees_all_views,1.0,extra_trees_all_views__w1.00,758742,152,180898912.88847327,15.440839758502559,10.740607629948123,21.127795587992846,28.86520488637028,63.83170539492683,0.3706957695953823,0.4920007851991308
repeated:v2:4,repeated,v2,4,hist_gradient_all_views,0.25,hist_gradient_all_views__w0.25,758742,152,126728123.4166876,12.923776517886,10.094276472655789,18.01840006560596,23.47337195372151,45.4385768017691,0.30462864972981374,0.43718698391526806
repeated:v2:4,repeated,v2,4,hist_gradient_all_views,0.5,hist_gradient_all_views__w0.50,758742,152,134180019.42292519,13.298322555201878,9.992060890659207,19.51367568990829,22.793329959931505,47.03319035931282,0.3096748105012312,0.4475996761053948
repeated:v2:4,repeated,v2,4,hist_gradient_all_views,0.75,hist_gradient_all_views__w0.75,758742,152,147213329.2638178,13.929210602282662,10.573766928787649,20.366996807073754,24.56747408154838,49.68462141316173,0.31458437096569103,0.4528833151941571
repeated:v2:4,repeated,v2,4,hist_gradient_all_views,1.0,hist_gradient_all_views__w1.00,758742,152,165828052.9393654,14.783659058092475,10.851607436874534,21.200117215316343,26.04562833403228,52.34707224852693,0.32438734649027845,0.467520363130774
repeated:v2:4,repeated,v2,4,knn25_all_views,0.25,knn25_all_views__w0.25,758742,152,129714995.88355424,13.07519066642434,9.918411607479138,18.040059114668143,23.37108095107117,48.2799490605189,0.311256351052159,0.44111409176528815
repeated:v2:4,repeated,v2,4,knn25_all_views,0.5,knn25_all_views__w0.50,758742,152,142981109.87704659,13.727525826611611,9.988261899238463,19.37516818760834,23.51952362478232,51.82989222329739,0.3230497896439013,0.4548087786924715
repeated:v2:4,repeated,v2,4,knn25_all_views,0.75,knn25_all_views__w0.75,758742,152,164655983.22558203,14.731321094177918,10.01835004183683,20.510491530498967,26.568151458686838,55.39651252557765,0.3274945402112892,0.46413540788661706
repeated:v2:4,repeated,v2,4,knn25_all_views,1.0,knn25_all_views__w1.00,758742,152,194739615.9291606,16.020648505656617,11.367944820004631,22.661341022768017,29.65853293668336,58.9767843955558,0.3368311140035147,0.4772300383860534
repeated:v3:0,repeated,v3,0,ridge_original_a1,0.25,ridge_original_a1__w0.25,754707,148,115712391.68930882,12.382283580093526,8.885237530100913,20.064738821793675,22.92874521182163,30.36933426129741,0.2581601390225176,0.4075739005041802
repeated:v3:0,repeated,v3,0,ridge_original_a1,0.5,ridge_original_a1__w0.50,754707,148,114749414.77446339,12.330652268679687,8.928762114954948,19.81839621401241,22.41606357533625,30.149461671094706,0.25229601981102145,0.4003416360004487
repeated:v3:0,repeated,v3,0,ridge_original_a1,0.75,ridge_original_a1__w0.75,754707,148,114781974.66877851,12.33240154234453,9.217208429033835,19.437854817721075,22.735299135372106,29.935929099816015,0.24999966704993928,0.393935151717765
repeated:v3:0,repeated,v3,0,ridge_original_a1,1.0,ridge_original_a1__w1.00,754707,148,115810071.37225421,12.387508787057723,9.62696905458752,19.998678433510484,22.9353582716995,29.728873162493407,0.24643637607396165,0.3889056030780916
repeated:v3:0,repeated,v3,0,ridge_original_a10,0.25,ridge_original_a10__w0.25,754707,148,120906204.81500648,12.657126058566512,8.969001595879103,20.725936812726736,24.037037978039127,31.66725063621523,0.2747793386033635,0.42899109077096187
repeated:v3:0,repeated,v3,0,ridge_original_a10,0.5,ridge_original_a10__w0.50,754707,148,125531868.00847004,12.8969734763986,9.38535673377519,21.0458532953731,24.563574391937845,32.748277218726685,0.282735496541882,0.4376757007948791
repeated:v3:0,repeated,v3,0,ridge_original_a10,0.75,ridge_original_a10__w0.75,754707,148,131547894.99370556,13.202396222934421,9.603295098373739,21.34849722549538,24.603455015268842,33.83760952158297,0.288213576912606,0.4462839416973082
repeated:v3:0,repeated,v3,0,ridge_original_a10,1.0,ridge_original_a10__w1.00,754707,148,138954285.770713,13.568966931631742,9.951247832779906,21.67204391097968,25.097946877599764,34.93447058248515,0.2931294548891689,0.4527260293480337
repeated:v3:0,repeated,v3,0,ridge_original_a100,0.25,ridge_original_a100__w0.25,754707,148,125348296.39898339,12.8875400775931,9.22450378828956,20.778583357482827,24.855161483279254,32.052349881812226,0.2874174135553826,0.4482426631317454
repeated:v3:0,repeated,v3,0,ridge_original_a100,0.5,ridge_original_a100__w0.50,754707,148,137261477.26182425,13.48606179185572,9.387458664521521,21.572784123478286,26.444695995991847,33.524918957695164,0.3097976314801444,0.4728443411319687
repeated:v3:0,repeated,v3,0,ridge_original_a100,0.75,ridge_original_a100__w0.75,754707,148,153410448.00183743,14.257332564980153,10.032174485922923,21.371820535766172,28.17093997354541,35.01114535178454,0.3268391404842021,0.4916780691192869
repeated:v3:0,repeated,v3,0,ridge_original_a100,1.0,ridge_original_a100__w1.00,754707,148,173795208.61902297,15.175035317772636,10.336518985477534,23.49017196351427,30.352511449102543,38.75707209955532,0.3424104040058165,0.5020162873242198
repeated:v3:0,repeated,v3,0,ridge_backtest_single_a1,0.25,ridge_backtest_single_a1__w0.25,754707,148,121690822.66811343,12.698128699416646,9.253349311262356,20.70124907985836,23.020239436963333,31.200908586577718,0.2603261204717683,0.4133737848341889
repeated:v3:0,repeated,v3,0,ridge_backtest_single_a1,0.5,ridge_backtest_single_a1__w0.50,754707,148,128507249.30596574,13.048921687587013,9.566038272834042,20.931130513154432,23.38821027987803,31.819027987307315,0.2576738698768313,0.40845737769882484
repeated:v3:0,repeated,v3,0,ridge_backtest_single_a1,0.75,ridge_backtest_single_a1__w0.75,754707,148,138120185.32687178,13.52818043520216,9.88249800753294,21.984242855029557,24.345926866435452,32.44904714485812,0.2591895713777221,0.41169257769370526
repeated:v3:0,repeated,v3,0,ridge_backtest_single_a1,1.0,ridge_backtest_single_a1__w1.00,754707,148,150529630.73083156,14.122832524064428,10.323143227490153,21.811293627961266,25.95959145006261,33.0902863735646,0.26441513899801466,0.422172783454392
repeated:v3:0,repeated,v3,0,ridge_backtest_single_a10,0.25,ridge_backtest_single_a10__w0.25,754707,148,123571640.56354704,12.795881725642872,9.348484505456195,21.005159415055648,23.946014030097498,31.581922348706776,0.2716238688511179,0.42909617288327484
repeated:v3:0,repeated,v3,0,ridge_backtest_single_a10,0.5,ridge_backtest_single_a10__w0.50,754707,148,132351452.60883947,13.242658114911531,9.590442516172889,21.04184079662153,24.684770714462296,32.57838321956208,0.2825029819311984,0.43723810141225555
repeated:v3:0,repeated,v3,0,ridge_backtest_single_a10,0.75,ridge_backtest_single_a10__w0.75,754707,148,144010341.5491921,13.813624654567304,10.01167162704374,22.03745875688753,26.50699799896306,33.58390725041866,0.28876334553118094,0.44493905273599593
repeated:v3:0,repeated,v3,0,ridge_backtest_single_a10,1.0,ridge_backtest_single_a10__w1.00,754707,148,158548307.384605,14.494112100544601,10.533599564234311,22.557825928361783,28.751150099902958,34.59770423383582,0.2910128326879991,0.4570266868137968
repeated:v3:0,repeated,v3,0,ridge_backtest_cumulative_a1,0.25,ridge_backtest_cumulative_a1__w0.25,754707,148,119213167.80996917,12.568195429856967,9.034226594612335,20.029729833729704,23.18400939835351,29.924915592343424,0.26205397929276847,0.40805282500947704
repeated:v3:0,repeated,v3,0,ridge_backtest_cumulative_a1,0.5,ridge_backtest_cumulative_a1__w0.50,754707,148,122183551.93517822,12.723810254011187,9.12464851876137,19.46043157781016,23.09607982473175,29.324281396481823,0.2595255734743459,0.39763035827962445
repeated:v3:0,repeated,v3,0,ridge_backtest_cumulative_a1,0.75,ridge_backtest_cumulative_a1__w0.75,754707,148,126582057.78894196,12.950808650926183,9.591340172059851,19.677671373064875,23.336386635025754,29.637727800120242,0.2570889400777761,0.39074924784319975
repeated:v3:0,repeated,v3,0,ridge_backtest_cumulative_a1,1.0,ridge_backtest_cumulative_a1__w1.00,754707,148,132408685.3712604,13.245521067951616,9.951080311303848,20.545103646715035,23.88233952857489,29.95233309661821,0.2529289392792748,0.3901286826448555
repeated:v3:0,repeated,v3,0,ridge_backtest_cumulative_a10,0.25,ridge_backtest_cumulative_a10__w0.25,754707,148,122251230.31052558,12.727333672587037,9.209177066814476,20.910019561254373,24.01310192120462,31.228248900989573,0.2731157013275126,0.42630617858530956
repeated:v3:0,repeated,v3,0,ridge_backtest_cumulative_a10,0.5,ridge_backtest_cumulative_a10__w0.50,754707,148,128916006.38732776,13.069658278026228,9.482968431566052,21.428776185480288,24.399312095581184,31.869217322704028,0.27884467802065827,0.43271270633040765
repeated:v3:0,repeated,v3,0,ridge_backtest_cumulative_a10,0.75,ridge_backtest_cumulative_a10__w0.75,754707,148,137665233.6437214,13.505881938434513,9.697838487147813,21.85718239140974,24.809702429513635,32.51783471175117,0.2838238027189964,0.4391002270638147
repeated:v3:0,repeated,v3,0,ridge_backtest_cumulative_a10,1.0,ridge_backtest_cumulative_a10__w1.00,754707,148,148498912.0797065,14.0272470821977,10.143406384226715,22.146863251160912,26.58721783573425,33.528634801496835,0.2877141123895363,0.44753939027377204
repeated:v3:0,repeated,v3,0,ridge_slope_single_a1,0.25,ridge_slope_single_a1__w0.25,754707,148,119569488.82831135,12.586964207318667,8.873617910734893,20.311634596628185,22.821942407081725,31.68466743822718,0.2602414084638164,0.40962401213150673
repeated:v3:0,repeated,v3,0,ridge_slope_single_a1,0.5,ridge_slope_single_a1__w0.50,754707,148,123765859.04033442,12.805933469362712,9.267994314546293,20.567021542745024,22.96584409326605,32.78532878004534,0.26445829887946404,0.4105351533077695
repeated:v3:0,repeated,v3,0,ridge_slope_single_a1,0.75,ridge_slope_single_a1__w0.75,754707,148,130260016.04938401,13.137610279581475,9.584773810257662,20.530034111608366,24.01948106465544,33.89628330593001,0.27995606843702237,0.4194527605358221
repeated:v3:0,repeated,v3,0,ridge_slope_single_a1,1.0,ridge_slope_single_a1__w1.00,754707,148,139051959.85546014,13.573735059503095,9.84511187700542,20.1676923322462,24.41444102393643,40.47562148808152,0.29728515061848954,0.4344483981895581
repeated:v3:0,repeated,v3,0,ridge_slope_single_a10,0.25,ridge_slope_single_a10__w0.25,754707,148,123127227.40780513,12.77285144036651,9.110061692696355,20.984358051629552,23.928935843901815,32.265789598141644,0.2742961065804401,0.42942899672982743
repeated:v3:0,repeated,v3,0,ridge_slope_single_a10,0.5,ridge_slope_single_a10__w0.50,754707,148,131067635.20603938,13.178274294949691,9.521514452996877,21.49994620250993,24.588575241084666,33.951089614917166,0.2834558674318569,0.44024237090978185
repeated:v3:0,repeated,v3,0,ridge_slope_single_a10,0.75,ridge_slope_single_a10__w0.75,754707,148,141492128.80801758,13.69231719204873,9.535678187348864,21.95285680570313,26.30368476329647,35.649194202222795,0.28995525618834245,0.45396144621039186
repeated:v3:0,repeated,v3,0,ridge_slope_single_a10,1.0,ridge_slope_single_a10__w1.00,754707,148,154400708.21373972,14.303273891032678,10.094294975467529,22.957527516577787,27.443907318633777,37.35835732569786,0.3019843872766631,0.46740475858206615
repeated:v3:0,repeated,v3,0,ridge_local_long_a1,0.25,ridge_local_long_a1__w0.25,754707,148,121547560.45221771,12.69065197381332,9.224597354651948,20.316139962656887,23.12079331768252,32.21560601392283,0.2635987122709156,0.4149881325599583
repeated:v3:0,repeated,v3,0,ridge_local_long_a1,0.5,ridge_local_long_a1__w0.50,754707,148,128078479.84703144,13.02713438029295,9.363188354510418,21.08582859372865,23.513644782113495,33.85130202569158,0.2616563995551581,0.41432771210325947
repeated:v3:0,repeated,v3,0,ridge_local_long_a1,0.75,ridge_local_long_a1__w0.75,754707,148,137263663.59775603,13.486169196149524,9.953789127028815,21.504636327472216,25.68353325216921,35.50035574882165,0.2651395279506607,0.42341251045187606
repeated:v3:0,repeated,v3,0,ridge_local_long_a1,1.0,ridge_local_long_a1__w1.00,754707,148,149103111.70439145,14.05575454379227,10.24487059412094,21.676415924347875,26.813333082611006,37.16098894296559,0.27753438375935463,0.4362925627568047
repeated:v3:0,repeated,v3,0,ridge_local_long_a10,0.25,ridge_local_long_a10__w0.25,754707,148,123549598.75787367,12.79474045683919,9.180385853255988,20.97664208651964,24.436184189790282,32.19028071764641,0.27400279859827753,0.431993461128931
repeated:v3:0,repeated,v3,0,ridge_local_long_a10,0.5,ridge_local_long_a10__w0.50,754707,148,132241099.90190938,13.237136196247286,9.534589510152419,21.210511353680374,25.357026853392174,33.79917636180208,0.2844143089466334,0.4430609397185339
repeated:v3:0,repeated,v3,0,ridge_local_long_a10,0.75,ridge_local_long_a10__w0.75,754707,148,143745408.84542197,13.800912492377595,9.729978917880153,21.692282953782335,27.000367687399645,35.42018597477983,0.2913404337044545,0.4529827405772189
repeated:v3:0,repeated,v3,0,ridge_local_long_a10,1.0,ridge_local_long_a10__w1.00,754707,148,158062525.58841142,14.471890553437351,10.321968406281794,22.818902872156784,28.437919577154357,37.051719635345485,0.2979622292922896,0.4679105262541026
repeated:v3:0,repeated,v3,0,ridge_all_views_a1,0.25,ridge_all_views_a1__w0.25,754707,148,121880631.35888582,12.708027868568257,9.253414550595613,20.616060189789273,23.15403190530677,31.283878448842714,0.2630552855738536,0.4154314665211693
repeated:v3:0,repeated,v3,0,ridge_all_views_a1,0.5,ridge_all_views_a1__w0.50,754707,148,128698793.0791031,13.058642964132053,9.693322212531978,20.722625269476048,23.999366743706513,31.983452704060177,0.2645178026983411,0.40980046155681193
repeated:v3:0,repeated,v3,0,ridge_all_views_a1,0.75,ridge_all_views_a1__w0.75,754707,148,138125390.57396665,13.528435346742823,10.261084547493475,21.29633629064163,24.565845636142942,32.69342001893789,0.26391893770118324,0.4131017452349177
repeated:v3:0,repeated,v3,0,ridge_all_views_a1,1.0,ridge_all_views_a1__w1.00,754707,148,150160423.8434765,14.10550222102292,10.503940271251597,21.24795998788221,26.688158499019256,33.41311789982297,0.2627462082221095,0.4244151558775825
repeated:v3:0,repeated,v3,0,ridge_all_views_a10,0.25,ridge_all_views_a10__w0.25,754707,148,123767769.9560512,12.806032329279606,9.350707538459957,20.99618979396437,23.90972245866347,31.676674535955264,0.2737031511747944,0.4306587029986337
repeated:v3:0,repeated,v3,0,ridge_all_views_a10,0.5,ridge_all_views_a10__w0.50,754707,148,132667417.35085684,13.258455896836862,9.466902012418153,21.192071690284493,25.529278869381873,32.769337576907226,0.2864445330535538,0.44169598489060513
repeated:v3:0,repeated,v3,0,ridge_all_views_a10,0.75,ridge_all_views_a10__w0.75,754707,148,144369847.59773177,13.830856007902673,10.052436343495984,22.239123124596954,27.335834755383832,33.872296217401995,0.2948003034604505,0.45071280743918035
repeated:v3:0,repeated,v3,0,ridge_all_views_a10,1.0,ridge_all_views_a10__w1.00,754707,148,158875060.69667596,14.509039921630318,10.595464773080344,22.269726775287275,29.52392688199202,34.9845767029873,0.30206393688965133,0.46164201365889856
repeated:v3:0,repeated,v3,0,ridge_all_views_a100,0.25,ridge_all_views_a100__w0.25,754707,148,125744921.3155915,12.907913240190066,9.275068041769698,20.70311586220987,24.72100323057145,31.988156631051872,0.28714430724299134,0.4481925178474632
repeated:v3:0,repeated,v3,0,ridge_all_views_a100,0.5,ridge_all_views_a100__w0.50,754707,148,138228455.07106444,13.533481636138244,9.467279566608736,21.50768979693411,26.65528143880982,33.39866391778084,0.30942257786932875,0.4729887745268557
repeated:v3:0,repeated,v3,0,ridge_all_views_a100,0.75,ridge_all_views_a100__w0.75,754707,148,155121506.67973366,14.336621449984221,10.093962166577274,21.274336695156432,28.481762801950115,34.87922760076732,0.3280748229893427,0.49175934370937563
repeated:v3:0,repeated,v3,0,ridge_all_views_a100,1.0,ridge_all_views_a100__w1.00,754707,148,176424076.14159918,15.289375148437028,10.502215005517744,23.923045436872304,30.66402245275179,38.764133716155584,0.34118765418938113,0.5039179410990239
repeated:v3:0,repeated,v3,0,ridge_all_views_no_indicator_a1,0.25,ridge_all_views_no_indicator_a1__w0.25,754707,148,122079336.96322785,12.718382786976097,9.280851095365007,20.698353261615452,23.164052979845227,31.194788864070528,0.2631210289400212,0.4160377429187148
repeated:v3:0,repeated,v3,0,ridge_all_views_no_indicator_a1,0.5,ridge_all_views_no_indicator_a1__w0.50,754707,148,129119834.16089822,13.079986348467921,9.622748623326979,20.896494302158402,24.172743392985307,31.80547312669872,0.26449540550511874,0.4110215672069663
repeated:v3:0,repeated,v3,0,ridge_all_views_no_indicator_a1,0.75,ridge_all_views_no_indicator_a1__w0.75,754707,148,138792397.0063259,13.561060362009611,10.075798028001206,21.167653581457248,24.788338095438423,32.42682423456961,0.2637406084415602,0.41474800174168996
repeated:v3:0,repeated,v3,0,ridge_all_views_no_indicator_a1,1.0,ridge_all_views_no_indicator_a1__w1.00,754707,148,151097025.49951094,14.149424246729376,10.665003281551915,21.580721247371546,27.001148792886116,33.05824072229931,0.2621086000097197,0.4263595249860267
repeated:v3:0,repeated,v3,0,ridge_all_views_original_boost4_a1,0.25,ridge_all_views_original_boost4_a1__w0.25,754707,148,121702875.15868165,12.698757507258403,9.23664497373595,20.660589989172966,23.217509914509577,31.363193549918048,0.2622873418560364,0.41533087620290315
repeated:v3:0,repeated,v3,0,ridge_all_views_original_boost4_a1,0.5,ridge_all_views_original_boost4_a1__w0.50,754707,148,128246416.94207574,13.03567220192215,9.655238204004622,20.734651844612674,23.88940768102027,32.14184320351891,0.2622133012761032,0.40979707493927264
repeated:v3:0,repeated,v3,0,ridge_all_views_original_boost4_a1,0.75,ridge_all_views_original_boost4_a1__w0.75,754707,148,137301530.7634971,13.488029294353534,9.917112199343222,21.583361252906123,24.074177581903488,32.93058834779521,0.2606852549340474,0.4151957067352057
repeated:v3:0,repeated,v3,0,ridge_all_views_original_boost4_a1,1.0,ridge_all_views_original_boost4_a1__w1.00,754707,148,148868216.62294576,14.044678554394586,10.582224908372908,21.361269654643454,26.447660225866375,33.72872074192368,0.26520145623617364,0.42739146961910224
repeated:v3:0,repeated,v3,0,ridge_all_views_original_boost4_a10,0.25,ridge_all_views_original_boost4_a10__w0.25,754707,148,123652142.93705198,12.80004906991403,9.30850237782063,21.01609998347524,23.915768664085217,31.75454439252395,0.2733162217325526,0.4305844709117314
repeated:v3:0,repeated,v3,0,ridge_all_views_original_boost4_a10,0.5,ridge_all_views_original_boost4_a10__w0.50,754707,148,132371551.87694821,13.243663610605752,9.430142685514266,21.428539499825035,25.22689214486163,32.92502309949165,0.2849533034237129,0.44142184949975993
repeated:v3:0,repeated,v3,0,ridge_all_views_original_boost4_a10,0.75,ridge_all_views_original_boost4_a10__w0.75,754707,148,143829132.23300353,13.804931024019075,9.967602001020518,22.48899710397178,27.07482383034377,34.10567832338007,0.29264270408289406,0.45018691672499017
repeated:v3:0,repeated,v3,0,ridge_all_views_original_boost4_a10,1.0,ridge_all_views_original_boost4_a10__w1.00,754707,148,158024884.00521788,14.470167256577614,10.455577175724718,22.952811062321853,29.42877898583054,35.29548884721996,0.30000821941600625,0.4618930162644055
repeated:v3:0,repeated,v3,0,ridge_per_view_ensemble_a1,0.25,ridge_per_view_ensemble_a1__w0.25,754707,148,118840796.33571956,12.548551216554788,9.05137461871454,20.28361495352661,23.16651598536852,30.984986167795096,0.25899971457037513,0.4092200234443243
repeated:v3:0,repeated,v3,0,ridge_per_view_ensemble_a1,0.5,ridge_per_view_ensemble_a1__w0.50,754707,148,121406307.05448763,12.683275771393834,9.125083581062665,20.22215656363316,22.603224123106664,31.38289601915829,0.2569175316889151,0.4020178872380006
repeated:v3:0,repeated,v3,0,ridge_per_view_ensemble_a1,0.75,ridge_per_view_ensemble_a1__w0.75,754707,148,125367437.56961903,12.888524028688394,9.426629591167597,20.186373079781557,23.13133033559733,31.78882678732524,0.2582453637579356,0.4024247768257586
repeated:v3:0,repeated,v3,0,ridge_per_view_ensemble_a1,1.0,ridge_per_view_ensemble_a1__w1.00,754707,148,130724187.88111377,13.160996910152946,9.615205247647822,20.15592886615214,22.893947819644744,32.202475148880254,0.2640409849406152,0.40766397929116743
repeated:v3:0,repeated,v3,0,extra_trees_all_views,0.25,extra_trees_all_views__w0.25,754707,148,126794459.24527225,12.96166965959743,9.064897542982528,21.28611668978437,25.005646478765307,30.975073466882435,0.2852365015105244,0.4558802536279251
repeated:v3:0,repeated,v3,0,extra_trees_all_views,0.5,extra_trees_all_views__w0.50,754707,148,142269211.96864018,13.72986521756873,9.411378005713562,22.73850307816981,28.02745144035478,32.910736705462355,0.3105593593032004,0.48006245828274524
repeated:v3:0,repeated,v3,0,extra_trees_all_views,0.75,extra_trees_all_views__w0.75,754707,148,164095163.5834186,14.745472771197317,9.804512707558722,23.776757844290362,31.61883875026739,35.70921724284534,0.32571935912294997,0.49605259648446637
repeated:v3:0,repeated,v3,0,extra_trees_all_views,1.0,extra_trees_all_views__w1.00,754707,148,192272314.08960754,15.96133407410177,10.713181704269493,25.442720938823975,33.99543917693305,41.2239513598818,0.33760495447781813,0.5006064302253033
repeated:v3:0,repeated,v3,0,hist_gradient_all_views,0.25,hist_gradient_all_views__w0.25,754707,148,122993583.55163345,12.765917650774519,9.13631202012545,21.239855316118575,24.54732901187813,30.99671799583968,0.28231735327054985,0.4480196940234616
repeated:v3:0,repeated,v3,0,hist_gradient_all_views,0.5,hist_gradient_all_views__w0.50,754707,148,133702242.4270646,13.310064392329304,9.574328971255094,22.930683255166183,26.432740196286534,32.31388754064437,0.2974380859444461,0.4664601525048601
repeated:v3:0,repeated,v3,0,hist_gradient_all_views,0.75,hist_gradient_all_views__w0.75,754707,148,149796882.0396083,14.088417002867443,10.272414622072997,23.307626555990744,27.666470195192705,34.25066378406993,0.30751544492041744,0.4770507199586514
repeated:v3:0,repeated,v3,0,hist_gradient_all_views,1.0,hist_gradient_all_views__w1.00,754707,148,171277502.38926452,15.064716791979611,10.596697742784114,23.723947266600284,29.08352213153829,38.369736972483636,0.31807477198941225,0.47705363860510036
repeated:v3:0,repeated,v3,0,knn25_all_views,0.25,knn25_all_views__w0.25,754707,148,124866160.81402956,12.862731092301924,9.318163776391572,21.279855399041587,25.664348221581708,31.74652098276199,0.2894712907860897,0.46271814373979464
repeated:v3:0,repeated,v3,0,knn25_all_views,0.5,knn25_all_views__w0.50,754707,148,140889068.8958289,13.663106716131189,9.598655072290878,20.901048275789964,27.4522084701031,34.8168502852508,0.31609773499309995,0.4848798531217982
repeated:v3:0,repeated,v3,0,knn25_all_views,0.75,knn25_all_views__w0.75,754707,148,165739629.6587129,14.819173850537421,10.169312738664669,22.550931119335768,30.045853623393402,42.447586176203856,0.3343650381952101,0.49251471797806723
repeated:v3:0,repeated,v3,0,knn25_all_views,1.0,knn25_all_views__w1.00,754707,148,199417843.10268152,16.25521874909899,11.387771845554411,24.453534100678382,31.245095656053564,50.22373685025376,0.34055178612702147,0.4907857933931798
repeated:v3:1,repeated,v3,1,ridge_original_a1,0.25,ridge_original_a1__w0.25,759374,153,109371688.51852444,12.001197885192097,9.310438589509376,16.902450569506442,20.248856255532367,39.13771905207227,0.29824352915689334,0.411107421478522
repeated:v3:1,repeated,v3,1,ridge_original_a1,0.5,ridge_original_a1__w0.50,759374,153,110241037.58730765,12.048799691508664,9.11281642393942,16.200273723082717,20.667907633145887,37.79614076944787,0.2997024704286341,0.41221530745634277
repeated:v3:1,repeated,v3,1,ridge_original_a1,0.75,ridge_original_a1__w0.75,759374,153,112240371.90565288,12.15756742573964,9.036117531905113,16.274957110118933,21.968890791516042,36.7451678972092,0.30205136602087995,0.415831178313329
repeated:v3:1,repeated,v3,1,ridge_original_a1,1.0,ridge_original_a1__w1.00,759374,153,115369691.47356015,12.325881947976706,9.042475077524172,16.6337924494916,23.170775631002314,38.94000677496547,0.30414282314819063,0.41968470373733685
repeated:v3:1,repeated,v3,1,ridge_original_a10,0.25,ridge_original_a10__w0.25,759374,153,112911504.34219778,12.193860860140434,9.173429826239401,16.846749348717502,21.457423611815504,40.81739307881585,0.29855329751031146,0.41404794023507946
repeated:v3:1,repeated,v3,1,ridge_original_a10,0.5,ridge_original_a10__w0.50,759374,153,117434146.1134088,12.435674198433405,9.344247780375822,16.59316478444786,22.66626456036608,41.14571648274052,0.29632755232778685,0.41609752914910075
repeated:v3:1,repeated,v3,1,ridge_original_a10,0.75,ridge_original_a10__w0.75,759374,153,123200250.0129364,12.73731627977723,9.474247042151633,17.511079395456235,23.09549086077197,41.47781796118442,0.29616274572123913,0.4214048048059732
repeated:v3:1,repeated,v3,1,ridge_original_a10,1.0,ridge_original_a10__w1.00,759374,153,130209816.04078053,13.094653198956893,9.687245158530235,18.04044588365843,23.640241476675943,41.81360749301388,0.29616231043061264,0.4263465787671159
repeated:v3:1,repeated,v3,1,ridge_original_a100,0.25,ridge_original_a100__w0.25,759374,153,114140171.65231101,12.260026219834014,9.118146355953103,16.65542488372516,20.642821784655723,42.6732272627256,0.3030280966662927,0.42037040165101036
repeated:v3:1,repeated,v3,1,ridge_original_a100,0.5,ridge_original_a100__w0.50,759374,153,121438149.05624215,12.645898971213052,9.438966530391616,16.969073063961766,20.524958858791926,44.86591641594329,0.30853175611503103,0.4315399248526142
repeated:v3:1,repeated,v3,1,ridge_original_a100,0.75,ridge_original_a100__w0.75,759374,153,131526256.91109669,13.16068118940106,9.570589883222443,17.54875295597514,23.096567189558762,47.069273989697294,0.3181878221698053,0.4428844787403921
repeated:v3:1,repeated,v3,1,ridge_original_a100,1.0,ridge_original_a100__w1.00,759374,153,144404495.21687463,13.789943750711974,9.983830360449309,18.61766299449613,25.622295385313613,49.2818690721099,0.3270659128946374,0.4552417673188635
repeated:v3:1,repeated,v3,1,ridge_backtest_single_a1,0.25,ridge_backtest_single_a1__w0.25,759374,153,114109007.7118063,12.2583524146998,9.368269407730665,17.124318348694246,21.635988653924553,39.94474884383447,0.2972187573161401,0.41539161443963446
repeated:v3:1,repeated,v3,1,ridge_backtest_single_a1,0.5,ridge_backtest_single_a1__w0.50,759374,153,121026341.23603012,12.624439065238636,9.593738209190237,16.998630068558036,23.015063528426726,39.39900641177888,0.2903649861581654,0.41643802484844644
repeated:v3:1,repeated,v3,1,ridge_backtest_single_a1,0.75,ridge_backtest_single_a1__w0.75,759374,153,130384325.2719747,13.103425090355815,9.973013849388055,18.24358225229824,24.302824386111794,38.85581551780613,0.28459768251508416,0.4165456422835172
repeated:v3:1,repeated,v3,1,ridge_backtest_single_a1,1.0,ridge_backtest_single_a1__w1.00,759374,153,142182959.81964007,13.683459580197736,10.227339185426372,20.149949809973126,26.12226771098909,38.85127989280321,0.2793063497929502,0.41799440550504685
repeated:v3:1,repeated,v3,1,ridge_backtest_single_a10,0.25,ridge_backtest_single_a10__w0.25,759374,153,115355649.80034694,12.32513183210672,9.37261961628488,16.862659587851475,22.229502118268307,41.2135188279409,0.30050408667585143,0.4188912977935143
repeated:v3:1,repeated,v3,1,ridge_backtest_single_a10,0.5,ridge_backtest_single_a10__w0.50,759374,153,123572855.77497204,12.756563052474865,9.59388899459987,17.040300070833474,23.498294958512613,41.93860511627109,0.2959134761569885,0.42546958335588947
repeated:v3:1,repeated,v3,1,ridge_backtest_single_a10,0.75,ridge_backtest_single_a10__w0.75,759374,153,134283942.6231786,13.297934216659177,10.018311095618914,18.259574971828155,25.271746788721646,42.66796873757984,0.2923139995925231,0.43277441614537104
repeated:v3:1,repeated,v3,1,ridge_backtest_single_a10,1.0,ridge_backtest_single_a10__w1.00,759374,153,147488910.3449666,13.936439116047348,10.227457883124607,20.448899700022324,26.969522541209685,43.40139404971634,0.29259927971088556,0.4378051102629017
repeated:v3:1,repeated,v3,1,ridge_backtest_cumulative_a1,0.25,ridge_backtest_cumulative_a1__w0.25,759374,153,111589050.71047062,12.12224144530279,9.277861772025656,16.63968320889138,20.76088886097532,39.74472959185975,0.3006474430356758,0.4166138635995679
repeated:v3:1,repeated,v3,1,ridge_backtest_cumulative_a1,0.5,ridge_backtest_cumulative_a1__w0.50,759374,153,114963416.85647838,12.304159997719886,9.181966581092416,16.851501408310742,21.620916544010953,39.000707432742594,0.30396266275338785,0.4207436399273179
repeated:v3:1,repeated,v3,1,ridge_backtest_cumulative_a1,0.75,ridge_backtest_cumulative_a1__w0.75,759374,153,119755423.13732655,12.557978440240534,9.325314532388917,17.353996578594295,22.989536858234086,38.26111748513943,0.3070119791730747,0.42721798336304184
repeated:v3:1,repeated,v3,1,ridge_backtest_cumulative_a1,1.0,ridge_backtest_cumulative_a1__w1.00,759374,153,125965069.55301514,12.879446627335518,9.570942389829545,17.812154561148976,24.666357472331672,38.59328359859407,0.3089429896925423,0.43269557049975205
repeated:v3:1,repeated,v3,1,ridge_backtest_cumulative_a10,0.25,ridge_backtest_cumulative_a10__w0.25,759374,153,113688349.8424922,12.235736612226347,9.250015981664175,16.66287672770672,22.020336676530764,40.956600950720194,0.29967585039854194,0.4166850297299104
repeated:v3:1,repeated,v3,1,ridge_backtest_cumulative_a10,0.5,ridge_backtest_cumulative_a10__w0.50,759374,153,119325082.35114756,12.535394602616723,9.2637318611579,16.844686602123527,22.82660735737651,41.42390982201226,0.29709729805888235,0.42181260613184923
repeated:v3:1,repeated,v3,1,ridge_backtest_cumulative_a10,0.75,ridge_backtest_cumulative_a10__w0.75,759374,153,126542522.2252694,12.908934035400984,9.489959082396052,17.33604782291132,23.37348270644339,41.89474420444237,0.29591034947747996,0.42980596037825536
repeated:v3:1,repeated,v3,1,ridge_backtest_cumulative_a10,1.0,ridge_backtest_cumulative_a10__w1.00,759374,153,135340669.4648577,13.350154707150052,9.664463673653547,18.00951460338721,24.25535671878984,42.3689865641945,0.29997570618869035,0.4357935113167235
repeated:v3:1,repeated,v3,1,ridge_slope_single_a1,0.25,ridge_slope_single_a1__w0.25,759374,153,110499146.86973478,12.062896478505309,9.369959643012285,16.73983583577985,21.188175466668724,39.83985246482935,0.29638671954133244,0.41343111244382724
repeated:v3:1,repeated,v3,1,ridge_slope_single_a1,0.5,ridge_slope_single_a1__w0.50,759374,153,112719995.7327606,12.18351549992324,9.101245635516134,17.00561523633296,21.848154602574372,39.19010034110369,0.2943334531766434,0.41401704274716494
repeated:v3:1,repeated,v3,1,ridge_slope_single_a1,0.75,ridge_slope_single_a1__w0.75,759374,153,116294871.28838068,12.375205500876644,9.177106007785511,16.906176612328128,22.348683165680683,38.543851940586684,0.29378283448149484,0.4164949261784977
repeated:v3:1,repeated,v3,1,ridge_slope_single_a1,1.0,ridge_slope_single_a1__w1.00,759374,153,121223773.53659508,12.634732098754963,9.318328585790821,16.996856189638077,22.82205613643851,37.90128648787064,0.2929697598625957,0.4186992748539579
repeated:v3:1,repeated,v3,1,ridge_slope_single_a10,0.25,ridge_slope_single_a10__w0.25,759374,153,112745896.2549448,12.184915168572989,9.281846737552364,16.582545489118505,22.26435270446899,41.591561621609074,0.29795323389407086,0.4165378100619278
repeated:v3:1,repeated,v3,1,ridge_slope_single_a10,0.5,ridge_slope_single_a10__w0.50,759374,153,117446245.98169562,12.436314838950263,9.446619028512503,16.69628730381666,22.863973925855873,42.69849624131948,0.2947050327405954,0.42132331377807913
repeated:v3:1,repeated,v3,1,ridge_slope_single_a10,0.75,ridge_slope_single_a10__w0.75,759374,153,123733373.87955572,12.764845594688898,9.621909419749722,17.373540669101843,23.925684353232327,43.81311345791641,0.29735431398789314,0.42948775811777845
repeated:v3:1,repeated,v3,1,ridge_slope_single_a10,1.0,ridge_slope_single_a10__w1.00,759374,153,131607279.9485251,13.164734198364293,10.176253392572596,17.835170079087828,24.9942079250976,44.93484157024425,0.3039351411489059,0.43631227330592204
repeated:v3:1,repeated,v3,1,ridge_local_long_a1,0.25,ridge_local_long_a1__w0.25,759374,153,112980292.08581693,12.197574655590705,9.18442925651861,16.79752732773295,21.84399877603968,40.08797300785602,0.2950883580407843,0.412663549438746
repeated:v3:1,repeated,v3,1,ridge_local_long_a1,0.5,ridge_local_long_a1__w0.50,759374,153,118142770.81871933,12.473137629909283,9.344318842580947,16.802920123207656,23.339001034346357,39.688781543342735,0.2885190997176483,0.4118741184188487
repeated:v3:1,repeated,v3,1,ridge_local_long_a1,0.75,ridge_local_long_a1__w0.75,759374,153,125119760.89801046,12.836159094510176,9.718204866173263,17.243007076765963,23.892670936416298,39.29554126091685,0.28563562327690295,0.41295649531403966
repeated:v3:1,repeated,v3,1,ridge_local_long_a1,1.0,ridge_local_long_a1__w1.00,759374,153,133911262.32369034,13.279468414566175,10.202007687536582,18.302113522657077,24.082923761643727,38.908432603463986,0.28321070345146715,0.41267316233936246
repeated:v3:1,repeated,v3,1,ridge_local_long_a10,0.25,ridge_local_long_a10__w0.25,759374,153,114359414.98543741,12.27179525544787,9.231024221337325,16.466078198382743,22.236671454742705,41.487653236590354,0.2994729126921517,0.4175687926631871
repeated:v3:1,repeated,v3,1,ridge_local_long_a10,0.5,ridge_local_long_a10__w0.50,759374,153,120989403.90063001,12.622512423813127,9.570360213562415,16.881999333286487,23.560199865531217,42.49197242066481,0.2970210513963782,0.42414715731355396
repeated:v3:1,repeated,v3,1,ridge_local_long_a10,0.75,ridge_local_long_a10__w0.75,759374,153,129522291.44488107,13.060036716057771,9.824392386273647,17.587779138084574,25.392130494291468,43.50523197036841,0.29636188799859176,0.4325738846272721
repeated:v3:1,repeated,v3,1,ridge_local_long_a10,1.0,ridge_local_long_a10__w1.00,759374,153,139958077.61819056,13.575977909455135,10.056005606010936,18.83481183827196,27.036722923657823,44.5268215446673,0.2987258763632259,0.4385805543747285
repeated:v3:1,repeated,v3,1,ridge_all_views_a1,0.25,ridge_all_views_a1__w0.25,759374,153,112374488.88330218,12.164828847705834,9.167401151387363,16.681492943037654,21.47196392604269,40.69309799104668,0.2963224225612679,0.41527065054570456
repeated:v3:1,repeated,v3,1,ridge_all_views_a1,0.5,ridge_all_views_a1__w0.50,759374,153,117148834.5613466,12.420558496239687,9.305742461775122,16.969700196340092,22.75641845141599,40.901858280519434,0.29030180967217806,0.4163658550639273
repeated:v3:1,repeated,v3,1,ridge_all_views_a1,0.75,ridge_all_views_a1__w0.75,759374,153,123955361.73343654,12.776291055127574,9.522491333064094,17.143581621122827,23.582042628023416,41.11908950245562,0.28267016931715705,0.41761903466868466
repeated:v3:1,repeated,v3,1,ridge_all_views_a1,1.0,ridge_all_views_a1__w1.00,759374,153,132794070.39957197,13.22395856748043,10.001830180889103,18.0622603265542,24.99813562740688,41.34465813430686,0.27862412010528687,0.4180380278032745
repeated:v3:1,repeated,v3,1,ridge_all_views_a10,0.25,ridge_all_views_a10__w0.25,759374,153,113948637.3513763,12.249735357915014,9.187779856272591,16.488628754806943,22.413081117999276,41.820770998225555,0.29963629903121336,0.41852548966310726
repeated:v3:1,repeated,v3,1,ridge_all_views_a10,0.5,ridge_all_views_a10__w0.50,759374,153,120362812.25957897,12.589784650541267,9.41231765667664,16.901372796077787,23.59566254400334,43.16060664821261,0.29686732093528523,0.4247491072641445
repeated:v3:1,repeated,v3,1,ridge_all_views_a10,0.75,ridge_all_views_a10__w0.75,759374,153,128874849.42391132,13.027354273062473,9.691798157813698,17.445315959611776,24.66278687431885,44.51136258873435,0.294677055828825,0.43152943088679635
repeated:v3:1,repeated,v3,1,ridge_all_views_a10,1.0,ridge_all_views_a10__w1.00,759374,153,139484748.84437332,13.553001946638135,10.198692711395346,18.150555338790166,25.883467858182065,45.8720741484202,0.2962753787975744,0.43693389426002516
repeated:v3:1,repeated,v3,1,ridge_all_views_a100,0.25,ridge_all_views_a100__w0.25,759374,153,113825861.07774475,12.243134216224382,9.130719402966598,16.65875353232738,20.74552020257225,42.938698968025626,0.3025681972559594,0.4204777222186885
repeated:v3:1,repeated,v3,1,ridge_all_views_a100,0.5,ridge_all_views_a100__w0.50,759374,153,120922542.99323623,12.619024228834522,9.432714384791995,16.52007942717063,20.86043984073977,45.401750382429704,0.30758545388824704,0.43264322149587786
repeated:v3:1,repeated,v3,1,ridge_all_views_a100,0.75,ridge_all_views_a100__w0.75,759374,153,130922370.44577771,13.130433613784847,9.543131997169814,17.527382445763728,23.65834169366968,47.879425305697225,0.3180208244760576,0.44388213254832165
repeated:v3:1,repeated,v3,1,ridge_all_views_a100,1.0,ridge_all_views_a100__w1.00,759374,153,143825343.43536922,13.762262845578087,9.809996153290566,18.56084644437244,26.417860573558407,50.36956579635045,0.32683999703736194,0.4563320941298522
repeated:v3:1,repeated,v3,1,ridge_all_views_no_indicator_a1,0.25,ridge_all_views_no_indicator_a1__w0.25,759374,153,112394698.01592945,12.165922643949868,9.22926150599537,16.725425039877926,21.4473025584758,40.75299164406284,0.29707261633698345,0.4155342365854391
repeated:v3:1,repeated,v3,1,ridge_all_views_no_indicator_a1,0.5,ridge_all_views_no_indicator_a1__w0.50,759374,153,117195737.84800188,12.42304467853302,9.18707488677368,17.058805221596412,22.74298618986318,41.022248991079344,0.2917898249379021,0.41685964268232495
repeated:v3:1,repeated,v3,1,ridge_all_views_no_indicator_a1,0.75,ridge_all_views_no_indicator_a1__w0.75,759374,153,124035444.19552056,12.780417506892793,9.393848166266764,17.19435901152115,23.633227831893972,41.30053164880341,0.28485067409603176,0.41790509595746406
repeated:v3:1,repeated,v3,1,ridge_all_views_no_indicator_a1,1.0,ridge_all_views_no_indicator_a1__w1.00,759374,153,132913817.05848551,13.229919556655089,9.861775513499571,18.139090142576748,24.706361705174633,41.587658439784285,0.2811180003208359,0.4177785025878837
repeated:v3:1,repeated,v3,1,ridge_all_views_original_boost4_a1,0.25,ridge_all_views_original_boost4_a1__w0.25,759374,153,112686710.08643624,12.181716501760135,9.264922509348743,16.800245127201002,21.548438700607843,40.51965346387996,0.2977019513207336,0.4166256217972567
repeated:v3:1,repeated,v3,1,ridge_all_views_original_boost4_a1,0.5,ridge_all_views_original_boost4_a1__w0.50,759374,153,117611201.56680492,12.445045300095353,9.115943283951477,17.149714795277106,22.827698775934337,40.55337836773808,0.2933254994749715,0.4194556282215446
repeated:v3:1,repeated,v3,1,ridge_all_views_original_boost4_a1,0.75,ridge_all_views_original_boost4_a1__w0.75,759374,153,124405799.14040928,12.799483681314497,9.414588255277975,16.953919877385733,24.054155860304274,40.59409688674781,0.2885205824686565,0.4213103388424933
repeated:v3:1,repeated,v3,1,ridge_all_views_original_boost4_a1,1.0,ridge_all_views_original_boost4_a1__w1.00,759374,153,133070502.80724932,13.237715319861174,9.861313270044478,17.845656831794045,25.361250913864154,40.64178800045769,0.28647205737129194,0.4222862180931813
repeated:v3:1,repeated,v3,1,ridge_all_views_original_boost4_a10,0.25,ridge_all_views_original_boost4_a10__w0.25,759374,153,114146710.76601328,12.260377404504942,9.279200281497918,16.495878932589267,22.510492306940975,41.692364355603885,0.3001394815115511,0.41910585824256213
repeated:v3:1,repeated,v3,1,ridge_all_views_original_boost4_a10,0.5,ridge_all_views_original_boost4_a10__w0.50,759374,153,120653730.2139243,12.60499027704441,9.45594914596365,16.89238879410265,23.46622649702067,42.902154269036394,0.2980759600037445,0.42597216093071166
repeated:v3:1,repeated,v3,1,ridge_all_views_original_boost4_a10,0.75,ridge_all_views_original_boost4_a10__w0.75,759374,153,129153383.04303637,13.04142450356524,9.812872476610524,17.425841711012634,24.80231407579696,44.121456770260366,0.29710960116141893,0.43382389889679424
repeated:v3:1,repeated,v3,1,ridge_all_views_original_boost4_a10,1.0,ridge_all_views_original_boost4_a10__w1.00,759374,153,139645669.25334945,13.560817589449337,10.023527021924682,18.292465730200476,26.34633875140439,45.34950457698186,0.30046027684560445,0.4401297721541713
repeated:v3:1,repeated,v3,1,ridge_per_view_ensemble_a1,0.25,ridge_per_view_ensemble_a1__w0.25,759374,153,111352101.6345268,12.109364374002608,9.258748391423211,16.940897783771188,20.824018119496902,39.8839076895157,0.3013404173168895,0.4156489865781035
repeated:v3:1,repeated,v3,1,ridge_per_view_ensemble_a1,0.5,ridge_per_view_ensemble_a1__w0.50,759374,153,114300938.84017745,12.268657345726082,9.146190272710967,16.865269780709855,21.334625005607073,39.278124476717075,0.302201936055268,0.4191475586922031
repeated:v3:1,repeated,v3,1,ridge_per_view_ensemble_a1,0.75,ridge_per_view_ensemble_a1__w0.75,759374,153,118478836.3162552,12.490865394565354,9.269293117481237,17.02995442657591,21.81475962739825,38.67574266781004,0.30531551989780775,0.42236127993448375
repeated:v3:1,repeated,v3,1,ridge_per_view_ensemble_a1,1.0,ridge_per_view_ensemble_a1__w1.00,759374,153,123885794.06276004,12.772705322573556,9.52750230358844,16.847215180954088,23.114053761228625,39.304956981932186,0.30818585774484475,0.42637442087285443
repeated:v3:1,repeated,v3,1,extra_trees_all_views,0.25,extra_trees_all_views__w0.25,759374,153,112645846.3415443,12.179507564735069,9.15819547498306,16.495202943725587,20.97835796466426,43.79416599960276,0.31504307390627123,0.42465262626420475
repeated:v3:1,repeated,v3,1,extra_trees_all_views,0.5,extra_trees_all_views__w0.50,759374,153,120357892.75239645,12.589527361069015,9.33846742613708,16.998663915503347,21.22166202746887,47.121703860011486,0.3280469554832615,0.4483810091434189
repeated:v3:1,repeated,v3,1,extra_trees_all_views,0.75,extra_trees_all_views__w0.75,759374,153,132768463.9318597,13.222683528645959,9.470277344324005,18.047027328695087,24.09115001671951,50.47034930182499,0.3446578161533833,0.47052394454688623
repeated:v3:1,repeated,v3,1,extra_trees_all_views,1.0,extra_trees_all_views__w1.00,759374,153,149877559.87993407,14.048839314701345,9.678030778602206,20.12793205685789,24.53213411810025,53.83616375201316,0.35527429120073073,0.49274838802163284
repeated:v3:1,repeated,v3,1,hist_gradient_all_views,0.25,hist_gradient_all_views__w0.25,759374,153,111275215.03444536,12.105183004205331,9.548970606718454,16.034287811975002,20.140007256257416,42.92272492818589,0.3016414044148985,0.4116433442413412
repeated:v3:1,repeated,v3,1,hist_gradient_all_views,0.5,hist_gradient_all_views__w0.50,759374,153,117781165.71979621,12.454034443624662,9.8565575924405,16.182389477144344,20.590865003850908,45.40141777029384,0.300512318680153,0.4211755029389953
repeated:v3:1,repeated,v3,1,hist_gradient_all_views,0.75,hist_gradient_all_views__w0.75,759374,153,129150176.75535583,13.04126262310475,10.294061971311264,17.65852551733768,22.93696210647166,47.92142967728295,0.30257503825886245,0.438824159052452
repeated:v3:1,repeated,v3,1,hist_gradient_all_views,1.0,hist_gradient_all_views__w1.00,759374,153,145382248.14112422,13.836550372498925,10.548372799608849,19.676832375339906,26.18234889237353,50.47657254159375,0.3021692083797423,0.45330264672436715
repeated:v3:1,repeated,v3,1,knn25_all_views,0.25,knn25_all_views__w0.25,759374,153,111108922.48342817,12.096134473521321,9.256224254882843,16.038754695367388,20.308121175686605,44.60805611690904,0.2980072153697199,0.4039202690737078
repeated:v3:1,repeated,v3,1,knn25_all_views,0.5,knn25_all_views__w0.50,759374,153,119984607.16700073,12.569989221658023,9.73265209692672,16.27661723154553,20.607523003169522,48.74114082550642,0.29406397822166874,0.40842950863945976
repeated:v3:1,repeated,v3,1,knn25_all_views,0.75,knn25_all_views__w0.75,759374,153,136259378.75002098,13.395389327115105,10.061382446117602,17.33218020051695,23.125758446366838,52.88798140188635,0.29757175042135214,0.4177556700616209
repeated:v3:1,repeated,v3,1,knn25_all_views,1.0,knn25_all_views__w1.00,759374,153,159933237.2324889,14.51247559097627,10.614518361113161,19.53278149765312,25.37038200381127,57.04557803995494,0.29883903982735777,0.427934937088455
repeated:v3:2,repeated,v3,2,ridge_original_a1,0.25,ridge_original_a1__w0.25,754375,155,134408299.3327649,13.348098391957503,9.237584382834305,18.042421639718544,21.478947556737975,60.08031692514648,0.412652557069081,0.5202974839315003
repeated:v3:2,repeated,v3,2,ridge_original_a1,0.5,ridge_original_a1__w0.50,754375,155,140598523.3880351,13.65201434924265,9.167590647510089,17.861177281481506,21.293908719208144,64.72092633551593,0.42822809253592964,0.5281212516106063
repeated:v3:2,repeated,v3,2,ridge_original_a1,0.75,ridge_original_a1__w0.75,754375,155,148183593.8110213,14.015429717708441,9.428452458490666,18.752688775887496,20.959690316394674,69.37878112885896,0.4417549811596964,0.5352671273883527
repeated:v3:2,repeated,v3,2,ridge_original_a1,1.0,ridge_original_a1__w1.00,754375,155,157163510.60172352,14.433850969913456,9.65692385356477,19.28391193199516,21.030261430766352,74.05062712376282,0.4531696814565977,0.5467935295851165
repeated:v3:2,repeated,v3,2,ridge_original_a10,0.25,ridge_original_a10__w0.25,754375,155,132140432.62200135,13.23500831380349,8.981039701702889,18.34237119710011,21.64549714411898,56.63524336147348,0.40357591607366866,0.5124086758320612
repeated:v3:2,repeated,v3,2,ridge_original_a10,0.5,ridge_original_a10__w0.50,754375,155,135733589.60299215,13.413744307313845,9.160068495579845,19.09440493697744,22.488704607883445,57.83361852474803,0.40343398609874115,0.5142610719851509
repeated:v3:2,repeated,v3,2,ridge_original_a10,0.75,ridge_original_a10__w0.75,754375,155,140392392.5881832,13.642003103174401,9.310993998874489,19.971520404984144,22.44307950534305,59.05492123761296,0.4012125177902451,0.5146429475699648
repeated:v3:2,repeated,v3,2,ridge_original_a10,1.0,ridge_original_a10__w1.00,754375,155,146116841.57757443,13.917348240290737,9.44777539018595,20.60109661628192,22.934032888259104,60.29775835598781,0.3986442978099255,0.5128033781160332
repeated:v3:2,repeated,v3,2,ridge_original_a100,0.25,ridge_original_a100__w0.25,754375,155,134290028.01841876,13.342224332872348,9.138258129828769,18.51542543923519,22.544619671985437,56.63590251559003,0.4091773651932631,0.5235828383316802
repeated:v3:2,repeated,v3,2,ridge_original_a100,0.5,ridge_original_a100__w0.50,754375,155,142758130.5574359,13.756462935183349,9.203471704803201,19.931268114110125,23.641979006240085,57.837340756882206,0.4098440549045438,0.5312406349432224
repeated:v3:2,repeated,v3,2,ridge_original_a100,0.75,ridge_original_a100__w0.75,754375,155,155017229.26226217,14.334955244280522,9.40703463166096,20.95353021271438,24.566742092155053,59.06396020789057,0.4067691154047765,0.5301152044324116
repeated:v3:2,repeated,v3,2,ridge_original_a100,1.0,ridge_original_a100__w1.00,754375,155,171067324.13289762,15.058783425431425,9.776322654592974,22.31153654016641,27.773294284123295,60.31422454604001,0.40385114360812574,0.5324633730608319
repeated:v3:2,repeated,v3,2,ridge_backtest_single_a1,0.25,ridge_backtest_single_a1__w0.25,754375,155,138420646.54208294,13.545866557789337,9.01535670631397,18.29636773162228,22.005049797863887,62.01208679533542,0.42347118882194895,0.5281060868043868
repeated:v3:2,repeated,v3,2,ridge_backtest_single_a1,0.5,ridge_backtest_single_a1__w0.50,754375,155,149534177.36222175,14.079154968344636,9.26293649703991,18.98739465875296,21.94696886247553,68.59222499366699,0.4419618518354748,0.546493029869935
repeated:v3:2,repeated,v3,2,ridge_backtest_single_a1,0.75,ridge_backtest_single_a1__w0.75,754375,155,162953514.1056272,14.697322419545085,9.233989858555246,19.704969227128444,22.137006184712366,75.19399618208405,0.45920332586779367,0.5614548995996627
repeated:v3:2,repeated,v3,2,ridge_backtest_single_a1,1.0,ridge_backtest_single_a1__w1.00,754375,155,178678656.77229935,15.390144438751475,9.491263039519476,20.264946270503533,22.859488458084066,81.81216355445274,0.4752305137617795,0.5740636481164699
repeated:v3:2,repeated,v3,2,ridge_backtest_single_a10,0.25,ridge_backtest_single_a10__w0.25,754375,155,133692554.36805245,13.312510607761395,9.00013015463983,18.369580850684493,22.483621207209215,56.853660524009285,0.40531868229151313,0.5156559111168899
repeated:v3:2,repeated,v3,2,ridge_backtest_single_a10,0.5,ridge_backtest_single_a10__w0.50,754375,155,139808925.04304627,13.613625663373588,9.190747519582722,18.866856497201404,22.89131934885727,58.2711301220204,0.4073225684594389,0.5212328865097726
repeated:v3:2,repeated,v3,2,ridge_backtest_single_a10,0.75,ridge_backtest_single_a10__w0.75,754375,155,147962033.6701922,14.00494805068879,9.514464411167356,19.387606224742335,24.09120285623318,59.711903933611396,0.406977145502673,0.5229290395699506
repeated:v3:2,repeated,v3,2,ridge_backtest_single_a10,1.0,ridge_backtest_single_a10__w1.00,754375,155,158151880.24949026,14.479165627958087,9.722479959788808,20.068712379508472,24.997739343777514,61.17433540315332,0.40781430349599673,0.5211996422940689
repeated:v3:2,repeated,v3,2,ridge_backtest_cumulative_a1,0.25,ridge_backtest_cumulative_a1__w0.25,754375,155,135150846.51843697,13.384918816446588,9.061908963153828,18.29676702733325,21.164690897551317,60.53081472573599,0.41846357221025865,0.5256109073549852
repeated:v3:2,repeated,v3,2,ridge_backtest_cumulative_a1,0.5,ridge_backtest_cumulative_a1__w0.50,754375,155,142188942.58262026,13.729011491378383,9.200440354770905,18.721837620070765,21.764447461188446,65.62543936006988,0.4352600826302972,0.5385355724492303
repeated:v3:2,repeated,v3,2,ridge_backtest_cumulative_a1,0.75,ridge_backtest_cumulative_a1__w0.75,754375,155,150727209.83776063,14.135207436149642,9.281102279566793,18.644563238395,22.36318054938321,70.73973479413743,0.45064211781705305,0.5486488768587665
repeated:v3:2,repeated,v3,2,ridge_backtest_cumulative_a1,1.0,ridge_backtest_cumulative_a1__w1.00,754375,155,160765648.2838581,14.598323531166422,9.426703458566228,18.841903122001373,23.21626582100958,75.86972317063938,0.463163259184963,0.5566705727790014
repeated:v3:2,repeated,v3,2,ridge_backtest_cumulative_a10,0.25,ridge_backtest_cumulative_a10__w0.25,754375,155,132354731.35556401,13.245735902912132,8.935647318571244,18.328852301874182,21.951161533536673,56.710952928990444,0.40559672504331035,0.5146407606092475
repeated:v3:2,repeated,v3,2,ridge_backtest_cumulative_a10,0.5,ridge_backtest_cumulative_a10__w0.50,754375,155,136624832.06320575,13.457710352729752,9.011386630500034,18.785733235004717,22.899715744969143,57.98863795687305,0.40671792492041153,0.5167684930633164
repeated:v3:2,repeated,v3,2,ridge_backtest_cumulative_a10,0.75,ridge_backtest_cumulative_a10__w0.75,754375,155,142423223.768136,13.740317311663548,9.255488582917128,19.483101547765433,23.25270420611768,59.292526081790385,0.40708086196041676,0.5157315237188671
repeated:v3:2,repeated,v3,2,ridge_backtest_cumulative_a10,1.0,ridge_backtest_cumulative_a10__w1.00,754375,155,149749906.4703547,14.089307125312793,9.472817553963683,19.9500808541775,24.17362599608388,60.620926529653566,0.4045423967910146,0.5121456828044475
repeated:v3:2,repeated,v3,2,ridge_slope_single_a1,0.25,ridge_slope_single_a1__w0.25,754375,155,139774118.92137766,13.611930968253937,9.413732402749075,18.325753430327516,21.32585936402506,63.28381323839857,0.4243243097780583,0.5270136833826969
repeated:v3:2,repeated,v3,2,ridge_slope_single_a1,0.5,ridge_slope_single_a1__w0.50,754375,155,152235079.0973484,14.20573552312255,9.736051271164715,18.37385535881555,20.846790902247434,71.13816459618097,0.44455682774179384,0.5436066615115638
repeated:v3:2,repeated,v3,2,ridge_slope_single_a1,0.75,ridge_slope_single_a1__w0.75,754375,155,166995802.17312297,14.878499455441224,10.392531731994872,18.85346728523606,21.31480327215682,79.0148475388321,0.46430862993241157,0.5575968474247546
repeated:v3:2,repeated,v3,2,ridge_slope_single_a1,1.0,ridge_slope_single_a1__w1.00,754375,155,184056288.1487014,15.62002360953681,10.733820125582206,19.291720185930814,21.401698728734605,86.907790366613,0.48298139738225204,0.5727689221602601
repeated:v3:2,repeated,v3,2,ridge_slope_single_a10,0.25,ridge_slope_single_a10__w0.25,754375,155,135031705.79130775,13.379017852444061,9.075884298139961,18.411536337242325,22.082113881085505,58.07173984494929,0.40956286596964553,0.5169683401777848
repeated:v3:2,repeated,v3,2,ridge_slope_single_a10,0.5,ridge_slope_single_a10__w0.50,754375,155,142407204.1441195,13.73954454124979,9.519015277439893,19.265779919525627,23.672403892251197,60.707687738752085,0.41333264277115495,0.5231868911220106
repeated:v3:2,repeated,v3,2,ridge_slope_single_a10,0.75,ridge_slope_single_a10__w0.75,754375,155,151739416.703646,14.182590431768409,9.742169073790569,20.128964985027928,24.024338323663624,63.36594467946868,0.4158137674043921,0.5252999540654496
repeated:v3:2,repeated,v3,2,ridge_slope_single_a10,1.0,ridge_slope_single_a10__w1.00,754375,155,163028343.46988726,14.700696587540422,10.283463551076496,20.75271147594243,24.301793431949463,66.04381691139933,0.41751393816300003,0.5234532603694234
repeated:v3:2,repeated,v3,2,ridge_local_long_a1,0.25,ridge_local_long_a1__w0.25,754375,155,140164753.6844888,13.630938719890262,9.009098972058993,18.382895961732757,21.18394094693994,63.83124543340736,0.42688714681137946,0.5293716955661208
repeated:v3:2,repeated,v3,2,ridge_local_long_a1,0.5,ridge_local_long_a1__w0.50,754375,155,153284522.92304832,14.2546155747472,9.363039470356862,19.039696333774078,21.117531260478184,72.23502105205488,0.44938679465249837,0.5485010317589059
repeated:v3:2,repeated,v3,2,ridge_local_long_a1,0.75,ridge_local_long_a1__w0.75,754375,155,168972229.3608893,14.966285418755199,9.674939414211151,19.08343742866698,21.482189125830065,80.66204136801387,0.47148772994997107,0.5650712595486279
repeated:v3:2,repeated,v3,2,ridge_local_long_a1,1.0,ridge_local_long_a1__w1.00,754375,155,187227872.99801174,15.754027819604122,10.02054682509666,20.30003389042701,21.904762622836262,89.10571164281781,0.49149569503180085,0.5814427945985591
repeated:v3:2,repeated,v3,2,ridge_local_long_a10,0.25,ridge_local_long_a10__w0.25,754375,155,134772951.90295196,13.366192964719248,9.103108794514835,18.399304544692928,22.070984982616594,57.731265359217055,0.4064296656265845,0.515441005171198
repeated:v3:2,repeated,v3,2,ridge_local_long_a10,0.5,ridge_local_long_a10__w0.50,754375,155,142016145.02980626,13.720666746913546,9.34199710876823,19.141930563511384,23.094304504384038,60.02665884966596,0.4086685624885739,0.5198111000281843
repeated:v3:2,repeated,v3,2,ridge_local_long_a10,0.75,ridge_local_long_a10__w0.75,754375,155,151342501.02577364,14.164029076135977,9.484194151420674,19.433920682707896,23.401842154921113,62.3446558836918,0.4090711199332769,0.5200923294367578
repeated:v3:2,repeated,v3,2,ridge_local_long_a10,1.0,ridge_local_long_a10__w1.00,754375,155,162752019.89085412,14.68823289029041,10.031426539333507,20.79985040991605,24.502179419536528,64.68282642078678,0.4084980438482806,0.5172699442276245
repeated:v3:2,repeated,v3,2,ridge_all_views_a1,0.25,ridge_all_views_a1__w0.25,754375,155,140644997.67089105,13.654270472349822,9.192562728953193,18.374975464681576,21.709455604069827,63.563364770341856,0.4292101580193127,0.5319557726089599
repeated:v3:2,repeated,v3,2,ridge_all_views_a1,0.5,ridge_all_views_a1__w0.50,754375,155,154548884.5687392,14.313284173081055,9.537757076710308,19.25510663688789,21.887615668490096,71.69858599658042,0.45398417382949396,0.5518627567719626
repeated:v3:2,repeated,v3,2,ridge_all_views_a1,0.75,ridge_all_views_a1__w0.75,754375,155,171324582.33875522,15.07010218619117,10.079683055149806,19.951026712259623,22.23575389789969,79.8568186078491,0.4755115300141314,0.5683225359458473
repeated:v3:2,repeated,v3,2,ridge_all_views_a1,1.0,ridge_all_views_a1__w1.00,754375,155,190972090.9809391,15.910774034618745,10.435632067784676,19.920951147372506,22.810834918555173,88.03166517623741,0.49367607877983166,0.5822036609779606
repeated:v3:2,repeated,v3,2,ridge_all_views_a10,0.25,ridge_all_views_a10__w0.25,754375,155,135017675.66735804,13.378322778076853,9.142134150813373,18.38903317475839,22.628026341071134,57.61349259693961,0.40819924780004974,0.5174026771592402
repeated:v3:2,repeated,v3,2,ridge_all_views_a10,0.5,ridge_all_views_a10__w0.50,754375,155,142778819.62834954,13.757459719482704,9.485738819291118,19.16745016508028,23.486909939192216,59.79162961944773,0.41200472872641797,0.5234371673043401
repeated:v3:2,repeated,v3,2,ridge_all_views_a10,0.75,ridge_all_views_a10__w0.75,754375,155,152896353.52818525,14.2365553269292,9.683579547404516,19.683823625711387,23.684309282889085,61.99296031983971,0.41267647918849726,0.5241987738341174
repeated:v3:2,repeated,v3,2,ridge_all_views_a10,1.0,ridge_all_views_a10__w1.00,754375,155,165370277.3668652,14.805909269105737,9.780961011485525,20.82981138603532,24.194203176114193,64.21509946439095,0.4125565386242246,0.5211602534467915
repeated:v3:2,repeated,v3,2,ridge_all_views_a100,0.25,ridge_all_views_a100__w0.25,754375,155,134710780.312067,13.36310965561631,9.16713613357311,18.53915649740322,22.716931429961956,56.464305474000966,0.40808798408558183,0.5230436013795744
repeated:v3:2,repeated,v3,2,ridge_all_views_a100,0.5,ridge_all_views_a100__w0.50,754375,155,143927569.44294566,13.812692766032606,9.251651074981098,20.26090623443449,23.550161366998807,57.494524721125785,0.4076779606104743,0.5293997427388115
repeated:v3:2,repeated,v3,2,ridge_all_views_a100,0.75,ridge_all_views_a100__w0.75,754375,155,157263289.0378468,14.43843205416467,9.475008361358002,21.42762430209501,24.807193714780816,58.550504181970595,0.40219272497172287,0.5269805737131653
repeated:v3:2,repeated,v3,2,ridge_all_views_a100,1.0,ridge_all_views_a100__w1.00,754375,155,174717939.09677038,15.218614124478837,9.90622506630038,23.292742261680424,27.617094413158643,59.63087534009316,0.3979789882991786,0.5290268726856291
repeated:v3:2,repeated,v3,2,ridge_all_views_no_indicator_a1,0.25,ridge_all_views_no_indicator_a1__w0.25,754375,155,140545829.46346945,13.649455838625855,9.100706904208689,18.409620170170694,21.75417137973537,63.451442493009,0.42807693070009667,0.5312525821674524
repeated:v3:2,repeated,v3,2,ridge_all_views_no_indicator_a1,0.5,ridge_all_views_no_indicator_a1__w0.50,754375,155,154334934.32738546,14.30337342159631,9.585084132066104,19.15496596483364,21.92394917862366,71.47458883919131,0.45220133401506524,0.5505990254638526
repeated:v3:2,repeated,v3,2,ridge_all_views_no_indicator_a1,0.75,ridge_all_views_no_indicator_a1__w0.75,754375,155,170980236.2369588,15.054949833243212,10.112847289311135,19.75794319230567,22.346635020841504,79.52073745310642,0.47292048898612804,0.5662236486709977
repeated:v3:2,repeated,v3,2,ridge_all_views_no_indicator_a1,1.0,ridge_all_views_no_indicator_a1__w1.00,754375,155,190481735.19218946,15.890333993410067,10.334303964715279,19.9561637896088,22.976583031763262,87.58354902895245,0.48950035493681293,0.5795344159231228
repeated:v3:2,repeated,v3,2,ridge_all_views_original_boost4_a1,0.25,ridge_all_views_original_boost4_a1__w0.25,754375,155,140579346.98801637,13.651083310248762,9.177996804452288,18.344191884346152,21.754131025774743,63.58351316534739,0.42966532213211994,0.532060147139712
repeated:v3:2,repeated,v3,2,ridge_all_views_original_boost4_a1,0.5,ridge_all_views_original_boost4_a1__w0.50,754375,155,154310654.7286901,14.302248291282902,9.53565648157359,19.188330747041462,21.832004651395078,71.73912293259572,0.45470255842806945,0.5529639038746935
repeated:v3:2,repeated,v3,2,ridge_all_views_original_boost4_a1,0.75,ridge_all_views_original_boost4_a1__w0.75,754375,155,170806844.86723194,15.047314270886883,9.962644764012234,19.73498335941491,22.152292650522853,79.91789309843531,0.4766213007227201,0.5701973769629223
repeated:v3:2,repeated,v3,2,ridge_all_views_original_boost4_a1,1.0,ridge_all_views_original_boost4_a1__w1.00,754375,155,190067917.40364188,15.873063890986714,10.288471059479015,20.242721868877137,22.545056688228353,88.1133745858849,0.4965896937403019,0.5845974105435565
repeated:v3:2,repeated,v3,2,ridge_all_views_original_boost4_a10,0.25,ridge_all_views_original_boost4_a10__w0.25,754375,155,134970906.39707237,13.376005494119708,9.076542250711372,18.40543955401529,22.64644857397787,57.640225611607285,0.4085527041748591,0.5175447380074238
repeated:v3:2,repeated,v3,2,ridge_all_views_original_boost4_a10,0.5,ridge_all_views_original_boost4_a10__w0.50,754375,155,142623636.81165996,13.749981363206649,9.377024788512161,19.125463055674086,23.499870571882763,59.84519993155718,0.41259264749425023,0.5238742441012564
repeated:v3:2,repeated,v3,2,ridge_all_views_original_boost4_a10,0.75,ridge_all_views_original_boost4_a10__w0.75,754375,155,152571112.88897347,14.22140528814953,9.73932968983466,19.702763892913445,23.590431734544882,62.07343101597979,0.41355800372858564,0.5250435682355608
repeated:v3:2,repeated,v3,2,ridge_all_views_original_boost4_a10,1.0,ridge_all_views_original_boost4_a10__w1.00,754375,155,164813334.62901294,14.78095618092931,9.77191796623346,20.855420565035544,24.312124257334553,64.3225019592649,0.4139022844173692,0.5223016701561987
repeated:v3:2,repeated,v3,2,ridge_per_view_ensemble_a1,0.25,ridge_per_view_ensemble_a1__w0.25,754375,155,136766235.43497178,13.464672752848646,9.200831294611355,18.351183437434205,21.41118066165664,61.47601573706975,0.42064196365081946,0.5257800451709838
repeated:v3:2,repeated,v3,2,ridge_per_view_ensemble_a1,0.5,ridge_per_view_ensemble_a1__w0.50,754375,155,145400871.36966228,13.883208975570815,9.452126390680787,18.097583553017866,20.850832181473695,67.51797002951272,0.43799378098817443,0.5388192344523648
repeated:v3:2,repeated,v3,2,ridge_per_view_ensemble_a1,0.75,ridge_per_view_ensemble_a1__w0.75,754375,155,155516829.44928226,14.35803650206304,9.614428870369814,18.186611242976838,21.476311672213118,73.58043963736287,0.45381137722157827,0.5510742725889406
repeated:v3:2,repeated,v3,2,ridge_per_view_ensemble_a1,1.0,ridge_per_view_ensemble_a1__w1.00,754375,155,167114109.67383167,14.883768828724751,9.724545512919368,19.24575414083621,22.194259223604313,79.65874071229545,0.46847121166152617,0.5631398213240711
repeated:v3:2,repeated,v3,2,extra_trees_all_views,0.25,extra_trees_all_views__w0.25,754375,155,135503596.35281292,13.402375055829372,8.904608084512834,19.129293993712466,22.40181844497255,56.6846268318177,0.41487060886734445,0.5289829115084259
repeated:v3:2,repeated,v3,2,extra_trees_all_views,0.5,extra_trees_all_views__w0.50,754375,155,147492267.7151379,13.982698160266162,9.041501232519398,20.125007243129353,23.53913924896991,57.93496987532178,0.4178465598409385,0.5347435844914795
repeated:v3:2,repeated,v3,2,extra_trees_all_views,0.75,extra_trees_all_views__w0.75,754375,155,165578935.73218572,14.815247110742327,9.237720006571486,20.749675224146632,25.43014811789716,59.210600785657086,0.4163553361775351,0.5377755669680591
repeated:v3:2,repeated,v3,2,extra_trees_all_views,1.0,extra_trees_all_views__w1.00,754375,155,189763600.4039564,15.860351650290161,10.231661026544487,22.87717338859223,27.003991445394472,60.509920276715505,0.4139133741176081,0.5439324805811225
repeated:v3:2,repeated,v3,2,hist_gradient_all_views,0.25,hist_gradient_all_views__w0.25,754375,155,134436068.10035548,13.349477179953592,8.926209954217823,19.178931544131046,21.945441672473514,57.74451388445074,0.4215753871868209,0.5337496385113915
repeated:v3:2,repeated,v3,2,hist_gradient_all_views,0.5,hist_gradient_all_views__w0.50,754375,155,145637217.81439158,13.894487844579006,8.986606595908043,20.067002868263685,22.126803972740575,60.065300881662665,0.43162163406101967,0.5440882283918289
repeated:v3:2,repeated,v3,2,hist_gradient_all_views,0.75,hist_gradient_all_views__w0.75,754375,155,163216370.78731906,14.709171604666757,9.337214348111399,21.00881721335024,23.597665899609193,62.41945416279955,0.43530950822782793,0.550810997585761
repeated:v3:2,repeated,v3,2,hist_gradient_all_views,1.0,hist_gradient_all_views__w1.00,754375,155,187173527.01913795,15.751741220425284,9.87743666518575,22.14936470180179,26.026936182742666,64.80333747333566,0.4494458369582617,0.5635725459458841
repeated:v3:2,repeated,v3,2,knn25_all_views,0.25,knn25_all_views__w0.25,754375,155,138597923.6520216,13.55453796541474,9.05447664067019,18.745202913968818,22.636400405729656,58.913873178578534,0.422896249293051,0.538394518142771
repeated:v3:2,repeated,v3,2,knn25_all_views,0.5,knn25_all_views__w0.50,754375,155,158101232.4701595,14.476846982405828,9.418819496478193,20.297248755319266,23.675988224984863,62.40849451345639,0.4418653921229601,0.5501092996924043
repeated:v3:2,repeated,v3,2,knn25_all_views,0.75,knn25_all_views__w0.75,754375,155,188122848.09962454,15.791636144768166,9.696475286011326,22.079571012250337,25.863156802424005,65.93846375846083,0.4543951470079373,0.5652426917900542
repeated:v3:2,repeated,v3,2,knn25_all_views,1.0,knn25_all_views__w1.00,754375,155,228662770.5404167,17.41021309996338,10.338823883785661,24.68564683135659,29.028386356664807,69.49839493881021,0.4668660545926123,0.5804092929927829
repeated:v3:3,repeated,v3,3,ridge_original_a1,0.25,ridge_original_a1__w0.25,758692,158,130560027.59750254,13.118143104363691,9.222464612836166,21.490232206661126,25.16995245553804,38.01585526899698,0.3037890866252677,0.4743935019836485
repeated:v3:3,repeated,v3,3,ridge_original_a1,0.5,ridge_original_a1__w0.50,758692,158,128629219.58053531,13.020781916090062,9.35176420664381,21.33064542691845,24.110513077550195,37.50922299615818,0.3006448500447885,0.4682293703462448
repeated:v3:3,repeated,v3,3,ridge_original_a1,0.75,ridge_original_a1__w0.75,758692,158,128039526.52360839,12.990901127400349,9.353133850797027,21.458525151073662,23.276754013948242,37.00479059921769,0.3008955470507893,0.4657327911962964
repeated:v3:3,repeated,v3,3,ridge_original_a1,1.0,ridge_original_a1__w1.00,758692,158,128790948.4267218,13.02896502770292,9.414148036217341,20.72490591726474,23.612964148886846,36.502649278957975,0.30154523270920497,0.46274283332877464
repeated:v3:3,repeated,v3,3,ridge_original_a10,0.25,ridge_original_a10__w0.25,758692,158,134975023.36135903,13.338099513916411,9.196635812450282,20.30172584023545,25.43653272338312,38.25452081282006,0.31140066414670875,0.47719511324229125
repeated:v3:3,repeated,v3,3,ridge_original_a10,0.5,ridge_original_a10__w0.50,758692,158,137541238.73675656,13.464297944749948,9.171040168287846,20.188953532064847,25.47687060436389,37.98593948198726,0.310233465778608,0.47193727984237527
repeated:v3:3,repeated,v3,3,ridge_original_a10,0.75,ridge_original_a10__w0.75,758692,158,141530596.70070273,13.658166934403503,9.185285739187895,20.561999180461004,25.358568505232224,37.71888864478257,0.3066885179915649,0.4687408053341869
repeated:v3:3,repeated,v3,3,ridge_original_a10,1.0,ridge_original_a10__w1.00,758692,158,146943097.25319752,13.916878717307405,9.50082802444912,20.90254992863032,25.24349816817384,38.37242457576851,0.3011283732323935,0.46603096755186607
repeated:v3:3,repeated,v3,3,ridge_original_a100,0.25,ridge_original_a100__w0.25,758692,158,138921028.80168527,13.53166517354873,9.117073849128785,20.44087801295327,24.29575291922362,39.41355320750551,0.323679113633849,0.4772922097020347
repeated:v3:3,repeated,v3,3,ridge_original_a100,0.5,ridge_original_a100__w0.50,758692,158,147678378.5983343,13.951654261526542,9.265848050711039,20.677663355078757,25.24688674276196,45.43341809056279,0.3337526565814736,0.4812876659733105
repeated:v3:3,repeated,v3,3,ridge_original_a100,0.75,ridge_original_a100__w0.75,758692,158,160103999.96445724,14.52674586047654,9.66915305177769,20.940805984507456,25.471045871596928,51.47624156914909,0.3402668634070176,0.48246602075496314
repeated:v3:3,repeated,v3,3,ridge_original_a100,1.0,ridge_original_a100__w1.00,758692,158,176197892.90005407,15.239390681852516,10.028611085863243,21.48581707748916,26.50775257867539,57.534790140587205,0.3449229230802655,0.4787794520004226
repeated:v3:3,repeated,v3,3,ridge_backtest_single_a1,0.25,ridge_backtest_single_a1__w0.25,758692,158,134876602.8225623,13.333235716524813,9.19946914021479,19.89603313089389,25.828776741674325,39.03714224322821,0.31429908393890693,0.47890379837019154
repeated:v3:3,repeated,v3,3,ridge_backtest_single_a1,0.5,ridge_backtest_single_a1__w0.50,758692,158,137965813.84184006,13.485063356365844,8.979348725706782,19.49694645237459,26.31130624830501,39.55205793995285,0.31742237420205716,0.47667371837184747
repeated:v3:3,repeated,v3,3,ridge_backtest_single_a1,0.75,ridge_backtest_single_a1__w0.75,758692,158,143099583.6323434,13.73366446585963,9.318592877423079,19.802999283728205,26.63987249249716,40.06925619184148,0.3165529303480926,0.475137901781035
repeated:v3:3,repeated,v3,3,ridge_backtest_single_a1,1.0,ridge_backtest_single_a1__w1.00,758692,158,150277912.19407234,14.073911768916872,9.637158478034896,19.967811323578808,26.26160448543706,40.588649743051946,0.31197847710848586,0.4705575352397764
repeated:v3:3,repeated,v3,3,ridge_backtest_single_a10,0.25,ridge_backtest_single_a10__w0.25,758692,158,137123266.55366352,13.443824143391048,9.098658860475144,20.20846126593448,25.1464728672643,38.89080806521107,0.31776322437365323,0.47835630213552555
repeated:v3:3,repeated,v3,3,ridge_backtest_single_a10,0.5,ridge_backtest_single_a10__w0.50,758692,158,142932622.5169745,13.725650266572012,9.194128312621924,20.58058335725653,24.608953433435794,41.38327170515598,0.3224348860797748,0.4787472053989144
repeated:v3:3,repeated,v3,3,ridge_backtest_single_a10,0.75,ridge_backtest_single_a10__w0.75,758692,158,151260018.4644431,14.119825261947286,9.45312346459038,20.439344992547845,25.378005713457398,45.38833780677076,0.3245156281917894,0.47776069102265817
repeated:v3:3,repeated,v3,3,ridge_backtest_single_a10,1.0,ridge_backtest_single_a10__w1.00,758692,158,162105454.39606926,14.617263018823094,9.99033634578672,20.730103933395633,26.15582545427996,49.40600552560411,0.3262889314786231,0.4737588775660365
repeated:v3:3,repeated,v3,3,ridge_backtest_cumulative_a1,0.25,ridge_backtest_cumulative_a1__w0.25,758692,158,132704026.04516552,13.225414649172828,9.248047996682018,19.9375326774635,26.016392752225958,38.084953884377114,0.3088528994565402,0.47245875122244274
repeated:v3:3,repeated,v3,3,ridge_backtest_cumulative_a1,0.5,ridge_backtest_cumulative_a1__w0.50,758692,158,133021569.59578268,13.241228547027848,9.27837746643339,20.806849623609377,26.693962585408592,37.647822009977965,0.3067768996255526,0.4661232408337148
repeated:v3:3,repeated,v3,3,ridge_backtest_cumulative_a1,0.75,ridge_backtest_cumulative_a1__w0.75,758692,158,134784581.22636163,13.328686539890633,9.428842834164318,20.986874169117907,27.28728161723779,37.21329362774693,0.30217104353177754,0.46203745386203693
repeated:v3:3,repeated,v3,3,ridge_backtest_cumulative_a1,1.0,ridge_backtest_cumulative_a1__w1.00,758692,158,137993060.9369023,13.486394884277441,9.746375514651746,20.66551607517614,27.611389682892057,36.78146100911325,0.2948561816382489,0.4583255318581541
repeated:v3:3,repeated,v3,3,ridge_backtest_cumulative_a10,0.25,ridge_backtest_cumulative_a10__w0.25,758692,158,135671235.5383102,13.372454771562378,9.304964065995577,19.975932057640943,25.688567270692122,38.364749377377265,0.31349495079904605,0.47531304925870144
repeated:v3:3,repeated,v3,3,ridge_backtest_cumulative_a10,0.5,ridge_backtest_cumulative_a10__w0.50,758692,158,139367892.6735079,13.553411188139268,9.186872317314183,20.02241089917669,25.656665313215395,38.20617996069505,0.3142849748846644,0.4709416349693198
repeated:v3:3,repeated,v3,3,ridge_backtest_cumulative_a10,0.75,ridge_backtest_cumulative_a10__w0.75,758692,158,144921921.98010322,13.82083525530724,9.466371473066772,20.96106271518102,25.627280317270426,39.637115464303456,0.3129975629410063,0.47129099093089866
repeated:v3:3,repeated,v3,3,ridge_backtest_cumulative_a10,1.0,ridge_backtest_cumulative_a10__w1.00,758692,158,152333323.45809618,14.169832164714446,9.654395456124831,21.27412549479058,25.600392033449737,41.74307736110624,0.30858667355313546,0.46747806395485214
repeated:v3:3,repeated,v3,3,ridge_slope_single_a1,0.25,ridge_slope_single_a1__w0.25,758692,158,133302150.38643791,13.25518597259786,8.993214621041297,21.013139463295442,26.18713780640314,39.273630012585116,0.3079783415394153,0.47883397869496075
repeated:v3:3,repeated,v3,3,ridge_slope_single_a1,0.5,ridge_slope_single_a1__w0.50,758692,158,134775560.5593157,13.328240510923095,8.940989699108016,20.56700997881662,24.851592748597227,40.024624785213,0.3043012214722216,0.4740401271896449
repeated:v3:3,repeated,v3,3,ridge_slope_single_a1,0.75,ridge_slope_single_a1__w0.75,758692,158,138252181.09314355,13.499051164767883,9.104562785529762,20.539758631718477,24.493756361939298,40.77747635595345,0.30364070841671237,0.4682329774263824
repeated:v3:3,repeated,v3,3,ridge_slope_single_a1,1.0,ridge_slope_single_a1__w1.00,758692,158,143732011.9879214,13.763978961920273,9.542809180544612,20.403297259289925,24.53478973386425,41.53208375045965,0.3065347154489385,0.46005606312150366
repeated:v3:3,repeated,v3,3,ridge_slope_single_a10,0.25,ridge_slope_single_a10__w0.25,758692,158,136371124.99201638,13.406902754013668,9.085630335927416,20.09200549070377,25.856963542443463,38.96581129903471,0.313978067365251,0.4782808396962482
repeated:v3:3,repeated,v3,3,ridge_slope_single_a10,0.5,ridge_slope_single_a10__w0.50,758692,158,140724206.06485352,13.619201681568704,8.994734589279378,19.48874349158082,25.995315492607883,39.41019948665875,0.31509754952551655,0.4730673251596314
repeated:v3:3,repeated,v3,3,ridge_slope_single_a10,0.75,ridge_slope_single_a10__w0.75,758692,158,146891193.79302153,13.914420629887728,9.230225614463503,20.27185582554285,26.125616827254646,39.857658907970595,0.31277937416649865,0.46875745745012654
repeated:v3:3,repeated,v3,3,ridge_slope_single_a10,1.0,ridge_slope_single_a10__w1.00,758692,158,154872088.1765204,14.287420429251162,9.887097531911316,20.922432864302547,26.080773412448195,40.42124887755221,0.3075156560213192,0.4641327262118293
repeated:v3:3,repeated,v3,3,ridge_local_long_a1,0.25,ridge_local_long_a1__w0.25,758692,158,134868006.1031254,13.332810795112438,9.066181338472642,20.14710247260347,26.27955708804762,39.407304460784594,0.31032973875501507,0.4779604119576974
repeated:v3:3,repeated,v3,3,ridge_local_long_a1,0.5,ridge_local_long_a1__w0.50,758692,158,137953550.09963283,13.484464001310794,9.049584097709687,19.195437349415112,26.230142975752088,40.29184869441226,0.3077139365392095,0.4715748863256336
repeated:v3:3,repeated,v3,3,ridge_local_long_a1,0.75,ridge_local_long_a1__w0.75,758692,158,143088582.56403244,13.733136554174054,9.404842406596483,19.500543882951845,25.427585228873145,41.17811472749418,0.30476792738617875,0.4633150959979183
repeated:v3:3,repeated,v3,3,ridge_local_long_a1,1.0,ridge_local_long_a1__w1.00,758692,158,150273103.4963242,14.073686593679053,9.662114903535866,20.30590203211205,25.177576012845186,42.06599373314223,0.29875251283529464,0.45545253891848253
repeated:v3:3,repeated,v3,3,ridge_local_long_a10,0.25,ridge_local_long_a10__w0.25,758692,158,137114298.33910185,13.443384505852169,8.989164613546867,19.90680904582478,25.27920513382342,39.21737914622423,0.31565615333920305,0.47829967824581193
repeated:v3:3,repeated,v3,3,ridge_local_long_a10,0.5,ridge_local_long_a10__w0.50,758692,158,142666773.75447792,13.712879754928267,9.166492234199445,20.204820098760223,24.83888568177481,39.912550805254575,0.31757758719260076,0.47351855691127853
repeated:v3:3,repeated,v3,3,ridge_local_long_a10,0.75,ridge_local_long_a10__w0.75,758692,158,150489376.82063827,14.083810390134406,9.361260002493168,20.55605457938729,25.59570153168309,41.92065390657527,0.31531792745749554,0.47016447229104663
repeated:v3:3,repeated,v3,3,ridge_local_long_a10,1.0,ridge_local_long_a10__w1.00,758692,158,160582107.53758293,14.548419803146837,9.887665384084652,20.5481843466006,26.446521669365453,44.78346445233574,0.31084729854927035,0.46407522934185164
repeated:v3:3,repeated,v3,3,ridge_all_views_a1,0.25,ridge_all_views_a1__w0.25,758692,158,136075905.48379302,13.392383098030363,9.139997093168613,19.825080024185198,26.37939915554427,39.734876096906135,0.3132460417149516,0.4784612097681299
repeated:v3:3,repeated,v3,3,ridge_all_views_a1,0.5,ridge_all_views_a1__w0.50,758692,158,140808988.0911752,13.623303639887546,9.253205482468502,20.096642416044553,26.811648761817704,40.94773118846506,0.313155387408048,0.4730911426527906
repeated:v3:3,repeated,v3,3,ridge_all_views_a1,0.75,ridge_all_views_a1__w0.75,758692,158,148031198.39665666,13.96831033314135,9.672187043048375,20.530070749289788,25.850649144057634,42.16294328678082,0.30966237658591916,0.4712362513796804
repeated:v3:3,repeated,v3,3,ridge_all_views_a1,1.0,ridge_all_views_a1__w1.00,758692,158,157742536.4002374,14.419216328896654,10.219545026177128,21.66738470948629,25.594531530875308,43.38031431192018,0.3032596150808121,0.46504029006165526
repeated:v3:3,repeated,v3,3,ridge_all_views_a10,0.25,ridge_all_views_a10__w0.25,758692,158,137808954.66399202,13.477395306341574,9.06632001853043,19.879638690757226,25.295452693283192,39.40295996741417,0.3167035430754157,0.4780667214694579
repeated:v3:3,repeated,v3,3,ridge_all_views_a10,0.5,ridge_all_views_a10__w0.50,758692,158,144444709.30950555,13.79806121214086,9.107423754641559,19.933686062444743,24.952077750790593,40.283995498604874,0.3189367560058902,0.4740067486035417
repeated:v3:3,repeated,v3,3,ridge_all_views_a10,0.75,ridge_all_views_a10__w0.75,758692,158,153739214.5110507,14.235068999278383,9.481848894432638,20.71587920300424,25.906109656758954,43.00060798238836,0.31744885860086186,0.4724368856885507
repeated:v3:3,repeated,v3,3,ridge_all_views_a10,1.0,ridge_all_views_a10__w1.00,758692,158,165692470.2686275,14.778101124437093,10.131562336483658,21.078052542991443,26.731646890754128,46.22238495046358,0.3126296173010471,0.4659322006217506
repeated:v3:3,repeated,v3,3,ridge_all_views_a100,0.25,ridge_all_views_a100__w0.25,758692,158,139893648.8819462,13.578951799372717,9.110883710731802,20.324913146602995,24.28084272030896,39.628017268602505,0.32426842701083486,0.4782679774254776
repeated:v3:3,repeated,v3,3,ridge_all_views_a100,0.5,ridge_all_views_a100__w0.50,758692,158,149882746.37816146,14.05539544251925,9.442981532289691,20.789101472118972,25.500300099673794,45.86326260980885,0.33433406867891013,0.47923256927685426
repeated:v3:3,repeated,v3,3,ridge_all_views_a100,0.75,ridge_all_views_a100__w0.75,758692,158,163799243.0631559,14.693430155350445,9.835518862577326,20.505271757177038,26.01020426078458,52.121769453456366,0.33989192593201867,0.48059654549636005
repeated:v3:3,repeated,v3,3,ridge_all_views_a100,1.0,ridge_all_views_a100__w1.00,758692,158,181643138.9369295,15.473079138406813,10.219167960480345,21.632921977379592,26.621433392083134,58.396059232362234,0.3436996747441341,0.47662922050391204
repeated:v3:3,repeated,v3,3,ridge_all_views_no_indicator_a1,0.25,ridge_all_views_no_indicator_a1__w0.25,758692,158,135989266.04623356,13.38811895852012,9.084999330843539,19.70448474412927,26.453189802768257,39.66190601055573,0.31321147653348935,0.4777564000062224
repeated:v3:3,repeated,v3,3,ridge_all_views_no_indicator_a1,0.5,ridge_all_views_no_indicator_a1__w0.50,758692,158,140625063.617324,13.614403363900903,9.19376952818019,19.968327082836005,27.02572363934798,40.80182569832092,0.3133492353335828,0.4721941635099381
repeated:v3:3,repeated,v3,3,ridge_all_views_no_indicator_a1,0.75,ridge_all_views_no_indicator_a1__w0.75,758692,158,147739343.28778133,13.954533730117342,9.502806134425825,20.61203087971661,26.195606892625374,41.94414654327077,0.3094800968177639,0.4698795359569167
repeated:v3:3,repeated,v3,3,ridge_all_views_no_indicator_a1,1.0,ridge_all_views_no_indicator_a1__w1.00,758692,158,157332105.05760562,14.400445383995775,10.263552938936364,21.51956362327989,25.46849019170943,43.08867757511007,0.30281735919308084,0.4637415652243387
repeated:v3:3,repeated,v3,3,ridge_all_views_original_boost4_a1,0.25,ridge_all_views_original_boost4_a1__w0.25,758692,158,135641258.83369237,13.370977360855948,9.089580880848967,20.04109666574873,26.47042290110455,39.51594868580406,0.31239249475195585,0.4786963693107164
repeated:v3:3,repeated,v3,3,ridge_all_views_original_boost4_a1,0.5,ridge_all_views_original_boost4_a1__w0.50,758692,158,139701697.98170838,13.569632624549438,9.197030422051835,20.28710530229247,26.822393463820923,40.50951713202895,0.31183725498135245,0.47357492162330345
repeated:v3:3,repeated,v3,3,ridge_all_views_original_boost4_a1,0.75,ridge_all_views_original_boost4_a1__w0.75,758692,158,146013268.01855814,13.872777099218249,9.55016218703752,20.19134526388672,25.83874372610907,41.505146508095876,0.30885189843499583,0.4713586972781153
repeated:v3:3,repeated,v3,3,ridge_all_views_original_boost4_a1,1.0,ridge_all_views_original_boost4_a1__w1.00,758692,158,154575968.94424167,14.27375494474372,9.930257217647757,21.212763089776548,25.6352712351141,42.50269198185178,0.3036631800760088,0.46608330737351394
repeated:v3:3,repeated,v3,3,ridge_all_views_original_boost4_a10,0.25,ridge_all_views_original_boost4_a10__w0.25,758692,158,137438616.80142134,13.459274032810525,8.933153699004691,19.904127294895776,25.386987615437523,39.20024860669855,0.3161865136219165,0.4782133318002565
repeated:v3:3,repeated,v3,3,ridge_all_views_original_boost4_a10,0.5,ridge_all_views_original_boost4_a10__w0.50,758692,158,143440715.19917127,13.750024393596052,9.126333443380002,19.81094421168348,25.053797997113545,39.878384944678515,0.3184206853623106,0.47440666165568424
repeated:v3:3,repeated,v3,3,ridge_all_views_original_boost4_a10,0.75,ridge_all_views_original_boost4_a10__w0.75,758692,158,151838245.76775995,14.146787709761114,9.53016750307081,20.499691562078546,25.778692706645614,42.37663457575821,0.3168441528495116,0.47340536211272133
repeated:v3:3,repeated,v3,3,ridge_all_views_original_boost4_a10,1.0,ridge_all_views_original_boost4_a10__w1.00,758692,158,162631208.5071873,14.640947801695509,10.009242931376129,21.0765083981696,26.6378838389014,45.390283789001884,0.31258023343873986,0.4681740996993578
repeated:v3:3,repeated,v3,3,ridge_per_view_ensemble_a1,0.25,ridge_per_view_ensemble_a1__w0.25,758692,158,133044309.21132132,13.242360271681195,9.234463102600184,20.495716291725994,25.95076172139535,38.80156333392811,0.3095441484049491,0.4771998169431726
repeated:v3:3,repeated,v3,3,ridge_per_view_ensemble_a1,0.5,ridge_per_view_ensemble_a1__w0.50,758692,158,133560142.1572155,13.268006755542203,9.075902126991046,20.848997626920973,26.17642038772199,39.07993965601226,0.3079533267768734,0.473378790455903
repeated:v3:3,repeated,v3,3,ridge_per_view_ensemble_a1,0.75,ridge_per_view_ensemble_a1__w0.75,758692,158,135379449.4121926,13.358067060873399,9.27189064636534,20.928193342182922,25.49496116627267,39.35969959930508,0.30602436807862865,0.4720070111555828
repeated:v3:3,repeated,v3,3,ridge_per_view_ensemble_a1,1.0,ridge_per_view_ensemble_a1__w1.00,758692,158,138502230.97625268,13.5112531831075,9.524854175293672,20.659512044579472,24.933252229207735,39.640813869631444,0.303047730659645,0.4683386276695605
repeated:v3:3,repeated,v3,3,extra_trees_all_views,0.25,extra_trees_all_views__w0.25,758692,158,138852797.01542288,13.528341691526805,8.870612878138381,19.893035343087796,24.091654520203285,41.27140539975045,0.336470018481972,0.49051456391819775
repeated:v3:3,repeated,v3,3,extra_trees_all_views,0.5,extra_trees_all_views__w0.50,758692,158,150763809.96642768,14.096646192863691,8.966614647206951,20.468891678516062,23.62183184875502,49.15746274801549,0.3577087934820662,0.49688778110859966
repeated:v3:3,repeated,v3,3,extra_trees_all_views,0.75,extra_trees_all_views__w0.75,758692,158,169564989.42752454,14.949798573715967,9.477754813060976,20.61649141880159,24.68545664036861,57.069109487430275,0.3734517993809973,0.5005603523169183
repeated:v3:3,repeated,v3,3,extra_trees_all_views,1.0,extra_trees_all_views__w1.00,758692,158,195256335.3987134,16.04241750629895,10.387327499644002,22.794121974033825,27.14611336854616,64.99700181752901,0.39303721765165833,0.5208973339180916
repeated:v3:3,repeated,v3,3,hist_gradient_all_views,0.25,hist_gradient_all_views__w0.25,758692,158,138167551.41926402,13.494918878490333,8.970543758367208,19.64608229234115,23.8980757074534,40.32239498378354,0.33903411500642,0.49230327064534546
repeated:v3:3,repeated,v3,3,hist_gradient_all_views,0.5,hist_gradient_all_views__w0.50,758692,158,149999274.01674083,14.06085812539922,9.220191193669738,20.08968423905579,25.118320410558063,47.26326864397746,0.3589821517226017,0.49678052971648023
repeated:v3:3,repeated,v3,3,hist_gradient_all_views,0.75,hist_gradient_all_views__w0.75,758692,158,169327118.36694047,14.939308871536293,9.787390453799304,20.761307561045598,27.379914503012007,54.2334270933154,0.36466194373711536,0.5015391210074204
repeated:v3:3,repeated,v3,3,hist_gradient_all_views,1.0,hist_gradient_all_views__w1.00,758692,158,196151084.46986297,16.0791321453214,10.035285524305689,22.790084340839094,29.356006547732473,61.222869022512924,0.3815767843064285,0.5217506059921782
repeated:v3:3,repeated,v3,3,knn25_all_views,0.25,knn25_all_views__w0.25,758692,158,136032929.06309015,13.39026809413079,8.761846836939098,19.442262151226277,23.57270297910535,40.608116614535874,0.33943961979357035,0.4887934573446491
repeated:v3:3,repeated,v3,3,knn25_all_views,0.5,knn25_all_views__w0.50,758692,158,147250427.55161086,13.931424635203323,9.587718034533829,19.902983353301043,24.034980515916512,47.832310784378166,0.35342124203036196,0.5014403555861596
repeated:v3:3,repeated,v3,3,knn25_all_views,0.75,knn25_all_views__w0.75,758692,158,167484446.0400723,14.85779932235629,10.197019211221747,21.751339057680184,25.207464154780844,55.083881464663946,0.3568904928671674,0.4985742326066807
repeated:v3:3,repeated,v3,3,knn25_all_views,1.0,knn25_all_views__w1.00,758692,158,196734984.5284744,16.10304643984733,10.838872154454304,23.07162740249784,27.914220445798794,62.353277874536545,0.36628169434639757,0.49910761592654684
repeated:v3:4,repeated,v3,4,ridge_original_a1,0.25,ridge_original_a1__w0.25,756841,159,104991583.33515804,11.778091317680952,9.12488930364852,16.67845891059197,20.43236402381798,41.47121438043258,0.25895986412257976,0.3832602710454849
repeated:v3:4,repeated,v3,4,ridge_original_a1,0.5,ridge_original_a1__w0.50,756841,159,105420939.73398255,11.802149624015275,9.432767327703587,17.07823746001027,19.90368470546129,41.17113952060694,0.2528305171167144,0.37774437135510436
repeated:v3:4,repeated,v3,4,ridge_original_a1,0.75,ridge_original_a1__w0.75,756841,159,106599528.04673134,11.867939276180623,9.492845407969615,17.187129975691683,20.238849611433515,40.87155946606901,0.24764129663849174,0.3734956882950388
repeated:v3:4,repeated,v3,4,ridge_original_a1,1.0,ridge_original_a1__w1.00,756841,159,108527348.2734044,11.974772475251116,9.856299069754836,17.8520694929527,20.601544225080772,40.572485177484424,0.24360577111742496,0.3681381170744092
repeated:v3:4,repeated,v3,4,ridge_original_a10,0.25,ridge_original_a10__w0.25,756841,159,107422662.57836257,11.913671771498333,9.009507545768306,17.20460959605307,20.909134437183734,41.81705802469448,0.2650430563319782,0.3869991368533899
repeated:v3:4,repeated,v3,4,ridge_original_a10,0.5,ridge_original_a10__w0.50,756841,159,110750535.90813033,12.096802573090697,9.37354411731775,17.78366650357492,19.87001227733513,41.86511396620167,0.26340400871697117,0.3858302521038632
repeated:v3:4,repeated,v3,4,ridge_original_a10,0.75,ridge_original_a10__w0.75,756841,159,115295078.83956107,12.342497839703503,9.776870396745371,17.82822475501441,20.775113955538338,41.915931674759726,0.2613452740984216,0.38225292575953534
repeated:v3:4,repeated,v3,4,ridge_original_a10,1.0,ridge_original_a10__w1.00,756841,159,121056291.3726548,12.647111779819616,9.684233345050014,17.878895784956924,20.734061230839647,41.96950111832259,0.2581694406494321,0.37674311006436034
repeated:v3:4,repeated,v3,4,ridge_original_a100,0.25,ridge_original_a100__w0.25,756841,159,109991799.03351663,12.055294584053502,9.251543713093113,17.4141581313622,21.049421884091444,43.10043698672596,0.2753859821110743,0.3943043208699039
repeated:v3:4,repeated,v3,4,ridge_original_a100,0.5,ridge_original_a100__w0.50,756841,159,117455053.29588935,12.457575493618142,9.831907983133583,18.024126315592337,20.63850820729182,44.432585521409855,0.28003343963661764,0.39754696796021516
repeated:v3:4,repeated,v3,4,ridge_original_a100,0.75,ridge_original_a100__w0.75,756841,159,127701221.63737595,12.98958273755281,10.142645868241134,19.372252521063704,22.367845133556955,45.76791468362914,0.2793564384517742,0.3983848157631737
repeated:v3:4,repeated,v3,4,ridge_original_a100,1.0,ridge_original_a100__w1.00,756841,159,140730304.05797642,13.636141135156736,10.42351678933653,19.785592938493338,24.26444867297922,47.10615398818291,0.2745581167885104,0.3990215700847197
repeated:v3:4,repeated,v3,4,ridge_backtest_single_a1,0.25,ridge_backtest_single_a1__w0.25,756841,159,107404217.90698604,11.912648927766611,9.119163117908279,17.666103630434485,21.14913740677583,41.001505230760365,0.2643850489114182,0.3909810421138806
repeated:v3:4,repeated,v3,4,ridge_backtest_single_a1,0.5,ridge_backtest_single_a1__w0.50,756841,159,111745923.9493789,12.151041942200445,9.837297292504172,18.179010299390526,21.941316906072277,40.23232915060984,0.25936977640884373,0.3948584134753675
repeated:v3:4,repeated,v3,4,ridge_backtest_single_a1,0.75,ridge_backtest_single_a1__w0.75,756841,159,118336576.97743633,12.504236406024935,9.654268688487974,18.92683044292649,22.818622687807796,39.46430899636761,0.25207645814676044,0.39679223817306775
repeated:v3:4,repeated,v3,4,ridge_backtest_single_a1,1.0,ridge_backtest_single_a1__w1.00,756841,159,127176176.99115837,12.962851843871166,9.921518336105901,19.367620891084364,23.302540026547888,38.697513592237215,0.2455902809346426,0.3940459077930596
repeated:v3:4,repeated,v3,4,ridge_backtest_single_a10,0.25,ridge_backtest_single_a10__w0.25,756841,159,108457338.83883673,11.970909475240305,9.199090894499633,17.484951859645268,21.323891881974422,41.40327547956282,0.26617133863708825,0.3902927312374186
repeated:v3:4,repeated,v3,4,ridge_backtest_single_a10,0.5,ridge_backtest_single_a10__w0.50,756841,159,113886239.77888988,12.266856971433224,9.443214176270022,18.071202615293245,21.649408621417564,41.038123409648534,0.26327028686105497,0.39163316449817687
repeated:v3:4,repeated,v3,4,ridge_backtest_single_a10,0.75,ridge_backtest_single_a10__w0.75,756841,159,121598161.67041725,12.67538557846185,9.603602975059486,18.71435703026263,22.97420128518016,40.676407278948375,0.25733021241927917,0.38966890745196164
repeated:v3:4,repeated,v3,4,ridge_backtest_single_a10,1.0,ridge_backtest_single_a10__w1.00,756841,159,131593104.51341884,13.186035510328121,10.099874429036863,19.795336576606484,23.52757173971339,40.80728506425185,0.25018567760072186,0.3852735874969688
repeated:v3:4,repeated,v3,4,ridge_backtest_cumulative_a1,0.25,ridge_backtest_cumulative_a1__w0.25,756841,159,106030326.02222206,11.836211664514728,9.14339027030278,17.137957156679505,20.772201993563975,41.31848659622335,0.2642613452949436,0.3876554409227989
repeated:v3:4,repeated,v3,4,ridge_backtest_cumulative_a1,0.5,ridge_backtest_cumulative_a1__w0.50,756841,159,108357158.04783987,11.965379502554558,9.554981899857625,17.312166899066106,20.621015775611127,40.86537835412529,0.2607578023816897,0.3903798271328486
repeated:v3:4,repeated,v3,4,ridge_backtest_cumulative_a1,0.75,ridge_backtest_cumulative_a1__w0.75,756841,159,112291954.92711121,12.180692956558259,9.386355571388806,18.08573036840332,20.268811730469597,40.41245466123692,0.25578254944489287,0.39095226032550773
repeated:v3:4,repeated,v3,4,ridge_backtest_cumulative_a1,1.0,ridge_backtest_cumulative_a1__w1.00,756841,159,117834716.66003609,12.477693270495957,9.859954899117122,18.56962138027124,21.05901697600795,39.95972179288091,0.2537134780595034,0.3929092869803492
repeated:v3:4,repeated,v3,4,ridge_backtest_cumulative_a10,0.25,ridge_backtest_cumulative_a10__w0.25,756841,159,107937537.41833736,11.942188646637712,9.064086840503766,17.298700198617496,20.998942955748586,41.724738831598174,0.2670298244690539,0.3886056345187692
repeated:v3:4,repeated,v3,4,ridge_backtest_cumulative_a10,0.5,ridge_backtest_cumulative_a10__w0.50,756841,159,112394321.96087377,12.18624374318355,9.266040120274367,17.702981433577364,21.16431523967629,41.68002470977845,0.2658989304785956,0.3895612443815491
repeated:v3:4,repeated,v3,4,ridge_backtest_cumulative_a10,0.75,ridge_backtest_cumulative_a10__w0.75,756841,159,118681812.47786705,12.522463071307731,9.391337451242991,18.4720493060559,21.61033611919615,41.63763849216186,0.26179749130728924,0.3884962517767899
repeated:v3:4,repeated,v3,4,ridge_backtest_cumulative_a10,1.0,ridge_backtest_cumulative_a10__w1.00,756841,159,126800008.96931717,12.943666562602711,9.485396911042008,19.408627934704047,21.93982205317395,41.597587294862734,0.25762891883689776,0.38493181364709333
repeated:v3:4,repeated,v3,4,ridge_slope_single_a1,0.25,ridge_slope_single_a1__w0.25,756841,159,106497718.2669219,11.862270578860898,9.138085771945136,16.4898155796142,20.862265076778673,41.75618527220553,0.26438427484363614,0.3875756758416739
repeated:v3:4,repeated,v3,4,ridge_slope_single_a1,0.5,ridge_slope_single_a1__w0.50,756841,159,108984924.52080883,11.999990119057093,9.484920107985841,17.279623238119488,19.795929066776356,41.74137057650169,0.26194001420430585,0.38960332884014864
repeated:v3:4,repeated,v3,4,ridge_slope_single_a1,0.75,ridge_slope_single_a1__w0.75,756841,159,112773077.61191861,12.206759578084196,9.563789315570363,17.759168147257807,20.61587197583548,41.72733011864312,0.2592738980270776,0.3916414317884428
repeated:v3:4,repeated,v3,4,ridge_slope_single_a1,1.0,ridge_slope_single_a1__w1.00,756841,159,117862177.54025126,12.479147122506253,9.76310030373729,18.520985107181158,21.975112027960318,41.714064680427555,0.25916237325861363,0.3941669445669536
repeated:v3:4,repeated,v3,4,ridge_slope_single_a10,0.25,ridge_slope_single_a10__w0.25,756841,159,108153238.82312034,11.954115272331954,9.091864380295755,17.049989020960304,20.943202799720144,42.14026134072891,0.2695892033726224,0.389893753507415
repeated:v3:4,repeated,v3,4,ridge_slope_single_a10,0.5,ridge_slope_single_a10__w0.50,756841,159,112748909.84449993,12.205451526819424,9.539839894905109,17.59486091188211,20.091556829441284,42.51067900674973,0.2709735836377573,0.3906583019697654
repeated:v3:4,repeated,v3,4,ridge_slope_single_a10,0.75,ridge_slope_single_a10__w0.75,756841,159,119098471.91439655,12.544425286599969,9.548933302647377,18.40339930696405,19.75199735233034,42.88297637438313,0.26915392771064656,0.39089299460109556
repeated:v3:4,repeated,v3,4,ridge_slope_single_a10,1.0,ridge_slope_single_a10__w1.00,756841,159,127201925.0328102,12.964164004549248,9.60861476884044,18.796160772041247,21.613914883659284,43.25710491003644,0.2665557885429322,0.3902713154454946
repeated:v3:4,repeated,v3,4,ridge_local_long_a1,0.25,ridge_local_long_a1__w0.25,756841,159,106938977.50191988,11.886820051770373,9.09223849682275,17.538675536425274,20.887373529135928,41.102701093132595,0.2639410084917227,0.391082114964166
repeated:v3:4,repeated,v3,4,ridge_local_long_a1,0.5,ridge_local_long_a1__w0.50,756841,159,110226673.02033134,12.068159021088322,9.666580302656888,18.33431211252844,21.233949394298495,40.43395870429275,0.2599531934094728,0.39866630633953465
repeated:v3:4,repeated,v3,4,ridge_local_long_a1,0.75,ridge_local_long_a1__w0.75,756841,159,115174545.40549217,12.33604451712091,9.609024330136709,18.934217712123424,22.666448629210894,39.76556285937749,0.2566496671064647,0.404132090967567
repeated:v3:4,repeated,v3,4,ridge_local_long_a1,1.0,ridge_local_long_a1__w1.00,756841,159,121782594.65740237,12.684994578379232,10.038272975036048,19.54222238621197,23.389608405675368,39.806785804617654,0.25492599980489483,0.4062735963068814
repeated:v3:4,repeated,v3,4,ridge_local_long_a10,0.25,ridge_local_long_a10__w0.25,756841,159,108228895.97166593,11.958295711920758,9.022313695268776,17.129453784352716,21.01733452388656,41.80091958883391,0.2681013183799552,0.39129157931673303
repeated:v3:4,repeated,v3,4,ridge_local_long_a10,0.5,ridge_local_long_a10__w0.50,756841,159,113114275.34152363,12.225211558080543,9.678120766920044,18.106110200420936,21.170003149747696,41.832207332725396,0.26774927037535134,0.3944811624446458
repeated:v3:4,repeated,v3,4,ridge_local_long_a10,0.75,ridge_local_long_a10__w0.75,756841,159,119967596.9598309,12.590113764431372,9.860740382702627,18.868891751692416,21.677651769016244,41.86563181230945,0.2640762616050284,0.3962188011902859
repeated:v3:4,repeated,v3,4,ridge_local_long_a10,1.0,ridge_local_long_a10__w1.00,756841,159,128788860.8265877,13.044781991978134,10.066093107035497,19.54796585875395,21.806963806494256,42.573662069456276,0.2606445079539601,0.39506428496466717
repeated:v3:4,repeated,v3,4,ridge_all_views_a1,0.25,ridge_all_views_a1__w0.25,756841,159,107463569.40288772,11.915939933921722,9.283358107722266,17.132005826420386,21.562624072079174,41.250493246521025,0.26429727015881127,0.39099881539558584
repeated:v3:4,repeated,v3,4,ridge_all_views_a1,0.5,ridge_all_views_a1__w0.50,756841,159,111818690.87719879,12.154997567894688,9.689314421270545,18.22962549607956,21.365262589550735,40.729898802588444,0.259383950909524,0.39694595055927284
repeated:v3:4,repeated,v3,4,ridge_all_views_a1,0.75,ridge_all_views_a1__w0.75,756841,159,118376823.273191,12.506362572033453,9.688915735947933,19.138276168380113,22.86081201063258,40.21001668290399,0.25068815064675865,0.4001682372924198
repeated:v3:4,repeated,v3,4,ridge_all_views_a1,1.0,ridge_all_views_a1__w1.00,756841,159,127137966.59086439,12.960904336956231,10.060751499662304,20.627826898482198,23.595319893567204,39.69087487814097,0.2433902266060336,0.3999529261110752
repeated:v3:4,repeated,v3,4,ridge_all_views_a10,0.25,ridge_all_views_a10__w0.25,756841,159,108624925.23871414,11.98015452619906,9.237610169485764,17.22799105759461,21.498611867645238,41.79284399629391,0.26754138115741566,0.39102652445529407
repeated:v3:4,repeated,v3,4,ridge_all_views_a10,0.5,ridge_all_views_a10__w0.50,756841,159,114230512.98772827,12.285384071083929,9.595559331210861,17.73292657627501,21.291806438086248,41.81591760246697,0.26568952936908286,0.3932515855424592
repeated:v3:4,repeated,v3,4,ridge_all_views_a10,0.75,ridge_all_views_a10__w0.75,756841,159,122128222.09730016,12.702982271513168,9.849324710815004,18.38094546077031,21.73434953892506,41.84099088679905,0.2598522693246617,0.3939838952835465
repeated:v3:4,repeated,v3,4,ridge_all_views_a10,1.0,ridge_all_views_a10__w1.00,756841,159,132318052.5674298,13.22230664145304,10.267249403111,19.47536033832336,22.08395308317556,41.868060256683044,0.2517855116863909,0.3901035743904697
repeated:v3:4,repeated,v3,4,ridge_all_views_a100,0.25,ridge_all_views_a100__w0.25,756841,159,110192949.7424135,12.066312784590263,9.312673577074476,17.342945697623108,20.833207432554605,43.18444693943424,0.27528793664659623,0.39418875836809214
repeated:v3:4,repeated,v3,4,ridge_all_views_a100,0.5,ridge_all_views_a100__w0.50,756841,159,118086085.65443796,12.490995098496246,10.004757082172112,17.71774053226238,20.949698635605326,44.60094801401006,0.2793517616453473,0.39819377671336637
repeated:v3:4,repeated,v3,4,ridge_all_views_a100,0.75,ridge_all_views_a100__w0.75,756841,159,128990866.58633119,13.055008375652067,10.26887933315149,19.122722211376022,23.093998482790195,46.020923179862564,0.27776407229184064,0.3988010389200594
repeated:v3:4,repeated,v3,4,ridge_all_views_a100,1.0,ridge_all_views_a100__w1.00,756841,159,142907292.53809318,13.741206629282292,10.756604515115361,20.14322693565256,24.554105467555342,47.44406050497744,0.27322104998569735,0.40457589751225415
repeated:v3:4,repeated,v3,4,ridge_all_views_no_indicator_a1,0.25,ridge_all_views_no_indicator_a1__w0.25,756841,159,107370498.5622048,11.910778804523678,9.352996660025699,17.14930893004294,21.495190707358447,41.19057831594474,0.26477907754741803,0.3913148689693962
repeated:v3:4,repeated,v3,4,ridge_all_views_no_indicator_a1,0.5,ridge_all_views_no_indicator_a1__w0.50,756841,159,111684772.04477924,12.147716715573582,9.572052996431344,18.118681285048414,21.441390000175574,40.61002976558944,0.26022655860569305,0.39749621465380713
repeated:v3:4,repeated,v3,4,ridge_all_views_no_indicator_a1,0.75,ridge_all_views_no_indicator_a1__w0.75,756841,159,118254279.29798116,12.499887587401702,9.662368562465016,19.20426822817098,22.758693635263633,40.03015585975413,0.25176574284821074,0.40083668225596136
repeated:v3:4,repeated,v3,4,ridge_all_views_no_indicator_a1,1.0,ridge_all_views_no_indicator_a1__w1.00,756841,159,127079020.32181053,12.957899390636216,10.117671639277217,20.395934044382017,23.539929029756912,39.450986347421306,0.2460399150797945,0.4015818324066554
repeated:v3:4,repeated,v3,4,ridge_all_views_original_boost4_a1,0.25,ridge_all_views_original_boost4_a1__w0.25,756841,159,107316037.79506542,11.907757711972407,9.08606434903858,17.21572676804725,21.575678292848032,41.30426994415025,0.26490318187020445,0.3914627333796105
repeated:v3:4,repeated,v3,4,ridge_all_views_original_boost4_a1,0.5,ridge_all_views_original_boost4_a1__w0.50,756841,159,111253463.87581281,12.124237786519316,9.62656205850045,17.95250993381511,21.233181620069466,40.837241700321954,0.2611463656243652,0.3973138360234442
repeated:v3:4,repeated,v3,4,ridge_all_views_original_boost4_a1,0.75,ridge_all_views_original_boost4_a1__w0.75,756841,159,117123737.09249996,12.439992974843138,9.594497882301493,18.981022082926,22.44014357217898,40.37070514234055,0.25397040687546124,0.40167388960814593
repeated:v3:4,repeated,v3,4,ridge_all_views_original_boost4_a1,1.0,ridge_all_views_original_boost4_a1__w1.00,756841,159,124926857.44512685,12.84770577407849,9.917250625425787,19.97888672469854,23.523486842984635,39.904677515513086,0.2486949197860893,0.4018296064495715
repeated:v3:4,repeated,v3,4,ridge_all_views_original_boost4_a10,0.25,ridge_all_views_original_boost4_a10__w0.25,756841,159,108522411.26184942,11.974500100299613,9.139900958480052,17.237733149853398,21.506576549178963,41.84886904459536,0.26833394320490633,0.3912643167648472
repeated:v3:4,repeated,v3,4,ridge_all_views_original_boost4_a10,0.5,ridge_all_views_original_boost4_a10__w0.50,756841,159,113834742.73712607,12.264083246203588,9.431218135314468,17.899672141166754,21.077043508391917,41.927887969075805,0.2676576912834501,0.39398479112027873
repeated:v3:4,repeated,v3,4,ridge_all_views_original_boost4_a10,0.75,ridge_all_views_original_boost4_a10__w0.75,756841,159,121248453.27608773,12.657145663074342,9.709190639013752,18.726693967244127,21.984054357621563,42.0088193024155,0.2632299409878977,0.395701686996726
repeated:v3:4,repeated,v3,4,ridge_all_views_original_boost4_a10,1.0,ridge_all_views_original_boost4_a10__w1.00,756841,159,130763542.8787344,13.14440748194781,10.134297298525745,19.97401016918443,22.348692310530154,42.09165201341675,0.2559022348197625,0.39302389943747507
repeated:v3:4,repeated,v3,4,ridge_per_view_ensemble_a1,0.25,ridge_per_view_ensemble_a1__w0.25,756841,159,105896093.34634091,11.828717065596747,8.960348280885517,17.05974350308181,20.974041626753,41.47701751158092,0.2648618336619294,0.3875112794308489
repeated:v3:4,repeated,v3,4,ridge_per_view_ensemble_a1,0.5,ridge_per_view_ensemble_a1__w0.50,756841,159,107579672.468527,11.9223751551338,9.427928657330586,17.28648011790694,20.001386328183195,41.18235342088464,0.2625914783361122,0.3880568854231816
repeated:v3:4,repeated,v3,4,ridge_per_view_ensemble_a1,0.75,ridge_per_view_ensemble_a1__w0.75,756841,159,110362196.2168161,12.075575615618044,9.663212429468865,17.9137913068602,19.31170807981515,40.88778309417049,0.25867463332865914,0.38778859007546834
repeated:v3:4,repeated,v3,4,ridge_per_view_ensemble_a1,1.0,ridge_per_view_ensemble_a1__w1.00,756841,159,114243664.59120815,12.286091272012104,9.855298052184141,17.96057201351901,20.944070037081904,40.59330857266806,0.2555835755329226,0.3881885166258759
repeated:v3:4,repeated,v3,4,extra_trees_all_views,0.25,extra_trees_all_views__w0.25,756841,159,109102417.72307596,12.006456781672783,9.593657729561745,16.937540463471347,20.834278353441153,45.21273242226831,0.2849373076947609,0.40382634474811957
repeated:v3:4,repeated,v3,4,extra_trees_all_views,0.5,extra_trees_all_views__w0.50,756841,159,117257129.28060766,12.447074911097324,9.936160338173822,18.186823201600312,21.590848592661477,48.66108510374388,0.29555472985453146,0.41671724060152193
repeated:v3:4,repeated,v3,4,extra_trees_all_views,0.75,extra_trees_all_views__w0.75,756841,159,129775593.52285287,13.094658791276284,10.10154304503059,19.373308427767803,23.128059276201412,52.11536378683812,0.2972545028235796,0.42265351322632466
repeated:v3:4,repeated,v3,4,extra_trees_all_views,1.0,extra_trees_all_views__w1.00,756841,159,146657810.4498116,13.920353785109734,10.553039236837867,20.852190301140364,23.84531241366471,55.57446347531976,0.29805828511096816,0.431503018710528
repeated:v3:4,repeated,v3,4,hist_gradient_all_views,0.25,hist_gradient_all_views__w0.25,756841,159,108366438.89106622,11.965891911866334,9.43905427508172,17.19583488980249,21.546037482478713,44.839405164994304,0.2871396090173408,0.4058323559733536
repeated:v3:4,repeated,v3,4,hist_gradient_all_views,0.5,hist_gradient_all_views__w0.50,756841,159,115929408.05675273,12.376404177822797,9.761988288523902,17.612849231958105,21.97014556694319,47.92858625286246,0.3001382490830179,0.4197619035211344
repeated:v3:4,repeated,v3,4,hist_gradient_all_views,0.75,hist_gradient_all_views__w0.75,756841,159,128000366.3473173,13.00478812061763,10.286819681507325,19.056970515703487,22.97176648331257,51.03540364706284,0.30525590859043933,0.4276778063009246
repeated:v3:4,repeated,v3,4,hist_gradient_all_views,1.0,hist_gradient_all_views__w1.00,756841,159,144579313.76275992,13.821359206476462,11.04927649320374,20.632477765828437,24.246104207730124,54.15682220378329,0.31145267919179115,0.43247483381657814
repeated:v3:4,repeated,v3,4,knn25_all_views,0.25,knn25_all_views__w0.25,756841,159,113258704.44754124,12.23301390269087,9.431208555679957,16.823935803379992,22.233254893793024,44.98770035578949,0.29075536907234234,0.408318847505108
repeated:v3:4,repeated,v3,4,knn25_all_views,0.5,knn25_all_views__w0.50,756841,159,128626473.63024142,13.03655545082316,10.058077288937447,18.388058628097177,22.184614031862914,48.27809742721235,0.3041300095970311,0.42363023229165037
repeated:v3:4,repeated,v3,4,knn25_all_views,0.75,knn25_all_views__w0.75,756841,159,151414766.39835835,14.144310775712972,10.670569779752915,20.467243448730482,23.53653014706988,51.62872819606616,0.31164100548459006,0.4368946868425154
repeated:v3:4,repeated,v3,4,knn25_all_views,1.0,knn25_all_views__w1.00,756841,159,181623582.751892,15.491154799953334,11.401448072181537,21.873136028194693,25.967000462403913,55.028591070078384,0.3185361200496384,0.4490809576604936
repeated:v4:0,repeated,v4,0,ridge_original_a1,0.25,ridge_original_a1__w0.25,754790,154,113012132.20812826,12.23628167084559,9.156199693937342,17.24817955983145,21.604123787034943,43.86881065342906,0.3026634131560226,0.44216496437192737
repeated:v4:0,repeated,v4,0,ridge_original_a1,0.5,ridge_original_a1__w0.50,754790,154,113175121.06535248,12.245102223826569,9.382377791568988,17.258897927141373,21.59477496135303,42.987921033240404,0.2923878320889383,0.43352017886409516
repeated:v4:0,repeated,v4,0,ridge_original_a1,0.75,ridge_original_a1__w0.75,754790,154,114231765.3484625,12.302131795139983,9.564582575255585,17.793683842156373,21.49753791110933,42.108042937906944,0.2850107858891829,0.4261127810680762
repeated:v4:0,repeated,v4,0,ridge_original_a1,1.0,ridge_original_a1__w1.00,754790,154,116182065.05745831,12.406705599286498,9.541323037726139,18.161756844384232,21.603608345566347,41.22924112869311,0.278175241791258,0.4210122813739956
repeated:v4:0,repeated,v4,0,ridge_original_a10,0.25,ridge_original_a10__w0.25,754790,154,119137758.28380603,12.563528902642533,9.145494472439493,17.688798224024538,22.409397677776617,44.73695761364119,0.32562006638070473,0.4604851799417258
repeated:v4:0,repeated,v4,0,ridge_original_a10,0.5,ridge_original_a10__w0.50,754790,154,126165777.10652664,12.928785038305396,9.387287365048428,18.85354236732529,23.59101498504285,44.72390510230872,0.3358702434780156,0.47297660779789463
repeated:v4:0,repeated,v4,0,ridge_original_a10,0.75,ridge_original_a10__w0.75,754790,154,134826855.24495167,13.365189894328019,9.790495753090251,19.428950692075816,24.946697854092964,44.71149509294309,0.34456479928177375,0.48796934037013295
repeated:v4:0,repeated,v4,0,ridge_original_a10,1.0,ridge_original_a10__w1.00,754790,154,145120992.6990811,13.866027315772504,9.99493936365204,20.033009438518594,27.59095342859289,44.69972812067879,0.3521625672832903,0.5009460821831242
repeated:v4:0,repeated,v4,0,ridge_original_a100,0.25,ridge_original_a100__w0.25,754790,154,124146296.21623908,12.824894901981152,9.011767587828182,17.99616127285543,23.189052858356607,45.67301285764781,0.3477483054629439,0.4807952547263213
repeated:v4:0,repeated,v4,0,ridge_original_a100,0.5,ridge_original_a100__w0.50,754790,154,139382173.31559148,13.589095387413858,9.323870221331987,18.541029938768958,25.445338935611904,46.59710404196072,0.38028167936094576,0.5118388756631166
repeated:v4:0,repeated,v4,0,ridge_original_a100,0.75,ridge_original_a100__w0.75,754790,154,159450430.07484704,14.534489371079868,9.622569199816045,19.23021921351016,29.01423848326517,49.98261912758543,0.4045564656371,0.5376274083649338
repeated:v4:0,repeated,v4,0,ridge_original_a100,1.0,ridge_original_a100__w1.00,754790,154,184351066.4940057,15.628228713973485,9.941296660739374,20.292835394970975,32.76355550070958,55.53617793619228,0.42065167068722453,0.5624584656122468
repeated:v4:0,repeated,v4,0,ridge_backtest_single_a1,0.25,ridge_backtest_single_a1__w0.25,754790,154,119279923.82064041,12.57102261555796,9.171516998576116,17.930681149411793,22.74303522951898,44.15411175498922,0.32392457438995814,0.46332661100971256
repeated:v4:0,repeated,v4,0,ridge_backtest_single_a1,0.5,ridge_backtest_single_a1__w0.50,754790,154,127723806.09867707,13.008369277932252,9.786141371561431,19.044678749575063,24.776448453652325,43.5586828722519,0.3311654378680795,0.48342519403749434
repeated:v4:0,repeated,v4,0,ridge_backtest_single_a1,0.75,ridge_backtest_single_a1__w0.75,754790,154,139074445.6108998,13.57408610862876,9.879238815329904,20.41764043097166,28.56266129417253,42.964411625198736,0.3408351791079628,0.5030789512903369
repeated:v4:0,repeated,v4,0,ridge_backtest_single_a1,1.0,ridge_backtest_single_a1__w1.00,754790,154,153331842.35730866,14.252895735292515,9.498876825551534,21.35633608696598,30.816542376517308,43.20330567078591,0.35555237481475016,0.5176450152101355
repeated:v4:0,repeated,v4,0,ridge_backtest_single_a10,0.25,ridge_backtest_single_a10__w0.25,754790,154,122642165.73237294,12.746966272694582,9.270022499873903,18.020177865018617,23.251965878514923,44.62187042846529,0.3369362362195832,0.47305805013777175
repeated:v4:0,repeated,v4,0,ridge_backtest_single_a10,0.5,ridge_backtest_single_a10__w0.50,754790,154,135520946.29589376,13.399547849999237,9.757023703605451,19.278999928877575,26.062437898956382,44.49434942896008,0.35840319458216957,0.501938140184619
repeated:v4:0,repeated,v4,0,ridge_backtest_single_a10,0.75,ridge_backtest_single_a10__w0.75,754790,154,152379140.4673523,14.20854774266323,9.811936330215609,20.185637746866092,30.238454410244582,46.4360822711612,0.3750701929414371,0.5268581394157742
repeated:v4:0,repeated,v4,0,ridge_backtest_single_a10,1.0,ridge_backtest_single_a10__w1.00,754790,154,173216748.24674854,15.148926967629643,10.116836598373105,21.404173424597207,34.70666754253687,50.801724829086986,0.3905843270859751,0.5448217962908501
repeated:v4:0,repeated,v4,0,ridge_backtest_cumulative_a1,0.25,ridge_backtest_cumulative_a1__w0.25,754790,154,116910880.62257017,12.445558686960512,9.201000486055275,17.8854575982961,21.203911878449997,44.28504544387106,0.3196673443326648,0.4561343611329078
repeated:v4:0,repeated,v4,0,ridge_backtest_cumulative_a1,0.5,ridge_backtest_cumulative_a1__w0.50,754790,154,122070197.26412003,12.717207407778943,9.287466943433644,18.855281690788573,22.63439521908099,43.820285310687886,0.3236804688637837,0.4667513473065351
repeated:v4:0,repeated,v4,0,ridge_backtest_cumulative_a1,0.75,ridge_backtest_cumulative_a1__w0.75,754790,154,129220748.70143943,13.084377262200535,9.817075003519605,19.304406406726905,24.58835734962922,43.356398887045515,0.3254377745506947,0.4794518597595707
repeated:v4:0,repeated,v4,0,ridge_backtest_cumulative_a1,1.0,ridge_backtest_cumulative_a1__w1.00,754790,154,138362534.93452835,13.539299217165805,9.779638352604916,19.700776429265385,26.20613123847783,42.89341452010163,0.334325029296686,0.49036272646272333
repeated:v4:0,repeated,v4,0,ridge_backtest_cumulative_a10,0.25,ridge_backtest_cumulative_a10__w0.25,754790,154,120857625.76104811,12.653887246215989,9.248728622379485,17.884737541653514,22.716422783877466,44.80773277195871,0.33058092596153443,0.46689822586899615
repeated:v4:0,repeated,v4,0,ridge_backtest_cumulative_a10,0.5,ridge_backtest_cumulative_a10__w0.50,754790,154,130837947.28474012,13.165998221470664,9.666500925974217,19.215404085516166,24.917593101109215,44.865774720208876,0.3464787040311846,0.4908008824975652
repeated:v4:0,repeated,v4,0,ridge_backtest_cumulative_a10,0.75,ridge_backtest_cumulative_a10__w0.75,754790,154,143683763.34786582,13.797194238590151,9.817195719182013,20.345752822998744,28.792455869472548,44.924774183776634,0.3595050557236414,0.5135309970852343
repeated:v4:0,repeated,v4,0,ridge_backtest_cumulative_a10,1.0,ridge_backtest_cumulative_a10__w1.00,754790,154,159395073.95042527,14.531966195556523,10.156696248000294,20.951450675118604,33.10132182999625,44.98472739519083,0.37084250049041856,0.5308387798539355
repeated:v4:0,repeated,v4,0,ridge_slope_single_a1,0.25,ridge_slope_single_a1__w0.25,754790,154,115917786.70439306,12.392586852030174,9.26465957829583,17.57561400156439,21.876718103542146,44.273174311150804,0.30789007976348765,0.44708989747957134
repeated:v4:0,repeated,v4,0,ridge_slope_single_a1,0.5,ridge_slope_single_a1__w0.50,754790,154,119321655.24892412,12.573221480358756,9.600126546840734,18.746409150097985,22.412548071888427,43.797685076514064,0.30161346772931535,0.44334057109723424
repeated:v4:0,repeated,v4,0,ridge_slope_single_a1,0.75,ridge_slope_single_a1__w0.75,754790,154,123954404.410383,12.814979406969536,9.609699875824885,19.45872507945553,23.28185454021576,43.32424983363692,0.2939319801439149,0.43864955366457214
repeated:v4:0,repeated,v4,0,ridge_slope_single_a1,1.0,ridge_slope_single_a1__w1.00,754790,154,129816034.18876973,13.114480748615499,9.74015798934155,20.36380421810348,24.18972223553407,42.85293665950097,0.28521417087663925,0.43505369460982796
repeated:v4:0,repeated,v4,0,ridge_slope_single_a10,0.25,ridge_slope_single_a10__w0.25,754790,154,120460138.14499277,12.633061477693085,9.306287854906817,18.235335102208587,22.89881472786865,44.8337639649711,0.32904543644335227,0.4659771075906921
repeated:v4:0,repeated,v4,0,ridge_slope_single_a10,0.5,ridge_slope_single_a10__w0.50,754790,154,129741365.00178124,13.110708531740146,9.514636827566527,18.950686719953953,23.755200798692563,44.91767345195228,0.3417565523956523,0.48564116658916273
repeated:v4:0,repeated,v4,0,ridge_slope_single_a10,0.75,ridge_slope_single_a10__w0.75,754790,154,141586479.34715527,13.69612851827607,9.945700895999813,19.807645084599844,26.892036260803913,45.002376064247386,0.35333394087450726,0.5061260746109001
repeated:v4:0,repeated,v4,0,ridge_slope_single_a10,1.0,ridge_slope_single_a10__w1.00,754790,154,155995481.18111482,14.376161408868729,10.335886164308011,20.26886398365266,30.7035111093937,45.08786733193224,0.3610190418067422,0.5218758271700679
repeated:v4:0,repeated,v4,0,ridge_local_long_a1,0.25,ridge_local_long_a1__w0.25,754790,154,119477456.68366708,12.581427396140363,9.342157422643432,17.694201821978016,22.77835677325414,44.12755609944305,0.32201550400137113,0.4612651126365354
repeated:v4:0,repeated,v4,0,ridge_local_long_a1,0.5,ridge_local_long_a1__w0.50,754790,154,127965184.58706667,13.020655391643992,9.657117441761416,18.934475748864724,24.21140313035916,43.507476329524515,0.3273211951466869,0.47965255123244116
repeated:v4:0,repeated,v4,0,ridge_local_long_a1,0.75,ridge_local_long_a1__w0.75,754790,154,139205982.48698857,13.580503789797776,9.84766192047861,19.901509386564022,28.96096864967528,42.890543572953696,0.33268606458300354,0.4980842658333005
repeated:v4:0,repeated,v4,0,ridge_local_long_a1,1.0,ridge_local_long_a1__w1.00,754790,154,153199850.38343287,14.24675978581247,9.624096977071193,20.869578022902086,31.835002800600442,42.27689559993027,0.3447571171644774,0.51248580417405
repeated:v4:0,repeated,v4,0,ridge_local_long_a10,0.25,ridge_local_long_a10__w0.25,754790,154,122512276.59369881,12.740214389790891,9.36805846090384,17.90525914915801,23.30390231828351,44.69235824629786,0.3344234450118589,0.47120659908116197
repeated:v4:0,repeated,v4,0,ridge_local_long_a10,0.5,ridge_local_long_a10__w0.50,754790,154,135036348.25347248,13.375569232546386,9.748131035616549,19.211137550112454,25.87037895846037,44.63530078792759,0.3528874580744981,0.49822218619627584
repeated:v4:0,repeated,v4,0,ridge_local_long_a10,0.75,ridge_local_long_a10__w0.75,754790,154,151315013.7561108,14.15884873371921,9.887284650501082,20.06942363268139,29.536928279823435,44.57948443689695,0.36730256018974733,0.5219181867779653
repeated:v4:0,repeated,v4,0,ridge_local_long_a10,1.0,ridge_local_long_a10__w1.00,754790,154,171348273.1016138,15.067000305533174,10.065943500987162,21.20101225667216,34.2885177008347,46.0013457526601,0.37695093474647934,0.54145817169975
repeated:v4:0,repeated,v4,0,ridge_all_views_a1,0.25,ridge_all_views_a1__w0.25,754790,154,119331137.48248714,12.573721053776417,9.28386363211019,17.65912305128243,22.98867627581472,44.198948464391734,0.32562479002064665,0.4637441801452882
repeated:v4:0,repeated,v4,0,ridge_all_views_a1,0.5,ridge_all_views_a1__w0.50,754790,154,127790743.6464765,13.011777547350736,9.524979301606724,18.9809332743298,24.5478433029603,43.65015687132107,0.33416705732347024,0.4848688470954292
repeated:v4:0,repeated,v4,0,ridge_all_views_a1,0.75,ridge_all_views_a1__w0.75,754790,154,139121617.2687579,13.576387961626743,9.679607761393303,20.167661182028926,29.257690653653636,43.10438850997026,0.3410903879988669,0.505382819869524
repeated:v4:0,repeated,v4,0,ridge_all_views_a1,1.0,ridge_all_views_a1__w1.00,754790,154,153323758.34933135,14.252520007590542,9.61890644794607,20.604153481403028,32.799226988769426,42.561759680968464,0.35265724807941834,0.5214082288354841
repeated:v4:0,repeated,v4,0,ridge_all_views_a10,0.25,ridge_all_views_a10__w0.25,754790,154,122345778.76177888,12.731554281094576,9.243971458114396,18.118058608881785,23.39673113540911,44.67020277897754,0.3368151888163265,0.4726411608597553
repeated:v4:0,repeated,v4,0,ridge_all_views_a10,0.5,ridge_all_views_a10__w0.50,754790,154,134778651.45858085,13.362800495155676,9.708314581083915,19.187138614704807,25.701916450153693,44.591318989228704,0.3571631167017297,0.5009068348807442
repeated:v4:0,repeated,v4,0,ridge_all_views_a10,0.75,ridge_all_views_a10__w0.75,754790,154,151041416.86719576,14.146042437959384,9.834146583797029,19.82712954921872,29.24920007952931,44.51400901819604,0.3737046783281023,0.5255644997979261
repeated:v4:0,repeated,v4,0,ridge_all_views_a10,1.0,ridge_all_views_a10__w1.00,754790,154,171134074.9876236,15.057579923815872,10.205690116440536,19.855926088784376,34.00651416257263,47.81835506300684,0.38699263345290835,0.5444606037103901
repeated:v4:0,repeated,v4,0,ridge_all_views_a100,0.25,ridge_all_views_a100__w0.25,754790,154,124517489.00477646,12.844053570103249,8.991088243602437,17.97699822158577,23.427108955267723,45.55956419284872,0.3494509555523943,0.4818598225437722
repeated:v4:0,repeated,v4,0,ridge_all_views_a100,0.5,ridge_all_views_a100__w0.50,754790,154,140561808.03257084,13.64647860222781,9.4503385266662,18.662184283131918,26.058043845837318,46.37044634881155,0.3827720439930942,0.5141871971884453
repeated:v4:0,repeated,v4,0,ridge_all_views_a100,0.75,ridge_all_views_a100__w0.75,754790,154,161875755.860173,14.644610853896424,9.610158913138587,19.30178121934339,29.919101996204073,50.505274886503365,0.4072529480095425,0.542220410209499
repeated:v4:0,repeated,v4,0,ridge_all_views_a100,1.0,ridge_all_views_a100__w1.00,754790,154,188459332.4875829,15.801406854286116,9.923834335626488,20.31569824567995,33.64545639935794,56.23280869307185,0.42306616538766845,0.5697632554087314
repeated:v4:0,repeated,v4,0,ridge_all_views_no_indicator_a1,0.25,ridge_all_views_no_indicator_a1__w0.25,754790,154,119405997.52785318,12.577664373906181,9.272366120043442,17.635256714318565,22.963131007549517,44.12075727160194,0.3255693335940934,0.46367096641602695
repeated:v4:0,repeated,v4,0,ridge_all_views_no_indicator_a1,0.5,ridge_all_views_no_indicator_a1__w0.50,754790,154,127999091.85698223,13.02238033595649,9.519023771930222,19.007121737358283,24.65588609132243,43.49390864055897,0.3339943068389263,0.4847733220977766
repeated:v4:0,repeated,v4,0,ridge_all_views_no_indicator_a1,0.75,ridge_all_views_no_indicator_a1__w0.75,754790,154,139522081.76417702,13.595913879138646,9.59318179625502,20.045339700070677,29.50196641934079,42.87023979476365,0.3416616052575482,0.5052416517266417
repeated:v4:0,repeated,v4,0,ridge_all_views_no_indicator_a1,1.0,ridge_all_views_no_indicator_a1__w1.00,754790,154,153974967.2494375,14.282755157411836,9.844049381016111,20.81750642740877,33.118807808105075,42.24989154898927,0.35332564890088697,0.5211789577071679
repeated:v4:0,repeated,v4,0,ridge_all_views_original_boost4_a1,0.25,ridge_all_views_original_boost4_a1__w0.25,754790,154,119010951.46391699,12.556840992281877,9.238578561420507,17.68260158083853,22.92081738967029,44.22233783518406,0.3239630073712863,0.46212025914903204
repeated:v4:0,repeated,v4,0,ridge_all_views_original_boost4_a1,0.5,ridge_all_views_original_boost4_a1__w0.50,754790,154,126849441.91557929,12.963766844772667,9.602485225444351,18.935004140912856,24.394999374035358,43.69658636389293,0.331254287477544,0.4818647217937505
repeated:v4:0,repeated,v4,0,ridge_all_views_original_boost4_a1,0.75,ridge_all_views_original_boost4_a1__w0.75,754790,154,137258270.13177675,13.485162734444556,9.785644687343455,19.974548115039017,28.8979484002433,43.173491276054065,0.33631892107921607,0.5018357190685278
repeated:v4:0,repeated,v4,0,ridge_all_views_original_boost4_a1,1.0,ridge_all_views_original_boost4_a1__w1.00,754790,154,150237436.11250934,14.108343106542511,9.61105510074595,20.82053851924801,31.980219901353614,42.65315030485136,0.3471659699387671,0.5173224850242184
repeated:v4:0,repeated,v4,0,ridge_all_views_original_boost4_a10,0.25,ridge_all_views_original_boost4_a10__w0.25,754790,154,122119233.87478767,12.719761455154076,9.250458877171253,18.071360065607912,23.339786019626906,44.71087229243025,0.33576482663350893,0.47174151637122885
repeated:v4:0,repeated,v4,0,ridge_all_views_original_boost4_a10,0.5,ridge_all_views_original_boost4_a10__w0.50,754790,154,134107804.93961793,13.329503044964516,9.78118377676053,19.204090392145606,25.720542806769004,44.67246737977334,0.35511665248592594,0.4996275803082387
repeated:v4:0,repeated,v4,0,ridge_all_views_original_boost4_a10,0.75,ridge_all_views_original_boost4_a10__w0.75,754790,154,149708511.9712806,14.083486376711102,10.00784992633621,20.019347029243743,29.27854884617394,44.635440875611685,0.37105728232961765,0.5239260522230482
repeated:v4:0,repeated,v4,0,ridge_all_views_original_boost4_a10,1.0,ridge_all_views_original_boost4_a10__w1.00,754790,154,168921354.9697757,14.959917873032927,10.110781849251643,19.99306440447788,33.86560980989685,47.1335325288986,0.38355200580399973,0.542914592553636
repeated:v4:0,repeated,v4,0,ridge_per_view_ensemble_a1,0.25,ridge_per_view_ensemble_a1__w0.25,754790,154,116196463.77863705,12.407474371816422,9.231803137500304,17.728333187300837,21.835889456037517,44.06583156094955,0.31164836724837147,0.45033101056322355
repeated:v4:0,repeated,v4,0,ridge_per_view_ensemble_a1,0.5,ridge_per_view_ensemble_a1__w0.50,754790,154,119764889.61700782,12.596552191670813,9.51151497243118,18.536684682356665,21.780102213066602,43.38194077452838,0.30865451024125967,0.44810350885452344
repeated:v4:0,repeated,v4,0,ridge_per_view_ensemble_a1,0.75,ridge_per_view_ensemble_a1__w0.75,754790,154,124448076.29190214,12.840473089592091,9.692518307130822,19.220077789658024,22.52839035421435,42.69902437807734,0.3037212401949266,0.4497614603582244
repeated:v4:0,repeated,v4,0,ridge_per_view_ensemble_a1,1.0,ridge_per_view_ensemble_a1__w1.00,754790,154,130246023.80331999,13.136182338428355,10.056224328737628,19.824519570369446,23.962239979256662,42.01712988273761,0.2977727867130954,0.45176513171328647
repeated:v4:0,repeated,v4,0,extra_trees_all_views,0.25,extra_trees_all_views__w0.25,754790,154,122517477.75087444,12.740484824542639,9.009354700555086,17.57166835919632,22.67790416057899,45.14999619704133,0.3568292075607508,0.4868501495209484
repeated:v4:0,repeated,v4,0,extra_trees_all_views,0.5,extra_trees_all_views__w0.50,754790,154,138522848.86976814,13.547140609991574,9.185951104278054,17.70709593994954,25.385359400272556,47.639393411800015,0.3959632645561973,0.5194185610867251
repeated:v4:0,repeated,v4,0,extra_trees_all_views,0.75,extra_trees_all_views__w0.75,754790,154,161758912.1334709,14.639324578045503,9.494111955989574,18.636236147024263,29.40236298379029,54.789080115061886,0.4204559024115193,0.5440549818375544
repeated:v4:0,repeated,v4,0,extra_trees_all_views,1.0,extra_trees_all_views__w1.00,754790,154,192225667.54198274,15.958520286914261,10.191973880147344,20.0359583110257,33.54085227500067,61.95476066777594,0.4328527262899071,0.5715545812746559
repeated:v4:0,repeated,v4,0,hist_gradient_all_views,0.25,hist_gradient_all_views__w0.25,754790,154,120837539.72211699,12.652835690588079,9.142006294812383,17.7394204483171,22.725588656953978,43.98384326378229,0.3488872836092869,0.47882226145513784
repeated:v4:0,repeated,v4,0,hist_gradient_all_views,0.5,hist_gradient_all_views__w0.50,754790,154,134606649.2117428,13.354271082457188,9.728564401081545,17.801780440619076,23.235734129279,46.28066514131985,0.3817876864421993,0.5012310723713771
repeated:v4:0,repeated,v4,0,hist_gradient_all_views,0.75,hist_gradient_all_views__w0.75,754790,154,155050127.24566725,14.332534460663986,9.916137174601314,18.855496408789307,25.217631435939783,52.743300360007,0.40189257619598767,0.518092326821364
repeated:v4:0,repeated,v4,0,hist_gradient_all_views,1.0,hist_gradient_all_views__w1.00,754790,154,182167973.82389036,15.535418075485602,10.264585066334272,19.831015956857286,29.441733356819583,59.2197816179183,0.41129997280465674,0.5360768200976483
repeated:v4:0,repeated,v4,0,knn25_all_views,0.25,knn25_all_views__w0.25,754790,154,119903512.72223036,12.603840087965654,9.02569486434425,17.09988548284111,21.85225271302932,48.22639487745757,0.35646324070160423,0.4847663811639395
repeated:v4:0,repeated,v4,0,knn25_all_views,0.5,knn25_all_views__w0.50,754790,154,135067477.20085058,13.377110830062188,9.234935350964307,17.76603244361729,22.30051880255581,51.71703584634243,0.3878511262474962,0.5093245894246294
repeated:v4:0,repeated,v4,0,knn25_all_views,0.75,knn25_all_views__w0.75,754790,154,159234692.21265048,14.524653395664673,9.705070482442526,19.662320577777372,23.472675135058832,56.18141744951305,0.40324574051057455,0.5278863173675435
repeated:v4:0,repeated,v4,0,knn25_all_views,1.0,knn25_all_views__w1.00,754790,154,192405157.75763005,15.965969161823182,10.493852149099792,21.670767092493136,26.940309335950065,63.81696603178964,0.42190737967270214,0.5408947192027197
repeated:v4:1,repeated,v4,1,ridge_original_a1,0.25,ridge_original_a1__w0.25,757687,156,133321474.49967973,13.26493530297738,8.98876341756154,18.28383871028609,24.4774889974777,50.90882863944878,0.40196055516798535,0.527179217843511
repeated:v4:1,repeated,v4,1,ridge_original_a1,0.5,ridge_original_a1__w0.50,757687,156,130236590.54419501,13.110570530015178,8.981171702810855,18.147587995622796,24.50384979845611,46.52311444953105,0.3870683353399858,0.510275360832678
repeated:v4:1,repeated,v4,1,ridge_original_a1,0.75,ridge_original_a1__w0.75,757687,156,129356545.98985079,13.066199576146998,9.326737274253519,18.22439351225282,23.7968920665352,42.35596573273502,0.3695063649740956,0.49295779241720816
repeated:v4:1,repeated,v4,1,ridge_original_a1,1.0,ridge_original_a1__w1.00,757687,156,130681340.83664708,13.132937364343904,9.741527814486862,18.116416614426015,24.130423249500595,38.690531303993545,0.352018992202118,0.4763194830528057
repeated:v4:1,repeated,v4,1,ridge_original_a10,0.25,ridge_original_a10__w0.25,757687,156,139686434.96104145,13.577887275627845,9.035872317886454,18.57068879711541,24.957858767757905,54.8102405532888,0.40996089349060194,0.5361425945692151
repeated:v4:1,repeated,v4,1,ridge_original_a10,0.5,ridge_original_a10__w0.50,757687,156,142657269.993655,13.721514106098496,9.219352008291242,18.78195894405101,24.374789324437877,54.225133853711306,0.4042238832220786,0.5278965272400824
repeated:v4:1,repeated,v4,1,ridge_original_a10,0.75,ridge_original_a10__w0.75,757687,156,147523702.95414564,13.95359085523629,9.636758670905902,19.111328456230325,24.986790575663147,53.708116845156496,0.39568140509276045,0.5167719531991071
repeated:v4:1,repeated,v4,1,ridge_original_a10,1.0,ridge_original_a10__w1.00,757687,156,154285733.84251335,14.269802663109186,9.935911301049089,19.58480372014085,26.51613864543975,53.2611724458785,0.38371968606310075,0.5034512902933453
repeated:v4:1,repeated,v4,1,ridge_original_a100,0.25,ridge_original_a100__w0.25,757687,156,144077233.8668525,13.78963474813586,9.252475260420734,18.623577358165505,24.028394638288447,56.96248875862599,0.41410584413233775,0.5406373313285857
repeated:v4:1,repeated,v4,1,ridge_original_a100,0.5,ridge_original_a100__w0.50,757687,156,153668969.5648916,14.241252006995223,9.528496488255277,18.88681844460323,26.020227377704074,58.503259733081826,0.41080388012667357,0.5345308792097587
repeated:v4:1,repeated,v4,1,ridge_original_a100,0.75,ridge_original_a100__w0.75,757687,156,167386404.95042223,14.863297581356969,9.949115419368816,19.777347334583133,26.93645119586271,60.080551101682936,0.4031167734531502,0.5273941835359963
repeated:v4:1,repeated,v4,1,ridge_original_a100,1.0,ridge_original_a100__w1.00,757687,156,185229540.0234444,15.63544355887211,10.279897870698223,21.737125372864227,27.870932532585535,61.69156173605184,0.3921354196324094,0.5189369217363566
repeated:v4:1,repeated,v4,1,ridge_backtest_single_a1,0.25,ridge_backtest_single_a1__w0.25,757687,156,138554414.5833406,13.52275768314393,9.0726843536624,18.604935406797047,25.222109420044866,53.58449017792959,0.4057586615614059,0.5304650471321664
repeated:v4:1,repeated,v4,1,ridge_backtest_single_a1,0.5,ridge_backtest_single_a1__w0.50,757687,156,141126981.99378502,13.647720167645947,9.15742937165885,18.151261535885126,24.38677732845507,51.853329015193474,0.39715201943920253,0.515488084810257
repeated:v4:1,repeated,v4,1,ridge_backtest_single_a1,0.75,ridge_backtest_single_a1__w0.75,757687,156,146328900.08763826,13.896970516078268,9.60914040185888,18.66914050281084,24.23923519387975,50.28284226463564,0.3837946934722457,0.49693256657099966
repeated:v4:1,repeated,v4,1,ridge_backtest_single_a1,1.0,ridge_backtest_single_a1__w1.00,757687,156,154160168.86490026,14.263994763325048,10.351721306036406,19.394976158808497,25.218647820428213,48.888516815154055,0.36673985267214254,0.48012094184102
repeated:v4:1,repeated,v4,1,ridge_backtest_single_a10,0.25,ridge_backtest_single_a10__w0.25,757687,156,141512413.7741772,13.666344098831868,9.165143209248953,18.23179340584506,25.11366920815798,55.63338807894083,0.41164723083454263,0.5371284604316622
repeated:v4:1,repeated,v4,1,ridge_backtest_single_a10,0.5,ridge_backtest_single_a10__w0.50,757687,156,147283424.1697853,13.942222790003353,9.398000501632659,18.720393500859018,25.45948592469446,55.870809770845916,0.406051504234101,0.5275860663635292
repeated:v4:1,repeated,v4,1,ridge_backtest_single_a10,0.75,ridge_backtest_single_a10__w0.75,757687,156,155924229.04312924,14.345374312577562,10.181025028477418,19.473692433476785,27.955826041218756,56.17271886909567,0.3950810920431013,0.5185199411562651
repeated:v4:1,repeated,v4,1,ridge_backtest_single_a10,1.0,ridge_backtest_single_a10__w1.00,757687,156,167434828.39420903,14.865447337812963,10.889128224981128,19.77824217458255,28.36215796258698,56.5380823094598,0.38319908751059806,0.5054993793005452
repeated:v4:1,repeated,v4,1,ridge_backtest_cumulative_a1,0.25,ridge_backtest_cumulative_a1__w0.25,757687,156,136322414.61555475,13.413395094528035,9.196007726027176,18.48927494863147,25.124784395213695,53.35174733851941,0.40850933063350675,0.5306100332971391
repeated:v4:1,repeated,v4,1,ridge_backtest_cumulative_a1,0.5,ridge_backtest_cumulative_a1__w0.50,757687,156,136051279.33475307,13.400049325930139,9.244276009989388,18.288539925834172,25.57956669570077,51.384153044492734,0.40290631782449615,0.5166826895761244
repeated:v4:1,repeated,v4,1,ridge_backtest_cumulative_a1,0.75,ridge_backtest_cumulative_a1__w0.75,757687,156,137797792.01389992,13.485784374632402,9.671826937259521,18.289207390427507,26.029729574843344,49.57540236147687,0.39406369522426404,0.5011888899891049
repeated:v4:1,repeated,v4,1,ridge_backtest_cumulative_a1,1.0,ridge_backtest_cumulative_a1__w1.00,757687,156,141561952.65299532,13.6687359601049,10.0325146205913,18.417810247165377,26.23478987546326,47.94347661236757,0.38177518585615494,0.4877456889147859
repeated:v4:1,repeated,v4,1,ridge_backtest_cumulative_a10,0.25,ridge_backtest_cumulative_a10__w0.25,757687,156,140708679.98995188,13.627479157803974,9.203847272056485,18.348854873053803,24.928131654165018,55.700398213613425,0.41347459838336054,0.5373774314809556
repeated:v4:1,repeated,v4,1,ridge_backtest_cumulative_a10,0.5,ridge_backtest_cumulative_a10__w0.50,757687,156,145296433.64700517,13.847856654206913,9.380870404470627,18.460979723003533,24.839680951322936,56.00492994332033,0.4121921064251685,0.5292970287738626
repeated:v4:1,repeated,v4,1,ridge_backtest_cumulative_a10,0.75,ridge_backtest_cumulative_a10__w0.75,757687,156,152374458.82746482,14.181140836687513,9.688249788836512,18.879320603060812,26.450533804589163,56.3738170574402,0.40527080550029027,0.5199875331434558
repeated:v4:1,repeated,v4,1,ridge_backtest_cumulative_a10,1.0,ridge_backtest_cumulative_a10__w1.00,757687,156,161942755.53133085,14.619611921658263,10.274983062721615,19.966268390626652,27.619301206583927,56.80580583147872,0.3937693576698595,0.5109949797801487
repeated:v4:1,repeated,v4,1,ridge_slope_single_a1,0.25,ridge_slope_single_a1__w0.25,757687,156,137587353.39242253,13.475482996976627,9.013251321710435,18.246184534283515,25.11956582724074,52.65119627557185,0.40792135528163365,0.5314258192972312
repeated:v4:1,repeated,v4,1,ridge_slope_single_a1,0.5,ridge_slope_single_a1__w0.50,757687,156,138827501.64160934,13.536077620550849,9.207771071697438,18.718414235266245,24.789266786681498,50.01606379047802,0.39844177586033697,0.5181780362129808
repeated:v4:1,repeated,v4,1,ridge_slope_single_a1,0.75,ridge_slope_single_a1__w0.75,757687,156,142331642.60386539,13.705844896103171,9.669591903644676,18.883819347632752,24.135095383197196,47.58495878694797,0.38883498585093196,0.5047013078565454
repeated:v4:1,repeated,v4,1,ridge_slope_single_a1,1.0,ridge_slope_single_a1__w1.00,757687,156,148099776.27919066,13.980808377958182,9.973568182644161,18.767455307542523,23.808757671215734,45.390675983464945,0.377206132115605,0.49038563470758106
repeated:v4:1,repeated,v4,1,ridge_slope_single_a10,0.25,ridge_slope_single_a10__w0.25,757687,156,142441489.45637384,13.71113273486151,9.13633167456003,18.47444065635181,25.256841838193438,55.79952709859309,0.41426478332051586,0.5388465532479977
repeated:v4:1,repeated,v4,1,ridge_slope_single_a10,0.5,ridge_slope_single_a10__w0.50,757687,156,148984308.4037814,14.022496706471957,9.528095181173509,18.751833581477367,25.608048566194707,56.20344634118795,0.41346226787007045,0.5320088021668095
repeated:v4:1,repeated,v4,1,ridge_slope_single_a10,0.75,ridge_slope_single_a10__w0.75,757687,156,158239654.69852772,14.45149394709078,9.884868776577173,18.988717818222536,26.345693587745956,56.67163547863178,0.4069389389311864,0.5209675350560714
repeated:v4:1,repeated,v4,1,ridge_slope_single_a10,1.0,ridge_slope_single_a10__w1.00,757687,156,170207528.34061274,14.988026925928061,10.488074254457848,19.36080922579153,26.79300062813291,57.20251643079168,0.39593991448579324,0.5088000067249304
repeated:v4:1,repeated,v4,1,ridge_local_long_a1,0.25,ridge_local_long_a1__w0.25,757687,156,139456514.30392668,13.566708228637008,8.949498186583671,18.35661826172595,25.226378396417857,53.72390090862373,0.40605977763547996,0.5299553399283506
repeated:v4:1,repeated,v4,1,ridge_local_long_a1,0.5,ridge_local_long_a1__w0.50,757687,156,142807867.98485717,13.728754842530499,9.430035090753524,18.450943077996115,24.558087426071708,52.145423528729765,0.3984874072870964,0.5145363099299084
repeated:v4:1,repeated,v4,1,ridge_local_long_a1,0.75,ridge_local_long_a1__w0.75,757687,156,148665258.89909637,14.007474089525772,9.607210447503132,18.524587244526032,24.577257267447543,50.74068188027586,0.38677521156525113,0.4964233553128525
repeated:v4:1,repeated,v4,1,ridge_local_long_a1,1.0,ridge_local_long_a1__w1.00,757687,156,157028687.04664436,14.396090951652846,10.344416299393156,18.803945536262987,24.567775115606807,49.524462005092744,0.37186126532232394,0.4781117322319028
repeated:v4:1,repeated,v4,1,ridge_local_long_a10,0.25,ridge_local_long_a10__w0.25,757687,156,142720507.26057497,13.724555012851614,9.157831862852941,18.342881229723027,25.21437937573993,55.94507533071296,0.41335228692133175,0.5369992281789754
repeated:v4:1,repeated,v4,1,ridge_local_long_a10,0.5,ridge_local_long_a10__w0.50,757687,156,149679202.1128801,14.055160579245918,9.389140270230099,18.662336242596027,24.849005373906262,56.49595099652108,0.4108903779328251,0.5277817234784742
repeated:v4:1,repeated,v4,1,ridge_local_long_a10,0.75,ridge_local_long_a10__w0.75,757687,156,159487282.4132204,14.50835290773965,9.838431638149912,19.314009704576566,26.930850695467065,57.111967878448205,0.4026409783691689,0.5161612393260278
repeated:v4:1,repeated,v4,1,ridge_local_long_a10,1.0,ridge_local_long_a10__w1.00,757687,156,172144748.16159582,15.073078844820579,10.331315335101788,20.351031685979898,28.371014479077843,57.79104291844811,0.38986501653368444,0.506723482404756
repeated:v4:1,repeated,v4,1,ridge_all_views_a1,0.25,ridge_all_views_a1__w0.25,757687,156,140463281.58815643,13.615590690980175,9.123181260540054,18.544517777236926,25.120976919378503,54.383770511279785,0.41026414680963574,0.5319732761093326
repeated:v4:1,repeated,v4,1,ridge_all_views_a1,0.5,ridge_all_views_a1__w0.50,757687,156,145338620.11595654,13.849866854187674,9.481037515929113,18.368186418014687,25.08006603090631,53.468711334228225,0.4040696287754421,0.517780215214256
repeated:v4:1,repeated,v4,1,ridge_all_views_a1,0.75,ridge_all_views_a1__w0.75,757687,156,153237213.43970534,14.221231462710412,10.027934444986688,18.796594087343962,25.457126390912343,52.72456343471088,0.39304758044452615,0.4998336661897554
repeated:v4:1,repeated,v4,1,ridge_all_views_a1,1.0,ridge_all_views_a1__w1.00,757687,156,164159061.55940276,14.7193120483289,10.580288786441574,19.19737467390278,25.837647579163196,52.15864250473762,0.37787695618683675,0.4843190190130807
repeated:v4:1,repeated,v4,1,ridge_all_views_a10,0.25,ridge_all_views_a10__w0.25,757687,156,142899219.6886138,13.73314516311802,9.199520626950093,18.273063248583604,25.151732585764023,56.06051978184511,0.4146919061187358,0.5376053656708976
repeated:v4:1,repeated,v4,1,ridge_all_views_a10,0.5,ridge_all_views_a10__w0.50,757687,156,150396380.77191466,14.088792558230262,9.652275397409703,18.636726076327925,25.22322468603475,56.72898152710574,0.41181083981540106,0.5283068727739989
repeated:v4:1,repeated,v4,1,ridge_all_views_a10,0.75,ridge_all_views_a10__w0.75,757687,156,161102681.10620755,14.581643162052789,10.08466604063779,19.312748834850762,27.35532707471332,57.46425149515637,0.4027196507598172,0.5178495126679041
repeated:v4:1,repeated,v4,1,ridge_all_views_a10,1.0,ridge_all_views_a10__w1.00,757687,156,175018120.69149244,15.198355198542414,10.636310218501734,20.4620816322073,27.968976508059818,58.2638004476045,0.38861833111593136,0.5073466006771682
repeated:v4:1,repeated,v4,1,ridge_all_views_a100,0.25,ridge_all_views_a100__w0.25,757687,156,144642738.65762088,13.816670482275683,9.225149961315784,18.562766469376214,24.491315045875048,56.74248764417363,0.4138416320081717,0.5404558188941403
repeated:v4:1,repeated,v4,1,ridge_all_views_a100,0.5,ridge_all_views_a100__w0.50,757687,156,154927431.53199023,14.299447004445858,9.498045681298956,18.914358354095356,25.88921657603273,58.06205694684383,0.41013649513156003,0.5315002075281553
repeated:v4:1,repeated,v4,1,ridge_all_views_a100,0.75,ridge_all_views_a100__w0.75,757687,156,169465276.4794129,14.95531084679371,9.674267306908101,19.894242906321658,26.61475733050665,59.41743395477816,0.40198932811149785,0.5242175954665065
repeated:v4:1,repeated,v4,1,ridge_all_views_a100,1.0,ridge_all_views_a100__w1.00,757687,156,188256273.49988902,15.762670994777446,10.232050450995755,21.729168811787062,28.106757811458152,60.806224242793306,0.3916987668629907,0.5162559241762067
repeated:v4:1,repeated,v4,1,ridge_all_views_no_indicator_a1,0.25,ridge_all_views_no_indicator_a1__w0.25,757687,156,140363741.98150057,13.610765477162925,9.074521598511845,18.64051034969108,25.14401543000963,54.27622092449561,0.40947774943578624,0.5313324656078608
repeated:v4:1,repeated,v4,1,ridge_all_views_no_indicator_a1,0.5,ridge_all_views_no_indicator_a1__w0.50,757687,156,145187476.2073159,13.84266344353795,9.581093848511944,18.380274334841335,25.08379425992925,53.254367907841186,0.4026768303365748,0.516462084336098
repeated:v4:1,repeated,v4,1,ridge_all_views_no_indicator_a1,0.75,ridge_all_views_no_indicator_a1__w0.75,757687,156,153082400.53375086,14.214045915323291,10.065013908198681,18.98891209813484,25.46205159590412,52.40527100854988,0.39086828304963706,0.4983657199319898
repeated:v4:1,repeated,v4,1,ridge_all_views_no_indicator_a1,1.0,ridge_all_views_no_indicator_a1__w1.00,757687,156,164048514.9608055,14.714355136732992,10.496021030506888,19.417459567516644,25.754239019405723,51.73743656668947,0.3749293912291035,0.48345759502347824
repeated:v4:1,repeated,v4,1,ridge_all_views_original_boost4_a1,0.25,ridge_all_views_original_boost4_a1__w0.25,757687,156,140089617.22348183,13.59746834227671,8.94077637650113,18.50950347479865,25.167389858416684,54.170568676823414,0.40899996854504017,0.5319355955363625
repeated:v4:1,repeated,v4,1,ridge_all_views_original_boost4_a1,0.5,ridge_all_views_original_boost4_a1__w0.50,757687,156,144265019.65965655,13.798618312735025,9.443131082758857,18.478335028869594,24.93157483273265,53.04245390576825,0.4030430443990083,0.5181657532046017
repeated:v4:1,repeated,v4,1,ridge_all_views_original_boost4_a1,0.75,ridge_all_views_original_boost4_a1__w0.75,757687,156,151137405.16482916,14.123458653485361,10.073306051027863,18.655199201925587,25.234164953679837,52.08750345282186,0.39273811711975537,0.5011390419198203
repeated:v4:1,repeated,v4,1,ridge_all_views_original_boost4_a1,1.0,ridge_all_views_original_boost4_a1__w1.00,757687,156,160706773.7389996,14.56371505858686,10.42968527711398,19.297457626270287,25.54231938879638,51.31538570036265,0.3787653422890032,0.48429136762407154
repeated:v4:1,repeated,v4,1,ridge_all_views_original_boost4_a10,0.25,ridge_all_views_original_boost4_a10__w0.25,757687,156,142788490.55343425,13.727823391644401,9.15397003768033,18.3045846644389,25.190580132120367,56.04886397161948,0.4142326267141293,0.5379376423555924
repeated:v4:1,repeated,v4,1,ridge_all_views_original_boost4_a10,0.5,ridge_all_views_original_boost4_a10__w0.50,757687,156,149976931.5204561,14.069132312489197,9.628549695058464,18.537399512614822,25.277546056106598,56.70551186148659,0.41190100192905177,0.5291878011923445
repeated:v4:1,repeated,v4,1,ridge_all_views_original_boost4_a10,0.75,ridge_all_views_original_boost4_a10__w0.75,757687,156,160176520.75737047,14.53966867350039,10.044534122341533,19.24323466577895,27.261855073224087,57.42885658024795,0.4035376446178299,0.5192625925879178
repeated:v4:1,repeated,v4,1,ridge_all_views_original_boost4_a10,1.0,ridge_all_views_original_boost4_a10__w1.00,757687,156,173387258.26417738,15.127378437743339,10.627955924410383,20.182587950559892,27.720302423039797,58.21641203675798,0.39038882199145736,0.5083051803075328
repeated:v4:1,repeated,v4,1,ridge_per_view_ensemble_a1,0.25,ridge_per_view_ensemble_a1__w0.25,757687,156,135956198.72058356,13.395366137336918,9.015166457692711,18.43976711659773,25.139661005723376,51.96664090915696,0.4052006040661689,0.5301676543080376
repeated:v4:1,repeated,v4,1,ridge_per_view_ensemble_a1,0.5,ridge_per_view_ensemble_a1__w0.50,757687,156,135252583.05716714,13.360658578025237,9.242209785794152,18.121269556811004,25.58072122336297,48.629472235616234,0.39632860775487316,0.5163911733074045
repeated:v4:1,repeated,v4,1,ridge_per_view_ensemble_a1,0.75,ridge_per_view_ensemble_a1__w0.75,757687,156,136500350.86605573,13.42214622660861,9.470506177740937,18.074907682540164,25.943967473255405,45.48445016510944,0.38595150132207173,0.5018755632099088
repeated:v4:1,repeated,v4,1,ridge_per_view_ensemble_a1,1.0,ridge_per_view_ensemble_a1__w1.00,757687,156,139699502.14724934,13.578522343135345,9.709017960608314,18.05393154708669,25.99146367396373,42.57417853704904,0.373311997381724,0.48768294715474114
repeated:v4:1,repeated,v4,1,extra_trees_all_views,0.25,extra_trees_all_views__w0.25,757687,156,140292923.5953418,13.607331491854971,8.923430260523997,17.589108462280493,22.95162487603016,55.303867034293525,0.4123645484324665,0.5359533180849454
repeated:v4:1,repeated,v4,1,extra_trees_all_views,0.5,extra_trees_all_views__w0.50,757687,156,149952260.03496426,14.067975065616968,9.158826580225071,18.538844209252318,25.747317002027273,55.17109708693477,0.3964090273215657,0.5220494461480074
repeated:v4:1,repeated,v4,1,extra_trees_all_views,0.75,extra_trees_all_views__w0.75,757687,156,167589207.17517233,14.872298901834291,9.532647029372578,21.304306481644268,27.57041732824799,55.06315041577173,0.3722772956522954,0.4957061904507691
repeated:v4:1,repeated,v4,1,extra_trees_all_views,1.0,extra_trees_all_views__w1.00,757687,156,193203765.01596603,15.968454116327925,10.010606233172675,23.982550934099763,29.389379897797248,54.9801732331627,0.3536940108416159,0.4960851831114979
repeated:v4:1,repeated,v4,1,hist_gradient_all_views,0.25,hist_gradient_all_views__w0.25,757687,156,140455132.1608294,13.615195709191848,9.108389153569753,17.16434397245353,23.82015468581242,56.38074988197058,0.41566055903976246,0.5396783615179468
repeated:v4:1,repeated,v4,1,hist_gradient_all_views,0.5,hist_gradient_all_views__w0.50,757687,156,150442228.84713608,14.090939866551272,9.227018226779027,17.632137497916915,25.979709508181706,57.3163134689705,0.4064418819619236,0.5314913242386375
repeated:v4:1,repeated,v4,1,hist_gradient_all_views,0.75,hist_gradient_all_views__w0.75,757687,156,168572487.91522503,14.915864528823898,9.736881286727762,20.936505715876848,26.416405926410505,58.267197431164455,0.38718663157603794,0.5179761228138431
repeated:v4:1,repeated,v4,1,hist_gradient_all_views,1.0,hist_gradient_all_views__w1.00,757687,156,194845909.36509624,16.036172833877323,10.516652583195153,23.364082387807528,29.19989923055647,59.23266394212194,0.3837116047966594,0.5203891238109342
repeated:v4:1,repeated,v4,1,knn25_all_views,0.25,knn25_all_views__w0.25,757687,156,142214110.3640325,13.700184835878904,8.851650834565744,17.234880934269608,24.95148327589287,58.9413118139746,0.4319369916301177,0.5542019402003384
repeated:v4:1,repeated,v4,1,knn25_all_views,0.5,knn25_all_views__w0.50,757687,156,155528916.70117208,14.327177966656377,9.059892746798273,18.680380021479145,27.305380574679006,62.46517252670419,0.43848331979409866,0.5567173202715406
repeated:v4:1,repeated,v4,1,knn25_all_views,0.75,knn25_all_views__w0.75,757687,156,178555616.8677237,15.351182694688916,9.587843402907474,20.478032210197135,27.918929647414902,66.02584660978323,0.4298199425358612,0.545372397964241
repeated:v4:1,repeated,v4,1,knn25_all_views,1.0,knn25_all_views__w1.00,757687,156,211294210.86368737,16.699323622520275,10.61696526773541,22.220169552301755,29.77689497006366,69.61768570984886,0.4173197504721838,0.5415225208803212
repeated:v4:2,repeated,v4,2,ridge_original_a1,0.25,ridge_original_a1__w0.25,756528,153,110693790.46386275,12.096204664703228,9.025761098104304,17.259302200156508,21.845568000046125,41.05633097347344,0.3372021964788034,0.45499980083027025
repeated:v4:2,repeated,v4,2,ridge_original_a1,0.5,ridge_original_a1__w0.50,756528,153,113922393.28347778,12.271341628122347,9.241179627891796,17.688994116991445,22.45977271407253,40.34281190187969,0.3385327622836594,0.4625786513818664
repeated:v4:2,repeated,v4,2,ridge_original_a1,0.75,ridge_original_a1__w0.75,756528,153,118428670.77349177,12.511688525231545,9.470713454438743,18.165989408913628,22.824010313925786,39.63132005014612,0.3393644853981243,0.4703999119172875
repeated:v4:2,repeated,v4,2,ridge_original_a1,1.0,ridge_original_a1__w1.00,756528,153,124212622.93390469,12.813576412748903,9.75362301026904,18.674759389515266,23.540698458440055,39.739353954160265,0.3412614553529941,0.47842570122933625
repeated:v4:2,repeated,v4,2,ridge_original_a10,0.25,ridge_original_a10__w0.25,756528,153,110917160.86277395,12.108403056125045,8.910457611837764,16.74808893285045,21.916496396448995,41.47364868439361,0.34071020229798743,0.4486918425514774
repeated:v4:2,repeated,v4,2,ridge_original_a10,0.5,ridge_original_a10__w0.50,756528,153,114380214.33968782,12.295974386351707,9.076986960240319,16.819438107866834,22.833367878513435,41.18049780161552,0.3409590367619716,0.4519030987498161
repeated:v4:2,repeated,v4,2,ridge_original_a10,0.75,ridge_original_a10__w0.75,756528,153,119132022.74538828,12.54878719964709,9.264497234308449,16.98728953641562,23.642860267604508,40.89242770309721,0.3393982420481847,0.45803568361313113
repeated:v4:2,repeated,v4,2,ridge_original_a10,1.0,ridge_original_a10__w1.00,756528,153,125172586.07987534,12.862995249404651,9.604433082959217,18.01101596407495,24.421571472297725,40.6095465129693,0.3362821188789488,0.46452823841649404
repeated:v4:2,repeated,v4,2,ridge_original_a100,0.25,ridge_original_a100__w0.25,756528,153,111068813.30478063,12.11667788773405,8.943392368146077,17.464660344083406,22.871362212120655,43.01585505476242,0.34242492620550186,0.446816899407032
repeated:v4:2,repeated,v4,2,ridge_original_a100,0.5,ridge_original_a100__w0.50,756528,153,116784806.49567416,12.424550039727414,9.32864305190366,17.924186980121267,22.758041705709513,44.26505795442475,0.3394195521812045,0.449692610362824
repeated:v4:2,repeated,v4,2,ridge_original_a100,0.75,ridge_original_a100__w0.75,756528,153,125890841.88732725,12.899847189989169,9.453567592641543,19.511897657625646,23.933356037621866,45.51896044863851,0.3349699739080591,0.44933917356343944
repeated:v4:2,repeated,v4,2,ridge_original_a100,1.0,ridge_original_a100__w1.00,756528,153,138386919.47973987,13.524929742562295,9.780543816589262,19.672082538861073,25.867937730312878,46.77718460896012,0.3297952589482271,0.44880764167131004
repeated:v4:2,repeated,v4,2,ridge_backtest_single_a1,0.25,ridge_backtest_single_a1__w0.25,756528,153,112472505.7835456,12.19300304498916,8.955890244936155,17.101517851622848,22.481941373248333,40.335227621997525,0.33552696120990977,0.44662774836711594
repeated:v4:2,repeated,v4,2,ridge_backtest_single_a1,0.5,ridge_backtest_single_a1__w0.50,756528,153,118750028.49899279,12.528652339232961,9.105097785935921,17.86693322491412,23.137185941499705,38.900994726895355,0.32803571092379075,0.448361830395397
repeated:v4:2,repeated,v4,2,ridge_backtest_single_a1,0.75,ridge_backtest_single_a1__w0.75,756528,153,127575430.46098821,12.98586901628334,9.470231885614066,19.192029814047057,23.65058330824532,42.88244956732758,0.3215220910578106,0.45293386130654306
repeated:v4:2,repeated,v4,2,ridge_backtest_single_a1,1.0,ridge_backtest_single_a1__w1.00,756528,153,138948711.66953185,13.55235467611497,9.697793446380135,20.592414988154694,25.31047750163974,51.12972686136826,0.3159113291816053,0.45689261068479214
repeated:v4:2,repeated,v4,2,ridge_backtest_single_a10,0.25,ridge_backtest_single_a10__w0.25,756528,153,112011288.60128021,12.16797737524175,8.928935964205234,17.130950306647637,22.71049116520208,41.05921150118255,0.33836843575392744,0.44421233247867903
repeated:v4:2,repeated,v4,2,ridge_backtest_single_a10,0.5,ridge_backtest_single_a10__w0.50,756528,153,117798383.43428583,12.478349979480901,9.267437221378097,17.754495292220938,23.477039614249772,40.35213145245586,0.3340261990146215,0.4490952612072535
repeated:v4:2,repeated,v4,2,ridge_backtest_single_a10,0.75,ridge_backtest_single_a10__w0.75,756528,153,126104146.8136635,12.910771083841494,9.885556164660501,18.412158690739396,22.642342144566378,39.65082650397426,0.3280688828854316,0.45016892383131885
repeated:v4:2,repeated,v4,2,ridge_backtest_single_a10,1.0,ridge_backtest_single_a10__w1.00,756528,153,136928578.7394132,13.453477197781806,10.232507912468714,19.437689194777136,22.818956260716575,38.95560855865059,0.3232290409874886,0.45065020849991905
repeated:v4:2,repeated,v4,2,ridge_backtest_cumulative_a1,0.25,ridge_backtest_cumulative_a1__w0.25,756528,153,110674716.86200976,12.095162473762183,8.835225556036722,17.5457557557317,21.579002552900082,40.66089416215261,0.33435018478857137,0.453247809422372
repeated:v4:2,repeated,v4,2,ridge_backtest_cumulative_a1,0.5,ridge_backtest_cumulative_a1__w0.50,756528,153,114240040.78384712,12.288437685851525,8.813464485593283,18.129744060730964,21.68648782525299,39.55177171965859,0.3278505010318653,0.45937998784564876
repeated:v4:2,repeated,v4,2,ridge_backtest_cumulative_a1,0.75,ridge_backtest_cumulative_a1__w0.75,756528,153,119438834.08015871,12.56493581513105,8.80785954168859,18.739818604066894,23.332355662149507,38.444558103463585,0.325060585468718,0.46847480723102564
repeated:v4:2,repeated,v4,2,ridge_backtest_cumulative_a1,1.0,ridge_backtest_cumulative_a1__w1.00,756528,153,126271096.75094453,12.91931457565091,9.096852912203639,19.4015615882128,24.69361197477829,38.68086214528327,0.32329832004010794,0.47569730819709993
repeated:v4:2,repeated,v4,2,ridge_backtest_cumulative_a10,0.25,ridge_backtest_cumulative_a10__w0.25,756528,153,110908467.51523538,12.107928537043843,8.92662754759792,16.770921272635956,22.04174789439966,41.33660847815281,0.3389060957485199,0.4480612942806196
repeated:v4:2,repeated,v4,2,ridge_backtest_cumulative_a10,0.5,ridge_backtest_cumulative_a10__w0.50,756528,153,114758149.40116088,12.316271810479648,9.102655620920661,17.048762433373884,22.981627814988524,40.905395439256154,0.3362206680116862,0.45222150821221857
repeated:v4:2,repeated,v4,2,ridge_backtest_cumulative_a10,0.75,ridge_backtest_cumulative_a10__w0.75,756528,153,120291907.97242315,12.609727559137616,9.441032334065014,17.681648507521768,22.788606029880427,40.47826056259618,0.33280923488336933,0.4584355431616758
repeated:v4:2,repeated,v4,2,ridge_backtest_cumulative_a10,1.0,ridge_backtest_cumulative_a10__w1.00,756528,153,127509743.22902219,12.982525442930505,9.959856065229694,18.686883725943943,23.707358765327132,40.05533431230638,0.32836678865332247,0.4634431621193702
repeated:v4:2,repeated,v4,2,ridge_slope_single_a1,0.25,ridge_slope_single_a1__w0.25,756528,153,111808230.89898147,12.156943119847636,8.938668906099066,16.946191597932255,22.380887849684775,41.310461060487306,0.3383804301710105,0.4508051632132352
repeated:v4:2,repeated,v4,2,ridge_slope_single_a1,0.5,ridge_slope_single_a1__w0.50,756528,153,116985807.14243194,12.435237512849234,9.456638465256079,17.60288113085895,23.47148041561076,40.852049506508784,0.3343595719324537,0.45548533474724284
repeated:v4:2,repeated,v4,2,ridge_slope_single_a1,0.75,ridge_slope_single_a1__w0.75,756528,153,124275591.04499808,12.81682384628095,9.640168296829701,18.289271602601605,24.182785672781915,43.180668608448705,0.32720619982268306,0.4602860694101816
repeated:v4:2,repeated,v4,2,ridge_slope_single_a1,1.0,ridge_slope_single_a1__w1.00,756528,153,133677582.60667987,13.292809730680736,9.985256038136283,19.01630033455212,24.88295791684964,51.11615289794098,0.3217680943679854,0.4640484290701816
repeated:v4:2,repeated,v4,2,ridge_slope_single_a10,0.25,ridge_slope_single_a10__w0.25,756528,153,111863922.20267536,12.159970409160255,9.029029538655154,17.03821868154401,22.91216512767099,41.8543718916195,0.3417468148162708,0.4487924026314223
repeated:v4:2,repeated,v4,2,ridge_slope_single_a10,0.5,ridge_slope_single_a10__w0.50,756528,153,117095077.85637246,12.441043730558443,9.31463804885251,17.607469156268316,24.098850198402815,41.93950327164506,0.34162448584558036,0.45625953851308493
repeated:v4:2,repeated,v4,2,ridge_slope_single_a10,0.75,ridge_slope_single_a10__w0.75,756528,153,124436329.27573794,12.82510981720443,10.03306462306629,18.09657818205734,24.16208539938531,42.02715213010481,0.3385533883306068,0.4626824647257407
repeated:v4:2,repeated,v4,2,ridge_slope_single_a10,1.0,ridge_slope_single_a10__w1.00,756528,153,133887676.46077183,13.303251426050354,10.302429816066743,18.977495031302507,24.645939703391644,42.117302749890456,0.3337792575830386,0.46778458554169033
repeated:v4:2,repeated,v4,2,ridge_local_long_a1,0.25,ridge_local_long_a1__w0.25,756528,153,112189731.07837601,12.17766577354644,8.859808958010008,17.248925205555025,22.46328635012671,40.651555654689176,0.3321651804499841,0.4478505241371238
repeated:v4:2,repeated,v4,2,ridge_local_long_a1,0.5,ridge_local_long_a1__w0.50,756528,153,118032101.92046772,12.49072271258005,8.96989748987272,18.057191216830155,23.313461886185177,39.533091371367384,0.32224352693321795,0.4513517626133248
repeated:v4:2,repeated,v4,2,ridge_local_long_a1,0.75,ridge_local_long_a1__w0.75,756528,153,126269974.84092179,12.919257181912052,9.04019786057462,19.736899948112356,24.48851374891512,42.05060344948912,0.31536165969575625,0.4551848052404775
repeated:v4:2,repeated,v4,2,ridge_local_long_a1,1.0,ridge_local_long_a1__w1.00,756528,153,136903349.83973822,13.452237748481599,9.344298548421918,20.656021188817792,25.913201708081402,49.53450354547968,0.3068974867011202,0.45814132617481956
repeated:v4:2,repeated,v4,2,ridge_local_long_a10,0.25,ridge_local_long_a10__w0.25,756528,153,111539166.85186122,12.142306600887002,8.980196861749887,17.099252290046465,22.76546170791603,41.51456171480316,0.3387566761096411,0.4456294171424427
repeated:v4:2,repeated,v4,2,ridge_local_long_a10,0.5,ridge_local_long_a10__w0.50,756528,153,116630062.35096955,12.416315819297413,9.280580761487391,17.62991755742454,23.645744799846685,41.260035447318955,0.33515773831238727,0.4519394922459221
repeated:v4:2,repeated,v4,2,ridge_local_long_a10,0.75,ridge_local_long_a10__w0.75,756528,153,124015548.81197163,12.80340745134213,9.810483388433347,18.56273979398002,23.642426607894922,41.00824458205215,0.3310241482500864,0.455673782050522
repeated:v4:2,repeated,v4,2,ridge_local_long_a10,1.0,ridge_local_long_a10__w1.00,756528,153,133695626.2348675,13.29370682359093,10.01003308875283,19.870798690342674,23.778716185585523,40.75923981300901,0.328238154708819,0.4580361393563936
repeated:v4:2,repeated,v4,2,ridge_all_views_a1,0.25,ridge_all_views_a1__w0.25,756528,153,112135099.15456301,12.174700393763326,8.905838816554327,17.369172384309294,22.646339305972486,40.78961103858312,0.33105774402817634,0.44686575064571227
repeated:v4:2,repeated,v4,2,ridge_all_views_a1,0.5,ridge_all_views_a1__w0.50,756528,153,118463317.77062982,12.513518575054563,9.344099518128987,18.075559615263163,23.168270882597774,39.81088451380442,0.3194203779210938,0.4476904326401589
repeated:v4:2,repeated,v4,2,ridge_all_views_a1,0.75,ridge_all_views_a1__w0.75,756528,153,127727518.16284706,12.993607194013292,9.733303864133756,19.383506548625807,23.646203130816794,42.615519679741716,0.30879637800053933,0.44636840344003914
repeated:v4:2,repeated,v4,2,ridge_all_views_a1,1.0,ridge_all_views_a1__w1.00,756528,153,139927700.33121473,13.600013677571651,10.031935119451475,21.085100986391268,23.579882849451934,50.48172161915701,0.298262187943302,0.44813668646609567
repeated:v4:2,repeated,v4,2,ridge_all_views_a10,0.25,ridge_all_views_a10__w0.25,756528,153,111800768.15611935,12.156537399921291,9.032892955193619,16.959664656013103,22.962019042441717,41.5322190327445,0.3368561987586065,0.44486431864692083
repeated:v4:2,repeated,v4,2,ridge_all_views_a10,0.5,ridge_all_views_a10__w0.50,756528,153,117587350.52194819,12.46716764017254,9.431039237486196,17.85165574504145,23.298144013386477,41.29511459649359,0.33078837568030706,0.4493186164506156
repeated:v4:2,repeated,v4,2,ridge_all_views_a10,0.75,ridge_all_views_a10__w0.75,756528,153,126102609.41213316,12.9106923826242,9.834958091923962,19.240558442784867,23.09360776456496,41.060502514423526,0.3215945091667183,0.4524656207238119
repeated:v4:2,repeated,v4,2,ridge_all_views_a10,1.0,ridge_all_views_a10__w1.00,756528,153,137346544.82667425,13.473994509700557,10.458666269686898,19.766331980889355,23.578830541528767,40.82842575194629,0.31607214680058526,0.45400894771651545
repeated:v4:2,repeated,v4,2,ridge_all_views_a100,0.25,ridge_all_views_a100__w0.25,756528,153,111177088.61634386,12.12258241419393,8.999900426465963,17.388702565884977,23.108215060460566,43.12391438938468,0.3400466142903713,0.44602130310703597
repeated:v4:2,repeated,v4,2,ridge_all_views_a100,0.5,ridge_all_views_a100__w0.50,756528,153,117477406.8592912,12.46133790332802,9.232021864411672,18.503210925708387,22.45004504723802,44.48078704759682,0.3342990212335413,0.4474234390061456
repeated:v4:2,repeated,v4,2,ridge_all_views_a100,0.75,ridge_all_views_a100__w0.75,756528,153,127643817.0434887,12.989349075965922,9.633298851334178,19.76165789562157,24.208697744987806,45.84197120334151,0.3305470451734144,0.44708399072970945
repeated:v4:2,repeated,v4,2,ridge_all_views_a100,1.0,ridge_all_views_a100__w1.00,756528,153,141676319.1689363,13.68472672792758,9.836210947359623,20.075425422633764,25.146678558814802,47.20709390087452,0.3248336812835947,0.4478623929468555
repeated:v4:2,repeated,v4,2,ridge_all_views_no_indicator_a1,0.25,ridge_all_views_no_indicator_a1__w0.25,756528,153,112154394.5122846,12.175747813778491,8.948825913121855,17.29043792068518,22.728646882208213,40.70753260012311,0.33119907124475434,0.4472887709506373
repeated:v4:2,repeated,v4,2,ridge_all_views_no_indicator_a1,0.5,ridge_all_views_no_indicator_a1__w0.50,756528,153,118520288.00060254,12.51652715338499,9.372636877243847,18.12657636380867,23.33270448798921,39.64653841896895,0.3196233209366015,0.44910846181363756
repeated:v4:2,repeated,v4,2,ridge_all_views_no_indicator_a1,0.75,ridge_all_views_no_indicator_a1__w0.75,756528,153,127840542.77960049,12.999354869815122,9.569412465653574,19.282446605526957,23.80457936418373,42.69682651866245,0.3088143831209121,0.4485493702329546
repeated:v4:2,repeated,v4,2,ridge_all_views_no_indicator_a1,1.0,ridge_all_views_no_indicator_a1__w1.00,756528,153,140115158.8492784,13.609120470280907,9.927269414255676,20.780012953189118,23.685255864535286,50.61860339962129,0.29824701607992243,0.4510052783625171
repeated:v4:2,repeated,v4,2,ridge_all_views_original_boost4_a1,0.25,ridge_all_views_original_boost4_a1__w0.25,756528,153,112189688.32555145,12.177663453237562,8.849505476694146,17.23274699707654,22.70145479990669,40.82395210263049,0.33430835346203247,0.448754628016191
repeated:v4:2,repeated,v4,2,ridge_all_views_original_boost4_a1,0.5,ridge_all_views_original_boost4_a1__w0.50,756528,153,118221776.42813633,12.50075481658873,9.441388284048585,18.02783267279337,23.278203022079758,39.878876307289325,0.3257747471655088,0.4517127887982574
repeated:v4:2,repeated,v4,2,ridge_all_views_original_boost4_a1,0.75,ridge_all_views_original_boost4_a1__w0.75,756528,153,126839126.62240133,12.948340703493846,9.603485821141046,18.897240172842118,23.862688706995606,42.477281057762184,0.3182687801141334,0.4525397525092474
repeated:v4:2,repeated,v4,2,ridge_all_views_original_boost4_a1,1.0,ridge_all_views_original_boost4_a1__w1.00,756528,153,138041738.9083464,13.508051493394058,10.02613818833147,20.15019977602133,24.454183745742814,50.25907028294621,0.3101016460235077,0.4547701932833006
repeated:v4:2,repeated,v4,2,ridge_all_views_original_boost4_a10,0.25,ridge_all_views_original_boost4_a10__w0.25,756528,153,111838395.77330212,12.158582927256091,9.008795050453154,16.972273925430763,22.96552058056141,41.56837844604403,0.339148753623778,0.44631287673015135
repeated:v4:2,repeated,v4,2,ridge_all_views_original_boost4_a10,0.5,ridge_all_views_original_boost4_a10__w0.50,756528,153,117463749.26334578,12.460613522064548,9.318617565899778,17.77030156441077,23.422140259995004,41.36756232198043,0.33553573445508517,0.45249692244206746
repeated:v4:2,repeated,v4,2,ridge_all_views_original_boost4_a10,0.75,ridge_all_views_original_boost4_a10__w0.75,756528,153,125618922.78477764,12.885908086091318,9.749577273617197,18.88575871121066,23.1669007755117,41.16936274663664,0.3285813970951168,0.45738711161772044
repeated:v4:2,repeated,v4,2,ridge_all_views_original_boost4_a10,1.0,ridge_all_views_original_boost4_a10__w1.00,756528,153,136303916.3375977,13.42275502159562,10.207833406242987,19.91019133822816,23.955843731334376,40.97381769053489,0.3242287133400825,0.4599263781976202
repeated:v4:2,repeated,v4,2,ridge_per_view_ensemble_a1,0.25,ridge_per_view_ensemble_a1__w0.25,756528,153,111590758.93978009,12.14511446893845,8.886156132420583,17.446461072218312,21.701994825599275,40.97911804856181,0.33980842482967444,0.4553280881082442
repeated:v4:2,repeated,v4,2,ridge_per_view_ensemble_a1,0.5,ridge_per_view_ensemble_a1__w0.50,756528,153,115852502.841053,12.374857513639327,9.133415377300745,18.172270708734995,22.27794995037237,40.188160866193,0.33864504208997376,0.46429692445736304
repeated:v4:2,repeated,v4,2,ridge_per_view_ensemble_a1,0.75,ridge_per_view_ensemble_a1__w0.75,756528,153,121528094.01846537,12.674354209153327,9.186548390795807,19.095788505084112,22.781584358666965,39.39900410902651,0.33950081688541883,0.4742784916558667
repeated:v4:2,repeated,v4,2,ridge_per_view_ensemble_a1,1.0,ridge_per_view_ensemble_a1__w1.00,756528,153,128617532.47201723,13.038798789468261,9.43355329186072,19.822681683765342,24.06002238012534,43.84552133086249,0.3388432605281052,0.4833719951334138
repeated:v4:2,repeated,v4,2,extra_trees_all_views,0.25,extra_trees_all_views__w0.25,756528,153,110374573.83479021,12.078750670783112,9.103750842589422,18.01500279634848,22.086307207277294,44.284151350461634,0.33181913766683085,0.4413735870766379
repeated:v4:2,repeated,v4,2,extra_trees_all_views,0.5,extra_trees_all_views__w0.50,756528,153,117588213.46467903,12.467213386725648,9.395382139456034,19.017311654783395,22.477680568382567,46.807140739934326,0.3179813957919402,0.4405559665521232
repeated:v4:2,repeated,v4,2,extra_trees_all_views,0.75,extra_trees_all_views__w0.75,756528,153,130383781.2043131,13.128021600794732,9.951478483498724,20.289114491926178,22.74612298703755,49.33911371040466,0.3097007390638985,0.4416079576681934
repeated:v4:2,repeated,v4,2,extra_trees_all_views,1.0,extra_trees_all_views__w1.00,756528,153,148761277.05369243,14.022725923631578,10.601701666809474,21.703417362964508,24.797242744806812,51.878754931775845,0.31252423366600446,0.4474297898809957
repeated:v4:2,repeated,v4,2,hist_gradient_all_views,0.25,hist_gradient_all_views__w0.25,756528,153,111184728.87709963,12.122998948304705,8.795801361851183,17.37152112363594,22.29892544091685,44.55795039743224,0.3468265311497068,0.45215773526549835
repeated:v4:2,repeated,v4,2,hist_gradient_all_views,0.5,hist_gradient_all_views__w0.50,756528,153,119409267.91905597,12.56338054245713,9.129490807507441,17.49083659580826,22.808444250774134,47.36017193030727,0.34733202079814623,0.4622785159613039
repeated:v4:2,repeated,v4,2,hist_gradient_all_views,0.75,hist_gradient_all_views__w0.75,756528,153,133416479.44051568,13.279821422868991,9.506223017274609,18.58948037460091,25.13022737369615,50.17574988398935,0.3447830859720955,0.46392057875571274
repeated:v4:2,repeated,v4,2,hist_gradient_all_views,1.0,hist_gradient_all_views__w1.00,756528,153,153206363.44147873,14.230688058091088,10.076993974675762,20.37294520275008,26.58384359783193,53.00255575986134,0.3376605671487734,0.46632943653122466
repeated:v4:2,repeated,v4,2,knn25_all_views,0.25,knn25_all_views__w0.25,756528,153,111402767.84117447,12.13488003810452,9.137130176651327,18.261834207289493,22.028941916678416,45.03397532430347,0.3308481941956101,0.4470629496297674
repeated:v4:2,repeated,v4,2,knn25_all_views,0.5,knn25_all_views__w0.50,756528,153,124014019.43793951,12.803328504551036,9.6669784937501,18.498742672095233,21.846303098948233,48.30496286518454,0.31835678170290704,0.44207232964354365
repeated:v4:2,repeated,v4,2,knn25_all_views,0.75,knn25_all_views__w0.75,756528,153,146576617.10494176,13.919378482177088,10.192198187001255,20.66909316742695,23.869691607052488,51.58306469343026,0.2995618343945641,0.44200620523740375
repeated:v4:2,repeated,v4,2,knn25_all_views,1.0,knn25_all_views__w1.00,756528,153,179090560.8421812,15.385933288010964,11.61987972258073,22.707337839597898,27.551283617662776,54.86700566633134,0.29609394105457665,0.4399474944378258
repeated:v4:3,repeated,v4,3,ridge_original_a1,0.25,ridge_original_a1__w0.25,755483,152,102995172.38919047,11.676053769952404,8.868969243242724,17.29887132015407,20.65618628753746,29.932753771194644,0.26695719092471193,0.4154411385768379
repeated:v4:3,repeated,v4,3,ridge_original_a1,0.5,ridge_original_a1__w0.50,755483,152,103781623.28918959,11.720547022286018,8.941669161626542,17.219301323303,21.309954132018138,29.50652464192412,0.26324947131628673,0.41165640578276125
repeated:v4:3,repeated,v4,3,ridge_original_a1,0.75,ridge_original_a1__w0.75,755483,152,105300326.72015592,11.805992724145547,8.565214531212579,17.431783979910115,21.349546735949172,29.081305154020477,0.26069341634036963,0.4075722291851388
repeated:v4:3,repeated,v4,3,ridge_original_a1,1.0,ridge_original_a1__w1.00,755483,152,107551282.68208943,11.931511083752117,8.623172690132701,17.90010429508346,21.65067596847336,29.340509146677523,0.2601338982646974,0.4038311522774107
repeated:v4:3,repeated,v4,3,ridge_original_a10,0.25,ridge_original_a10__w0.25,755483,152,106192112.05426764,11.85587962472842,8.775094329961485,17.899986379779016,21.430952352914588,30.550327598045754,0.2704027387610102,0.41834314445326115
repeated:v4:3,repeated,v4,3,ridge_original_a10,0.5,ridge_original_a10__w0.50,755483,152,110383477.3141625,12.087589074634725,8.871530607005711,18.276512344462194,21.48405345894151,30.741313588227477,0.2696517486546835,0.4187023273470958
repeated:v4:3,repeated,v4,3,ridge_original_a10,0.75,ridge_original_a10__w0.75,755483,152,115515069.7998431,12.365365966995025,9.044099793263808,19.21296577868665,22.108095946763694,30.932896719418356,0.26754378111490207,0.4166099081147725
repeated:v4:3,repeated,v4,3,ridge_original_a10,1.0,ridge_original_a10__w1.00,755483,152,121586889.51130943,12.68618458235259,9.299277717225621,19.932988489003282,23.109571480431423,31.125065964931004,0.265343976182216,0.41320775379935576
repeated:v4:3,repeated,v4,3,ridge_original_a100,0.25,ridge_original_a100__w0.25,755483,152,108672239.1587836,11.993528175338655,9.014288801778607,18.426033723017373,21.237356999984463,32.00560072194841,0.27628727692140226,0.42343623353370385
repeated:v4:3,repeated,v4,3,ridge_original_a100,0.5,ridge_original_a100__w0.50,755483,152,116397973.82743989,12.41253145703574,8.743884835315619,19.38454366705311,21.512823079391794,33.655206846089854,0.27986893403477325,0.4283886351632919
repeated:v4:3,repeated,v4,3,ridge_original_a100,0.75,ridge_original_a100__w0.75,755483,152,126118178.0261274,12.920415970546877,9.280602617348016,20.081194525156498,22.24170946041962,35.30821400113094,0.2835716059196386,0.43595085430028957
repeated:v4:3,repeated,v4,3,ridge_original_a100,1.0,ridge_original_a100__w1.00,755483,152,137832851.75484613,13.50715932877173,9.740054601104196,21.00214327220234,23.221888878773218,36.964165915958134,0.28644895099412143,0.44393230049583543
repeated:v4:3,repeated,v4,3,ridge_backtest_single_a1,0.25,ridge_backtest_single_a1__w0.25,755483,152,106341378.11976835,11.864209146720325,9.01546425690811,18.242663025199285,20.92958749261013,30.757301305433707,0.2676872997745667,0.41666521911231463
repeated:v4:3,repeated,v4,3,ridge_backtest_single_a1,0.5,ridge_backtest_single_a1__w0.50,755483,152,111451910.25042722,12.145947795925109,8.975839130700738,18.392566895735452,21.727064225906513,31.156867320318543,0.2651507488188722,0.4162465463882164
repeated:v4:3,repeated,v4,3,ridge_backtest_single_a1,0.75,ridge_backtest_single_a1__w0.75,755483,152,118272570.41213511,12.512084525243232,9.133391458066585,19.137047115212795,23.043776225892092,31.55856394034481,0.2604832731424479,0.4174459650491809
repeated:v4:3,repeated,v4,3,ridge_backtest_single_a1,1.0,ridge_backtest_single_a1__w1.00,755483,152,126803358.60489202,12.955465742056584,9.618884232673683,19.58300050524596,24.368686697565202,31.962310834417604,0.25331030963472045,0.41503817080841543
repeated:v4:3,repeated,v4,3,ridge_backtest_single_a10,0.25,ridge_backtest_single_a10__w0.25,755483,152,107789967.52436678,11.94474334131195,8.9815756854045,18.18135444413163,21.447792751288187,31.107619245098267,0.26946792128390146,0.41676242935666186
repeated:v4:3,repeated,v4,3,ridge_backtest_single_a10,0.5,ridge_backtest_single_a10__w0.50,755483,152,114276612.55742948,12.298901718931017,9.0218793524378,19.171921290172488,21.65729839634301,31.856260974072992,0.2665266242919472,0.4146562075733943
repeated:v4:3,repeated,v4,3,ridge_backtest_single_a10,0.75,ridge_backtest_single_a10__w0.75,755483,152,122400909.1193466,12.728580502966876,9.289038063743417,19.950188463033516,22.19247463818634,32.605808218160256,0.2639317451231708,0.41268269055484125
repeated:v4:3,repeated,v4,3,ridge_backtest_single_a10,1.0,ridge_backtest_single_a10__w1.00,755483,152,132162857.21011814,13.226421582407259,9.89485997836805,20.562450106721165,23.39576747742384,33.35619993391949,0.26075850525984706,0.41051779970216956
repeated:v4:3,repeated,v4,3,ridge_backtest_cumulative_a1,0.25,ridge_backtest_cumulative_a1__w0.25,755483,152,105057995.85566854,11.792400153208183,8.980022933688073,17.75117595928204,20.631408272224697,30.762363373342904,0.26412149588870953,0.41136581762554025
repeated:v4:3,repeated,v4,3,ridge_backtest_cumulative_a1,0.5,ridge_backtest_cumulative_a1__w0.50,755483,152,108412035.46195257,11.97916097948248,9.04008705999707,18.205060197114204,20.96875746921285,31.16631302265306,0.26038524756408826,0.40525445998146925
repeated:v4:3,repeated,v4,3,ridge_backtest_cumulative_a1,0.75,ridge_backtest_cumulative_a1__w0.75,755483,152,113003092.83901057,12.230179099714679,9.226344841996102,18.487371598069377,21.753864274334962,31.571739997123174,0.25491715666041537,0.40142534531302754
repeated:v4:3,repeated,v4,3,ridge_backtest_cumulative_a1,1.0,ridge_backtest_cumulative_a1__w1.00,755483,152,118831167.98684254,12.541596807807636,9.147718944302968,18.640462257308567,22.457567061018224,31.97858810788008,0.2503279694876752,0.39733584598436084
repeated:v4:3,repeated,v4,3,ridge_backtest_cumulative_a10,0.25,ridge_backtest_cumulative_a10__w0.25,755483,152,106864240.31775412,11.893340516248912,8.782447541041378,17.834749232804363,21.300423294435262,30.9524249123765,0.26828750014836916,0.4145890920405721
repeated:v4:3,repeated,v4,3,ridge_backtest_cumulative_a10,0.5,ridge_backtest_cumulative_a10__w0.50,755483,152,112164455.98789728,12.184712293434153,8.909068250577997,18.289725851918618,21.882641240237348,31.545714003428838,0.26551493522591957,0.4126573563387946
repeated:v4:3,repeated,v4,3,ridge_backtest_cumulative_a10,0.75,ridge_backtest_cumulative_a10__w0.75,755483,152,118841621.03058802,12.542148409628082,9.09135033763015,18.731303090350256,22.613123675555308,32.13977220202713,0.26233079172366236,0.4107068199179181
repeated:v4:3,repeated,v4,3,ridge_backtest_cumulative_a10,1.0,ridge_backtest_cumulative_a10__w1.00,755483,152,126895735.44582632,12.960183941656094,9.460165444184796,19.533101202268817,23.277030781601894,32.73455763550983,0.25723331331368415,0.40873792936903053
repeated:v4:3,repeated,v4,3,ridge_slope_single_a1,0.25,ridge_slope_single_a1__w0.25,755483,152,104701953.96336761,11.77240095310358,8.77433027399226,17.679484594235728,20.771074572876095,30.052831893739675,0.2694828882306059,0.41789469685433306
repeated:v4:3,repeated,v4,3,ridge_slope_single_a1,0.5,ridge_slope_single_a1__w0.50,755483,152,107654855.66444507,11.937254784717833,8.609809989111191,17.48704967666816,21.335962836767532,29.746553091168646,0.2676053128381168,0.4146009481900411
repeated:v4:3,repeated,v4,3,ridge_slope_single_a1,0.75,ridge_slope_single_a1__w0.75,755483,152,111799679.12339091,12.164882835362134,8.584452787226914,17.789789762280396,21.67470500532077,29.528138402812402,0.26623084881658476,0.4103437898703871
repeated:v4:3,repeated,v4,3,ridge_slope_single_a1,1.0,ridge_slope_single_a1__w1.00,755483,152,117136424.34020512,12.451842916174792,8.884453455377912,17.940068597273047,22.01840610612096,30.67101041707424,0.26658963124641644,0.4057556952592413
repeated:v4:3,repeated,v4,3,ridge_slope_single_a10,0.25,ridge_slope_single_a10__w0.25,755483,152,106817314.87406068,11.89072897117197,8.802586227104657,17.964690594531767,21.088425021563072,30.731783257071573,0.27118114390077347,0.4179019816660293
repeated:v4:3,repeated,v4,3,ridge_slope_single_a10,0.5,ridge_slope_single_a10__w0.50,755483,152,111969278.39368421,12.174106356455543,8.976992239515226,18.41787800095092,21.32223901659519,31.10511882085384,0.27113894746637185,0.41730453082312485
repeated:v4:3,repeated,v4,3,ridge_slope_single_a10,0.75,ridge_slope_single_a10__w0.75,755483,152,118396864.5790291,12.51865735418349,9.11465195484957,18.83900525336962,22.296091770111527,31.479903259193257,0.27077672521836293,0.41801167262194683
repeated:v4:3,repeated,v4,3,ridge_slope_single_a10,1.0,ridge_slope_single_a10__w1.00,755483,152,126100073.43009536,12.919488557421761,9.554603998553077,19.414049429549067,23.224329668553175,31.856085434431776,0.26837007138381513,0.41860925153404827
repeated:v4:3,repeated,v4,3,ridge_local_long_a1,0.25,ridge_local_long_a1__w0.25,755483,152,105868594.08204256,11.837806173536569,9.01514982044502,17.667277321790436,21.043656457477564,30.223651999655104,0.2668417198530904,0.41814388521595136
repeated:v4:3,repeated,v4,3,ridge_local_long_a1,0.5,ridge_local_long_a1__w0.50,755483,152,110050065.92729318,12.069320091893447,9.05833165602726,17.916008309786843,22.51775787526027,30.088270644252994,0.26667470614700806,0.4182242425531653
repeated:v4:3,repeated,v4,3,ridge_local_long_a1,0.75,ridge_local_long_a1__w0.75,755483,152,115485389.5559104,12.363777296978096,8.994367040955813,18.322133846381302,23.212225545843918,29.953818381058113,0.2650531098595741,0.4161916607681795
repeated:v4:3,repeated,v4,3,ridge_local_long_a1,1.0,ridge_local_long_a1__w1.00,755483,152,122174564.96789418,12.716806191347137,9.120510463485987,19.276397555821838,23.660340331644445,29.820307777201947,0.2652270001455903,0.41657956045090666
repeated:v4:3,repeated,v4,3,ridge_local_long_a10,0.25,ridge_local_long_a10__w0.25,755483,152,107487105.83456475,11.927950730906378,8.915191496290142,18.07061385391013,21.38810801372358,30.665873037537548,0.2686348426257022,0.4165658890998143
repeated:v4:3,repeated,v4,3,ridge_local_long_a10,0.5,ridge_local_long_a10__w0.50,755483,152,113376832.57036604,12.250387089554884,9.128286499953916,18.476999528011532,21.87471303169138,30.973410665206476,0.26624223830656785,0.41442610304172456
repeated:v4:3,repeated,v4,3,ridge_local_long_a10,0.75,ridge_local_long_a10__w0.75,755483,152,120610154.22756238,12.635126324227747,9.051573422026607,19.070209416179747,22.650310742338878,31.282515281738373,0.2636261859745162,0.4102776267891078
repeated:v4:3,repeated,v4,3,ridge_local_long_a10,1.0,ridge_local_long_a10__w1.00,755483,152,129187070.80615379,13.076670401700499,9.515106722761248,20.285643552883943,23.7943069942894,31.593140893307492,0.25921241615560614,0.4067212405358711
repeated:v4:3,repeated,v4,3,ridge_all_views_a1,0.25,ridge_all_views_a1__w0.25,755483,152,106818479.80691086,11.890793810205984,8.954864561648423,17.87916298376008,20.979540417446138,30.18295624547635,0.26745893381062047,0.41463534670478697
repeated:v4:3,repeated,v4,3,ridge_all_views_a1,0.5,ridge_all_views_a1__w0.50,755483,152,112503773.82122073,12.203128858484634,9.040417270220722,18.366849127272275,21.864914478457074,30.006751555477226,0.26361368875734925,0.41319065789471887
repeated:v4:3,repeated,v4,3,ridge_all_views_a1,0.75,ridge_all_views_a1__w0.75,755483,152,119996856.06308812,12.602960807446262,9.31918506055556,18.978027958735076,22.58630793443591,29.83134993083817,0.25949638377613204,0.41141056822945776
repeated:v4:3,repeated,v4,3,ridge_all_views_a1,1.0,ridge_all_views_a1__w1.00,755483,152,129297726.53251304,13.082269641334072,9.620030237804514,19.72901548393717,23.316914980791534,30.000879512337743,0.2567062842721678,0.40815189080014247
repeated:v4:3,repeated,v4,3,ridge_all_views_a10,0.25,ridge_all_views_a10__w0.25,755483,152,108093925.95466742,11.961573059109574,8.980882208051398,17.914312880463427,21.288114121053837,30.701015556263307,0.26930271836109193,0.41437541117885257
repeated:v4:3,repeated,v4,3,ridge_all_views_a10,0.5,ridge_all_views_a10__w0.50,755483,152,114983648.89820372,12.336890076331414,9.03714202915167,18.48969847126786,21.586602870689035,31.043539559265643,0.26601877580189065,0.4118353587233431
repeated:v4:3,repeated,v4,3,ridge_all_views_a10,0.75,ridge_all_views_a10__w0.75,755483,152,123610142.85076742,12.79130062719932,9.643255594268986,19.19948687602424,22.237009901502077,31.387474279623717,0.26208026489916414,0.40779670516130234
repeated:v4:3,repeated,v4,3,ridge_all_views_a10,1.0,ridge_all_views_a10__w1.00,755483,152,133973407.8123585,13.316710366608243,9.973604047346507,20.298112862550457,22.82354260690825,31.73277384731707,0.25975912022922143,0.4059241046705291
repeated:v4:3,repeated,v4,3,ridge_all_views_a100,0.25,ridge_all_views_a100__w0.25,755483,152,108966747.88639054,12.00976879422094,9.05083812789561,18.290618392030304,21.246554906025523,31.83392055734449,0.2750274556690146,0.4204791237389232
repeated:v4:3,repeated,v4,3,ridge_all_views_a100,0.5,ridge_all_views_a100__w0.50,755483,152,117061907.27691104,12.447881627501266,9.175381426484307,19.26255351597785,21.387931446878294,33.31101210509176,0.27755721475842454,0.42255912406927015
repeated:v4:3,repeated,v4,3,ridge_all_views_a100,0.75,ridge_all_views_a100__w0.75,755483,152,127226452.19172004,12.97706142310752,9.39311954963684,20.01877423268993,21.90326588419421,34.7908271438246,0.2788067208780647,0.4294752139787783
repeated:v4:3,repeated,v4,3,ridge_all_views_a100,1.0,ridge_all_views_a100__w1.00,755483,152,139460382.63081753,13.58667159355478,10.004750330588614,20.767818437358457,22.608232877858082,36.273032347862205,0.2810149980422315,0.43645691345313503
repeated:v4:3,repeated,v4,3,ridge_all_views_no_indicator_a1,0.25,ridge_all_views_no_indicator_a1__w0.25,755483,152,106846640.61881453,11.892361106154077,8.973352607389677,17.94071850641948,20.95144559540701,30.11424426313481,0.26797594262476065,0.41495511813117986
repeated:v4:3,repeated,v4,3,ridge_all_views_no_indicator_a1,0.5,ridge_all_views_no_indicator_a1__w0.50,755483,152,112581878.82837194,12.207364094630556,9.055506076551383,18.511592425299682,21.833434524135818,29.869305477197724,0.26401735956524,0.41380120627203437
repeated:v4:3,repeated,v4,3,ridge_all_views_no_indicator_a1,0.75,ridge_all_views_no_indicator_a1__w0.75,755483,152,120146688.64883073,12.610826618160731,9.178751086633063,19.185147981951456,22.424471779136248,29.625152684162682,0.26026711546659204,0.4121018680007767
repeated:v4:3,repeated,v4,3,ridge_all_views_no_indicator_a1,1.0,ridge_all_views_no_indicator_a1__w1.00,755483,152,129541070.08019093,13.094574534610658,9.601170421187263,20.01963638062862,23.057788962636913,30.239036714178592,0.25691327225843624,0.4083640827529969
repeated:v4:3,repeated,v4,3,ridge_all_views_original_boost4_a1,0.25,ridge_all_views_original_boost4_a1__w0.25,755483,152,106511232.46399716,11.87368045247991,8.963129125938668,17.987407971031573,20.878353665119928,30.255186435550755,0.2684779356426134,0.4164098556995523
repeated:v4:3,repeated,v4,3,ridge_all_views_original_boost4_a1,0.5,ridge_all_views_original_boost4_a1__w0.50,755483,152,111741654.53122282,12.161725608162877,8.914394098333329,18.28778748090545,21.886114023452087,30.151061928829666,0.2667611370139945,0.41638489409469803
repeated:v4:3,repeated,v4,3,ridge_all_views_original_boost4_a1,0.75,ridge_all_views_original_boost4_a1__w0.75,755483,152,118632240.22183552,12.531094862625036,8.983999281560575,18.934807662910547,23.230220393612978,30.047583141865086,0.2631221822961527,0.4172277257699827
repeated:v4:3,repeated,v4,3,ridge_all_views_original_boost4_a1,1.0,ridge_all_views_original_boost4_a1__w1.00,755483,152,127182989.53583527,12.97484464458793,9.377571154627336,19.32659473052407,24.177804131431934,29.9553266039953,0.25924635993197964,0.4160552213587304
repeated:v4:3,repeated,v4,3,ridge_all_views_original_boost4_a10,0.25,ridge_all_views_original_boost4_a10__w0.25,755483,152,107882062.73230498,11.94984501625117,8.899789104365409,17.90678223064424,21.33100856716027,30.762234678867706,0.2699650132164591,0.4159023047071408
repeated:v4:3,repeated,v4,3,ridge_all_views_original_boost4_a10,0.5,ridge_all_views_original_boost4_a10__w0.50,755483,152,114431428.3181494,12.307229841977707,8.968424828291436,18.60741213421237,21.503456772344578,31.165742034143943,0.26753050322483773,0.41448398039503564
repeated:v4:3,repeated,v4,3,ridge_all_views_original_boost4_a10,0.75,ridge_all_views_original_boost4_a10__w0.75,755483,152,122589070.7776918,12.738360295843224,9.403813094730936,19.145236843380854,22.148147978790565,31.570425201633885,0.26403271327218286,0.41189721264308693
repeated:v4:3,repeated,v4,3,ridge_all_views_original_boost4_a10,1.0,ridge_all_views_original_boost4_a10__w1.00,755483,152,132354990.11093214,13.23603210342013,9.998226380144803,20.28500445604929,22.88980160428714,31.97623953902633,0.2612106073895693,0.41211235081194336
repeated:v4:3,repeated,v4,3,ridge_per_view_ensemble_a1,0.25,ridge_per_view_ensemble_a1__w0.25,755483,152,104326488.10223155,11.75127381881885,9.022623937168568,17.66553758168028,20.720622312239147,30.408309790818294,0.2688998498671657,0.4154659664868441
repeated:v4:3,repeated,v4,3,ridge_per_view_ensemble_a1,0.5,ridge_per_view_ensemble_a1__w0.50,755483,152,106638539.38528079,11.880774306593864,9.001218504541056,17.612017539338098,20.69187994957695,30.457887366236736,0.2666481705881412,0.4123926242051396
repeated:v4:3,repeated,v4,3,ridge_per_view_ensemble_a1,0.75,ridge_per_view_ensemble_a1__w0.75,755483,152,109877127.86930625,12.059833203335549,8.958616554248557,17.416588009612603,21.468386800695065,30.508676807568968,0.26401989906208606,0.4095017358895018
repeated:v4:3,repeated,v4,3,ridge_per_view_ensemble_a1,1.0,ridge_per_view_ensemble_a1__w1.00,755483,152,114042253.55430792,12.286283924320578,9.08396240093034,17.610339239284666,22.251159630421103,30.560672072737123,0.2607342238981971,0.407882387406842
repeated:v4:3,repeated,v4,3,extra_trees_all_views,0.25,extra_trees_all_views__w0.25,755483,152,108556679.85376497,11.987149672249389,8.924013904300153,18.153306045053746,22.391181106636015,32.2138412730019,0.28998392542037565,0.43797854289194466
repeated:v4:3,repeated,v4,3,extra_trees_all_views,0.5,extra_trees_all_views__w0.50,755483,152,117399706.22648941,12.465828764864524,9.152336200992405,18.964800255417718,23.319770703913083,34.0703034357303,0.30432321925379185,0.45528169014167585
repeated:v4:3,repeated,v4,3,extra_trees_all_views,0.75,extra_trees_all_views__w0.75,755483,152,129470053.13833185,13.090984691925563,9.57898006433539,20.7476892677851,23.447871757826874,35.928937989181655,0.31249295390978027,0.46549951961726094
repeated:v4:3,repeated,v4,3,extra_trees_all_views,1.0,extra_trees_all_views__w1.00,755483,152,144767720.5892923,13.842786478625808,10.054083774714446,21.254954029961763,24.644655642351836,37.78942439420497,0.31964819764107466,0.4728181041987627
repeated:v4:3,repeated,v4,3,hist_gradient_all_views,0.25,hist_gradient_all_views__w0.25,755483,152,104604510.66803198,11.76692154929508,8.442923674634013,17.148636380587742,21.782078828461078,32.17430034316372,0.2874109138967029,0.43534573222620315
repeated:v4:3,repeated,v4,3,hist_gradient_all_views,0.5,hist_gradient_all_views__w0.50,755483,152,109748985.46813129,12.052798860316644,8.806676238049894,17.403667703845407,22.119068806749485,33.99198748998692,0.29778582861463393,0.44983268078359945
repeated:v4:3,repeated,v4,3,hist_gradient_all_views,0.75,hist_gradient_all_views__w0.75,755483,152,118374398.42045647,12.51746957152841,8.790413153710219,18.0650176994589,23.338073089685036,35.81250337452965,0.3004604912618984,0.45734191470851476
repeated:v4:3,repeated,v4,3,hist_gradient_all_views,1.0,hist_gradient_all_views__w1.00,755483,152,130480749.52500749,13.141982159017465,9.146607079183621,19.46608154765205,24.302085403271004,37.635437500657765,0.2985540065011829,0.4597482721043447
repeated:v4:3,repeated,v4,3,knn25_all_views,0.25,knn25_all_views__w0.25,755483,152,107188260.76812884,11.911357622779937,9.034384214372897,17.658015120824317,22.08187448660662,31.324956237188278,0.2765901924683348,0.4230461837077193
repeated:v4:3,repeated,v4,3,knn25_all_views,0.5,knn25_all_views__w0.50,755483,152,117548481.40404087,12.473724946019939,9.55271648781098,18.31686450280827,22.3010899779572,33.6240963446914,0.27344145887887067,0.43043958698688484
repeated:v4:3,repeated,v4,3,knn25_all_views,0.75,knn25_all_views__w0.75,755483,152,134021635.9278946,13.319107043934707,10.122251635965034,19.077172505195666,23.287943877365052,36.12634798796021,0.2781695443843193,0.4319854613275355
repeated:v4:3,repeated,v4,3,knn25_all_views,1.0,knn25_all_views__w1.00,755483,152,156607724.33969006,14.39773717200904,10.860315766131615,21.520476297022174,25.145535788912706,38.648731754420616,0.27961626251324123,0.4300630782003592
repeated:v4:4,repeated,v4,4,ridge_original_a1,0.25,ridge_original_a1__w0.25,759501,158,131350747.70592448,13.150797779660756,10.487485283235259,19.99440040821024,23.62703238107609,39.516720907192486,0.22897106946862028,0.375898829798932
repeated:v4:4,repeated,v4,4,ridge_original_a1,0.5,ridge_original_a1__w0.50,759501,158,131670948.07198389,13.166817205452574,10.551390453151395,19.38841058427531,23.10181073428754,38.545546137645935,0.220468676815011,0.3630566908625515
repeated:v4:4,repeated,v4,4,ridge_original_a1,0.75,ridge_original_a1__w0.75,759501,158,132982329.31287506,13.232222437177535,10.711709406258663,19.455937327417935,22.972270396467074,37.579806396733744,0.2114621058791043,0.3533348252833557
repeated:v4:4,repeated,v4,4,ridge_original_a1,1.0,ridge_original_a1__w1.00,759501,158,135284891.428598,13.346287429729598,10.874903857627313,20.261514947333506,22.87081454884675,36.6199316842173,0.20224294743307827,0.34378176631892626
repeated:v4:4,repeated,v4,4,ridge_original_a10,0.25,ridge_original_a10__w0.25,759501,158,134439803.1687741,13.304536795856661,10.366820013946862,20.86284774171306,23.67628125436263,41.26686702847695,0.239916385120476,0.3938761388567635
repeated:v4:4,repeated,v4,4,ridge_original_a10,0.5,ridge_original_a10__w0.50,759501,158,138017380.81223884,13.480398032966203,10.32784022817528,20.948934755091955,24.003360906941477,42.045141081594075,0.24505140738697825,0.3960010257696518
repeated:v4:4,repeated,v4,4,ridge_original_a10,0.75,ridge_original_a10__w0.75,759501,158,142754461.14509106,13.709785801055226,10.437670486165757,20.94545587298048,24.240547636435227,42.827524842256565,0.2526416816318311,0.398038486804413
repeated:v4:4,repeated,v4,4,ridge_original_a10,1.0,ridge_original_a10__w1.00,759501,158,148651044.16733077,13.99006740881376,10.278546013749466,20.783919442458274,25.431603499126705,43.613797140066346,0.2584519885488463,0.40042260824630166
repeated:v4:4,repeated,v4,4,ridge_original_a100,0.25,ridge_original_a100__w0.25,759501,158,138369478.25400656,13.497582065634756,10.388997666237843,21.29156744059207,24.449596055159926,42.966087874620264,0.2539094633584024,0.40856446883888864
repeated:v4:4,repeated,v4,4,ridge_original_a100,0.5,ridge_original_a100__w0.50,759501,158,148542091.71134418,13.984939521514647,10.513902009571645,20.993930960900858,26.13259681732262,45.454623307564496,0.27842226946655163,0.4245846865612326
repeated:v4:4,repeated,v4,4,ridge_original_a100,0.75,ridge_original_a100__w0.75,759501,158,162539568.58670968,14.629024806587811,10.157262929137216,21.940140243056973,27.712676101547686,47.95615059392939,0.2971257470825555,0.44447461105154734
repeated:v4:4,repeated,v4,4,ridge_original_a100,1.0,ridge_original_a100__w1.00,759501,158,180361908.88010302,15.410198627291038,10.627347165603979,22.87513875295899,29.320879987859197,50.46873791283804,0.31151333469967235,0.46820660261436164
repeated:v4:4,repeated,v4,4,ridge_backtest_single_a1,0.25,ridge_backtest_single_a1__w0.25,759501,158,134880127.95068094,13.326306867264783,10.23095899438357,21.075363249714144,23.92141073060501,40.77168361717511,0.23232126764500566,0.3863919073600683
repeated:v4:4,repeated,v4,4,ridge_backtest_single_a1,0.5,ridge_backtest_single_a1__w0.50,759501,158,140472375.06487814,13.599761359452625,10.200738305142018,20.488016531367162,24.385255227675785,41.06429767442813,0.22986367422857257,0.38503726510836933
repeated:v4:4,repeated,v4,4,ridge_backtest_single_a1,0.75,ridge_backtest_single_a1__w0.75,759501,158,148798469.5572884,13.997003048038039,10.4377007193657,20.62622348319639,25.466359291000334,41.37048751203816,0.23766418941149722,0.39199284958494085
repeated:v4:4,repeated,v4,4,ridge_backtest_single_a1,1.0,ridge_backtest_single_a1__w1.00,759501,158,159858411.42791173,14.507867196755173,10.483416903889205,21.77918300238334,26.251738024780565,41.68995401110451,0.24780077828420152,0.40152518788893277
repeated:v4:4,repeated,v4,4,ridge_backtest_single_a10,0.25,ridge_backtest_single_a10__w0.25,759501,158,136084871.4440936,13.385689560610848,10.294950811091985,20.900366957425707,23.98707695036983,41.81055878965635,0.24248758330211373,0.39680965255302686
repeated:v4:4,repeated,v4,4,ridge_backtest_single_a10,0.5,ridge_backtest_single_a10__w0.50,759501,158,142974342.640583,13.72034017627828,10.046756017973726,20.79417326905467,25.20156808580949,43.13965445643754,0.2525024461851582,0.4011985975753108
repeated:v4:4,repeated,v4,4,ridge_backtest_single_a10,0.75,ridge_backtest_single_a10__w0.75,759501,158,152690141.804165,14.17886032110404,10.008224135418036,20.96468507874082,26.348157215113662,44.47919786137352,0.2609780142212612,0.41400847674094626
repeated:v4:4,repeated,v4,4,ridge_backtest_single_a10,1.0,ridge_backtest_single_a10__w1.00,759501,158,165232268.93483958,14.749702416347057,10.405403149252692,21.469595909264054,27.88400816992989,45.82827286309685,0.275231237040957,0.42979139585310605
repeated:v4:4,repeated,v4,4,ridge_backtest_cumulative_a1,0.25,ridge_backtest_cumulative_a1__w0.25,759501,158,133536142.3463269,13.25974700931613,10.340555040411502,20.260270925315048,24.084812862073896,40.3328412297509,0.23371597544869524,0.38363610699618084
repeated:v4:4,repeated,v4,4,ridge_backtest_cumulative_a1,0.5,ridge_backtest_cumulative_a1__w0.50,759501,158,136187788.93213356,13.390750230339062,10.486671901308007,20.35195493664147,24.108230156383474,40.1781312830955,0.23151092758168207,0.37767099227939127
repeated:v4:4,repeated,v4,4,ridge_backtest_cumulative_a1,0.75,ridge_backtest_cumulative_a1__w0.75,759501,158,139976667.97211677,13.575744337858698,10.569258803564878,20.56467650032331,23.50528965400429,40.028872288021546,0.2278341608182718,0.37394994051685004
repeated:v4:4,repeated,v4,4,ridge_backtest_cumulative_a1,1.0,ridge_backtest_cumulative_a1__w1.00,759501,158,144902779.4662766,13.812560173182908,10.822015289013484,21.1508041698642,23.15819512768812,39.88512544058924,0.22288768998671757,0.36846741486323537
repeated:v4:4,repeated,v4,4,ridge_backtest_cumulative_a10,0.25,ridge_backtest_cumulative_a10__w0.25,759501,158,135504913.76764363,13.357135974495488,10.372309734060195,20.88158927757851,23.639905570122213,41.469534149361856,0.2412367036093352,0.3943631144188998
repeated:v4:4,repeated,v4,4,ridge_backtest_cumulative_a10,0.5,ridge_backtest_cumulative_a10__w0.50,759501,158,140752617.1982619,13.613320349900208,10.13798706276211,20.89806421852386,23.905412148756433,42.452051996642176,0.24965535460204627,0.39738400354476977
repeated:v4:4,repeated,v4,4,ridge_backtest_cumulative_a10,0.75,ridge_backtest_cumulative_a10__w0.75,759501,158,147764838.5065516,13.94830311936425,10.02388123285228,20.93191281751329,24.795272117324625,43.44009127430805,0.2582799856399512,0.40013609173154197
repeated:v4:4,repeated,v4,4,ridge_backtest_cumulative_a10,1.0,ridge_backtest_cumulative_a10__w1.00,759501,158,156541577.69251278,14.356569517929398,10.368903358688836,21.198777126577866,25.378994158154146,44.4332836525605,0.26433768118048656,0.40881902171008383
repeated:v4:4,repeated,v4,4,ridge_slope_single_a1,0.25,ridge_slope_single_a1__w0.25,759501,158,134177294.23907231,13.2915411420281,10.265231097240397,19.990297406051955,23.67604636186224,40.41535396629869,0.22976682038900403,0.37992872916854425
repeated:v4:4,repeated,v4,4,ridge_slope_single_a1,0.5,ridge_slope_single_a1__w0.50,759501,158,138560219.00392815,13.506881993356016,10.289105015457892,20.222832427281208,23.664379476170723,40.34723703577975,0.22770182180471416,0.37857067707113345
repeated:v4:4,repeated,v4,4,ridge_slope_single_a1,0.75,ridge_slope_single_a1__w0.75,759501,158,145170502.50926435,13.825314359637094,10.342806866589772,20.785500880897313,23.84412389254721,40.288636884848735,0.2378843274686738,0.3833939579452275
repeated:v4:4,repeated,v4,4,ridge_slope_single_a1,1.0,ridge_slope_single_a1__w1.00,759501,158,154008144.7550809,14.23992393979875,10.437629934648204,20.697302106996656,24.683826476286278,41.635226224076696,0.25263903590931486,0.3935136027667174
repeated:v4:4,repeated,v4,4,ridge_slope_single_a10,0.25,ridge_slope_single_a10__w0.25,759501,158,136131776.23014873,13.38799620501117,10.388559643666905,20.967452206171014,23.815849503335187,41.883520957958666,0.24005805387745116,0.39518451365555
repeated:v4:4,repeated,v4,4,ridge_slope_single_a10,0.5,ridge_slope_single_a10__w0.50,759501,158,142393778.70378748,13.692455322031394,10.21590947374307,20.86265826448209,24.18980122347807,43.28707113455022,0.24909259925170632,0.39884738820226245
repeated:v4:4,repeated,v4,4,ridge_slope_single_a10,0.75,ridge_slope_single_a10__w0.75,759501,158,150807735.63561308,14.091188823780156,10.20587671878152,21.333936868985067,25.614702459067207,44.70236861905858,0.2584770287377078,0.40805731858143446
repeated:v4:4,repeated,v4,4,ridge_slope_single_a10,1.0,ridge_slope_single_a10__w1.00,759501,158,161373647.0256255,14.576462243980743,10.38296565931467,21.57425519040307,28.009264066189864,46.12833214062166,0.2744261043640879,0.42441832992757644
repeated:v4:4,repeated,v4,4,ridge_local_long_a1,0.25,ridge_local_long_a1__w0.25,759501,158,134344461.15971473,13.29981830396304,10.560267622192956,20.333199827100852,23.851139232110857,40.5648782284397,0.23262844913500083,0.3828518675728198
repeated:v4:4,repeated,v4,4,ridge_local_long_a1,0.5,ridge_local_long_a1__w0.50,759501,158,138738620.28780445,13.515574495355361,10.4015131658512,20.41225039972728,24.378546623236755,40.656269506520836,0.22825246348358932,0.37646274086737974
repeated:v4:4,repeated,v4,4,ridge_local_long_a1,0.75,ridge_local_long_a1__w0.75,759501,158,145204205.598966,13.826919123555317,10.590883308867935,20.396918596736768,25.18586217660108,40.766982656738215,0.22836179415616387,0.37590413343849716
repeated:v4:4,repeated,v4,4,ridge_local_long_a1,1.0,ridge_local_long_a1__w1.00,759501,158,153741217.09319943,14.227578235523733,10.9303051193117,21.120066753056133,24.931753111104328,40.89686075888899,0.23394207299716735,0.37850637105510215
repeated:v4:4,repeated,v4,4,ridge_local_long_a10,0.25,ridge_local_long_a10__w0.25,759501,158,135671390.87820143,13.36533853623566,10.451660626095578,20.912350634678283,24.107724616081697,41.79842505350877,0.2415271126486053,0.3956934143979509
repeated:v4:4,repeated,v4,4,ridge_local_long_a10,0.5,ridge_local_long_a10__w0.50,759501,158,141631248.42132914,13.655744001301366,10.400930746017856,20.755068818127803,24.590746520834706,43.11829839263448,0.2518156023684162,0.39708698129272824
repeated:v4:4,repeated,v4,4,ridge_local_long_a10,0.75,ridge_local_long_a10__w0.75,759501,158,149901300.84408,14.048777224684233,10.249254729268769,20.756628734535923,26.323347856724887,44.4512780401877,0.2602373246494269,0.40743836704735387
repeated:v4:4,repeated,v4,4,ridge_local_long_a10,1.0,ridge_local_long_a10__w1.00,759501,158,160481548.146454,14.53611591957668,10.439219215235287,21.057448093126286,27.65199262633583,45.79621956388121,0.2722386963739032,0.4195643139307685
repeated:v4:4,repeated,v4,4,ridge_all_views_a1,0.25,ridge_all_views_a1__w0.25,759501,158,134885700.29608536,13.32658214138783,10.099549326596414,21.027383135226895,23.80675294255676,41.264998389024754,0.23291576984471557,0.3874650563171536
repeated:v4:4,repeated,v4,4,ridge_all_views_a1,0.5,ridge_all_views_a1__w0.50,759501,158,140310584.63918045,13.591927274276488,10.30540889660011,20.527246972723724,24.417182534838766,42.063029403092145,0.23366715400105031,0.3847570993302848
repeated:v4:4,repeated,v4,4,ridge_all_views_a1,0.75,ridge_all_views_a1__w0.75,759501,158,148296381.24398208,13.973368160909583,10.275175535431783,21.007731560065213,25.385122287169345,42.885582810499194,0.23828623794895068,0.3900755950200912
repeated:v4:4,repeated,v4,4,ridge_all_views_a1,1.0,ridge_all_views_a1__w1.00,759501,158,158843090.11049026,14.461721327852326,10.494871462822589,21.719221184094714,25.488501779615977,43.73127488810022,0.24793305021938203,0.3974473864773756
repeated:v4:4,repeated,v4,4,ridge_all_views_a10,0.25,ridge_all_views_a10__w0.25,759501,158,136076267.05107185,13.385266377808568,10.259674008199186,20.991127321751275,24.19201671368804,42.170123625513156,0.24219280052373846,0.39694474568418026
repeated:v4:4,repeated,v4,4,ridge_all_views_a10,0.5,ridge_all_views_a10__w0.50,759501,158,142855450.17150143,13.714634312020564,10.049467669001672,20.87863017247665,25.282788773455195,43.86655017953528,0.25369149551430753,0.4003613649239419
repeated:v4:4,repeated,v4,4,ridge_all_views_a10,0.75,ridge_all_views_a10__w0.75,759501,158,152359277.5759856,14.163489905697942,10.010452320423745,20.809132858091623,26.031766123550874,45.58007081638334,0.26270342757506415,0.4122480189376397
repeated:v4:4,repeated,v4,4,ridge_all_views_a10,1.0,ridge_all_views_a10__w1.00,759501,158,164587749.26452434,14.720907308789076,10.378487061104924,21.4933344535455,27.7209952834413,47.30882813502743,0.27531546677102736,0.4266270333699487
repeated:v4:4,repeated,v4,4,ridge_all_views_a100,0.25,ridge_all_views_a100__w0.25,759501,158,138276231.33336574,13.493033302083573,10.338083750330988,21.323214938405375,24.73837432393546,43.11699115079295,0.2548079798132695,0.4090217118379643
repeated:v4:4,repeated,v4,4,ridge_all_views_a100,0.5,ridge_all_views_a100__w0.50,759501,158,148494821.62842116,13.982714152785467,10.24308386244244,21.29549303295935,26.471110039218487,45.76018473678604,0.28008344024958515,0.4260452208773742
repeated:v4:4,repeated,v4,4,ridge_all_views_a100,0.75,ridge_all_views_a100__w0.75,759501,158,162677499.09986302,14.635230560132682,10.438966662323834,21.564813672008988,28.224513747115765,48.41938563406535,0.2993255495168803,0.44640057786642384
repeated:v4:4,repeated,v4,4,ridge_all_views_a100,1.0,ridge_all_views_a100__w1.00,759501,158,180824263.7476914,15.429937883878214,10.63376452277383,23.231239868831825,30.0566571802113,51.092094496156655,0.3157728243036268,0.46993588339765524
repeated:v4:4,repeated,v4,4,ridge_all_views_no_indicator_a1,0.25,ridge_all_views_no_indicator_a1__w0.25,759501,158,134802934.19840908,13.322492907140868,10.14939518521389,21.00835176296193,23.79197249196239,41.33420341883394,0.23348783131534678,0.3879495430644677
repeated:v4:4,repeated,v4,4,ridge_all_views_no_indicator_a1,0.5,ridge_all_views_no_indicator_a1__w0.50,759501,158,140129933.2000164,13.583174577258932,10.344283845877605,20.496675862541906,24.449787258928676,42.202751996439446,0.23482800428000775,0.3856863493560419
repeated:v4:4,repeated,v4,4,ridge_all_views_no_indicator_a1,0.75,ridge_all_views_no_indicator_a1__w0.75,759501,158,148002725.2195188,13.959526295421114,10.312435852416842,20.88173539072916,25.240486184619943,43.096935770991195,0.23968405505277596,0.39088797857367025
repeated:v4:4,repeated,v4,4,ridge_all_views_no_indicator_a1,1.0,ridge_all_views_no_indicator_a1__w1.00,759501,158,158421310.2569163,14.442508288022523,10.379701839224452,21.629424856530676,25.29342067176329,44.015192406684356,0.24968423972873147,0.3978771738073946
repeated:v4:4,repeated,v4,4,ridge_all_views_original_boost4_a1,0.25,ridge_all_views_original_boost4_a1__w0.25,759501,158,134887985.01352382,13.326695004892326,10.21701356897552,21.24700023033689,23.83311242224626,41.10209970216448,0.23240371892593897,0.387554524749204
repeated:v4:4,repeated,v4,4,ridge_all_views_original_boost4_a1,0.5,ridge_all_views_original_boost4_a1__w0.50,759501,158,140132706.5347677,13.583308990024438,10.270876190383795,20.784421929594114,24.49569463489768,41.73415114289339,0.23192435482892299,0.3858278212239988
repeated:v4:4,repeated,v4,4,ridge_all_views_original_boost4_a1,0.75,ridge_all_views_original_boost4_a1__w0.75,759501,158,147755892.7784284,13.94788089572389,10.237639069076273,20.735366871850523,25.550005389698647,42.388069978618375,0.23869292023339952,0.39145197749038324
repeated:v4:4,repeated,v4,4,ridge_all_views_original_boost4_a1,1.0,ridge_all_views_original_boost4_a1__w1.00,759501,158,157757543.74450597,14.412220330049228,10.593957729644705,22.125061073826075,25.69851425608337,43.0628600375057,0.2503753464925816,0.3988969197366121
repeated:v4:4,repeated,v4,4,ridge_all_views_original_boost4_a10,0.25,ridge_all_views_original_boost4_a10__w0.25,759501,158,136088311.1619689,13.38585872968975,10.298121845172595,21.0799731323493,24.130880557564108,42.053008793415266,0.24190316888519853,0.39710452185431444
repeated:v4:4,repeated,v4,4,ridge_all_views_original_boost4_a10,0.5,ridge_all_views_original_boost4_a10__w0.50,759501,158,142689374.432516,13.706660061185508,10.071066748232843,21.062881009774742,25.39563493586953,43.62997829626871,0.252796492322596,0.4006756744160534
repeated:v4:4,repeated,v4,4,ridge_all_views_original_boost4_a10,0.75,ridge_all_views_original_boost4_a10__w0.75,759501,158,151824918.02633825,14.138630757297175,10.113924765027482,21.24368325929265,26.34696043748837,45.22208016113479,0.26177192195035703,0.41273433907019935
repeated:v4:4,repeated,v4,4,ridge_all_views_original_boost4_a10,1.0,ridge_all_views_original_boost4_a10__w1.00,759501,158,163494941.94343558,14.671954979009664,10.40876109855716,21.442702926923868,27.920441947821296,46.82777095357761,0.27601727948277277,0.42548776310431624
repeated:v4:4,repeated,v4,4,ridge_per_view_ensemble_a1,0.25,ridge_per_view_ensemble_a1__w0.25,759501,158,133044180.58805208,13.235299292173057,10.381296726812359,20.11788515964515,23.80350124838915,40.36605627107062,0.23047263267550305,0.3811441270882209
repeated:v4:4,repeated,v4,4,ridge_per_view_ensemble_a1,0.5,ridge_per_view_ensemble_a1__w0.50,759501,158,135301794.09383205,13.34712115469435,10.210010417242017,19.934950070763996,23.552758099406542,40.245715834760006,0.2248229866166934,0.37330235242868093
repeated:v4:4,repeated,v4,4,ridge_per_view_ensemble_a1,0.75,ridge_per_view_ensemble_a1__w0.75,759501,158,138794568.7320367,13.518299400450045,10.322055871921926,20.540830815731567,23.448337793348262,40.13197719970554,0.22171657605026443,0.37081308430436954
repeated:v4:4,repeated,v4,4,ridge_per_view_ensemble_a1,1.0,ridge_per_view_ensemble_a1__w1.00,759501,158,143522504.5026661,13.746616821594777,10.436813356898751,20.757106705311443,23.545290150019017,40.0248966469064,0.22445913991123762,0.3706635595879642
repeated:v4:4,repeated,v4,4,extra_trees_all_views,0.25,extra_trees_all_views__w0.25,759501,158,140938608.84085155,13.622311756156792,10.40209304930935,20.73238508574877,25.357528850145478,43.318375448354686,0.25920759057438025,0.4150771747091245
repeated:v4:4,repeated,v4,4,extra_trees_all_views,0.5,extra_trees_all_views__w0.50,759501,158,156234822.0800656,14.342496202926654,10.206275656403292,21.091394836727247,26.47531670670521,46.17445583726307,0.28636192093419177,0.43581937611716554
repeated:v4:4,repeated,v4,4,extra_trees_all_views,0.75,extra_trees_all_views__w0.75,759501,158,177910367.932339,15.30510995168749,10.332222465794064,24.311117992201805,28.38482163295612,49.055828630111506,0.3061838565205233,0.46308104954593204
repeated:v4:4,repeated,v4,4,extra_trees_all_views,1.0,extra_trees_all_views__w1.00,759501,158,205965246.39767173,16.46769435861503,10.634345631583749,26.249136044612694,31.04646087916836,51.95828618847187,0.32406618457575403,0.4861943060496647
repeated:v4:4,repeated,v4,4,hist_gradient_all_views,0.25,hist_gradient_all_views__w0.25,759501,158,138102945.40169272,13.484576006787202,10.516825488305816,20.387304035731642,25.093491051207398,43.11612293537151,0.25986224635888944,0.414457139617532
repeated:v4:4,repeated,v4,4,hist_gradient_all_views,0.5,hist_gradient_all_views__w0.50,759501,158,150103172.39426062,14.058233761214673,10.216580400483572,21.41398250327774,26.241521914246693,45.79749088247887,0.290634378854368,0.43151900892332407
repeated:v4:4,repeated,v4,4,hist_gradient_all_views,0.75,hist_gradient_all_views__w0.75,759501,158,168022409.19240052,14.87371408198149,10.744133531630673,23.113820883872474,26.605953800276374,48.52739951714541,0.3158797726522501,0.4519394260543958
repeated:v4:4,repeated,v4,4,hist_gradient_all_views,1.0,hist_gradient_all_views__w1.00,759501,158,191860655.79611242,15.893838189863274,11.144214199606749,25.21874569832096,30.11653870244779,51.298099918766965,0.332948316842725,0.47043311216116857
repeated:v4:4,repeated,v4,4,knn25_all_views,0.25,knn25_all_views__w0.25,759501,158,141723830.82273751,13.66020655827017,10.300289492848218,20.974535053692897,24.84350453438129,44.944646682395586,0.2615512883965935,0.41722449448782556
repeated:v4:4,repeated,v4,4,knn25_all_views,0.5,knn25_all_views__w0.50,759501,158,160064645.61705616,14.517222518812144,10.427252054443276,21.969226972842517,26.837797043161544,49.45601869800403,0.29111457993610634,0.4359560764162535
repeated:v4:4,repeated,v4,4,knn25_all_views,0.75,knn25_all_views__w0.75,759501,158,187044172.5976528,15.693070149732547,10.938905587057864,23.768766298229547,28.045388571804004,54.01210717602584,0.31143411554915784,0.46006180905410404
repeated:v4:4,repeated,v4,4,knn25_all_views,1.0,knn25_all_views__w1.00,759501,158,222662411.7645274,17.12218871539992,11.990830822493106,25.561735670162214,31.093596813800577,58.6024835123641,0.3295375283093978,0.4759333253349642
repeated:v5:0,repeated,v5,0,ridge_original_a1,0.25,ridge_original_a1__w0.25,757854,153,119035339.46871907,12.532715580078793,8.705251049934356,17.289693465764334,24.285242875572337,44.52631645462597,0.3379798030893003,0.48555637995490303
repeated:v5:0,repeated,v5,0,ridge_original_a1,0.5,ridge_original_a1__w0.50,757854,153,117254412.34778577,12.438609211044694,8.848957510105464,17.135122543183314,23.974909198723,44.30290541841696,0.3288322730100037,0.4723659528135558
repeated:v5:0,repeated,v5,0,ridge_original_a1,0.75,ridge_original_a1__w0.75,757854,153,116565350.98785546,12.402006775150962,8.852204554238666,17.212493466235475,23.53395540574251,44.08043301405538,0.32319928061153597,0.4638080833320918
repeated:v5:0,repeated,v5,0,ridge_original_a1,1.0,ridge_original_a1__w1.00,757854,153,116968155.38892815,12.423416544918837,8.975703313114872,17.436503038206734,22.921562117666525,43.85891352504948,0.3167386454348502,0.4543338211915092
repeated:v5:0,repeated,v5,0,ridge_original_a10,0.25,ridge_original_a10__w0.25,757854,153,123922963.66509278,12.787425661688381,8.612694204936398,18.051523338918305,23.78713549589562,45.63877634468535,0.3499367586872756,0.5050399860792655
repeated:v5:0,repeated,v5,0,ridge_original_a10,0.5,ridge_original_a10__w0.50,757854,153,126932722.30366533,12.941780319259175,8.71288360669658,18.261153564159194,24.213666756293197,46.528808559801746,0.35109403711306597,0.5109573232458361
repeated:v5:0,repeated,v5,0,ridge_original_a10,0.75,ridge_original_a10__w0.75,757854,153,130937408.266373,13.144349451583924,8.967205144330332,18.656183698255603,25.127445781811666,47.42064128080638,0.3500494159900229,0.5153671775930491
repeated:v5:0,repeated,v5,0,ridge_original_a10,1.0,ridge_original_a10__w1.00,757854,153,135937021.5532158,13.392945496543245,9.103098820601398,19.069110592978326,25.75025644531353,48.31417480103458,0.3486709677445268,0.5190545283947312
repeated:v5:0,repeated,v5,0,ridge_original_a100,0.25,ridge_original_a100__w0.25,757854,153,129394294.87864155,13.066666012226152,8.657896282729762,17.993086989296724,24.542585488493238,46.655009499485935,0.36050698522093194,0.5255727309696826
repeated:v5:0,repeated,v5,0,ridge_original_a100,0.5,ridge_original_a100__w0.50,757854,153,140390545.0977289,13.610565081357725,8.841080300807874,18.158637286782163,29.076288507809217,48.563026061816416,0.3796215231616883,0.5483561941445648
repeated:v5:0,repeated,v5,0,ridge_original_a100,0.75,ridge_original_a100__w0.75,757854,153,154896883.0079175,14.296461717694566,9.212305105186683,19.086055316774026,31.046959826170536,50.75324077349711,0.3944734957160124,0.5634696316812647
repeated:v5:0,repeated,v5,0,ridge_original_a100,1.0,ridge_original_a100__w1.00,757854,153,172913308.60920727,15.105024598125029,9.675358343164032,21.124139140286708,31.97613161760195,56.56666341917194,0.41090303105386405,0.5733819681943145
repeated:v5:0,repeated,v5,0,ridge_backtest_single_a1,0.25,ridge_backtest_single_a1__w0.25,757854,153,123249799.5959397,12.75264696910047,8.248742801027124,17.64855216670255,24.01101502476838,45.13942182842039,0.35504806629972596,0.5116605606550028
repeated:v5:0,repeated,v5,0,ridge_backtest_single_a1,0.5,ridge_backtest_single_a1__w0.50,757854,153,126738642.15318939,12.931882542410854,8.587616615493452,17.805196048198912,24.57703096651984,45.528956519786874,0.3584639090302506,0.5274817400782948
repeated:v5:0,repeated,v5,0,ridge_backtest_single_a1,0.75,ridge_backtest_single_a1__w0.75,757854,153,132374660.02240443,13.216292910104992,8.802937647191662,18.249718768095622,27.22294016571685,45.919236672109626,0.3637813576710471,0.5379895107631815
repeated:v5:0,repeated,v5,0,ridge_backtest_single_a1,1.0,ridge_backtest_single_a1__w1.00,757854,153,140157853.20358482,13.599280911263287,8.971941608057822,19.27403091506407,29.349139767918,46.310243438248065,0.3662652168944298,0.544560141188441
repeated:v5:0,repeated,v5,0,ridge_backtest_single_a10,0.25,ridge_backtest_single_a10__w0.25,757854,153,125860513.06080882,12.887004355469088,8.441043516546253,17.697255465364165,23.915149921100895,45.64221224547237,0.3573196964816901,0.517905686725044
repeated:v5:0,repeated,v5,0,ridge_backtest_single_a10,0.5,ridge_backtest_single_a10__w0.50,757854,153,132432899.29383466,13.219199896339711,8.73324926459627,18.00957789863941,26.410273097970205,46.53521152068009,0.36722515997930166,0.5357885967648378
repeated:v5:0,repeated,v5,0,ridge_backtest_single_a10,0.75,ridge_backtest_single_a10__w0.75,757854,153,141625291.0497329,13.67028705234852,9.053315530988618,18.471110258430844,29.718640420880046,47.42956860504401,0.37717890791445063,0.549582776039764
repeated:v5:0,repeated,v5,0,ridge_backtest_single_a10,1.0,ridge_backtest_single_a10__w1.00,757854,153,153437688.32850352,14.228962992450946,9.347146547799676,19.56169136124398,31.26714071028465,50.36414560593316,0.38411833615692614,0.5591192620138647
repeated:v5:0,repeated,v5,0,ridge_backtest_cumulative_a1,0.25,ridge_backtest_cumulative_a1__w0.25,757854,153,121820057.88219987,12.678463572309997,8.492885401614634,18.271840359940835,23.608226181296217,45.22870789673394,0.34587956360157157,0.499403700205518
repeated:v5:0,repeated,v5,0,ridge_backtest_cumulative_a1,0.5,ridge_backtest_cumulative_a1__w0.50,757854,153,122928336.18183888,12.73600521369336,8.614502375438704,18.614549625341134,23.456745321780495,45.70790358407045,0.34227053627751547,0.5000783209657886
repeated:v5:0,repeated,v5,0,ridge_backtest_cumulative_a1,0.75,ridge_backtest_cumulative_a1__w0.75,757854,153,125232967.24957241,12.854836635118339,8.939331924744373,19.434028223657272,24.66075732865777,46.18820364927937,0.3358000408314242,0.5008183494579119
repeated:v5:0,repeated,v5,0,ridge_backtest_cumulative_a1,1.0,ridge_backtest_cumulative_a1__w1.00,757854,153,128733951.08540048,13.033281508947006,8.986722974705469,20.099285460349794,26.159901072489436,46.66957399524827,0.3268021528513698,0.49996938869368296
repeated:v5:0,repeated,v5,0,ridge_backtest_cumulative_a10,0.25,ridge_backtest_cumulative_a10__w0.25,757854,153,125015694.84214556,12.84368057197206,8.571569715510293,18.05478466655741,23.51799255345577,45.80040926693705,0.3522202828022734,0.5094394386154973
repeated:v5:0,repeated,v5,0,ridge_backtest_cumulative_a10,0.5,ridge_backtest_cumulative_a10__w0.50,757854,153,129766350.5275735,13.085438235753902,8.889807225619775,18.4315362593959,24.784753569513914,46.8521340584384,0.3541910334814209,0.5203047872092976
repeated:v5:0,repeated,v5,0,ridge_backtest_cumulative_a10,0.75,ridge_backtest_cumulative_a10__w0.75,757854,153,136160099.40693918,13.403930159834266,9.182052805146968,18.91344066577469,27.32084982602892,47.90569684966877,0.3574789717724227,0.5306346849338672
repeated:v5:0,repeated,v5,0,ridge_backtest_cumulative_a10,1.0,ridge_backtest_cumulative_a10__w1.00,757854,153,144196941.4802426,13.79384211736549,9.509699396766536,20.00447501842925,29.36599343741815,48.96097898823486,0.3596490714873149,0.5373473118240485
repeated:v5:0,repeated,v5,0,ridge_slope_single_a1,0.25,ridge_slope_single_a1__w0.25,757854,153,121104695.324193,12.641182961460798,8.376739867154688,17.901305864889707,24.399710839775853,45.09122124294119,0.34701234000254294,0.4983852991890404
repeated:v5:0,repeated,v5,0,ridge_slope_single_a1,0.5,ridge_slope_single_a1__w0.50,757854,153,121371224.6384456,12.655085783644891,8.551109976328823,17.543330534921726,24.740514984921496,45.43274768032673,0.3459933139754468,0.4988824586053304
repeated:v5:0,repeated,v5,0,ridge_slope_single_a1,0.75,ridge_slope_single_a1__w0.75,757854,153,122707720.29341318,12.724571613533184,8.300237263296255,17.257817838036473,24.801696795044666,45.77520995072115,0.3449748922672835,0.49978515827180003
repeated:v5:0,repeated,v5,0,ridge_slope_single_a1,1.0,ridge_slope_single_a1__w1.00,757854,153,125114182.28909573,12.848738705985788,8.574279389855175,17.729154599924282,24.86689218908301,46.11858720651545,0.3416889878200911,0.4981933864374941
repeated:v5:0,repeated,v5,0,ridge_slope_single_a10,0.25,ridge_slope_single_a10__w0.25,757854,153,125032092.98786767,12.844522888770376,8.58757138420108,17.82407880153051,23.93064549911128,45.78139300469956,0.35274886577118897,0.5114689463874994
repeated:v5:0,repeated,v5,0,ridge_slope_single_a10,0.5,ridge_slope_single_a10__w0.50,757854,153,129700168.85267158,13.082100981287025,8.610483782413256,17.761164041367817,25.704717225292125,46.81393529770372,0.35588612724508123,0.5242644852340297
repeated:v5:0,repeated,v5,0,ridge_slope_single_a10,0.75,ridge_slope_single_a10__w0.75,757854,153,135912359.94506714,13.391730571603377,8.824172803555836,17.880279858789915,27.33705923421412,47.848162326676885,0.359872214024,0.5346726632717257
repeated:v5:0,repeated,v5,0,ridge_slope_single_a10,1.0,ridge_slope_single_a10__w1.00,757854,153,143668666.26505432,13.768551597521894,9.035548394261104,19.047452709342156,28.820872280597964,48.883967161003255,0.3641253520072965,0.5425237535694132
repeated:v5:0,repeated,v5,0,ridge_local_long_a1,0.25,ridge_local_long_a1__w0.25,757854,153,122936194.32219541,12.736412278981547,8.424079685071758,17.885213093783516,24.06162180050338,45.15784812662466,0.35104999878777005,0.501803692365623
repeated:v5:0,repeated,v5,0,ridge_local_long_a1,0.5,ridge_local_long_a1__w0.50,757854,153,125412564.80561507,12.864050942487173,8.549793237112995,17.757582652660123,24.724763961970282,45.565722332871594,0.35190807102970195,0.5083891283389551
repeated:v5:0,repeated,v5,0,ridge_local_long_a1,0.75,ridge_local_long_a1__w0.75,757854,153,129337243.80091436,13.063785090900017,8.709956376842575,18.242963609810857,26.605685883362483,45.97425663441092,0.3506775722335051,0.5124923948467213
repeated:v5:0,repeated,v5,0,ridge_local_long_a1,1.0,ridge_local_long_a1__w1.00,757854,153,134710231.3080933,13.332374900637214,8.942763184860455,18.598143827872978,26.65228403920524,46.38343358935675,0.3468608095596966,0.5127241181306542
repeated:v5:0,repeated,v5,0,ridge_local_long_a10,0.25,ridge_local_long_a10__w0.25,757854,153,125692042.25816423,12.87837650655795,8.521392744387464,17.870571725770922,23.984851104305985,45.697598435881396,0.35395378369874164,0.5108171727492582
repeated:v5:0,repeated,v5,0,ridge_local_long_a10,0.5,ridge_local_long_a10__w0.50,757854,153,131408924.06582294,13.167995096033795,8.857813101541204,18.079935913906258,25.457687786051174,46.645687424642105,0.3569223886726555,0.5232586892481914
repeated:v5:0,repeated,v5,0,ridge_local_long_a10,0.75,ridge_local_long_a10__w0.75,757854,153,139058777.7736315,13.545855247366287,9.096527902906795,18.77209267322178,27.830616710122612,47.594850748274695,0.3612316878040127,0.5316915349590549
repeated:v5:0,repeated,v5,0,ridge_local_long_a10,1.0,ridge_local_long_a10__w1.00,757854,153,148641603.38158998,14.004816316002001,9.37350331790511,18.784190584287103,29.481634008873637,48.545025389904374,0.3621993212235379,0.5361417955625267
repeated:v5:0,repeated,v5,0,ridge_all_views_a1,0.25,ridge_all_views_a1__w0.25,757854,153,123696451.59179442,12.775733595037202,8.293552045857684,17.6191820704989,24.35196797740716,45.295425887790586,0.35248553173121705,0.5108279241317124
repeated:v5:0,repeated,v5,0,ridge_all_views_a1,0.5,ridge_all_views_a1__w0.50,757854,153,127731897.96076842,12.982457486684067,8.65547101004332,17.47761885193116,25.26414376579297,45.84076720766253,0.35621446303696214,0.5249291127702093
repeated:v5:0,repeated,v5,0,ridge_all_views_a1,0.75,ridge_all_views_a1__w0.75,757854,153,134014471.45757739,13.297900385988491,9.025525874241854,18.014712246229767,27.088880280063393,46.38665600915684,0.35989179367294255,0.534998931430469
repeated:v5:0,repeated,v5,0,ridge_all_views_a1,1.0,ridge_all_views_a1__w1.00,757854,153,142544172.08222136,13.714562542702675,9.28814573345363,18.441005893158536,28.037129969880453,46.93307318864325,0.35872928716045005,0.5409978788043233
repeated:v5:0,repeated,v5,0,ridge_all_views_a10,0.25,ridge_all_views_a10__w0.25,757854,153,125939022.27170384,12.891023053591047,8.468548560230834,17.673129736020858,24.088554904189,45.71035179205786,0.35473357078036377,0.516371586775305
repeated:v5:0,repeated,v5,0,ridge_all_views_a10,0.5,ridge_all_views_a10__w0.50,757854,153,132480037.8149504,13.221552325746153,8.55218039722028,17.73435240983893,26.10132240217653,46.671132852312574,0.3631564359379916,0.5321228992181657
repeated:v5:0,repeated,v5,0,ridge_all_views_a10,0.75,ridge_all_views_a10__w0.75,757854,153,141531178.9803951,13.665744245073698,9.07032864020497,18.544490589383418,29.513209731676753,47.6329298124006,0.3690282886434737,0.5442024363199112
repeated:v5:0,repeated,v5,0,ridge_all_views_a10,1.0,ridge_all_views_a10__w1.00,757854,153,153092445.76803792,14.21294603437936,9.468914888007895,19.58985368266883,29.91472029681902,48.595682352841806,0.3726268314511889,0.5522497845790234
repeated:v5:0,repeated,v5,0,ridge_all_views_a100,0.25,ridge_all_views_a100__w0.25,757854,153,129514323.13018683,13.072725033351759,8.604750697069008,17.930697796988703,24.81631149995713,46.474879776271486,0.36025040169099337,0.5264832408292107
repeated:v5:0,repeated,v5,0,ridge_all_views_a100,0.5,ridge_all_views_a100__w0.50,757854,153,140862239.39725727,13.63341078788747,8.757769285690362,18.164299815909125,29.40526616948593,48.201830674619686,0.37967625396749943,0.5493378296168061
repeated:v5:0,repeated,v5,0,ridge_all_views_a100,0.75,ridge_all_views_a100__w0.75,757854,153,155951881.15186676,14.345065489919383,9.277208953334808,19.284455296693537,31.114416777764202,51.36772277837638,0.39374110187721517,0.5640009546721622
repeated:v5:0,repeated,v5,0,ridge_all_views_a100,1.0,ridge_all_views_a100__w1.00,757854,153,174783248.39401525,15.186480250340777,9.831913098164682,21.563104606024872,32.020783839732644,57.38677376796704,0.40846253071443434,0.5731344338619688
repeated:v5:0,repeated,v5,0,ridge_all_views_no_indicator_a1,0.25,ridge_all_views_no_indicator_a1__w0.25,757854,153,123604820.18344752,12.771000737601607,8.320709652195543,17.62686501562715,24.377993048616464,45.2298863303767,0.35260884266233855,0.510737583504548
repeated:v5:0,repeated,v5,0,ridge_all_views_no_indicator_a1,0.5,ridge_all_views_no_indicator_a1__w0.50,757854,153,127530316.01422897,12.972209214976042,8.632939329195105,17.534978233613966,25.243431851614094,45.70973528456555,0.3563667423759177,0.524792250197049
repeated:v5:0,repeated,v5,0,ridge_all_views_no_indicator_a1,0.75,ridge_all_views_no_indicator_a1__w0.75,757854,153,133684619.84299973,13.281525153420732,8.921649861898041,17.90920892108177,27.06653773438729,46.19017977014475,0.3601394640310345,0.534914678094344
repeated:v5:0,repeated,v5,0,ridge_all_views_no_indicator_a1,1.0,ridge_all_views_no_indicator_a1__w1.00,757854,153,142067731.66975978,13.69162354475668,9.31871057734376,18.42642316055388,28.016532028577625,46.67120139549117,0.35906304123277816,0.5409452900602428
repeated:v5:0,repeated,v5,0,ridge_all_views_original_boost4_a1,0.25,ridge_all_views_original_boost4_a1__w0.25,757854,153,123590470.3885592,12.770259396932088,8.306702238661524,17.594906693492145,24.319706178099995,45.29359373281117,0.3520560123081526,0.5102410108482791
repeated:v5:0,repeated,v5,0,ridge_all_views_original_boost4_a1,0.5,ridge_all_views_original_boost4_a1__w0.50,757854,153,127194865.17312507,12.955137180938362,8.679123888974578,17.44606912226224,25.18101576529908,45.837168509162005,0.35572555732005806,0.5247644071331333
repeated:v5:0,repeated,v5,0,ridge_all_views_original_boost4_a1,0.75,ridge_all_views_original_boost4_a1__w0.75,757854,153,132721316.704353,13.233586705994698,8.869917538562564,17.948415277575894,26.86579739498586,46.381354134313476,0.3604267781402905,0.535257413735575
repeated:v5:0,repeated,v5,0,ridge_all_views_original_boost4_a1,1.0,ridge_all_views_original_boost4_a1__w1.00,757854,153,140169824.98224297,13.599861699641526,9.009789761773797,18.332165979050046,28.156464984046497,46.926129356881816,0.36091953236081764,0.5422502411935831
repeated:v5:0,repeated,v5,0,ridge_all_views_original_boost4_a10,0.25,ridge_all_views_original_boost4_a10__w0.25,757854,153,125928019.73559767,12.89045993565522,8.43754490128975,17.67950647467707,24.065911726071015,45.75811047013116,0.3546713455529035,0.5161656678994255
repeated:v5:0,repeated,v5,0,ridge_all_views_original_boost4_a10,0.5,ridge_all_views_original_boost4_a10__w0.50,757854,153,132197931.32208866,13.207467662257903,8.587820585580424,17.72129293259758,26.18688317211608,46.76685868461694,0.3629252205003241,0.5325467339883452
repeated:v5:0,repeated,v5,0,ridge_all_views_original_boost4_a10,0.75,ridge_all_views_original_boost4_a10__w0.75,757854,153,140717867.11012834,13.626422430691388,8.987337137374645,18.23038480238737,29.56107740166769,47.776815010108464,0.3695327888947423,0.5460682470263623
repeated:v5:0,repeated,v5,0,ridge_all_views_original_boost4_a10,1.0,ridge_all_views_original_boost4_a10__w1.00,757854,153,151487827.09971672,14.138264249295805,9.270628732658457,19.53734836744741,29.91237580587559,48.787904419500414,0.37421127924253456,0.554241943018899
repeated:v5:0,repeated,v5,0,ridge_per_view_ensemble_a1,0.25,ridge_per_view_ensemble_a1__w0.25,757854,153,120868291.2282887,12.628838736298338,8.521037115901304,17.84060525666825,23.753310676608276,45.03428426656174,0.34587641443335737,0.498294908966143
repeated:v5:0,repeated,v5,0,ridge_per_view_ensemble_a1,0.5,ridge_per_view_ensemble_a1__w0.50,757854,153,120634183.90442668,12.616602538549733,8.572393159849675,17.58325258660242,23.69683010346741,45.31889799173613,0.3432294747642898,0.4975774251484437
repeated:v5:0,repeated,v5,0,ridge_per_view_ensemble_a1,0.75,ridge_per_view_ensemble_a1__w0.75,757854,153,121205810.3790693,12.646459169823475,8.597427481360683,17.798745415409968,23.750861941074024,45.60447486345166,0.3385890365366889,0.49793395887907277
repeated:v5:0,repeated,v5,0,ridge_per_view_ensemble_a1,1.0,ridge_per_view_ensemble_a1__w1.00,757854,153,122583170.65221658,12.718112186258129,8.589907120806462,17.917514385332208,24.167414441813325,45.8909969009055,0.33313609616410605,0.49656859421827176
repeated:v5:0,repeated,v5,0,extra_trees_all_views,0.25,extra_trees_all_views__w0.25,757854,153,131317261.76556048,13.163401727337476,8.7031400118567,18.723167529922673,25.24888683443431,47.020002185113576,0.38199900677849935,0.5399619925225609
repeated:v5:0,repeated,v5,0,extra_trees_all_views,0.5,extra_trees_all_views__w0.50,757854,153,146756516.6885045,13.91572776331413,9.345500357728385,19.83856825752236,30.066817546822925,49.29401451025642,0.42151104915522636,0.5725359018896652
repeated:v5:0,repeated,v5,0,extra_trees_all_views,0.75,extra_trees_all_views__w0.75,757854,153,168225897.11948735,14.898881052323462,9.535250166280166,19.381769114945808,32.884389102200586,57.00627083516435,0.44987175095519205,0.5947442715658149
repeated:v5:0,repeated,v5,0,extra_trees_all_views,1.0,extra_trees_all_views__w1.00,757854,153,195725403.0585091,16.070553111859763,10.137025989474798,21.147563668186333,34.538021491093446,64.91090422428348,0.472070728342557,0.6077815154042484
repeated:v5:0,repeated,v5,0,hist_gradient_all_views,0.25,hist_gradient_all_views__w0.25,757854,153,128433744.48139991,13.0180758817802,8.719129428898958,18.743200890386664,24.81119813794756,44.60465217951972,0.36678157927460914,0.527846780513468
repeated:v5:0,repeated,v5,0,hist_gradient_all_views,0.5,hist_gradient_all_views__w0.50,757854,153,140109665.28158295,13.596942913750778,9.03963880006998,19.64319391602742,28.69918809224519,45.99138169841466,0.39607665351960414,0.5519031689984242
repeated:v5:0,repeated,v5,0,hist_gradient_all_views,0.75,hist_gradient_all_views__w0.75,757854,153,156935894.75120446,14.390251039405543,9.367307917860145,19.949465157555924,30.89953598835863,52.31611179048195,0.41560627110620774,0.5653727526760268
repeated:v5:0,repeated,v5,0,hist_gradient_all_views,1.0,hist_gradient_all_views__w1.00,757854,153,178912432.89026445,15.364820363275703,10.052156392357222,20.131051311227,31.872449543311657,58.6573746913673,0.4263226176029484,0.5774033970324913
repeated:v5:0,repeated,v5,0,knn25_all_views,0.25,knn25_all_views__w0.25,757854,153,132035237.4462096,13.199338050827473,8.465797461802122,17.891976606680924,26.27463307527298,47.66085963538339,0.3746774053306508,0.5354205756236702
repeated:v5:0,repeated,v5,0,knn25_all_views,0.5,knn25_all_views__w0.50,757854,153,150688777.54795745,14.100927551734317,9.171757467831993,18.753490358449135,28.464573563883295,50.59410755340574,0.4052224059431817,0.5581734610595693
repeated:v5:0,repeated,v5,0,knn25_all_views,0.75,knn25_all_views__w0.75,757854,153,177868752.655899,15.319939708980446,9.545383851018984,19.196989481432425,28.963405165782163,56.71362762994028,0.4250818048059521,0.57050095397357
repeated:v5:0,repeated,v5,0,knn25_all_views,1.0,knn25_all_views__w1.00,757854,153,213575162.77003416,16.787367559645247,10.74354603824246,22.596593222672507,30.42667395927256,64.5419650427191,0.4362929958590302,0.5795853380223382
repeated:v5:1,repeated,v5,1,ridge_original_a1,0.25,ridge_original_a1__w0.25,753449,157,95244581.1772487,11.243284697010052,8.669503041458341,15.888952800742162,17.709183928984192,39.46589207603486,0.24930595025429667,0.3766838803066182
repeated:v5:1,repeated,v5,1,ridge_original_a1,0.5,ridge_original_a1__w0.50,753449,157,96417509.8684525,11.312302893038357,8.832083530318215,16.07833886583171,18.125249273860113,38.443914778701526,0.24884385254092492,0.37956337517375804
repeated:v5:1,repeated,v5,1,ridge_original_a1,0.75,ridge_original_a1__w0.75,753449,157,98583100.40421136,11.438637730797831,9.044260360644259,16.009856709255377,18.840518656273467,37.427423099956414,0.2488482854401124,0.3827220485878663
repeated:v5:1,repeated,v5,1,ridge_original_a1,1.0,ridge_original_a1__w1.00,753449,157,101741352.78452525,11.620419956085222,9.0794176493035,16.46150260451484,19.505983206885354,36.41687639722122,0.24797520807954296,0.38474605386379035
repeated:v5:1,repeated,v5,1,ridge_original_a10,0.25,ridge_original_a10__w0.25,753449,157,97965192.00712839,11.402733298202019,8.757501318497729,16.107526276696177,17.93548258227204,41.100387248049365,0.2524888311631743,0.3735029967190836
repeated:v5:1,repeated,v5,1,ridge_original_a10,0.5,ridge_original_a10__w0.50,753449,157,102019575.70843765,11.636297767080103,9.068548045286523,16.552882164809866,18.162857926874103,41.71059348443761,0.25229020355155707,0.37604801572212027
repeated:v5:1,repeated,v5,1,ridge_original_a10,0.75,ridge_original_a10__w0.75,753449,157,107227465.43452771,11.929605710233927,9.288713125183268,16.803783659969348,18.83445968844357,42.3234390390457,0.25048574938292667,0.3775765956084265
repeated:v5:1,repeated,v5,1,ridge_original_a10,1.0,ridge_original_a10__w1.00,753449,157,113588861.18539858,12.278376387063668,9.402410364310068,17.357057882637474,19.697076084817468,42.93881090276076,0.2520483686050086,0.3801900230397775
repeated:v5:1,repeated,v5,1,ridge_original_a100,0.25,ridge_original_a100__w0.25,753449,157,100591050.1021547,11.55454213303895,8.771501888699246,16.503390819619742,18.07075435399385,42.89607988622934,0.25844782704590274,0.3816686258602759
repeated:v5:1,repeated,v5,1,ridge_original_a100,0.5,ridge_original_a100__w0.50,753449,157,109314499.58676001,12.045142855833978,9.07543141058589,17.33486375556753,19.203737215868593,45.31227004085436,0.2614274869899863,0.39029863651465313
repeated:v5:1,repeated,v5,1,ridge_original_a100,0.75,ridge_original_a100__w0.75,753449,157,121234662.78441589,12.684883238673864,9.589281938985662,18.9618130437023,20.766205203210145,47.73952870931239,0.26781145739136913,0.39657257178455807
repeated:v5:1,repeated,v5,1,ridge_original_a100,1.0,ridge_original_a100__w1.00,753449,157,136351539.69512227,13.452502852190541,10.012977332887711,20.550402711805358,22.902353173579748,50.176249610763385,0.27163529075744475,0.40803377626787046
repeated:v5:1,repeated,v5,1,ridge_backtest_single_a1,0.25,ridge_backtest_single_a1__w0.25,753449,157,98348983.91566661,11.425047341060283,8.856805052390824,16.283299247471888,18.265404403447157,40.61732121385353,0.24555413491155975,0.37103021424182886
repeated:v5:1,repeated,v5,1,ridge_backtest_single_a1,0.5,ridge_backtest_single_a1__w0.50,753449,157,103835688.77673726,11.739413323992624,9.167594984296269,17.29699564999765,19.02762201444083,40.75141855315485,0.24086634387373762,0.3712653925888493
repeated:v5:1,repeated,v5,1,ridge_backtest_single_a1,0.75,ridge_backtest_single_a1__w0.75,753449,157,111524428.91381188,12.166287460731876,9.384438897615288,18.014898055912354,20.33574098600142,40.89513609164079,0.24359485010188356,0.3809764364783774
repeated:v5:1,repeated,v5,1,ridge_backtest_single_a1,1.0,ridge_backtest_single_a1__w1.00,753449,157,121415204.32689045,12.694324830503867,9.614059724976544,18.87850121209895,21.865854801447316,41.04837278343174,0.24894812888364204,0.3911299217730099
repeated:v5:1,repeated,v5,1,ridge_backtest_single_a10,0.25,ridge_backtest_single_a10__w0.25,753449,157,99543991.11091715,11.494248821076177,8.843011394588835,16.223456066910032,18.20123953614492,41.75310803313016,0.2516395010237422,0.3743273851520525
repeated:v5:1,repeated,v5,1,ridge_backtest_single_a10,0.5,ridge_backtest_single_a10__w0.50,753449,157,106239455.32607064,11.874517922756494,9.211323920241991,16.855622600600583,18.93668236618856,43.02158174732501,0.2537901803274486,0.3807369732097218
repeated:v5:1,repeated,v5,1,ridge_backtest_single_a10,0.75,ridge_backtest_single_a10__w0.75,753449,157,115150706.9760604,12.36250197371565,9.317411287526221,18.691159306544343,19.946958557265777,44.29764732223638,0.2596127160502928,0.39157156857844666
repeated:v5:1,repeated,v5,1,ridge_backtest_single_a10,1.0,ridge_backtest_single_a10__w1.00,753449,157,126277746.06088644,12.946026163173995,9.660776539682878,19.47075567134295,21.18422757041531,45.58066714251387,0.2663942001615882,0.4007586933787231
repeated:v5:1,repeated,v5,1,ridge_backtest_cumulative_a1,0.25,ridge_backtest_cumulative_a1__w0.25,753449,157,96511832.68192905,11.31783481046701,8.75466227754341,15.983996824310712,17.95631945664133,40.38072498771014,0.24710338541653437,0.37197327508753236
repeated:v5:1,repeated,v5,1,ridge_backtest_cumulative_a1,0.5,ridge_backtest_cumulative_a1__w0.50,753449,157,99439413.3298796,11.488209486626833,8.812828211463087,16.35155902696466,18.59342409280464,40.27331158882211,0.24243092613513287,0.369317595577007
repeated:v5:1,repeated,v5,1,ridge_backtest_cumulative_a1,0.75,ridge_backtest_cumulative_a1__w0.75,753449,157,103847056.27445157,11.74005589738706,9.129941790955849,16.583739932931994,19.327491094308805,40.17073796721281,0.24309743940628886,0.36973104294897174
repeated:v5:1,repeated,v5,1,ridge_backtest_cumulative_a1,1.0,ridge_backtest_cumulative_a1__w1.00,753449,157,109734761.51564495,12.068274549100575,9.693935267336025,17.091440759990416,21.16621517326984,41.43161834664573,0.24521483262472987,0.37560039941246104
repeated:v5:1,repeated,v5,1,ridge_backtest_cumulative_a10,0.25,ridge_backtest_cumulative_a10__w0.25,753449,157,98537440.85943122,11.435988476116057,8.713249422752211,16.0817641878437,18.038575778289935,41.40512127438156,0.25177534441502325,0.37302532372900177
repeated:v5:1,repeated,v5,1,ridge_backtest_cumulative_a10,0.5,ridge_backtest_cumulative_a10__w0.50,753449,157,103692722.65319633,11.7313288371544,9.057049502708006,16.24477070924573,17.935158018093826,42.321731921352146,0.2522079290235099,0.374881936174531
repeated:v5:1,repeated,v5,1,ridge_backtest_cumulative_a10,0.75,ridge_backtest_cumulative_a10__w0.75,753449,157,110530159.71189527,12.11193324031034,9.299797763678677,17.419097595571415,18.819569937356512,43.2424899452877,0.25768170788793604,0.37958338851349666
repeated:v5:1,repeated,v5,1,ridge_backtest_cumulative_a10,1.0,ridge_backtest_cumulative_a10__w1.00,753449,157,119049752.03552802,12.57005903019996,9.72073267038442,18.05472388190888,20.38929390380026,44.16713596422997,0.26055340360087853,0.38857282973876006
repeated:v5:1,repeated,v5,1,ridge_slope_single_a1,0.25,ridge_slope_single_a1__w0.25,753449,157,97053931.90277521,11.349575986011432,8.843500666092403,16.28388480559399,17.92177624808627,39.95873154845713,0.24965691392798242,0.377914795484096
repeated:v5:1,repeated,v5,1,ridge_slope_single_a1,0.5,ridge_slope_single_a1__w0.50,753449,157,100357966.03770262,11.541147593600837,9.112178354385307,16.952694398564994,18.489675545836565,39.42915827222366,0.24577232594520854,0.3829860488854535
repeated:v5:1,repeated,v5,1,ridge_slope_single_a1,0.75,ridge_slope_single_a1__w0.75,753449,157,104976416.73538211,11.803721166820827,9.350527707685963,17.49845889841844,19.413798706179673,38.904409091025286,0.24219440805192038,0.3880287271322215
repeated:v5:1,repeated,v5,1,ridge_slope_single_a1,1.0,ridge_slope_single_a1__w1.00,753449,157,110909283.99581371,12.13268774355354,9.655678747744973,17.87458273966683,20.319966910700646,38.38468185303902,0.24209422367001032,0.39245272236971285
repeated:v5:1,repeated,v5,1,ridge_slope_single_a10,0.25,ridge_slope_single_a10__w0.25,753449,157,99203614.04687041,11.474580487434924,8.754797737118794,16.20388227191209,17.89073482452705,41.74750828461796,0.2555109317203237,0.37700397002128344
repeated:v5:1,repeated,v5,1,ridge_slope_single_a10,0.5,ridge_slope_single_a10__w0.50,753449,157,105200309.97408763,11.81630192457482,9.22412239230638,16.903233565247934,18.274043861548773,43.01167448866307,0.2568379505868616,0.3830329753973362
repeated:v5:1,repeated,v5,1,ridge_slope_single_a10,0.75,ridge_slope_single_a10__w0.75,753449,157,113054402.11225158,12.249456178509554,9.08470144198214,17.730751221062288,18.97627915816633,44.284616341027984,0.25620307277211885,0.38760368844998594
repeated:v5:1,repeated,v5,1,ridge_slope_single_a10,1.0,ridge_slope_single_a10__w1.00,753449,157,122765890.46136226,12.764738691104029,9.410109710890088,18.565300269609107,20.771686270017938,45.565598365809315,0.25767753089637696,0.39283076469407735
repeated:v5:1,repeated,v5,1,ridge_local_long_a1,0.25,ridge_local_long_a1__w0.25,753449,157,97733267.13324602,11.38922776378417,8.845781705160913,16.154011302115673,18.22081416727075,40.52805061918895,0.24849185829246748,0.37393071284448715
repeated:v5:1,repeated,v5,1,ridge_local_long_a1,0.5,ridge_local_long_a1__w0.50,753449,157,102205400.28297213,11.646890471088705,8.865470559968037,17.13376617374692,18.540438211419637,40.57846064351459,0.24419870823551992,0.3791434216569105
repeated:v5:1,repeated,v5,1,ridge_local_long_a1,0.75,ridge_local_long_a1__w0.75,753449,157,108480713.77977823,11.999118343008174,9.269103008092793,17.927009306042287,20.354234005224995,40.64411279700677,0.25114237769474107,0.38664076997606706
repeated:v5:1,repeated,v5,1,ridge_local_long_a1,1.0,ridge_local_long_a1__w1.00,753449,157,116559207.62366435,12.437880010166007,9.492388435035751,18.568098236543626,21.831475177425133,42.103990300173045,0.26073892270155835,0.3960389344926027
repeated:v5:1,repeated,v5,1,ridge_local_long_a10,0.25,ridge_local_long_a10__w0.25,753449,157,99255613.64352524,11.47758741109237,8.890922245654584,16.242147557045495,18.141206903242445,41.856428531400205,0.2554447503468537,0.37738673557148433
repeated:v5:1,repeated,v5,1,ridge_local_long_a10,0.5,ridge_local_long_a10__w0.50,753449,157,105520382.06005315,11.83426382999695,9.038933824234292,16.811037855852238,18.54176698818131,43.2326370029038,0.2590972796933598,0.3846402124210807
repeated:v5:1,repeated,v5,1,ridge_local_long_a10,0.75,ridge_local_long_a10__w0.75,753449,157,113858619.58018366,12.292947494197026,9.233019881100416,18.145025787890305,19.398707723174233,44.62038816393859,0.2669995762067979,0.39447666129029463
repeated:v5:1,repeated,v5,1,ridge_local_long_a10,1.0,ridge_local_long_a10__w1.00,753449,157,124270326.20391674,12.842713337554441,9.61031978335137,18.98546624086888,20.66847119452303,46.01863777244308,0.27319435886956983,0.4043050145799118
repeated:v5:1,repeated,v5,1,ridge_all_views_a1,0.25,ridge_all_views_a1__w0.25,753449,157,98349761.30446267,11.42509249499016,8.952485881811285,16.424803153349185,18.110448935698003,41.04664577696305,0.24627747159867935,0.3718691528692886
repeated:v5:1,repeated,v5,1,ridge_all_views_a1,0.5,ridge_all_views_a1__w0.50,753449,157,103632085.85097638,11.727898247844639,9.241168570575764,16.9920305598805,18.649438347191907,41.6197967789712,0.2415221493965351,0.3761976551879131
repeated:v5:1,repeated,v5,1,ridge_all_views_a1,0.75,ridge_all_views_a1__w0.75,753449,157,110911287.97014107,12.132797353335773,9.276333108948727,18.0577863030535,20.27886016396301,42.21160059259537,0.24973301570046136,0.382197423974961
repeated:v5:1,repeated,v5,1,ridge_all_views_a1,1.0,ridge_all_views_a1__w1.00,753449,157,120187367.66195671,12.629974720284403,9.582004314866062,18.448521464295315,21.63501892384559,42.821283861384714,0.2583984231668447,0.39114443132384835
repeated:v5:1,repeated,v5,1,ridge_all_views_a10,0.25,ridge_all_views_a10__w0.25,753449,157,99736721.50835238,11.505370637074561,8.992976711293904,16.289755704205493,17.974153417550657,42.146285225540595,0.2526326702002284,0.37593258557160386
repeated:v5:1,repeated,v5,1,ridge_all_views_a10,0.5,ridge_all_views_a10__w0.50,753449,157,106615444.43272188,11.895511752836212,9.17069346292816,17.29684585739472,18.449942730364153,43.81533205593662,0.2549215311826544,0.38275620458386367
repeated:v5:1,repeated,v5,1,ridge_all_views_a10,0.75,ridge_all_views_a10__w0.75,753449,157,115700483.10370846,12.391978628741331,9.42192771833703,18.41710585388562,19.967008548906254,45.498352234083676,0.26143627438876765,0.39229609301137763
repeated:v5:1,repeated,v5,1,ridge_all_views_a10,1.0,ridge_all_views_a10__w1.00,753449,157,126991837.52131209,12.982578977861442,9.972784571973298,19.153936667141558,21.016900782551954,47.193850837231956,0.26798725987120586,0.4010303808610943
repeated:v5:1,repeated,v5,1,ridge_all_views_a100,0.25,ridge_all_views_a100__w0.25,753449,157,100975328.7553037,11.576591467340052,8.820484580041995,16.363126340698326,18.022923392041626,43.17222988099009,0.2580618195857333,0.3824699672161122
repeated:v5:1,repeated,v5,1,ridge_all_views_a100,0.5,ridge_all_views_a100__w0.50,753449,157,110339396.88210228,12.1014767981675,9.303995602274732,17.619636566897594,19.50529910275586,45.86882839816694,0.26234456200341716,0.39298197500087156
repeated:v5:1,repeated,v5,1,ridge_all_views_a100,0.75,ridge_all_views_a100__w0.75,753449,157,123156518.71099567,12.785030595334865,9.898231434996143,18.779512987605024,20.866922378620888,48.579853011397056,0.2705784378840667,0.4019185242528052
repeated:v5:1,repeated,v5,1,ridge_all_views_a100,1.0,ridge_all_views_a100__w1.00,753449,157,139426694.2419839,13.603355096551628,10.052370423498054,19.97426328122263,22.552172618009248,51.3030168007928,0.2782115944750885,0.41800326963477996
repeated:v5:1,repeated,v5,1,ridge_all_views_no_indicator_a1,0.25,ridge_all_views_no_indicator_a1__w0.25,753449,157,98425295.16300099,11.429478960586616,8.96472525561292,16.502886216685617,18.179008337193892,41.122399324154394,0.24641639128215861,0.3722766989487326
repeated:v5:1,repeated,v5,1,ridge_all_views_no_indicator_a1,0.5,ridge_all_views_no_indicator_a1__w0.50,753449,157,103862498.66151407,11.740928756736864,9.28090617232246,16.84329642619503,18.83581211026737,41.77255719921235,0.24255391358359624,0.3778112988663706
repeated:v5:1,repeated,v5,1,ridge_all_views_no_indicator_a1,0.75,ridge_all_views_no_indicator_a1__w0.75,753449,157,111375924.82613921,12.158184548681458,9.300359649546742,17.86371620307469,20.228965648428357,42.44246208453757,0.25275101522961396,0.3841599563621629
repeated:v5:1,repeated,v5,1,ridge_all_views_no_indicator_a1,1.0,ridge_all_views_no_indicator_a1__w1.00,753449,157,120965573.65687639,12.67079790927035,9.534463331551539,18.47450952553746,21.923906050020797,43.131193870365315,0.26212564854388243,0.3947968566791538
repeated:v5:1,repeated,v5,1,ridge_all_views_original_boost4_a1,0.25,ridge_all_views_original_boost4_a1__w0.25,753449,157,98178360.63656598,11.415132519470722,8.945192043390351,16.248099169089674,18.11499731079287,40.893069349215324,0.2473670058658914,0.3726843628542815
repeated:v5:1,repeated,v5,1,ridge_all_views_original_boost4_a1,0.5,ridge_all_views_original_boost4_a1__w0.50,753449,157,103118824.73792346,11.698819677383057,9.122132890419945,17.224173445796627,18.629219147306337,41.310545283471455,0.2421833974302055,0.3776462825513242
repeated:v5:1,repeated,v5,1,ridge_all_views_original_boost4_a1,0.75,ridge_all_views_original_boost4_a1__w0.75,753449,157,109885706.63467234,12.076571924991878,9.269911003863584,17.818522538699455,20.697915693476205,41.7448470340075,0.2506947641305726,0.3839208149165556
repeated:v5:1,repeated,v5,1,ridge_all_views_original_boost4_a1,1.0,ridge_all_views_original_boost4_a1__w1.00,753449,157,118479006.32681264,12.53989127878743,9.33124351255163,18.56293663871583,21.04246118405971,42.19545505886326,0.2603187136853108,0.39305247413632693
repeated:v5:1,repeated,v5,1,ridge_all_views_original_boost4_a10,0.25,ridge_all_views_original_boost4_a10__w0.25,753449,157,99587684.80332133,11.496771178615237,8.932035363893295,16.267756381061364,17.96837073700251,42.03252547549316,0.2535028360502844,0.3762607704998043
repeated:v5:1,repeated,v5,1,ridge_all_views_original_boost4_a10,0.5,ridge_all_views_original_boost4_a10__w0.50,753449,157,106218876.30704719,11.873367795601313,9.111863853424538,17.150141918484703,18.389971261427043,43.586051539876344,0.255715050373808,0.383058143535268
repeated:v5:1,repeated,v5,1,ridge_all_views_original_boost4_a10,0.75,ridge_all_views_original_boost4_a10__w0.75,753449,157,114957888.84177749,12.35214722497729,9.249388716625548,18.463516865275732,19.592879780823246,45.15207895994354,0.26196406523325505,0.39315699435426893
repeated:v5:1,repeated,v5,1,ridge_all_views_original_boost4_a10,1.0,ridge_all_views_original_boost4_a10__w1.00,753449,157,125804722.40751222,12.921756161881143,9.810023010506796,19.10573416046605,21.130535162222092,46.72935088948527,0.2674718126830154,0.4029791438493371
repeated:v5:1,repeated,v5,1,ridge_per_view_ensemble_a1,0.25,ridge_per_view_ensemble_a1__w0.25,753449,157,96569666.60816425,11.321225362566157,8.688497003726454,16.072474517141195,17.950661390187356,40.271031273912584,0.24716742016801307,0.37284692504038947
repeated:v5:1,repeated,v5,1,ridge_per_view_ensemble_a1,0.5,ridge_per_view_ensemble_a1__w0.50,753449,157,99146511.21325724,11.47127755647024,9.020784938072282,16.301986521617938,17.952672758418654,40.05376021157703,0.2417641470624465,0.3718006180249308
repeated:v5:1,repeated,v5,1,ridge_per_view_ensemble_a1,0.75,ridge_per_view_ensemble_a1__w0.75,753449,157,102794848.14587888,11.680427665186784,9.203157103359114,16.85854133702887,18.53255565381061,39.84120233006084,0.2349560648702176,0.3702266533097913
repeated:v5:1,repeated,v5,1,ridge_per_view_ensemble_a1,1.0,ridge_per_view_ensemble_a1__w1.00,753449,157,107514677.40602918,11.945571928637829,9.460054887763329,17.433182513065162,19.593803413833488,39.633433461150545,0.23239240699335553,0.3695393708850369
repeated:v5:1,repeated,v5,1,extra_trees_all_views,0.25,extra_trees_all_views__w0.25,753449,157,99499050.47924665,11.491653902427368,8.53671056275886,17.138616305441012,18.137401027905295,44.02381596391914,0.2692034816983199,0.3940247253317907
repeated:v5:1,repeated,v5,1,extra_trees_all_views,0.5,extra_trees_all_views__w0.50,753449,157,108854462.68773921,12.019770867822418,8.612523353959585,18.168840635613,19.40498195650837,47.57901381149864,0.27625536317234806,0.4119882707208841
repeated:v5:1,repeated,v5,1,extra_trees_all_views,0.75,extra_trees_all_views__w0.75,753449,157,123130550.95607764,12.783682651892448,9.216129830735088,19.077379934331184,21.20489567893616,51.15346235777125,0.28424049926147393,0.42603623695502535
repeated:v5:1,repeated,v5,1,extra_trees_all_views,1.0,extra_trees_all_views__w1.00,753449,157,142327315.2842619,13.744128226308304,9.770120133226671,21.14867734270208,23.506364379313162,54.74339083181133,0.3041547335804351,0.445013583197216
repeated:v5:1,repeated,v5,1,hist_gradient_all_views,0.25,hist_gradient_all_views__w0.25,753449,157,99590566.83207533,11.496937533448481,8.792538445069155,16.234557925960303,18.28601156930725,42.761736994647315,0.26446109883559377,0.38515705536058054
repeated:v5:1,repeated,v5,1,hist_gradient_all_views,0.5,hist_gradient_all_views__w0.50,753449,157,109432700.48368752,12.051653254870761,9.181002676326466,17.300088827970768,19.87745440294664,45.07486983628986,0.26806351966092296,0.3940599289463347
repeated:v5:1,repeated,v5,1,hist_gradient_all_views,0.75,hist_gradient_all_views__w0.75,753449,157,124590715.28543653,12.859257980996523,9.735828291679757,18.515679795611604,21.4988528640083,47.42585140317357,0.2670632060733731,0.3974650086707852
repeated:v5:1,repeated,v5,1,hist_gradient_all_views,1.0,hist_gradient_all_views__w1.00,753449,157,145064611.23732233,13.8756650862787,10.821400029962218,19.83090159296664,22.69218577225736,49.80932264618412,0.27242674401081074,0.4063532615046732
repeated:v5:1,repeated,v5,1,knn25_all_views,0.25,knn25_all_views__w0.25,753449,157,100020833.81097434,11.52174621418225,8.572650473532278,16.863849600276318,18.948773177261817,45.09000545236117,0.27401854833579586,0.3994109523309771
repeated:v5:1,repeated,v5,1,knn25_all_views,0.5,knn25_all_views__w0.50,753449,157,113850605.52675655,12.292514860848922,8.873514987232854,17.89101112070052,21.424680443562863,49.746524743001586,0.28891498052171494,0.4165530698538173
repeated:v5:1,repeated,v5,1,knn25_all_views,0.75,knn25_all_views__w0.75,753449,157,136553629.47794655,13.462468294464676,9.331616581506273,19.90075605954423,23.560887286341888,54.447245645440844,0.30681352278148877,0.443105632919219
repeated:v5:1,repeated,v5,1,knn25_all_views,1.0,knn25_all_views__w1.00,753449,157,168129905.6645443,14.938106598556864,10.173230539335734,22.128767207829366,27.33888577850293,59.1816364660583,0.3278680188096802,0.4646591389827854
repeated:v5:2,repeated,v5,2,ridge_original_a1,0.25,ridge_original_a1__w0.25,757626,159,112639677.70063461,12.193215919971154,9.228921151347976,19.40351874786504,22.076732260505917,30.06400036313665,0.23243654285529566,0.3899448353509769
repeated:v5:2,repeated,v5,2,ridge_original_a1,0.5,ridge_original_a1__w0.50,757626,159,111735848.48378733,12.144197751310346,9.258746811377238,18.932831359356413,21.992082663562957,29.019916890781342,0.22761585799593045,0.37903821450054476
repeated:v5:2,repeated,v5,2,ridge_original_a1,0.75,ridge_original_a1__w0.75,757626,159,112102506.01636586,12.164106825820923,9.558803762525233,18.57108640142654,21.944093156147918,27.978266152762945,0.2239589502810506,0.37059093398113174
repeated:v5:2,repeated,v5,2,ridge_original_a1,1.0,ridge_original_a1__w1.00,757626,159,113739650.2983702,12.252607151630775,9.838515777943096,19.004112210935098,22.10342475254376,26.93933034682995,0.2186598299379124,0.36422284203710314
repeated:v5:2,repeated,v5,2,ridge_original_a10,0.25,ridge_original_a10__w0.25,757626,159,115535811.53249988,12.348973949742021,9.037933530946004,20.04745457279648,22.706656485394266,32.14729732954761,0.2421675714495542,0.4047353821461525
repeated:v5:2,repeated,v5,2,ridge_original_a10,0.5,ridge_original_a10__w0.50,757626,159,117564527.54259674,12.456921174906906,9.03547278568245,19.815299840136607,23.124215724695443,33.18967103487153,0.24872636599560013,0.4073974104864614
repeated:v5:2,repeated,v5,2,ridge_original_a10,0.75,ridge_original_a10__w0.75,757626,159,120900141.69719833,12.632402932681265,9.112976475833383,19.801376539451546,23.771413935349255,34.23690428180193,0.25554019848026077,0.41081022896880964
repeated:v5:2,repeated,v5,2,ridge_original_a10,1.0,ridge_original_a10__w1.00,757626,159,125542653.99630463,12.872657600461437,9.382973219269587,20.184882444266663,24.16890856285718,35.28856443366845,0.2632282897311658,0.41418668718899604
repeated:v5:2,repeated,v5,2,ridge_original_a100,0.25,ridge_original_a100__w0.25,757626,159,117701402.09731792,12.46417055357249,8.903265997675827,20.01063571915112,23.253558080230675,33.977215073814264,0.26068351685699526,0.41525369086934166
repeated:v5:2,repeated,v5,2,ridge_original_a100,0.5,ridge_original_a100__w0.50,757626,159,124241539.10377248,12.80577822452591,9.143445968469276,19.62673127186004,22.711265087783566,36.8582244185126,0.2836748015843997,0.4330312219544511
repeated:v5:2,repeated,v5,2,ridge_original_a100,0.75,ridge_original_a100__w0.75,757626,159,134434404.68627137,13.32072243746181,9.379498835287412,19.906548193764195,23.452655143187727,39.750241391907736,0.3027020736764883,0.4449506310866066
repeated:v5:2,repeated,v5,2,ridge_original_a100,1.0,ridge_original_a100__w1.00,757626,159,148279998.8448146,13.98987557303542,9.500440065845,20.615805625972353,24.32524812122781,42.65102688635669,0.3189369746206196,0.4516036705006178
repeated:v5:2,repeated,v5,2,ridge_backtest_single_a1,0.25,ridge_backtest_single_a1__w0.25,757626,159,117276827.78888789,12.441669770059203,9.11322942299244,20.091190247835275,22.81381586103541,31.05874828033921,0.2392754296092844,0.4066778103016281
repeated:v5:2,repeated,v5,2,ridge_backtest_single_a1,0.5,ridge_backtest_single_a1__w0.50,757626,159,122172894.25422992,12.698721424477007,9.329691645386898,20.573676171441782,23.245628521348184,31.012206553731705,0.24510358925363462,0.40928273531919296
repeated:v5:2,repeated,v5,2,ridge_backtest_single_a1,0.75,ridge_backtest_single_a1__w0.75,757626,159,129502193.0629338,13.074079648759302,9.729021150123488,21.279618974528656,23.79238146192519,31.226842415007997,0.24983441683151789,0.4119369849846189
repeated:v5:2,repeated,v5,2,ridge_backtest_single_a1,1.0,ridge_backtest_single_a1__w1.00,757626,159,139264724.21499956,13.557921861557451,9.963246897863463,21.645157253549772,24.686454562686354,33.76867727421073,0.25267691640878753,0.41003731266100735
repeated:v5:2,repeated,v5,2,ridge_backtest_single_a10,0.25,ridge_backtest_single_a10__w0.25,757626,159,118312128.46655667,12.496465617726964,9.02689122847524,20.16394956587991,23.334802724248817,32.45685429158415,0.25010803186298064,0.412816863402731
repeated:v5:2,repeated,v5,2,ridge_backtest_single_a10,0.5,ridge_backtest_single_a10__w0.50,757626,159,124267116.84782517,12.807096326603581,9.14355424208628,20.050212069243994,23.61148658567274,33.80707088330171,0.2648408632923899,0.4212465970642581
repeated:v5:2,repeated,v5,2,ridge_backtest_single_a10,0.75,ridge_backtest_single_a10__w0.75,757626,159,132678958.8107132,13.23346558411347,9.57081599770345,20.291775156803034,24.442746356216983,35.16050276923951,0.2798647035111437,0.4288716422019868
repeated:v5:2,repeated,v5,2,ridge_backtest_single_a10,1.0,ridge_backtest_single_a10__w1.00,757626,159,143547654.35522076,13.764822486180858,10.2449471987433,20.640616517920275,25.072850257592965,37.88355138500835,0.29125928004573737,0.43416404360398675
repeated:v5:2,repeated,v5,2,ridge_backtest_cumulative_a1,0.25,ridge_backtest_cumulative_a1__w0.25,757626,159,114899031.33311751,12.314895999958443,9.075862917632461,19.756154905062115,22.101490972789545,31.243691230072272,0.23775054573391016,0.3997388921553899
repeated:v5:2,repeated,v5,2,ridge_backtest_cumulative_a1,0.5,ridge_backtest_cumulative_a1__w0.50,757626,159,116677779.87510835,12.409853176392959,9.151698235287784,20.12185081228285,21.958717414968724,31.381104180679184,0.24002721699625526,0.39598427680035503
repeated:v5:2,repeated,v5,2,ridge_backtest_cumulative_a1,0.75,ridge_backtest_cumulative_a1__w0.75,757626,159,120150239.29288016,12.59316474615563,9.506405527002425,20.32263139277203,22.217567361522537,31.52245826598791,0.24070449305464703,0.393575858649852
repeated:v5:2,repeated,v5,2,ridge_backtest_cumulative_a1,1.0,ridge_backtest_cumulative_a1__w1.00,757626,159,125316409.58643298,12.86105325711515,9.532712511471379,20.569866145491844,22.518570292584347,31.844807367394196,0.23870961119777304,0.38973939996093293
repeated:v5:2,repeated,v5,2,ridge_backtest_cumulative_a10,0.25,ridge_backtest_cumulative_a10__w0.25,757626,159,116584579.97950503,12.404895813985522,9.075168275984366,20.144448961103365,22.67878712051443,32.41706716959387,0.24605839871225824,0.4071882467366038
repeated:v5:2,repeated,v5,2,ridge_backtest_cumulative_a10,0.5,ridge_backtest_cumulative_a10__w0.50,757626,159,120323933.93807995,12.60226408431608,9.223260105095862,20.010685243205103,23.084171868873753,33.72786150108961,0.25777371982689334,0.4117660727403479
repeated:v5:2,repeated,v5,2,ridge_backtest_cumulative_a10,0.75,ridge_backtest_cumulative_a10__w0.75,757626,159,126032055.54263249,12.897723865059511,9.465906668320747,19.86156944961841,23.323380213943445,35.042205895911856,0.2671245932946997,0.41763106811377926
repeated:v5:2,repeated,v5,2,ridge_backtest_cumulative_a10,1.0,ridge_backtest_cumulative_a10__w1.00,757626,159,133708944.79316264,13.28473193938378,9.766987586031465,20.270203243931306,23.54063859999849,36.35971536910528,0.2733403164934395,0.41903314725163177
repeated:v5:2,repeated,v5,2,ridge_slope_single_a1,0.25,ridge_slope_single_a1__w0.25,757626,159,114794326.99471809,12.309283607447123,9.170478042911132,19.542877443762958,22.361101019550173,30.5719292340413,0.23387614874661813,0.39549032285674374
repeated:v5:2,repeated,v5,2,ridge_slope_single_a1,0.5,ridge_slope_single_a1__w0.50,757626,159,116478621.03938259,12.399257382204736,9.375334215604866,19.534334737493545,22.50657598651119,30.034724019748285,0.23275221465859347,0.38883113048220935
repeated:v5:2,repeated,v5,2,ridge_slope_single_a1,0.75,ridge_slope_single_a1__w0.75,757626,159,119866875.80090122,12.578306059206854,9.503552205484578,19.638480854262784,22.63474182754681,30.705863483100664,0.23144588219076062,0.3842551040198076
repeated:v5:2,repeated,v5,2,ridge_slope_single_a1,1.0,ridge_slope_single_a1__w1.00,757626,159,124959091.27927394,12.842704621509057,9.782983307463264,20.161420069637106,22.848282874229735,33.151599958119725,0.22836070105651018,0.379496040339889
repeated:v5:2,repeated,v5,2,ridge_slope_single_a10,0.25,ridge_slope_single_a10__w0.25,757626,159,116741613.66487747,12.413247394390119,9.126248346164708,20.098895334496298,22.724623653884386,32.36320927716491,0.24446791037170545,0.4092501463518518
repeated:v5:2,repeated,v5,2,ridge_slope_single_a10,0.5,ridge_slope_single_a10__w0.50,757626,159,120385090.24127854,12.605466314962355,9.28382053320611,20.357030936421037,23.204193142554423,33.62133981587024,0.25541317963054166,0.4162694243348687
repeated:v5:2,repeated,v5,2,ridge_slope_single_a10,0.75,ridge_slope_single_a10__w0.75,757626,159,125744423.39611089,12.882997773975424,9.372459875817384,19.967085741086958,23.674906774997456,34.88410139684348,0.2643050010716987,0.42180321818381056
repeated:v5:2,repeated,v5,2,ridge_slope_single_a10,1.0,ridge_slope_single_a10__w1.00,757626,159,132819613.12937453,13.240478192049883,9.599432688140393,20.40623771929431,24.425601865136574,36.151008733791656,0.2705512549852586,0.42581687957741243
repeated:v5:2,repeated,v5,2,ridge_local_long_a1,0.25,ridge_local_long_a1__w0.25,757626,159,116770964.35636474,12.414807739865998,9.075327894394798,20.17511280785193,22.701860556945228,31.019285244467838,0.23768897831754532,0.4022473595138465
repeated:v5:2,repeated,v5,2,ridge_local_long_a1,0.5,ridge_local_long_a1__w0.50,757626,159,120788517.35716625,12.626569981431476,9.407717533837182,20.20411397183181,23.10056266909408,30.929923078437234,0.24261214148337149,0.40135439630290576
repeated:v5:2,repeated,v5,2,ridge_local_long_a1,0.75,ridge_local_long_a1__w0.75,757626,159,126866652.66931224,12.940358420412961,9.934401952427477,21.151421635379815,23.351457167748766,31.832682872039477,0.24560355283007318,0.40372354151744994
repeated:v5:2,repeated,v5,2,ridge_local_long_a1,1.0,ridge_local_long_a1__w1.00,757626,159,135005370.2928027,13.348980143671465,10.025969175341919,22.04309308897843,24.03997971497093,34.64584453299588,0.2483518801467515,0.4038281408149035
repeated:v5:2,repeated,v5,2,ridge_local_long_a10,0.25,ridge_local_long_a10__w0.25,757626,159,117881586.59635839,12.473707362069208,9.05743415083649,19.973783032647574,23.33281638889393,32.58146588669737,0.2491670260124268,0.41178093849414504
repeated:v5:2,repeated,v5,2,ridge_local_long_a10,0.5,ridge_local_long_a10__w0.50,757626,159,123115226.35037036,12.747600625013089,9.14132777725876,20.105800644896128,23.12716667982237,34.057563544354224,0.2634410553771763,0.42084840685940444
repeated:v5:2,repeated,v5,2,ridge_local_long_a10,0.75,ridge_local_long_a10__w0.75,757626,159,130514912.92894363,13.125100389527953,9.464542434181284,20.693763862682406,23.931889273531482,35.53795361483855,0.2777450964520658,0.4280387378778817
repeated:v5:2,repeated,v5,2,ridge_local_long_a10,1.0,ridge_local_long_a10__w1.00,757626,159,140080646.3320782,13.597580335324285,9.289414476951908,21.41555850473641,24.784242259812665,37.02212118428788,0.2889718306540232,0.4343723274738934
repeated:v5:2,repeated,v5,2,ridge_all_views_a1,0.25,ridge_all_views_a1__w0.25,757626,159,117360297.93312071,12.446096574866363,9.246665276483297,20.062035538864183,22.688498450071922,31.382476358195543,0.24078626308808512,0.4061104284956808
repeated:v5:2,repeated,v5,2,ridge_all_views_a1,0.5,ridge_all_views_a1__w0.50,757626,159,122345510.47594585,12.707689173051888,9.45159161639084,20.537853170109933,23.317702670972047,31.658016990533678,0.24724087343214787,0.4082846100935658
repeated:v5:2,repeated,v5,2,ridge_all_views_a1,0.75,ridge_all_views_a1__w0.75,757626,159,129769631.29538308,13.08757249142495,9.769965740526857,21.512893839046985,23.987675052660855,31.936807191326505,0.25071498459677266,0.41087046404926275
repeated:v5:2,repeated,v5,2,ridge_all_views_a1,1.0,ridge_all_views_a1__w1.00,757626,159,139632660.39143243,13.575820002825205,9.979446220506537,22.396926935234564,24.80802094543272,32.68636754695446,0.25113703058899584,0.41067463828002027
repeated:v5:2,repeated,v5,2,ridge_all_views_a10,0.25,ridge_all_views_a10__w0.25,757626,159,118264597.24261655,12.493955173609063,9.099314507455535,20.09306507910531,23.56343856861465,32.577537977424726,0.2503153198983076,0.4129910819079207
repeated:v5:2,repeated,v5,2,ridge_all_views_a10,0.5,ridge_all_views_a10__w0.50,757626,159,124186632.85948631,12.802948273721562,9.19103114289899,20.14918120239076,23.478575163144672,34.04835614317319,0.26438296198128997,0.42251736285725966
repeated:v5:2,repeated,v5,2,ridge_all_views_a10,0.75,ridge_all_views_a10__w0.75,757626,159,132580100.51751697,13.228534577670157,9.557771143080698,20.496008060268064,23.90714242668379,35.522284942282916,0.2771984172078381,0.4293059590557495
repeated:v5:2,repeated,v5,2,ridge_all_views_a10,1.0,ridge_all_views_a10__w1.00,757626,159,143445000.21670854,13.759899839723682,9.983024190102162,20.840217692918127,24.752373176856683,36.998952621333636,0.28759565442520685,0.433904801199572
repeated:v5:2,repeated,v5,2,ridge_all_views_a100,0.25,ridge_all_views_a100__w0.25,757626,159,118317645.86525911,12.496756996050818,9.059487269631685,19.9121632134152,23.442922866591054,34.03707302170048,0.2619380558019752,0.4170942867617416
repeated:v5:2,repeated,v5,2,ridge_all_views_a100,0.5,ridge_all_views_a100__w0.50,757626,159,125578057.50135006,12.87447254167235,9.085860564146719,19.980952840722047,23.089553421395692,36.97585782278302,0.2863139235238322,0.43377117351674116
repeated:v5:2,repeated,v5,2,ridge_all_views_a100,0.75,ridge_all_views_a100__w0.75,757626,159,136595228.57518056,13.427350618721995,9.427993370567922,19.905426494322562,23.349709021239946,39.923979848126265,0.3065057465396545,0.44703185861786604
repeated:v5:2,repeated,v5,2,ridge_all_views_a100,1.0,ridge_all_views_a100__w1.00,757626,159,151369159.0867506,14.134851950190386,9.578338174611522,20.682392831692116,24.165586202927404,43.15797537225779,0.32238341345311783,0.4574706944497041
repeated:v5:2,repeated,v5,2,ridge_all_views_no_indicator_a1,0.25,ridge_all_views_no_indicator_a1__w0.25,757626,159,117444771.7298376,12.450575005517535,9.251626923719636,20.105323509626853,22.579034256052648,31.513644084561673,0.24133094580578215,0.4064090501864516
repeated:v5:2,repeated,v5,2,ridge_all_views_no_indicator_a1,0.5,ridge_all_views_no_indicator_a1__w0.50,757626,159,122608181.7209181,12.72132332616844,9.35963827458208,20.70640234004982,23.114598526591518,31.920986635981375,0.2487473939955306,0.40836513451909473
repeated:v5:2,repeated,v5,2,ridge_all_views_no_indicator_a1,0.75,ridge_all_views_no_indicator_a1__w0.75,757626,159,130304223.64014924,13.114502232909986,9.736022189730223,21.416539562026994,23.711126420610192,32.33214923808083,0.25269396946768397,0.4103346151827476
repeated:v5:2,repeated,v5,2,ridge_all_views_no_indicator_a1,1.0,ridge_all_views_no_indicator_a1__w1.00,757626,159,140532897.487531,13.61951257983447,9.938730129105803,22.498119150668614,24.355623985311826,33.10397007306691,0.2534117665001534,0.4088539122099101
repeated:v5:2,repeated,v5,2,ridge_all_views_original_boost4_a1,0.25,ridge_all_views_original_boost4_a1__w0.25,757626,159,117102710.66264476,12.432430466412608,9.153110562435796,20.053531400105587,22.743361593781145,31.18625350939333,0.2391572464848237,0.4055947406658866
repeated:v5:2,repeated,v5,2,ridge_all_views_original_boost4_a1,0.5,ridge_all_views_original_boost4_a1__w0.50,757626,159,121624575.11422116,12.67019307467925,9.264070613568174,20.54221177234818,23.505147354420128,31.26481832357613,0.24508013894594927,0.4072626098350365
repeated:v5:2,repeated,v5,2,ridge_all_views_original_boost4_a1,0.75,ridge_all_views_original_boost4_a1__w0.75,757626,159,128379587.0216369,13.017289155453994,9.799075396672887,21.10757172137422,24.03895268221584,31.345946658819148,0.24796191298038964,0.40878029193577825
repeated:v5:2,repeated,v5,2,ridge_all_views_original_boost4_a1,1.0,ridge_all_views_original_boost4_a1__w1.00,757626,159,137367746.38489202,13.465266448285929,9.833816858242045,21.88804867478603,24.994609181086084,33.45728224829842,0.24916128718672123,0.40855584188805694
repeated:v5:2,repeated,v5,2,ridge_all_views_original_boost4_a10,0.25,ridge_all_views_original_boost4_a10__w0.25,757626,159,118060622.7503223,12.483176174578194,9.078657805100644,20.105230746943167,23.365324948181094,32.4905131733571,0.2490700602183076,0.41251128510255214
repeated:v5:2,repeated,v5,2,ridge_all_views_original_boost4_a10,0.5,ridge_all_views_original_boost4_a10__w0.50,757626,159,123610744.32102507,12.773228332733373,9.01899551902034,20.186462394791644,23.46757445577845,33.87425279675539,0.2627218341737901,0.4218603125882003
repeated:v5:2,repeated,v5,2,ridge_all_views_original_boost4_a10,0.75,ridge_all_views_original_boost4_a10__w0.75,757626,159,131464358.37901606,13.172753892715864,9.480917722279832,20.223671118280834,24.232458209428582,35.2610786872227,0.27487112191301694,0.4287584713370565
repeated:v5:2,repeated,v5,2,ridge_all_views_original_boost4_a10,1.0,ridge_all_views_original_boost4_a10__w1.00,757626,159,141621464.92429525,13.672159179855676,10.07419699932589,20.519567188924807,24.992960989666322,36.65064050207243,0.2848811539364715,0.43327690141916414
repeated:v5:2,repeated,v5,2,ridge_per_view_ensemble_a1,0.25,ridge_per_view_ensemble_a1__w0.25,757626,159,114913500.18414399,12.315671362398133,9.215334915087261,19.403877118061654,22.418527111293116,30.6268666629583,0.2361443226417636,0.3983985922425626
repeated:v5:2,repeated,v5,2,ridge_per_view_ensemble_a1,0.5,ridge_per_view_ensemble_a1__w0.50,757626,159,116415854.35600223,12.395916146153874,9.28572013694468,19.209585416848704,22.48052072307141,30.14553751937236,0.23872684016171908,0.3937884307475737
repeated:v5:2,repeated,v5,2,ridge_per_view_ensemble_a1,0.75,ridge_per_view_ensemble_a1__w0.75,757626,159,119321056.18248242,12.549635421077289,9.392060832738446,19.083189733156587,22.679626690590666,29.666385246590004,0.24036360847625707,0.3907298687009863
repeated:v5:2,repeated,v5,2,ridge_per_view_ensemble_a1,1.0,ridge_per_view_ensemble_a1__w1.00,757626,159,123629105.66358458,12.774176975642373,9.794224333940575,19.029185675590917,23.01613513524616,31.24916150642895,0.24002870744478969,0.39001963559476466
repeated:v5:2,repeated,v5,2,extra_trees_all_views,0.25,extra_trees_all_views__w0.25,757626,159,118358543.24642327,12.49891660830907,8.880802583238465,19.59000286947401,23.426370049629984,34.6959711913625,0.26529341038190557,0.42224529001914135
repeated:v5:2,repeated,v5,2,extra_trees_all_views,0.5,extra_trees_all_views__w0.50,757626,159,129255197.82336617,13.06160581884919,9.252640871437524,19.839095747874165,24.789679729279474,38.3113338340925,0.2956289941532881,0.439622378277969
repeated:v5:2,repeated,v5,2,extra_trees_all_views,0.75,extra_trees_all_views__w0.75,757626,159,147503957.39773637,13.953218688564133,9.868955078594913,20.861477258941616,25.824223875750754,41.948690695677094,0.3129343114098858,0.45402616347819474
repeated:v5:2,repeated,v5,2,extra_trees_all_views,1.0,extra_trees_all_views__w1.00,757626,159,173104821.9695339,15.115661149720358,10.409695246162888,22.108595593693057,28.44275331834747,48.362556243161904,0.32817000435465943,0.4771247481961605
repeated:v5:2,repeated,v5,2,hist_gradient_all_views,0.25,hist_gradient_all_views__w0.25,757626,159,117767339.40998709,12.467661331193556,8.998478530292696,19.457299043299216,23.135140875479962,34.24945896302539,0.2663730046543815,0.4247491197302746
repeated:v5:2,repeated,v5,2,hist_gradient_all_views,0.5,hist_gradient_all_views__w0.50,757626,159,128986094.49719201,13.048001905764496,9.420280338576672,19.710204427735267,24.42851834812092,37.42950684308293,0.2952675739518173,0.4467696066838784
repeated:v5:2,repeated,v5,2,hist_gradient_all_views,0.75,hist_gradient_all_views__w0.75,757626,159,148470258.92852244,13.998847995631198,9.652715590546713,21.752314514934373,25.75322812679257,40.98123722154843,0.3144562576032481,0.4675490177364399
repeated:v5:2,repeated,v5,2,hist_gradient_all_views,1.0,hist_gradient_all_views__w1.00,757626,159,176219832.7039784,15.25105745465541,10.077485125930764,23.271281643145734,28.391879293448184,48.37341542666406,0.34523196495954894,0.49499390560529766
repeated:v5:2,repeated,v5,2,knn25_all_views,0.25,knn25_all_views__w0.25,757626,159,118076509.03434484,12.48401601688476,9.131193694507846,20.260998007273496,22.137861036945907,34.731685104892534,0.2570683042236068,0.41209270432938894
repeated:v5:2,repeated,v5,2,knn25_all_views,0.5,knn25_all_views__w0.50,757626,159,131728041.92003727,13.185957845763413,9.779973670923248,20.376795198339607,23.389765925443662,38.43977923990343,0.27435030004828453,0.42259890215367857
repeated:v5:2,repeated,v5,2,knn25_all_views,0.75,knn25_all_views__w0.75,757626,159,155768592.32398498,14.3387902702964,10.945990537460013,22.083385712115746,25.19626482478,43.13820612585477,0.2850328282485788,0.4268738480386817
repeated:v5:2,repeated,v5,2,knn25_all_views,1.0,knn25_all_views__w1.00,757626,159,190198160.246188,15.844397187199208,11.303987854127758,23.038990425953664,27.11067948665729,51.18498939842678,0.3018630556177529,0.44131710632771004
repeated:v5:3,repeated,v5,3,ridge_original_a1,0.25,ridge_original_a1__w0.25,759031,151,115557117.73141077,12.338676950147429,9.488912836821296,17.2215922071421,22.295571934563498,40.32447621493653,0.30944337828287,0.4319732921276739
repeated:v5:3,repeated,v5,3,ridge_original_a1,0.5,ridge_original_a1__w0.50,759031,151,115680812.1311033,12.345278953823493,9.602601668204098,17.04184952215922,22.615257296471796,38.878678456172,0.31386397932360655,0.43150405214977217
repeated:v5:3,repeated,v5,3,ridge_original_a1,0.75,ridge_original_a1__w0.75,759031,151,117286807.95456973,12.430678282213854,9.785129323915658,17.50308505245778,21.911653844149598,37.43455383658594,0.3204486508338697,0.43302414945074086
repeated:v5:3,repeated,v5,3,ridge_original_a1,1.0,ridge_original_a1__w1.00,759031,151,120375105.20181003,12.593271981683593,9.953864497809631,17.410170846877232,21.625493363879272,35.992303751586924,0.3265461939819441,0.4345146955166497
repeated:v5:3,repeated,v5,3,ridge_original_a10,0.25,ridge_original_a10__w0.25,759031,151,117621959.86868308,12.44842620156508,9.550856775377172,17.30798154688397,22.46459755464887,41.04646912574698,0.3152681123843355,0.43043050034979563
repeated:v5:3,repeated,v5,3,ridge_original_a10,0.5,ridge_original_a10__w0.50,759031,151,119784419.11806557,12.562336106580977,9.783444665547965,17.855226491385448,22.78212952301115,40.32396870145685,0.3204194006165053,0.4317187360531942
repeated:v5:3,repeated,v5,3,ridge_original_a10,0.75,ridge_original_a10__w0.75,759031,151,123403102.50363958,12.750678120387873,9.945988333090282,17.96652045936128,22.619973990325022,39.604425559670425,0.32473101765080825,0.43327529155582445
repeated:v5:3,repeated,v5,3,ridge_original_a10,1.0,ridge_original_a10__w1.00,759031,151,128478010.02540515,13.010220102707784,10.074037435822957,17.97258326723352,22.14742647128083,38.8880038561651,0.3281273043940424,0.436598762014526
repeated:v5:3,repeated,v5,3,ridge_original_a100,0.25,ridge_original_a100__w0.25,759031,151,120359121.0899386,12.592435849700653,9.599488525190432,17.786264940656412,21.365148081722552,42.67344120578023,0.32008176475077876,0.4360112755693849
repeated:v5:3,repeated,v5,3,ridge_original_a100,0.5,ridge_original_a100__w0.50,759031,151,127730796.72699521,12.972331963811154,9.96720943853002,18.58409181189671,22.408163407122203,43.57709172120004,0.3210982522830379,0.4404280761696014
repeated:v5:3,repeated,v5,3,ridge_original_a100,0.75,ridge_original_a100__w0.75,759031,151,139030751.666662,13.533984620374024,10.223668142703675,19.350694621431124,25.012682709573788,44.48260409508482,0.3297503583892855,0.44235602334781354
repeated:v5:3,repeated,v5,3,ridge_original_a100,1.0,ridge_original_a100__w1.00,759031,151,154258985.90893897,14.255927539253225,10.73080110677733,20.179496545993562,25.67180048251071,45.389866897245994,0.3346204213959365,0.4514360674968571
repeated:v5:3,repeated,v5,3,ridge_backtest_single_a1,0.25,ridge_backtest_single_a1__w0.25,759031,151,117429328.24796611,12.43822851774008,9.768503856155544,17.43385099995312,22.05994016077164,39.9137355780319,0.30405937319510745,0.42090195055518126
repeated:v5:3,repeated,v5,3,ridge_backtest_single_a1,0.5,ridge_backtest_single_a1__w0.50,759031,151,120654333.64499535,12.607869530235238,9.883539956224723,17.240198339640276,22.186036434323526,38.05863090956214,0.29867716247881204,0.4160880278302733
repeated:v5:3,repeated,v5,3,ridge_backtest_single_a1,0.75,ridge_backtest_single_a1__w0.75,759031,151,126590740.94657989,12.914310208012827,10.30045291468629,19.08423138846624,22.43379222148394,36.20691022757463,0.3031945234748386,0.41976915132002396
repeated:v5:3,repeated,v5,3,ridge_backtest_single_a1,1.0,ridge_backtest_single_a1__w1.00,759031,151,135238550.1527197,13.348132110208269,10.51501705544373,19.113953827778474,22.6846943784594,34.94075260312353,0.3113163772212559,0.42919088016675816
repeated:v5:3,repeated,v5,3,ridge_backtest_single_a10,0.25,ridge_backtest_single_a10__w0.25,759031,151,119098280.23389529,12.526305184517128,9.762567426921619,17.795639276305693,21.95366352044665,40.71006462391887,0.3086886503887204,0.42296674713524457
repeated:v5:3,repeated,v5,3,ridge_backtest_single_a10,0.5,ridge_backtest_single_a10__w0.50,759031,151,124234822.50528672,12.793574873896716,9.78672148103355,17.854472009386697,22.473262428228832,39.651723364162976,0.3040247368507546,0.4232364831804242
repeated:v5:3,repeated,v5,3,ridge_backtest_single_a10,0.75,ridge_backtest_single_a10__w0.75,759031,151,132325351.56966645,13.20358213849832,10.310486944167202,19.1245994035775,23.071777640709712,38.59702661694721,0.3060645034767296,0.4265960212367311
repeated:v5:3,repeated,v5,3,ridge_backtest_single_a10,1.0,ridge_backtest_single_a10__w1.00,759031,151,143369867.42703447,13.743558173845374,10.707573319043117,19.95532534407946,24.515902593312077,37.54628151291845,0.3104083482994003,0.4348427112271621
repeated:v5:3,repeated,v5,3,ridge_backtest_cumulative_a1,0.25,ridge_backtest_cumulative_a1__w0.25,759031,151,116561634.55384925,12.392189834800398,9.589236706941291,17.141304586455213,22.092015219386667,40.21798254868032,0.31075810362793027,0.4302449967946923
repeated:v5:3,repeated,v5,3,ridge_backtest_cumulative_a1,0.5,ridge_backtest_cumulative_a1__w0.50,759031,151,117855247.83477457,12.460765009293237,9.823324157295506,17.295517466681513,22.012543145530977,38.6656839179454,0.31309698001637953,0.4279479481715516
repeated:v5:3,repeated,v5,3,ridge_backtest_cumulative_a1,0.75,ridge_backtest_cumulative_a1__w0.75,759031,151,120796564.59826814,12.615298609162561,9.991214308846281,17.385903353878092,21.82945681447008,37.115064719672546,0.31571544011094915,0.4254638989210028
repeated:v5:3,repeated,v5,3,ridge_backtest_cumulative_a1,1.0,ridge_backtest_cumulative_a1__w1.00,759031,151,125385584.84432991,12.852690459443375,10.362606720580965,17.574316908126082,21.69224867795819,35.5663446139045,0.3172756668319041,0.4248841650069202
repeated:v5:3,repeated,v5,3,ridge_backtest_cumulative_a10,0.25,ridge_backtest_cumulative_a10__w0.25,759031,151,118272185.69660392,12.482786845399788,9.636673913203914,17.260932973943486,22.340673709332673,40.942661217330226,0.31449093111993714,0.42792881924713333
repeated:v5:3,repeated,v5,3,ridge_backtest_cumulative_a10,0.5,ridge_backtest_cumulative_a10__w0.50,759031,151,121579813.21578634,12.656131516567536,10.006643766111925,17.559921071910974,22.727822772214996,40.11601319241518,0.31784756410161585,0.428110686756575
repeated:v5:3,repeated,v5,3,ridge_backtest_cumulative_a10,0.75,ridge_backtest_cumulative_a10__w0.75,759031,151,126838607.31303938,12.926947221364907,10.091352363752806,18.032872473614855,22.140987791155034,39.29198483363773,0.31947191301335864,0.4287887017149477
repeated:v5:3,repeated,v5,3,ridge_backtest_cumulative_a10,1.0,ridge_backtest_cumulative_a10__w1.00,759031,151,134048567.98836306,13.289276350711708,10.531291196463476,18.5253289088201,22.522873231708008,38.470744478050335,0.3194969225786304,0.4319337136707105
repeated:v5:3,repeated,v5,3,ridge_slope_single_a1,0.25,ridge_slope_single_a1__w0.25,759031,151,117173462.37076263,12.424670347134244,9.628753868909895,17.29674001275292,22.40265750437159,40.55074682663363,0.3058809530089586,0.4282686682295942
repeated:v5:3,repeated,v5,3,ridge_slope_single_a1,0.5,ridge_slope_single_a1__w0.50,759031,151,119978925.91021368,12.572531374854105,9.862045873724337,17.470916674444467,24.120644757622138,39.33066647717254,0.31218938562063064,0.4329647490984253
repeated:v5:3,repeated,v5,3,ridge_slope_single_a1,0.75,ridge_slope_single_a1__w0.75,759031,151,125332115.37384526,12.849949714425005,10.013022530627353,17.17148516710752,23.549294787471645,38.1116232073432,0.328686054493166,0.4424198585207567
repeated:v5:3,repeated,v5,3,ridge_slope_single_a1,1.0,ridge_slope_single_a1__w1.00,759031,151,133233030.76165743,13.248789405437702,9.865797178483465,17.17988076697278,22.518184590566186,41.378002840939466,0.3489811676898301,0.46037859824262534
repeated:v5:3,repeated,v5,3,ridge_slope_single_a10,0.25,ridge_slope_single_a10__w0.25,759031,151,118606464.39494671,12.500414766425598,9.556311132523154,17.19680714303305,22.606307382497544,41.408897144171064,0.3126713343670314,0.4278717804808386
repeated:v5:3,repeated,v5,3,ridge_slope_single_a10,0.5,ridge_slope_single_a10__w0.50,759031,151,122740503.00615339,12.716400358149293,9.959373392406292,17.94416441453146,22.157992382534598,41.04759740859279,0.31335167616269277,0.4340240072112528
repeated:v5:3,repeated,v5,3,ridge_slope_single_a10,0.75,ridge_slope_single_a10__w0.75,759031,151,129317840.5891122,13.052673215140823,9.966507176334074,18.235134882051163,22.791567143796872,40.687916172250524,0.3185717256918575,0.44019896356939814
repeated:v5:3,repeated,v5,3,ridge_slope_single_a10,1.0,ridge_slope_single_a10__w1.00,759031,151,138338477.14382315,13.500247749956916,10.428948299341073,19.003276692987747,24.3096321980072,40.3298967388097,0.333078655308276,0.44881423674209076
repeated:v5:3,repeated,v5,3,ridge_local_long_a1,0.25,ridge_local_long_a1__w0.25,759031,151,118057893.13973832,12.471473191814995,9.755994033749987,17.21448046065193,22.040460646731574,39.790964920979775,0.3053127403430214,0.4246272137443994
repeated:v5:3,repeated,v5,3,ridge_local_long_a1,0.5,ridge_local_long_a1__w0.50,759031,151,122108019.69018613,12.683594157443244,10.02199718353734,17.841225873115352,23.453722292611943,37.81256328296781,0.30601367621354275,0.4263790147710303
repeated:v5:3,repeated,v5,3,ridge_local_long_a1,0.75,ridge_local_long_a1__w0.75,759031,151,129066104.40683557,13.039962552965962,10.451531625454981,18.52759489223416,23.438099120438295,36.263189956017754,0.31702613086218684,0.4343079811330009
repeated:v5:3,repeated,v5,3,ridge_local_long_a1,1.0,ridge_local_long_a1__w1.00,759031,151,138932147.28968665,13.529184434777973,10.746210225388827,18.34955567730752,23.06605941412078,38.683289400545995,0.33419402448720636,0.4484319616040717
repeated:v5:3,repeated,v5,3,ridge_local_long_a10,0.25,ridge_local_long_a10__w0.25,759031,151,118944240.29034457,12.518201895129625,9.716677898302123,17.259337861771986,22.079807795029538,40.99226588818787,0.31063062015900794,0.42588864299650797
repeated:v5:3,repeated,v5,3,ridge_local_long_a10,0.5,ridge_local_long_a10__w0.50,759031,151,123697265.63152842,12.765866339748559,9.860195586287373,17.813405300709213,22.163414081077104,40.21476472405854,0.308275052414367,0.42777203572003897
repeated:v5:3,repeated,v5,3,ridge_local_long_a10,0.75,ridge_local_long_a10__w0.75,759031,151,131174800.7790437,13.146055149905031,9.911221281669244,18.439720658604163,22.88556200680847,39.43938854706592,0.30926344620511276,0.4325117407036078
repeated:v5:3,repeated,v5,3,ridge_local_long_a10,1.0,ridge_local_long_a10__w1.00,759031,151,141376845.7328904,13.647697479329068,10.369009647451605,19.47393816705745,24.850404524472413,38.666265194779875,0.3155078481267918,0.43696887146925517
repeated:v5:3,repeated,v5,3,ridge_all_views_a1,0.25,ridge_all_views_a1__w0.25,759031,151,117289813.99060558,12.430837579018386,9.786309056011612,17.431968540714074,22.1087015945008,40.18905166720022,0.3003107683427108,0.4180811244538655
repeated:v5:3,repeated,v5,3,ridge_all_views_a1,0.5,ridge_all_views_a1__w0.50,759031,151,120401782.70281118,12.594667363285629,10.118094462352548,17.992281601145557,22.308257040403692,38.607692152078144,0.28957340077927934,0.40975314630965254
repeated:v5:3,repeated,v5,3,ridge_all_views_a1,0.75,ridge_all_views_a1__w0.75,759031,151,126251630.89210898,12.897001243726354,10.165545311600209,18.56373272793241,23.426934268116973,37.027869364550305,0.28812786746804947,0.4055586737327411
repeated:v5:3,repeated,v5,3,ridge_all_views_a1,1.0,ridge_all_views_a1__w1.00,759031,151,134839358.55849895,13.328417317241257,10.522016177245542,19.145324597457453,23.856176548546017,35.44978875839161,0.2899102793921721,0.4091520114228218
repeated:v5:3,repeated,v5,3,ridge_all_views_a10,0.25,ridge_all_views_a10__w0.25,759031,151,118869661.63772525,12.51427679116617,9.610634535362777,17.61394910904132,22.049066204780694,41.10875099247059,0.307094004406134,0.4228782946525765
repeated:v5:3,repeated,v5,3,ridge_all_views_a10,0.5,ridge_all_views_a10__w0.50,759031,151,123717486.20593868,12.76690970396779,9.77517440015547,18.019869322696344,22.475014183953135,40.447606386189186,0.3008541593642979,0.42033940623392047
repeated:v5:3,repeated,v5,3,ridge_all_views_a10,0.75,ridge_all_views_a10__w0.75,759031,151,131459198.46013242,13.160298294609046,9.985223847665749,19.068896839789645,22.121715142705074,39.78843316982187,0.2974960460037266,0.4218366723831645
repeated:v5:3,repeated,v5,3,ridge_all_views_a10,1.0,ridge_all_views_a10__w1.00,759031,151,142094798.40030646,13.68230708058362,10.516646955768861,20.004417046813987,24.87319747956027,39.13133096858347,0.3005891049864896,0.42447211144504093
repeated:v5:3,repeated,v5,3,ridge_all_views_a100,0.25,ridge_all_views_a100__w0.25,759031,151,120287479.24941817,12.588687568890727,9.583029521373781,17.912872750825688,21.493408053415525,42.84846931298124,0.3168000982796341,0.43405417531412677
repeated:v5:3,repeated,v5,3,ridge_all_views_a100,0.5,ridge_all_views_a100__w0.50,759031,151,127871068.36905335,12.97945299902699,10.08170044428778,18.67141258262648,22.77024498960794,43.927939320578844,0.3149327261951004,0.436132029159531
repeated:v5:3,repeated,v5,3,ridge_all_views_a100,0.75,ridge_all_views_a100__w0.75,759031,151,139666492.11439767,13.564892487353887,10.428403640290343,19.105075335227202,24.485438365435982,45.0099838140034,0.32212723760137946,0.43418337314976624
repeated:v5:3,repeated,v5,3,ridge_all_views_a100,1.0,ridge_all_views_a100__w1.00,759031,151,155673750.48545116,14.321151449017696,11.117990893600208,20.063004781292957,25.1115642728222,46.09442148914189,0.3244915480239734,0.44419663614045374
repeated:v5:3,repeated,v5,3,ridge_all_views_no_indicator_a1,0.25,ridge_all_views_no_indicator_a1__w0.25,759031,151,117261110.78441791,12.429316446389716,9.780584199608638,17.485826373039263,22.119522087297867,40.129686968996545,0.3004116225490533,0.4185155828504419
repeated:v5:3,repeated,v5,3,ridge_all_views_no_indicator_a1,0.5,ridge_all_views_no_indicator_a1__w0.50,759031,151,120328013.0938391,12.590808425221557,10.04458527053643,18.100667852492947,22.27155787843875,38.48894120925739,0.2898391437983095,0.41029103874776074
repeated:v5:3,repeated,v5,3,ridge_all_views_no_indicator_a1,0.75,ridge_all_views_no_indicator_a1__w0.75,759031,151,126116431.68375567,12.890093881793819,10.036060237224223,18.63006137442593,23.23486051546304,36.84971518229173,0.28847322566471195,0.40636037171286316
repeated:v5:3,repeated,v5,3,ridge_all_views_no_indicator_a1,1.0,ridge_all_views_no_indicator_a1__w1.00,759031,151,134626366.55416766,13.317886385120529,10.601347922725353,19.127978429589877,23.9791535290792,35.21222113199764,0.2897200235254958,0.4104541047905455
repeated:v5:3,repeated,v5,3,ridge_all_views_original_boost4_a1,0.25,ridge_all_views_original_boost4_a1__w0.25,759031,151,117466526.8406401,12.44019841728424,9.736206699976323,17.407907705639367,22.26748794467106,40.21779384109528,0.30360193390044826,0.4211839252605884
repeated:v5:3,repeated,v5,3,ridge_all_views_original_boost4_a1,0.5,ridge_all_views_original_boost4_a1__w0.50,759031,151,120643043.52582532,12.607279631491997,9.992609374996059,17.760559375128565,22.263935948385498,38.66501889074168,0.2981663833648394,0.4165816302100266
repeated:v5:3,repeated,v5,3,ridge_all_views_original_boost4_a1,0.75,ridge_all_views_original_boost4_a1__w0.75,759031,151,126445274.81104779,12.9068881218032,10.252205285001995,18.378176757587703,23.310731446213417,37.113599725783374,0.3022706523569363,0.41705958668726295
repeated:v5:3,repeated,v5,3,ridge_all_views_original_boost4_a1,1.0,ridge_all_views_original_boost4_a1__w1.00,759031,151,134873220.6963075,13.330090791428848,10.514757922004433,18.57057693747302,23.647846889650666,35.563713779604235,0.30944873901552106,0.42348711962123314
repeated:v5:3,repeated,v5,3,ridge_all_views_original_boost4_a10,0.25,ridge_all_views_original_boost4_a10__w0.25,759031,151,118974874.58772819,12.519813833756976,9.694271851548221,17.63684806620587,22.148897262739318,41.13675467550765,0.30927822786776876,0.4246812625740693
repeated:v5:3,repeated,v5,3,ridge_all_views_original_boost4_a10,0.5,ridge_all_views_original_boost4_a10__w0.50,759031,151,123841238.52995546,12.773293360382851,9.79122811289239,18.249253987262513,22.427850262328157,40.503460088046864,0.30538898752000243,0.42478900650266566
repeated:v5:3,repeated,v5,3,ridge_all_views_original_boost4_a10,0.75,ridge_all_views_original_boost4_a10__w0.75,759031,151,131514816.58217399,13.163081947950259,10.068538247619692,19.161270222757214,22.586259404054875,39.87197177328046,0.3055126964194089,0.4282425406068425
repeated:v5:3,repeated,v5,3,ridge_all_views_original_boost4_a10,1.0,ridge_all_views_original_boost4_a10__w1.00,759031,151,141995608.74438375,13.677530761292132,10.447784689239347,19.9313295201516,24.614801727705412,39.24237693092384,0.31077439399713874,0.43250886819003026
repeated:v5:3,repeated,v5,3,ridge_per_view_ensemble_a1,0.25,ridge_per_view_ensemble_a1__w0.25,759031,151,117013646.34209996,12.41619428536862,9.473865472607399,17.138179944742934,22.391454317545637,40.3399926537284,0.31165071794058263,0.43064497567655385
repeated:v5:3,repeated,v5,3,ridge_per_view_ensemble_a1,0.5,ridge_per_view_ensemble_a1__w0.50,759031,151,118926052.33502708,12.517244769334457,9.879966449877886,17.14951910805919,22.346570336667924,38.90942196934276,0.3132508519968815,0.4342171196522607
repeated:v5:3,repeated,v5,3,ridge_per_view_ensemble_a1,0.75,ridge_per_view_ensemble_a1__w0.75,759031,151,122652942.7342735,12.711863754118866,9.975956774156069,17.416141831080594,23.296690180915288,37.48019988650666,0.32517259976489327,0.4405005288431695
repeated:v5:3,repeated,v5,3,ridge_per_view_ensemble_a1,1.0,ridge_per_view_ensemble_a1__w1.00,759031,151,128194317.53983921,12.995848221473308,10.164863293209972,17.694619705163483,22.36221427889522,37.01946566918165,0.33857423161761857,0.4506567126939388
repeated:v5:3,repeated,v5,3,extra_trees_all_views,0.25,extra_trees_all_views__w0.25,759031,151,118582728.84577078,12.499163911101087,9.764945239505607,17.266155293741388,21.18233164551883,44.02561287520221,0.31545826568685736,0.4364178200363007
repeated:v5:3,repeated,v5,3,extra_trees_all_views,0.5,extra_trees_all_views__w0.50,759031,151,125742126.0788626,12.87095117534216,10.003528788799162,17.447001238478265,23.360073087901426,46.28509286910296,0.3159302253684075,0.44379365806007476
repeated:v5:3,repeated,v5,3,extra_trees_all_views,0.75,extra_trees_all_views__w0.75,759031,151,138393916.4547676,13.502952599245083,10.199017833455038,18.687060548283778,25.68362547526315,48.54942584695422,0.31811638077815,0.4517169000444876
repeated:v5:3,repeated,v5,3,extra_trees_all_views,1.0,extra_trees_all_views__w1.00,759031,151,156538099.9734858,14.360854177061514,11.12038401592079,20.45813677520579,27.70341997725174,50.81796309907976,0.31528920648095815,0.4586424142047577
repeated:v5:3,repeated,v5,3,hist_gradient_all_views,0.25,hist_gradient_all_views__w0.25,759031,151,117944240.09320477,12.465468670712996,9.829875712389953,16.806213171334225,21.04486548405367,43.91605910970231,0.32533931157100915,0.4366859186648214
repeated:v5:3,repeated,v5,3,hist_gradient_all_views,0.5,hist_gradient_all_views__w0.50,759031,151,124893778.26608491,12.827459296523587,9.858213094257497,15.908123251399518,21.801222388788826,46.0636821478185,0.3269453091719955,0.4428508045284274
repeated:v5:3,repeated,v5,3,hist_gradient_all_views,0.75,hist_gradient_all_views__w0.75,759031,151,137764339.27413258,13.472203989079746,10.440093953303826,18.798565558298368,22.926561151313834,48.21419653319046,0.3300268885646495,0.44437174902863114
repeated:v5:3,repeated,v5,3,hist_gradient_all_views,1.0,hist_gradient_all_views__w1.00,759031,151,156555923.11734778,14.361671704183593,11.480212217819547,21.558194232950697,24.07713436332074,50.367231914256074,0.32817255522917665,0.44488397739066665
repeated:v5:3,repeated,v5,3,knn25_all_views,0.25,knn25_all_views__w0.25,759031,151,115508428.59837644,12.336077271347845,10.02014993318392,15.968834816626146,21.231307901846048,44.950076009696566,0.3206363279274714,0.4321394087780543
repeated:v5:3,repeated,v5,3,knn25_all_views,0.5,knn25_all_views__w0.50,759031,151,122177846.4426332,12.687220158478116,9.843368869759137,17.722080261024903,22.776123941096895,48.200849929405436,0.31906695046696393,0.4448239134807779
repeated:v5:3,repeated,v5,3,knn25_all_views,0.75,knn25_all_views__w0.75,759031,151,136923978.2882624,13.43105098524071,10.363481295907995,19.379053856001864,24.38969723804493,51.51037617213307,0.3260360600688721,0.4569031489763241
repeated:v5:3,repeated,v5,3,knn25_all_views,1.0,knn25_all_views__w1.00,759031,151,159746824.13526404,14.507292238732585,11.160132913676733,21.96649828014788,26.13884885792337,54.86802431025079,0.3275203268203901,0.4647900614914327
repeated:v5:4,repeated,v5,4,ridge_original_a1,0.25,ridge_original_a1__w0.25,756029,153,144294383.34081346,13.815146222425215,9.500968697457456,20.804394198635677,24.67652140721141,53.08520837488603,0.3624743238097389,0.5011369277501981
repeated:v5:4,repeated,v5,4,ridge_original_a1,0.5,ridge_original_a1__w0.50,756029,153,142476987.84310585,13.727869283336814,9.236689380314633,20.206412274434022,24.137297406746995,50.797381930458265,0.35346681251328416,0.49193546653391873
repeated:v5:4,repeated,v5,4,ridge_original_a1,0.75,ridge_original_a1__w0.75,756029,153,141905209.58581877,13.700295749560112,9.231542888646219,20.610621765391755,23.6042313939418,48.61026422036547,0.34678797011490264,0.4827381006900328
repeated:v5:4,repeated,v5,4,ridge_original_a1,1.0,ridge_original_a1__w1.00,756029,153,142579048.56895223,13.73278525434979,9.444881345427477,20.23364925619992,23.882962366999045,46.5380562331492,0.3412640497237099,0.47181891174961277
repeated:v5:4,repeated,v5,4,ridge_original_a10,0.25,ridge_original_a10__w0.25,756029,153,148671690.5414931,14.023128464743978,9.73726148855712,21.167191072746537,25.55075333670363,54.36417725507165,0.36605518858411795,0.5116661086282506
repeated:v5:4,repeated,v5,4,ridge_original_a10,0.5,ridge_original_a10__w0.50,756029,153,151013063.88045442,14.133119536113515,9.941637212694772,21.9085597418628,25.60466943244115,53.287426290132736,0.3615119470893773,0.5077772048496988
repeated:v5:4,repeated,v5,4,ridge_original_a10,0.75,ridge_original_a10__w0.75,756029,153,154381516.09582555,14.289874790750225,9.968628463231191,22.167642889104574,26.01243214142087,52.23228786142578,0.3555569083967437,0.5031047181287975
repeated:v5:4,repeated,v5,4,ridge_original_a10,1.0,ridge_original_a10__w1.00,756029,153,158777047.18760657,14.491876796276209,10.012547730169672,22.7750073465461,26.82928812347254,51.200098168444974,0.3486101606034384,0.4967692584594162
repeated:v5:4,repeated,v5,4,ridge_original_a100,0.25,ridge_original_a100__w0.25,756029,153,153814461.18173844,14.26360675527622,9.59476480842156,22.10959624221168,25.27850800367908,57.01088308545687,0.3814563085858631,0.5270872260433267
repeated:v5:4,repeated,v5,4,ridge_original_a100,0.5,ridge_original_a100__w0.50,756029,153,163391972.7578153,14.700974723683238,9.811550628383472,21.80110807615918,26.62635933156534,58.59914648199447,0.38975037012619457,0.5330303406981451
repeated:v5:4,repeated,v5,4,ridge_original_a100,0.75,ridge_original_a100__w0.75,756029,153,176089930.80717224,15.261528572095028,9.67370935759558,21.405872482740566,29.159861917678263,60.223013324859856,0.39330856294929667,0.5401002268258296
repeated:v5:4,repeated,v5,4,ridge_original_a100,1.0,ridge_original_a100__w1.00,756029,153,191908335.32980922,15.932271252419085,9.993861148677794,22.657896267502732,30.425367648094905,61.879680725644036,0.3923676698262356,0.5442533697384031
repeated:v5:4,repeated,v5,4,ridge_backtest_single_a1,0.25,ridge_backtest_single_a1__w0.25,756029,153,150818029.21989295,14.123990065225989,9.950596354909953,21.742643552450673,25.159533474873044,54.77019258874234,0.36461553723943774,0.5077286743266397
repeated:v5:4,repeated,v5,4,ridge_backtest_single_a1,0.5,ridge_backtest_single_a1__w0.50,756029,153,156207620.73251173,14.3741403640406,10.310008327198055,22.162443323317497,25.24333297202915,54.16511808523944,0.35850664424515893,0.5002092941606042
repeated:v5:4,repeated,v5,4,ridge_backtest_single_a1,0.75,ridge_backtest_single_a1__w0.75,756029,153,163526170.61679798,14.70701062122596,10.29011296327082,22.770570708382703,25.470257635559523,53.648968882565015,0.3497404366184442,0.4931144793176997
repeated:v5:4,repeated,v5,4,ridge_backtest_single_a1,1.0,ridge_backtest_single_a1__w1.00,756029,153,172773678.87275168,15.117137493114834,10.310305199343519,22.921506182467294,26.187010592344546,53.22433213419793,0.34337188614166547,0.48554701841142506
repeated:v5:4,repeated,v5,4,ridge_backtest_single_a10,0.25,ridge_backtest_single_a10__w0.25,756029,153,151201753.35012338,14.141946382794837,9.836302077866213,22.12474317252608,25.43349420123983,54.4776054354113,0.3679233480092344,0.5120004196451081
repeated:v5:4,repeated,v5,4,ridge_backtest_single_a10,0.5,ridge_backtest_single_a10__w0.50,756029,153,157008721.1070703,14.410951638896101,10.004215221743918,21.839551041799538,25.4231988310115,53.51457171230226,0.36519564361021173,0.50717686541712
repeated:v5:4,repeated,v5,4,ridge_backtest_single_a10,0.75,ridge_backtest_single_a10__w0.75,756029,153,164778299.34978238,14.76320943492679,10.169978311625655,22.428568326940884,27.766289017105485,52.57331522689783,0.36070668449243304,0.5006222769637446
repeated:v5:4,repeated,v5,4,ridge_backtest_single_a10,1.0,ridge_backtest_single_a10__w1.00,756029,153,174510488.0782596,15.19293008397562,10.249858633281805,22.251439998476524,29.559273892386116,51.655026465613524,0.35407686141386857,0.4955496129037156
repeated:v5:4,repeated,v5,4,ridge_backtest_cumulative_a1,0.25,ridge_backtest_cumulative_a1__w0.25,756029,153,147453191.57088512,13.965544122532341,9.789301895123495,20.963341354760757,25.700078655664203,54.15040887626024,0.36379473346592145,0.5049278965798958
repeated:v5:4,repeated,v5,4,ridge_backtest_cumulative_a1,0.5,ridge_backtest_cumulative_a1__w0.50,756029,153,149246417.1532846,14.050207228503995,9.921111866818592,21.0020562130368,26.08817525901205,52.92345437709876,0.35619574216681277,0.49835331350149625
repeated:v5:4,repeated,v5,4,ridge_backtest_cumulative_a1,0.75,ridge_backtest_cumulative_a1__w0.75,756029,153,152737072.82614005,14.21356448825422,9.884876532031406,20.80200151490704,25.69348911109997,51.78638358138633,0.3510308081867203,0.49122833181888315
repeated:v5:4,repeated,v5,4,ridge_backtest_cumulative_a1,1.0,ridge_backtest_cumulative_a1__w1.00,756029,153,157925158.58945146,14.452947780019283,10.11330444799412,20.615733046643662,27.156085608110086,50.745239039411786,0.34571771931808454,0.48289935477086376
repeated:v5:4,repeated,v5,4,ridge_backtest_cumulative_a10,0.25,ridge_backtest_cumulative_a10__w0.25,756029,153,149420097.72431746,14.05838008294987,9.726465884479548,21.449763836658157,25.616728841068095,54.44113598573138,0.3658293571320952,0.5119868565106664
repeated:v5:4,repeated,v5,4,ridge_backtest_cumulative_a10,0.5,ridge_backtest_cumulative_a10__w0.50,756029,153,152921587.44706723,14.222147273132213,9.81466393051975,22.099999990488758,25.41416001818093,53.442636671655954,0.3610660201314311,0.5077101731052124
repeated:v5:4,repeated,v5,4,ridge_backtest_cumulative_a10,0.75,ridge_backtest_cumulative_a10__w0.75,756029,153,157861865.2471909,14.450051259119395,9.828720634219211,22.422043339969495,26.149015607980534,52.46701992897633,0.35524197948222624,0.5021144414434537
repeated:v5:4,repeated,v5,4,ridge_backtest_cumulative_a10,1.0,ridge_backtest_cumulative_a10__w1.00,756029,153,164240931.12468845,14.739117190463931,9.677401724171483,22.778533244477867,27.01254478136004,51.5155858439348,0.34756920444193207,0.49363677261031835
repeated:v5:4,repeated,v5,4,ridge_slope_single_a1,0.25,ridge_slope_single_a1__w0.25,756029,153,149841088.4296781,14.078170875814104,9.533734692056488,20.872614854682187,25.651226371395115,55.90493341522784,0.37289287218623085,0.5128295525443649
repeated:v5:4,repeated,v5,4,ridge_slope_single_a1,0.5,ridge_slope_single_a1__w0.50,756029,153,153889263.4998851,14.267074638449056,9.821792466774982,20.80312585721514,25.79053549352827,56.41804469721194,0.37510739828633793,0.5091207906616978
repeated:v5:4,repeated,v5,4,ridge_slope_single_a1,0.75,ridge_slope_single_a1__w0.75,756029,153,159501921.28956264,14.524919430984953,9.826620886229113,20.830129933125146,25.873636313195973,56.99873999580209,0.3744968002770776,0.506353924549159
repeated:v5:4,repeated,v5,4,ridge_slope_single_a1,1.0,ridge_slope_single_a1__w1.00,756029,153,166679061.7987107,14.848114103185102,10.070528377547936,21.817539601382425,25.968595757310634,57.64497689407456,0.3725217120299926,0.5021146622537935
repeated:v5:4,repeated,v5,4,ridge_slope_single_a10,0.25,ridge_slope_single_a10__w0.25,756029,153,151404605.87527198,14.151429632633304,9.648151616754857,21.981674684833475,25.8620910655901,55.67442389647307,0.3719834246597342,0.5181758465811339
repeated:v5:4,repeated,v5,4,ridge_slope_single_a10,0.5,ridge_slope_single_a10__w0.50,756029,153,157199940.6408214,14.419724453941978,9.733766420120554,22.398333498848743,25.89300346004261,55.907513281332854,0.3749266446841018,0.519353967595266
repeated:v5:4,repeated,v5,4,ridge_slope_single_a10,0.75,ridge_slope_single_a10__w0.75,756029,153,164743400.37558985,14.761645976176155,9.946725328950174,22.578705075142913,27.614259078720153,56.160301766613756,0.37550235773055346,0.5166742745721831
repeated:v5:4,repeated,v5,4,ridge_slope_single_a10,1.0,ridge_slope_single_a10__w1.00,756029,153,174034985.0795773,15.172217255312686,10.221786077386708,22.815356054212835,29.24105889906233,56.43252462763212,0.37361360480794337,0.5116825372093038
repeated:v5:4,repeated,v5,4,ridge_local_long_a1,0.25,ridge_local_long_a1__w0.25,756029,153,152541189.5727359,14.204447210928047,9.893096777306976,21.247543743475195,25.26686500357198,56.6294300305429,0.3703361273645112,0.5113886661397019
repeated:v5:4,repeated,v5,4,ridge_local_long_a1,0.5,ridge_local_long_a1__w0.50,756029,153,159611088.29774618,14.529889185472408,10.030187493112686,21.511258723288744,25.438169481193267,57.87203967837758,0.3682465704196535,0.5073049531693185
repeated:v5:4,repeated,v5,4,ridge_local_long_a1,0.75,ridge_local_long_a1__w0.75,756029,153,168567092.25397244,14.931972120501566,10.199591629373778,22.39067051465512,25.923167141334247,59.18442102510655,0.3647384463371972,0.5035672322044571
repeated:v5:4,repeated,v5,4,ridge_local_long_a1,1.0,ridge_local_long_a1__w1.00,756029,153,179409201.44141468,15.404695893266624,10.441535105338849,22.726499051591233,26.299948399956044,60.56203837560499,0.3598696424819378,0.4967860800754788
repeated:v5:4,repeated,v5,4,ridge_local_long_a10,0.25,ridge_local_long_a10__w0.25,756029,153,152143904.64202112,14.185937810313304,9.911059940755068,22.088025388701823,25.522977531619993,55.41357032380741,0.37068589644878547,0.513666240973693
repeated:v5:4,repeated,v5,4,ridge_local_long_a10,0.5,ridge_local_long_a10__w0.50,756029,153,158880540.4663454,14.4965990390402,10.159430189095243,22.303748299458913,25.602622086592344,55.38555172737576,0.36981558468219006,0.5105784474727871
repeated:v5:4,repeated,v5,4,ridge_local_long_a10,0.75,ridge_local_long_a10__w0.75,756029,153,167567303.5519145,14.887624736911881,10.192643055293303,22.846413247732617,27.290732559985987,55.37725608555566,0.3659493479464944,0.5048819633827611
repeated:v5:4,repeated,v5,4,ridge_local_long_a10,1.0,ridge_local_long_a10__w1.00,756029,153,178204193.8987284,15.352875671459879,10.467394199446092,22.16531335668552,28.876145717894488,55.3886922601512,0.3606393384887046,0.49918930428996633
repeated:v5:4,repeated,v5,4,ridge_all_views_a1,0.25,ridge_all_views_a1__w0.25,756029,153,152245379.8993644,14.190667811637695,9.828499013797693,21.531770141474947,25.90455004228242,56.384490141645145,0.37295331096397744,0.5143298305340643
repeated:v5:4,repeated,v5,4,ridge_all_views_a1,0.5,ridge_all_views_a1__w0.50,756029,153,159147153.8838688,14.508757128776566,9.971283902947393,21.024177087421535,26.313315760909465,57.37755731630481,0.3762455429819196,0.5104568011903375
repeated:v5:4,repeated,v5,4,ridge_all_views_a1,0.75,ridge_all_views_a1__w0.75,756029,153,168062718.03245482,14.909616203308543,10.167818792043219,21.20730172604026,27.247042472083486,58.43692209879044,0.37663546887313726,0.5071366393107117
repeated:v5:4,repeated,v5,4,ridge_all_views_a1,1.0,ridge_all_views_a1__w1.00,756029,153,178992072.34512243,15.386777396994395,10.233673729496314,22.059119572876146,28.499003174243633,59.559046927532826,0.37398944247366445,0.5025675268764952
repeated:v5:4,repeated,v5,4,ridge_all_views_a10,0.25,ridge_all_views_a10__w0.25,756029,153,152098138.19252154,14.183804011920959,9.807775678554206,22.069641029035136,25.657389028450517,55.36870176228932,0.37210290719389966,0.5161934958918343
repeated:v5:4,repeated,v5,4,ridge_all_views_a10,0.5,ridge_all_views_a10__w0.50,756029,153,158983732.86346683,14.501306021964455,9.96612500186388,21.641547676728916,26.34001739474491,55.29657967159232,0.3756958086071848,0.5139002973335569
repeated:v5:4,repeated,v5,4,ridge_all_views_a10,0.75,ridge_all_views_a10__w0.75,756029,153,168014180.0917775,14.907463035924962,10.130722946844534,21.3655570867892,27.565208952694725,55.24499583517642,0.376185144668774,0.5083818578030427
repeated:v5:4,repeated,v5,4,ridge_all_views_a10,1.0,ridge_all_views_a10__w1.00,756029,153,179189479.8774535,15.395259975817384,10.435460192995691,21.60889965803175,29.378904144218247,55.21400781683075,0.37384502335818753,0.5038738462031476
repeated:v5:4,repeated,v5,4,ridge_all_views_a100,0.25,ridge_all_views_a100__w0.25,756029,153,154267489.69768816,14.284596555446852,9.750069099879486,22.042327702661655,25.091007522525903,56.82168476896701,0.3817606493536832,0.5264776073297789
repeated:v5:4,repeated,v5,4,ridge_all_views_a100,0.5,ridge_all_views_a100__w0.50,756029,153,164648178.51144964,14.757379235847647,9.828654991971,21.674869616053144,26.95380441563472,58.22032601981516,0.3901634938227233,0.5315735720869265
repeated:v5:4,repeated,v5,4,ridge_all_views_a100,0.75,ridge_all_views_a100__w0.75,756029,153,178499462.52022606,15.365589587173881,9.807754994156529,21.58531923964588,29.36145731266332,59.654516214881305,0.39324237807178686,0.5388170649470857
repeated:v5:4,repeated,v5,4,ridge_all_views_a100,1.0,ridge_all_views_a100__w1.00,756029,153,195821341.72401744,16.093880921157623,10.023519591732402,23.856476868495694,31.091651193467108,61.121752992840186,0.39257550747694325,0.5434999739672863
repeated:v5:4,repeated,v5,4,ridge_all_views_no_indicator_a1,0.25,ridge_all_views_no_indicator_a1__w0.25,756029,153,152295065.2462342,14.192983188096253,9.764874312876621,21.561681707782725,25.977081101932892,56.2905719395239,0.3722272228795926,0.5138329625091382
repeated:v5:4,repeated,v5,4,ridge_all_views_no_indicator_a1,0.5,ridge_all_views_no_indicator_a1__w0.50,756029,153,159276288.8491193,14.514642273091235,10.051981290730286,20.885574092449676,26.396554606205783,57.19048541174584,0.37486484232568873,0.5092627298441846
repeated:v5:4,repeated,v5,4,ridge_all_views_no_indicator_a1,0.75,ridge_all_views_no_indicator_a1__w0.75,756029,153,168301066.88759688,14.920184968689538,10.107241986645004,20.963050951587217,27.216753655223048,58.15774407832204,0.374564068606781,0.5056464000355778
repeated:v5:4,repeated,v5,4,ridge_all_views_no_indicator_a1,1.0,ridge_all_views_no_indicator_a1__w1.00,756029,153,179369399.36166698,15.402987026219604,10.066338610475722,22.353855566886434,28.48547436823998,59.189046395631195,0.37126475555364635,0.5006097361694811
repeated:v5:4,repeated,v5,4,ridge_all_views_original_boost4_a1,0.25,ridge_all_views_original_boost4_a1__w0.25,756029,153,152007254.83352923,14.17956574710765,9.83051168936566,21.464114481060083,25.827428046222558,56.37999444213708,0.3720542403429617,0.5138831245016316
repeated:v5:4,repeated,v5,4,ridge_all_views_original_boost4_a1,0.5,ridge_all_views_original_boost4_a1__w0.50,756029,153,158538108.80229804,14.480968515144442,9.923814403246896,21.39981519586876,26.35116615839151,57.370836883032524,0.3739188740170354,0.5105298863413783
repeated:v5:4,repeated,v5,4,ridge_all_views_original_boost4_a1,0.75,ridge_all_views_original_boost4_a1__w0.75,756029,153,166949957.98524803,14.860175199687411,10.046393196836915,21.792260063815103,26.828632924224664,58.43013993920226,0.37358795690836294,0.5062429668409844
repeated:v5:4,repeated,v5,4,ridge_all_views_original_boost4_a1,1.0,ridge_all_views_original_boost4_a1__w1.00,756029,153,177242802.38237917,15.311406149108224,10.314703108011892,22.27457421908423,27.928976314734452,59.55425055578411,0.3704681476099102,0.5008760826016941
repeated:v5:4,repeated,v5,4,ridge_all_views_original_boost4_a10,0.25,ridge_all_views_original_boost4_a10__w0.25,756029,153,151918390.88008016,14.17542043021666,9.79708475815635,22.164982560721594,25.657084159421725,55.39296605053401,0.3710718406970079,0.5157718797525588
repeated:v5:4,repeated,v5,4,ridge_all_views_original_boost4_a10,0.5,ridge_all_views_original_boost4_a10__w0.50,756029,153,158489702.33769444,14.47875760822014,10.074255697929182,21.93228766272418,26.15043813125413,55.345081786851964,0.37368921390987014,0.5132553267127504
repeated:v5:4,repeated,v5,4,ridge_all_views_original_boost4_a10,0.75,ridge_all_views_original_boost4_a10__w0.75,756029,153,167071330.45178443,14.865575885171848,10.25486023227033,21.85965350015837,27.58517149774604,55.31768225057488,0.37350627525041746,0.5083862778877742
repeated:v5:4,repeated,v5,4,ridge_all_views_original_boost4_a10,1.0,ridge_all_views_original_boost4_a10__w1.00,756029,153,177663275.22235015,15.329557003841778,10.44308030099226,22.2892178049362,29.451879930295753,55.31079788452087,0.37068452092903076,0.5031885140253328
repeated:v5:4,repeated,v5,4,ridge_per_view_ensemble_a1,0.25,ridge_per_view_ensemble_a1__w0.25,756029,153,147991639.59005028,13.991019553553937,9.68753883018413,20.93946603396486,25.301086955503916,54.271502468654035,0.36482207354090224,0.5063903282586211
repeated:v5:4,repeated,v5,4,ridge_per_view_ensemble_a1,0.5,ridge_per_view_ensemble_a1__w0.50,756029,153,149976965.88395694,14.084552545138935,10.086749265143077,20.80153353749607,25.386285993340138,53.17022998852767,0.36011700207641806,0.5003832086379599
repeated:v5:4,repeated,v5,4,ridge_per_view_ensemble_a1,0.75,ridge_per_view_ensemble_a1__w0.75,756029,153,153313374.9606616,14.240354301483865,10.10352168859781,20.649345365029152,26.091616429210518,52.16307055480753,0.35745921208316733,0.4957775435905148
repeated:v5:4,repeated,v5,4,ridge_per_view_ensemble_a1,1.0,ridge_per_view_ensemble_a1__w1.00,756029,153,158000866.82016423,14.456411686617106,10.237016745848887,20.40760303431808,26.606592975077046,51.25557236265951,0.35529228871649066,0.4895082864883003
repeated:v5:4,repeated,v5,4,extra_trees_all_views,0.25,extra_trees_all_views__w0.25,756029,153,151752805.21595636,14.16769297093659,9.757377637167433,23.08547430333969,25.031613053363422,54.98301986271557,0.37660743281923453,0.5236907078518485
repeated:v5:4,repeated,v5,4,extra_trees_all_views,0.5,extra_trees_all_views__w0.50,756029,153,161414205.461125,14.611730351589324,9.76992809579596,23.63890889741527,26.446097822261997,54.54071295997195,0.38144955088299487,0.5260658767133973
repeated:v5:4,repeated,v5,4,extra_trees_all_views,0.75,extra_trees_all_views__w0.75,756029,153,176341596.8144475,15.272430491959307,9.647181784410922,23.391309892235306,29.047947696626075,54.1352425883291,0.382683080086916,0.5260947470559298
repeated:v5:4,repeated,v5,4,extra_trees_all_views,1.0,extra_trees_all_views__w1.00,756029,153,196534979.2759239,16.123179956548316,10.203702766972409,24.830909943925263,31.29650287644366,53.76744212782806,0.37865546979532266,0.527239784282947
repeated:v5:4,repeated,v5,4,hist_gradient_all_views,0.25,hist_gradient_all_views__w0.25,756029,153,152210237.93570474,14.189029940217418,9.529224335301318,22.515702485072897,25.04013129425052,55.9240611044475,0.3828922005851488,0.5286136175567523
repeated:v5:4,repeated,v5,4,hist_gradient_all_views,0.5,hist_gradient_all_views__w0.50,756029,153,162280671.7734751,14.650895514101645,9.773693714394218,22.850230432249607,27.470912318205446,56.408540567911885,0.39376332085117005,0.533453288557322
repeated:v5:4,repeated,v5,4,hist_gradient_all_views,0.75,hist_gradient_all_views__w0.75,756029,153,177568697.59225273,15.325476176858222,9.718202275844499,22.522356270897852,28.52777945104072,56.914166206540834,0.39638983087370316,0.5396481989660619
repeated:v5:4,repeated,v5,4,hist_gradient_all_views,1.0,hist_gradient_all_views__w1.00,756029,153,198074315.39203763,16.18619821611492,9.88535275320417,24.44183134352737,30.06636556490446,57.440379598031576,0.39557946165513413,0.5474081750733928
repeated:v5:4,repeated,v5,4,knn25_all_views,0.25,knn25_all_views__w0.25,756029,153,154000890.12804022,14.272248153159104,9.40461124579818,22.76518891621361,25.003342643704666,58.90539652892089,0.3907753449454407,0.5328282525928109
repeated:v5:4,repeated,v5,4,knn25_all_views,0.5,knn25_all_views__w0.50,756029,153,168996449.7493105,14.950976650953814,9.522126532900401,22.300610740552067,27.25891916963202,62.399704083637815,0.39992764466584185,0.538423934412358
repeated:v5:4,repeated,v5,4,knn25_all_views,0.75,knn25_all_views__w0.75,756029,153,192344074.94275236,15.950348594976683,9.916622127817355,23.650011501780135,28.97995835783576,65.93622515515192,0.4001891615107111,0.5341893327264869
repeated:v5:4,repeated,v5,4,knn25_all_views,1.0,knn25_all_views__w1.00,756029,153,224043765.70836586,17.214610649012048,11.044232330772147,25.42772478420816,30.552355578047994,69.5085167025263,0.39040470326377086,0.5286739757248339
spatial:0,spatial,spatial,0,ridge_original_a1,0.25,ridge_original_a1__w0.25,836580,155,127032533.0981845,12.322639412214585,9.608135269867162,18.088719280425117,22.457909825019474,33.11718957628557,0.28496599489999175,0.4332063813923725
spatial:0,spatial,spatial,0,ridge_original_a1,0.5,ridge_original_a1__w0.50,836580,155,130775047.60713081,12.502840892938748,9.780654606635334,17.460868843661412,22.916875779495182,33.47131751591815,0.2921386668252266,0.43294903663313017
spatial:0,spatial,spatial,0,ridge_original_a1,0.75,ridge_original_a1__w0.75,836580,155,136127148.5671154,12.756121138953215,9.857224357837003,17.89094537170106,23.437004606632623,33.843214630475515,0.2961325438047716,0.43060585668553525
spatial:0,spatial,spatial,0,ridge_original_a1,1.0,ridge_original_a1__w1.00,836580,155,143088835.9781383,13.078234989324338,10.178206397462342,18.13764816264418,24.10651521772978,35.15516084039539,0.2971695454831889,0.43231364164926345
spatial:0,spatial,spatial,0,ridge_original_a10,0.25,ridge_original_a10__w0.25,836580,155,130294129.89849006,12.47983047979922,9.594141306809611,18.566114731475956,23.25870255466214,33.46634907982143,0.28588435337694185,0.4363454156426746
spatial:0,spatial,spatial,0,ridge_original_a10,0.5,ridge_original_a10__w0.50,836580,155,137491885.04013848,12.819904626203245,9.93303566432729,18.031417218616568,24.522183058274887,34.153631623443516,0.29359045822158664,0.43948895337738414
spatial:0,spatial,spatial,0,ridge_original_a10,0.75,ridge_original_a10__w0.75,836580,155,146492870.46522173,13.232884003152254,10.153995526419019,18.9936669937606,25.534390291076274,34.84311583480112,0.30277801206937094,0.441554978784794
spatial:0,spatial,spatial,0,ridge_original_a10,1.0,ridge_original_a10__w1.00,836580,155,157297086.17373982,13.712182979100444,10.508642231540588,19.300633585761314,25.853857434318083,35.534673556329814,0.30913638155561374,0.4457613758829629
spatial:0,spatial,spatial,0,ridge_original_a100,0.25,ridge_original_a100__w0.25,836580,155,132991348.61348991,12.608341293113476,9.609684936566387,18.505409858797755,23.714235294228637,32.70813188202156,0.2875926639113084,0.4366917930750349
spatial:0,spatial,spatial,0,ridge_original_a100,0.5,ridge_original_a100__w0.50,836580,155,145089980.76522145,13.169369185231716,9.736278460911176,19.510952121622694,25.411588129450358,34.24961814905569,0.30495567370335436,0.44536220476204963
spatial:0,spatial,spatial,0,ridge_original_a100,0.75,ridge_original_a100__w0.75,836580,155,161195501.4954711,13.881062830328172,10.296168729004249,20.400158555310924,26.58442111173132,36.869288590040185,0.31647714987195386,0.454982160373197
spatial:0,spatial,spatial,0,ridge_original_a100,1.0,ridge_original_a100__w1.00,836580,155,181307910.80423886,14.721587273503955,10.39396045410609,21.61440325127771,28.51192677492252,42.104209433356196,0.32294992604563455,0.4605516306152987
spatial:0,spatial,spatial,0,ridge_backtest_single_a1,0.25,ridge_backtest_single_a1__w0.25,836580,155,131249708.8227299,12.525510501729912,9.696362162321499,18.14039068622731,23.100834753368105,34.16135966778141,0.28484844043244656,0.4338158853311548
spatial:0,spatial,spatial,0,ridge_backtest_single_a1,0.5,ridge_backtest_single_a1__w0.50,836580,155,140672235.47013667,12.967326789687425,9.878121643551866,17.992461701231157,24.726330424184685,35.58019325810963,0.29454798441505914,0.43933300751802035
spatial:0,spatial,spatial,0,ridge_backtest_single_a1,0.75,ridge_backtest_single_a1__w0.75,836580,155,153167184.98249677,13.530976084688573,10.149837188963515,18.859788670995968,26.387277905771295,37.033438914902845,0.3000105404021463,0.45281396191926
spatial:0,spatial,spatial,0,ridge_backtest_single_a1,1.0,ridge_backtest_single_a1__w1.00,836580,155,168734557.35981017,14.201959813017115,10.682540173113557,20.04792028374189,28.35248812290264,38.5172017557059,0.30571175196972916,0.4642519400726868
spatial:0,spatial,spatial,0,ridge_backtest_single_a10,0.25,ridge_backtest_single_a10__w0.25,836580,155,131969211.28295065,12.559795600163369,9.770847302610292,17.981780152040972,23.69791792828426,33.50906392117264,0.2860128409315843,0.4354799586475056
spatial:0,spatial,spatial,0,ridge_backtest_single_a10,0.5,ridge_backtest_single_a10__w0.50,836580,155,142193522.57043046,13.037255227674002,9.952897268882259,18.83042614178538,24.664467730189532,34.24045040640212,0.2994524085169599,0.4407135467721457
spatial:0,spatial,spatial,0,ridge_backtest_single_a10,0.75,ridge_backtest_single_a10__w0.75,836580,155,155572538.90271586,13.6368081544219,10.140656601636278,19.78662569213637,25.220337773946515,34.975332186346215,0.3092045832836028,0.451449902485105
spatial:0,spatial,spatial,0,ridge_backtest_single_a10,1.0,ridge_backtest_single_a10__w1.00,836580,155,172106260.2798069,14.343151809308392,10.89152367101162,20.97556917984607,26.379041523109787,37.766527057674246,0.3144713086740055,0.4628469109939694
spatial:0,spatial,spatial,0,ridge_backtest_cumulative_a1,0.25,ridge_backtest_cumulative_a1__w0.25,836580,155,127794649.06100976,12.35954821269992,9.727634849872766,17.949676533060654,22.576993553068373,33.42538964097624,0.28624546758035674,0.43106863798629996
spatial:0,spatial,spatial,0,ridge_backtest_cumulative_a1,0.5,ridge_backtest_cumulative_a1__w0.50,836580,155,132488189.76083723,12.584467520696135,9.909964919538584,17.428786397477865,23.672355622022398,34.101563602484305,0.29426968808124965,0.4307659251913501
spatial:0,spatial,spatial,0,ridge_backtest_cumulative_a1,0.75,ridge_backtest_cumulative_a1__w0.75,836580,155,138980227.13975886,12.889105238604575,10.135734354252003,17.343367898709623,24.3536081981761,34.80805261020386,0.2987334931992584,0.43357746442863665
spatial:0,spatial,spatial,0,ridge_backtest_cumulative_a1,1.0,ridge_backtest_cumulative_a1__w1.00,836580,155,147270761.19777468,13.26797140632877,9.949133550451197,17.410549867598785,24.62796783671816,35.54304899403529,0.29994419874398304,0.4342246788494166
spatial:0,spatial,spatial,0,ridge_backtest_cumulative_a10,0.25,ridge_backtest_cumulative_a10__w0.25,836580,155,130444487.20861702,12.487029164466954,9.63699863320875,18.016759162624663,23.096922358417793,33.352363327088334,0.28483166776063223,0.43307362102353053
spatial:0,spatial,spatial,0,ridge_backtest_cumulative_a10,0.5,ridge_backtest_cumulative_a10__w0.50,836580,155,138275139.40011856,12.85636854626613,9.813002917602809,18.215828413589136,24.774002705457743,33.92562703656273,0.2932378288781394,0.43595740385274484
spatial:0,spatial,spatial,0,ridge_backtest_cumulative_a10,0.75,ridge_backtest_cumulative_a10__w0.75,836580,155,148391561.61478114,13.318363492153837,10.097450133588243,19.242608540684262,25.006923982540016,34.634388883777,0.3015863500467363,0.4421102163281549
spatial:0,spatial,spatial,0,ridge_backtest_cumulative_a10,1.0,ridge_backtest_cumulative_a10__w1.00,836580,155,160793753.85260475,13.863754148476286,10.275051173208793,19.656686237070602,25.91168828726748,36.51113800903842,0.30630669225304785,0.4455153575167908
spatial:0,spatial,spatial,0,ridge_slope_single_a1,0.25,ridge_slope_single_a1__w0.25,836580,155,130837406.83441523,12.50582148667021,9.751135863137064,18.61946041151743,22.83702303177361,33.86205927403446,0.27833893662945386,0.43024713718189517
spatial:0,spatial,spatial,0,ridge_slope_single_a1,0.5,ridge_slope_single_a1__w0.50,836580,155,139738460.77032104,12.924216922968176,9.875827252069636,19.238718429292422,24.781620539197284,34.96176122403931,0.2798495725675709,0.43842283376352453
spatial:0,spatial,spatial,0,ridge_slope_single_a1,0.75,ridge_slope_single_a1__w0.75,836580,155,151602766.84799394,13.461697427369316,10.066774349362722,20.03184372451742,25.818198763020963,36.078770667674696,0.2935755359679044,0.4458052253050229
spatial:0,spatial,spatial,0,ridge_slope_single_a1,1.0,ridge_slope_single_a1__w1.00,836580,155,166430325.06743392,14.104655781648,10.28842918991168,21.02044111139273,26.901484559615675,43.36619375489848,0.3072581476876271,0.4584262507816062
spatial:0,spatial,spatial,0,ridge_slope_single_a10,0.25,ridge_slope_single_a10__w0.25,836580,155,132074079.82925786,12.56478489249806,9.677832423953785,18.78574284563916,23.280358000495728,33.546795813380726,0.28160180585146055,0.43343394405321706
spatial:0,spatial,spatial,0,ridge_slope_single_a10,0.5,ridge_slope_single_a10__w0.50,836580,155,141958020.69859523,13.026454558733235,9.785722317730489,18.561951536977343,24.65476946153617,34.31582110777217,0.28793258353880047,0.4353099900647316
spatial:0,spatial,spatial,0,ridge_slope_single_a10,0.75,ridge_slope_single_a10__w0.75,836580,155,154551427.64828855,13.591981404769529,10.17860164337291,20.01622092531859,25.68115917425064,35.088243486002675,0.2929490722618632,0.4427525674963762
spatial:0,spatial,spatial,0,ridge_slope_single_a10,1.0,ridge_slope_single_a10__w1.00,836580,155,169854300.6783379,14.249004870703216,10.379654980360817,20.504596416229255,27.86084602746382,35.86384345328621,0.2954149238873863,0.45351655261908597
spatial:0,spatial,spatial,0,ridge_local_long_a1,0.25,ridge_local_long_a1__w0.25,836580,155,132365285.46736184,12.578629098573352,9.692184200735044,18.332904488358107,23.069194704834338,33.99323553430244,0.28160472437430345,0.4323846248570689
spatial:0,spatial,spatial,0,ridge_local_long_a1,0.5,ridge_local_long_a1__w0.50,836580,155,143395701.37316176,13.092251136479655,9.635610963892553,19.008325705846357,25.202693137451224,35.228073481728444,0.2844972723161229,0.44086298427330867
spatial:0,spatial,spatial,0,ridge_local_long_a1,0.75,ridge_local_long_a1__w0.75,836580,155,157990852.75767624,13.74238884048721,9.940426296300858,19.631265013289322,26.63136257560692,36.48358427424048,0.2976492990650192,0.4565695352800059
spatial:0,spatial,spatial,0,ridge_local_long_a1,1.0,ridge_local_long_a1__w1.00,836580,155,176150739.6209053,14.510704451092645,10.528149873702725,20.477775848039375,27.767569812820067,41.407277051753354,0.31307004507691394,0.4738933269194834
spatial:0,spatial,spatial,0,ridge_local_long_a10,0.25,ridge_local_long_a10__w0.25,836580,155,132805225.66136713,12.599515443306316,9.619089928677338,18.530523178697106,23.468643609334087,33.520235243813595,0.2832982195030367,0.4347378760474608
spatial:0,spatial,spatial,0,ridge_local_long_a10,0.5,ridge_local_long_a10__w0.50,836580,155,144011262.33514267,13.120321881458977,10.21372654127807,19.03876657598307,24.662076512766358,34.26403272170452,0.29379962693123196,0.4377470016566994
spatial:0,spatial,spatial,0,ridge_local_long_a10,0.75,ridge_local_long_a10__w0.75,836580,155,158517715.06160307,13.765283585184443,10.344155415459054,20.18926331801041,25.535242792427514,35.0124824416296,0.3004017340524786,0.44681537204498883
spatial:0,spatial,spatial,0,ridge_local_long_a10,1.0,ridge_local_long_a10__w1.00,836580,155,176324583.84074834,14.517863035877058,10.972286517712881,21.085904826037876,27.111698755627845,36.62360378248066,0.3026764628234045,0.457740034223672
spatial:0,spatial,spatial,0,ridge_all_views_a1,0.25,ridge_all_views_a1__w0.25,836580,155,131874575.32178971,12.55529143785484,9.88270091817236,18.08035645261715,23.403879746520367,34.12344061080627,0.28419934562402427,0.43363952265600103
spatial:0,spatial,spatial,0,ridge_all_views_a1,0.5,ridge_all_views_a1__w0.50,836580,155,142072764.03420803,13.03171807580739,10.00994416725459,18.393704999813252,25.308780895057627,35.49517087723947,0.2940850904513428,0.435690809251999
spatial:0,spatial,spatial,0,ridge_all_views_a1,0.75,ridge_all_views_a1__w0.75,836580,155,155494171.1775314,13.633373035796373,10.287148960866785,19.398179733985312,26.808485147701695,36.893285209110026,0.2992898759093893,0.4466286063185923
spatial:0,spatial,spatial,0,ridge_all_views_a1,1.0,ridge_all_views_a1__w1.00,836580,155,172138796.7517599,14.344507522638576,10.807930649320289,20.341297540943483,28.39680098657871,38.31489544378459,0.300182398833441,0.4566869601648374
spatial:0,spatial,spatial,0,ridge_all_views_a10,0.25,ridge_all_views_a10__w0.25,836580,155,132454475.07250541,12.582866214207835,9.818399419121254,18.225484483512894,23.814206768896387,33.48114350645736,0.2840424743973358,0.4344926420426028
spatial:0,spatial,spatial,0,ridge_all_views_a10,0.5,ridge_all_views_a10__w0.50,836580,155,143323592.61347145,13.088958901439195,10.008550919452212,19.079132072784994,24.73611882104341,34.184888200149146,0.2968163669026962,0.439044821867537
spatial:0,spatial,spatial,0,ridge_all_views_a10,0.75,ridge_all_views_a10__w0.75,836580,155,157506957.66317457,13.721327576308042,10.347948595221547,20.17058068369609,25.54519490528756,34.8923982600112,0.30502185449937214,0.4473906168898887
spatial:0,spatial,spatial,0,ridge_all_views_a10,1.0,ridge_all_views_a10__w1.00,836580,155,175004570.2216148,14.463418619503988,10.96246239705532,21.746856811857647,26.826759402519333,37.36940926453903,0.30878898217206097,0.4574140208795844
spatial:0,spatial,spatial,0,ridge_all_views_a100,0.25,ridge_all_views_a100__w0.25,836580,155,133345469.88203225,12.625116495433382,9.684762904400092,18.494018610536276,23.667794983291287,32.67270699469388,0.28753775738001863,0.435688601115482
spatial:0,spatial,spatial,0,ridge_all_views_a100,0.5,ridge_all_views_a100__w0.50,836580,155,146180258.15439627,13.21875713223313,9.89093399409489,19.443925485023545,25.317405142575698,34.22561995496266,0.30430944687434747,0.44528553352563827
spatial:0,spatial,spatial,0,ridge_all_views_a100,0.75,ridge_all_views_a100__w0.75,836580,155,163403969.8573685,13.975828503982084,10.314208753259672,20.671189239264205,26.443299560032916,37.19054968644205,0.3148344040738959,0.4541543068235259
spatial:0,spatial,spatial,0,ridge_all_views_a100,1.0,ridge_all_views_a100__w1.00,836580,155,185016604.990949,14.871391773419381,10.620576844320802,22.120674884257998,28.467282479803234,43.211559933455874,0.32010819396929857,0.4588224699502405
spatial:0,spatial,spatial,0,ridge_all_views_no_indicator_a1,0.25,ridge_all_views_no_indicator_a1__w0.25,836580,155,131952279.00164394,12.558989833378286,9.87115331472982,18.132254550279516,23.450590769106704,34.056458063627765,0.28526054891717345,0.43435028742851106
spatial:0,spatial,spatial,0,ridge_all_views_no_indicator_a1,0.5,ridge_all_views_no_indicator_a1__w0.50,836580,155,142278968.93232527,13.041171786970878,9.948928245595656,18.445415756663262,25.39830890373947,35.36012729688115,0.29587738237267397,0.43775224802918794
spatial:0,spatial,spatial,0,ridge_all_views_no_indicator_a1,0.75,ridge_all_views_no_indicator_a1__w0.75,836580,155,155879674.83232048,13.650262613106598,10.51181859731192,19.196219742502088,26.73507670279972,36.689363907011625,0.3017542322553177,0.4494332102679748
spatial:0,spatial,spatial,0,ridge_all_views_no_indicator_a1,1.0,ridge_all_views_no_indicator_a1__w1.00,836580,155,172754396.70162955,14.370133928511969,10.874513305157386,20.05058529298791,28.296961245539766,38.04148788084004,0.3031691111435575,0.4594568443167375
spatial:0,spatial,spatial,0,ridge_all_views_original_boost4_a1,0.25,ridge_all_views_original_boost4_a1__w0.25,836580,155,131884880.48481303,12.555781986534198,9.85773217598476,18.097510374287214,23.33096243990809,34.293500875692516,0.2843209665244652,0.43420877247776335
spatial:0,spatial,spatial,0,ridge_all_views_original_boost4_a1,0.5,ridge_all_views_original_boost4_a1__w0.50,836580,155,141963221.0495454,13.026693155730502,9.961582506521522,18.533060243860053,25.341897879922037,35.840617224078244,0.29263930299119856,0.43722677803282667
spatial:0,spatial,spatial,0,ridge_all_views_original_boost4_a1,0.75,ridge_all_views_original_boost4_a1__w0.75,836580,155,155134626.73447362,13.617601896815586,10.442540777912637,19.610555459179384,26.94131277669441,37.41841186021168,0.2973906635967475,0.4491004597258243
spatial:0,spatial,spatial,0,ridge_all_views_original_boost4_a1,1.0,ridge_all_views_original_boost4_a1__w1.00,836580,155,171399097.53959766,14.31365438429946,10.721035240066914,20.22486473202941,28.5747140588996,39.0231637841389,0.30264359776320565,0.46073819050449905
spatial:0,spatial,spatial,0,ridge_all_views_original_boost4_a10,0.25,ridge_all_views_original_boost4_a10__w0.25,836580,155,132442355.65770723,12.58229054296911,9.765163572217453,18.247288825266555,23.693941407820798,33.61167788205982,0.28411655962239263,0.43484463523061373
spatial:0,spatial,spatial,0,ridge_all_views_original_boost4_a10,0.5,ridge_all_views_original_boost4_a10__w0.50,836580,155,143154084.9011251,13.08121650595525,9.990651692676746,19.12282469663574,24.810891029320626,34.44753712930854,0.2962237487206178,0.4394427822094913
spatial:0,spatial,spatial,0,ridge_all_views_original_boost4_a10,0.75,ridge_all_views_original_boost4_a10__w0.75,836580,155,157034792.7705301,13.700745654291087,10.298763590100167,20.035648729965192,25.789930362264066,35.28858734418737,0.30439882565269166,0.448309403737091
spatial:0,spatial,spatial,0,ridge_all_views_original_boost4_a10,1.0,ridge_all_views_original_boost4_a10__w1.00,836580,155,174084479.26592228,14.425347619083224,10.831397551466612,21.387455699900627,27.15355775509803,36.60748237906708,0.30826886989333313,0.4587993513616255
spatial:0,spatial,spatial,0,ridge_per_view_ensemble_a1,0.25,ridge_per_view_ensemble_a1__w0.25,836580,155,129056867.70434764,12.420435425983056,9.658783466705035,18.025042347597587,22.707183394913745,33.6448947630872,0.2850555569442503,0.4316038304207032
spatial:0,spatial,spatial,0,ridge_per_view_ensemble_a1,0.5,ridge_per_view_ensemble_a1__w0.50,836580,155,135334430.15938336,12.718925117967887,9.638826093010694,18.253315076219145,23.63699257226652,34.529269746799734,0.29118072648692817,0.436567779401236
spatial:0,spatial,spatial,0,ridge_per_view_ensemble_a1,0.75,ridge_per_view_ensemble_a1__w0.75,836580,155,143732292.40538362,13.107607773197827,9.898099446383844,18.239400427454388,24.734150227462596,35.43296771298247,0.29969122761283873,0.44334451945922737
spatial:0,spatial,spatial,0,ridge_per_view_ensemble_a1,1.0,ridge_per_view_ensemble_a1__w1.00,836580,155,154250454.44234848,13.578740453723242,10.09614959273662,18.82389447013547,25.852541045293115,36.35454770348832,0.31274160428082104,0.45251977989976466
spatial:0,spatial,spatial,0,extra_trees_all_views,0.25,extra_trees_all_views__w0.25,836580,155,133147913.42965542,12.615760730605798,9.593505172868408,18.674121620580532,23.428336471559568,32.054182300598285,0.2758787796766624,0.433424467962028
spatial:0,spatial,spatial,0,extra_trees_all_views,0.5,extra_trees_all_views__w0.50,836580,155,147350072.14340138,13.271543580849443,9.593001102350646,21.12347163162044,24.857976728209906,34.43141289230379,0.2800270588730207,0.43403842698066486
spatial:0,spatial,spatial,0,extra_trees_all_views,0.75,extra_trees_all_views__w0.75,836580,155,167506081.18151438,14.150166507822076,9.71964060290726,22.70232180849107,26.28890988207878,39.29280090005968,0.2811998082430062,0.43648777014281986
spatial:0,spatial,spatial,0,extra_trees_all_views,1.0,extra_trees_all_views__w1.00,836580,155,193615940.5439944,15.213068341199486,10.778540701244722,24.85844336483213,29.041478885557133,46.02558144574539,0.283667973402484,0.442224943402615
spatial:0,spatial,spatial,0,hist_gradient_all_views,0.25,hist_gradient_all_views__w0.25,836580,155,134022756.92145763,12.657138571052691,9.420551766559509,18.877451950505684,23.946543142696296,31.598384740358963,0.2897129448359931,0.4423133819595451
spatial:0,spatial,spatial,0,hist_gradient_all_views,0.5,hist_gradient_all_views__w0.50,836580,155,149783972.6585977,13.380703076645773,9.502080134111829,19.51997764561803,26.373375546209154,34.13119636426004,0.30649460744458873,0.4543723296124303
spatial:0,spatial,spatial,0,hist_gradient_all_views,0.75,hist_gradient_all_views__w0.75,836580,155,172183252.25169674,14.34635966491853,10.486303192839392,21.26423276916646,28.36473171138186,41.47287238335448,0.31511903342081765,0.4628421523212696
spatial:0,spatial,spatial,0,hist_gradient_all_views,1.0,hist_gradient_all_views__w1.00,836580,155,201220595.70075467,15.508952873626276,10.815340446719214,23.844293846916205,31.525134497103316,49.09007077745908,0.31991851425084317,0.47522908383926804
spatial:0,spatial,spatial,0,knn25_all_views,0.25,knn25_all_views__w0.25,836580,155,134772407.22994646,12.69248777874012,9.525442062295374,18.46888244954255,23.900295906697473,32.410637155413546,0.2752448849819729,0.4286710943012768
spatial:0,spatial,spatial,0,knn25_all_views,0.5,knn25_all_views__w0.50,836580,155,154473187.32550037,13.588540557757778,10.130239686513407,20.15996634807608,25.450086561266055,35.05597403181077,0.2796685225123131,0.4231356192924189
spatial:0,spatial,spatial,0,knn25_all_views,0.75,knn25_all_views__w0.75,836580,155,184001945.32693812,14.830557204929956,10.99166151590712,22.46198256354294,28.22464634974256,40.18435429724531,0.27493460399311953,0.42607347956729225
spatial:0,spatial,spatial,0,knn25_all_views,1.0,knn25_all_views__w1.00,836580,155,223358681.23425978,16.33983548173245,11.917180159586412,24.790995003458008,30.879863173688182,47.24514876407545,0.2726570345520048,0.4304802442340385
spatial:1,spatial,spatial,1,ridge_original_a1,0.25,ridge_original_a1__w0.25,680157,155,105121650.2803642,12.432014243878175,9.798624402046729,17.534572475079976,21.316998337031922,30.413242950777125,0.22923786632379864,0.35992137099516325
spatial:1,spatial,spatial,1,ridge_original_a1,0.5,ridge_original_a1__w0.50,680157,155,105563682.6511144,12.45812488756465,9.889490903903413,17.90500140030946,20.75711784523708,29.724590929248553,0.2303918766618968,0.3624470303636333
spatial:1,spatial,spatial,1,ridge_original_a1,0.75,ridge_original_a1__w0.75,680157,155,107088028.90832034,12.547750553000567,9.846931122637296,18.385521766248,20.436822936178093,29.04491140905452,0.2315088042390291,0.3655626485693897
spatial:1,spatial,spatial,1,ridge_original_a1,1.0,ridge_original_a1__w1.00,680157,155,109694689.05198197,12.699546560349885,10.133232205561251,18.575599971542456,20.83307206271763,28.37484916839163,0.23290843136491682,0.3696160728086159
spatial:1,spatial,spatial,1,ridge_original_a10,0.25,ridge_original_a10__w0.25,680157,155,109370690.38245493,12.680777743878444,9.636086005020216,17.706145092025807,21.77347386412563,32.15815567228619,0.23907694720128794,0.365494937216622
spatial:1,spatial,spatial,1,ridge_original_a10,0.5,ridge_original_a10__w0.50,680157,155,114434278.51892352,12.97100067356948,9.89347668864863,18.599271266810963,21.971382355343618,33.21410090762989,0.24532650233604386,0.37436439491231216
spatial:1,spatial,spatial,1,ridge_original_a10,0.75,ridge_original_a10__w0.75,680157,155,120952696.20547545,13.33531229968437,10.153820482394947,19.660209456208165,22.850679239565945,34.27736235408142,0.24985514983838403,0.38413515676905924
spatial:1,spatial,spatial,1,ridge_original_a10,1.0,ridge_original_a10__w1.00,680157,155,128925943.44211073,13.767832478598908,10.35350119262448,20.561625482354447,23.94918432285965,35.34727979343425,0.2562076704140235,0.39465153819192167
spatial:1,spatial,spatial,1,ridge_original_a100,0.25,ridge_original_a100__w0.25,680157,155,113480390.56991342,12.916826463171658,9.74678870495246,17.848420007397618,22.181612030542297,33.55247345624394,0.2465430758803907,0.37836505614345983
spatial:1,spatial,spatial,1,ridge_original_a100,0.5,ridge_original_a100__w0.50,680157,155,125425789.90316243,13.579658121084076,9.976944134827813,19.55212226171719,22.905261865772566,36.00291505384299,0.2587581252708756,0.399963003172022
spatial:1,spatial,spatial,1,ridge_original_a100,0.75,ridge_original_a100__w0.75,680157,155,141598129.79581675,14.428599297760037,10.305180159712592,20.907745772836986,24.771733858171423,38.46002149508178,0.278227819438303,0.4173636226711478
spatial:1,spatial,spatial,1,ridge_original_a100,1.0,ridge_original_a100__w1.00,680157,155,161997410.24787638,15.432967793301515,11.002191685743668,21.938772865080256,27.285276524745303,40.92259227023272,0.29443009603810744,0.4310955113243574
spatial:1,spatial,spatial,1,ridge_backtest_single_a1,0.25,ridge_backtest_single_a1__w0.25,680157,155,109441492.2461728,12.68488157388362,9.934814560718367,18.16731995163493,21.50767827104241,31.0575321292585,0.23111720542779648,0.36109143871209703
spatial:1,spatial,spatial,1,ridge_backtest_single_a1,0.5,ridge_backtest_single_a1__w0.50,680157,155,115378597.3161489,13.024409469685889,10.320020249287987,19.47612225637421,21.537922954518805,31.009251748226603,0.22947611718714211,0.36596764357674405
spatial:1,spatial,spatial,1,ridge_backtest_single_a1,0.75,ridge_backtest_single_a1__w0.75,680157,155,123573247.00599805,13.478999063342801,10.278604271139862,20.613753590098582,21.575183841754146,30.965451352276855,0.2291092805329521,0.37455286410054994
spatial:1,spatial,spatial,1,ridge_backtest_single_a1,1.0,ridge_backtest_single_a1__w1.00,680157,155,134025441.31572019,14.037476329102395,10.824201299612517,20.822601525201687,23.20373187350286,30.9261499762889,0.2347793936150193,0.38109774822822523
spatial:1,spatial,spatial,1,ridge_backtest_single_a10,0.25,ridge_backtest_single_a10__w0.25,680157,155,111838109.35884808,12.8230200784136,9.780862752929279,17.954990539182855,21.53824712406685,32.26526193375814,0.23942047517289944,0.36859063007714066
spatial:1,spatial,spatial,1,ridge_backtest_single_a10,0.5,ridge_backtest_single_a10__w0.50,680157,155,120706793.93653543,13.321749758158992,10.062402176010718,19.261546064225815,22.47728580135982,33.42374660284106,0.24660179821502717,0.38305256008897737
spatial:1,spatial,spatial,1,ridge_backtest_single_a10,0.75,ridge_backtest_single_a10__w0.75,680157,155,132367985.52913174,13.950407497297517,10.498018412169065,20.34798466529813,24.503067578166537,34.58537450030048,0.2561213426363749,0.39793518162032804
spatial:1,spatial,spatial,1,ridge_backtest_single_a10,1.0,ridge_backtest_single_a10__w1.00,680157,155,146821684.13663703,14.692324598113641,11.028783821896354,21.291589009820107,26.13817684947199,35.74983922648238,0.26487429292505643,0.40943177203397835
spatial:1,spatial,spatial,1,ridge_backtest_cumulative_a1,0.25,ridge_backtest_cumulative_a1__w0.25,680157,155,107490436.73674797,12.571303972120576,9.78822437011157,17.93500411893662,21.491799478748685,31.017304060489582,0.23552398446912928,0.36386968622530624
spatial:1,spatial,spatial,1,ridge_backtest_cumulative_a1,0.5,ridge_backtest_cumulative_a1__w0.50,680157,155,110726656.93601215,12.759143088852433,10.220770212687276,18.449599097258712,21.19339153135524,30.928608845952304,0.23742741380167237,0.36751016577137313
spatial:1,spatial,spatial,1,ridge_backtest_cumulative_a1,0.75,ridge_backtest_cumulative_a1__w0.75,680157,155,115470592.39386226,13.029600825999651,10.214206298133846,18.65420753821433,22.16754410044747,30.844222850810816,0.23696341566370183,0.3720148216488723
spatial:1,spatial,spatial,1,ridge_backtest_cumulative_a1,1.0,ridge_backtest_cumulative_a1__w1.00,680157,155,121722243.1102983,13.377667193075727,10.394158798873871,19.482362875929997,22.75041436136409,30.7641815355869,0.2344260324559074,0.3769032560145603
spatial:1,spatial,spatial,1,ridge_backtest_cumulative_a10,0.25,ridge_backtest_cumulative_a10__w0.25,680157,155,110243621.50788334,12.731282343602432,9.790671180272021,17.649685570460004,21.676138504393826,32.126182986084224,0.24112154985908157,0.36876744383446375
spatial:1,spatial,spatial,1,ridge_backtest_cumulative_a10,0.5,ridge_backtest_cumulative_a10__w0.50,680157,155,116759815.44877504,13.102136326170273,10.004188458600364,18.489614286919327,22.585323201864206,33.14745060976282,0.24836303802537266,0.38014093111261527
spatial:1,spatial,spatial,1,ridge_backtest_cumulative_a10,0.75,ridge_backtest_cumulative_a10__w0.75,680157,155,125310513.61874478,13.57341629321465,10.252075566559943,19.52902976140675,23.903264179374027,34.173594300120186,0.2532232167963699,0.39201509953726804
spatial:1,spatial,spatial,1,ridge_backtest_cumulative_a10,1.0,ridge_backtest_cumulative_a10__w1.00,680157,155,135895716.01779255,14.135080855466866,10.501467162214785,20.48567326283855,25.253045271449,35.20418767196584,0.2597012611364348,0.40307439751445545
spatial:1,spatial,spatial,1,ridge_slope_single_a1,0.25,ridge_slope_single_a1__w0.25,680157,155,107026220.78960232,12.54412893066464,9.738258306168495,17.389568608370137,21.76237983379403,30.844438586948595,0.23463205578348167,0.3635598986229881
spatial:1,spatial,spatial,1,ridge_slope_single_a1,0.5,ridge_slope_single_a1__w0.50,680157,155,109687966.31963286,12.69915740312934,9.956869375765695,17.713030871884982,21.789823416184404,30.5848819771508,0.23830353779135408,0.3685033371188255
spatial:1,spatial,spatial,1,ridge_slope_single_a1,0.75,ridge_slope_single_a1__w0.75,680157,155,113747168.38616134,12.932000449998972,10.217131208880614,18.04384118011906,21.601964444580304,30.331762936102393,0.24198533912039066,0.37369544320795883
spatial:1,spatial,spatial,1,ridge_slope_single_a1,1.0,ridge_slope_single_a1__w1.00,680157,155,119203826.98918776,13.238552839985733,10.482611393144293,18.22344046506086,21.661905123371085,30.085243949668353,0.24554691751349728,0.37850587200726915
spatial:1,spatial,spatial,1,ridge_slope_single_a10,0.25,ridge_slope_single_a10__w0.25,680157,155,110106937.84592178,12.723387564841737,9.808792080609575,17.499377393187572,21.899833317403388,32.34782969042852,0.24211783019353927,0.3702835676099832
spatial:1,spatial,spatial,1,ridge_slope_single_a10,0.5,ridge_slope_single_a10__w0.50,680157,155,116297513.45640002,13.076172122180926,10.3339011939316,18.60354754335832,22.875895711563974,33.592636426616714,0.25056984950091976,0.38260134187427175
spatial:1,spatial,spatial,1,ridge_slope_single_a10,0.75,ridge_slope_single_a10__w0.75,680157,155,124333658.62750442,13.520407168758606,10.450977959084431,19.690729031651742,23.491833522254005,34.84391497241629,0.2564775741113127,0.3926725640356449
spatial:1,spatial,spatial,1,ridge_slope_single_a10,1.0,ridge_slope_single_a10__w1.00,680157,155,134215373.35923499,14.047419301975784,10.573472253781327,20.932659127322612,24.190791083755776,36.10099238557478,0.26118627110634374,0.40401745855790516
spatial:1,spatial,spatial,1,ridge_local_long_a1,0.25,ridge_local_long_a1__w0.25,680157,155,108644802.08021393,12.638626816164754,9.90342251439765,17.931395973571075,21.65281319750802,30.92445300864712,0.23266948481987149,0.35972834125285497
spatial:1,spatial,spatial,1,ridge_local_long_a1,0.5,ridge_local_long_a1__w0.50,680157,155,113672852.55515695,12.927775248620527,10.101326213584146,18.777480564921056,21.55745144742685,30.743886696362463,0.23301719330521023,0.36338457752792713
spatial:1,spatial,spatial,1,ridge_local_long_a1,0.75,ridge_local_long_a1__w0.75,680157,155,120846083.22089872,13.329433840922212,10.655609434238412,19.78233026465956,21.192124133994213,30.568665775914386,0.23229217276488753,0.3711637655221266
spatial:1,spatial,spatial,1,ridge_local_long_a1,1.0,ridge_local_long_a1__w1.00,680157,155,130164494.07743928,13.833806009927605,11.306030780464827,20.431774154186876,22.551901718607954,30.398882680887866,0.23519938331917897,0.3803048698389813
spatial:1,spatial,spatial,1,ridge_local_long_a10,0.25,ridge_local_long_a10__w0.25,680157,155,111081409.19631816,12.779565972286008,9.720805391120306,17.749504151030486,21.726275230480542,32.36296018538621,0.24153735387160866,0.36859884717403335
spatial:1,spatial,spatial,1,ridge_local_long_a10,0.5,ridge_local_long_a10__w0.50,680157,155,118904594.58328809,13.221926305086773,10.265618520540833,18.873962780723414,22.182906149914757,33.620601711771435,0.24904477999561056,0.38104806948233455
spatial:1,spatial,spatial,1,ridge_local_long_a10,0.75,ridge_local_long_a10__w0.75,680157,155,129231487.95697944,13.784137173186707,10.440395296241988,20.166527033775953,24.16489644612303,34.882660504573614,0.2563852685203205,0.39631009669647693
spatial:1,spatial,spatial,1,ridge_local_long_a10,1.0,ridge_local_long_a10__w1.00,680157,155,142062089.31739223,14.452218293959463,10.781832044845633,20.74013319312884,25.278981475139027,36.14867390663462,0.2641188551671773,0.40769318657827974
spatial:1,spatial,spatial,1,ridge_all_views_a1,0.25,ridge_all_views_a1__w0.25,680157,155,109696507.73898065,12.699651836205474,9.972573356889669,17.997531873222115,21.543612656437496,31.24113409449734,0.23642848274208134,0.3640799487927916
spatial:1,spatial,spatial,1,ridge_all_views_a1,0.5,ridge_all_views_a1__w0.50,680157,155,116037520.42581254,13.061547493795093,10.29002233832507,18.869496665452893,21.892324435683364,31.37558128520815,0.23976089281639112,0.3735083064131708
spatial:1,spatial,spatial,1,ridge_all_views_a1,0.75,ridge_all_views_a1__w0.75,680157,155,124784969.85656539,13.544923395623382,10.426488084547296,19.97666056476829,22.12229271084351,31.513567328982802,0.24122331656587462,0.3829567627478201
spatial:1,spatial,spatial,1,ridge_all_views_a1,1.0,ridge_all_views_a1__w1.00,680157,155,135938856.03123915,14.137324263903666,10.497882299691675,20.850438008015747,22.50969750473293,31.65504594770396,0.24303323854369366,0.39161601285893227
spatial:1,spatial,spatial,1,ridge_all_views_a10,0.25,ridge_all_views_a10__w0.25,680157,155,111708824.08331147,12.815606205430381,9.930964985766266,17.68111794644874,21.749786207158554,32.389669451739174,0.24275882774193314,0.3711123708955153
spatial:1,spatial,spatial,1,ridge_all_views_a10,0.5,ridge_all_views_a10__w0.50,680157,155,120388661.67200382,13.304182915344693,10.309206371153067,18.93938218319641,22.669528665211317,33.672620699076155,0.2514078091977417,0.38639872560005445
spatial:1,spatial,spatial,1,ridge_all_views_a10,0.75,ridge_all_views_a10__w0.75,680157,155,131801444.56214674,13.920521296800418,10.348438276549956,20.313268854480533,23.83398590126889,34.95873415940702,0.25882711870313235,0.4011008643726422
spatial:1,spatial,spatial,1,ridge_all_views_a10,1.0,ridge_all_views_a10__w1.00,680157,155,145947172.75374022,14.648503432154383,10.707810014770352,21.2248173198142,25.100251962341723,36.24767323630089,0.26665361231478085,0.41290133704880644
spatial:1,spatial,spatial,1,ridge_all_views_a100,0.25,ridge_all_views_a100__w0.25,680157,155,113807128.44199194,12.935408452683472,9.644097385395861,17.82980053445457,22.14829954639068,33.617804528426646,0.24738361856624394,0.37864857280052444
spatial:1,spatial,spatial,1,ridge_all_views_a100,0.5,ridge_all_views_a100__w0.50,680157,155,126315177.87512155,13.627719408138415,9.987342767681124,19.49140547905214,22.91318957120462,36.13227603722546,0.25888111272026065,0.40019359593875936
spatial:1,spatial,spatial,1,ridge_all_views_a100,0.75,ridge_all_views_a100__w0.75,680157,155,143286080.09545854,14.514344096975735,10.59496239642255,21.047714544830548,24.786317344596817,38.65233204260223,0.27610204978770325,0.4188709573285211
spatial:1,spatial,spatial,1,ridge_all_views_a100,1.0,ridge_all_views_a100__w1.00,680157,155,164719835.1030029,15.562105793662402,11.261541225996153,21.60470054048194,27.369084429074043,41.176947232832326,0.2906070651960942,0.4331281395248026
spatial:1,spatial,spatial,1,ridge_all_views_no_indicator_a1,0.25,ridge_all_views_no_indicator_a1__w0.25,680157,155,109689812.52377315,12.699264275100392,9.929951451879205,17.994884558366618,21.587906018786494,31.32632987080698,0.2366621330438422,0.36451528948201306
spatial:1,spatial,spatial,1,ridge_all_views_no_indicator_a1,0.5,ridge_all_views_no_indicator_a1__w0.50,680157,155,116056439.75927655,13.06261226017307,10.174078123466307,18.97870792760665,21.887119343656245,31.545706566407315,0.2401221976859986,0.37454991027666384
spatial:1,spatial,spatial,1,ridge_all_views_no_indicator_a1,0.75,ridge_all_views_no_indicator_a1__w0.75,680157,155,124861813.50257994,13.549093293286104,10.479608016055316,20.002828838119854,22.027722123128026,31.76833297755948,0.2416135782813384,0.38459887995214304
spatial:1,spatial,spatial,1,ridge_all_views_no_indicator_a1,1.0,ridge_all_views_no_indicator_a1__w1.00,680157,155,136105933.7536833,14.146009442965923,10.626904964247508,21.12046576213824,22.567034295117985,31.994141266367397,0.24368775695238068,0.3941479893153407
spatial:1,spatial,spatial,1,ridge_all_views_original_boost4_a1,0.25,ridge_all_views_original_boost4_a1__w0.25,680157,155,109269133.7916346,12.674888983174862,9.929302854486588,17.787420682379032,21.609620640994372,31.100768772071675,0.23577261472849328,0.363174752043038
spatial:1,spatial,spatial,1,ridge_all_views_original_boost4_a1,0.5,ridge_all_views_original_boost4_a1__w0.50,680157,155,114872038.2620625,12.995786786584784,10.133104480823636,18.74517824992913,21.712086247970834,31.095508108666962,0.23906159523045706,0.3723538322998586
spatial:1,spatial,spatial,1,ridge_all_views_original_boost4_a1,0.75,ridge_all_views_original_boost4_a1__w0.75,680157,155,122570645.2073534,13.424207301644099,10.624509638816706,20.114068819578883,22.02094349502371,31.094491800674692,0.24100283063544772,0.38163623871573155
spatial:1,spatial,spatial,1,ridge_all_views_original_boost4_a1,1.0,ridge_all_views_original_boost4_a1__w1.00,680157,155,132364954.6275073,13.950247781356314,10.522383328034083,20.671119146973936,22.3206218124956,31.097720264225593,0.24371839690664462,0.3911636798512308
spatial:1,spatial,spatial,1,ridge_all_views_original_boost4_a10,0.25,ridge_all_views_original_boost4_a10__w0.25,680157,155,111435691.3074347,12.799929268630253,9.759038471431376,17.650664618888324,21.804876810829263,32.325592010930684,0.2423156697361553,0.37071199392098725
spatial:1,spatial,spatial,1,ridge_all_views_original_boost4_a10,0.5,ridge_all_views_original_boost4_a10__w0.50,680157,155,119648193.39499152,13.263205135390693,10.262063284330937,18.943570871907863,22.57680529759081,33.54489248368938,0.25059591242161167,0.38558833580495966
spatial:1,spatial,spatial,1,ridge_all_views_original_boost4_a10,0.75,ridge_all_views_original_boost4_a10__w0.75,680157,155,130399438.0587402,13.846285235483638,10.204249636704162,20.376947435238183,24.00444218055914,34.76775431388569,0.2582910883640169,0.4006231319586319
spatial:1,spatial,spatial,1,ridge_all_views_original_boost4_a10,1.0,ridge_all_views_original_boost4_a10__w1.00,680157,155,143689425.29868072,14.534758421064032,10.495456148078997,20.871943761245472,25.012871849629445,35.99381452030967,0.2665620906377249,0.41302963627586436
spatial:1,spatial,spatial,1,ridge_per_view_ensemble_a1,0.25,ridge_per_view_ensemble_a1__w0.25,680157,155,106897678.26256302,12.536593681518022,9.894583174662552,17.521341572159503,21.407597468801427,30.711579508863398,0.23356375027260595,0.36222520234002303
spatial:1,spatial,spatial,1,ridge_per_view_ensemble_a1,0.5,ridge_per_view_ensemble_a1__w0.50,680157,155,109102900.42965832,12.66524402994408,9.826504473208129,18.01666807599183,21.19753330213909,30.319463160558396,0.23513644841872594,0.3654541674720721
spatial:1,spatial,spatial,1,ridge_per_view_ensemble_a1,0.75,ridge_per_view_ensemble_a1__w0.75,680157,155,112377598.2973556,12.853910956805793,10.225267831193287,18.69887571145488,20.861089255591317,29.934181008021127,0.23584184501417468,0.3692882673458284
spatial:1,spatial,spatial,1,ridge_per_view_ensemble_a1,1.0,ridge_per_view_ensemble_a1__w1.00,680157,155,116721771.86565489,13.100001632742307,10.622127268428661,18.874828916798055,21.16815184232259,29.556000317343052,0.23573354820729953,0.3723744808280375
spatial:1,spatial,spatial,1,extra_trees_all_views,0.25,extra_trees_all_views__w0.25,680157,155,111582616.04254758,12.808364657309141,9.788330682901456,17.97362768643033,21.96501512797211,34.562004770454294,0.25309436882930725,0.38199874312983795
spatial:1,spatial,spatial,1,extra_trees_all_views,0.5,extra_trees_all_views__w0.50,680157,155,122928329.99168949,13.443780245734242,10.26587405182358,19.382193005575257,23.348744376517043,38.03790981351073,0.27158459204730107,0.4028371731534058
spatial:1,spatial,spatial,1,extra_trees_all_views,0.75,extra_trees_all_views__w0.75,680157,155,139799073.6434954,14.336645966919429,11.102151204665734,20.558894675357447,23.991677215332555,41.53191819623703,0.2875160233921252,0.4138510485233909
spatial:1,spatial,spatial,1,extra_trees_all_views,1.0,extra_trees_all_views__w1.00,680157,155,162194846.99796534,15.442369508925259,11.83919642900699,22.129810685804678,26.60949089660389,45.03981696218749,0.2970021124770721,0.4314851540651047
spatial:1,spatial,spatial,1,hist_gradient_all_views,0.25,hist_gradient_all_views__w0.25,680157,155,112669686.11641277,12.870604828264531,9.396349098844677,18.48267808660793,21.857685574911326,34.104532969705375,0.25327613592483983,0.3852611163192041
spatial:1,spatial,spatial,1,hist_gradient_all_views,0.5,hist_gradient_all_views__w0.50,680157,155,126327513.24189673,13.628384802496381,10.439667648609253,20.348402221453213,23.233877026904548,37.10809070000509,0.273224038460026,0.4093546889692242
spatial:1,spatial,spatial,1,hist_gradient_all_views,0.75,hist_gradient_all_views__w0.75,680157,155,146735413.1725216,14.688007431797082,11.331243569620408,20.824487925488057,25.10719359304978,40.11885691703545,0.2867497957436806,0.42464744720905134
spatial:1,spatial,spatial,1,hist_gradient_all_views,1.0,hist_gradient_all_views__w1.00,680157,155,173893385.90828735,15.989575936221145,12.127022446710635,22.631607087962053,27.33450907381397,43.13532222982689,0.29363135658311507,0.4420688483219635
spatial:1,spatial,spatial,1,knn25_all_views,0.25,knn25_all_views__w0.25,680157,155,112990104.13374722,12.888893003073512,9.50930440642266,18.141762920853193,22.58359001820512,36.27980483375707,0.24977041666722333,0.3858918723710547
spatial:1,spatial,spatial,1,knn25_all_views,0.5,knn25_all_views__w0.50,680157,155,128908848.9657702,13.766919699982452,10.690142597097063,20.913374563251207,22.30912529629036,41.5072735249896,0.268250681727181,0.4095027629361173
spatial:1,spatial,spatial,1,knn25_all_views,0.75,knn25_all_views__w0.75,680157,155,153518166.29213864,15.023644591812097,11.350015225524693,21.99173236380647,26.318406702636292,46.77325679791511,0.2884269107460431,0.4349801967339634
spatial:1,spatial,spatial,1,knn25_all_views,1.0,knn25_all_views__w1.00,680157,155,186818056.1128525,16.57314150155719,12.201670018486668,24.443166080795002,28.696083572721417,52.066069822790844,0.3193462669261203,0.46483792546273445
spatial:2,spatial,spatial,2,ridge_original_a1,0.25,ridge_original_a1__w0.25,795791,154,117706660.13978045,12.16188820389207,8.862321913995538,17.41580286064658,21.30227858655177,37.38584745952928,0.28507778047942567,0.40936932262963366
spatial:2,spatial,spatial,2,ridge_original_a1,0.5,ridge_original_a1__w0.50,795791,154,117503121.50777957,12.151368471474997,9.10714056853448,17.47493697564428,21.237704202098076,36.25270824977636,0.278037759924349,0.3969690114083601
spatial:2,spatial,spatial,2,ridge_original_a1,0.75,ridge_original_a1__w0.75,795791,154,118289875.1740401,12.191980942957462,9.386989527465023,17.88636445290367,21.076893618112276,35.125726312689864,0.2693613344810147,0.38834645761968684
spatial:2,spatial,spatial,2,ridge_original_a1,1.0,ridge_original_a1__w1.00,795791,154,120066921.138562,12.283218447769018,9.626487407771641,18.658477100232005,21.235782787113347,34.00551383112688,0.25929535760609385,0.37954453572446917
spatial:2,spatial,spatial,2,ridge_original_a10,0.25,ridge_original_a10__w0.25,795791,154,120643931.88884722,12.312698067094926,8.84453180913756,18.02975118704069,21.417819756270838,37.7026580190649,0.2899481760995833,0.4225721721433858
spatial:2,spatial,spatial,2,ridge_original_a10,0.5,ridge_original_a10__w0.50,795791,154,123246211.84938194,12.444781565639525,8.969844109158778,18.182930306221444,21.72290259721015,36.888895158415,0.28760821983361096,0.4214640493908576
spatial:2,spatial,spatial,2,ridge_original_a10,0.75,ridge_original_a10__w0.75,795791,154,126707330.95164686,12.61831485388561,9.317297887655666,18.47492246033296,21.99637283014676,36.08386545789251,0.2839483595880971,0.4191320201443993
spatial:2,spatial,spatial,2,ridge_original_a10,1.0,ridge_original_a10__w1.00,795791,154,131027289.195642,12.831616355602653,9.71323859242616,18.983133288451032,22.324063014646953,35.28816661186608,0.27914515956175623,0.4151950349190112
spatial:2,spatial,spatial,2,ridge_original_a100,0.25,ridge_original_a100__w0.25,795791,154,124182600.62167,12.491968018387801,8.779700544199489,18.215363551517058,22.358452093934886,38.6443603573473,0.2988213287046528,0.4340835288319272
spatial:2,spatial,spatial,2,ridge_original_a100,0.5,ridge_original_a100__w0.50,795791,154,131753484.05078584,12.867125669397744,9.217367539609768,18.975293391488286,22.699291792804505,38.77484157269932,0.306927264256551,0.4426402055001781
spatial:2,spatial,spatial,2,ridge_original_a100,0.75,ridge_original_a100__w0.75,795791,154,141613141.35739028,13.339890563105364,9.449012787178354,19.27347528331707,23.701735805318204,38.91593642896967,0.3134222457868429,0.44842661564789055
spatial:2,spatial,spatial,2,ridge_original_a100,1.0,ridge_original_a100__w1.00,795791,154,153761572.54148328,13.900307072258627,9.641084282365792,20.221286657589705,25.074322437548954,41.12712881901117,0.31793777779046006,0.45452907818690874
spatial:2,spatial,spatial,2,ridge_backtest_single_a1,0.25,ridge_backtest_single_a1__w0.25,795791,154,121153970.98102145,12.338697443482458,8.855506276745974,17.904507186297284,21.261650419590474,38.14396882877478,0.2883241248327042,0.4215445956999121
spatial:2,spatial,spatial,2,ridge_backtest_single_a1,0.5,ridge_backtest_single_a1__w0.50,795791,154,125199469.10666128,12.543008947158873,9.119589346370898,18.07494830421313,21.816124115559692,37.774576699238224,0.28534277695075083,0.41898135205172293
spatial:2,spatial,spatial,2,ridge_backtest_single_a1,0.75,ridge_backtest_single_a1__w0.75,795791,154,131036985.4469622,12.832091127980524,9.601318393028537,18.984441460878887,22.402068936663333,37.41675712636825,0.282169631625556,0.41405589328115383
spatial:2,spatial,spatial,2,ridge_backtest_single_a1,1.0,ridge_backtest_single_a1__w1.00,795791,154,138666520.00192422,13.200375843386707,9.871512422650348,19.021063118277763,22.9986802794892,37.0708452176577,0.27655470671799054,0.4097774240512306
spatial:2,spatial,spatial,2,ridge_backtest_single_a10,0.25,ridge_backtest_single_a10__w0.25,795791,154,121908839.13532712,12.377076815208515,8.762604457054412,18.132596024106025,21.75044383638171,38.1804994126283,0.2923544942760915,0.42731068430422714
spatial:2,spatial,spatial,2,ridge_backtest_single_a10,0.5,ridge_backtest_single_a10__w0.50,795791,154,126518972.34363757,12.60893239682745,9.132340815155896,18.584429596968842,21.9097230387694,37.84728897620606,0.29154053683944536,0.43087844054734
spatial:2,spatial,spatial,2,ridge_backtest_single_a10,0.75,ridge_backtest_single_a10__w0.75,795791,154,132730890.69497406,12.914764545714856,9.502418334537385,19.11937971924526,22.20785267642102,37.52525943704555,0.29064616993176406,0.43153937726191277
spatial:2,spatial,spatial,2,ridge_backtest_single_a10,1.0,ridge_backtest_single_a10__w1.00,795791,154,140544594.18933663,13.289466947174294,9.746153360883262,19.892167410825078,23.249156531616375,37.21470105086286,0.2890756632184407,0.4295892195709612
spatial:2,spatial,spatial,2,ridge_backtest_cumulative_a1,0.25,ridge_backtest_cumulative_a1__w0.25,795791,154,119452497.58883086,12.25174941922569,8.881572550079394,17.887490650248793,21.450640425486963,37.07174282036121,0.2842981020916821,0.4151571630777825
spatial:2,spatial,spatial,2,ridge_backtest_cumulative_a1,0.5,ridge_backtest_cumulative_a1__w0.50,795791,154,121293276.26094155,12.345789047167784,9.076354035198285,18.13110688572172,21.54685894696126,35.625480248844184,0.2760886163132625,0.4079637271560134
spatial:2,spatial,spatial,2,ridge_backtest_cumulative_a1,0.75,ridge_backtest_cumulative_a1__w0.75,795791,154,124422827.08637482,12.50404479653238,9.561340262707176,18.341915027563168,21.316762058505255,34.1866499547808,0.2660379045644231,0.39916688948954787
spatial:2,spatial,spatial,2,ridge_backtest_cumulative_a1,1.0,ridge_backtest_cumulative_a1__w1.00,795791,154,128841150.06513067,12.724120836468755,10.02888431857657,18.7527989545859,21.28727234980142,32.756231349909335,0.25458174270564915,0.39237737089532126
spatial:2,spatial,spatial,2,ridge_backtest_cumulative_a10,0.25,ridge_backtest_cumulative_a10__w0.25,795791,154,121293191.00381313,12.34578470823516,8.846273632511732,18.06459337563461,21.488409739454625,37.61208944090238,0.28892459336248294,0.42362938472544015
spatial:2,spatial,spatial,2,ridge_backtest_cumulative_a10,0.5,ridge_backtest_cumulative_a10__w0.50,795791,154,124947453.51053923,12.53037859727068,9.113003019518754,18.3240138424009,21.97389861274398,36.7095499006775,0.2857537968257154,0.4248954388974391
spatial:2,spatial,spatial,2,ridge_backtest_cumulative_a10,0.75,ridge_backtest_cumulative_a10__w0.75,795791,154,129863278.59022102,12.774492920003262,9.378560112833334,18.82070175514734,22.087725108007454,35.81773581432854,0.28243177543087794,0.42384880603733444
spatial:2,spatial,spatial,2,ridge_backtest_cumulative_a10,1.0,ridge_backtest_cumulative_a10__w1.00,795791,154,136040666.24285847,13.074794253789088,9.758177648851909,19.513825351859033,22.340592580423944,34.93746852556074,0.27773701808661944,0.42076931036478626
spatial:2,spatial,spatial,2,ridge_slope_single_a1,0.25,ridge_slope_single_a1__w0.25,795791,154,120022702.81072442,12.28095640343746,8.778437694544463,17.747617456565006,21.21283926818838,38.55578125603954,0.29004165920413877,0.41673425759601834
spatial:2,spatial,spatial,2,ridge_slope_single_a1,0.5,ridge_slope_single_a1__w0.50,795791,154,122644007.43482517,12.414340551002667,9.109551154023102,17.93734574420479,21.216468436439975,38.596363294679286,0.2869740600079751,0.4124400767424061
spatial:2,spatial,spatial,2,ridge_slope_single_a1,0.75,ridge_slope_single_a1__w0.75,795791,154,126764404.94234495,12.621156427843227,9.400006833330234,18.30013803408232,21.11602341695922,38.64631712594685,0.2813933414246054,0.40767223332820224
spatial:2,spatial,spatial,2,ridge_slope_single_a1,1.0,ridge_slope_single_a1__w1.00,795791,154,132383895.33328375,12.897872109871034,9.60365333127767,18.44350543805238,22.006805508995537,38.70560646387972,0.2737237484044757,0.40119639050170375
spatial:2,spatial,spatial,2,ridge_slope_single_a10,0.25,ridge_slope_single_a10__w0.25,795791,154,122077759.29983729,12.385648851995573,8.743378995847834,18.09731525440501,21.460095299372995,38.270602044496826,0.29115432185819534,0.42484352893050614
spatial:2,spatial,spatial,2,ridge_slope_single_a10,0.5,ridge_slope_single_a10__w0.50,795791,154,126721908.48633051,12.61904069441401,9.126598935710025,18.423723100234522,22.214617278011918,38.02678610238649,0.2892694361658765,0.42633408904882225
spatial:2,spatial,spatial,2,ridge_slope_single_a10,0.75,ridge_slope_single_a10__w0.75,795791,154,132832938.62952237,12.919728242640721,9.399887371190768,19.21702574762064,22.26580821539125,37.793349874688126,0.2867053405454676,0.4257778243067978
spatial:2,spatial,spatial,2,ridge_slope_single_a10,1.0,ridge_slope_single_a10__w1.00,795791,154,140410849.72941288,13.28314220861064,9.569491098272545,20.022697377308873,22.570417162098654,37.57048683834226,0.28219005507750655,0.4237200665701684
spatial:2,spatial,spatial,2,ridge_local_long_a1,0.25,ridge_local_long_a1__w0.25,795791,154,121590588.31743036,12.360910682501805,8.784573151605969,17.90214020654958,21.13103012061534,38.40817793889753,0.29077950921381907,0.4190613820621177
spatial:2,spatial,spatial,2,ridge_local_long_a1,0.5,ridge_local_long_a1__w0.50,795791,154,126078304.2213615,12.586954660492564,9.06160044583417,18.370137071340732,20.94268751058664,38.302695632796095,0.2879773295357163,0.4135490578800748
spatial:2,spatial,spatial,2,ridge_local_long_a1,0.75,ridge_local_long_a1__w0.75,795791,154,132363638.78183615,12.896885296465973,9.419354300891431,19.211973637842185,21.06949070943621,38.20824431877455,0.28235390376977254,0.40636404554492384
spatial:2,spatial,spatial,2,ridge_local_long_a1,1.0,ridge_local_long_a1__w1.00,795791,154,140446591.9988543,13.284832745484655,9.893517029775616,19.001743003440758,21.58695772123746,38.12490598204363,0.2745039330806188,0.40014807835580124
spatial:2,spatial,spatial,2,ridge_local_long_a10,0.25,ridge_local_long_a10__w0.25,795791,154,122434351.75292946,12.403725069814795,8.781732998557295,18.199683374472265,21.379397383654386,38.36282654630277,0.29172071170069364,0.4267144200112739
spatial:2,spatial,spatial,2,ridge_local_long_a10,0.5,ridge_local_long_a10__w0.50,795791,154,127519730.05961935,12.658702132869365,9.049417728754008,18.58412516204027,22.148719532637127,38.21092549204199,0.291655931437355,0.4278588144584932
spatial:2,spatial,spatial,2,ridge_local_long_a10,0.75,ridge_local_long_a10__w0.75,795791,154,134156625.99011235,12.98394155948622,9.48870235675014,19.08043960279257,22.572583098610696,38.06901564888925,0.29002659920571305,0.42758738896359694
spatial:2,spatial,spatial,2,ridge_local_long_a10,1.0,ridge_local_long_a10__w1.00,795791,154,142345039.54440847,13.374318367747877,9.688641013274694,20.06067817424692,22.978730734625884,37.937209137898954,0.28629399287221546,0.42475418639977774
spatial:2,spatial,spatial,2,ridge_all_views_a1,0.25,ridge_all_views_a1__w0.25,795791,154,121452109.16177107,12.353869775197545,8.816543532965756,17.87421295430209,21.43708812509423,38.71480196169922,0.2909435793818079,0.42301582891957684
spatial:2,spatial,spatial,2,ridge_all_views_a1,0.5,ridge_all_views_a1__w0.50,795791,154,126037654.07550496,12.584925354994262,9.111746144632791,18.16529939332031,22.098488950118433,38.9173759359866,0.2890058811776133,0.42165428592760246
spatial:2,spatial,spatial,2,ridge_all_views_a1,0.75,ridge_all_views_a1__w0.75,795791,154,132657125.81124437,12.911175371800564,9.465428330356637,18.813619646071636,22.284071018346268,39.13213040320341,0.2859690108920803,0.41980191677297135
spatial:2,spatial,spatial,2,ridge_all_views_a1,1.0,ridge_all_views_a1__w1.00,795791,154,141310524.3689893,13.325629752262195,10.056193384242336,19.38781790284741,22.43193442578977,39.358865981946366,0.28011290134061173,0.41912613306371305
spatial:2,spatial,spatial,2,ridge_all_views_a10,0.25,ridge_all_views_a10__w0.25,795791,154,122408296.02760218,12.402405157366289,8.770889937769212,18.07119624115064,21.93659791476832,38.5642524154619,0.29353508627908775,0.4278838118833373
spatial:2,spatial,spatial,2,ridge_all_views_a10,0.5,ridge_all_views_a10__w0.50,795791,154,127741481.53689449,12.669703828864613,9.169793121526512,18.48906772925443,22.220380673257377,38.615067479365784,0.29341386681226084,0.4319247183025599
spatial:2,spatial,spatial,2,ridge_all_views_a10,0.75,ridge_all_views_a10__w0.75,795791,154,134900047.59791964,13.019866759983284,9.546004926358094,19.04387663695796,22.635482750534155,38.67700181868942,0.29239399918177417,0.43230667671638157
spatial:2,spatial,spatial,2,ridge_all_views_a10,1.0,ridge_all_views_a10__w1.00,795791,154,143883994.21067765,13.446421817612999,9.757076866370381,19.975992773147265,23.745072405478993,38.750002117474175,0.28912635895468786,0.43145023966012486
spatial:2,spatial,spatial,2,ridge_all_views_a100,0.25,ridge_all_views_a100__w0.25,795791,154,124504168.68471168,12.508131397179064,8.742201743291666,18.173532181977876,22.379435592296453,39.054243110444226,0.29978376584787586,0.4350607325969064
spatial:2,spatial,spatial,2,ridge_all_views_a100,0.5,ridge_all_views_a100__w0.50,795791,154,132681972.01047748,12.912384423384466,9.179954428625944,18.901919146556466,22.79496224967435,39.595219642951726,0.3090676464519348,0.44400403660627824
spatial:2,spatial,spatial,2,ridge_all_views_a100,0.75,ridge_all_views_a100__w0.75,795791,154,143433901.04734012,13.425374017924822,9.377189080713878,19.392212346915716,24.164744683619755,40.14707205260539,0.31569196462496746,0.4498158545631429
spatial:2,spatial,spatial,2,ridge_all_views_a100,1.0,ridge_all_views_a100__w1.00,795791,154,156759955.79529962,14.03518219051053,9.690279909444447,20.690767510477098,25.135707068039757,40.70935804455995,0.3194234436729306,0.4579708107722602
spatial:2,spatial,spatial,2,ridge_all_views_no_indicator_a1,0.25,ridge_all_views_no_indicator_a1__w0.25,795791,154,121525982.14881323,12.357626311563742,8.83418870152783,17.909828830800762,21.450652609801946,38.641263101066016,0.29064361210505774,0.42249740619763726
spatial:2,spatial,spatial,2,ridge_all_views_no_indicator_a1,0.5,ridge_all_views_no_indicator_a1__w0.50,795791,154,126210955.13129725,12.593574483197262,9.144468091947072,18.257691127701527,22.10257199023869,38.77070078821512,0.288942635179619,0.4210048800324607
spatial:2,spatial,spatial,2,ridge_all_views_no_indicator_a1,0.75,ridge_all_views_no_indicator_a1__w0.75,795791,154,132955410.01749478,12.925682836872854,9.663091540739133,18.758607251890723,22.03405496931711,38.91278620396973,0.2858171569415571,0.41898217137465
spatial:2,spatial,spatial,2,ridge_all_views_no_indicator_a1,1.0,ridge_all_views_no_indicator_a1__w1.00,795791,154,141759346.8074058,13.346775028561371,10.134452702380482,19.22912393897505,22.51290792393589,39.0673813517807,0.2798568403789569,0.418367169609849
spatial:2,spatial,spatial,2,ridge_all_views_original_boost4_a1,0.25,ridge_all_views_original_boost4_a1__w0.25,795791,154,121517738.64461806,12.357207175383374,8.81157451286694,17.90625766835379,21.463079942845877,38.54466063579244,0.2906730795917125,0.422754277529557
spatial:2,spatial,spatial,2,ridge_all_views_original_boost4_a1,0.5,ridge_all_views_original_boost4_a1__w0.50,795791,154,126044250.13337857,12.585254660591625,9.098879300115197,18.12574398191417,22.301342188073708,38.57698193428441,0.28825928369531595,0.42140261432879605
spatial:2,spatial,spatial,2,ridge_all_views_original_boost4_a1,0.75,ridge_all_views_original_boost4_a1__w0.75,795791,154,132480025.53632422,12.90255413731971,9.580078943856984,18.853160366814336,22.478057892194936,38.621533739022546,0.28532931106534903,0.41983594618380543
spatial:2,spatial,spatial,2,ridge_all_views_original_boost4_a1,1.0,ridge_all_views_original_boost4_a1__w1.00,795791,154,140825064.85345504,13.302720562310352,10.05292213319176,19.438766465130836,22.577215548319163,38.678273786681075,0.27982412089072306,0.4182965251069754
spatial:2,spatial,spatial,2,ridge_all_views_original_boost4_a10,0.25,ridge_all_views_original_boost4_a10__w0.25,795791,154,122437847.4913708,12.40390214376676,8.769407127934855,18.086312329618824,21.995359780752835,38.40574398474791,0.2933392500068151,0.42789373466711794
spatial:2,spatial,spatial,2,ridge_all_views_original_boost4_a10,0.5,ridge_all_views_original_boost4_a10__w0.50,795791,154,127680942.60337391,12.666701275406432,9.042859945493177,18.5409391644555,22.27247873848801,38.297869025224664,0.2932700434634975,0.43221026356774594
spatial:2,spatial,spatial,2,ridge_all_views_original_boost4_a10,0.75,ridge_all_views_original_boost4_a10__w0.75,795791,154,134629776.40605208,13.006817620056,9.585556528710313,19.17753547158903,22.665981662668052,38.20106878111067,0.29252127325429067,0.4330954529609277
spatial:2,spatial,spatial,2,ridge_all_views_original_boost4_a10,1.0,ridge_all_views_original_boost4_a10__w1.00,795791,154,143284348.8994053,13.41837317245241,9.752464435890221,20.035766448722672,23.675301441728642,38.11542763054952,0.2896887656200776,0.432052482546144
spatial:2,spatial,spatial,2,ridge_per_view_ensemble_a1,0.25,ridge_per_view_ensemble_a1__w0.25,795791,154,119409810.80784918,12.249560120190935,8.766635708495553,17.790969645900358,21.243772721533425,38.0314070183153,0.2855038950214835,0.41466157165255546
spatial:2,spatial,spatial,2,ridge_per_view_ensemble_a1,0.5,ridge_per_view_ensemble_a1__w0.50,795791,154,121011393.93764728,12.331435061311955,9.044780396228983,17.875005776058124,21.245378906035548,37.54744926888026,0.27876324888573023,0.4063351392057831
spatial:2,spatial,spatial,2,ridge_per_view_ensemble_a1,0.75,ridge_per_view_ensemble_a1__w0.75,795791,154,123705240.459437,12.46793522505712,9.391806284059506,18.016421366097497,20.791380768536655,37.07308907933737,0.2703454955927089,0.39676469115842716
spatial:2,spatial,spatial,2,ridge_per_view_ensemble_a1,1.0,ridge_per_view_ensemble_a1__w1.00,795791,154,127491350.37321833,12.657293448947579,9.775733765612728,18.353244143038257,20.33987029373699,36.60869953506687,0.26057329875074076,0.3867266433673744
spatial:2,spatial,spatial,2,extra_trees_all_views,0.25,extra_trees_all_views__w0.25,795791,154,125925826.22636725,12.579341081579045,8.785404385126903,18.72107810151699,22.281516645877332,38.840940322236094,0.3086422532936426,0.4432072919302137
spatial:2,spatial,spatial,2,extra_trees_all_views,0.5,extra_trees_all_views__w0.50,795791,154,138261695.04543597,13.181093079597742,9.062574606075785,19.230981477011685,22.672887411145698,39.170488206861926,0.32986599524888893,0.4591557722341071
spatial:2,spatial,spatial,2,extra_trees_all_views,0.75,extra_trees_all_views__w0.75,795791,154,155908097.52724886,13.99699554746043,9.32997691516179,20.142180444449817,24.06324174232697,43.70175859976322,0.3484057444183875,0.4756524409429098
spatial:2,spatial,spatial,2,extra_trees_all_views,1.0,extra_trees_all_views__w1.00,795791,154,178865033.67180595,14.992125626292127,9.650324556507744,21.765216723808035,26.334730252720195,51.16758561998632,0.37030483867503805,0.49654559631237255
spatial:2,spatial,spatial,2,hist_gradient_all_views,0.25,hist_gradient_all_views__w0.25,795791,154,125288713.62695304,12.547478596328203,9.165291197408617,18.488472458483773,22.24624041075859,39.30755722883593,0.30022054528243447,0.4351489005886138
spatial:2,spatial,spatial,2,hist_gradient_all_views,0.5,hist_gradient_all_views__w0.50,795791,154,136919010.0170284,13.116934913752477,9.583264354978587,19.635095439760033,22.213586039662268,40.13817577392209,0.31209738936933346,0.4424380753784971
spatial:2,spatial,spatial,2,hist_gradient_all_views,0.75,hist_gradient_all_views__w0.75,795791,154,153791380.2402688,13.901654340242695,9.831271670564693,20.31747268613377,23.69037969051825,42.13058108686973,0.32959452000732575,0.4570006870457419
spatial:2,spatial,spatial,2,hist_gradient_all_views,1.0,hist_gradient_all_views__w1.00,795791,154,175905824.29667422,14.867590750260238,10.618159852481899,21.931873092546258,26.032097514450474,48.238030314701476,0.34822790682556565,0.4784282001472887
spatial:2,spatial,spatial,2,knn25_all_views,0.25,knn25_all_views__w0.25,795791,154,127285191.13278852,12.647055602474135,9.10974477412952,18.530988608048624,22.08100412119347,37.90731775398345,0.30344890027662796,0.4330398574017739
spatial:2,spatial,spatial,2,knn25_all_views,0.5,knn25_all_views__w0.50,795791,154,145076409.39466074,13.502024372183865,9.52178861699684,19.495972054656708,22.36029725792385,39.08671261812188,0.3266122829346101,0.4475256293373549
spatial:2,spatial,spatial,2,knn25_all_views,0.75,knn25_all_views__w0.75,795791,154,172274145.8556594,14.713315275001737,11.115870396135456,21.391750716865378,25.66256262949983,47.61784802533203,0.35948562505489184,0.47233502815844464
spatial:2,spatial,spatial,2,knn25_all_views,1.0,knn25_all_views__w1.00,795791,154,208878400.51578444,16.201202674978468,11.633695638814384,23.198365185970083,29.042572714729662,57.13327221402971,0.3823740155181586,0.499754641060486
spatial:3,spatial,spatial,3,ridge_original_a1,0.25,ridge_original_a1__w0.25,754213,155,137221448.25400338,13.488510438982283,8.65914484177173,18.76824828004602,25.370429032585918,51.54839172955112,0.43196056002053784,0.5516397947176449
spatial:3,spatial,spatial,3,ridge_original_a1,0.5,ridge_original_a1__w0.50,754213,155,134631769.9089661,13.360624879547142,8.831783290557777,18.424339098764317,25.121511366706624,47.85758430352625,0.4181766073327708,0.5389135636357609
spatial:3,spatial,spatial,3,ridge_original_a1,0.75,ridge_original_a1__w0.75,754213,155,133982270.43922791,13.328358312718416,8.864654513404975,18.29787003248018,25.078760046834628,44.44422184738992,0.40280570683284583,0.5250465434737231
spatial:3,spatial,spatial,3,ridge_original_a1,1.0,ridge_original_a1__w1.00,754213,155,135272949.84478885,13.39240188626529,9.1660503112908,19.408268194255086,25.721887466019783,41.387562439215024,0.38643084402232003,0.5115722057473032
spatial:3,spatial,spatial,3,ridge_original_a10,0.25,ridge_original_a10__w0.25,754213,155,139698424.41483477,13.609706108997461,8.806789130940354,17.108966045568824,25.433211679462648,53.850689673982366,0.44492643295459117,0.5571883844269326
spatial:3,spatial,spatial,3,ridge_original_a10,0.5,ridge_original_a10__w0.50,754213,155,139247016.9087604,13.587699796309707,9.034534715285023,17.66195689296899,25.227003358032412,52.34282233561648,0.4387627192404881,0.5535440894484108
spatial:3,spatial,spatial,3,ridge_original_a10,0.75,ridge_original_a10__w0.75,754213,155,140397082.9561167,13.643696036189972,9.238970088713241,18.857880585457572,25.025564381810252,50.946801806447965,0.4301841139332611,0.5487502724005128
spatial:3,spatial,spatial,3,ridge_original_a10,1.0,ridge_original_a10__w1.00,754213,155,143148622.55690366,13.776743726048482,9.383551215582006,19.149376052550366,25.001290640426923,49.67205925977184,0.42002132026450373,0.5409619704200024
spatial:3,spatial,spatial,3,ridge_original_a100,0.25,ridge_original_a100__w0.25,754213,155,142249866.72241718,13.733427119997785,8.789251183181056,17.420646017901113,24.395587240458337,56.590810454399744,0.4615445497002526,0.5702554117167179
spatial:3,spatial,spatial,3,ridge_original_a100,0.5,ridge_original_a100__w0.50,754213,155,145695423.19823182,13.898756543760946,9.2802852145768,17.690760391495996,25.677366500244243,57.76381751828149,0.471170345705762,0.5746864545920756
spatial:3,spatial,spatial,3,ridge_original_a100,0.75,ridge_original_a100__w0.75,754213,155,152087974.90178367,14.200395219543406,9.22464787515493,17.986728967019616,26.699803646625092,58.977708996034956,0.4737980666251012,0.5717772256701226
spatial:3,spatial,spatial,3,ridge_original_a100,1.0,ridge_original_a100__w1.00,754213,155,161427521.8330728,14.629914328039353,9.577200118372726,18.328206614893766,27.073345861201737,60.23001295278605,0.4700056190192313,0.5635593740825355
spatial:3,spatial,spatial,3,ridge_backtest_single_a1,0.25,ridge_backtest_single_a1__w0.25,754213,155,139815888.64717436,13.615426709551036,8.896379276816653,17.35228313420512,25.4285735570289,53.35320053668703,0.4398846265461459,0.5541760529288458
spatial:3,spatial,spatial,3,ridge_backtest_single_a1,0.5,ridge_backtest_single_a1__w0.50,754213,155,140670090.79541856,13.656954954684558,9.137218436749269,18.605442340264425,25.98911228890724,51.509051999965514,0.4270455409383062,0.544723735044093
spatial:3,spatial,spatial,3,ridge_backtest_single_a1,0.75,ridge_backtest_single_a1__w0.75,754213,155,144313911.91907242,13.832704285036675,9.20643937692028,19.252068519391514,26.180672381097793,49.95807332658097,0.41079189624956086,0.5336265319008042
spatial:3,spatial,spatial,3,ridge_backtest_single_a1,1.0,ridge_backtest_single_a1__w1.00,754213,155,150747352.01813596,14.137669966869451,9.408319282363337,20.449579047286047,26.556995873627844,48.72826659357596,0.3937286485831662,0.5219696655767403
spatial:3,spatial,spatial,3,ridge_backtest_single_a10,0.25,ridge_backtest_single_a10__w0.25,754213,155,140439612.63199565,13.64576238265814,8.881691607971932,17.370605300189634,24.76276404317312,53.92569545222411,0.44437694220585605,0.5547556742994744
spatial:3,spatial,spatial,3,ridge_backtest_single_a10,0.5,ridge_backtest_single_a10__w0.50,754213,155,141843128.68356222,13.713778926165727,9.147778976125835,18.34220414364259,26.049479504809405,52.51971767798143,0.4360398073143817,0.549318282982027
spatial:3,spatial,spatial,3,ridge_backtest_single_a10,0.75,ridge_backtest_single_a10__w0.75,754213,155,145961853.62903944,13.911458934246538,9.388848135405757,19.45733428916061,26.27667434793476,51.2540158829429,0.42595301961551574,0.5406739489689291
spatial:3,spatial,spatial,3,ridge_backtest_single_a10,1.0,ridge_backtest_single_a10__w1.00,754213,155,152795787.46842736,14.233400954600054,9.492714761449642,20.32130101841693,26.507062277582644,50.13921446800186,0.4133073094065637,0.5292621725819878
spatial:3,spatial,spatial,3,ridge_backtest_cumulative_a1,0.25,ridge_backtest_cumulative_a1__w0.25,754213,155,137988588.49800923,13.526161832039962,8.931579388216052,18.473092910274644,26.03540038944244,52.015271067721706,0.43624765075221206,0.5538434956311327
spatial:3,spatial,spatial,3,ridge_backtest_cumulative_a1,0.5,ridge_backtest_cumulative_a1__w0.50,754213,155,136799775.2365404,13.467769814190014,8.805399921503849,18.475993421351326,26.016662503512915,48.843231865708674,0.4198823903981391,0.5416464116695526
spatial:3,spatial,spatial,3,ridge_backtest_cumulative_a1,0.75,ridge_backtest_cumulative_a1__w0.75,754213,155,138184865.68993336,13.53577832887009,8.961020017464543,19.487392040719648,25.921704329517876,46.00187413289643,0.40020169575064407,0.5291448621320892
spatial:3,spatial,spatial,3,ridge_backtest_cumulative_a1,1.0,ridge_backtest_cumulative_a1__w1.00,754213,155,142143859.85818806,13.728308982079291,9.219256348620817,20.346147982131825,25.89018665424316,43.555961683826574,0.3808526580408679,0.5148287595623519
spatial:3,spatial,spatial,3,ridge_backtest_cumulative_a10,0.25,ridge_backtest_cumulative_a10__w0.25,754213,155,139635632.66634962,13.606647114963996,8.820660287244786,17.317412475131157,25.438686355670512,53.75294608193551,0.4454290287316362,0.5566196066007492
spatial:3,spatial,spatial,3,ridge_backtest_cumulative_a10,0.5,ridge_backtest_cumulative_a10__w0.50,754213,155,139525914.42827314,13.60130037540285,9.262840839797885,18.180866134776473,25.23699614216408,52.16584267199103,0.4389867332746479,0.551626044522416
spatial:3,spatial,spatial,3,ridge_backtest_cumulative_a10,0.75,ridge_backtest_cumulative_a10__w0.75,754213,155,141422150.76011035,13.693413159479892,9.660668309539174,19.270493522721818,25.738194401028686,50.71135560007021,0.4294287951570648,0.5444362894146545
spatial:3,spatial,spatial,3,ridge_backtest_cumulative_a10,1.0,ridge_backtest_cumulative_a10__w1.00,754213,155,145324341.66186124,13.881045417186995,9.782204110461054,18.936464491053673,26.964358013775882,49.40119986236186,0.4172729690269204,0.5339261232480157
spatial:3,spatial,spatial,3,ridge_slope_single_a1,0.25,ridge_slope_single_a1__w0.25,754213,155,140309483.56220627,13.639438946346512,8.643866710571421,18.656972976722557,25.599170658019954,54.569798561610504,0.4455726123569225,0.5588188556404805
spatial:3,spatial,spatial,3,ridge_slope_single_a1,0.5,ridge_slope_single_a1__w0.50,754213,155,141109039.18196896,13.67824600920539,8.77533328420067,19.12615844055054,25.13783397828702,53.8863859917551,0.4387646638271448,0.5533409691895635
spatial:3,spatial,spatial,3,ridge_slope_single_a1,0.75,ridge_slope_single_a1__w0.75,754213,155,144149972.3336279,13.824845125193166,9.281333114797892,19.42475656183816,26.470736639447818,53.41903068959065,0.42844788937086925,0.5441029587259109
spatial:3,spatial,spatial,3,ridge_slope_single_a1,1.0,ridge_slope_single_a1__w1.00,754213,155,149432283.01718307,14.075868758723784,9.409540465796507,19.89816419531047,26.85675199204413,53.173429913291926,0.4153007345863742,0.5324136866983
spatial:3,spatial,spatial,3,ridge_slope_single_a10,0.25,ridge_slope_single_a10__w0.25,754213,155,140902567.77063936,13.668235308918439,8.911790430900979,17.464121194295863,25.61353404452718,55.19408930203063,0.452510140422723,0.5610515383363225
spatial:3,spatial,spatial,3,ridge_slope_single_a10,0.5,ridge_slope_single_a10__w0.50,754213,155,142031132.35797387,13.722864269586806,9.070261312080088,18.108850464994237,25.492987057913574,55.02461785779588,0.45340056866607564,0.560708062517517
spatial:3,spatial,spatial,3,ridge_slope_single_a10,0.75,ridge_slope_single_a10__w0.75,754213,155,145136999.23634332,13.872095273912391,9.424020089736299,18.78159435913309,25.624049126626055,54.953771742895164,0.45119733126184175,0.5579866213955403
spatial:3,spatial,spatial,3,ridge_slope_single_a10,1.0,ridge_slope_single_a10__w1.00,754213,155,150220168.40574774,14.112927656619144,9.561529902931218,18.926464422935815,25.40609020212695,54.981932205059806,0.4461793184585719,0.5518952960469189
spatial:3,spatial,spatial,3,ridge_local_long_a1,0.25,ridge_local_long_a1__w0.25,754213,155,139871688.46658862,13.618143362758955,8.745954899510814,17.605164790546585,25.659660242840673,53.08007762306917,0.43761379420348734,0.5522222221590175
spatial:3,spatial,spatial,3,ridge_local_long_a1,0.5,ridge_local_long_a1__w0.50,754213,155,140450902.9499554,13.646310881393346,8.907328408382408,18.41191209523701,25.679820183822947,50.91212405413821,0.4231402030194344,0.5402743255852445
spatial:3,spatial,spatial,3,ridge_local_long_a1,0.75,ridge_local_long_a1__w0.75,754213,155,143488948.9244402,13.79311065180099,9.208875242371208,19.25718976220103,27.212405130282978,48.9857428740357,0.40585627461602103,0.5272331225361597
spatial:3,spatial,spatial,3,ridge_local_long_a1,1.0,ridge_local_long_a1__w1.00,754213,155,148985826.39004302,14.054825896902114,9.544956798216862,20.605470828846215,26.985247955058984,47.330439762615676,0.3867896812697593,0.5139286011554565
spatial:3,spatial,spatial,3,ridge_local_long_a10,0.25,ridge_local_long_a10__w0.25,754213,155,140543211.47544855,13.650794526226159,8.81016145871146,17.393714018821427,25.056163271224293,54.103200094699716,0.4452906557450794,0.5548397321671001
spatial:3,spatial,spatial,3,ridge_local_long_a10,0.5,ridge_local_long_a10__w0.50,754213,155,141652741.94477195,13.704572282261921,9.09469067525961,18.21888917848098,26.029572665317897,52.84866030180086,0.43834405596362935,0.5492796983936008
spatial:3,spatial,spatial,3,ridge_local_long_a10,0.75,ridge_local_long_a10__w0.75,754213,155,145079896.88231,13.869366103444564,9.577976120359532,18.99487111999596,26.527338780091917,51.70519997878833,0.42806851696684484,0.5414648952985198
spatial:3,spatial,spatial,3,ridge_local_long_a10,1.0,ridge_local_long_a10__w1.00,754213,155,150824676.28806272,14.141295386638095,9.491300397064593,19.605400788935658,26.704352920566496,50.68033827769073,0.4177727135068513,0.5313593963893689
spatial:3,spatial,spatial,3,ridge_all_views_a1,0.25,ridge_all_views_a1__w0.25,754213,155,140537610.24104345,13.6505225029068,8.934894496197353,18.30732370987711,25.768270521182487,53.71371600822875,0.4384865471991119,0.5529504570252475
spatial:3,spatial,spatial,3,ridge_all_views_a1,0.5,ridge_all_views_a1__w0.50,754213,155,142325815.4571006,13.73709284303754,9.14277340112112,18.86214416317822,26.98368077292961,52.20137401778827,0.4242786486857258,0.5423295683086196
spatial:3,spatial,spatial,3,ridge_all_views_a1,0.75,ridge_all_views_a1__w0.75,754213,155,147115921.1225113,13.96634708545849,9.573925921217572,20.37569331146164,26.220424234041317,50.94520865615843,0.4068887954368796,0.5297053172252806
spatial:3,spatial,spatial,3,ridge_all_views_a1,1.0,ridge_all_views_a1__w1.00,754213,155,154907927.23727554,14.331439495115275,9.666502901449578,20.88279998850363,25.8236769990402,49.964545374056485,0.3898651656542166,0.5162624337887597
spatial:3,spatial,spatial,3,ridge_all_views_a10,0.25,ridge_all_views_a10__w0.25,754213,155,140864693.40620852,13.666398186552014,8.982383947574329,17.518937728322054,25.0808053856334,54.28039634813369,0.444986068811963,0.5550370395293951
spatial:3,spatial,spatial,3,ridge_all_views_a10,0.5,ridge_all_views_a10__w0.50,754213,155,142630317.75771374,13.75178006407851,9.230780935961997,18.652275210635672,26.586148622295703,53.21623449190227,0.4373701264856376,0.5480186388989018
spatial:3,spatial,spatial,3,ridge_all_views_a10,0.75,ridge_all_views_a10__w0.75,754213,155,147048178.5288555,13.96313116733044,9.37975040169492,19.59370885360934,26.93758862079575,52.27592521019919,0.4270302649365805,0.5394734950964958
spatial:3,spatial,spatial,3,ridge_all_views_a10,1.0,ridge_all_views_a10__w1.00,754213,155,154118275.71963376,14.294865182619072,10.004046509232024,20.594976295311085,27.049706057589514,51.466257460263385,0.416729491086634,0.5314609655951452
spatial:3,spatial,spatial,3,ridge_all_views_a100,0.25,ridge_all_views_a100__w0.25,754213,155,141966284.12721765,13.719731135834003,8.850073431393986,17.529367428508596,24.011180522824112,56.20855586131335,0.4586122001967049,0.5667595937930714
spatial:3,spatial,spatial,3,ridge_all_views_a100,0.5,ridge_all_views_a100__w0.50,754213,155,145327661.2705513,13.881203956958528,9.298564059910383,17.934466499724124,26.382419556275217,57.002031466097236,0.4648664167823591,0.5672384198759911
spatial:3,spatial,spatial,3,ridge_all_views_a100,0.75,ridge_all_views_a100__w0.75,754213,155,151835436.90434074,14.188600633931955,9.299791092973742,17.92402259097447,26.392516795163985,57.839807373167126,0.46458246467456243,0.5615588354845376
spatial:3,spatial,spatial,3,ridge_all_views_a100,1.0,ridge_all_views_a100__w1.00,754213,155,161489611.02858603,14.632727579066476,9.755179862875359,18.339960218505823,25.779097525381186,58.71998747550785,0.4582353676444828,0.5543833166256062
spatial:3,spatial,spatial,3,ridge_all_views_no_indicator_a1,0.25,ridge_all_views_no_indicator_a1__w0.25,754213,155,140278512.2219443,13.63793350634382,8.95672257030044,18.377200871909242,25.81440974252538,53.59131183444171,0.43776473066294425,0.552171879494336
spatial:3,spatial,spatial,3,ridge_all_views_no_indicator_a1,0.5,ridge_all_views_no_indicator_a1__w0.50,754213,155,141797971.72728637,13.711595803808665,9.241262106450785,19.023328561131073,26.829362485148554,51.958913402474224,0.42283249062704137,0.5408726668659547
spatial:3,spatial,spatial,3,ridge_all_views_no_indicator_a1,0.75,ridge_all_views_no_indicator_a1__w0.75,754213,155,146309683.99036604,13.928024729824177,9.653769945192977,20.351174778759937,26.155784493261777,50.58709057369022,0.40473994642744204,0.528084563269117
spatial:3,spatial,spatial,3,ridge_all_views_no_indicator_a1,1.0,ridge_all_views_no_indicator_a1__w1.00,754213,155,153813649.01118326,14.280730740622719,9.839841783782443,20.647231722896393,25.535820938469314,49.4975136382742,0.38702929019060905,0.5136767202758433
spatial:3,spatial,spatial,3,ridge_all_views_original_boost4_a1,0.25,ridge_all_views_original_boost4_a1__w0.25,754213,155,140472284.7531104,13.647349577559599,8.930204639069851,18.082542851821476,25.847934855310246,53.56722381017538,0.4404075150938939,0.5544569111525187
spatial:3,spatial,spatial,3,ridge_all_views_original_boost4_a1,0.5,ridge_all_views_original_boost4_a1__w0.50,754213,155,141887422.32890072,13.715919973997718,8.99345584708134,18.71714273079005,26.658221759886967,51.90912208631115,0.42851787101553046,0.5454707259267627
spatial:3,spatial,spatial,3,ridge_all_views_original_boost4_a1,0.75,ridge_all_views_original_boost4_a1__w0.75,754213,155,145996718.2017108,13.913120286509065,9.317179382307856,19.875692221858174,27.080027288778037,50.51021942487299,0.4135894281019356,0.5335239325967284
spatial:3,spatial,spatial,3,ridge_all_views_original_boost4_a1,1.0,ridge_all_views_original_boost4_a1__w1.00,754213,155,152800172.37154058,14.233605186789388,9.520782216109012,20.354628735420714,27.020213749583288,49.39254395616007,0.39665700675346216,0.5218694321069862
spatial:3,spatial,spatial,3,ridge_all_views_original_boost4_a10,0.25,ridge_all_views_original_boost4_a10__w0.25,754213,155,140917210.680951,13.668945507275229,8.954585781206156,17.43011997796931,25.16724012706011,54.31897108952539,0.4469173661192024,0.5566213003197535
spatial:3,spatial,spatial,3,ridge_all_views_original_boost4_a10,0.5,ridge_all_views_original_boost4_a10__w0.50,754213,155,142551479.0377753,13.747978899591336,9.360844876226365,18.388623719819222,26.427960974190004,53.291965150257774,0.441538696975964,0.5516192545408631
spatial:3,spatial,spatial,3,ridge_all_views_original_boost4_a10,0.75,ridge_all_views_original_boost4_a10__w0.75,754213,155,146654110.54481268,13.94440902340923,9.293473982429132,19.25046110806167,26.62241892523644,52.387045987316284,0.4327522572405852,0.5449543106290133
spatial:3,spatial,spatial,3,ridge_all_views_original_boost4_a10,1.0,ridge_all_views_original_boost4_a10__w1.00,754213,155,153225105.20206314,14.253383066712411,9.482094852094585,20.201044001446004,26.833577481853734,51.61063585470927,0.4237976986176233,0.5375023557052266
spatial:3,spatial,spatial,3,ridge_per_view_ensemble_a1,0.25,ridge_per_view_ensemble_a1__w0.25,754213,155,138934960.90346718,13.5724660712555,8.882004572985315,18.379229919537806,25.873283335230717,52.336983429697646,0.4380122169242558,0.5547788157616907
spatial:3,spatial,spatial,3,ridge_per_view_ensemble_a1,0.5,ridge_per_view_ensemble_a1__w0.50,754213,155,138016399.29326442,13.527524822883693,8.921249521216904,18.7161659819174,26.011992118024335,49.43661895478501,0.42522150894425126,0.5461987172135483
spatial:3,spatial,spatial,3,ridge_per_view_ensemble_a1,0.75,ridge_per_view_ensemble_a1__w0.75,754213,155,138995620.6437315,13.575428653230384,8.997547066509611,19.254097775713184,25.989595389172834,46.80183945853945,0.4105953417993231,0.5357972682020419
spatial:3,spatial,spatial,3,ridge_per_view_ensemble_a1,1.0,ridge_per_view_ensemble_a1__w1.00,754213,155,141872624.9548684,13.715204741855791,9.220241416029722,19.82510882480033,26.431085215909413,44.47986604731761,0.3947586692802219,0.5230938796939838
spatial:3,spatial,spatial,3,extra_trees_all_views,0.25,extra_trees_all_views__w0.25,754213,155,140944688.0736285,13.670278093530202,8.65690254937759,16.93800535742018,24.274928910223085,55.34915560005262,0.46372348823456183,0.5722254920872097
spatial:3,spatial,spatial,3,extra_trees_all_views,0.5,extra_trees_all_views__w0.50,754213,155,145634612.34306175,13.895855685711647,8.964615133320436,16.878349923508935,23.58563512112711,55.26231014579528,0.4704062108872089,0.5747173758408094
spatial:3,spatial,spatial,3,extra_trees_all_views,0.75,extra_trees_all_views__w0.75,754213,155,155821078.2826396,14.373617903468457,9.20878031885443,17.89084100876018,23.91217620901369,55.20086494119549,0.46509746206168295,0.5688045627970797
spatial:3,spatial,spatial,3,extra_trees_all_views,1.0,extra_trees_all_views__w1.00,754213,155,171504085.892362,15.079614131164115,9.94325738990864,18.58865690684816,24.05921951856335,55.164904862212424,0.45228867501879644,0.5624526068041764
spatial:3,spatial,spatial,3,hist_gradient_all_views,0.25,hist_gradient_all_views__w0.25,754213,155,143641287.2899614,13.80043059714015,9.108402914827339,17.63448524217932,23.2821748374707,55.91347309894107,0.46475092754122227,0.5749712953642118
spatial:3,spatial,spatial,3,hist_gradient_all_views,0.5,hist_gradient_all_views__w0.50,754213,155,151048856.45522296,14.151801031007201,9.308136659903566,17.124272986092237,23.105701134041574,56.39912977510528,0.4725833697831871,0.5780628290489023
spatial:3,spatial,spatial,3,hist_gradient_all_views,0.75,hist_gradient_all_views__w0.75,754213,155,163974012.97012454,14.74485498904935,9.49512140284792,17.81586713201324,23.576251798143435,56.91739536760172,0.47035631515882736,0.573987786380526
spatial:3,spatial,spatial,3,hist_gradient_all_views,1.0,hist_gradient_all_views__w1.00,754213,155,182416756.83466607,15.551968150273229,10.432098551369885,19.3309110562664,24.23167030774573,57.46738763954888,0.45858962886649635,0.563708682919871
spatial:3,spatial,spatial,3,knn25_all_views,0.25,knn25_all_views__w0.25,754213,155,145700059.70047024,13.898977693820896,8.590107095701194,17.495282237758428,23.56192502762604,58.918265991800524,0.4693505079373513,0.5797533189648927
spatial:3,spatial,spatial,3,knn25_all_views,0.5,knn25_all_views__w0.50,754213,155,159403454.03501973,14.537906015573608,9.099811576734524,18.80349934940308,24.25146631217205,62.41726995172038,0.47118226493614807,0.5825814547794607
spatial:3,spatial,spatial,3,knn25_all_views,0.75,knn25_all_views__w0.75,754213,155,182861488.47798824,15.570914441253967,10.02217729025456,19.886606251885926,25.083312826510692,65.9516062083293,0.460316593603961,0.5703510566925967
spatial:3,spatial,spatial,3,knn25_all_views,1.0,knn25_all_views__w1.00,754213,155,216074163.02937582,16.92600297149126,10.800948004466946,21.419292452346546,26.85238183332052,69.51588586199827,0.44528661047009244,0.5489381836515664
spatial:4,spatial,spatial,4,ridge_original_a1,0.25,ridge_original_a1__w0.25,717248,154,103973796.34228164,12.040021924489691,8.855019959972612,17.78883649114459,24.95330669254435,39.913254244246566,0.2975957933899235,0.46547682633410403
spatial:4,spatial,spatial,4,ridge_original_a1,0.5,ridge_original_a1__w0.50,717248,154,104583931.79094231,12.07529667154605,8.914155267550477,17.995232402141642,23.97447202157861,39.33705253972795,0.2925238438032627,0.4524265924509582
spatial:4,spatial,spatial,4,ridge_original_a1,0.75,ridge_original_a1__w0.75,717248,154,106576634.14785007,12.189792902272037,9.157265722592335,18.025991252359912,23.69947291419806,38.76448988289412,0.2851840525199734,0.43861789297938825
spatial:4,spatial,spatial,4,ridge_original_a1,1.0,ridge_original_a1__w1.00,717248,154,109951903.41300492,12.381313008945547,9.22966550189513,18.336866805971763,23.778940216288362,38.19572992454674,0.27757267386030204,0.42616578162878904
spatial:4,spatial,spatial,4,ridge_original_a10,0.25,ridge_original_a10__w0.25,717248,154,108585884.82624611,12.304161257913455,8.783615026274271,17.791890680284048,24.791157072052037,41.693310476542464,0.3130800219428468,0.4813682001356713
spatial:4,spatial,spatial,4,ridge_original_a10,0.5,ridge_original_a10__w0.50,717248,154,114300277.221316,12.623766966435426,8.89256182815276,18.05008764406671,25.5819657738672,42.90205248052755,0.32180855858319407,0.48339939132271853
spatial:4,spatial,spatial,4,ridge_original_a10,0.75,ridge_original_a10__w0.75,717248,154,121889404.98707774,13.036118678337095,9.021445537703865,18.02652126862768,26.243937363856116,44.11847761521664,0.3284318008489046,0.48414163355890305
spatial:4,spatial,spatial,4,ridge_original_a10,1.0,ridge_original_a10__w1.00,717248,154,131353268.12353131,13.532740948499951,9.497497395357986,19.460036659321865,27.470707402427085,45.34196752039617,0.3313054417172392,0.4873354895719712
spatial:4,spatial,spatial,4,ridge_original_a100,0.25,ridge_original_a100__w0.25,717248,154,113043883.70745659,12.55419476099498,9.020404410142422,17.698345758077092,25.55322649206823,43.32358449917879,0.32833659278470495,0.4973755196700441
spatial:4,spatial,spatial,4,ridge_original_a100,0.5,ridge_original_a100__w0.50,717248,154,125416324.57187371,13.223376445182389,9.134101339127191,18.817187759067256,27.706752215719206,46.172623545745836,0.35069089091531214,0.5153000178340174
spatial:4,spatial,spatial,4,ridge_original_a100,0.75,ridge_original_a100__w0.75,717248,154,141863550.39511943,14.063737101188206,9.71318160884941,19.13170993417319,29.24869806324858,49.397888114636935,0.3660769011958974,0.5299331856793956
spatial:4,spatial,spatial,4,ridge_original_a100,1.0,ridge_original_a100__w1.00,717248,154,162385561.17719376,15.046622744589348,10.200499448184225,21.72864506297323,30.9589454379803,54.749787679751854,0.37348306967414313,0.5379067460574455
spatial:4,spatial,spatial,4,ridge_backtest_single_a1,0.25,ridge_backtest_single_a1__w0.25,717248,154,109132993.75426725,12.335119509805187,8.581288754470075,18.207381222184527,25.283516394234546,41.32952888124308,0.30867503199428376,0.47979608634693577
spatial:4,spatial,spatial,4,ridge_backtest_single_a1,0.5,ridge_backtest_single_a1__w0.50,717248,154,116539864.52736542,12.746841378651968,8.998935572628788,19.526460187433166,25.218812453816867,42.18446954066717,0.3128014678282361,0.4746856628540366
spatial:4,spatial,spatial,4,ridge_backtest_single_a1,0.75,ridge_backtest_single_a1__w0.75,717248,154,126966840.12116258,13.304865318496013,9.568495207720964,20.665741190244194,25.815191993002852,43.056668474053595,0.3120129622289961,0.47086521990088726
spatial:4,spatial,spatial,4,ridge_backtest_single_a1,1.0,ridge_backtest_single_a1__w1.00,717248,154,140413920.53565875,13.991697586554272,10.125700842618269,21.660673504201515,28.330199658418262,43.94509809428987,0.30597667421318175,0.46531553448396146
spatial:4,spatial,spatial,4,ridge_backtest_single_a10,0.25,ridge_backtest_single_a10__w0.25,717248,154,111465533.48862308,12.466244100376569,8.916589587088351,18.16004242321327,25.27324713074475,42.353315373736585,0.31744603707089736,0.488418900623922
spatial:4,spatial,spatial,4,ridge_backtest_single_a10,0.5,ridge_backtest_single_a10__w0.50,717248,154,121429269.81727448,13.011489595958935,9.054836921004217,19.072678967536167,25.959832163089406,44.23130748650998,0.32990460004720107,0.49205957240493425
spatial:4,spatial,spatial,4,ridge_backtest_single_a10,0.75,ridge_backtest_single_a10__w0.75,717248,154,134637436.78782225,13.700873122397262,9.399076874667948,20.076514426697354,27.395305129219995,46.12476425842904,0.3367316025687743,0.4950466427759521
spatial:4,spatial,spatial,4,ridge_backtest_single_a10,1.0,ridge_backtest_single_a10__w1.00,717248,154,151090034.4002664,14.513870276429161,9.85513031274927,21.371357031729737,29.09741194729186,49.00083690758127,0.3375995633488683,0.49750277946011134
spatial:4,spatial,spatial,4,ridge_backtest_cumulative_a1,0.25,ridge_backtest_cumulative_a1__w0.25,717248,154,107755398.92624676,12.257018640503672,8.545720820574825,17.811981151788096,24.369394161047598,41.11704696891134,0.31054603604540837,0.47536810672747914
spatial:4,spatial,spatial,4,ridge_backtest_cumulative_a1,0.5,ridge_backtest_cumulative_a1__w0.50,717248,154,113042105.39217441,12.55409601436903,8.92397100660326,18.732354896226017,24.876301022905334,41.75126543497697,0.31778530393534865,0.47169185079913195
spatial:4,spatial,spatial,4,ridge_backtest_cumulative_a1,0.75,ridge_backtest_cumulative_a1__w0.75,717248,154,120606347.199651,12.967325401266496,9.07393428447779,19.1843834372986,25.38835979918646,42.39514127082693,0.32206575906804896,0.472232010864586
spatial:4,spatial,spatial,4,ridge_backtest_cumulative_a1,1.0,ridge_backtest_cumulative_a1__w1.00,717248,154,130448124.34867655,13.486033884232212,9.224475404328121,20.08958547336896,26.32775917127555,43.048241140586356,0.3217050916377514,0.47089448278230245
spatial:4,spatial,spatial,4,ridge_backtest_cumulative_a10,0.25,ridge_backtest_cumulative_a10__w0.25,717248,154,110186991.01977204,12.394542152689462,8.826465723291413,17.844673815141466,24.803528469933884,42.037106395018114,0.31716131476277065,0.4837959752402018
spatial:4,spatial,spatial,4,ridge_backtest_cumulative_a10,0.5,ridge_backtest_cumulative_a10__w0.50,717248,154,118233237.49920294,12.839115858984421,8.934659028419034,18.538479314700297,25.745504711543227,43.59184270741799,0.33057142120658006,0.4865675639898277
spatial:4,spatial,spatial,4,ridge_backtest_cumulative_a10,0.75,ridge_backtest_cumulative_a10__w0.75,717248,154,128884967.24016078,13.40498893346032,9.198965467750636,19.259848382195763,26.62322124278352,45.15605685979726,0.3396640420739798,0.4933437213747456
spatial:4,spatial,spatial,4,ridge_backtest_cumulative_a10,1.0,ridge_backtest_cumulative_a10__w1.00,717248,154,142142180.24264556,14.07754140367206,9.510597418080646,20.63314631200972,27.555057591642576,46.728797069440915,0.3433283804167422,0.498864772660596
spatial:4,spatial,spatial,4,ridge_slope_single_a1,0.25,ridge_slope_single_a1__w0.25,717248,154,106942117.8843429,12.210676269874902,8.70457711069061,17.88866408491119,25.120279570069453,40.49542337931146,0.2997456842503524,0.4677282478255344
spatial:4,spatial,spatial,4,ridge_slope_single_a1,0.5,ridge_slope_single_a1__w0.50,717248,154,111156150.6878223,12.44893147750004,8.740945049350934,18.57144609587203,23.849459174236703,40.50894705516853,0.29562241486203983,0.4568130358664976
spatial:4,spatial,spatial,4,ridge_slope_single_a1,0.75,ridge_slope_single_a1__w0.75,717248,154,117388326.21230629,12.793158546688987,8.861711478643425,19.185767989377126,24.124437965188935,40.53349962666599,0.2904040139400595,0.4452360093296721
spatial:4,spatial,spatial,4,ridge_slope_single_a1,1.0,ridge_slope_single_a1__w1.00,717248,154,125638644.45779487,13.235091498564586,9.08873665880224,19.392376239334478,24.904755936231574,40.569061069602554,0.28266314191731384,0.43709409895501394
spatial:4,spatial,spatial,4,ridge_slope_single_a10,0.25,ridge_slope_single_a10__w0.25,717248,154,110468754.62211655,12.410379326701497,8.716717253196466,17.830702999288864,25.450298184684378,42.22254828063039,0.3138543691311059,0.48431403620077884
spatial:4,spatial,spatial,4,ridge_slope_single_a10,0.5,ridge_slope_single_a10__w0.50,717248,154,118730738.85308318,12.86609969388719,9.032039008874797,18.515013679464566,26.06006152844362,43.97158350725167,0.32409990846929315,0.4864262971083313
spatial:4,spatial,spatial,4,ridge_slope_single_a10,0.75,ridge_slope_single_a10__w0.75,717248,154,129532180.49476798,13.438604265718155,9.222180330528406,19.18044957900717,27.47962954099282,45.73781673750702,0.3305389998801846,0.4856597122115737
spatial:4,spatial,spatial,4,ridge_slope_single_a10,1.0,ridge_slope_single_a10__w1.00,717248,154,142873079.54717094,14.113688563420345,9.847137226072928,20.98340124976501,29.294046572804827,47.5193303261512,0.33206761381614236,0.4841483774316657
spatial:4,spatial,spatial,4,ridge_local_long_a1,0.25,ridge_local_long_a1__w0.25,717248,154,108208001.65297236,12.282733115094134,8.758366017039757,18.079735683516176,25.18598528864152,41.18319379460348,0.30530340587328614,0.47656456654717705
spatial:4,spatial,spatial,4,ridge_local_long_a1,0.5,ridge_local_long_a1__w0.50,717248,154,113854949.1071098,12.599151082310163,8.790105494349604,19.111656646468816,25.151926723198816,41.89716526250659,0.3103322755835971,0.47176917409207364
spatial:4,spatial,spatial,4,ridge_local_long_a1,0.75,ridge_local_long_a1__w0.75,717248,154,121687070.16428043,13.025294290880632,9.36003385558336,20.133102914216735,25.657730316893176,42.633662511780706,0.31237199731926,0.4688535387749893
spatial:4,spatial,spatial,4,ridge_local_long_a1,1.0,ridge_local_long_a1__w1.00,717248,154,131704364.82448421,13.55081484207281,9.68866028323906,20.906904052398538,26.606841199573964,43.39153854759872,0.3112007671933099,0.46567826278679153
spatial:4,spatial,spatial,4,ridge_local_long_a10,0.25,ridge_local_long_a10__w0.25,717248,154,110789702.6248935,12.428394364635723,8.864074051767727,18.014937942810956,25.314055155236556,42.36525793700319,0.3147165970879768,0.4858748963656896
spatial:4,spatial,spatial,4,ridge_local_long_a10,0.5,ridge_local_long_a10__w0.50,717248,154,119616960.04388389,12.91402751972438,9.046036955306988,18.871168773009508,26.178118472727544,44.25888871361088,0.32719002594355834,0.4889105030561891
spatial:4,spatial,spatial,4,ridge_local_long_a10,0.75,ridge_local_long_a10__w0.75,717248,154,131228000.05883925,13.526286504476184,9.58177341119502,19.97919460205192,27.60636127029207,46.171209771063936,0.3347378951754908,0.49102044844221376
spatial:4,spatial,spatial,4,ridge_local_long_a10,1.0,ridge_local_long_a10__w1.00,717248,154,145622822.66975954,14.248857706701852,9.883665929922376,20.78006596101724,29.248843122739043,48.09999194124884,0.3380899618146686,0.49471120640318816
spatial:4,spatial,spatial,4,ridge_all_views_a1,0.25,ridge_all_views_a1__w0.25,717248,154,108715529.34592362,12.311504252959846,8.754160198718443,18.096804909361556,25.209211772595204,41.78793991352716,0.3061201315003772,0.4778470060105408
spatial:4,spatial,spatial,4,ridge_all_views_a1,0.5,ridge_all_views_a1__w0.50,717248,154,115482235.33688664,12.68886912156029,9.039670727324228,18.98608499263451,25.58386445913929,43.11341115468812,0.3091548187719481,0.47171029870773445
spatial:4,spatial,spatial,4,ridge_all_views_a1,0.75,ridge_all_views_a1__w0.75,717248,154,125046345.77475716,13.20385752534535,9.51778820802237,20.45745417844063,26.99012743629723,44.46662859908021,0.30985513385630037,0.4642177053925841
spatial:4,spatial,spatial,4,ridge_all_views_a1,1.0,ridge_all_views_a1__w1.00,717248,154,137407860.65953517,13.841116243542173,10.083931990649393,21.021786405632913,27.957756527440555,45.845135346540445,0.3054945950205639,0.45539452934957797
spatial:4,spatial,spatial,4,ridge_all_views_a10,0.25,ridge_all_views_a10__w0.25,717248,154,111135989.58817956,12.44780245527279,9.074592903922213,18.047527383176458,25.437423789568093,42.690597281414604,0.31490843985676376,0.48673738636051767
spatial:4,spatial,spatial,4,ridge_all_views_a10,0.5,ridge_all_views_a10__w0.50,717248,154,120741933.82985586,12.974612339838885,9.181823868841164,18.82907900904868,26.411912878604863,44.91441339253344,0.3252200193216106,0.48898692286835943
spatial:4,spatial,spatial,4,ridge_all_views_a10,0.75,ridge_all_views_a10__w0.75,717248,154,133564060.52689698,13.646149783734542,9.456927349860706,19.877728833731545,28.513825482376568,47.16068769529382,0.33201961318870155,0.4871012276709201
spatial:4,spatial,spatial,4,ridge_all_views_a10,1.0,ridge_all_views_a10__w1.00,717248,154,149602369.67930293,14.442240186984554,10.000186668276864,20.998731516025078,30.109473344121806,49.42635831959375,0.33307827839551646,0.4852896649280973
spatial:4,spatial,spatial,4,ridge_all_views_a100,0.25,ridge_all_views_a100__w0.25,717248,154,113519311.80801736,12.580566619382997,9.090162928424432,17.735970407567724,25.53463335318296,43.50112553222077,0.32664069535989354,0.497877784475895
spatial:4,spatial,spatial,4,ridge_all_views_a100,0.5,ridge_all_views_a100__w0.50,717248,154,126500998.19598094,13.280435082966207,9.287504723969224,19.00870976184428,27.762029995427408,46.531218422780945,0.34678216403312134,0.5135536634530272
spatial:4,spatial,spatial,4,ridge_all_views_a100,0.75,ridge_all_views_a100__w0.75,717248,154,143691286.9657588,14.154044096785318,9.727878814358755,19.43054431117954,29.03480237831488,49.85956315605227,0.36109924535996374,0.522680482058332
spatial:4,spatial,spatial,4,ridge_all_views_a100,1.0,ridge_all_views_a100__w1.00,717248,154,165090178.11735094,15.171409999315316,10.296731107149327,21.89079798699906,30.90317392307994,55.36632455593979,0.3675933980056919,0.5302214314513628
spatial:4,spatial,spatial,4,ridge_all_views_no_indicator_a1,0.25,ridge_all_views_no_indicator_a1__w0.25,717248,154,108843676.89659035,12.318758158985366,8.755053819538858,18.052972019511763,25.188180327006773,41.89508535111758,0.30588794989211576,0.4781619690354832
spatial:4,spatial,spatial,4,ridge_all_views_no_indicator_a1,0.5,ridge_all_views_no_indicator_a1__w0.50,717248,154,115882358.85070427,12.7108323468242,9.09049267070656,18.92935392603179,25.761425501926517,43.32960602669163,0.30949314416487844,0.4718722876611142
spatial:4,spatial,spatial,4,ridge_all_views_no_indicator_a1,0.75,ridge_all_views_no_indicator_a1__w0.75,717248,154,125862273.66420981,13.246865093969111,9.592103704510727,20.721134341681385,26.94453441412247,44.79339133166077,0.30994342519764545,0.46416061160402117
spatial:4,spatial,spatial,4,ridge_all_views_no_indicator_a1,1.0,ridge_all_views_no_indicator_a1__w1.00,717248,154,138783421.33710697,13.910223944487853,10.156266433719784,21.169279818174758,27.96485244071238,46.28366474541962,0.3051903813468699,0.4547932088156637
spatial:4,spatial,spatial,4,ridge_all_views_original_boost4_a1,0.25,ridge_all_views_original_boost4_a1__w0.25,717248,154,108430773.06913066,12.295370050248222,8.683960444997357,18.099507341886174,25.233781725755772,41.56128355073563,0.30596859626633177,0.4776108993334785
spatial:4,spatial,spatial,4,ridge_all_views_original_boost4_a1,0.5,ridge_all_views_original_boost4_a1__w0.50,717248,154,114643700.18551977,12.64271722639828,8.90473255602831,18.958911218457438,25.180546606162515,42.65609408117231,0.30851212990664956,0.47210195898189394
spatial:4,spatial,spatial,4,ridge_all_views_original_boost4_a1,0.75,ridge_all_views_original_boost4_a1__w0.75,717248,154,123385009.15103543,13.115852556798826,9.39746809508489,20.017230083635162,26.620757016683225,43.775385515951484,0.30738371629358324,0.46522462784356294
spatial:4,spatial,spatial,4,ridge_all_views_original_boost4_a1,1.0,ridge_all_views_original_boost4_a1__w1.00,717248,154,134654699.96567762,13.701751455474456,9.776902668988814,20.872748477145652,27.991467223371927,44.917327779039816,0.3031803384872772,0.4566916536004065
spatial:4,spatial,spatial,4,ridge_all_views_original_boost4_a10,0.25,ridge_all_views_original_boost4_a10__w0.25,717248,154,110973998.12167773,12.438727208333166,8.967932231052627,18.04283933233926,25.44971426615648,42.54901685369492,0.3149740577313402,0.48677844515356
spatial:4,spatial,spatial,4,ridge_all_views_original_boost4_a10,0.5,ridge_all_views_original_boost4_a10__w0.50,717248,154,120194067.66991907,12.945142740131159,9.0595190630243,18.85737035815716,26.30510935975172,44.62845511386887,0.3258393097651575,0.48926536763732537
spatial:4,spatial,spatial,4,ridge_all_views_original_boost4_a10,0.75,ridge_all_views_original_boost4_a10__w0.75,717248,154,132406436.44659212,13.586884253074127,9.582694145928333,19.852379638300228,28.065883923708064,46.72813577859091,0.3315391692902257,0.48889929007793276
spatial:4,spatial,spatial,4,ridge_all_views_original_boost4_a10,1.0,ridge_all_views_original_boost4_a10__w1.00,717248,154,147611104.45169684,14.345802312715639,9.940905392464426,20.696294663309082,30.057261852960362,48.84544848490465,0.33289062883224396,0.48836715788094387
spatial:4,spatial,spatial,4,ridge_per_view_ensemble_a1,0.25,ridge_per_view_ensemble_a1__w0.25,717248,154,106905689.53729953,12.208596394106408,8.595468478915937,17.761843359949758,24.662748994735352,40.86750422171879,0.30845420372907817,0.47380871507306555
spatial:4,spatial,spatial,4,ridge_per_view_ensemble_a1,0.5,ridge_per_view_ensemble_a1__w0.50,717248,154,110859951.15998982,12.432333982320287,8.934799093574707,18.127728227763093,25.190642111437647,41.25264454935326,0.3130179991817767,0.46862835756595
spatial:4,spatial,spatial,4,ridge_per_view_ensemble_a1,0.75,ridge_per_view_ensemble_a1__w0.75,717248,154,116609012.6699389,12.750622444045979,9.08061948252788,18.561863052538534,25.326098147641936,41.64806723544197,0.31559731618677145,0.46206635336147106
spatial:4,spatial,spatial,4,ridge_per_view_ensemble_a1,1.0,ridge_per_view_ensemble_a1__w1.00,717248,154,124152874.06714682,13.156601358335202,9.49604814771294,19.909933018439457,25.466890927131463,42.05348223048874,0.31497289510237025,0.45865670203656284
spatial:4,spatial,spatial,4,extra_trees_all_views,0.25,extra_trees_all_views__w0.25,717248,154,111085179.72276579,12.444956646837419,9.010419517543124,17.205994026600223,24.927284157293066,44.196003100577556,0.33890098996370754,0.503222837186865
spatial:4,spatial,spatial,4,extra_trees_all_views,0.5,extra_trees_all_views__w0.50,717248,154,124608905.56548433,13.180742262098823,9.272059163537097,18.164950907651583,26.562653219002176,49.367909045599525,0.3613023975350398,0.5286426074351401
spatial:4,spatial,spatial,4,extra_trees_all_views,0.75,extra_trees_all_views__w0.75,717248,154,145317405.3300237,14.23390767231371,9.475192628436817,20.319708089437196,28.12712277716302,57.39003079447147,0.3706565540985525,0.5371407638765471
spatial:4,spatial,spatial,4,extra_trees_all_views,1.0,extra_trees_all_views__w1.00,717248,154,173210679.0163839,15.540058850399577,10.32965154774957,21.35741108379441,30.983216983178483,65.43007451406402,0.3787638849406379,0.5508991376488075
spatial:4,spatial,spatial,4,hist_gradient_all_views,0.25,hist_gradient_all_views__w0.25,717248,154,109528682.73241666,12.35746130793692,8.898991933750482,17.369557055623265,24.907828425738074,43.65621556393868,0.3343970963080149,0.5012601968150617
spatial:4,spatial,spatial,4,hist_gradient_all_views,0.5,hist_gradient_all_views__w0.50,717248,154,121553350.02944286,13.018135671382824,9.088654728496074,18.070002895036186,26.313941785864344,46.86918696510077,0.3541207187535577,0.5224783846247879
spatial:4,spatial,spatial,4,hist_gradient_all_views,0.75,hist_gradient_all_views__w0.75,717248,154,140820229.69294667,14.011926521839216,9.744804680815722,18.87365949376859,28.101070265462333,51.99002361630491,0.3611521933351093,0.528784913777974
spatial:4,spatial,spatial,4,hist_gradient_all_views,1.0,hist_gradient_all_views__w1.00,717248,154,167329321.7229281,15.273949569833993,10.024517250649332,20.741756633942607,30.885949067546722,58.22111202308665,0.37444125087733865,0.5416640565550258
spatial:4,spatial,spatial,4,knn25_all_views,0.25,knn25_all_views__w0.25,717248,154,114817937.11133903,12.65232085853831,8.544123115069258,17.82431176758494,25.505009254655214,44.73252074141461,0.34238833927063794,0.5033201754438789
spatial:4,spatial,spatial,4,knn25_all_views,0.5,knn25_all_views__w0.50,717248,154,136145423.59149614,13.777386780879764,8.999460740116213,19.07355584008688,27.083352481126397,53.36597045818671,0.37553505764369666,0.5230912450235671
spatial:4,spatial,spatial,4,knn25_all_views,0.75,knn25_all_views__w0.75,717248,154,168728687.2423394,15.33768417711671,10.397043742399251,22.033155178107716,30.222040423058633,63.4020297784475,0.384753280589894,0.5253084169162264
spatial:4,spatial,spatial,4,knn25_all_views,1.0,knn25_all_views__w1.00,717248,154,212567728.0638688,17.215276103753055,11.354999435544716,23.449694834607996,36.66707898605783,73.45855920128294,0.3798201028398932,0.5335488952712404
typewell:0,typewell,typewell,0,ridge_original_a1,0.25,ridge_original_a1__w0.25,735839,155,135342469.0422437,13.562059534277745,9.108926782745128,17.97353602045666,23.158252386384962,55.744366655395375,0.3999167324521716,0.5238204081525544
typewell:0,typewell,typewell,0,ridge_original_a1,0.5,ridge_original_a1__w0.50,735839,155,136543062.29765823,13.622079744277757,9.09920342649653,18.10104379060418,23.286953199887826,56.21796150330492,0.3976173227324093,0.522191344294294
typewell:0,typewell,typewell,0,ridge_original_a1,0.75,ridge_original_a1__w0.75,735839,155,139124327.89888006,13.750235571321024,9.191882492625208,18.583874058880784,23.361193480113897,56.87730781735509,0.39605166325484825,0.5202684177274536
typewell:0,typewell,typewell,0,ridge_original_a1,1.0,ridge_original_a1__w1.00,735839,155,143086265.84590924,13.944648576904797,9.513294832596992,18.988985360018937,23.337731806662337,57.716039891007966,0.3929745739400068,0.5169514757962062
typewell:0,typewell,typewell,0,ridge_original_a10,0.25,ridge_original_a10__w0.25,735839,155,136828227.48856363,13.636296932757089,9.168526697445785,18.30605079568299,24.226461731712988,54.5097473373864,0.40509070088123944,0.527001454328164
typewell:0,typewell,typewell,0,ridge_original_a10,0.5,ridge_original_a10__w0.50,735839,155,139242465.73204854,13.756072359037857,9.453671187016818,18.502382226882958,24.684015509561338,53.58525884869732,0.4078177532144175,0.5287280174331331
typewell:0,typewell,typewell,0,ridge_original_a10,0.75,ridge_original_a10__w0.75,735839,155,142765262.86309114,13.928997923347232,9.50140892373462,18.828052733269924,25.24306008937254,52.68924019675157,0.40863689722077595,0.5289893345694212
typewell:0,typewell,typewell,0,ridge_original_a10,1.0,ridge_original_a10__w1.00,735839,155,147396618.88169143,14.153125564443313,9.651742819940344,19.15780258623452,26.036465393384812,51.82316812655287,0.4078902567184816,0.5274109963480959
typewell:0,typewell,typewell,0,ridge_original_a100,0.25,ridge_original_a100__w0.25,735839,155,141036716.79055706,13.844417692832467,9.152263142463799,18.69181777631829,25.049390495193453,56.264474481141136,0.41866611107128116,0.5381704265193963
typewell:0,typewell,typewell,0,ridge_original_a100,0.5,ridge_original_a100__w0.50,735839,155,149062405.6654208,14.232875876224117,9.0126896138529,18.988800893673993,25.195943601456662,57.11015432661028,0.43210427082424196,0.5502488171266453
typewell:0,typewell,typewell,0,ridge_original_a100,0.75,ridge_original_a100__w0.75,735839,155,159599614.75722772,14.7273469567837,9.632685882076071,19.52174928128437,25.887650104150328,57.996462951917955,0.4425812424624788,0.5582971942946688
typewell:0,typewell,typewell,0,ridge_original_a100,1.0,ridge_original_a100__w1.00,735839,155,172648344.06597775,15.317567668728074,10.26364128514133,19.928752821176154,26.750849031233667,58.92156694972419,0.44978188809612646,0.5661165225539296
typewell:0,typewell,typewell,0,ridge_backtest_single_a1,0.25,ridge_backtest_single_a1__w0.25,735839,155,138119037.96833193,13.700467012358347,8.824176591763415,18.499597011320898,23.49633657738646,56.61565585194804,0.40748730897837293,0.5341250505416802
typewell:0,typewell,typewell,0,ridge_backtest_single_a1,0.5,ridge_backtest_single_a1__w0.50,735839,155,142991715.19357252,13.940040540297684,9.20926752725536,19.882463154646366,23.839837033496206,57.92211536922538,0.4105593689922505,0.542282049701518
typewell:0,typewell,typewell,0,ridge_backtest_single_a1,0.75,ridge_backtest_single_a1__w0.75,735839,155,150140579.80835822,14.284256604653521,9.40880265649627,20.98218880283123,24.447337101406294,59.37062138062325,0.411132253238725,0.546770673629294
typewell:0,typewell,typewell,0,ridge_backtest_single_a1,1.0,ridge_backtest_single_a1__w1.00,735839,155,159565631.81268904,14.725778954067376,9.6229025796606,22.216719657013506,25.139585260013742,60.951047492004676,0.40788390278051917,0.5494349999619376
typewell:0,typewell,typewell,0,ridge_backtest_single_a10,0.25,ridge_backtest_single_a10__w0.25,735839,155,137153864.87715673,13.652513795919546,9.100763521590292,18.2838671263341,24.319423404578806,54.526129781872456,0.40528904497360535,0.5288603782813199
typewell:0,typewell,typewell,0,ridge_backtest_single_a10,0.5,ridge_backtest_single_a10__w0.50,735839,155,140565674.63866076,13.82127918459681,9.135028840788474,18.580620573348178,25.203346377852522,53.612713945396976,0.40642758076113883,0.5327665077130006
typewell:0,typewell,typewell,0,ridge_backtest_single_a10,0.75,ridge_backtest_single_a10__w0.75,735839,155,145757977.4171485,14.074233942730352,9.29728903753312,19.957063402330533,26.484428882860723,52.722164238833216,0.4039453349971152,0.5350206406566823
typewell:0,typewell,typewell,0,ridge_backtest_single_a10,1.0,ridge_backtest_single_a10__w1.00,735839,155,152730773.21262,14.406944203271417,9.625356661924869,20.520944757441526,27.49318096333582,51.855658758675695,0.4005729492162784,0.5366045786738977
typewell:0,typewell,typewell,0,ridge_backtest_cumulative_a1,0.25,ridge_backtest_cumulative_a1__w0.25,735839,155,138267247.4097701,13.707815724617516,9.19995448627193,18.20798867706346,23.88754308176097,56.72466910675625,0.41252539812799044,0.5363064648626089
typewell:0,typewell,typewell,0,ridge_backtest_cumulative_a1,0.5,ridge_backtest_cumulative_a1__w0.50,735839,155,143295017.29586118,13.954816934606376,9.059105944359136,18.84273492708076,25.138962495039554,58.14794086927889,0.4209337146895124,0.5446565407165159
typewell:0,typewell,typewell,0,ridge_backtest_cumulative_a1,0.75,ridge_backtest_cumulative_a1__w0.75,735839,155,150605857.79090965,14.30637257438913,9.145508257408718,20.058827970599772,25.834052630300977,59.71966699020439,0.4256323482189182,0.5493824946022982
typewell:0,typewell,typewell,0,ridge_backtest_cumulative_a1,1.0,ridge_backtest_cumulative_a1__w1.00,735839,155,160199768.89491555,14.755011135768115,9.533713326203669,21.174483818883623,26.230851314335048,61.428453338190515,0.4276600417186262,0.5520518771082984
typewell:0,typewell,typewell,0,ridge_backtest_cumulative_a10,0.25,ridge_backtest_cumulative_a10__w0.25,735839,155,137409976.37916684,13.665254723889266,9.196492974270546,18.186258520705493,24.266816480435526,54.796466620666855,0.4094468153950055,0.5306922715859157
typewell:0,typewell,typewell,0,ridge_backtest_cumulative_a10,0.5,ridge_backtest_cumulative_a10__w0.50,735839,155,140831075.3057772,13.834320942109732,9.427883758536712,18.516822423521965,24.5918375807818,54.15662042098474,0.41566037583978804,0.5350170393225143
typewell:0,typewell,typewell,0,ridge_backtest_cumulative_a10,0.75,ridge_backtest_cumulative_a10__w0.75,735839,155,145785844.9124675,14.075579306155426,9.642804732801348,18.914353951248412,25.895361832512553,53.54263855247237,0.41895214119593427,0.5370231604799529
typewell:0,typewell,typewell,0,ridge_backtest_cumulative_a10,1.0,ridge_backtest_cumulative_a10__w1.00,735839,155,152274285.19923776,14.385398058187425,9.73326233306141,19.286438281895155,26.937809505466674,52.95542066043943,0.4195078618836954,0.5371114151259172
typewell:0,typewell,typewell,0,ridge_slope_single_a1,0.25,ridge_slope_single_a1__w0.25,735839,155,140803943.992565,13.832988276811632,9.104768588046756,17.929862731556835,23.508090158746334,59.87420281603859,0.4213774718375856,0.5431150560003902
typewell:0,typewell,typewell,0,ridge_slope_single_a1,0.5,ridge_slope_single_a1__w0.50,735839,155,148735656.13863784,14.217267860268018,9.032383637747213,18.823519601029158,23.66400407321965,64.41856073565816,0.4380963131443799,0.5576184596124734
typewell:0,typewell,typewell,0,ridge_slope_single_a1,0.75,ridge_slope_single_a1__w0.75,735839,155,159317684.57085496,14.714333394854235,9.378869571827945,19.666087104743863,23.720830487549964,69.0684168952429,0.4506067487750445,0.5680760009159687
typewell:0,typewell,typewell,0,ridge_slope_single_a1,1.0,ridge_slope_single_a1__w1.00,735839,155,172550029.28921637,15.313205745347567,9.754122094540707,19.898293146568328,24.06829028335375,73.80383390001035,0.4583837895263147,0.5729815855399711
typewell:0,typewell,typewell,0,ridge_slope_single_a10,0.25,ridge_slope_single_a10__w0.25,735839,155,138649069.19820035,13.726729583254158,9.015241257114672,18.331332703016884,24.2520619171618,56.11404074427061,0.41248147502318416,0.533112980450399
typewell:0,typewell,typewell,0,ridge_slope_single_a10,0.5,ridge_slope_single_a10__w0.50,735839,155,143234122.65542775,13.951851500515572,9.319805226850926,18.606654121634143,25.02071993788633,56.79130097654699,0.42123647290247,0.5395617633387688
typewell:0,typewell,typewell,0,ridge_slope_single_a10,0.75,ridge_slope_single_a10__w0.75,735839,155,149277708.50431865,14.243151011776778,9.340665627256081,18.65624590697813,26.301179490567506,57.49219680182401,0.4266251358028513,0.5438007735643816
typewell:0,typewell,typewell,0,ridge_slope_single_a10,1.0,ridge_slope_single_a10__w1.00,735839,155,156779826.74487302,14.596666619721862,9.546442356190385,18.967686818338716,27.567993091787116,58.215874537126126,0.4288863693663177,0.5465172961794431
typewell:0,typewell,typewell,0,ridge_local_long_a1,0.25,ridge_local_long_a1__w0.25,735839,155,141109895.0973379,13.84800888414268,9.241186550701057,18.389869935597627,23.594622127293544,59.03278631849112,0.4163053917769878,0.5403707523325892
typewell:0,typewell,typewell,0,ridge_local_long_a1,0.5,ridge_local_long_a1__w0.50,735839,155,149113758.1250833,14.235327299985704,9.39140438218155,19.501867426257697,24.634684614891125,62.740407023431004,0.4277504503944859,0.5536120698733533
typewell:0,typewell,typewell,0,ridge_local_long_a1,0.75,ridge_local_long_a1__w0.75,735839,155,159534137.21587265,14.724325616801194,9.667996806134285,20.425681797502897,25.186944460655134,66.5614020138239,0.4355915981605746,0.5622834462295655
typewell:0,typewell,typewell,0,ridge_local_long_a1,1.0,ridge_local_long_a1__w1.00,735839,155,172371032.36970598,15.305261012178239,10.002547327390749,20.947015021983233,25.58588413117561,70.47733362056843,0.4401580880179428,0.5670424063585935
typewell:0,typewell,typewell,0,ridge_local_long_a10,0.25,ridge_local_long_a10__w0.25,735839,155,138486463.9234824,13.718677984148368,9.071086024789247,18.472995614243604,24.242669370296127,55.512377211014204,0.4087298949062597,0.5312087162200452
typewell:0,typewell,typewell,0,ridge_local_long_a10,0.5,ridge_local_long_a10__w0.50,735839,155,142981259.62489417,13.939530882393795,9.361045525175982,18.779525407140543,25.02376837286584,55.58422756305356,0.4136737196125241,0.5365374263907909
typewell:0,typewell,typewell,0,ridge_local_long_a10,0.75,ridge_local_long_a10__w0.75,735839,155,149006935.2368718,14.230227397609504,9.2365923652296,19.090911478850675,26.542920074397127,55.67675268649018,0.4152956060779938,0.539497979809965
typewell:0,typewell,typewell,0,ridge_local_long_a10,1.0,ridge_local_long_a10__w1.00,735839,155,156563490.75941524,14.586592382463921,9.701818019548579,20.13013775213614,27.924121084314706,55.78984971669788,0.41393153318413983,0.5410778297716897
typewell:0,typewell,typewell,0,ridge_all_views_a1,0.25,ridge_all_views_a1__w0.25,735839,155,139908691.36105743,13.788942043099036,9.103651670847835,18.393323804618745,23.60464000151484,58.9457034783879,0.419184781536052,0.5411359760695075
typewell:0,typewell,typewell,0,ridge_all_views_a1,0.5,ridge_all_views_a1__w0.50,735839,155,146833170.51058108,14.126048311154886,9.300400748135054,19.475645414808092,23.44797052783743,62.55951032162087,0.4351079128505048,0.5557000939685426
typewell:0,typewell,typewell,0,ridge_all_views_a1,0.75,ridge_all_views_a1__w0.75,735839,155,156295985.58120736,14.574125691983355,9.158327898807618,20.00618919506603,23.74684789746576,66.2815428198475,0.44563341573399035,0.5657342000505852
typewell:0,typewell,typewell,0,ridge_all_views_a1,1.0,ridge_all_views_a1__w1.00,735839,155,168297136.57293624,15.123313759156312,9.707014580991887,20.5883414602349,24.176745967938146,70.09456269395581,0.4511955132178936,0.5724397072651835
typewell:0,typewell,typewell,0,ridge_all_views_a10,0.25,ridge_all_views_a10__w0.25,735839,155,137570069.29467914,13.673212929279014,9.172494140923812,18.242883924873873,24.045518329115236,55.531172015479676,0.4095937356887057,0.5308200221398395
typewell:0,typewell,typewell,0,ridge_all_views_a10,0.5,ridge_all_views_a10__w0.50,735839,155,141300336.04319358,13.857350322289342,9.314951180259301,18.476161161670447,24.883207894819527,55.62189108476864,0.41482269642471853,0.5359615889462717
typewell:0,typewell,typewell,0,ridge_all_views_a10,0.75,ridge_all_views_a10__w0.75,735839,155,146713348.37817973,14.120283405727587,9.073248309467955,19.180434603917266,25.832716951693914,55.73333747876242,0.4161180600380621,0.5387523950307718
typewell:0,typewell,typewell,0,ridge_all_views_a10,1.0,ridge_all_views_a10__w1.00,735839,155,153809106.29963762,14.45771379989391,9.406870432138819,19.483053042407676,26.673183188515214,55.86538715018514,0.41385261672567214,0.5397322413122381
typewell:0,typewell,typewell,0,ridge_all_views_a100,0.25,ridge_all_views_a100__w0.25,735839,155,140353743.2743599,13.810856058638834,9.01649437959463,18.491328463109944,24.9444749663773,56.13257349413632,0.41728803056091196,0.5363746192934753
typewell:0,typewell,typewell,0,ridge_all_views_a100,0.5,ridge_all_views_a100__w0.50,735839,155,147722161.55628175,14.168746360800297,9.04717761686721,18.91222747528965,25.37392146689387,56.84550510583883,0.42888500487297315,0.5467834383895669
typewell:0,typewell,typewell,0,ridge_all_views_a100,0.75,ridge_all_views_a100__w0.75,735839,155,157627802.9784019,14.636087937528542,9.45252555911019,19.575901598575218,26.17659176897269,57.59853062546311,0.437422904212556,0.5548606488936665
typewell:0,typewell,typewell,0,ridge_all_views_a100,1.0,ridge_all_views_a100__w1.00,735839,155,170070667.54072043,15.202790372414258,9.80788476822656,19.880214856823205,27.418690024241872,58.39009886528713,0.4429428195456792,0.5606435486800048
typewell:0,typewell,typewell,0,ridge_all_views_no_indicator_a1,0.25,ridge_all_views_no_indicator_a1__w0.25,735839,155,139715673.61802995,13.779427162238745,9.046648479925508,18.407546377476628,23.620178161670946,58.849125850710955,0.4191055613705131,0.5407240462959974
typewell:0,typewell,typewell,0,ridge_all_views_no_indicator_a1,0.5,ridge_all_views_no_indicator_a1__w0.50,735839,155,146383979.1506017,14.10442458967431,9.299990562486027,19.445236434368116,23.38456665543912,62.36628806765745,0.43505957388635735,0.5548725920308692
typewell:0,typewell,typewell,0,ridge_all_views_no_indicator_a1,0.75,ridge_all_views_no_indicator_a1__w0.75,735839,155,155527464.73035178,14.538250420233375,9.205194852810349,19.790496212969447,23.8953066523745,65.99209514069135,0.44570314923387844,0.5646769036469805
typewell:0,typewell,typewell,0,ridge_all_views_no_indicator_a1,1.0,ridge_all_views_no_indicator_a1__w1.00,735839,155,167146130.35728008,15.071509869494248,9.789295338359404,20.284146777988248,24.1895244686939,69.70959628740431,0.4514349410993885,0.5711462685762084
typewell:0,typewell,typewell,0,ridge_all_views_original_boost4_a1,0.25,ridge_all_views_original_boost4_a1__w0.25,735839,155,140086688.67079204,13.797710670751393,9.182025879985591,18.38834082262537,23.616868092941385,58.97923269683319,0.4187337531471495,0.5415553108029868
typewell:0,typewell,typewell,0,ridge_all_views_original_boost4_a1,0.5,ridge_all_views_original_boost4_a1__w0.50,735839,155,147128528.08483464,14.140248574366328,9.219154121465024,19.54199155844803,23.617270556865606,62.63029573314839,0.4345053214764788,0.5560674819850627
typewell:0,typewell,typewell,0,ridge_all_views_original_boost4_a1,0.75,ridge_all_views_original_boost4_a1__w0.75,735839,155,156648066.3747642,14.590531689956434,9.25945478785385,19.896207563119884,24.048408532814488,66.39251434887589,0.44517615551588785,0.5661061468931947
typewell:0,typewell,typewell,0,ridge_all_views_original_boost4_a1,1.0,ridge_all_views_original_boost4_a1__w1.00,735839,155,168645303.54058072,15.138948956451,9.688854540220836,20.834579270048167,24.46786986986326,70.24803159761416,0.4511396997564671,0.5733466068252429
typewell:0,typewell,typewell,0,ridge_all_views_original_boost4_a10,0.25,ridge_all_views_original_boost4_a10__w0.25,735839,155,137764641.4135342,13.682878861689424,9.132193988365819,18.280990550669753,24.12682048385023,55.54592733929447,0.40954928680231273,0.5313620880123999
typewell:0,typewell,typewell,0,ridge_all_views_original_boost4_a10,0.5,ridge_all_views_original_boost4_a10__w0.50,735839,155,141596620.7955218,13.871871064816373,9.321867793205001,18.544390373435977,25.013253403831378,55.651966141442166,0.41502366866829093,0.5368140477495013
typewell:0,typewell,typewell,0,ridge_all_views_original_boost4_a10,0.75,ridge_all_views_original_boost4_a10__w0.75,735839,155,147018486.27859917,14.1349596288063,9.13720034527822,18.963073115737686,26.224190958605757,55.77927638021618,0.4168417676101204,0.5400101652742122
typewell:0,typewell,typewell,0,ridge_all_views_original_boost4_a10,1.0,ridge_all_views_original_boost4_a10__w1.00,735839,155,154030237.86276639,14.468103004573539,9.30782569358622,19.708920738290157,27.191418991346424,55.92771279302536,0.41533338842807405,0.5407610748265016
typewell:0,typewell,typewell,0,ridge_per_view_ensemble_a1,0.25,ridge_per_view_ensemble_a1__w0.25,735839,155,137136803.31332976,13.651664601913053,9.107406432335845,18.0830829301402,23.567493472067923,57.23715741005258,0.41145010367367013,0.5330304635419801
typewell:0,typewell,typewell,0,ridge_per_view_ensemble_a1,0.5,ridge_per_view_ensemble_a1__w0.50,735839,155,140198523.70733184,13.80321711696084,9.130444375110445,18.772224637115297,23.467942533932117,59.17018795798496,0.4202166542816914,0.5402296969506515
typewell:0,typewell,typewell,0,ridge_per_view_ensemble_a1,0.75,ridge_per_view_ensemble_a1__w0.75,735839,155,144707709.3146427,14.023435889496593,9.012598880064491,18.879657414427292,23.372016778738317,61.245495042678854,0.427339781222565,0.545395004999932
typewell:0,typewell,typewell,0,ridge_per_view_ensemble_a1,1.0,ridge_per_view_ensemble_a1__w1.00,735839,155,150664360.13526234,14.309150936016682,9.400778172786803,19.399443893090965,23.41403498298125,63.44911936742492,0.43209544881636486,0.5493516127316126
typewell:0,typewell,typewell,0,extra_trees_all_views,0.25,extra_trees_all_views__w0.25,735839,155,143374205.9736189,13.958672305478569,8.845697628561703,19.060015990915264,24.654959876539234,56.455650302609236,0.41736249950715654,0.5378408984233569
typewell:0,typewell,typewell,0,extra_trees_all_views,0.5,extra_trees_all_views__w0.50,735839,155,155649202.14556813,14.543939135194426,9.044495254066591,20.049325397449618,26.33143885542823,57.47850657257025,0.4278812611379043,0.5470812014928573
typewell:0,typewell,typewell,0,extra_trees_all_views,0.75,extra_trees_all_views__w0.75,735839,155,172347536.64848414,15.304217854298644,9.384028915510909,21.31789510364151,27.84391061009712,58.52835722442502,0.4302610336764954,0.5553178202318647
typewell:0,typewell,typewell,0,extra_trees_all_views,1.0,extra_trees_all_views__w1.00,735839,155,193469209.48236695,16.214909442316188,10.069953236539332,24.03152337517908,29.77919834155431,59.603775852048294,0.4286200152878983,0.5610996360659616
typewell:0,typewell,typewell,0,hist_gradient_all_views,0.25,hist_gradient_all_views__w0.25,735839,155,141127370.0073458,13.84886631946747,8.908913450540076,18.87696114518089,23.985141284226724,56.462062319973896,0.425311197153136,0.5442992016986814
typewell:0,typewell,typewell,0,hist_gradient_all_views,0.5,hist_gradient_all_views__w0.50,735839,155,151067221.17559478,14.328268765487609,8.666205480798595,19.357706113236194,25.618027168498635,57.517369571389196,0.4407312271702135,0.5586155280113914
typewell:0,typewell,typewell,0,hist_gradient_all_views,0.75,hist_gradient_all_views__w0.75,735839,155,165342101.63738334,14.989954885423051,9.538348616870644,20.154359272160914,27.8098171168867,58.62425916106631,0.44924575315073295,0.5644243263538945
typewell:0,typewell,typewell,0,hist_gradient_all_views,1.0,hist_gradient_all_views__w1.00,735839,155,183952011.39271152,15.81105572969093,9.921479361182222,21.255724550484626,29.11663179234492,59.779865847465004,0.45122163138540283,0.5659501191225232
typewell:0,typewell,typewell,0,knn25_all_views,0.25,knn25_all_views__w0.25,735839,155,147861822.35630774,14.175442549592143,9.168586170047037,19.609906896975744,25.234813245269304,57.21025319896124,0.4219019555592827,0.5503019672561155
typewell:0,typewell,typewell,0,knn25_all_views,0.5,knn25_all_views__w0.50,735839,155,169295952.2618024,15.168124555109124,9.314613486009216,21.326627776266054,27.32987217320412,58.987407675530015,0.4296308088873826,0.5662382335251573
typewell:0,typewell,typewell,0,knn25_all_views,0.75,knn25_all_views__w0.75,735839,155,199824937.84912044,16.479098220165678,10.720755095701268,23.600625883513086,30.168280256708496,60.79027371868114,0.43518912052445347,0.5741960341251281
typewell:0,typewell,typewell,0,knn25_all_views,1.0,knn25_all_views__w1.00,735839,155,239448779.11826187,18.03910192799179,11.870413897674293,25.536951851153113,32.184752585150996,62.616630495645886,0.4366381065625123,0.5746445974478602
typewell:1,typewell,typewell,1,ridge_original_a1,0.25,ridge_original_a1__w0.25,779705,155,115532680.67878747,12.172709717876844,8.505261376597517,16.75647860361188,22.00893628207483,39.54770018717158,0.35527604614011027,0.5176965057940981
typewell:1,typewell,typewell,1,ridge_original_a1,0.5,ridge_original_a1__w0.50,779705,155,113891624.3099196,12.08594834674859,8.452649228943095,15.65792911374354,22.039502046693638,38.60839979298032,0.349301060128065,0.5086668102018768
typewell:1,typewell,typewell,1,ridge_original_a1,0.75,ridge_original_a1__w0.75,779705,155,113090649.26709431,12.04337443731265,8.568359398374819,15.977047435777198,22.04224607677839,37.67548267612804,0.34422987099904356,0.5014589301833764
typewell:1,typewell,typewell,1,ridge_original_a1,1.0,ridge_original_a1__w1.00,779705,155,113129755.55031164,12.045456532104371,8.668360596938115,16.44765962407742,21.931068377832975,36.749434975360835,0.33731520299888235,0.49161510161987376
typewell:1,typewell,typewell,1,ridge_original_a10,0.25,ridge_original_a10__w0.25,779705,155,119609776.34540762,12.385632210169305,8.748692559118,17.369400035418884,22.211040101889836,41.27221110578061,0.35414697050117644,0.5171766465330783
typewell:1,typewell,typewell,1,ridge_original_a10,0.5,ridge_original_a10__w0.50,779705,155,122091259.51093991,12.51345186557607,8.897101387832757,17.989489988357967,21.978083929239865,42.05424214560478,0.34611792376547934,0.5075728503287357
typewell:1,typewell,typewell,1,ridge_original_a10,0.75,ridge_original_a10__w0.75,779705,155,125458267.87029482,12.684825114406909,9.240278759072552,17.811197324944914,22.387900455822866,42.83888163901772,0.33821455524458643,0.49563378934389146
typewell:1,typewell,typewell,1,ridge_original_a10,1.0,ridge_original_a10__w1.00,779705,155,129710801.42347237,12.898016010944497,9.430329079284153,18.045129986941042,22.212755659668574,43.62598884245428,0.3309850286629807,0.4817858396812511
typewell:1,typewell,typewell,1,ridge_original_a100,0.25,ridge_original_a100__w0.25,779705,155,123287930.60956757,12.574627301345451,8.718372176693872,17.729150825313408,22.34366665977916,43.05533644214862,0.35620686392398515,0.517039710604287
typewell:1,typewell,typewell,1,ridge_original_a100,0.5,ridge_original_a100__w0.50,779705,155,131238756.29106905,12.973761007050806,9.235652671963022,18.421898975853612,22.564103707072967,45.6313016660441,0.35845688711047735,0.5040041641520716
typewell:1,typewell,typewell,1,ridge_original_a100,0.75,ridge_original_a100__w0.75,779705,155,141866295.41820243,13.488835377620994,9.299403200215679,19.286843519956577,23.08872607877487,48.21866078824019,0.35823265876258753,0.49473417675493314
typewell:1,typewell,typewell,1,ridge_original_a100,1.0,ridge_original_a100__w1.00,779705,155,155170547.99096766,14.107156598592274,9.748382876143047,20.893375630895925,24.161782703574833,50.81567342433011,0.3540132088268943,0.49012267493677525
typewell:1,typewell,typewell,1,ridge_backtest_single_a1,0.25,ridge_backtest_single_a1__w0.25,779705,155,120309818.80469917,12.421824147116217,8.768587338174802,17.892370201380064,21.857687935014503,40.74332868239703,0.3524416010359013,0.5134561487908854
typewell:1,typewell,typewell,1,ridge_backtest_single_a1,0.5,ridge_backtest_single_a1__w0.50,779705,155,124405086.19620182,12.631470397755058,9.032276508395718,17.84111178089146,22.44414546136107,41.00325374053479,0.3456579960047545,0.49901431564074883
typewell:1,typewell,typewell,1,ridge_backtest_single_a1,0.75,ridge_backtest_single_a1__w0.75,779705,155,130299620.54820591,12.92725798249649,9.168909314106987,18.53953284314254,22.807388367709123,41.27253465690203,0.3366034996898623,0.4886602618924662
typewell:1,typewell,typewell,1,ridge_backtest_single_a1,1.0,ridge_backtest_single_a1__w1.00,779705,155,137993421.86071146,13.303442364735915,9.517884976332992,19.350786642781863,23.027602542622702,41.55098953340743,0.3247503225970667,0.4758509090894048
typewell:1,typewell,typewell,1,ridge_backtest_single_a10,0.25,ridge_backtest_single_a10__w0.25,779705,155,121978992.52584079,12.507697274218083,8.713602822786898,18.020155436192763,22.406038195961564,41.968703013756915,0.35290296352525324,0.513993834256956
typewell:1,typewell,typewell,1,ridge_backtest_single_a10,0.5,ridge_backtest_single_a10__w0.50,779705,155,127899561.52601354,12.807647560056283,9.236270897093188,18.17826703265795,22.577268563442377,43.45340230930752,0.3496378659860143,0.4996384061997159
typewell:1,typewell,typewell,1,ridge_backtest_single_a10,0.75,ridge_backtest_single_a10__w0.75,779705,155,135775525.3742162,13.196099647281029,9.458963943260876,18.92355782690204,22.467548678556902,44.94615200694558,0.34314564809159487,0.489609557943637
typewell:1,typewell,typewell,1,ridge_backtest_single_a10,1.0,ridge_backtest_single_a10__w1.00,779705,155,145606884.0704488,13.665508433225124,9.692302654222674,19.386897442094504,22.794392201296915,46.44617590919308,0.33582296922981375,0.4786732384697416
typewell:1,typewell,typewell,1,ridge_backtest_cumulative_a1,0.25,ridge_backtest_cumulative_a1__w0.25,779705,155,117208924.29552367,12.260697583553055,8.49938891905283,17.664807254512034,21.796415963199546,40.30658598659813,0.3534327769853854,0.511768911091121
typewell:1,typewell,typewell,1,ridge_backtest_cumulative_a1,0.5,ridge_backtest_cumulative_a1__w0.50,779705,155,117603825.43147692,12.281334630016428,8.749029637793356,17.28867855992722,21.370150108644314,40.12445578361595,0.34347537376928056,0.497069507276589
typewell:1,typewell,typewell,1,ridge_backtest_cumulative_a1,0.75,ridge_backtest_cumulative_a1__w0.75,779705,155,119198521.7815577,12.364321102303272,9.044700632455198,17.81294684471091,21.077033428622265,39.94660680893456,0.3306056293544216,0.4859290977419842
typewell:1,typewell,typewell,1,ridge_backtest_cumulative_a1,1.0,ridge_backtest_cumulative_a1__w1.00,779705,155,121993013.345766,12.508416099355163,9.185141490405693,17.993438294506408,20.9463121723624,39.773096494286484,0.31561347144638746,0.47363381138581373
typewell:1,typewell,typewell,1,ridge_backtest_cumulative_a10,0.25,ridge_backtest_cumulative_a10__w0.25,779705,155,120095766.08609872,12.410768902480195,8.566119422536497,17.73372897810629,22.05174647350804,41.49647454091269,0.3527960823034939,0.5136365489963871
typewell:1,typewell,typewell,1,ridge_backtest_cumulative_a10,0.5,ridge_backtest_cumulative_a10__w0.50,779705,155,123520126.87507334,12.586463042378716,8.96809499515791,17.64283488414887,22.351920949800242,42.50399770501549,0.3446073768723308,0.5003444256660147
typewell:1,typewell,typewell,1,ridge_backtest_cumulative_a10,0.75,ridge_backtest_cumulative_a10__w0.75,779705,155,128286900.74062185,12.827026648555709,9.31570634796092,18.158875135548932,22.250784286192506,43.51523211691153,0.3365413567785445,0.48911134140914475
typewell:1,typewell,typewell,1,ridge_backtest_cumulative_a10,1.0,ridge_backtest_cumulative_a10__w1.00,779705,155,134396087.68274426,13.128894352821511,9.29558522057178,18.91139035642965,22.082967226453597,44.52992494005346,0.3270003347870425,0.4781448808958057
typewell:1,typewell,typewell,1,ridge_slope_single_a1,0.25,ridge_slope_single_a1__w0.25,779705,155,119230369.34207173,12.365972746803422,8.728279379223599,17.478441428255724,22.042380810416255,40.200093899304456,0.35269972248693016,0.5162725160492964
typewell:1,typewell,typewell,1,ridge_slope_single_a1,0.5,ridge_slope_single_a1__w0.50,779705,155,121668642.06263536,12.49177550851293,8.96238795634739,17.920462461941323,22.176730631603046,39.911424677487986,0.34374316639242264,0.5056510927752144
typewell:1,typewell,typewell,1,ridge_slope_single_a1,0.75,ridge_slope_single_a1__w0.75,779705,155,125328636.53538887,12.678270043060548,9.24500488966916,18.467700243713157,22.314733748757014,39.627023257625005,0.3353004974854544,0.49389493611036966
typewell:1,typewell,typewell,1,ridge_slope_single_a1,1.0,ridge_slope_single_a1__w1.00,779705,155,130210352.76033226,12.922829015495564,9.244832151155054,18.51634392516435,22.59662461252771,39.34698218330808,0.32452792914040474,0.48079423806325133
typewell:1,typewell,typewell,1,ridge_slope_single_a10,0.25,ridge_slope_single_a10__w0.25,779705,155,121541697.32625085,12.485257070521492,8.666233301463462,17.806152076540958,22.256843034730366,41.87460541382675,0.3518881083411424,0.516393416602682
typewell:1,typewell,typewell,1,ridge_slope_single_a10,0.5,ridge_slope_single_a10__w0.50,779705,155,126596098.95694737,12.74221715028077,9.056183996923739,18.61617605185915,22.496432772690003,43.26535551499938,0.34308801014100654,0.5043379588863374
typewell:1,typewell,typewell,1,ridge_slope_single_a10,0.75,ridge_slope_single_a10__w0.75,779705,155,133177023.26578753,13.069214685943392,9.39156609956922,18.637247738227778,22.83552318001959,44.664341361598986,0.3355862476252485,0.4912020170161459
typewell:1,typewell,typewell,1,ridge_slope_single_a10,1.0,ridge_slope_single_a10__w1.00,779705,155,141284470.25277132,13.461146605104412,9.482497418295623,19.280892623153775,23.180216867110076,46.07081270003986,0.32746966459727367,0.47794781372874784
typewell:1,typewell,typewell,1,ridge_local_long_a1,0.25,ridge_local_long_a1__w0.25,779705,155,120561755.79812622,12.434823420230622,8.792863244911304,17.844370553590306,22.10731743483202,40.68902557162396,0.35091405925274005,0.5102990926725133
typewell:1,typewell,typewell,1,ridge_local_long_a1,0.5,ridge_local_long_a1__w0.50,779705,155,124902717.75605707,12.656708694235448,9.109102698387106,17.77500830623509,22.083074169946492,40.89751155736475,0.3379106898141108,0.4956624934163776
typewell:1,typewell,typewell,1,ridge_local_long_a1,0.75,ridge_local_long_a1__w0.75,779705,155,131036704.24749053,12.963770114392979,9.32033905404759,18.26228565720406,22.332989632444928,41.11820898687336,0.32669723436500936,0.480715774673581
typewell:1,typewell,typewell,1,ridge_local_long_a1,1.0,ridge_local_long_a1__w1.00,779705,155,138963715.27242658,13.350131659148389,9.363354163988946,18.957095516481782,22.40725850113487,41.350922336490854,0.3134393141268414,0.4668622815891541
typewell:1,typewell,typewell,1,ridge_local_long_a10,0.25,ridge_local_long_a10__w0.25,779705,155,122399978.57967275,12.529262588747427,8.833829709611418,17.93043769692861,22.34498907508887,42.0083904418779,0.3513686178473903,0.5121963196992778
typewell:1,typewell,typewell,1,ridge_local_long_a10,0.5,ridge_local_long_a10__w0.50,779705,155,128751334.60674205,12.850224354282037,9.226500890965625,18.018885700971023,22.522525432286344,43.53504736559762,0.34387350352306323,0.4961951869299285
typewell:1,typewell,typewell,1,ridge_local_long_a10,0.75,ridge_local_long_a10__w0.75,779705,155,137067886.45490587,13.258753559681347,9.431019196507874,18.30890513503908,22.491661968665102,45.071771723123526,0.33557181249413537,0.48396694634760956
typewell:1,typewell,typewell,1,ridge_local_long_a10,1.0,ridge_local_long_a10__w1.00,779705,155,147349634.1241642,13.747045537886487,9.803646134738596,19.925168518684433,22.82244219791028,46.61756792161992,0.3261039681586416,0.4722884849132879
typewell:1,typewell,typewell,1,ridge_all_views_a1,0.25,ridge_all_views_a1__w0.25,779705,155,121453449.84077558,12.480723677320533,8.748154278279918,17.951967293835935,22.10441949277288,41.1770989635769,0.35208522206829435,0.5135152256209621
typewell:1,typewell,typewell,1,ridge_all_views_a1,0.5,ridge_all_views_a1__w0.50,779705,155,126832778.55299124,12.754122787894469,9.053997790582981,18.203483813428896,22.92833704905131,41.876826079602765,0.3428069947542533,0.5016704289846894
typewell:1,typewell,typewell,1,ridge_all_views_a1,0.75,ridge_all_views_a1__w0.75,779705,155,134151804.51034497,13.116957150221607,9.28901128466401,19.409283418489153,23.24146715217283,42.59135372084251,0.33345088209800866,0.4902329464253979
typewell:1,typewell,typewell,1,ridge_all_views_a1,1.0,ridge_all_views_a1__w1.00,779705,155,143410527.71283674,13.562050504470612,9.50723945457732,20.284290982392474,23.045550544022593,43.319949525294774,0.3230940268126389,0.4797269980158501
typewell:1,typewell,typewell,1,ridge_all_views_a10,0.25,ridge_all_views_a10__w0.25,779705,155,122797260.87345856,12.549579674170115,8.735073817051239,18.03117905058419,22.30709948456319,42.271717839543584,0.35150138926697483,0.5140744465380627
typewell:1,typewell,typewell,1,ridge_all_views_a10,0.5,ridge_all_views_a10__w0.50,779705,155,129653526.3943472,12.895168076148956,9.260214259869727,18.476220921462417,22.511775364653225,44.06412855792864,0.3466877660333032,0.500451168571256
typewell:1,typewell,typewell,1,ridge_all_views_a10,0.75,ridge_all_views_a10__w0.75,779705,155,138582614.9363639,13.331813090684001,9.484815801184604,18.740034451467082,22.858734772233188,45.868573673373284,0.3408684447018624,0.4898870876433232
typewell:1,typewell,typewell,1,ridge_all_views_a10,1.0,ridge_all_views_a10__w1.00,779705,155,149584526.49950865,13.850905808529278,9.852304880457146,19.92880128576972,23.21140858907106,47.68368698922116,0.3333595675764299,0.4808721225162863
typewell:1,typewell,typewell,1,ridge_all_views_a100,0.25,ridge_all_views_a100__w0.25,779705,155,124134920.66419998,12.61774731462427,8.76884887656934,17.89817648201624,22.308603588825857,43.30749667948598,0.35665248577570063,0.5158150376029463
typewell:1,typewell,typewell,1,ridge_all_views_a100,0.5,ridge_all_views_a100__w0.50,779705,155,133229990.75366311,13.071813387419612,9.32992938623327,18.816180026160453,22.724150884647383,46.13889304440333,0.3588647210473544,0.5023468536357155
typewell:1,typewell,typewell,1,ridge_all_views_a100,0.75,ridge_all_views_a100__w0.75,779705,155,145299028.64208734,13.651054353529425,9.58882167349493,19.643276118421113,23.331014450058696,48.984208777893414,0.3582684474104247,0.49486791759986043
typewell:1,typewell,typewell,1,ridge_all_views_a100,1.0,ridge_all_views_a100__w1.00,779705,155,160342034.32947272,14.34030984596164,9.886210405120094,21.12927327966119,24.44001101534069,51.841152025623146,0.3535524640013882,0.49463076129012257
typewell:1,typewell,typewell,1,ridge_all_views_no_indicator_a1,0.25,ridge_all_views_no_indicator_a1__w0.25,779705,155,121497763.99387467,12.483000361352513,8.715929026138598,17.95626450178948,22.03763079878158,41.25267651842586,0.3519350408698499,0.5134888602316232
typewell:1,typewell,typewell,1,ridge_all_views_no_indicator_a1,0.5,ridge_all_views_no_indicator_a1__w0.50,779705,155,126964686.02106494,12.760753277550736,9.146120196859414,18.16314634127428,22.904362556502242,42.028921139823815,0.3429686251915174,0.501720365256041
typewell:1,typewell,typewell,1,ridge_all_views_no_indicator_a1,0.75,ridge_all_views_no_indicator_a1__w0.75,779705,155,134414584.4552688,13.129797778738089,9.277487535542026,19.16789909141463,23.362127352088837,42.82077577729745,0.33346775257348427,0.49051370884054474
typewell:1,typewell,typewell,1,ridge_all_views_no_indicator_a1,1.0,ridge_all_views_no_indicator_a1__w1.00,779705,155,143847459.29648626,13.582694670853364,9.560994900681896,20.180715834492865,23.337956745412843,43.62739045496588,0.3240917137250642,0.4797739179932694
typewell:1,typewell,typewell,1,ridge_all_views_original_boost4_a1,0.25,ridge_all_views_original_boost4_a1__w0.25,779705,155,121104464.64612763,12.462779678467383,8.663988381972228,17.874894149735923,22.13279492476429,41.04070919743061,0.35286543553918426,0.5149930761454714
typewell:1,typewell,typewell,1,ridge_all_views_original_boost4_a1,0.5,ridge_all_views_original_boost4_a1__w0.50,779705,155,125947590.37186533,12.70953823217931,9.000027696460261,18.00588830737773,22.9034547134459,41.602438037789476,0.3436615000675086,0.5044826987724635
typewell:1,typewell,typewell,1,ridge_all_views_original_boost4_a1,0.75,ridge_all_views_original_boost4_a1__w0.75,779705,155,132543195.5509111,13.038077520370672,9.096994119283957,18.930864661830224,23.39976437818233,42.17756843653734,0.3353413272691393,0.4929287688545155
typewell:1,typewell,typewell,1,ridge_all_views_original_boost4_a1,1.0,ridge_all_views_original_boost4_a1__w1.00,779705,155,140891280.1832649,13.442402589192225,9.372619682498874,19.863409587955317,23.256702550147583,42.765559706615555,0.3248861978887669,0.48370225641419284
typewell:1,typewell,typewell,1,ridge_all_views_original_boost4_a10,0.25,ridge_all_views_original_boost4_a10__w0.25,779705,155,122501003.45420463,12.534432140747674,8.695946815094464,17.97423146343687,22.273181798687126,42.16565819743963,0.35219567753784325,0.5151040005879073
typewell:1,typewell,typewell,1,ridge_all_views_original_boost4_a10,0.5,ridge_all_views_original_boost4_a10__w0.50,779705,155,128900770.41706781,12.85767952677318,9.271326926505319,18.33963817449141,22.644815295532382,43.850677343295985,0.34741562691575933,0.5021977030055539
typewell:1,typewell,typewell,1,ridge_all_views_original_boost4_a10,0.75,ridge_all_views_original_boost4_a10__w0.75,779705,155,137213119.26228747,13.265775978439878,9.426176500349822,18.529706572421887,23.058662984259612,45.54663190803772,0.34158586775075866,0.4921843527451078
typewell:1,typewell,typewell,1,ridge_all_views_original_boost4_a10,1.0,ridge_all_views_original_boost4_a10__w1.00,779705,155,147438049.98986363,13.751169316892994,9.716321892432864,19.88551228976925,23.478307580868915,47.25234444262624,0.334652825690109,0.4836236615814433
typewell:1,typewell,typewell,1,ridge_per_view_ensemble_a1,0.25,ridge_per_view_ensemble_a1__w0.25,779705,155,117784078.46068287,12.290742913082621,8.725760901093375,17.593865332205453,21.793242472457422,40.38798321023736,0.35386650945954534,0.5147458590531385
typewell:1,typewell,typewell,1,ridge_per_view_ensemble_a1,0.5,ridge_per_view_ensemble_a1__w0.50,779705,155,118561765.63157642,12.331251899800197,8.799236586408792,17.32694748194448,21.46806032405872,40.28729886269582,0.34552340889514616,0.5038660400380576
typewell:1,typewell,typewell,1,ridge_per_view_ensemble_a1,0.75,ridge_per_view_ensemble_a1__w0.75,779705,155,120346879.88637862,12.423737252778515,9.12657933575977,17.725950190470503,21.228413689105526,40.1909187133601,0.33575559798351395,0.4921895971068884
typewell:1,typewell,typewell,1,ridge_per_view_ensemble_a1,1.0,ridge_per_view_ensemble_a1__w1.00,779705,155,123139421.22508945,12.567051487311687,9.315731235994742,17.295715864149592,21.20786983896821,40.0988737984704,0.32673670178020503,0.4779909706992866
typewell:1,typewell,typewell,1,extra_trees_all_views,0.25,extra_trees_all_views__w0.25,779705,155,123977018.44294307,12.609719741460061,8.759531691553748,18.038503151627168,21.86982924582871,44.37480229946355,0.3687489810056573,0.524504203756978
typewell:1,typewell,typewell,1,extra_trees_all_views,0.5,extra_trees_all_views__w0.50,779705,155,134391556.45104814,13.128673027317566,9.00893500115557,18.187961689946682,21.954730447436802,48.29641927290498,0.3839058502794221,0.5155934561370318
typewell:1,typewell,typewell,1,extra_trees_all_views,0.75,extra_trees_all_views__w0.75,779705,155,149257432.3980132,13.835753743244908,9.548864526533078,19.30606345388465,25.077775774396283,52.248839870775164,0.3911898034224147,0.5104168648335226
typewell:1,typewell,typewell,1,extra_trees_all_views,1.0,extra_trees_all_views__w1.00,779705,155,168574646.2838382,14.703846793090124,10.488504210921235,20.188312082695727,27.750041996954813,56.22556837320104,0.3916974695717282,0.5137886921277254
typewell:1,typewell,typewell,1,hist_gradient_all_views,0.25,hist_gradient_all_views__w0.25,779705,155,123006713.17097375,12.560277870422084,8.614385958789038,18.1609738279381,21.56270330727225,43.029871852124906,0.36132236490497166,0.5201421914232117
typewell:1,typewell,typewell,1,hist_gradient_all_views,0.5,hist_gradient_all_views__w0.50,779705,155,132366140.13706526,13.029366271007127,8.947460278902518,18.499997596487333,21.649316031287068,45.65984103834425,0.3695696861762937,0.5057185045060953
typewell:1,typewell,typewell,1,hist_gradient_all_views,0.75,hist_gradient_all_views__w0.75,779705,155,146092099.2719725,13.688258723048055,9.71766430212966,18.590261697103042,22.8546022229239,48.36767306319759,0.36900746119924654,0.49181810345889315
typewell:1,typewell,typewell,1,hist_gradient_all_views,1.0,hist_gradient_all_views__w1.00,779705,155,164184590.5756955,14.51112347536688,10.221498149066512,18.81250057418384,26.21470638836038,51.14100129362744,0.36801641377088745,0.49237782990344947
typewell:1,typewell,typewell,1,knn25_all_views,0.25,knn25_all_views__w0.25,779705,155,127770876.03156641,12.801202763766296,8.67637038330136,18.41489961749662,22.524294851586795,43.4418987992031,0.36659148587968526,0.5198584066436674
typewell:1,typewell,typewell,1,knn25_all_views,0.5,knn25_all_views__w0.50,779705,155,145143617.504097,13.643751849484046,9.170467567532397,18.227410123735933,24.420417918926912,46.39439473299851,0.3788210644379309,0.5196760987590969
typewell:1,typewell,typewell,1,knn25_all_views,0.75,knn25_all_views__w0.75,779705,155,170132042.79128978,14.771612238929617,9.632415404205478,20.770197456241114,27.027199165004376,49.87174003397991,0.3871489118225706,0.5231400648484547
typewell:1,typewell,typewell,1,knn25_all_views,1.0,knn25_all_views__w1.00,779705,155,202736151.8931447,16.125026605250785,10.172498921738532,23.137882449189576,29.5451715614567,53.772966461840426,0.3860540892621637,0.5251978955668445
typewell:2,typewell,typewell,2,ridge_original_a1,0.25,ridge_original_a1__w0.25,763373,154,112575532.02437375,12.143772048399201,9.500394070228744,18.97033279377899,21.38401943796967,28.8750112143905,0.24242405767835112,0.3866764164275642
typewell:2,typewell,typewell,2,ridge_original_a1,0.5,ridge_original_a1__w0.50,763373,154,114661483.2717605,12.255763737533487,9.77213582889386,18.96198382804378,21.367902251221242,28.718241143582553,0.23416686511595863,0.3754443903204621
typewell:2,typewell,typewell,2,ridge_original_a1,0.75,ridge_original_a1__w0.75,763373,154,118600642.12460901,12.464507481361219,10.17055590391852,18.99928129283654,21.881247563356556,28.88931985087144,0.23238179392520428,0.3670191113600046
typewell:2,typewell,typewell,2,ridge_original_a1,1.0,ridge_original_a1__w1.00,763373,154,124393008.58291928,12.765257751079243,10.39005509250637,19.449576288773258,22.083262124360758,29.82128802627763,0.23017091490228067,0.3638976871242978
typewell:2,typewell,typewell,2,ridge_original_a10,0.25,ridge_original_a10__w0.25,763373,154,115145478.11304307,12.281602754547214,9.501462826626366,19.295119993700986,22.302881379528706,29.95896164994572,0.25115311544801194,0.3944625204474838
typewell:2,typewell,typewell,2,ridge_original_a10,0.5,ridge_original_a10__w0.50,763373,154,119586748.59682347,12.516218365214582,9.770233753405208,20.69686519998226,22.69279705875511,30.88638186617049,0.24985729386158975,0.3963002163639529
typewell:2,typewell,typewell,2,ridge_original_a10,0.75,ridge_original_a10__w0.75,763373,154,125666599.83378999,12.830439544627138,9.754883080994908,21.622535450418262,23.21140537124986,31.819584894605807,0.25172355003207714,0.3979819244045084
typewell:2,typewell,typewell,2,ridge_original_a10,1.0,ridge_original_a10__w1.00,763373,154,133385031.8239426,13.218590562094462,10.121025170468366,22.107213617591807,24.04583032263561,32.75807652151269,0.25421015410308906,0.39874037160923104
typewell:2,typewell,typewell,2,ridge_original_a100,0.25,ridge_original_a100__w0.25,763373,154,117982889.02402087,12.432003268472391,9.406181502584708,20.132312247827237,23.6056598688291,31.800577543428087,0.26262110620206514,0.41440708009658567
typewell:2,typewell,typewell,2,ridge_original_a100,0.5,ridge_original_a100__w0.50,763373,154,128076482.03687608,12.952878667754598,9.560226763550371,20.851072824650597,25.63918963559473,34.04619884320253,0.27454158562537073,0.43152340246690957
typewell:2,typewell,typewell,2,ridge_original_a100,0.75,ridge_original_a100__w0.75,763373,154,142623567.42101446,13.668701204409457,10.426951171027653,21.532651453764117,27.596655505534926,36.302950137503935,0.28659913455113145,0.4462669808330322
typewell:2,typewell,typewell,2,ridge_original_a100,1.0,ridge_original_a100__w1.00,763373,154,161624145.17643598,14.550728015081075,10.700401496412294,22.708604675099586,28.90026241722825,38.568877753199104,0.2948950489727781,0.45548649713955125
typewell:2,typewell,typewell,2,ridge_backtest_single_a1,0.25,ridge_backtest_single_a1__w0.25,763373,154,115102439.72339402,12.279307267936849,9.477935173281484,18.671922756278178,22.189250698469923,30.22981729019693,0.24841174163993607,0.3950304693025272
typewell:2,typewell,typewell,2,ridge_backtest_single_a1,0.5,ridge_backtest_single_a1__w0.50,763373,154,120034396.86330195,12.53962242135045,9.557719639097508,19.797300734260883,22.623773334481466,30.8959306747498,0.24492784831058828,0.3949590690220573
typewell:2,typewell,typewell,2,ridge_backtest_single_a1,0.75,ridge_backtest_single_a1__w0.75,763373,154,127138659.80217254,12.905368710018212,9.944748026893512,20.037718089349482,23.565296413074233,31.56665098709329,0.24513495972737834,0.39667957027918976
typewell:2,typewell,typewell,2,ridge_backtest_single_a1,1.0,ridge_backtest_single_a1__w1.00,763373,154,136415228.54000583,13.367895129557734,10.46414985154611,21.544073909395053,24.338325633272355,32.24169071628728,0.24729062963639034,0.3989972937026789
typewell:2,typewell,typewell,2,ridge_backtest_single_a10,0.25,ridge_backtest_single_a10__w0.25,763373,154,116574824.50461525,12.357595846704312,9.57619820901132,19.773272096878284,22.939182223280355,30.914719383470054,0.2555095863126745,0.40226978729382523
typewell:2,typewell,typewell,2,ridge_backtest_single_a10,0.5,ridge_backtest_single_a10__w0.50,763373,154,123384879.3362647,12.713425216738782,9.644010109566823,20.895317558605864,23.554406663999053,32.26707208576816,0.2605281961845534,0.409097606905233
typewell:2,typewell,typewell,2,ridge_backtest_single_a10,0.75,ridge_backtest_single_a10__w0.75,763373,154,132772952.87739716,13.18822686967472,10.163562576999023,21.21514328262182,24.960744786422502,33.62492553521223,0.2684216719867268,0.41371261866502446
typewell:2,typewell,typewell,2,ridge_backtest_single_a10,1.0,ridge_backtest_single_a10__w1.00,763373,154,144739045.12801263,13.76969922633337,10.441498511830336,21.98793599359439,26.05384874168402,34.987639293612325,0.27359380431849556,0.41792115023640614
typewell:2,typewell,typewell,2,ridge_backtest_cumulative_a1,0.25,ridge_backtest_cumulative_a1__w0.25,763373,154,114046941.94385101,12.222876529216249,9.474883340495046,18.340059005632302,21.787878871252932,30.343583640827926,0.24667343506549877,0.3942937110397303
typewell:2,typewell,typewell,2,ridge_backtest_cumulative_a1,0.5,ridge_backtest_cumulative_a1__w0.50,763373,154,117416289.6518349,12.4021157032788,9.544790191063814,19.821934229739696,21.936499067434347,31.50742910807269,0.24369067684666135,0.393193594038633
typewell:2,typewell,typewell,2,ridge_backtest_cumulative_a1,0.75,ridge_backtest_cumulative_a1__w0.75,763373,154,122450831.50640047,12.665212231928063,9.795776318258937,20.14706167717409,22.1312741121185,32.75051878943556,0.24516955077162655,0.3918872724227995
typewell:2,typewell,typewell,2,ridge_backtest_cumulative_a1,1.0,ridge_backtest_cumulative_a1__w1.00,763373,154,129150567.5075477,13.007078516533303,10.031661601540485,20.891269051619187,23.18684423950655,33.99834158583367,0.24434762871976723,0.3908698335472501
typewell:2,typewell,typewell,2,ridge_backtest_cumulative_a10,0.25,ridge_backtest_cumulative_a10__w0.25,763373,154,115837530.29438803,12.31845516648241,9.538838273137383,19.50034424701724,22.380868208633974,30.99713425707805,0.2518693515698219,0.3998747747996364
typewell:2,typewell,typewell,2,ridge_backtest_cumulative_a10,0.5,ridge_backtest_cumulative_a10__w0.50,763373,154,121520875.17028832,12.617027414368009,9.569751385709154,21.23977863579537,22.945989775225552,32.4319829083411,0.2546418062352525,0.4044170916262605
typewell:2,typewell,typewell,2,ridge_backtest_cumulative_a10,0.75,ridge_backtest_cumulative_a10__w0.75,763373,154,129392823.01014969,13.019271881770605,9.729992219929361,21.733456730431396,23.78305504539027,33.87236288786201,0.2553405888402612,0.4070862058719463
typewell:2,typewell,typewell,2,ridge_backtest_cumulative_a10,1.0,ridge_backtest_cumulative_a10__w1.00,763373,154,139453373.8139721,13.515935644944589,10.22127679172176,22.310571532320793,24.860054524973027,35.34037875061045,0.2576651616818513,0.40832166851488144
typewell:2,typewell,typewell,2,ridge_slope_single_a1,0.25,ridge_slope_single_a1__w0.25,763373,154,114323374.90990646,12.237680788764441,9.39523179603363,18.745989398954023,21.62118776287899,28.63711867995671,0.2459861442697509,0.38711101875426474
typewell:2,typewell,typewell,2,ridge_slope_single_a1,0.5,ridge_slope_single_a1__w0.50,763373,154,118353634.75772095,12.451520916356484,9.433001801651951,19.373726572914073,21.6657331773125,28.566098166036436,0.23917745398785806,0.3812282436538137
typewell:2,typewell,typewell,2,ridge_slope_single_a1,0.75,ridge_slope_single_a1__w0.75,763373,154,124433567.92589225,12.76733868905101,9.606516499497545,20.38427877710291,22.051859326435352,29.97941809255739,0.239896011398941,0.3762935992619004
typewell:2,typewell,typewell,2,ridge_slope_single_a1,1.0,ridge_slope_single_a1__w1.00,763373,154,132563174.41442037,13.177804191105649,10.026989016456323,20.68778125366955,23.051035029736585,31.626988205972214,0.2424808735180622,0.3764162137818352
typewell:2,typewell,typewell,2,ridge_slope_single_a10,0.25,ridge_slope_single_a10__w0.25,763373,154,116184190.2781692,12.33687374528925,9.362533871790973,19.948096104381737,22.401733495310385,30.424651405182964,0.2538504362854826,0.40010644357196173
typewell:2,typewell,typewell,2,ridge_slope_single_a10,0.5,ridge_slope_single_a10__w0.50,763373,154,122492578.22290514,12.667371000313333,9.651680781624407,20.85221070624883,23.245859025438584,31.288275451620766,0.2592793556056465,0.4063834985997191
typewell:2,typewell,typewell,2,ridge_slope_single_a10,0.75,ridge_slope_single_a10__w0.75,763373,154,131267952.21665666,13.11326861731081,9.770151679382884,21.513272618630815,24.07456158747849,32.15888245553579,0.2692441567542861,0.4103225363904656
typewell:2,typewell,typewell,2,ridge_slope_single_a10,1.0,ridge_slope_single_a10__w1.00,763373,154,142510312.2594237,13.663273074842476,9.909758842590273,22.130726960394675,24.641750342165537,34.488514471970966,0.27586517413402717,0.41246967876000834
typewell:2,typewell,typewell,2,ridge_local_long_a1,0.25,ridge_local_long_a1__w0.25,763373,154,115089766.27981152,12.278631237992576,9.455886283248386,18.894683949015388,22.151051168360638,30.651479266687495,0.2494217296266519,0.3965560533158518
typewell:2,typewell,typewell,2,ridge_local_long_a1,0.5,ridge_local_long_a1__w0.50,763373,154,120174512.20680626,12.546938995250287,9.554887117509272,19.716209517932803,22.74045644942815,31.741554421873026,0.2525664746148792,0.3985742245220698
typewell:2,typewell,typewell,2,ridge_local_long_a1,0.75,ridge_local_long_a1__w0.75,763373,154,127597026.16343302,12.928611305488621,10.223459081167956,20.056908030700058,22.508575539893084,32.83812883831613,0.2593891860001254,0.4013846514901772
typewell:2,typewell,typewell,2,ridge_local_long_a1,1.0,ridge_local_long_a1__w1.00,763373,154,137357308.1496918,13.413974858043936,10.504700778935046,20.229073222269278,24.417732524040794,33.9405725745978,0.26729953448724464,0.4063798091168477
typewell:2,typewell,typewell,2,ridge_local_long_a10,0.25,ridge_local_long_a10__w0.25,763373,154,116475972.03046656,12.35235527265259,9.43185232882613,19.913500530409863,22.7994793479682,31.415136504982357,0.25672404277382843,0.40351475340187326
typewell:2,typewell,typewell,2,ridge_local_long_a10,0.5,ridge_local_long_a10__w0.50,763373,154,123417060.36181879,12.715083055163754,9.578983081816151,20.82111415221773,23.64513431676899,33.269723162155046,0.2674392820068617,0.4116853090710693
typewell:2,typewell,typewell,2,ridge_local_long_a10,0.75,ridge_local_long_a10__w0.75,763373,154,133166053.37650551,13.207735613127836,10.016713934839498,21.19412049405696,23.91204138635305,35.131103753504114,0.28014104603504614,0.4168012167464897
typewell:2,typewell,typewell,2,ridge_local_long_a10,1.0,ridge_local_long_a10__w1.00,763373,154,145722951.0745267,13.8164217350784,10.312735584711747,21.68919323091739,25.11256959592455,36.9982528855861,0.2885656493513697,0.42058785295016604
typewell:2,typewell,typewell,2,ridge_all_views_a1,0.25,ridge_all_views_a1__w0.25,763373,154,115650779.27516702,12.308521373872956,9.513508544637652,18.67895406571196,22.649490046240828,29.926872920131224,0.252338700577618,0.39689044242957405
typewell:2,typewell,typewell,2,ridge_all_views_a1,0.5,ridge_all_views_a1__w0.50,763373,154,121317222.03832804,12.606450735324715,9.684733872623848,19.26417670738337,22.89793739469668,30.324520976972988,0.2534844933229507,0.39848673828196846
typewell:2,typewell,typewell,2,ridge_all_views_a1,0.75,ridge_all_views_a1__w0.75,763373,154,129342116.67193183,13.016720641769863,10.012747590247946,19.817341266761364,23.612037500898253,30.978509646343714,0.26016034100005325,0.4014442733705493
typewell:2,typewell,typewell,2,ridge_all_views_a1,1.0,ridge_all_views_a1__w1.00,763373,154,139725463.17597842,13.529114781914343,10.56597274671558,21.30157086200921,24.619928418125536,31.639023490602558,0.26477120244556773,0.4039853416261578
typewell:2,typewell,typewell,2,ridge_all_views_a10,0.25,ridge_all_views_a10__w0.25,763373,154,116690514.59505077,12.363726230613302,9.471731551203472,19.921680766586967,23.076189935098178,30.911094659763954,0.2577288951373363,0.40407691595136525
typewell:2,typewell,typewell,2,ridge_all_views_a10,0.5,ridge_all_views_a10__w0.50,763373,154,123838776.26707707,12.736788238943497,9.55772160118795,20.985819579782653,23.786568917594114,32.26017873192073,0.26740376654958187,0.4133498825904363
typewell:2,typewell,typewell,2,ridge_all_views_a10,0.75,ridge_all_views_a10__w0.75,763373,154,133787573.39852771,13.238521673020534,9.744758395620295,21.295733730086027,24.811884006850036,33.61507837581132,0.27982519013212803,0.4189952535302725
typewell:2,typewell,typewell,2,ridge_all_views_a10,1.0,ridge_all_views_a10__w1.00,763373,154,146536905.98940268,13.854954732354436,10.269188059380129,21.8067311549842,25.885527480981803,34.975117730384966,0.28788299051750177,0.4233004344939261
typewell:2,typewell,typewell,2,ridge_all_views_a100,0.25,ridge_all_views_a100__w0.25,763373,154,118305877.74366443,12.44900849897499,9.405105723169715,20.125751940716786,24.006524672414823,31.864453533226325,0.2638806903876594,0.4159890133559966
typewell:2,typewell,typewell,2,ridge_all_views_a100,0.5,ridge_all_views_a100__w0.50,763373,154,129043796.73937443,13.001700828533139,9.715960164580856,21.161757373210737,25.924655951756783,34.1741566612413,0.27770601742259216,0.4327668739273608
typewell:2,typewell,typewell,2,ridge_all_views_a100,0.75,ridge_all_views_a100__w0.75,763373,154,144556545.36957884,13.761015462312946,10.27644127213373,22.02199939216937,27.728310103106285,36.49509791147242,0.2903344984950368,0.44681397456653793
typewell:2,typewell,typewell,2,ridge_all_views_a100,1.0,ridge_all_views_a100__w1.00,763373,154,164844123.63427758,14.694957603394489,10.857880658076182,22.750836501456753,28.991853646763026,38.825261919964255,0.2962186227111694,0.46269782372108503
typewell:2,typewell,typewell,2,ridge_all_views_no_indicator_a1,0.25,ridge_all_views_no_indicator_a1__w0.25,763373,154,115903773.02967167,12.321976872856686,9.50305288767561,18.71098493565724,22.725194751386848,30.040885197540643,0.2530239121195812,0.3979997057418394
typewell:2,typewell,typewell,2,ridge_all_views_no_indicator_a1,0.5,ridge_all_views_no_indicator_a1__w0.50,763373,154,121925660.41133732,12.638023562328362,9.623939925431568,19.39015543513436,22.847208524142616,30.5778465953346,0.25560719139202026,0.40055622440068345
typewell:2,typewell,typewell,2,ridge_all_views_no_indicator_a1,0.75,ridge_all_views_no_indicator_a1__w0.75,763373,154,130408450.52744573,13.070267311454959,10.138495905024804,20.04180368609558,23.82147232366162,31.358828736144538,0.2629168760611479,0.4049550529024693
typewell:2,typewell,typewell,2,ridge_all_views_no_indicator_a1,1.0,ridge_all_views_no_indicator_a1__w1.00,763373,154,141352143.37799692,13.607639697904213,10.385792763816529,21.602351380593426,24.926476489691616,32.14643205251518,0.26813189147949085,0.40802421734581595
typewell:2,typewell,typewell,2,ridge_all_views_original_boost4_a1,0.25,ridge_all_views_original_boost4_a1__w0.25,763373,154,115463031.43161888,12.298526469378208,9.512598655925169,18.665348139350698,22.46402528479903,29.796525493102617,0.2513390991899269,0.3955572959408941
typewell:2,typewell,typewell,2,ridge_all_views_original_boost4_a1,0.5,ridge_all_views_original_boost4_a1__w0.50,763373,154,120760377.06004305,12.577485710996905,9.686629528884172,19.24842318380846,22.868280158243735,30.27143978300111,0.2502411347864041,0.39617369104663724
typewell:2,typewell,typewell,2,ridge_all_views_original_boost4_a1,0.75,ridge_all_views_original_boost4_a1__w0.75,763373,154,128234825.26772128,12.960883131547684,10.102240717951837,19.624254279171062,23.536807761688227,30.898333466509555,0.2563315681139857,0.39715779297190773
typewell:2,typewell,typewell,2,ridge_all_views_original_boost4_a1,1.0,ridge_all_views_original_boost4_a1__w1.00,763373,154,137886376.05465358,13.439783760757253,10.421513854229698,20.92040668912468,24.37208112931565,31.531434404368014,0.260299853994052,0.3980014673444354
typewell:2,typewell,typewell,2,ridge_all_views_original_boost4_a10,0.25,ridge_all_views_original_boost4_a10__w0.25,763373,154,116576188.33347584,12.357668133309254,9.440940780068928,19.932922811395446,22.966492386156254,30.8476755318254,0.25692376245192683,0.4035270266814877
typewell:2,typewell,typewell,2,ridge_all_views_original_boost4_a10,0.5,ridge_all_views_original_boost4_a10__w0.50,763373,154,123461695.77341886,12.717382136256983,9.618738017524272,21.059698111125822,23.701023847077984,32.13350631422334,0.2651506976924827,0.4125615270728658
typewell:2,typewell,typewell,2,ridge_all_views_original_boost4_a10,0.75,ridge_all_views_original_boost4_a10__w0.75,763373,154,132999310.70227785,13.199464049436866,9.884191292980077,21.577247631018945,24.722022442520597,33.4253323835163,0.2768330718549781,0.4182552982858279
typewell:2,typewell,typewell,2,ridge_all_views_original_boost4_a10,1.0,ridge_all_views_original_boost4_a10__w1.00,763373,154,145189033.12005278,13.791087341880303,10.195326578107439,22.021458749237887,25.812145671310077,34.72248459462135,0.2844159891615378,0.42163764636820605
typewell:2,typewell,typewell,2,ridge_per_view_ensemble_a1,0.25,ridge_per_view_ensemble_a1__w0.25,763373,154,113828346.59018706,12.211157032400799,9.503682579537625,18.331357885241644,21.68843258540305,29.545450465423553,0.24657213937699365,0.3917677012052879
typewell:2,typewell,typewell,2,ridge_per_view_ensemble_a1,0.5,ridge_per_view_ensemble_a1__w0.50,763373,154,116853312.06248465,12.372347675960565,9.60353652794645,19.443638457001047,21.901417852981464,30.057986341938875,0.24099844504287857,0.38819807147747143
typewell:2,typewell,typewell,2,ridge_per_view_ensemble_a1,0.75,ridge_per_view_ensemble_a1__w0.75,763373,154,121417684.79934157,12.61166935450334,9.839286980907573,20.271278898177737,22.057262956255826,30.57523633804369,0.2403369798373851,0.38505426980442026
typewell:2,typewell,typewell,2,ridge_per_view_ensemble_a1,1.0,ridge_per_view_ensemble_a1__w1.00,763373,154,127521464.80075783,12.924782657645235,10.00031658133706,20.479446297354883,23.43010391256627,31.09696521832841,0.23958129170976578,0.3835603127938226
typewell:2,typewell,typewell,2,extra_trees_all_views,0.25,extra_trees_all_views__w0.25,763373,154,113514729.54743458,12.19432349077722,9.296981623503179,19.610505068345716,23.333978705737607,32.947287916663456,0.2709461276763484,0.41432467437494447
typewell:2,typewell,typewell,2,extra_trees_all_views,0.5,extra_trees_all_views__w0.50,763373,154,122733976.28455628,12.679846751008462,9.454568034388714,21.05131899138414,24.130547832432736,36.357775812239616,0.28154599068738817,0.43485645146050794
typewell:2,typewell,typewell,2,extra_trees_all_views,0.75,extra_trees_all_views__w0.75,763373,154,140000528.59381393,13.54242503271289,9.793206324627583,22.351302044883795,26.7012736889913,39.79190446320537,0.2817614783954778,0.44220476972150397
typewell:2,typewell,typewell,2,extra_trees_all_views,1.0,extra_trees_all_views__w1.00,763373,154,165314386.4752075,14.71590336372483,10.341101631627588,24.930537574148545,28.94623333609204,43.2440421035185,0.2967245165882137,0.47230146906338405
typewell:2,typewell,typewell,2,hist_gradient_all_views,0.25,hist_gradient_all_views__w0.25,763373,154,114786010.64387967,12.262417078563494,9.383718064506407,19.45568436453542,23.309561743023906,32.36585904469184,0.263687218747958,0.40841322533122126
typewell:2,typewell,typewell,2,hist_gradient_all_views,0.5,hist_gradient_all_views__w0.50,763373,154,126081908.13174795,12.85162334660964,9.784544540317548,20.841772004718713,24.596978427257188,35.22325845593748,0.2712421404750522,0.42446927674271273
typewell:2,typewell,typewell,2,hist_gradient_all_views,0.75,hist_gradient_all_views__w0.75,763373,154,146230480.84605363,13.840461017468368,10.146667797385659,22.609950988333583,27.00166840226125,38.12729641108745,0.270932739580137,0.4335434875117525
typewell:2,typewell,typewell,2,hist_gradient_all_views,1.0,hist_gradient_all_views__w1.00,763373,154,175231728.7867967,15.150884073461336,10.484085714049225,24.783271032164063,29.77233107228507,41.068080278926004,0.2845198347929614,0.4661505435000544
typewell:2,typewell,typewell,2,knn25_all_views,0.25,knn25_all_views__w0.25,763373,154,111808296.83435866,12.102319620172743,9.210970670351912,19.47023743747527,22.703413379849405,34.32949904713592,0.25220623872018155,0.40313118255097374
typewell:2,typewell,typewell,2,knn25_all_views,0.5,knn25_all_views__w0.50,763373,154,122504113.63783067,12.66796744436974,9.475555970129427,20.440371627476377,23.19797751887035,39.161794494820235,0.24893824902984737,0.40236515104024695
typewell:2,typewell,typewell,2,knn25_all_views,0.75,knn25_all_views__w0.75,763373,154,144430238.79286483,13.75500229083998,10.12577766240878,22.68568708088831,24.88405312673127,44.04200662596866,0.24604197679592796,0.3986571310684799
typewell:2,typewell,typewell,2,knn25_all_views,1.0,knn25_all_views__w1.00,763373,154,177586672.2994611,15.252350859360092,11.005791168785908,24.999014637729296,28.621045900579652,48.95580765945253,0.2680710162996605,0.4204588681692352
typewell:3,typewell,typewell,3,ridge_original_a1,0.25,ridge_original_a1__w0.25,738961,155,113975782.40773802,12.419254643778782,9.122915180013509,16.831740079918426,22.27650892670111,40.58865206059545,0.2924070060406848,0.4270343078625771
typewell:3,typewell,typewell,3,ridge_original_a1,0.5,ridge_original_a1__w0.50,738961,155,114102303.20951577,12.426145836816055,9.229374894876608,17.38869823645116,22.417400588267416,39.4088502309208,0.28281505159226944,0.41873557241420384
typewell:3,typewell,typewell,3,ridge_original_a1,0.75,ridge_original_a1__w0.75,738961,155,115123441.18957204,12.48162476395414,9.450995865695695,17.459632364679095,22.562953996843476,38.23267519749516,0.27177747269719704,0.4110126875880796
typewell:3,typewell,typewell,3,ridge_original_a1,1.0,ridge_original_a1__w1.00,738961,155,117039196.34790678,12.585048870704371,9.723648526738092,17.665854287508267,22.71312129913776,37.060472268956914,0.25990738764247,0.40425374105549133
typewell:3,typewell,typewell,3,ridge_original_a10,0.25,ridge_original_a10__w0.25,738961,155,119177255.768867,12.699479790926882,9.009634004891407,17.13076547793279,22.754820207704665,41.02514527347417,0.30287475282516313,0.43944940504824914
typewell:3,typewell,typewell,3,ridge_original_a10,0.5,ridge_original_a10__w0.50,738961,155,125053341.67509839,13.00878965843097,9.186976051678526,17.63646789197244,23.560104623044708,40.283543304089044,0.3042058028369008,0.44152409689572636
typewell:3,typewell,typewell,3,ridge_original_a10,0.75,ridge_original_a10__w0.75,738961,155,132372136.50293289,13.384049374056172,9.64248595265396,18.615918497991878,24.309249994179222,40.2812618862783,0.3042369867775638,0.4439981806097164
typewell:3,typewell,typewell,3,ridge_original_a10,1.0,ridge_original_a10__w1.00,738961,155,141133640.25237054,13.819887654021606,10.023320162107394,19.220395620767828,25.066037346450056,42.582530249751485,0.3047047551428745,0.44549669322228924
typewell:3,typewell,typewell,3,ridge_original_a100,0.25,ridge_original_a100__w0.25,738961,155,123776362.06336708,12.94219973356248,9.0028472244768,17.518789444588517,24.124366213685065,42.614090588274046,0.3207214117002158,0.45576599411770047
typewell:3,typewell,typewell,3,ridge_original_a100,0.5,ridge_original_a100__w0.50,738961,155,136083265.38037205,13.57036727421182,9.172785760220403,18.55198675847088,25.60933039046257,45.786339115462674,0.3406572615758835,0.4771755555536366
typewell:3,typewell,typewell,3,ridge_original_a100,0.75,ridge_original_a100__w0.75,738961,155,151664588.73525366,14.326210784309852,9.845014323959255,19.736264978276946,26.658905341242168,51.99906990202518,0.35851824762294293,0.49520622235131323
typewell:3,typewell,typewell,3,ridge_original_a100,1.0,ridge_original_a100__w1.00,738961,155,170520332.12801188,15.190683868142834,10.263559092413589,20.969399344053425,29.66309214331925,58.22483606692561,0.3733686440974151,0.5108583991759824
typewell:3,typewell,typewell,3,ridge_backtest_single_a1,0.25,ridge_backtest_single_a1__w0.25,738961,155,119155319.28879942,12.698310965952487,9.067636645165809,17.46645010496792,23.266378362807913,39.93857328348106,0.3015215117414063,0.4361948987664434
typewell:3,typewell,typewell,3,ridge_backtest_single_a1,0.5,ridge_backtest_single_a1__w0.50,738961,155,125991506.14823852,13.05749519448929,9.577060984388453,18.087894164314516,23.587174148729744,38.61640686003893,0.3002164429242189,0.4363048641885102
typewell:3,typewell,typewell,3,ridge_backtest_single_a1,0.75,ridge_backtest_single_a1__w0.75,738961,155,135252439.3625561,13.528878427053655,10.09569439278974,18.798037098543958,23.765582994706307,41.24322038632859,0.2998980323447631,0.43595877816016865
typewell:3,typewell,typewell,3,ridge_backtest_single_a1,1.0,ridge_backtest_single_a1__w1.00,738961,155,146938118.9317521,14.101213196306544,10.646174172346788,20.007110390477475,24.394485438971394,43.886847259872575,0.2972414311256561,0.4356023656438061
typewell:3,typewell,typewell,3,ridge_backtest_single_a10,0.25,ridge_backtest_single_a10__w0.25,738961,155,121626849.10181561,12.829329777566814,8.9570807364077,17.445921718541186,23.46487599847519,40.568607167986656,0.309343689722924,0.4442881549766826
typewell:3,typewell,typewell,3,ridge_backtest_single_a10,0.5,ridge_backtest_single_a10__w0.50,738961,155,131294117.65227397,13.329439115719197,9.518693374702519,18.354679622724003,24.286812981164225,42.675372890650905,0.31608107986354544,0.4543089657750513
typewell:3,typewell,typewell,3,ridge_backtest_single_a10,0.75,ridge_backtest_single_a10__w0.75,738961,155,143745684.4356138,13.947187787868199,9.938902800761813,19.443081152046524,25.40745302658261,47.32497517122207,0.3230919208736057,0.4619935801401701
typewell:3,typewell,typewell,3,ridge_backtest_single_a10,1.0,ridge_backtest_single_a10__w1.00,738961,155,158981549.45183516,14.667719750961538,10.270385638224086,20.795770683487337,26.67488898259785,51.985905233213714,0.3277421779049985,0.4670718006912302
typewell:3,typewell,typewell,3,ridge_backtest_cumulative_a1,0.25,ridge_backtest_cumulative_a1__w0.25,738961,155,116577437.10003008,12.560198196455199,9.081351681791364,17.05754357504983,21.93152297961228,40.18872385111529,0.29463038810621356,0.4341030534027211
typewell:3,typewell,typewell,3,ridge_backtest_cumulative_a1,0.5,ridge_backtest_cumulative_a1__w0.50,738961,155,119797014.96901838,12.732457616614717,9.46988988936384,17.702454323681422,22.447049283638144,38.61060372016965,0.2887735413409281,0.430630240509065
typewell:3,typewell,typewell,3,ridge_backtest_cumulative_a1,0.75,ridge_backtest_cumulative_a1__w0.75,738961,155,124402612.39120363,12.974899154510357,9.917001238281676,18.42237939143592,23.767889688183306,37.03804309139841,0.2819369043002581,0.42591700522384607
typewell:3,typewell,typewell,3,ridge_backtest_cumulative_a1,1.0,ridge_backtest_cumulative_a1__w1.00,738961,155,130394229.36658585,13.283680667145946,10.256683878180421,19.196744674450898,25.432742293963294,35.47178137610408,0.2783635493542824,0.420067734557868
typewell:3,typewell,typewell,3,ridge_backtest_cumulative_a10,0.25,ridge_backtest_cumulative_a10__w0.25,738961,155,120067745.61364068,12.746836610700404,9.075609128856406,17.18628313640783,22.985858430173387,40.812929746384285,0.3042214406259841,0.44196793190355804
typewell:3,typewell,typewell,3,ridge_backtest_cumulative_a10,0.5,ridge_backtest_cumulative_a10__w0.50,738961,155,127230703.80161838,13.121551992822779,9.331824430344852,17.9038695343927,23.658510236486105,39.85860228208984,0.3063357717691724,0.4465675263946592
typewell:3,typewell,typewell,3,ridge_backtest_cumulative_a10,0.75,ridge_backtest_cumulative_a10__w0.75,738961,155,136232753.34817186,13.577818777592018,9.887226486186846,18.770281940224883,24.136459313722238,41.44211678775123,0.3079406557635934,0.45197555421580116
typewell:3,typewell,typewell,3,ridge_backtest_cumulative_a10,1.0,ridge_backtest_cumulative_a10__w1.00,738961,155,147073894.2533011,14.107726668398037,10.36977804532902,19.741240154272674,25.771576698337398,44.13246931048424,0.31018764255058306,0.45457694912499863
typewell:3,typewell,typewell,3,ridge_slope_single_a1,0.25,ridge_slope_single_a1__w0.25,738961,155,116737195.36691229,12.56880152722888,9.021041237768342,16.785418193473973,22.42128877344589,40.93635979920595,0.2941344684609254,0.43125473454906127
typewell:3,typewell,typewell,3,ridge_slope_single_a1,0.5,ridge_slope_single_a1__w0.50,738961,155,120284698.4011479,12.758347668919809,9.259911882288401,17.452210920573183,22.76143597943095,40.103528096059236,0.2880973728924936,0.42441712318138425
typewell:3,typewell,typewell,3,ridge_slope_single_a1,0.75,ridge_slope_single_a1__w0.75,738961,155,125386387.88694559,13.026100860435333,9.689176954780622,18.08806953885168,23.041379179675605,39.27344252672613,0.28060334451235963,0.4168406874791783
typewell:3,typewell,typewell,3,ridge_slope_single_a1,1.0,ridge_slope_single_a1__w1.00,738961,155,132042263.82430537,13.367362379560106,10.192261910730222,18.291912384671015,23.991245602555377,38.44628096521158,0.2721685579675402,0.4129437162753691
typewell:3,typewell,typewell,3,ridge_slope_single_a10,0.25,ridge_slope_single_a10__w0.25,738961,155,120764957.13417174,12.783792318353422,9.041300769819323,17.140376956678608,23.151841367246565,41.3806809197557,0.3066895560910519,0.44416098344214533
typewell:3,typewell,typewell,3,ridge_slope_single_a10,0.5,ridge_slope_single_a10__w0.50,738961,155,128826104.66938034,13.203564107519659,9.337542657515524,17.962161080027407,24.14733078205592,40.99205412488937,0.31069863591330404,0.4495602626408197
typewell:3,typewell,typewell,3,ridge_slope_single_a10,0.75,ridge_slope_single_a10__w0.75,738961,155,138927321.38986456,13.711440139661516,9.983981241000626,18.85410149707187,25.105830256567142,41.42738751323184,0.31242613326222457,0.45392256428404265
typewell:3,typewell,typewell,3,ridge_slope_single_a10,1.0,ridge_slope_single_a10__w1.00,738961,155,151068607.29562438,14.298034925303918,10.766856682399778,19.55176464029786,26.009450932111925,44.11426594627323,0.31368480446597174,0.4564954118866148
typewell:3,typewell,typewell,3,ridge_local_long_a1,0.25,ridge_local_long_a1__w0.25,738961,155,118343589.62062699,12.654984278406525,9.183162044518399,17.345407543203496,22.451389358318597,40.090888752033635,0.3002486651012365,0.4384223616905064
typewell:3,typewell,typewell,3,ridge_local_long_a1,0.5,ridge_local_long_a1__w0.50,738961,155,123760483.79557574,12.941369581905695,9.484610156847415,17.872473499168134,22.76385961439752,38.414586382822186,0.29958134922478097,0.43865812878405375
typewell:3,typewell,typewell,3,ridge_local_long_a1,0.75,ridge_local_long_a1__w0.75,738961,155,130994561.30908501,13.314224427356844,9.724442248365284,18.492620853724215,23.3418624772379,38.582342774285515,0.29960569430662193,0.43815528279643745
typewell:3,typewell,typewell,3,ridge_local_long_a1,1.0,ridge_local_long_a1__w1.00,738961,155,140045822.16115478,13.766524740339202,10.270141926226593,19.419419737719267,23.878779314814764,40.323635329520634,0.29724354631293287,0.4368478285344314
typewell:3,typewell,typewell,3,ridge_local_long_a10,0.25,ridge_local_long_a10__w0.25,738961,155,121005098.69618525,12.796496315056386,9.018131556886564,17.34070034220688,23.18616197469912,40.93475814258992,0.3083543415652717,0.4451363002558967
typewell:3,typewell,typewell,3,ridge_local_long_a10,0.5,ridge_local_long_a10__w0.50,738961,155,129497036.77040075,13.237901832968639,9.335188722516088,18.32806472951958,23.995753842030137,40.72914821399272,0.31412300809663796,0.45364893974693915
typewell:3,typewell,typewell,3,ridge_local_long_a10,0.75,ridge_local_long_a10__w0.75,738961,155,140219693.0068853,13.775067854277202,9.887629344784829,19.34554173546097,24.966923076639862,44.39899084790591,0.32069048238642167,0.46050408373947804
typewell:3,typewell,typewell,3,ridge_local_long_a10,1.0,ridge_local_long_a10__w1.00,738961,155,153173067.40563884,14.397279822700245,10.193164870977387,20.2720792264534,25.94786498942589,48.07800452843103,0.3243311480075713,0.4645016477012569
typewell:3,typewell,typewell,3,ridge_all_views_a1,0.25,ridge_all_views_a1__w0.25,738961,155,119236148.71802486,12.702617207703184,9.067647426123271,17.29746902641387,23.19813630684306,40.22926667397451,0.30078176831488723,0.4368322410481664
typewell:3,typewell,typewell,3,ridge_all_views_a1,0.5,ridge_all_views_a1__w0.50,738961,155,126318645.72718012,13.074436234264862,9.642127511103896,18.006248759518744,23.926494333285273,38.691072039364485,0.29798580417598197,0.4358834746050012
typewell:3,typewell,typewell,3,ridge_all_views_a1,0.75,ridge_all_views_a1__w0.75,738961,155,135991369.81170452,13.565784538721504,10.212239997497525,18.665348407963513,24.8781573692435,39.34846457539526,0.29254937454618773,0.4328807233044638
typewell:3,typewell,typewell,3,ridge_all_views_a1,1.0,ridge_all_views_a1__w1.00,738961,155,148254320.97159806,14.164228388687803,10.447764247664683,19.22206562550137,25.84814153351894,41.347396218687464,0.287422140760288,0.43660288361194916
typewell:3,typewell,typewell,3,ridge_all_views_a10,0.25,ridge_all_views_a10__w0.25,738961,155,121646910.30114594,12.83038777229396,9.053959695572711,17.38307815613142,23.732835771712114,40.91995622234534,0.308694374088506,0.4441845338360404
typewell:3,typewell,typewell,3,ridge_all_views_a10,0.5,ridge_all_views_a10__w0.50,738961,155,131300640.87462622,13.329770241807504,9.638428187587735,18.151928574033708,24.57508305210241,41.20063901281641,0.31419821844853535,0.4526180636130241
typewell:3,typewell,typewell,3,ridge_all_views_a10,0.75,ridge_all_views_a10__w0.75,738961,155,143705070.50467956,13.945217328230923,10.31245731843529,18.99138673196432,25.846050541086008,45.10899582693579,0.31738117797876503,0.45791507102330414
typewell:3,typewell,typewell,3,ridge_all_views_a10,1.0,ridge_all_views_a10__w1.00,738961,155,158860199.19130597,14.662120763521076,10.538659409100484,20.344255132874483,27.131786222046763,49.02760325558787,0.31966290881272,0.46398027294296934
typewell:3,typewell,typewell,3,ridge_all_views_a100,0.25,ridge_all_views_a100__w0.25,738961,155,124017984.66744532,12.954825744413405,8.895060908724009,17.616488780183463,24.176919580348958,42.6862206902312,0.3220707063286631,0.4569206271912148
typewell:3,typewell,typewell,3,ridge_all_views_a100,0.5,ridge_all_views_a100__w0.50,738961,155,136729990.20162806,13.60257509517798,9.125374260271439,18.575413660786868,25.46759369025953,45.940056967489554,0.3422296736077256,0.47794453940729376
typewell:3,typewell,typewell,3,ridge_all_views_a100,0.75,ridge_all_views_a100__w0.75,738961,155,152879895.38678697,14.383495084688985,9.945127988356685,19.975313793524922,26.524597707198932,52.23040620991732,0.36036213721266047,0.495807200926424
typewell:3,typewell,typewell,3,ridge_all_views_a100,1.0,ridge_all_views_a100__w1.00,738961,155,172467700.2229221,15.277177584948877,10.208142286662873,21.202834829649476,29.99013909175159,58.53401061206214,0.3766420079328111,0.5134181428631515
typewell:3,typewell,typewell,3,ridge_all_views_no_indicator_a1,0.25,ridge_all_views_no_indicator_a1__w0.25,738961,155,119122353.33487782,12.696554263463776,9.060082745138343,17.327485017999507,23.157899041240388,40.197289819965796,0.30049479644818805,0.43662537448497474
typewell:3,typewell,typewell,3,ridge_all_views_no_indicator_a1,0.5,ridge_all_views_no_indicator_a1__w0.50,738961,155,126051600.13166268,13.06060883039827,9.58815602343973,17.998409657345608,23.94265914611735,38.62720069096048,0.2974777123411047,0.4357198716092387
typewell:3,typewell,typewell,3,ridge_all_views_no_indicator_a1,0.75,ridge_all_views_no_indicator_a1__w0.75,738961,155,135531619.1745933,13.54283397086975,10.245665248208086,18.620319943356368,24.90258602234825,39.204482605045605,0.2922769740308687,0.43257469699993717
typewell:3,typewell,typewell,3,ridge_all_views_no_indicator_a1,1.0,ridge_all_views_no_indicator_a1__w1.00,738961,155,147562410.46366972,14.131137144288132,10.503167380965046,19.043688267974595,25.880880168348757,41.15587520513482,0.28704168905219507,0.4361516711619606
typewell:3,typewell,typewell,3,ridge_all_views_original_boost4_a1,0.25,ridge_all_views_original_boost4_a1__w0.25,738961,155,119132662.75903451,12.697103662160307,9.034302205126423,17.362455549612633,23.20333980736968,40.304805097108655,0.30081414449354776,0.43688618299505233
typewell:3,typewell,typewell,3,ridge_all_views_original_boost4_a1,0.5,ridge_all_views_original_boost4_a1__w0.50,738961,155,125860162.53005609,13.050687331336613,9.508235764473564,17.909255029599237,23.77250054933399,38.84216138744749,0.2985883478024735,0.4356405267993886
typewell:3,typewell,typewell,3,ridge_all_views_original_boost4_a1,0.75,ridge_all_views_original_boost4_a1__w0.75,738961,155,134926378.09730348,13.512561142646074,10.049482796113388,18.442786853505762,24.39201639475643,38.748161442965774,0.29508435095536717,0.43248803341782366
typewell:3,typewell,typewell,3,ridge_all_views_original_boost4_a1,1.0,ridge_all_views_original_boost4_a1__w1.00,738961,155,146331309.46077666,14.072066225254925,10.401261588494345,18.861779517343905,25.192805713620015,40.5476099143316,0.2908022191358868,0.4359005591588383
typewell:3,typewell,typewell,3,ridge_all_views_original_boost4_a10,0.25,ridge_all_views_original_boost4_a10__w0.25,738961,155,121566658.21523388,12.826154885259399,9.069234049949078,17.423453188396863,23.694390547458163,40.97843385911239,0.30859332893789093,0.44425162369597554
typewell:3,typewell,typewell,3,ridge_all_views_original_boost4_a10,0.5,ridge_all_views_original_boost4_a10__w0.50,738961,155,130984168.5439642,13.313696259047887,9.549298350719441,18.176601601753,24.37680377922388,40.88809746094726,0.3142739187313036,0.4523659405670374
typewell:3,typewell,typewell,3,ridge_all_views_original_boost4_a10,0.75,ridge_all_views_original_boost4_a10__w0.75,738961,155,142996409.77042973,13.910790423563974,10.282429951366614,18.81503318404727,25.545123299354643,44.63948403300013,0.3189360869349816,0.45803690730197366
typewell:3,typewell,typewell,3,ridge_all_views_original_boost4_a10,1.0,ridge_all_views_original_boost4_a10__w1.00,738961,155,157603381.89463043,14.604006146638797,10.581148496994796,20.761263719833224,26.726525666415775,48.40093226112014,0.3218545852220967,0.46238822066903923
typewell:3,typewell,typewell,3,ridge_per_view_ensemble_a1,0.25,ridge_per_view_ensemble_a1__w0.25,738961,155,116636123.55174516,12.563359274356593,9.067438577288023,16.799322883761693,22.172756694805525,40.541072378780704,0.29675166260589714,0.4345375884082193
typewell:3,typewell,typewell,3,ridge_per_view_ensemble_a1,0.5,ridge_per_view_ensemble_a1__w0.50,738961,155,119712222.80836095,12.727950811095472,9.284863492591903,16.958456524894043,22.885119645525627,39.31352978666876,0.29188516889298544,0.43174463268633284
typewell:3,typewell,typewell,3,ridge_per_view_ensemble_a1,0.75,ridge_per_view_ensemble_a1__w0.75,738961,155,123972176.55408612,12.952432982843991,9.745663652067057,17.242033449412354,23.921480388093734,38.08945097363874,0.28688776189860304,0.4277197926909946
typewell:3,typewell,typewell,3,ridge_per_view_ensemble_a1,1.0,ridge_per_view_ensemble_a1__w1.00,738961,155,129415984.78892066,13.233758394075311,10.075356048989043,17.82804442089535,24.354636553140182,36.86918093990354,0.2810603300370631,0.4234946242508315
typewell:3,typewell,typewell,3,extra_trees_all_views,0.25,extra_trees_all_views__w0.25,738961,155,123351571.98351786,12.919972375266282,8.904346145323718,17.735767941360006,23.4307319435363,44.10967883184958,0.32967038949026406,0.46366159055999745
typewell:3,typewell,typewell,3,extra_trees_all_views,0.5,extra_trees_all_views__w0.50,738961,155,136786629.12743214,13.605392163587112,9.196517113894831,18.86155664763266,24.42316347249886,47.72749408411161,0.3612956094907231,0.49143788825162205
typewell:3,typewell,typewell,3,extra_trees_all_views,0.75,extra_trees_all_views__w0.75,738961,155,155049050.21598163,14.485176651936763,9.35647302454015,19.315625292931806,27.27065456760885,54.919181272449286,0.384169717219224,0.5153721179604407
typewell:3,typewell,typewell,3,extra_trees_all_views,1.0,extra_trees_all_views__w1.00,738961,155,178138835.2491663,15.526320437118798,9.634336125541186,20.638713626917944,29.824640218636056,62.12608459422945,0.40136183900237893,0.5351007523702168
typewell:3,typewell,typewell,3,hist_gradient_all_views,0.25,hist_gradient_all_views__w0.25,738961,155,123219637.67848045,12.913061058325237,8.815641478385194,17.46777546262328,23.766320130845667,43.755877742802475,0.327222297631883,0.46392191408123834
typewell:3,typewell,typewell,3,hist_gradient_all_views,0.5,hist_gradient_all_views__w0.50,738961,155,137175538.48799935,13.624719742349038,9.035408440633795,18.983499373355375,24.594449723283933,45.76672560682497,0.35605034189472917,0.4890195844383865
typewell:3,typewell,typewell,3,hist_gradient_all_views,0.75,hist_gradient_all_views__w0.75,738961,155,156611581.21279547,14.557981998900546,9.640108811735274,19.051120704011968,27.851214928964254,51.97084553638809,0.38162770988456896,0.5137807987499637
typewell:3,typewell,typewell,3,hist_gradient_all_views,1.0,hist_gradient_all_views__w1.00,738961,155,181527765.85286883,15.673311754836815,9.695656402792274,21.484157029029763,30.531746450018435,58.193675278349936,0.39980384453546325,0.5355195976730533
typewell:3,typewell,typewell,3,knn25_all_views,0.25,knn25_all_views__w0.25,738961,155,123046245.2331854,12.903972346859703,9.00729294444152,17.59760868693791,23.28543074705074,44.798336403424834,0.33933260523764225,0.47161883741812516
typewell:3,typewell,typewell,3,knn25_all_views,0.5,knn25_all_views__w0.50,738961,155,139771326.4438858,13.753026638365053,9.505368760386393,18.75113875526942,23.47548401703679,48.0932138697466,0.3718941669352946,0.49673170884864937
typewell:3,typewell,typewell,3,knn25_all_views,0.75,knn25_all_views__w0.75,738961,155,164919122.41633996,14.939110802083542,9.847930884003597,19.963762070018507,26.271776743014687,55.47792009667644,0.39775945608045243,0.5190660144114053
typewell:3,typewell,typewell,3,knn25_all_views,1.0,knn25_all_views__w1.00,738961,155,198489633.15054786,16.389215107886383,10.90471872423284,21.41323774408741,28.029281157012214,62.88125094528301,0.4110119298745185,0.5335086091256577
typewell:4,typewell,typewell,4,ridge_original_a1,0.25,ridge_original_a1__w0.25,766111,154,117671466.82423091,12.393379101046895,9.687341303799787,17.499518849279212,21.87043213066203,33.032839911005645,0.25846327866213603,0.39964144418936326
typewell:4,typewell,typewell,4,ridge_original_a1,0.5,ridge_original_a1__w0.50,766111,154,122168165.06779677,12.627959385488856,9.696080109004583,17.716587257329202,22.910253304257186,34.43543844792657,0.2698058406855137,0.40661116662005997
typewell:4,typewell,typewell,4,ridge_original_a1,0.75,ridge_original_a1__w0.75,766111,154,128926622.2402724,12.97255298812347,9.76615041729864,18.247908106165944,23.018062183692827,36.1274418546855,0.2802364854429398,0.4100856205769566
typewell:4,typewell,typewell,4,ridge_original_a1,1.0,ridge_original_a1__w1.00,766111,154,137946838.34165782,13.418687115609009,10.22496681881034,18.677052216124526,22.847877123393662,38.07028255968629,0.2895197085680108,0.4118570007390707
typewell:4,typewell,typewell,4,ridge_original_a10,0.25,ridge_original_a10__w0.25,766111,154,118947440.56472072,12.460391898221602,9.751336728415222,17.819900672128888,21.99080382159682,33.22392871095855,0.26135144750440803,0.39292025248623347
typewell:4,typewell,typewell,4,ridge_original_a10,0.5,ridge_original_a10__w0.50,766111,154,124606016.85106415,12.753331770778745,9.80620469264268,18.53930631031798,23.096511775052498,34.97586384986855,0.269313460213948,0.39830937129034977
typewell:4,typewell,typewell,4,ridge_original_a10,0.75,ridge_original_a10__w0.75,766111,154,132412256.36860508,13.146745145725795,9.98505722933344,18.725202702042036,24.172657231237,37.14490770725246,0.27659644210152234,0.40352031496933977
typewell:4,typewell,typewell,4,ridge_original_a10,1.0,ridge_original_a10__w1.00,766111,154,142366159.11734352,13.631935895924585,10.29778433991931,19.491834179949706,24.70421215638285,39.66268761188707,0.28185932407653463,0.4075620593104761
typewell:4,typewell,typewell,4,ridge_original_a100,0.25,ridge_original_a100__w0.25,766111,154,119145768.26242843,12.470775524697586,9.719948079211392,18.041621065403717,21.287308502987347,32.51355640680282,0.26288927623949077,0.3918682787035203
typewell:4,typewell,typewell,4,ridge_original_a100,0.5,ridge_original_a100__w0.50,766111,154,126948093.15846443,12.872628679761263,9.708643787801437,19.16339967797053,21.37955253244253,33.56263809308328,0.2652712240111647,0.3955847161169035
typewell:4,typewell,typewell,4,ridge_original_a100,0.75,ridge_original_a100__w0.75,766111,154,138843502.19768286,13.462227666721738,10.34299577519938,20.471633861023587,22.512356663329705,36.67085728469221,0.27188182796745936,0.40111098296725245
typewell:4,typewell,typewell,4,ridge_original_a100,1.0,ridge_original_a100__w1.00,766111,154,154831995.38008365,14.216232132963517,10.835108119889894,20.903206187408877,25.433677084512,47.21688089467068,0.283183616777611,0.41171406259630305
typewell:4,typewell,typewell,4,ridge_backtest_single_a1,0.25,ridge_backtest_single_a1__w0.25,766111,154,121438254.53522527,12.590179128596931,9.862308633477047,17.971995462988797,22.45730589300039,33.97525986065799,0.26091221740328935,0.39200220910482775
typewell:4,typewell,typewell,4,ridge_backtest_single_a1,0.5,ridge_backtest_single_a1__w0.50,766111,154,131537668.36186606,13.103255837905525,9.655109252115736,18.822656555393074,23.543153857312408,36.55198670070869,0.26789389493355453,0.40544368566295624
typewell:4,typewell,typewell,4,ridge_backtest_single_a1,0.75,ridge_backtest_single_a1__w0.75,766111,154,145734768.98949715,13.792269650863961,10.291038777298066,19.822654416700534,25.45668870760829,39.57887917725673,0.28649040027400285,0.4238115027028305
typewell:4,typewell,typewell,4,ridge_backtest_single_a1,1.0,ridge_backtest_single_a1__w1.00,766111,154,164029556.41811854,14.632387918442133,11.065988815527291,21.55251205196921,28.122728358895856,42.96089056428581,0.30652404616354745,0.4437368771752873
typewell:4,typewell,typewell,4,ridge_backtest_single_a10,0.25,ridge_backtest_single_a10__w0.25,766111,154,121592346.08147308,12.598164360036543,10.00763444549958,18.063423239836716,22.00379453746699,33.996459620925336,0.262014870766165,0.39248279598510805
typewell:4,typewell,typewell,4,ridge_backtest_single_a10,0.5,ridge_backtest_single_a10__w0.50,766111,154,131777971.36345883,13.115219387834266,9.694721537640216,19.03093416549579,22.862640286857264,36.76020358181992,0.2669940528973035,0.40120733312214674
typewell:4,typewell,typewell,4,ridge_backtest_single_a10,0.75,ridge_backtest_single_a10__w0.75,766111,154,145993403.35553208,13.804502742851232,10.285308922196645,21.11921395924557,24.592244819409363,40.099366968546576,0.28045493663181803,0.41591900489687017
typewell:4,typewell,typewell,4,ridge_backtest_single_a10,1.0,ridge_backtest_single_a10__w1.00,766111,154,164238642.05769283,14.6417107744138,10.803589206119124,22.716005151104877,26.618198861784137,43.88279000315682,0.29749392257215934,0.4325952541584093
typewell:4,typewell,typewell,4,ridge_backtest_cumulative_a1,0.25,ridge_backtest_cumulative_a1__w0.25,766111,154,118803755.83134949,12.45286374510263,9.801251298348758,18.12154511334714,21.405254171037083,33.44524301513394,0.2597061870634403,0.3980109334337033
typewell:4,typewell,typewell,4,ridge_backtest_cumulative_a1,0.5,ridge_backtest_cumulative_a1__w0.50,766111,154,124811855.56893319,12.7638611428649,9.792021451067232,18.323370042317034,22.11198912937613,35.32947672087798,0.26814264675600313,0.4023417595254901
typewell:4,typewell,typewell,4,ridge_backtest_cumulative_a1,0.75,ridge_backtest_cumulative_a1__w0.75,766111,154,133460826.72232588,13.198696920246924,9.830284961832792,19.055306659679523,23.641824872337402,37.55079579061308,0.2745322081340501,0.40657805716183587
typewell:4,typewell,typewell,4,ridge_backtest_cumulative_a1,1.0,ridge_backtest_cumulative_a1__w1.00,766111,154,144750669.2915276,13.745623405604022,10.45132605906792,19.61616095683834,24.562027688149524,40.053155902539885,0.277931985771133,0.4129040193410519
typewell:4,typewell,typewell,4,ridge_backtest_cumulative_a10,0.25,ridge_backtest_cumulative_a10__w0.25,766111,154,119796605.92665058,12.504790146485199,9.720068858652246,17.90967335385423,22.004632114886068,33.326878855494876,0.26057166833545464,0.39281632802386657
typewell:4,typewell,typewell,4,ridge_backtest_cumulative_a10,0.5,ridge_backtest_cumulative_a10__w0.50,766111,154,126873155.32605158,12.868828743632962,9.909691790487393,18.334698432432564,22.808131732782275,35.22437459968657,0.2681193883636016,0.39848548310102294
typewell:4,typewell,typewell,4,ridge_backtest_cumulative_a10,0.75,ridge_backtest_cumulative_a10__w0.75,766111,154,136666175.70777783,13.356254070949783,10.211525928787074,19.198488824228107,24.729604231892967,37.570286989719484,0.2736874795693564,0.4047576081566827
typewell:4,typewell,typewell,4,ridge_backtest_cumulative_a10,1.0,ridge_backtest_cumulative_a10__w1.00,766111,154,149175667.0718293,13.954142228458878,10.53430077369147,20.947356397751857,26.035255035345983,40.28635687055051,0.27978221056637276,0.41659030738407554
typewell:4,typewell,typewell,4,ridge_slope_single_a1,0.25,ridge_slope_single_a1__w0.25,766111,154,120373848.99957094,12.534881270208114,9.924335603044224,17.426187689763662,22.328328589662366,33.16860753547563,0.2592639997712756,0.39502673388740567
typewell:4,typewell,typewell,4,ridge_slope_single_a1,0.5,ridge_slope_single_a1__w0.50,766111,154,129044972.09304552,12.978505783341973,10.433618424397137,18.457195658595907,24.753231399242413,36.191023971234806,0.2733289312830461,0.41111657764549586
typewell:4,typewell,typewell,4,ridge_slope_single_a1,0.75,ridge_slope_single_a1__w0.75,766111,154,141449896.78999856,13.587997816524748,10.485302286333598,18.47649677104927,26.236354694636738,40.21040488849643,0.2942244418084074,0.42948609083090694
typewell:4,typewell,typewell,4,ridge_slope_single_a1,1.0,ridge_slope_single_a1__w1.00,766111,154,157588623.09043005,14.342226652062608,10.933375844937974,19.166890893013107,27.38960365965948,44.5362926994159,0.3211625775820018,0.44782525450918886
typewell:4,typewell,typewell,4,ridge_slope_single_a10,0.25,ridge_slope_single_a10__w0.25,766111,154,119984149.56266576,12.514574550020875,9.939210588495458,17.959453449941,22.118275239895393,32.729886409826754,0.26103441123720555,0.3916242568768119
typewell:4,typewell,typewell,4,ridge_slope_single_a10,0.5,ridge_slope_single_a10__w0.50,766111,154,127675713.91456647,12.9094666058361,9.877672311604233,19.0852321419232,23.355192978120133,34.019768398609344,0.26940135471652454,0.40259558067831447
typewell:4,typewell,typewell,4,ridge_slope_single_a10,0.75,ridge_slope_single_a10__w0.75,766111,154,138511220.56527695,13.446109049435176,10.0635025411037,19.71172430228091,25.199927530864198,35.77145317014415,0.28337321078430905,0.4196160783741157
typewell:4,typewell,typewell,4,ridge_slope_single_a10,1.0,ridge_slope_single_a10__w1.00,766111,154,152490669.5147972,14.108335753530449,10.335223383096064,20.57106528958609,27.14366253555568,37.92099846294337,0.302393276927938,0.4343485406261663
typewell:4,typewell,typewell,4,ridge_local_long_a1,0.25,ridge_local_long_a1__w0.25,766111,154,121230656.3258263,12.579413095126865,9.884052044958123,17.827590162175863,22.27117383208149,33.89716175998824,0.2568803693111707,0.387769964842352
typewell:4,typewell,typewell,4,ridge_local_long_a1,0.5,ridge_local_long_a1__w0.50,766111,154,130823514.387344,13.06763684607913,10.151043509061479,19.239676582411292,23.549892166400568,36.45795908365296,0.26221137155717117,0.401110208656834
typewell:4,typewell,typewell,4,ridge_local_long_a1,0.75,ridge_local_long_a1__w0.75,766111,154,144215101.69412792,13.720170906416135,10.488503611862068,20.238347246181412,25.983639820346074,39.91029107712583,0.28312826324613327,0.41804052920701346
typewell:4,typewell,typewell,4,ridge_local_long_a1,1.0,ridge_local_long_a1__w1.00,766111,154,161405418.24617806,14.51487184575316,10.962332134821297,21.102500707102735,27.103660382642392,43.850199927480254,0.3086280413027119,0.4362806312012251
typewell:4,typewell,typewell,4,ridge_local_long_a10,0.25,ridge_local_long_a10__w0.25,766111,154,121210735.84430812,12.578379535346718,9.948008456539668,17.90105288143094,21.914418636176727,33.47540727581184,0.2607794498755528,0.3902946237861131
typewell:4,typewell,typewell,4,ridge_local_long_a10,0.5,ridge_local_long_a10__w0.50,766111,154,130618220.34578797,13.057379663810083,9.985857719598261,19.22594622801203,22.844366594794092,35.666183394270895,0.2662097584093813,0.39845990070959053
typewell:4,typewell,typewell,4,ridge_local_long_a10,0.75,ridge_local_long_a10__w0.75,766111,154,143658981.01401436,13.69369156877563,10.189842988816242,20.4097438696545,23.81115202335919,38.41510856832388,0.2796167970880851,0.4122209182147701
typewell:4,typewell,typewell,4,ridge_local_long_a10,1.0,ridge_local_long_a10__w1.00,766111,154,160333017.84898734,14.46657205501207,10.688375598407507,21.81484955894671,26.781755131394565,41.611713224626,0.2970899499680138,0.42759603411794145
typewell:4,typewell,typewell,4,ridge_all_views_a1,0.25,ridge_all_views_a1__w0.25,766111,154,121669979.89794287,12.60218553220212,9.86571058564218,18.290825961773365,22.44260996858936,32.72105306238765,0.25531417232165204,0.39001586340359456
typewell:4,typewell,typewell,4,ridge_all_views_a1,0.5,ridge_all_views_a1__w0.50,766111,154,132139485.69213723,13.133196946361585,9.928575535966093,19.482085973652957,23.875581016626302,35.889292455207546,0.25816695509887244,0.39751458691082525
typewell:4,typewell,typewell,4,ridge_all_views_a1,0.75,ridge_all_views_a1__w0.75,766111,154,146845044.8921579,13.844707958762852,10.43035791608377,20.3754157849818,26.412988948536995,39.455450611832894,0.27270271804318613,0.4101641758014908
typewell:4,typewell,typewell,4,ridge_all_views_a1,1.0,ridge_all_views_a1__w1.00,766111,154,165786657.49800485,14.7105509578185,10.805779976231584,22.068448281610742,27.856301587982067,43.20410819439254,0.2929769228216409,0.4243869161585709
typewell:4,typewell,typewell,4,ridge_all_views_a10,0.25,ridge_all_views_a10__w0.25,766111,154,121614687.30970415,12.59932169249541,9.988362324585772,18.062884371989785,21.955252470486,33.061647985551865,0.2593271286462541,0.3906211479910305
typewell:4,typewell,typewell,4,ridge_all_views_a10,0.5,ridge_all_views_a10__w0.50,766111,154,131836412.96744178,13.11812726951004,9.753576906862403,19.48878090481814,22.866663370425293,34.772160249407555,0.26341695823112093,0.397500266936497
typewell:4,typewell,typewell,4,ridge_all_views_a10,0.75,ridge_all_views_a10__w0.75,766111,154,146101704.48278773,13.809622035958602,10.40496242068567,20.90009058710492,24.070952811396218,37.00528356990451,0.2752605307747224,0.4117465222895414
typewell:4,typewell,typewell,4,ridge_all_views_a10,1.0,ridge_all_views_a10__w1.00,766111,154,164410561.85574195,14.649372009130518,11.00341996750946,22.225312861471625,27.540495569271837,39.672865015728874,0.2906213676506907,0.42530978407119396
typewell:4,typewell,typewell,4,ridge_all_views_a100,0.25,ridge_all_views_a100__w0.25,766111,154,119688492.86429186,12.499146262403134,9.774699338147148,18.15649090531109,21.12423501584571,32.12210257593152,0.2627282952264962,0.3911524564645446
typewell:4,typewell,typewell,4,ridge_all_views_a100,0.5,ridge_all_views_a100__w0.50,766111,154,128417352.8775717,12.94690638133556,9.752013851776567,18.96432824726384,21.53653498542166,32.75485094631132,0.26491917298732554,0.3948685051972819
typewell:4,typewell,typewell,4,ridge_all_views_a100,0.75,ridge_all_views_a100__w0.75,766111,154,141623107.54941434,13.59631478034267,10.393024903182662,20.38356579358041,22.36975387772508,34.87399170075348,0.27190489781931,0.40019948758035945
typewell:4,typewell,typewell,4,ridge_all_views_a100,1.0,ridge_all_views_a100__w1.00,766111,154,159305756.87981978,14.420153590244366,10.956752014067433,21.326395769728713,25.29420749906426,44.89154535911691,0.2816489236849788,0.41206290931208933
typewell:4,typewell,typewell,4,ridge_all_views_no_indicator_a1,0.25,ridge_all_views_no_indicator_a1__w0.25,766111,154,121738435.50824279,12.605730239746022,9.847109246603905,18.335124104197142,22.463089051819864,32.71404234139103,0.2555673920278961,0.3905020509587304
typewell:4,typewell,typewell,4,ridge_all_views_no_indicator_a1,0.5,ridge_all_views_no_indicator_a1__w0.50,766111,154,132343019.32759994,13.14330754569581,9.978111713334297,19.390743903526435,23.853391003555107,35.912033811508344,0.2589658596075133,0.39808600961197915
typewell:4,typewell,typewell,4,ridge_all_views_no_indicator_a1,0.75,ridge_all_views_no_indicator_a1__w0.75,766111,154,147250278.9676463,13.863797748895943,10.384493925383712,20.34339258589023,26.413518880895836,39.496146457232115,0.2733874838913428,0.4110183005682898
typewell:4,typewell,typewell,4,ridge_all_views_no_indicator_a1,1.0,ridge_all_views_no_indicator_a1__w1.00,766111,154,166460214.4283819,14.740403631579792,10.746470476737118,22.12459636086172,28.122581317736913,43.265427896740185,0.29366683147553385,0.42475187681986565
typewell:4,typewell,typewell,4,ridge_all_views_original_boost4_a1,0.25,ridge_all_views_original_boost4_a1__w0.25,766111,154,121554162.86180523,12.59618612594816,9.835810960586466,18.085133132521527,22.49145925579429,33.465613948440144,0.257635965806891,0.39141449275361323
typewell:4,typewell,typewell,4,ridge_all_views_original_boost4_a1,0.5,ridge_all_views_original_boost4_a1__w0.50,766111,154,131756658.66279818,13.114158770324417,9.929519049173134,19.374577240714142,23.92497998216012,35.804955350357076,0.26331621931504795,0.40394075273147195
typewell:4,typewell,typewell,4,ridge_all_views_original_boost4_a1,0.75,ridge_all_views_original_boost4_a1__w0.75,766111,154,146044014.91255367,13.80689534012062,10.341812144554442,19.575721669755822,26.874927721718116,39.280283258983665,0.283127751476047,0.41993875081019916
typewell:4,typewell,typewell,4,ridge_all_views_original_boost4_a1,1.0,ridge_all_views_original_boost4_a1__w1.00,766111,154,164416231.61107168,14.649624601293779,10.643837625265203,20.850099407907404,27.950437638812183,42.91747261030992,0.30582978312771225,0.43816625192539993
typewell:4,typewell,typewell,4,ridge_all_views_original_boost4_a10,0.25,ridge_all_views_original_boost4_a10__w0.25,766111,154,121422637.24932119,12.589369537130876,9.973750713816596,17.93433593839764,21.99170298790166,33.45893017116193,0.2606185840657088,0.3916827693899608
typewell:4,typewell,typewell,4,ridge_all_views_original_boost4_a10,0.5,ridge_all_views_original_boost4_a10__w0.50,766111,154,131292945.6814549,13.091061016452095,9.769737193805437,19.250812734119247,22.97476081299736,35.627533032830975,0.2664360719462757,0.40036079124496937
typewell:4,typewell,typewell,4,ridge_all_views_original_boost4_a10,0.75,ridge_all_views_original_boost4_a10__w0.75,766111,154,145047452.80597594,13.759707573705894,10.313557232214333,20.42111529633106,24.5132427268583,38.35052326682859,0.2796576000526696,0.41659755768678935
typewell:4,typewell,typewell,4,ridge_all_views_original_boost4_a10,1.0,ridge_all_views_original_boost4_a10__w1.00,766111,154,162686158.6228843,14.572345290814438,10.894173548901076,21.831221936881622,27.33227560957816,41.518966541822635,0.2966097413682982,0.43275484468280967
typewell:4,typewell,typewell,4,ridge_per_view_ensemble_a1,0.25,ridge_per_view_ensemble_a1__w0.25,766111,154,120196657.88903086,12.525652158110036,9.708345730333013,17.833244309819236,22.130839658667302,34.28896605385536,0.2638918627047356,0.4001750227284267
typewell:4,typewell,typewell,4,ridge_per_view_ensemble_a1,0.5,ridge_per_view_ensemble_a1__w0.50,766111,154,127776490.63319574,12.914560437014885,9.756792787843256,18.32404973391992,23.005642540142503,37.1764764983408,0.2759621718866461,0.41200489584926847
typewell:4,typewell,typewell,4,ridge_per_view_ensemble_a1,0.75,ridge_per_view_ensemble_a1__w0.75,766111,154,138176025.74206942,13.4298295155907,10.247472009004412,19.108677388621448,25.399484526143134,40.5014933648991,0.2942683501025636,0.4306174678095229
typewell:4,typewell,typewell,4,ridge_per_view_ensemble_a1,1.0,ridge_per_view_ensemble_a1__w1.00,766111,154,151395263.21565196,14.057571290785967,10.522288588239707,19.52891730620106,26.79626669669451,44.16531300589057,0.31256133769628675,0.4484835437968597
typewell:4,typewell,typewell,4,extra_trees_all_views,0.25,extra_trees_all_views__w0.25,766111,154,116689233.84610502,12.341545399454652,9.93233394073388,17.882627784752366,21.85560271494862,31.596542162284567,0.2636332945177534,0.39689299726550176
typewell:4,typewell,typewell,4,extra_trees_all_views,0.5,extra_trees_all_views__w0.50,766111,154,124155334.76979904,12.730247393231503,9.840262703416641,18.382543004279427,21.613238336113355,31.574101303582793,0.2676685141562866,0.40106228562058854
typewell:4,typewell,typewell,4,extra_trees_all_views,0.75,extra_trees_all_views__w0.75,766111,154,137834830.28065684,13.413238254427311,10.07825056904986,19.580624790666924,22.346522509919108,33.81690488496326,0.26944919633924874,0.40006514441767765
typewell:4,typewell,typewell,4,extra_trees_all_views,1.0,extra_trees_all_views__w1.00,766111,154,157727720.37867844,14.348554916027766,10.760693329613314,21.549522973514847,24.509557161780233,36.121552098421866,0.2668444315179839,0.40068333038306864
typewell:4,typewell,typewell,4,hist_gradient_all_views,0.25,hist_gradient_all_views__w0.25,766111,154,116407775.83059247,12.326652320138052,9.632983903651049,18.552039331848306,21.869670467599306,33.21397851041034,0.26940310370736303,0.41295825688631604
typewell:4,typewell,typewell,4,hist_gradient_all_views,0.5,hist_gradient_all_views__w0.50,766111,154,124764646.84133257,12.76144701870044,10.176585767168966,19.13611809776016,21.913075330246222,35.425270279139106,0.28373480492938713,0.430550293818062
typewell:4,typewell,typewell,4,hist_gradient_all_views,0.75,hist_gradient_all_views__w0.75,766111,154,140507140.54179513,13.54264046264248,9.880470103076032,19.776907776410045,23.465120792318796,38.427119941512856,0.29426588216583743,0.4422146558126504
typewell:4,typewell,typewell,4,hist_gradient_all_views,1.0,hist_gradient_all_views__w1.00,766111,154,163635256.93198016,14.614790436043675,10.677958178535334,21.469262196681953,25.49294716215024,42.05056107162038,0.29960971406520076,0.4476225548817202
typewell:4,typewell,typewell,4,knn25_all_views,0.25,knn25_all_views__w0.25,766111,154,117688745.03368935,12.394288954326349,9.86310831797083,17.71003605860386,21.612649433198776,29.598027841402722,0.2560363164887373,0.38451480237815633
typewell:4,typewell,typewell,4,knn25_all_views,0.5,knn25_all_views__w0.50,766111,154,128981398.49612324,12.975308479617121,10.617375193615207,18.67202061814331,21.945457420610204,29.850747111687387,0.2572883172468077,0.38729552465547373
typewell:4,typewell,typewell,4,knn25_all_views,0.75,knn25_all_views__w0.75,766111,154,149314487.89687648,13.960633485106047,11.38068396850195,20.113587228449795,25.232359060962928,32.30731109611449,0.2611129426942798,0.39094924610536147
typewell:4,typewell,typewell,4,knn25_all_views,1.0,knn25_all_views__w1.00,766111,154,178688013.2359491,15.272209079765013,12.475705127486407,22.19722565890078,25.961905484444575,39.049480728620274,0.2644065293384225,0.3935551198332208
