well_id,target,legacy_spatial,legacy_typewell,legal_covariate_kmeans,spatial_2d_kmeans,mean_target,summary_ridge,raw_binned_ridge,state_tcn,state_tcn_no_typewell,state_tcn_no_hidden_gr,coordinate_only_control,selected_branch_prediction,permuted_target_prediction
000d7d20,-10.06,2,1,0,3,1.0905120821670664,1.5707737445831298,-0.487964129447937,4.2706083762821905,1.2451457223749842,1.5094705113486095,4.208266878128052,-0.487964129447937,0.03514132499694824
00bbac68,-6.743333333333333,3,3,1,2,0.8343562874925976,2.9167344093322756,8.30708713531494,-0.626768163149317,-1.3355934959344204,0.6758981148596094,6.323970031738281,8.30708713531494,6.057709836959839
00e12e8b,-8.46,2,3,1,3,1.1000253324645786,4.623866748809815,0.013049125671386719,-2.4161083976815476,0.785957861424282,1.853032149942343,1.925898551940918,0.013049125671386719,-5.784846782684326
015fe0d2,23.978333333333335,3,1,2,2,0.7163161788783818,8.000050830841065,4.48337755203247,3.6911635681757446,3.130076210454156,6.121139368692677,2.9947965145111084,4.48337755203247,0.140913987159729
01869cd4,3.4499999999999997,2,1,2,3,1.1899088000270865,12.759208679199219,10.197528171539307,3.8892769014433655,4.370256152020722,4.570832874943489,8.387090301513672,10.197528171539307,-0.026883673667907716
01982c1d,-11.215000000000002,2,3,1,0,0.9433257967539486,-2.3684804677963256,11.349753952026367,0.31949815036591855,0.890218649965691,1.0349910118862886,1.4626038074493408,11.349753952026367,-4.358578300476074
028d7b28,0.8599999999996667,3,1,2,2,0.9395633421087487,8.11323528289795,-4.378480744361878,3.3685510560651393,3.98179628408773,4.4046979090527785,7.5744123458862305,-4.378480744361878,-5.154514956474304
02e7fe5a,18.92,2,0,0,3,1.1710553569690638,5.053270721435547,11.300242614746093,1.7108503057556557,0.5840807831228497,1.9738592002575939,5.171059608459473,11.300242614746093,0.7205983161926269
0390d174,-2.09,3,0,2,0,0.8605855882675755,7.1752424240112305,8.034481048583984,3.429257562254385,2.349270439958509,2.8306692450701365,7.563315391540527,8.034481048583984,-8.28358335494995
03a935ae,-49.59,4,2,1,2,1.0067053343227872,-2.512568473815918,-4.618301963806152,0.18883360578334818,-1.0629227749577277,-0.7162507702649387,-5.272165107727051,-4.618301963806152,-1.4238433837890625
044af7d1,6.86,4,2,3,0,0.8438689610944412,8.48818998336792,0.4576228857040405,4.2044757788961995,1.0785930361911935,4.960896122639389,8.952685356140137,0.4576228857040405,-3.1877070903778075
0498acab,-6.603333333333333,2,2,2,2,0.7109493311004016,3.2716124057769775,6.258817434310913,1.5218347703724404,-0.8561911912114191,1.918736863661064,-0.6175517559051513,6.258817434310913,5.133114337921143
052d64df,9.606666666666667,2,2,1,3,0.9026464288274454,-0.09244894981384277,0.8834844470024109,-2.6113852971172555,0.5094443348896689,0.06610356976321945,-0.32590470314025877,0.8834844470024109,0.07394943237304688
05948241,3.8616666666666664,1,3,0,3,0.9860668084338962,1.7868508338928222,5.092453145980835,-0.027785816629558723,0.5415988359311414,2.6967153029809476,0.12382278442382813,5.092453145980835,-3.169537878036499
059c8f24,26.061666666666667,1,2,2,4,0.7811029206113576,13.767065715789794,6.918297004699707,3.9516789838771813,4.3662542341670925,3.7827434558136694,4.784527587890625,6.918297004699707,1.8802492141723632
05a0ee4d,-31.698333333333334,2,3,0,0,0.9357060433321781,-5.180164623260498,-5.992328929901123,-4.964957160707142,-0.34290841450555887,-0.28487268895482865,0.013536357879638672,-5.992328929901123,5.104491424560547
060ab2b8,15.173333333333334,0,3,0,1,0.9395765333659831,13.04066572189331,2.915355908870697,0.08336862252621487,1.1573145041522048,2.2664702173615603,7.976794052124023,2.915355908870697,0.03260009288787842
06df5958,3.526666666666667,0,2,2,1,0.8444836976285253,7.178829097747803,2.785029149055481,2.0825131692747987,1.2691857325292886,3.4531583912106285,2.018332362174988,2.785029149055481,-1.9432008743286133
071d7b45,13.159999999999998,1,0,1,3,0.5519917724225213,7.5494794845581055,17.947086334228516,-2.9169775879799458,-1.779103883228401,-2.3912429387761196,8.186055088043213,17.947086334228516,-4.391418313980102
0849b4e2,-33.028333333333336,4,1,2,0,1.3359586726483925,-6.368105340003967,9.400769519805909,-0.9923943613296531,1.06944987336873,3.290094876071398,1.240433120727539,9.400769519805909,1.7286267280578613
084d66f9,-23.60166666666667,1,1,2,4,0.9308868588955044,12.117530632019044,-4.643914198875427,-1.670869938173913,-4.729885731217392,0.19569582725643575,-0.6284517765045166,-4.643914198875427,2.8328653812408446
08fecf00,-7.448333333333333,4,1,2,0,1.2654864138057254,-8.225024127960205,2.812073016166687,2.884025221002744,1.3876083393183596,0.9958048222147081,0.8240576267242432,2.812073016166687,2.0074958324432375
09053135,11.078333333333333,2,1,2,2,1.0035726621808525,-2.40554141998291,2.737078547477722,0.9376566023713551,2.907538269077556,2.952647229686641,4.195710754394531,2.737078547477722,2.6222326278686525
09441b8d,-6.87,0,2,1,1,1.3730929756569203,-7.787619018554688,-4.537475490570069,1.2089435232371135,1.5436423949375144,0.3606246249115559,-3.93251485824585,-4.537475490570069,0.9980937957763671
0955cd6c,-10.85,4,1,2,0,1.0617712376112665,5.16632046699524,19.580272483825684,1.694821877500099,1.4178581884533807,1.3993912979581433,-1.8871882200241088,19.580272483825684,-1.242086362838745
09ec2ca9,-10.49,3,4,4,0,0.7220194952393628,-9.80191249847412,6.84572286605835,-0.17420160149525676,-2.813211823835569,-3.2867421256958407,3.1459248542785643,6.84572286605835,-6.868665885925293
0a57a29c,14.700000000000001,0,0,0,1,1.0907656029806383,-1.1570784091949462,6.934554576873779,1.4568582983635383,1.4155299796719214,3.0405253559487435,0.3157827377319336,6.934554576873779,1.85764582157135
0bbf5e67,-20.89,0,2,2,1,1.1803150864530045,-13.612243258953095,-17.131501770019533,-2.371396753101411,-0.8883905938439642,0.7384241063022762,-5.920787334442139,-17.131501770019533,4.685490465164184
0be01c24,6.588333333333334,3,3,2,0,1.0447581218219684,8.201563167572022,6.78700213432312,-2.9771233959986634,0.22437072329573943,0.7235488282720611,5.6350678443908695,6.78700213432312,8.986588954925537
0c1b160c,-5.598333333333334,2,4,3,3,1.0729965514752977,-4.281484127044678,-2.6620731592178344,2.420359849220186,-0.16620369482098277,2.943469562325283,1.9675668239593507,-2.6620731592178344,-1.7880168914794923
0d99f8e4,-10.68,0,0,2,1,0.994775572646817,-5.102696800231934,0.7929340600967407,2.485928686357815,1.1146765017224805,1.021867249474194,0.7917067050933838,0.7929340600967407,-3.846705174446106
0dc5e64d,53.40999999999999,4,4,3,0,0.6163200658936224,19.362030029296875,10.453850173950196,2.734099348762548,1.0481987972345759,1.9645722441954896,9.111057090759278,10.453850173950196,3.7461712837219237
0dc835f3,-19.49,2,0,1,0,0.9934063210861783,1.922687816619873,-22.65121421813965,-2.162710101560794,-2.4978358087894796,0.0032897026643536444,-8.71138801574707,-22.65121421813965,-2.137157440185547
0dd99dc5,-0.26000000000066664,3,2,0,2,1.1879196572002684,3.4222017765045165,-7.721757555007935,0.12066844141772926,3.156346747034101,0.422200142293236,0.1336045265197754,-7.721757555007935,2.3570553779602053
0e5e560d,-6.72,4,4,4,0,0.9507917058161208,5.230249404907227,3.6638533592224123,1.5961669001603416,1.958459561736852,1.0878394888419205,4.6474573612213135,3.6638533592224123,3.8945961952209474
109d9d70,22.7,4,0,0,0,0.9132322489045762,2.692574691772461,1.919222068786621,-0.3851013941572762,0.04667111508205033,0.026740207411735238,-0.7024750232696533,1.919222068786621,-3.580699062347412
10a1281a,4.82,0,1,1,1,1.3610416798161857,2.6507898569107056,14.818103408813476,-0.09573424159722047,-2.7866694188591423,-2.211199341751011,-1.4266249656677246,14.818103408813476,1.8754682540893555
10b89021,-4.329999999999999,2,0,0,3,1.136049811337995,2.089026927947998,4.690658950805664,-0.05282354522298886,-0.7585939154843346,0.8300952521712525,-2.512128210067749,4.690658950805664,3.1353404045104982
10be2420,-19.668333333333333,1,3,0,3,1.1601253244465919,-6.4582311630249025,-5.159675288200378,-0.6877859622193643,0.22423309830813162,3.195833243150556,-2.455099105834961,-5.159675288200378,5.005698156356812
113011eb,-0.09999999999874999,3,0,2,2,1.1882294670163671,0.31133798956871034,12.16481647491455,1.9530495086269082,0.924470200886463,4.1950194649455215,6.126764583587646,12.16481647491455,-1.0884994506835937
1131525f,23.041666666666668,0,2,2,1,1.0025293408672273,0.45934984683990476,11.250215911865235,2.6812662901833186,2.0299757783533487,3.507708114777652,3.624898672103882,11.250215911865235,-1.1553494930267334
11d0f5ac,22.62,0,1,0,1,0.8523775477765669,1.5518929958343506,-2.196316993236542,-0.2675493796541225,-0.4659720769320784,0.4938221699592461,-2.8639057636260987,-2.196316993236542,0.8902890920639038
12203f2a,-2.59,4,1,1,0,0.987917867371789,-1.608159112930298,4.07968385219574,0.2696948696354229,1.2135607915340958,-1.3462892041169525,1.5588268041610718,4.07968385219574,6.150821304321289
122bd617,9.496666666666668,1,4,0,3,0.6350717696606599,3.8396620750427246,0.16566915512084962,-1.6816873992230015,0.3320163105902467,0.026702076319637412,6.567405700683594,0.16566915512084962,-3.6092384338378904
125be846,-22.3,2,0,1,0,1.2955916141152357,-0.5627532958984375,-6.24428882598877,-0.22837773793780586,-2.4173271348298506,-1.8436285142425564,-3.321527099609375,-6.24428882598877,1.4027836799621582
1285a37b,-4.19,4,3,1,2,1.2649092123246597,-2.722447371482849,-1.8610923767089844,-4.799056650667357,-0.31681444904134254,-1.7009124593612133,0.298335599899292,-1.8610923767089844,8.028102779388428
1295a25b,-6.72,2,2,2,3,0.8543669093231052,5.7342606544494625,8.593642616271973,1.3261430520538662,4.204265649576103,5.17337940073234,5.038508892059326,8.593642616271973,-0.4232652187347412
12f0cd90,-11.22,3,1,2,0,1.0135152013229067,13.313517665863037,15.815637016296387,4.281771410857855,7.069414016390615,4.427491763036703,13.329177856445312,15.815637016296387,0.21165807247161866
137d1e44,28.28,4,3,0,2,1.0704478661837087,-7.382722473144531,6.474523639678955,2.7033997526064346,2.766465641431869,1.7457309039625604,5.917619514465332,6.474523639678955,3.679177188873291
13ce113d,9.64,0,2,1,1,0.8817367097575628,5.174610996246338,-9.542523670196534,-0.43655915641485044,0.17000367166445654,3.3930070066216955,1.0847708702087402,-9.542523670196534,5.4353625774383545
13f598d9,18.069999999999997,3,1,0,2,0.7100395061153778,1.341693377494812,1.3813990592956542,1.212776303816576,1.6902765250600205,1.270432164161375,1.394207501411438,1.3813990592956542,0.5076555967330932
14a53cb3,11.788333333333332,0,4,4,1,1.0097627260511695,2.2567442893981933,0.9296648025512695,-0.1725039084111098,-0.16780784733254403,1.4883076956882344,-0.18711490631103517,0.9296648025512695,2.917887258529663
14ab73fb,-30.338333333333335,0,3,2,1,0.8181842342301874,-1.8066052198410034,-2.256738305091858,-0.7202250853241038,-1.7680417284464145,2.3263429360307897,-1.1912442684173583,-2.256738305091858,-3.231963300704956
14ad5efb,3.3966666666666665,3,1,2,0,0.983042871294668,3.0397219896316527,6.82597336769104,5.247015966975097,6.821689490745888,7.053958985777794,11.00041389465332,6.82597336769104,-2.5720747232437136
14fee784,7.493333333333335,2,0,0,0,1.244925456906777,0.4770800113677979,-10.911373043060303,2.0517180835340905,-0.8390528752956733,0.8327083556395853,-0.6280947208404541,-10.911373043060303,1.8511541366577149
153552f5,-7.230000000000001,3,3,1,2,0.9925992347539705,-2.071369099617004,-0.49749853610992434,0.003798041652182604,-0.7449320323904356,2.3863413795168986,1.4796531677246094,-0.49749853610992434,-4.479482936859131
1550491d,-16.208333333333332,3,0,1,0,0.9303242826183782,-1.2145174503326417,-7.010442066192627,-3.8510376891245195,-3.647218190880138,-1.60046650610968,-10.8383544921875,-7.010442066192627,1.8829308986663817
155887bb,26.610000000000003,3,3,1,2,0.7841675253806845,4.723503947257996,1.5775547981262208,-1.868457481799592,1.7823791806437712,2.55827825351374,7.602443599700928,1.5775547981262208,8.69732961654663
1590af81,4.6883333333333335,2,0,1,2,1.0348814087398652,-2.4852450847625733,-2.751465892791748,-1.4183685069468017,-1.918157340463186,-3.359677734000992,-0.17632999420166015,-2.751465892791748,5.298104763031006
15e154a1,17.62,2,3,3,3,1.109339680451961,11.498549842834473,9.563845348358154,-0.40210120658101733,-0.10338909042511908,0.43223211884585117,2.921681785583496,9.563845348358154,3.58264274597168
1619e2ca,4.91,2,1,2,2,0.8019138220131081,2.4019949436187744,7.4422886848449705,-0.7002578179906188,3.597227818529343,3.730617384847536,3.384230136871338,7.4422886848449705,3.8184343338012696
16e4a047,-8.498333333333333,4,2,0,2,1.272366980413537,17.03648681640625,13.153353691101074,-0.4974309759078771,1.1401596846647568,2.9518844801222004,10.920831680297852,13.153353691101074,-0.324611234664917
173ed841,9.61,4,3,0,2,0.6873528345291012,11.769232368469238,-2.055164337158203,1.0513601081861081,0.3165275640266133,1.875694892437465,-4.770876455307007,-2.055164337158203,-0.08115682601928711
1770d7c6,-9.25,4,2,1,2,0.5740616627123072,5.219134569168091,-3.459820365905762,-3.3840144064372573,-3.0402993760484898,-1.5545866631852312,-0.23332750797271729,-3.459820365905762,-0.6354144096374512
177622d7,-7.176666666666667,3,1,0,2,1.2255918498555072,-7.0049642562866214,-6.401177191734314,2.586310453357412,3.5447633104219323,2.809351459687451,3.844364070892334,-6.401177191734314,1.9079341888427734
18d24f7b,-14.03,0,1,1,1,1.299561118946551,-7.229169654846191,-8.614551544189453,0.9687611127299615,-0.34051888574025946,-0.02731680528020064,-2.947377109527588,-8.614551544189453,1.705711555480957
19137a89,39.74,3,4,3,0,0.9458032677424584,28.31605644226074,34.591029739379884,2.762506822728038,3.488569847451147,4.476879298883721,6.418419265747071,34.591029739379884,1.973106288909912
1944513c,9.333333333333334,3,3,1,0,0.7350656031668314,-3.6761863231658936,-5.771409857273102,-0.5423806727069351,0.09696331328744154,0.4514448139124676,-0.4987465858459473,-5.771409857273102,-1.2459960460662842
197f8a5a,3.7183333333333333,0,4,4,1,1.1229501718481185,7.846540832519532,-1.8860106468200684,1.3678028281586392,3.1388091101567688,1.154024181984312,0.2588344097137451,-1.8860106468200684,7.24758620262146
19871e7f,-5.97,3,2,1,2,0.9828697390322967,6.302633953094483,-1.1812899351119994,-1.3543590191908823,-0.21314686989623083,-0.3426081621603761,-0.7568100452423095,-1.1812899351119994,2.4686687707901003
198a5607,5.338333333333334,2,4,4,3,1.1565626799708675,5.309892237186432,11.279701042175294,-1.6142971227610565,-0.2961083807855721,0.7034542840094152,-1.3319166660308839,11.279701042175294,2.0617793083190916
19fb4f7b,-10.68,4,4,1,2,1.1017373960310977,-7.67105188369751,-7.321239566802978,-0.7854769630727314,-0.941726088594607,-0.8342398869750056,-2.6928757667541503,-7.321239566802978,6.144095993041992
1a518997,14.736666666666666,0,1,2,1,1.23744622184769,-0.8923014163970947,7.463199138641357,-1.0440416503756307,1.101048629150317,3.133032507434526,-0.8280648708343505,7.463199138641357,4.0652087211608885
1a68190b,7.62,1,2,2,1,1.0995465844304022,-5.8442364692687985,-4.517115378379822,0.9961481007978714,2.848915131411624,3.000657840250328,-1.4045541763305665,-4.517115378379822,4.357183289527893
1a730ac2,13.906666666666668,2,0,2,2,1.182292784810174,1.7001702308654785,7.1957597732543945,5.675931486114692,3.8105872909032996,3.7466570070932748,15.294312286376954,7.1957597732543945,6.256525230407715
1aaf1da0,14.801666666666664,3,3,0,0,1.0888475535843039,1.2842891216278076,2.2790506362915037,0.46474398891580276,1.6453498683888164,1.902787522113472,0.627465033531189,2.2790506362915037,0.3202811241149902
1b08ed48,-12.87,2,1,0,3,1.1460415553258585,-1.9786725044250488,-9.789275360107421,-1.5644687610363583,0.5166521410729328,0.7325395795869625,0.22676973342895507,-9.789275360107421,3.038461709022522
1b1c5372,-25.59,3,0,2,0,1.2039125528323633,-5.008852815628051,0.004074525833129883,6.354412328610559,3.9089633696032697,3.088168659141428,12.027154541015625,0.004074525833129883,-5.054609966278076
1b1eba53,70.96,4,3,2,2,0.8593553473967678,27.927094554901124,-1.0801129579544066,0.07437425056800548,1.3542898053373018,2.6121591107491957,-6.384212398529053,-1.0801129579544066,-4.525090503692627
1b6ba517,5.13,1,4,0,1,1.0570732787085249,-5.46461033821106,-9.879998779296875,-8.264845984805907,1.3125064546740777,-0.8341886282590737,-2.8811594963073732,-9.879998779296875,1.3496430397033692
1b82b665,-7.886666666666667,3,0,2,0,1.144930645086865,-1.9955350160598755,6.706228876113892,2.9208163991710294,4.990136671347779,3.366411122328027,1.1306770324707032,6.706228876113892,-4.259282064437866
1bcb2fcf,13.138333333333334,4,2,1,2,1.000142420424797,-6.34021635055542,-7.272683072090149,-0.24575451215821786,0.3653447599909173,0.9715971228174546,-0.6813372135162353,-7.272683072090149,-0.5202912807464599
1beca81d,-3.0316666666666663,2,1,2,3,0.7009143958801743,1.097282385826111,3.901956570148468,-0.6857480293261282,2.933322236925554,2.438976463745164,0.9742984533309936,3.901956570148468,3.4757134914398193
1d3fbf02,5.27,2,1,2,3,1.1815310023342664,-0.9795770645141602,-5.180430388450622,3.4592988451604065,-0.10815537677686082,1.4813065265477647,-6.159964847564697,-5.180430388450622,4.025109958648682
1d78281a,6.509999999999999,1,2,2,1,1.233709281874702,-0.5821504354476928,-8.425314331054688,2.2595179895922164,1.4924747945423023,3.833483611103138,-2.265961456298828,-8.425314331054688,5.000371313095092
1e30dedf,0.161666666668,2,0,1,0,1.1008923862535898,4.889480400085449,-9.907832264900208,1.756457703385553,-3.5485923405231707,-4.857061000913953,-18.517427825927733,-9.907832264900208,5.092465734481811
1e5e3573,12.64,4,1,2,0,1.0342816560237194,1.8434945106506349,1.2937646389007569,0.333001088576302,1.9234198406813596,3.1471159016738257,4.047906494140625,1.2937646389007569,0.2352600574493408
1f9afacb,0.9900000000006668,3,2,0,2,0.8014651693635935,-2.67842321395874,3.438539004325867,-0.385354336470807,-0.5713188989350039,-0.9058398127206562,2.629921579360962,3.438539004325867,0.1164477825164795
1fdbba44,11.278333333333334,1,0,1,1,0.7097490269444569,-1.2376100540161132,-2.627187657356262,-2.512057206644694,-5.156451343740469,-4.401995840495931,-4.477738285064698,-2.627187657356262,-3.371236729621887
1fee2b62,3.65,3,2,0,3,0.8186633063384562,-7.816711139678955,-6.24301655292511,0.7833291624083979,0.3102362295634977,2.786278844060996,-2.003228187561035,-6.24301655292511,2.6066543579101564
20096916,3.641666666666667,3,3,0,2,0.7520570686754425,13.705864143371581,-1.5634115934371948,2.208513355898706,1.027687004711596,1.0535324032862632,7.949593925476075,-1.5634115934371948,2.75830454826355
200d233d,10.004999999999999,4,1,2,2,0.9003307905218456,2.1790751457214355,-1.968622088432312,-0.8185810845417876,3.0287314817594706,3.767178362123418,-0.6055952072143554,-1.968622088432312,7.741065120697021
201661b5,3.1999999999999997,4,1,1,0,1.3793576767321896,-1.6965788841247558,1.0868809342384338,-0.18951431122858028,1.731384616459985,-0.47158689194484005,2.2087071418762205,1.0868809342384338,-3.1186805725097657
203721ab,1.5416666666666667,0,0,2,1,0.9085882201050623,-9.154927158355713,-19.784082984924318,1.9252387123370185,-0.47861843321405856,2.5783106783048577,-8.866527843475343,-19.784082984924318,1.4061145544052125
20402d71,-15.478333333333337,0,4,4,1,0.8912962882585098,0.268703031539917,-11.101577377319336,0.8986683672492948,-0.1880868087159449,-0.4113036754756731,0.901478624343872,-11.101577377319336,3.8834227561950683
2043abc5,28.67166666666667,2,0,0,0,0.914584952198149,-3.0270256996154785,-3.1330195546150206,0.017419627888637556,1.6051893351545814,4.295773779062209,2.0812281131744386,-3.1330195546150206,5.701691508293152
204cc64b,-14.86,4,3,1,2,1.1932939107631302,2.740579891204834,13.901489639282227,1.2299615017025178,1.282082548224071,0.5098863222717607,2.283382248878479,13.901489639282227,2.037655162811279
206b6193,-70.07,2,1,1,3,1.183660541143838,-12.394053173065185,-4.133918952941895,-3.0518331993552055,-4.223611681928305,-3.377795648081218,-3.743152618408203,-4.133918952941895,-1.69728741645813
2075c696,24.49,0,3,2,1,0.6008996087226489,12.205555725097657,-9.440888786315918,-1.2645059006082342,1.4539672560414831,3.029366530745479,-3.1486259937286376,-9.440888786315918,-5.595900440216065
22c5f93f,-9.988333333333335,3,4,0,2,1.093153334523582,-2.110750138759613,-9.90860710144043,-0.6028425726930505,2.8805776391507703,2.5117676459099907,6.518117237091064,-9.90860710144043,4.301418399810791
230eaaa3,53.98500000000001,2,2,2,2,1.0482394479479828,6.426267051696778,-4.994841837882996,2.318298976744881,1.3629398884906117,2.2492789652978677,-4.034258556365967,-4.994841837882996,0.07427501678466797
2364716c,19.01666666666667,1,3,3,3,0.9411677154833878,7.767611312866211,-2.540778970718384,2.8671587053089973,1.8250766840781694,1.9435152101513933,0.42136712074279786,-2.540778970718384,3.951104164123535
23b9beb0,5.53,2,0,2,3,0.8551364606022949,4.336963367462158,3.6344915628433228,2.415040990166905,5.431354255038238,5.824476113546222,2.587431478500366,3.6344915628433228,-3.5045512199401854
24d8997e,5.138333333333333,1,4,4,4,0.910790867747114,7.867483425140381,-0.6761894941329956,-1.9764468616309199,1.3985760030373284,0.9242027262254165,0.8045761108398437,-0.6761894941329956,1.0545737743377686
25050f63,39.106666666666676,0,4,4,1,1.158288365132061,34.62118911743164,15.09389579296112,0.7891515618445085,0.17298806719409968,0.3100842921057772,28.67515411376953,15.09389579296112,-8.95591630935669
25939962,1.9266666666666667,4,3,0,2,0.9308868588955044,-3.1779871940612794,6.897097539901734,0.18807915656110974,2.5597470271468183,2.3036057022515983,-0.1968306541442871,6.897097539901734,1.9617316246032714
25fd32b3,2.811666666666667,1,4,3,4,1.0107085158811735,5.709655094146728,2.4596150398254393,4.151815125449012,4.234110307384662,3.7382092611918845,-0.32564702033996584,2.4596150398254393,2.809125232696533
261785ee,-28.19,2,2,1,2,0.806034538388442,-3.3826945304870604,-4.326533770561218,-1.900454240204224,0.2798614439332791,-0.8919461862458604,-2.7398354530334474,-4.326533770561218,-4.172749662399292
264feceb,-9.308333333333335,0,1,1,1,1.3015940909664478,-10.740326309204102,-0.7940602779388428,-1.5722605414957946,-0.24506903973478594,0.12010071656603945,-5.210978698730469,-0.7940602779388428,1.4363317966461182
26623a50,-16.338333333333335,3,3,0,0,1.0905120821670664,-4.7894127368927,-7.807665824890137,1.5883396233304232,-2.337626937048151,-0.397126027129001,-8.275900745391846,-7.807665824890137,1.0796574831008912
26d3a96a,-22.95,4,3,1,2,0.9709825011586247,-5.3450652122497555,8.060262775421142,-0.19909424390861172,2.1076220072070972,2.6371598076202964,1.0599088191986084,8.060262775421142,-2.176123833656311
272abef3,-1.6916666666666664,2,0,2,2,0.7924141188331915,-0.5092061042785645,7.887853670120239,3.5622312938107363,1.7149155486076555,3.8387237975129587,-4.42679386138916,7.887853670120239,0.2562992095947266
27300fd5,6.3,4,3,1,2,1.1274658127528099,0.5411586999893189,6.346027374267578,0.7165864405828974,-1.3618322181206008,-1.6199722836807733,3.4955727577209474,6.346027374267578,-2.6089490413665772
276b012a,11.14,4,1,2,2,0.7204413347086748,23.477423858642577,22.108254623413085,5.2740506012350075,1.915583868675904,4.268744240264286,21.426787185668946,22.108254623413085,0.04605093002319336
27c3155b,-18.2,4,4,2,2,0.7934659695123931,-6.465851211547852,-2.005468797683716,-0.7744496189933788,-0.02410661438156083,-0.3724381551041393,-5.500668716430664,-2.005468797683716,-5.680066013336182
27ebb9b9,1.58,1,4,1,1,0.8905982678958295,-3.9380396604537964,4.942099857330322,-4.8915474957153195,-1.1631932061055843,0.7704985350816413,10.038361549377441,4.942099857330322,-4.569362020492553
283269ac,-0.22666666666566668,2,2,0,3,0.7220194952393628,5.757583332061768,-1.7851468801498414,1.0326638578331495,2.0088481944746306,2.156933861418255,3.0950307846069336,-1.7851468801498414,-6.073549747467041
28473855,14.22,2,4,1,3,1.3211560374065328,-3.7492396235466003,1.1777174949645997,-1.9165456989793175,-0.5739242600360034,-0.8140295749631525,-0.3599351406097412,1.1777174949645997,-1.080034065246582
28f4eda9,17.069999999999997,0,4,0,1,0.8731264128115278,7.887551116943359,-2.7084715127944947,-0.1452629203002127,0.00714042197746787,-0.33006579532300473,2.2781938552856444,-2.7084715127944947,-1.8068971633911133
29b24409,16.42833333333333,0,1,0,1,0.6350717696606599,-0.46119322776794436,1.8230194807052613,1.6281458779538451,3.394414521400827,1.5745871247905132,0.3021212339401245,1.8230194807052613,-1.2124916553497314
29de15c8,1.3916666666666666,4,0,1,0,1.1563032218200373,-1.4634150743484498,0.9402498722076416,0.8592539533998604,1.5812067392186806,1.8754611228715306,6.125662517547608,0.9402498722076416,2.1269758224487303
2ab29395,1.5866666666666667,3,0,2,2,1.109339680451961,-0.47097220420837405,0.4509222745895386,2.867565853971846,2.3531459270656634,5.042052528015292,4.735389375686646,0.4509222745895386,1.9403765439987182
2ac7cb6b,-46.64166666666666,2,0,1,0,0.9436896623382411,-13.153362464904784,-14.18497543334961,-2.3966942931744697,-2.976994135495862,-1.4257124653581066,-2.027619647979736,-14.18497543334961,0.36812534332275393
2acc78d4,5.5183333333333335,3,4,3,0,0.9828624071540817,9.807436084747314,0.24780311584472656,0.6395992251554052,1.855301369973671,3.5086765043252135,-0.4855666637420654,0.24780311584472656,3.189780330657959
2b034622,-6.3,0,0,1,1,1.0545528552439662,-8.246821880340576,-5.521831226348877,-4.083890399143166,0.28822242575103163,2.6494840619686437,-5.521429538726807,-5.521831226348877,3.424280023574829
2b06ad65,-0.5983333333333333,4,0,1,0,0.7112845946676366,-9.406884384155273,10.121596813201904,-2.1427866914592726,1.012187087161929,0.4482284141120957,-0.11884841918945313,10.121596813201904,6.338979244232178
2b547943,14.218333333333334,3,3,2,2,1.2614166871039978,7.612361431121826,-4.118682909011841,3.130551206110225,2.878259105236246,3.400712365805732,-1.937220859527588,-4.118682909011841,0.15342435836791993
2be5c96a,1.11,3,3,3,2,1.0722270001961083,2.6181998252868652,-1.6029286980628967,1.6448801999626248,-2.5038854154770207,1.1923638613957377,3.9102025508880613,-1.6029286980628967,1.1503774642944335
2bff06cf,13.950000000000001,1,1,0,4,1.2646403603807042,18.076341342926025,5.908578872680664,0.6398271846461929,1.751614470963751,1.2071379711577048,1.3718392848968506,5.908578872680664,2.1506039619445803
2c0c4a4e,12.656666666666666,1,3,3,3,1.274919023106992,0.7591046810150146,7.476164531707764,3.3954249846201385,3.134379281336824,2.269592291852894,2.048002243041992,7.476164531707764,-1.3878829956054688
2cee0cba,11.401666666666666,0,3,2,1,0.8444836976285253,-10.268168449401855,-13.506177139282226,-0.37690779538245495,0.09115855808330249,3.164177968766289,-3.0364870548248293,-13.506177139282226,2.3206108093261717
2d0c268a,-15.658333333333333,3,3,1,0,1.1272540883748605,-12.393352127075195,-6.836187255382538,1.0188086116471176,2.834595696353665,0.3867148713036753,-4.548806095123291,-6.836187255382538,-4.302840232849121
2d179ded,-1.84,0,2,0,1,0.8323048187547044,-2.882393515110016,-6.3605852127075195,0.8192251111698307,2.0700668056263303,1.0438170484596636,1.750360870361328,-6.3605852127075195,2.822173523902893
2d196986,-18.491666666666664,1,4,4,1,1.1373188950555821,-2.9776732444763185,2.5740684628486634,-0.5752513352822531,-2.5039448042957413,-0.6154393152416645,-0.22293949127197266,2.5740684628486634,2.9611724853515624
2d2d0c6b,5.911666666666666,1,4,3,4,0.8933488815521748,4.558490848541259,-9.101484298706055,-1.188340606626844,-2.0149239440182276,0.5806137618513558,-4.598431968688965,-9.101484298706055,0.5591562509536743
2d35f86d,10.68,3,3,0,0,1.2059300511163162,-5.116242551803589,-0.7992953062057495,-0.6251637609208274,-1.632923532295608,0.9698000975907132,-3.310654640197754,-0.7992953062057495,-4.01796178817749
2d9f6cb9,11.950000000000001,3,0,1,2,0.681298661559578,-4.121586513519287,-17.99690933227539,-10.138786834514013,-5.013532833397894,-4.394525131059844,-16.186996459960938,-17.99690933227539,-8.985571384429932
2ddad940,-7.340000000000001,2,2,2,3,1.0743710931782413,2.191045713424683,-10.030134773254394,3.760598176051393,2.494639165913736,1.7301411361558408,-0.06694655418395996,-10.030134773254394,2.6973573684692385
2e29e833,2.1166666666666667,4,1,1,0,1.2249143456581553,-6.90932331085205,-17.52189712524414,-1.9625013227973795,0.06404003130597005,1.9133365523699255,-1.0503560066223145,-17.52189712524414,-3.17536940574646
2e43c2ea,6.818333333333334,1,4,4,4,0.8990201905149684,-3.5916178703308104,-4.532817721366882,0.9703479297248319,1.8992375661988419,2.466157603213542,-1.8209404468536377,-4.532817721366882,1.7138359546661377
2e63d9de,-16.465,4,3,2,2,1.194469390318039,-5.924688196182251,6.706589651107788,2.2164053030081723,1.8435917447396073,3.101295921565975,5.234338712692261,6.706589651107788,0.9503266334533691
2ee0235b,4.09,0,1,1,1,0.42856414603675497,-5.393996143341065,-9.563598346710204,-1.9110406826544264,-2.835228590993078,-2.768222582110492,-7.01621789932251,-9.563598346710204,-0.14449653625488282
2f19d536,-7.89,3,1,1,2,0.9261784567945149,-4.793157052993775,-16.733763694763184,-1.7068637802876296,-0.2584302450613426,0.7496822853382022,-3.61610107421875,-16.733763694763184,-2.482290840148926
2f8e53c3,-7.883333333333334,4,1,2,0,1.1625679228953065,-3.1964391469955444,4.5866485118865965,1.5064023735151038,3.069968944689223,4.791811861523108,0.30622928142547606,4.5866485118865965,4.513978385925293
2fa01aa6,-32.38,4,2,2,2,1.1651084570594925,-14.15670804977417,2.979075527191162,0.6880128809164863,1.8200608976803239,2.3650610045119382,4.716158199310303,2.979075527191162,-1.6127706527709962
2fd68f7b,63.754999999999995,3,0,2,0,0.8761967297172111,19.47270812988281,8.44594078063965,2.592726424549749,3.233425654413092,1.5930965969785391,8.200846862792968,8.44594078063965,5.454821348190308
2fe023be,-17.41,2,2,0,2,0.602817729890628,0.725991678237915,2.7091860294342043,0.18899213110759164,-0.38970523772596277,1.0964835789341103,-1.840390682220459,2.7091860294342043,-3.592510461807251
30d75030,-45.949999999999996,2,1,1,0,1.1546628504933676,-1.5557499885559083,-2.317176914215088,0.15144744161077134,-1.2740148387802583,-0.7741144080217206,2.085424852371216,-2.317176914215088,-3.5020027637481688
310c71a5,-14.211666666666668,0,2,1,1,1.092750746292662,-10.67326078414917,-2.16905300617218,0.47262752696582044,-1.5917070557420705,-0.2509519765399792,0.5010005950927734,-2.16905300617218,7.994121122360229
32fe84c9,-31.349999999999998,2,2,2,3,1.1699516366614948,-18.919510650634766,-13.235123252868652,1.2594159628780952,-0.3406519477443359,3.6586518776512014,-2.4203530311584474,-13.235123252868652,0.2723890781402588
33c40295,9.96,2,2,1,3,0.8643724923038881,6.734067344665528,2.9044607520103454,-0.9506908641432238,0.07066587732687805,0.5273722909998766,1.1357712745666504,2.9044607520103454,0.9755807399749756
3407f5bf,-68.93333333333334,1,0,2,4,1.1913087674511065,-12.14503231048584,-5.284173011779785,1.8642730682223907,2.628962416797859,3.837892617002909,-1.0214458465576173,-5.284173011779785,-0.5316976547241211
3417285d,32.43333333333333,2,0,1,3,0.8478586234955919,6.98124475479126,5.717667365074158,0.613062631317947,-0.03435360660865698,0.34807189476874684,7.973285675048828,5.717667365074158,-0.24452762603759765
347242c8,2.4883333333333337,4,1,2,0,0.8095236678940585,2.172724390029907,-0.7390670776367188,0.8205894895314241,2.367643373659354,2.7673899401497204,1.6610002994537354,-0.7390670776367188,-1.4509614944458007
353e5502,-0.9416666666666668,1,4,4,4,1.2771722365702387,-7.701944375038147,-4.650423979759216,0.06499851229024785,1.3112767957347775,1.864911574160147,0.6527046680450439,-4.650423979759216,1.7583666086196899
357c12f9,3.4149999999999996,1,3,1,4,0.8891145356265806,6.267788124084473,-1.3694488883018494,-2.1028188111157866,-0.8296165278264531,-2.55544223272348,2.243253707885742,-1.3694488883018494,-0.4923642635345459
3584a6eb,-9.32,4,3,1,2,1.0360621894495072,0.6422488927841187,6.188175821304322,1.4173044976170437,2.951179677792555,2.446430151883676,7.780659961700439,6.188175821304322,6.946012258529663
35b30c7f,-16.583333333333332,1,2,3,3,0.9746136982259486,-9.850338077545166,-3.248188090324402,5.273244121439166,4.098212063549876,3.6819719157893203,1.7414676189422607,-3.248188090324402,1.8299451351165772
35b3ef6a,-37.135,1,1,1,4,0.9048362389407227,-13.139649963378906,-11.138218688964844,-1.8217789249885243,-1.8211549795518553,0.5644542343155454,-6.191845321655274,-11.138218688964844,5.446451187133789
367456ce,23.349999999999998,2,2,3,0,1.0618022586313576,10.729148674011231,10.542331790924072,2.9548226437987086,3.3093894719312886,2.7432523648599636,6.028699970245361,10.542331790924072,8.523403930664063
368131f9,24.47,3,2,0,0,1.1100309154453616,0.9196835637092591,2.6030901193618776,3.141529617978347,0.46444554499916463,2.295161551260814,1.6756850242614747,2.6030901193618776,1.6635066032409669
368fe682,10.786666666666667,0,2,1,1,1.2137073141813126,-0.9803219795227051,-13.498114013671875,-0.14561917552334008,-1.0205111509549436,-0.3510700800864995,-2.2441226959228517,-13.498114013671875,-6.925758934020996
3690a146,10.136666666666668,1,2,2,1,1.299561118946551,2.457169437408447,-8.493665599822998,2.986150884060764,2.7880663399702263,2.2019566228854663,-3.5967284202575684,-8.493665599822998,1.6627360343933106
37344c2a,10.674999999999999,1,0,2,4,0.8758579816556227,11.156810760498047,-15.709465408325196,1.7249246692488007,0.17596273755418174,2.770770190684594,-6.3514941215515135,-15.709465408325196,-1.166220235824585
373ef48b,3.9616666666666664,0,0,2,1,1.1599521921842204,6.454909706115723,-0.5539193630218506,2.0106135880446425,1.292215829020313,2.3360597052612504,1.7623260498046875,-0.5539193630218506,-0.22335596084594728
374be387,-9.019999999999998,0,1,0,1,0.8077298704388627,-2.3676331520080565,0.2128918409347534,-2.0874961537699672,3.4348428319768542,3.7570546324469944,-0.29145653247833253,0.2128918409347534,-0.7477222084999084
37d36812,32.62666666666667,4,3,1,2,0.956570275633959,3.74140043258667,4.040284991264343,0.37291991649660367,0.9980485400327206,0.5310530680189605,6.23487434387207,4.040284991264343,0.7289729595184327
38991fd4,-12.08,1,2,1,4,1.004058856360614,2.1242116689682007,3.5438584327697753,1.083897250958024,-1.468874387002146,-1.4328349942599115,-2.960787296295166,3.5438584327697753,7.871829414367676
389ae58f,51.75,2,3,2,3,1.044637660860375,21.124198246002198,6.161070871353149,2.5135758658805503,4.302580253453341,2.213218984585306,0.7651551008224488,6.161070871353149,10.470945882797242
3932faa6,-3.09,1,4,0,1,1.055638786813331,12.758887195587159,-1.3778417348861693,-2.9584776863629765,1.9203947273561055,-1.153619680619169,2.917837715148926,-1.3778417348861693,6.642371273040771
398dce4b,13.816666666666668,1,3,0,3,0.6818576847330217,-1.9273138523101807,6.19469723701477,0.9491432036525433,-0.035377753982654615,0.36040861188881007,1.0306823968887329,6.19469723701477,-1.5871885299682618
39b51819,1.1716666666666666,1,1,0,4,0.8286403424319613,-6.015917491912842,-10.433595657348633,1.3704312699012573,2.8094515243077787,2.9655133388728148,-2.4175339221954344,-10.433595657348633,-4.7626790523529055
3a0af893,21.275,4,0,0,0,0.8014651693635935,-5.02725133895874,-10.632702922821045,0.7527819625286588,1.319843837233001,3.0983608421627835,-5.918238639831543,-10.632702922821045,-1.5622384071350097
3a223519,-14.86,1,2,2,1,0.9951553940173165,-1.3433212280273437,-8.536688232421875,0.07859771695192416,3.920815452176543,3.1762900916488452,1.4961761951446533,-8.536688232421875,-2.6453317165374757
3a7dd95d,-6.259999999999999,1,0,2,1,1.0617147054929081,3.6848612070083617,-0.6782437324523926,3.9944858477339915,0.6153281380068999,2.9264291211278377,-7.144848299026489,-0.6782437324523926,2.320283222198486
3a824aa7,3.3816666666666664,4,2,0,2,0.9059094262182998,8.461447620391846,4.480653262138366,4.480348033185535,3.064342694946588,2.573046867314978,3.136629319190979,4.480653262138366,2.3930038690567015
3a86fe8d,-3.1233333333333335,2,0,2,2,0.49727667906494216,-0.04804463386535644,-12.87131233215332,2.4713390349549207,1.034342294934786,3.271056417471917,-2.9096983432769776,-12.87131233215332,-2.5670737266540526
3aaa2b30,25.054999999999996,2,1,2,0,0.909715924361184,10.365697836875915,10.011166858673096,3.76634541245417,2.8642261906116113,4.928150308152547,7.637439250946045,10.011166858673096,2.3446897983551027
3ac16ad0,2.65,0,4,3,1,1.1023500421110275,6.968806147575378,-12.429205703735352,1.1100100984778363,2.8524921846280415,1.4579820213259174,-3.7945194244384766,-12.429205703735352,-2.538322162628174
3b21ea64,11.11,4,2,1,2,1.0258882365719253,6.0147629737854,-8.844234848022461,-3.181128707572078,-1.901587041200305,-3.146225309165735,1.9169894218444825,-8.844234848022461,-0.7269116878509522
3bbe1f5d,16.141666666666666,0,1,2,1,0.8640994319491216,-0.2847148895263672,-2.2260955572128296,1.964932686611134,3.654699369981972,4.592808807496153,3.0404412269592287,-2.2260955572128296,0.13246872425079345
3bfee975,-6.636666666666667,3,2,2,2,1.2001140026905617,-9.285929012298585,0.9368201732635498,1.322927531329512,-0.6682838967362956,2.024749735900246,0.6595096111297607,0.9368201732635498,-1.410721778869629
3c3dbcbc,5.566666666666666,3,3,0,2,0.8325199549262399,17.74431915283203,4.149427223205566,2.252653060925874,0.8567597816794079,2.6625328009723788,1.9590123414993286,4.149427223205566,-0.6100196361541748
3d96d897,3.6683333333333334,0,0,2,1,1.2791573798822629,-3.7597031593322754,5.681518173217773,2.114504105462531,2.518157059238818,2.653424078438052,-0.8330779075622559,5.681518173217773,1.8023860216140748
3df4b19e,-9.29,3,3,0,0,0.922226718549178,-5.322703766822815,2.817642641067505,-0.7923713645548217,0.31291727198246366,0.3225425255886222,1.1227140426635742,2.817642641067505,1.9167328119277953
3e011332,-5.548333333333333,2,2,1,3,1.0277560329753996,-3.3266235828399657,2.818388247489929,0.7551433555190289,0.09231056567191587,1.2608263275569755,0.6490560054779053,2.818388247489929,-4.971749091148377
3e678ea7,4.5649999999999995,4,2,2,2,0.8983038126206487,-4.807601356506348,-7.818716239929199,0.4716756374061196,1.117293723727031,2.575562151346148,-2.4745381832122804,-7.818716239929199,6.434299802780151
3ef6372a,-2.1999999999999997,2,2,2,2,0.91189907578663,2.2699634075164794,-1.6990160465240478,0.0015624786772641564,3.335151389058413,4.009895110097061,3.292724132537842,-1.6990160465240478,5.486661338806153
3ef98781,-2.651666666666667,4,0,1,0,0.7327234616241727,-13.34875774383545,-10.693882274627686,1.0790109372905756,0.28752351550474414,0.13980678003174712,-2.500457525253296,-10.693882274627686,8.565552377700806
3f603129,15.019999999999998,3,4,3,0,0.9581673171303832,8.360217189788818,11.191924095153809,5.2575772778073055,4.254763841024586,5.02685348901299,12.476277351379395,11.191924095153809,2.6034085512161256
404c4384,8.908333333333333,1,2,1,3,1.1550044836532602,-9.878456497192383,-4.10394686460495,-3.0492429131412475,2.3991049159167432,1.9178475827161683,-0.019123363494873046,-4.10394686460495,2.2841518402099608
4121c517,12.68,3,4,4,0,0.8250100541963853,5.137708425521851,20.65739212036133,-0.007731045591190616,0.6333468372374067,-0.9967485219817617,8.718807220458984,20.65739212036133,0.4448338508605957
41fb0192,5.37,3,0,2,2,1.127625440439914,-3.0646042346954347,1.3700041770935059,0.9208257727414745,2.3021201042135386,2.3225882474116735,2.8195291996002196,1.3700041770935059,1.1976986646652221
42669188,-35.88999999999999,2,3,1,3,1.309839781672839,-2.6656635761260987,-1.4403675198554993,1.166387519404875,-0.3362650603589229,-0.5047348261517594,-9.678745079040528,-1.4403675198554993,-6.862199211120606
42c538a1,19.953333333333337,0,2,1,1,0.8510292248082733,3.865152454376221,-11.294598579406738,3.3093135347015896,1.8831987551157447,1.2221219850707379,-10.347972583770751,-11.294598579406738,-2.2943443298339843
43b06c70,2.6833333333333336,3,3,1,0,0.7465024281443167,4.427345609664917,-3.1089427351951597,-0.41780683091692367,-1.0428537329248082,-1.0482832057793154,-1.360496425628662,-3.1089427351951597,-1.1970996379852294
43c7f85a,-8.461666666666668,0,4,3,1,1.2048344717820414,-7.342354202270508,-3.8834139347076415,1.8877257914452674,1.1364352769387729,-0.8069192335536469,-1.9208048820495605,-3.8834139347076415,1.5604968070983887
43e16325,84.14,1,2,2,4,0.5578078208482757,19.36303997039795,11.427996635437012,-0.861660481044131,1.170589895467635,1.4456682115979738,8.385450172424317,11.427996635437012,-2.8561625480651855
44441e54,-5.165,4,0,2,0,1.2204466202006947,-7.44774284362793,2.2658365964889526,1.734517006887792,1.8138650800101253,4.737042015373419,4.073015213012695,2.2658365964889526,10.501970577239991
445af6c2,-35.708333333333336,0,2,2,1,1.1896643852747601,-2.891664958000183,-6.763300895690918,2.66427483428162,1.9271926909041572,2.761441690092503,0.2593729496002197,-6.763300895690918,-7.7455299377441404
4463446c,21.319999999999997,1,0,2,4,1.105950570201123,12.538155937194825,1.7383258581161498,5.473531663781413,7.088334272118198,5.173798006718385,5.709732627868652,1.7383258581161498,0.19156208634376526
44a94013,-60.1,0,1,1,1,1.221690672381449,-7.918385553359985,-19.204181098937987,-2.4351468243832395,-1.1802956304685335,1.742474403034438,-13.541133880615234,-19.204181098937987,-1.4734159469604493
45fb3e21,-35.72,2,2,0,2,0.829278018593407,-13.003279495239259,0.11432096958160401,-0.7111443794040719,0.40447781350350825,1.0854435457178127,3.7515218257904053,0.11432096958160401,3.148106098175049
460f859e,-27.988333333333333,1,4,3,1,1.236631937492513,10.051838874816895,-0.9636553049087524,3.096344862672623,-2.1224819894910754,1.0001084114543957,1.0121673583984374,-0.9636553049087524,2.315163421630859
4630ab92,-6.463333333333334,4,2,1,2,0.8427507469746504,3.6706614971160887,14.99732723236084,0.23424563211694696,2.7772777268032196,-1.0425810401405813,4.913958406448364,14.99732723236084,3.016384983062744
463c38f2,2.0066666666666664,1,0,1,4,0.6648662192244107,-7.400088977813721,-9.825832176208497,-1.639272299624843,-5.029676364934383,-3.5458351875056615,-9.72500696182251,-9.825832176208497,3.246041107177734
4654e7de,7.123333333333334,0,0,2,1,0.8116407407849658,-4.212300324440003,-5.794271755218506,2.9988864059359157,4.081213775606469,3.298995341602256,-0.519956398010254,-5.794271755218506,-4.359824109077453
466fc788,22.42,4,2,0,2,1.0647467070880048,14.1233549118042,2.503037428855896,0.7204598546932836,0.29333656028053545,2.585767849223367,7.28101749420166,2.503037428855896,5.075359058380127
46a301e9,-12.521666666666663,2,4,3,3,1.1280368594294352,1.4013834953308106,4.957711005210877,3.330666050209298,1.3697854607635325,1.947822893912278,2.1956192016601563,4.957711005210877,0.6324985980987549
46a7190b,15.453333333333333,4,1,2,2,1.193902742050031,1.7160290122032165,4.302252006530762,3.3299092439785314,1.2513272070841945,2.9714349844171455,0.17313599586486816,4.302252006530762,2.9916378259658813
46d24a09,20.17,1,1,1,1,1.021532429107894,1.2188875198364257,-1.8613755226135253,-0.9542061292987054,0.017064833073207896,0.8831913081134962,4.7662499904632565,-1.8613755226135253,-1.8648212432861329
46d41ff6,10.46,2,0,2,3,1.1271918496519278,-2.088675785064697,21.543128204345702,7.4262310023991205,7.338519787843582,5.343494710687428,15.147572326660157,21.543128204345702,2.5427369594573976
46dfcfca,43.34,4,1,2,2,1.131698118503851,11.06925048828125,9.643175888061524,2.6833761314811198,0.34663103693025626,3.015155652954795,7.841070747375488,9.643175888061524,-1.7361236333847045
47222616,14.361666666666666,4,1,1,2,0.8573863219617154,13.898549509048461,8.88787362575531,0.8103131132827983,-0.29396351743637783,2.061039628828875,4.853541469573974,8.88787362575531,3.6792635917663574
47ee27ab,-16.448333333333334,2,2,1,0,1.139563078323872,-7.231419086456299,9.089854621887207,-1.3039746103892342,0.5431983305816135,-0.027096463115558533,2.5222193717956545,9.089854621887207,-1.50680570602417
481de5fc,-21.789999999999996,1,3,0,1,0.585216755785628,-2.676563262939453,-0.26465157270431516,0.394232120596263,-0.28173474826865097,0.17330729628565486,-4.541974687576294,-0.26465157270431516,-0.4573166847229004
48c1f673,9.735,3,0,1,0,0.7450155772300832,-2.194219732284546,-6.507904672622681,-0.810397327597659,-2.6279590106491963,0.6439107423326625,-2.2462682247161867,-6.507904672622681,1.9332322120666503
4936af16,2.4233333333333333,2,1,2,0,0.7393242839516377,5.626261854171753,-7.275702857971192,0.16610203974789525,0.0018219811965071385,1.2618954009550463,4.378976964950562,-7.275702857971192,7.861669373512268
493b5b31,26.579999999999995,4,4,2,2,0.7197464206344373,4.605060672760009,-8.734762287139892,-3.0894530244152714,-2.392951271083238,-1.2331223118344887,-4.983776426315307,-8.734762287139892,-5.126019287109375
49dbc14c,-6.228333333333334,1,4,3,1,1.1218941790793817,0.8700846195220947,8.361603856086731,5.0323932626214845,0.1940904143804379,2.573785929723415,-1.0636701107025146,8.361603856086731,-0.8365198135375976
4a035ec2,-28.849999999999998,3,2,2,2,1.034265257085193,-3.3191083908081054,-5.418501925468445,3.3509434847813977,2.442820337812268,0.7274258849566355,1.094988179206848,-5.418501925468445,4.370742559432983
4a335117,46.626666666666665,1,4,3,4,0.8792239920537857,21.569285011291505,16.39471435546875,0.41475048720146557,0.7646909337326976,1.3817760830661996,8.758439826965333,16.39471435546875,1.3541952133178712
4a8ecc0b,4.946666666666666,3,4,1,2,0.8123986052631871,-4.945805668830872,-4.433357858657837,0.8042387425600939,-1.276972248771857,-0.14425687870891912,1.7033252477645875,-4.433357858657837,5.555363988876342
4b462989,-4.526666666666666,1,1,1,4,0.9887231939368896,-8.830636405944825,-6.141578626632691,0.3305545102641787,0.9869799275020046,1.559858502079726,-8.370928382873535,-6.141578626632691,0.3832425117492676
4b831d20,-29.24,4,2,1,2,0.8619623713837893,-10.587481498718262,6.558222699165344,-2.1438283898731783,-1.278345404001489,0.773968574620818,-2.062142562866211,6.558222699165344,7.697225832939148
4c2208f5,32.02,4,3,1,2,1.179851403652712,22.6104567527771,10.965624237060547,-1.106480954971444,1.6910866303791026,-0.8478167771456677,6.412506484985352,10.965624237060547,4.2262818813323975
4c3168cf,7.163333333333334,4,1,1,0,1.035063178990644,-4.3640796661376955,10.409397315979003,1.5968305468826742,-0.0004706847949409898,0.7509009668130293,5.380644035339356,10.409397315979003,-2.259160804748535
4c3df468,14.181666666666667,0,4,3,1,0.8107039411220842,16.089296913146974,22.721006774902342,3.658793854214146,2.327504279143879,4.699737734833843,12.579065704345703,22.721006774902342,3.5801289319992065
4caa7289,15.418333333333331,0,0,0,1,0.8436160169765383,-9.739163208007813,-5.375478029251099,1.9706411790744642,1.0236096953210778,3.3791995491243654,-6.72425012588501,-5.375478029251099,3.0126586675643923
4cd1ac61,16.22,3,4,1,0,1.0661211405087503,11.779358673095704,-1.3891002893447877,-3.067128459157833,-0.5189419962012455,2.6323513722557386,2.7563668966293333,-1.3891002893447877,-2.8008952379226684
4cecf7b3,-17.726666666666667,4,0,0,2,0.8293618553002352,-6.426365184783935,-6.903403568267822,-0.8615676728744553,2.1390318677837543,3.2752188548243835,0.9107923984527588,-6.903403568267822,-6.599381828308106
4ddde4c1,8.87,3,4,4,0,0.8329424949161505,-3.1839919567108153,-10.828240966796875,-1.4180186997232516,-0.6702936492317256,1.1560636293180815,1.4871744871139527,-10.828240966796875,1.7056756973266602
4e050c92,-10.443333333333333,4,0,2,0,1.1275993356215868,-9.887148380279541,-7.546940708160401,2.323999750083726,4.020908044347506,2.5768942293654384,-0.2812954425811768,-7.546940708160401,6.27166633605957
4ed93db6,-11.68,3,3,1,0,0.9693657832874436,-7.866283702850342,-2.374584233760834,1.191180351298882,1.7429351751727182,0.5937934808744109,2.4400311946868896,-2.374584233760834,1.7158687114715576
4f3eb9e9,43.86000000000001,3,0,1,0,0.8273348773990381,10.16502103805542,-12.404563903808594,-0.3135511037027817,-5.234522382959353,-0.4741755754224732,-22.007692337036133,-12.404563903808594,-0.001396489143371582
4f4ac5ce,13.593333333333334,0,4,0,1,0.6186403015009139,-5.334108495712281,1.4362318992614747,1.0370069766869596,2.3586927628661156,2.2034401560793446,0.14964685440063477,1.4362318992614747,-1.2778898239135743
4f4afcc6,-7.53,0,0,2,1,1.2671657468164448,-6.613170146942139,8.81649990081787,3.603864676184343,3.0685249782967707,3.174895742054315,6.061626529693603,8.81649990081787,-3.1162943840026855
4f69febf,20.608333333333334,0,4,4,1,0.8900572191681417,7.205484008789062,-0.6073520660400391,-3.9523322343436065,-0.2620504090719379,-0.7587714572172829,2.438041114807129,-0.6073520660400391,-0.26941814422607424
4fbe9c06,5.516666666666666,0,1,2,1,1.2701985540155125,-4.832747077941894,-5.1720466136932375,-2.6141664376015172,-0.6662222979849097,1.4832489878908541,-0.6262017726898194,-5.1720466136932375,-2.157856798171997
504c8b08,-26.670000000000005,1,4,4,1,0.757676542184305,8.898909187316894,-8.514408111572266,-1.7469387780192343,-1.052052074515785,1.97403380661028,4.2450672626495365,-8.514408111572266,3.693698501586914
511e1db0,3.64,1,1,2,4,1.0962180475751067,-12.393264770507812,-4.177404880523682,2.0585985324107994,4.322189138483177,2.9871927250981427,2.1613067626953124,-4.177404880523682,3.4493613481521606
512943b2,-9.03,3,3,3,0,1.1488313186391654,15.962940406799316,8.543818759918214,-1.3703093646725821,-1.7534604129858977,2.1802069595210662,-0.8769419670104981,8.543818759918214,3.629046678543091
5138a660,-8.85,4,0,2,0,1.221690672381449,-0.31946961879730223,11.577764701843261,2.2079992154724613,0.8743773065855439,5.53000718736801,13.85112705230713,11.577764701843261,-2.7673644065856933
516088b7,-2.0733333333333333,2,1,0,0,0.6483238295982747,-1.6934823274612427,-7.516832542419434,0.09353110299018016,-0.12217559264085458,1.6215604322156842,-1.8108525276184082,-7.516832542419434,1.9594717502593995
521a7819,-16.74,0,2,1,1,0.9730302596101869,-4.667863941192627,-8.157281970977783,1.5607959128636932,-0.33725416273609904,-0.9159628358066956,-6.180335617065429,-8.157281970977783,0.8804705142974854
5254b6db,8.46,1,3,1,1,1.3901773643691377,2.300921106338501,11.1426495552063,-2.280110916335734,1.343858582334592,0.4926967217375794,1.8833378791809081,11.1426495552063,-2.297774314880371
529e88ca,12.26,3,4,4,0,1.0114104725095483,2.8961315631866453,-11.260240936279297,-2.8055920564403474,0.35037951102715165,0.7233922978033605,-8.650856685638427,-11.260240936279297,2.05684757232666
52f1e77a,21.25,4,0,2,0,1.1392725991529509,6.377287912368774,10.032615470886231,2.029172128433536,1.152396118979652,0.3600324759274451,7.275478172302246,10.032615470886231,-1.0491801738739013
5305524b,-21.613333333333333,0,0,0,1,0.9014625458478518,-9.384292221069336,-29.580570220947266,0.2411897873551328,-1.7624031685614614,-0.9081192228488295,-13.04624671936035,-29.580570220947266,-1.138117790222168
53134831,-19.201666666666668,4,1,2,0,0.8879183951700458,8.811139965057373,-4.48618323802948,-0.33759982464763166,-0.7955664166377353,-0.23715622050797602,-5.851314353942871,-4.48618323802948,-0.7689249992370606
5397ceb1,14.15,2,1,2,2,1.2257123108171004,3.587249755859375,-1.4297485113143922,0.48475778142804077,2.6275359083297323,4.106615899905585,-0.8548378467559814,-1.4297485113143922,2.122129201889038
53f23031,11.928333333333333,2,1,2,3,0.8649135410315758,2.675275135040283,8.779083919525146,-0.9916198452679822,0.6913366910059316,3.340331746222641,0.11372251510620117,8.779083919525146,1.6082435607910157
543198e8,-48.001666666666665,1,1,1,4,0.9158231709428722,-9.944160270690919,-5.711475253105164,-0.24914148382757367,0.23763389230412013,-0.6216662605979664,-4.6197257995605465,-5.711475253105164,1.217329216003418
54753541,50.678333333333335,1,0,2,4,0.8344563908577156,-5.592274904251099,0.33130186796188354,3.7454072278109,3.8402019429084184,5.575580869884503,0.7094665050506592,0.33130186796188354,0.689023780822754
54a7e3c2,4.77,2,4,4,3,0.9371907266962841,-1.1668914318084718,7.401042795181274,-0.7562982526051132,-0.646807142841168,-0.1670858139647228,2.3829970836639403,7.401042795181274,-1.8962642848491669
5542c301,-0.9066666666663333,1,1,0,4,1.2091383883087834,-5.522993183135986,-8.755914211273193,-0.006166746423266023,1.7387901730968884,0.31763773231491266,-3.268222999572754,-8.755914211273193,2.8803256273269655
5567d551,14.166666666666666,2,0,0,0,0.7873676216866267,-5.702174091339112,-9.6708327293396,0.21728743403105993,1.5319008663426943,2.146229676168916,-12.647419929504395,-9.6708327293396,0.9088690280914307
55efee7f,11.906666666666666,1,2,1,4,1.2544531553729006,-0.3228907585144043,-12.470653438568116,-4.3860718681369475,-4.965682426259544,-1.5247587980778754,-7.185916423797607,-12.470653438568116,0.8879804611206055
5663b2b7,-3.008333333333333,1,4,1,1,0.9448977909848008,2.470655822753906,-6.92432427406311,-5.772891507853826,-0.2408007305207427,0.02451967438385072,-2.6412429809570312,-6.92432427406311,1.9141353607177733
5693dde2,-2.9150000000000005,4,0,2,0,1.3046782170963127,4.477238154411316,8.697637557983398,1.5822204190450786,1.7022791188484643,2.614384433624036,1.6731449604034423,8.697637557983398,1.9950634956359863
56b00794,22.41,1,0,2,4,0.91189907578663,4.4904200553894045,6.974290370941162,0.7375785975715817,0.7374341134111627,1.3773281618199866,6.328863048553467,6.974290370941162,1.2270565509796143
57796579,20.388333333333332,1,3,1,4,0.8160259586557922,-22.040465545654296,-13.203565979003907,-3.348834531084556,-3.1230964944426542,-1.2573077925626206,-5.823533630371093,-13.203565979003907,-4.043906402587891
577eec7c,-2.4683333333333337,0,1,2,1,0.9148682520850502,14.44417209625244,-0.7227939128875732,4.147655502496654,2.4716874654290697,3.0054319861404535,2.2242645502090452,-0.7227939128875732,-0.21677141189575194
57f05c51,12.700000000000001,4,4,2,2,0.9083202511228798,6.394597911834717,3.3933706283569336,1.2569544956334957,2.2444798980845047,1.722276695987425,1.8011296272277832,3.3933706283569336,0.20244073867797852
58850d2c,-13.94,4,3,1,2,1.0456854092085295,7.469785404205322,9.0488525390625,0.16202656558956327,2.873252352668087,0.09298860435563375,4.193518209457397,9.0488525390625,0.8791998863220215
58fa8486,-7.591666666666666,1,3,1,1,1.0748458506460832,2.082125020027161,7.780546855926514,4.026420252701942,-1.037769819328199,0.9274186022601582,-0.18499584197998048,7.780546855926514,4.535719633102417
591cc951,-14.608333333333333,1,3,1,4,0.8030623919018975,3.316053295135498,-5.503288412094117,-2.358135392630385,-2.13674236501548,0.5511109936689796,-5.905549812316894,-5.503288412094117,2.3580896139144896
593876b6,-11.661666666666667,3,1,2,0,1.026942791838751,6.711813640594483,8.43168249130249,1.8068136967298893,1.6161349861469163,4.630539725874049,7.109082889556885,8.43168249130249,-0.1578582763671875
59f8b2e8,11.108333333333334,0,1,2,1,0.7582721312010413,9.604626560211182,2.992396879196167,2.8539031921779383,1.8343324050620144,3.1094168480741335,1.5738033771514892,2.992396879196167,-6.842941379547119
5a1a8fd8,-9.623333333333333,3,1,2,2,0.9253358445447157,1.1755821228027343,8.793675708770753,-1.656921227948752,2.4399060085307065,3.520332516435242,-0.22919607162475586,8.793675708770753,7.2808126449584964
5a5269a9,-2.0783333333333336,2,1,2,0,1.0633179436340523,0.08266408443450927,4.586770844459534,2.6630600238226934,2.9134688671684215,4.188082929082682,6.808898639678955,4.586770844459534,2.578746509552002
5a5d1982,13.721666666666666,0,1,2,1,0.6244940095764644,2.4450279235839845,-4.551516723632813,2.6451917791380093,-0.5573637036900083,4.486650741597929,-2.951418161392212,-4.551516723632813,0.3181326866149902
5a63b5d1,-11.96,0,1,0,1,1.207891092936713,-4.184857702255249,-2.444853663444519,-0.4295701005681842,-0.9657578759346706,1.4835550306486298,0.9182972431182861,-2.444853663444519,4.738649845123291
5aa03df7,28.923333333333336,2,2,2,3,1.0505354978877506,1.0388910293579101,-0.9276963472366333,2.653675546785346,2.546352367312667,2.3922402577665602,-0.3277056932449341,-0.9276963472366333,5.406586599349976
5aa403d0,28.819999999999997,1,0,0,4,0.6938214274353071,2.4850449085235597,2.9935183763504027,1.2057082352013802,1.613653524202768,1.6742607444694528,3.4464138031005858,2.9935183763504027,1.6474711418151855
5aef5c6c,-30.210000000000004,2,3,2,3,1.1500074997246774,3.963319206237793,0.5925534009933472,-0.5586998980174827,-4.425688113729387,-2.3015901226875877,-1.3101107120513915,0.5925534009933472,4.740321254730224
5b7b6324,37.31,2,1,0,3,0.924892966236167,-9.074166965484618,1.5108142852783204,1.1118886184375116,0.9573117100753482,2.806842962244226,-6.135237503051758,1.5108142852783204,2.0544832229614256
5bd25f59,-7.759999999999999,3,0,1,0,1.1815310023342664,8.241627597808838,3.4757211208343506,-0.672841717825984,-1.652222497764551,-1.459208741081188,-3.3641753673553465,3.4757211208343506,-2.867312479019165
5beded95,-16.19,2,2,2,2,0.8901009090256006,4.369077682495117,3.890013098716736,0.8335851688977881,-2.6593829111670098,1.277230873134615,-2.5794123649597167,3.890013098716736,-2.2119696617126463
5cb483ac,6.796666666666666,4,0,2,0,1.099752252719074,7.90625581741333,-2.890582275390625,3.26141880490036,1.5635383063888315,5.4505097379977965,-0.002304553985595703,-2.890582275390625,-1.4517062664031983
5cdd8dbc,32.836666666666666,1,4,4,1,0.8298183994117772,-0.568396520614624,-0.057405519485473636,2.105713237841136,0.5207102302732878,2.215096240988975,0.868480920791626,-0.057405519485473636,0.5625766158103943
5d11dfb5,-24.77,2,3,0,3,1.0033282474285263,-4.69007682800293,3.450761914253235,0.8152469504437905,-0.8775450258440973,-1.3703709107896613,-2.887352991104126,3.450761914253235,0.7820487737655639
5d7198fd,-25.453333333333333,4,0,1,0,0.7562954254507132,-7.8683513879776,1.3652944564819336,-1.5321716038477065,-5.806265369601785,-1.596065000768768,-4.547892332077026,1.3652944564819336,1.867978000640869
5def1ce5,-3.06,0,0,2,1,1.3255952228568824,2.524987578392029,-0.23764609098434447,-0.05879205673628505,3.07723836688125,4.004007485211796,2.62867751121521,-0.23764609098434447,-5.627926445007324
5eae34a8,-6.016666666666666,0,2,2,1,1.0543459755446585,4.895606803894043,-2.890511918067932,-1.0004610188219365,-0.8158057569727213,2.1360693559685773,-0.7239700794219971,-2.890511918067932,4.398919773101807
5f4d2a52,51.581666666666656,3,3,1,0,0.5720353184123086,9.938593482971191,5.0790510177612305,-0.3649639959023254,-1.3946247789945392,0.4740880450339553,-0.026716446876525878,5.0790510177612305,2.614082908630371
5f6756c5,-2.0500000000000003,4,1,1,0,0.9806091936908349,2.573881912231445,3.0958127617835998,-1.3705767355624883,-1.0153166194479213,-0.4551860191568645,1.6764877796173097,3.0958127617835998,0.19660634994506837
5f75f796,21.960000000000004,4,3,0,2,0.8765477062131655,-9.608219146728516,3.1168694496154785,-0.3008573722304721,0.16898085729429582,0.2990993609729079,0.6958973407745361,3.1168694496154785,2.5976754426956177
5fb1c15f,14.38,1,1,0,4,0.847694630065177,2.919287633895874,-3.008590245246887,1.3530530577363324,1.1449846146857383,1.7405965817356144,-1.0552675247192382,-3.008590245246887,-0.17481069564819335
5fffa282,-4.45,2,2,2,2,1.0599335767661326,0.040300846099853516,3.4856512546539307,0.26401725325117126,1.777834084164261,0.6138089083206305,-4.065568304061889,3.4856512546539307,1.5879789352416993
60e37807,24.058333333333334,2,2,1,3,1.1473720262443272,-1.7943720817565918,-6.807165861129761,0.36848893703962415,2.51999864298354,0.49863676147402086,0.10363888740539551,-6.807165861129761,-1.921649169921875
61f27424,4.23,2,4,1,3,0.786402361875825,-3.7869530439376833,-4.827317237854004,-1.8244275393769982,-1.683039255149724,-0.6079834577542609,0.3973411560058594,-4.827317237854004,-1.3614017724990846
62569ae3,-13.958333333333334,4,1,2,0,0.9081320809747865,-4.113842105865478,19.095722198486328,2.1808140849816717,1.4992013910104016,0.7029591293455075,2.7797805309295653,19.095722198486328,3.7932513475418093
62a6f539,4.166666666666667,1,4,4,4,0.487608436905855,3.0668498992919924,2.6944725275039674,1.883644708648888,3.603164369216657,4.552138182926062,-1.8758555412292481,2.6944725275039674,0.5951985836029052
633774dc,30.97,2,4,4,3,0.9292039727811027,-6.802691841125489,-3.313478338718414,2.274856931628846,0.3119530803862763,-0.2463000126520541,-3.4639252185821534,-3.313478338718414,1.1170944213867187
63559d57,15.684999999999997,4,1,2,0,1.3219776536399253,0.5211562156677246,11.201898384094239,0.9935107407914245,1.1000097673914806,3.276308294872522,7.114335250854492,11.201898384094239,0.986433458328247
647f2a41,-4.836666666666667,3,4,3,2,1.0354423205526397,6.515604782104492,1.8437928199768066,4.420814085724087,2.934151991168687,2.959164007638857,1.417966651916504,1.8437928199768066,-4.104215145111084
65156b96,25.048333333333332,1,1,2,4,0.9386330899095316,3.937367796897888,-9.580158233642578,0.5508852121241856,2.193139934011016,2.1619949918098094,2.602387475967407,-9.580158233642578,-5.176252651214599
653612bc,-0.13999999999866666,4,0,2,0,0.7363762031737089,-14.745842742919923,9.172357845306397,-3.299177950942547,0.5975135889661897,1.3791222002864187,3.2997504234313966,9.172357845306397,-1.9561814308166503
656a067b,2.1999999999999997,3,4,4,0,1.0680669597066266,8.990290355682372,-0.7341058850288391,-1.9990848862721922,0.3370741501918237,0.46338529824688257,9.216894721984863,-0.7341058850288391,1.099257469177246
65a5466a,12.321666666666667,3,0,2,0,0.8323048187547044,-3.1154150009155273,-1.8928622961044312,4.8383279771044885,5.0744323628655295,5.716807204418734,8.974003314971924,-1.8928622961044312,-0.992339825630188
660d9546,-6.05,4,0,2,0,1.042817931866902,0.2830296754837036,-3.865655791759491,5.208222867752727,1.0869948531349125,2.1895937060457,4.791862344741821,-3.865655791759491,-1.1839262008666993
6767c111,32.1,3,4,4,0,0.8683714921284643,7.091152572631836,5.608777403831482,-0.26912492570871754,-0.20607714931708676,-0.7483649588371252,-6.581777477264405,5.608777403831482,3.386398983001709
67847288,-13.480000000000002,3,2,0,2,0.8037294718207695,-3.164706897735596,2.6992864847183227,0.1892278935064154,0.3786025594726244,1.605615311599808,-1.3467528343200683,2.6992864847183227,1.977660346031189
67a8da4a,15.35,4,3,1,2,0.9096442128737987,-1.2439651250839234,1.8865637183189392,0.4111468827415285,-0.6793702027896023,0.6822032817836284,0.17649531364440918,1.8865637183189392,6.984164452552795
684a6fc1,5.433333333333334,2,3,3,3,0.9395633421087487,18.06878662109375,13.245047569274902,2.889508899918809,1.118548419724497,2.8760145234129437,9.98730754852295,13.245047569274902,1.0348414421081542
698930d1,25.53,3,4,4,0,0.6535022018625833,5.301858711242676,6.835709857940674,-0.7636428889398628,1.0081882861819014,-0.4830590589421198,0.4040144681930542,6.835709857940674,-4.644808030128479
699ea575,8.815000000000001,4,0,0,2,1.045867730026708,8.360906410217286,5.032959580421448,2.351392377518075,1.3581915699097749,4.850972164543196,2.8035966396331786,5.032959580421448,1.2563390731811523
69c1bdad,-17.968333333333334,2,1,1,3,1.1632216211134403,7.0550414562225345,12.140643882751466,0.6189742081890585,1.9570048265008637,1.7583342056347468,0.3290914535522461,12.140643882751466,3.174799346923828
69e41fa6,-12.67,4,0,2,0,0.8767819407798536,-2.0111216425895693,-0.4845961809158325,4.130282541488277,2.028828449957897,3.718647948158613,0.8808638572692871,-0.4845961809158325,-0.5856844902038574
6a0ff78e,-16.176666666666666,0,0,2,1,0.6977179159931037,2.975964164733887,6.319753360748291,2.5731793728977896,3.381380784740697,2.755579188105109,3.1252371311187743,6.319753360748291,-3.5010223388671875
6a8fa194,-0.38166666666666665,0,3,1,1,0.9100071225171179,-5.624536418914795,-3.670819544792175,-0.5735908589145932,1.7820608574448513,0.3601746475808872,1.6433332443237305,-3.670819544792175,-6.576949429512024
6ae68655,-8.71,2,0,1,3,1.3071361762913198,-4.769564485549926,-2.838590693473816,1.02227344942166,0.31036874607075327,2.0768434778397262,-3.9160481452941895,-2.838590693473816,0.4460991144180298
6d1d74e1,-21.69,0,4,3,1,0.9758051741623334,7.411011028289795,13.508418083190918,5.751080430025533,7.1392732989635785,7.097119394700256,13.993186378479004,13.508418083190918,-0.973689079284668
6d590e26,-7.03,2,3,0,0,0.9055415097529835,-2.1049762964248657,-10.972973155975343,-0.33153926351226365,-1.0842082720247193,1.8288213693702553,-1.2427437782287598,-10.972973155975343,5.338523483276367
6d6d93af,-10.251666666666667,0,0,2,1,1.1531032876048595,1.2324719429016113,-5.580916929244995,4.414048925980254,1.0991894203044663,2.4131195841301456,-2.5704982757568358,-5.580916929244995,-2.7953426837921143
6dbe4b60,-4.368333333333333,3,3,3,0,1.1649488293723889,-3.6046930313110352,-7.029842758178711,1.3862371163692238,2.5314188280337064,1.694250260102558,-0.4469156742095947,-7.029842758178711,0.08299779891967773
6e6d122c,-7.1000000000000005,4,1,2,2,1.093791010685028,2.3282832384109495,-3.239016222953796,3.9134281316587503,3.586648011259947,4.615924612062547,-2.1691690921783446,-3.239016222953796,-0.37664127349853516
6e9ccd38,-15.58,0,0,1,1,1.0484838627003092,2.0661805629730225,-15.38143539428711,-1.8375355230475279,-0.49385502896392863,0.4662067422565106,-8.33368673324585,-15.38143539428711,6.910924768447876
6ea22614,-4.21,2,3,3,0,0.7656237473499754,8.620620155334473,13.718825340270996,-0.9471748657831874,-0.06437024947067335,0.5145208650313976,1.8392737865448,13.718825340270996,3.288615036010742
6ede926a,11.441666666666665,0,1,0,1,1.1287662202738726,-0.927695918083191,-0.012845003604888916,1.4611936743880274,1.1768535450800748,1.4372827782606468,-4.361138820648193,-0.012845003604888916,2.076838457584381
708caea9,41.01,3,4,4,0,0.6275185320506829,8.149845314025878,-6.578312611579895,-0.4408545755895261,-2.042088226689093,-2.480004917888797,-5.968273782730103,-6.578312611579895,-0.21315762996673585
70925e23,-8.769999999999998,4,3,1,2,0.6900316284158636,-1.8706942081451416,0.03831866979598999,-0.5682572898339202,-0.5933679572614375,1.0671039876049258,-6.366064167022705,0.03831866979598999,1.8107235908508301
70e1788b,9.5,0,2,1,1,1.0924602671217412,-1.436196780204773,7.010352516174317,0.7316217035353763,-1.9932433345737963,-0.8763424732474727,1.615157151222229,7.010352516174317,1.6133996725082398
71642c7d,-2.6316666666666664,1,2,2,1,1.0139428609683148,5.763002490997314,-0.9298617124557496,1.1875697414380844,4.2462926642862255,3.3868828053153854,2.3115057706832887,-0.9298617124557496,-4.94888744354248
71ccf778,-1.6899999999999997,0,4,1,1,0.7363762031737089,-6.71139121055603,4.599381065368652,-4.674489085407165,-0.5625621706256524,-0.5184676921406376,1.332292652130127,4.599381065368652,5.574218821525574
7224331b,-9.258333333333333,2,2,0,3,0.9962646397919581,2.726662516593933,-4.476801013946533,4.608519603288788,0.6553635861134388,0.971049124057377,-5.871789646148682,-4.476801013946533,1.2843388557434081
722cf0d8,16.826666666666664,0,4,4,1,1.194469390318039,1.0458993911743164,-3.4681151866912843,-1.3050411203347863,-1.2577944526305598,0.047560895071552166,0.809018611907959,-3.4681151866912843,4.204663014411926
7256229b,-2.1200000000000006,3,2,3,0,1.1181449156914163,11.74621124267578,-0.5562678813934326,-0.48902946652019147,-1.6882726983771434,-0.5612363759818617,3.686290168762207,-0.5562678813934326,5.944200849533081
726f3dc2,-1.3233333333333335,2,2,0,0,0.9867921061644829,-1.964374303817749,-3.674412965774536,-1.7717110017176254,2.6349659182458196,0.09630796769840089,-1.5692028045654296,-3.674412965774536,6.86768593788147
7271dd80,-8.608333333333333,1,4,3,3,0.956570275633959,3.3182353734970094,-0.3997123003005981,3.5395623362203303,1.751262993414509,4.82470997411974,3.448498821258545,-0.3997123003005981,3.1802318572998045
727a3a10,-9.21,4,3,1,2,1.1988359960880022,1.7013724327087403,10.555583286285401,5.315567453888765,6.649865770097827,4.105193341449292,5.128599166870117,10.555583286285401,1.744555377960205
729665c0,14.334999999999999,3,3,3,2,0.9848767312910287,11.58468770980835,4.449822735786438,1.411315277825458,4.2173146773491235,4.583027613454551,1.9553720474243164,4.449822735786438,-6.805508756637574
729e9750,16.013333333333335,0,4,3,1,0.6855337674000624,8.02805461883545,1.0398196220397948,-0.14061656120735008,-2.339593826653842,0.8844225133878199,5.51857442855835,1.0398196220397948,-0.05938477516174316
729f4217,0.4966666666676666,0,0,2,1,1.348321635932436,-5.996117115020752,-3.6812998771667482,1.9338914698011795,2.599168537684933,2.5549278607623225,-0.046677255630493165,-3.6812998771667482,2.0980600357055663
72dd8501,7.504999999999999,3,1,0,2,1.0564203097802554,2.184099555015564,-0.7830822944641114,1.6195555035080855,1.344910217376408,0.8744636568044936,2.1564318895339967,-0.7830822944641114,1.2776878595352172
73348914,7.68,1,0,2,1,0.8457765088971978,-1.6681950092315674,18.16899871826172,4.508460878078005,5.808800896224886,6.652223697577066,15.936343383789062,18.16899871826172,0.005825042724609375
739a914f,-13.700000000000001,4,3,3,0,0.8189537855093771,0.994015908241272,2.779635012149811,0.8210517079399601,1.2106428464867567,3.1819927832725385,5.438536834716797,2.779635012149811,-5.8842730045318605
73b1447d,35.42000000000001,4,3,2,2,0.9550956223428628,1.305069923400879,-6.899165058135987,1.776099181689279,2.038650598716128,1.8395217275153057,-5.723309135437011,-6.899165058135987,-1.7463171243667603
74b6186b,9.686666666666666,1,3,0,3,1.2736748626440402,-1.138399314880371,8.356381249427795,-1.8356296158109182,2.620271520152944,3.662849344088793,5.182667350769043,8.356381249427795,0.8023525476455688
75c20ec7,-2.94,3,3,0,2,0.9083260254638456,3.1424972772598267,-4.191961479187012,3.0294735014173204,2.867199662941793,2.8664334703654877,1.2581571102142335,-4.191961479187012,3.2446906328201295
75cd5f11,-9.9,0,0,2,1,0.6457469758282374,1.355792021751404,-5.999831104278565,2.0040396535946394,2.7658949578500183,3.8503472303063377,-4.920020866394043,-5.999831104278565,2.795361328125
75d20a82,12.841666666666667,1,4,1,1,1.0115839797129895,4.667513751983643,-2.3582202792167664,-4.972684024356551,-1.4243865194832146,1.4583546383863746,-3.0844791412353514,-2.3582202792167664,1.25357084274292
76201745,5.926666666666667,3,0,2,0,0.7734166330341175,3.6152148246765137,17.904867744445802,4.601374463182496,0.4259375579907738,4.622224588184991,10.57262306213379,17.904867744445802,-3.2476051807403565
764072a5,-0.9016666666663333,0,1,0,1,1.099149945805085,3.705577754974365,3.823435163497925,1.5571638877291778,4.037267837742062,4.219364367925159,2.8235333442687987,3.823435163497925,3.9444787740707397
77b0d905,15.156666666666668,4,3,1,2,0.6907578066113138,7.225228500366211,14.045219993591308,1.3478682924024596,-0.4927037634922099,1.235185121564827,6.507557392120361,14.045219993591308,3.215067720413208
77e4821c,20.255000000000003,1,4,3,4,0.8693771494235623,2.9558302402496337,15.444249725341797,1.857535738474563,-0.36488944800580003,2.2446912728026986,4.968223619461059,15.444249725341797,-3.113184905052185
7850c72e,7.840000000000001,4,4,3,2,1.1375633098079085,9.020034217834473,1.5324689626693726,-1.7571212962966851,1.6239752183224692,1.259435459709648,-3.5854329109191894,1.5324689626693726,5.925143814086914
78a4a386,-3.3799999999999994,2,0,1,0,1.0090617671873012,-7.058814144134521,-25.755315351486207,12.07771928895507,-1.097342135651965,1.9684636165073364,-111.54148559570312,-25.755315351486207,-7.932928085327148
79507629,-21.45,3,2,1,2,1.336514849532295,-10.172493934631348,3.411776340007782,-0.33606226048623816,-0.03864270798747649,0.8363662439662299,-0.1464177131652832,3.411776340007782,0.5348906517028809
796dbd4c,1.5,2,3,3,0,0.8876846333010612,6.852827358245849,0.0038186788558959963,0.7341410011526129,2.8604601268358962,3.6066901413045676,1.884518575668335,0.0038186788558959963,4.65040225982666
7987f2f2,12.443333333333333,4,1,2,0,1.2984135160210435,1.0359789371490478,4.525583076477051,1.1117203683921457,-0.21408812521789855,0.7511883161517346,3.702913427352905,4.525583076477051,4.729684591293335
7993a768,11.603333333333333,2,0,1,3,0.9538483269707925,7.24754638671875,6.30368013381958,0.0193019280765911,-0.2741445453516157,0.3000841127522035,2.6044394254684446,6.30368013381958,4.86873230934143
7a5660b0,-30.673333333333336,4,3,1,2,0.9296397685648948,-19.074625778198243,-3.2584020137786864,-1.3828742320641378,0.9421736393769298,1.137497559558056,3.2028512716293336,-3.2584020137786864,2.2957395374774934
7acda2df,24.210000000000004,1,4,3,1,0.9311210934621924,5.423787021636963,-4.352828001976013,2.8170134905105852,1.1900850000730254,2.5552450702719645,-6.570227527618409,-4.352828001976013,0.766769289970398
7b2c7b3c,17.02,2,0,1,3,1.1941155269965222,-6.131978607177734,2.9182682037353516,-1.753224777043038,1.2754288500298603,0.6166818391764438,2.9647558689117433,2.9182682037353516,4.236720418930053
7b38844c,8.51,4,0,2,0,1.0051457714342793,-6.160675430297852,0.5015494585037231,4.1012745663616474,3.4987794016341893,0.8274350862689545,7.459449291229248,0.5015494585037231,-1.8490375518798827
7bb17b96,13.151666666666669,4,0,2,0,1.2024615126701037,6.856010317802429,-3.4953236103057863,3.491466143465184,1.2650715175001657,4.32822873728394,2.627090883255005,-3.4953236103057863,2.799935245513916
7c607683,3.231666666666667,0,2,0,1,0.9149247409499143,-13.931368255615235,-0.8691386580467224,1.3338725648796337,0.1691697719179087,0.7493202778621304,-0.6233275890350342,-0.8691386580467224,4.650453376770019
7cbbd047,20.438333333333333,4,1,2,0,0.9333042448876381,10.532149696350098,4.582789039611816,2.2119434055877205,4.881644333973518,3.8069325002451913,5.4273065567016605,4.582789039611816,-0.7765716791152955
7cd4bb31,2.731666666666667,0,0,2,1,1.176178414291464,-0.2112189769744873,0.006717479228973389,2.2449642315610596,6.4266186410068515,4.049130041370101,5.7301332473754885,0.006717479228973389,9.286798191070556
7d50373e,-16.411666666666665,0,0,2,1,0.8628478726174296,-3.1881582498550416,-11.807894515991212,2.1435188902643723,1.3890183734530677,1.9478554888038164,-8.12429437637329,-11.807894515991212,7.8416353225708
7d57c75d,19.73,3,4,3,0,1.00888863492493,8.731258440017701,5.158434534072876,1.235768336025022,-1.3618486591948205,-1.8311283476488611,6.790918636322021,5.158434534072876,1.9002921104431152
7e208414,-9.496666666666668,4,0,2,0,0.8447253570074935,-8.570434856414796,-9.773979091644287,3.758064610416901,1.1093758433033771,3.803233824843859,-1.3313889026641845,-9.773979091644287,1.1915438175201416
7e721392,-47.828333333333326,0,2,0,1,1.1511313635886562,-13.613947296142578,-1.5147361516952516,-1.4089730722952598,-2.65589277458973,-1.454770162191227,0.894824743270874,-1.5147361516952516,-0.9959229469299317
7ff89f8f,-14.38,0,3,1,1,1.280836712892982,-1.7895036697387696,2.4883164167404175,1.263073704332044,2.947750633959422,1.7690693980247314,-0.669054365158081,2.4883164167404175,0.1168137550354004
8050c789,-16.11,3,3,1,2,1.1621973952829965,-10.62878713607788,7.903517651557922,2.893109494094498,2.6408137392609516,0.8234785655065746,1.5367268085479737,7.903517651557922,3.553477478027344
807f0298,14.909999999999998,3,4,4,0,0.6747434813133879,1.6709691286087036,3.079056406021118,0.030807472349685838,-6.669910886261239,-3.5591298732249768,-5.4748374938964846,3.079056406021118,3.603634786605835
811f52b3,-0.38166666666766663,0,2,1,1,0.7394388205077487,-8.687158584594727,-2.2422126650810243,-1.015391571565992,-2.316725793261874,1.0373438825004286,-2.0428245067596436,-2.2422126650810243,0.5339094638824463
81bf5923,-40.16,4,3,1,2,1.149446290018452,3.810135078430176,14.874055671691895,-0.9935770552155552,3.6060716960565684,1.6196566371027175,9.23883581161499,14.874055671691895,0.495357608795166
81fc01c6,39.53333333333333,1,3,1,3,1.0980393012369267,-5.282134389877319,12.971817874908448,0.6004386308142164,-0.4459846805217079,0.1326155640160996,3.7046905517578126,12.971817874908448,3.887913131713867
8255c867,41.63,1,4,4,1,0.9809902516895349,10.828488826751709,14.314083862304688,0.7802111769845628,2.4122860454331625,1.4298675937874192,6.13515796661377,14.314083862304688,-1.873872423171997
82aab6d2,-13.671666666666667,2,3,0,3,1.082472083566374,-4.883467602729797,-8.709130382537841,-1.713703224442591,-0.495667193527353,-0.17425537181571804,-6.103220224380493,-8.709130382537841,3.273060154914856
82fcf37c,10.143333333333333,0,4,0,1,1.021532429107894,5.5526000499725345,-3.4931434869766234,1.9426190050597405,2.126855526530087,3.298399710091322,1.2291482448577882,-3.4931434869766234,5.996037101745605
833af382,-6.525000000000001,1,4,4,1,1.0013246128006208,10.085958862304688,-3.5816113233566282,-0.4875885001728335,0.9571486302126629,3.3202958789721797,3.5527242183685304,-3.5816113233566282,1.3738707065582276
8382f4b6,-56.418333333333344,4,0,0,0,1.198236243371856,-15.463133811950684,-12.992680549621582,-2.6138218807627913,-1.0719078121690424,-0.13284798676243054,-5.587828159332275,-12.992680549621582,2.6756101131439207
84633df4,5.11,2,3,0,0,0.8056585977132018,2.1006876468658446,0.9277019739151001,0.5361375563481043,0.08845323901075028,1.2251654396409015,0.3547431468963623,0.9277019739151001,7.3866476058959964
8478df29,-2.0399999999999996,2,3,0,0,1.0457411405059909,-5.235558700561524,-6.026352596282959,-0.047137896298898155,-0.30843884736206284,2.193945717806197,-3.099794340133667,-6.026352596282959,2.4054492473602296
84815d5a,21.305,4,2,1,2,1.2841653484634403,21.044234848022462,11.360118103027343,0.6935590380155033,0.5843025852081644,1.9597891057247723,10.05087890625,11.360118103027343,0.7685571670532226
84c3b497,33.52,0,0,1,1,0.7674048760767511,5.890630435943604,-9.187806034088135,-2.701705272816125,-2.046554611768836,0.11867239976775919,-9.43931941986084,-9.187806034088135,0.7944343090057373
85380836,22.883333333333336,0,1,0,1,0.9964621373846996,0.7434717178344726,-12.698300552368163,1.1982694896598094,2.116327518460421,4.150817167302235,-2.501335048675537,-12.698300552368163,6.445264315605163
8612b37f,2.475,3,3,0,0,0.770737839147355,5.255464053153991,4.124194502830505,2.563959126840986,2.0734835556812174,2.129948611074737,-0.7794244289398193,4.124194502830505,-1.448600673675537
861e71df,-11.851666666666667,3,3,3,0,0.910790867747114,2.2694746971130373,8.065040588378906,0.24461354382010675,3.654528679572677,1.835349012942368,7.65588788986206,8.065040588378906,1.5193761825561523
86454a6f,79.2,3,0,2,2,1.0858141232643248,6.087039470672607,119.48367767333984,4.151722537943685,3.3529827860488703,4.993281818038512,202.1922576904297,119.48367767333984,11.305388164520263
8648abae,5.7,4,2,2,0,0.7039329785187025,3.602531170845032,-5.899269866943359,1.6690507130326828,3.1262211285280173,2.757408814965204,3.8849750995635985,-5.899269866943359,5.1981382131576535
865033f8,4.518333333333333,1,4,4,4,0.7873676216866267,8.855756378173828,-0.27539142370224,0.4865500173759118,2.649288088512834,2.0097147266048143,1.62369704246521,-0.27539142370224,-1.0093445777893066
87695469,-8.74,0,2,0,1,1.0138518536670102,-2.5432027339935304,2.615695357322693,2.6942420193915058,1.2799412521798936,1.6122710561869618,1.126465082168579,2.615695357322693,6.965734338760376
877ed19c,-0.43166666666650005,4,3,3,0,1.136883196031053,11.408766746520996,-3.9842754364013673,2.4036803470180543,1.6694417073970462,4.849643615715786,1.7269740581512452,-3.9842754364013673,1.4886029720306397
87aa3730,-5.47,0,0,2,1,0.7870626143065115,4.094195699691772,-4.7491326332092285,3.0718857740061534,3.091692062397062,4.036210885830798,-0.27167611122131347,-4.7491326332092285,5.8188880443572994
884ecb5f,10.361666666666666,0,0,2,1,1.2154030893840526,5.277627015113831,9.316224670410156,-0.44623216786005016,3.7997791018432503,2.089339728577065,2.108636975288391,9.316224670410156,1.1193930625915527
8902c3f6,1.99,1,1,2,4,1.0466088211579776,0.36112289428710936,4.999256277084351,0.920110011770368,-0.4483886809720681,3.0195941963215263,5.440179920196533,4.999256277084351,3.2584700345993043
896d15b9,19.821666666666662,1,1,0,1,0.9238232512589363,19.737537002563478,-17.146223068237305,1.4040039522543049,-0.5287431789423257,3.0082149949055634,-13.379334831237793,-17.146223068237305,3.2317569732666014
8995c945,28.829999999999995,3,4,4,0,0.9141420738895999,-1.6039700746536254,-12.625665855407714,-0.5518913934519099,-2.7031850699198117,-0.9423359628386381,-9.457130432128906,-12.625665855407714,1.166408634185791
89969c7a,-6.873333333333332,2,3,0,0,0.8929086725123124,0.23215284943580627,1.8118916034698487,-1.438348692410888,1.3781612857333276,0.7741406479036244,5.688415098190307,1.8118916034698487,-0.23150668144226075
89f1085d,-13.041666666666664,3,0,0,3,0.9806848595827946,-14.383052444458007,-22.523085403442384,-3.603831294867762,-3.959350590286678,0.10222652275235569,-35.819644165039065,-22.523085403442384,2.1084016799926757
89f36adf,-5.825,4,1,2,0,1.1502979788955983,-3.006698966026306,7.7705175399780275,2.0828770431106456,0.8951743206618865,1.4033488243056207,-4.239995384216309,7.7705175399780275,2.2818960189819335
89fdb2f2,0.305,4,1,2,0,0.7844325496941847,-4.0677234649658205,3.068168890476227,3.9517167496591012,-0.16324936258500644,2.107065382889683,-1.7629022598266602,3.068168890476227,-0.44569740295410154
8a3da6d1,11.656666666666666,3,2,0,0,1.125268846347674,6.6438822746276855,7.801444101333618,-2.88287574284841,1.9744425605141676,2.468725750264776,3.321061038970947,7.801444101333618,5.8322583675384525
8a89da23,36.199999999999996,1,1,2,1,0.897112336684264,1.5300803661346436,3.213075947761536,4.534438929690384,2.2554001328488367,2.988277123341578,5.569539642333984,3.213075947761536,3.0542464733123778
8a9c8932,-3.6950000000000003,0,2,1,1,0.8789335128828647,-6.480339527130127,-1.1304659724235535,-1.4965832628804665,-5.005277350932312,-0.7175579669415868,-6.421558952331543,-1.1304659724235535,-2.103352952003479
8ac2f237,-40.77666666666667,4,1,1,0,0.9163406907916387,-1.1908792972564697,6.499010848999023,-2.347357861077377,-1.3786159401259672,-0.6387452038938186,-0.2798007488250732,6.499010848999023,2.002024936676025
8b12bab6,27.460000000000004,3,4,0,2,0.9886840594339947,12.123810195922852,-1.6601570844650269,-0.6547575691419609,1.7523838186285148,3.8696419387059136,3.9699018478393553,-1.6601570844650269,3.547146034240723
8b5be31b,-11.604999999999999,1,3,0,3,1.0539288448855135,-6.639209938049317,-11.903528785705566,2.995335187302842,0.8141076817491234,1.0388309273377074,-4.721888637542724,-11.903528785705566,4.693377304077148
8b95d6d1,-14.569999999999999,1,0,2,4,0.9106094294311065,-8.10313856601715,3.9556731462478636,2.1272881171260654,2.2791024910338273,6.522817528440022,2.919559621810913,3.9556731462478636,-1.966444730758667
8b9d8326,-14.123333333333333,3,2,3,2,0.9646233208089863,2.123732089996338,-3.370819425582886,-2.5917019246761996,-0.7458661938115793,1.3933046267304456,-0.2137448310852051,-3.370819425582886,-1.1578482389450073
8bb9c1e6,-5.748333333333334,0,2,1,1,0.6787204301940297,-6.378461170196533,0.2240811824798584,0.2710245658151466,-0.620394399286572,-0.6834024200333035,-4.863234329223633,0.2240811824798584,-2.1919360160827637
8bda1a11,18.8,0,4,3,1,0.5954044589265693,1.802231788635254,7.001498222351074,0.3474102302631205,-0.4473506359048473,-0.8054143347540933,-3.235197639465332,7.001498222351074,-3.871878719329834
8bfa881d,53.19833333333333,4,3,0,2,0.8645639758481961,19.943727493286133,3.033669900894165,0.8562274628210857,2.10295081205566,0.6550511500203815,3.005568265914917,3.033669900894165,-1.0536415100097656
8c167025,4.5,1,1,2,4,0.9448977909848008,-0.9282198429107666,6.43933219909668,0.8233007846015624,2.578677616904078,3.133148389749878,2.117235279083252,6.43933219909668,-0.004065656661987304
8c8348e8,-5.9816666666666665,4,2,2,2,0.6808720022970409,3.8747995376586912,1.4758935213088988,0.6398144309674566,-0.5818471429459823,1.4994488791884901,-3.90340142250061,1.4758935213088988,-5.010310935974121
8cc21f01,-4.25,2,3,2,3,0.9898924774046322,8.618749523162842,-11.38731803894043,1.687545084086993,1.8972160500226107,2.385218650088071,-3.682163047790527,-11.38731803894043,1.2005940437316895
8cc800b3,-15.053333333333335,2,1,2,0,1.305119312581359,3.6648406982421875,4.48115234375,2.039774795728494,3.094455880308543,4.531557607472591,5.660193538665771,4.48115234375,3.2255444526672363
8d5d46d7,7.840000000000001,0,1,1,1,0.5484785772082891,-10.280896186828613,-15.31832332611084,-1.474858477979962,-1.8390555897925818,-0.24200168570634525,-4.780968475341797,-15.31832332611084,3.6813446044921876
8d92cb49,-21.66,2,0,1,2,1.2162693994161995,-5.0022303581237795,-1.2695146083831788,-1.9317742399596143,1.174316613528274,1.2871709713826027,-5.6610925674438475,-1.2695146083831788,-3.8510421752929687
8f201368,31.639999999999997,0,1,0,1,0.6352449019230313,-6.000876092910767,-10.734929847717286,1.4249685041281122,2.0750858955262568,4.328416799414255,3.872271013259888,-10.734929847717286,2.8637568950653076
90386ee4,7.678333333333334,0,0,2,1,0.97859444275706,0.05865492820739746,14.991357231140137,1.2423666476423072,1.8886701883280022,2.7119769253293833,3.045236039161682,14.991357231140137,2.095829486846924
91abc4c7,-6.123333333333332,0,3,0,1,0.9104570154924536,0.9500781536102295,1.9652821898460389,-0.10071068021732081,0.8102332591977157,0.9139933628796758,-3.6469609260559084,1.9652821898460389,3.9874073266983032
91b301ce,-91.02833333333332,1,0,1,4,1.1266146481708617,-1.1456823348999023,-5.730209445953369,0.8993149876145147,-0.0010381942584577254,-0.2530046642565934,1.36197988986969,-5.730209445953369,2.7533693313598633
91db7070,57.029999999999994,4,1,2,2,0.8562529746954469,8.194372463226319,-5.553303575515747,-0.21741698956535474,3.4939731847286737,3.790933369891044,3.7983065128326414,-5.553303575515747,1.501112461090088
925a7cd1,-7.713333333333332,3,3,1,2,0.7222147348907706,-4.754281139373779,11.20625479221344,-0.5920040529390245,-0.11030049665357503,0.976267461594724,-3.8989338874816895,11.20625479221344,-1.4767354011535645
9283ae69,-2.11,1,1,1,4,1.114698516856856,-2.895412492752075,-0.09684338569641113,0.24494266794412267,0.954850125715188,1.3501053290512313,-2.3613648414611816,-0.09684338569641113,0.8483222007751465
9298ad5b,-12.196666666666665,2,4,4,3,0.7059608930267391,-1.5712131261825562,-2.759113442897797,1.0539136804619476,2.6267310103621435,3.36001722661871,4.135532426834106,-2.759113442897797,4.802713704109192
9314ff13,-7.2,0,2,1,1,1.264989737426782,5.964162802696228,-4.056829726696014,-4.048246651320016,-0.20189227477133959,2.7689075934894083,-2.268735408782959,-4.056829726696014,-5.359341144561768
93209a3d,1.0966666666666667,3,3,0,0,0.888862690280877,-2.277849292755127,12.481959915161132,-0.30524287496856967,-0.4896464132513918,3.4076324787880865,2.4521516799926757,12.481959915161132,1.265064811706543
939d9c34,30.95333333333333,2,4,0,0,0.7551845152117197,1.3000303030014038,14.453993797302246,0.8839717686131895,1.3258321162432487,1.5158815193580417,11.670034027099609,14.453993797302246,-6.332207155227661
93f5d2e6,-47.93666666666667,1,0,2,4,0.9866248617992817,-4.352162218093872,-12.608343124389648,2.945669685954851,4.128510322707501,4.8779230793363855,0.36142582893371583,-12.608343124389648,-4.274833297729492
940a48d9,-10.443333333333333,2,3,2,0,1.1815310023342664,-2.8643964529037476,-2.9488749265670777,2.9681446188906397,0.09030272447255108,0.7444564656231657,-2.835134172439575,-2.9488749265670777,2.015588808059692
940e709a,-0.9299999999986666,1,0,1,4,1.2554614622649893,-5.8299706220626835,-12.487818717956543,-2.643799173878166,-1.1349074271394843,0.03983104710939731,-4.6977783203125,-12.487818717956543,7.037877750396729
9426ec1e,-15.44,4,0,2,0,1.160189604913521,-1.8977900743484497,-4.406971073150634,0.2892259216907728,1.142227243250717,1.6327673672648708,-0.22228503227233887,-4.406971073150634,7.794782519340515
94467f50,-32.785,1,3,1,4,0.8701684244927786,7.062514114379883,-8.017952632904052,-4.1206881384490455,-0.020366754581737822,0.49265639178662146,-6.235140323638916,-8.017952632904052,2.2621959686279296
944f36b9,7.526666666666667,3,0,2,0,1.408098521287989,4.634781265258789,-3.4888450622558596,5.087719575240115,4.872384690173969,4.706985808340197,10.395512580871582,-3.4888450622558596,1.3377304553985596
94d813a4,-54.87,4,3,1,2,1.2137073141813126,-11.000858592987061,6.86714277267456,-0.6488194950433602,1.497118782569861,-0.01667767605593391,1.9782755374908447,6.86714277267456,0.9405969619750977
95b559e7,8.13,4,1,2,0,0.5682456142865527,6.513508319854736,-0.12730228900909424,0.47484075272169496,1.8490530879079219,2.9856864022519343,-0.9439947366714477,-0.12730228900909424,-1.6533440589904784
95c8427f,-19.198333333333334,1,4,4,1,0.9261933697303345,-12.328484582901002,-3.315339231491089,0.058375380043805734,1.1658403265228505,0.1358821219553855,-2.9757517337799073,-3.315339231491089,3.231065273284912
96936c22,8.200000000000001,3,3,1,2,0.6452983231787226,-3.707157611846924,4.693131351470948,-0.18088163674806,0.12862464829187906,-1.8449225268195146,3.5203073024749756,4.693131351470948,5.495317125320435
96ae5806,-6.63,2,2,2,3,1.2844097632157663,-1.3876624822616577,-4.887080073356628,-1.63820545207044,-0.9386114556896702,1.2256897693893645,3.288138771057129,-4.887080073356628,5.762257719039917
96b7eea1,13.171666666666667,2,4,4,0,1.1591788126444684,11.160700035095214,12.698477363586425,-1.108414562008385,3.225575957907379,1.4905071814664788,1.925525426864624,12.698477363586425,3.121364140510559
9719aa04,7.31,3,4,4,0,1.3403776018464473,-10.171851539611817,3.920331907272339,0.84783609525221,-0.07860259427305012,-0.9402740009391122,3.4501813411712647,3.920331907272339,2.420708250999451
974802e7,32.23166666666666,0,0,0,1,0.98014779036913,-1.7516053438186645,-14.285280418395995,-1.354755282486846,2.650350397469924,1.9154307794260075,2.3398494482040406,-14.285280418395995,-6.701261425018311
97cd5bf9,17.206666666666667,1,2,0,3,1.0284492086594383,-9.564789390563964,-4.360825872421264,2.6144313851461387,2.890704701070623,0.8666032699846824,-2.0318949222564697,-4.360825872421264,-1.6763665199279785
98177ced,-4.275,4,4,2,2,0.8443855682557281,3.0031845331192017,3.5099445819854735,0.35200954718433874,2.157480627169716,1.74696550110232,2.0713593006134032,3.5099445819854735,3.1549700260162354
9896fc0b,-43.48,1,0,2,4,1.3003986593330672,-2.2973373889923097,-6.161914110183716,4.196860270079429,0.8648503973077399,1.712362220042261,1.160581111907959,-6.161914110183716,-0.5917754411697388
98bc6f66,-0.4850000000005,0,4,0,1,1.0405022935613022,1.2912302255630492,-4.430166745185852,0.31611481003951847,1.5010140985018716,2.7111250254837103,4.345275068283081,-4.430166745185852,7.024497079849243
992c99e8,-20.881666666666664,3,3,0,0,1.151155102650185,-0.17213163375854493,6.727589797973633,2.8620275170311507,0.7665563513321649,0.359642643923412,2.2958138465881346,6.727589797973633,4.029980659484863
992ce078,-7.009999999999999,0,3,1,1,0.7741634267347083,-11.537659168243408,-9.493852043151856,-0.43278235622704264,1.0405119907004192,-1.849867344265279,-1.4771642684936523,-9.493852043151856,-0.9261224746704102
99529c45,-7.3500000000000005,0,4,0,1,0.8709038805872307,-1.1246423363685607,-4.678214955329895,1.217019117928945,2.9732886889270373,2.0975632061013245,-1.9133889198303222,-4.678214955329895,-2.0852736473083495
995ff498,-17.8,0,1,0,1,0.9643462751994567,-7.9217792510986325,-1.6077014446258544,1.2528777677388319,4.21267944677621,2.6925363984870634,1.9654534101486205,-1.6077014446258544,2.040698766708374
999daf80,-1.8716666666666668,1,4,4,4,0.8810990335961171,-4.396067810058594,3.8511630415916445,0.03290362895804586,1.4026695773878175,2.929638098063258,1.1571751594543458,3.8511630415916445,1.1431813299655915
9a6b0392,-15.87,3,0,2,0,1.0055243692758988,7.105413246154785,15.248251342773438,0.8623821064269492,1.2140289867198635,3.560509258713052,4.5077552318573,15.248251342773438,6.81894211769104
9a8ae0d6,13.073333333333332,4,1,0,2,0.7741323624611234,-4.767437362670899,-0.06772816181182861,2.489424014456998,2.2983622716571066,2.8814302241363574,1.4038249969482421,-0.06772816181182861,0.9668590545654296
9a95e33f,-10.1,0,2,1,1,0.7486855795697627,-11.353130722045899,-2.633389925956726,-1.4775787958254258,0.8167919165272973,-0.3462162851160492,-2.001172733306885,-2.633389925956726,2.1981825828552246
9ab94eeb,-16.455000000000002,1,1,0,4,1.3334190616521124,-4.009196853637695,2.7725271701812746,1.9578200491922637,1.678466262521723,2.8870532620308347,0.4415592670440674,2.7725271701812746,3.653402328491211
9ad5410a,-14.061666666666667,3,1,1,0,1.06686223164002,-9.68493013381958,-10.057369232177734,-2.595589030820478,-1.8965188761617093,0.6548148141993206,-5.353686141967773,-10.057369232177734,-2.2503270626068117
9ae248be,8.14,1,0,1,1,1.1376242871623226,-4.85871639251709,1.6729878425598144,-2.813708360084913,-2.3530088911202864,-3.2434585572833656,-8.013371181488036,1.6729878425598144,4.428809642791748
9af1ffd0,-32.291666666666664,1,3,1,3,1.0975184510692741,-9.731417465209962,6.69898567199707,0.368129750868624,1.1967647557853915,-0.5254769296135325,0.8708140134811402,6.69898567199707,-2.3726668834686278
9b5b61c1,8.113333333333332,2,4,3,3,1.0826882433718363,2.7645580768585205,0.6577468276023865,0.8750241827851672,1.8795352997793031,2.7026907456449107,5.7552577495574955,0.6577468276023865,4.54147469997406
9b9e3b49,-7.94,4,4,0,0,1.3543360674126823,-6.960306930541992,-11.250349044799805,-1.128246966739694,-5.167434652652231,2.1294714099057988,-1.5597167015075684,-11.250349044799805,1.1528485298156739
9bd2bba3,3.75,3,2,1,2,0.9448977909848008,-0.6968330502510071,2.460899829864502,-4.402620790266311,-2.009307217210521,-2.1362833003696737,1.418174147605896,2.460899829864502,3.9268656730651856
9c211c53,-11.58,0,0,0,1,0.9034888901478503,3.49227237701416,-1.7351240634918212,-0.3784163504821123,0.410593941896063,1.6833328748545586,-7.159804725646973,-1.7351240634918212,2.1197426319122314
9c350a6a,-10.753333333333332,3,2,2,2,1.0288681283797128,5.1733622550964355,-11.918271446228028,-0.8144180974787762,-1.95626402909637,3.3838606904639392,-6.685284614562988,-11.918271446228028,2.9904125213623045
9c8375f7,5.39,1,4,4,1,0.9260667182421105,14.684195709228515,5.793937873840332,2.0665406561608943,1.671268508232283,0.02696999422557822,6.342794704437256,5.793937873840332,-0.10760493278503418
9d072e4c,14.008333333333333,3,0,2,2,1.1823742840877176,9.961039161682129,-4.080037784576416,-1.3639399069326008,3.6268570317198034,4.322891392019805,1.74165518283844,-4.080037784576416,-1.0261462688446046
9d3ec64c,6.055,1,2,2,3,1.1266231612093667,12.178953170776367,5.202392292022705,3.697116393865052,3.2325697745012305,2.114785370870164,5.5053788185119625,5.202392292022705,7.877785301208496
9d4272e3,25.66,3,2,0,3,1.4223466888455925,-0.702457857131958,-4.75465601682663,1.5957034061978743,2.5467907650687827,0.844785708547727,6.100836944580078,-4.75465601682663,2.8626515865325928
9d5e14d4,-37.49333333333334,0,1,0,1,0.639555908467967,-33.16256828308106,-6.190333271026612,1.6932999747610573,0.6903776123724464,0.8775288881670533,1.812918472290039,-6.190333271026612,2.113629770278931
9da441ba,12.083333333333334,3,0,2,0,0.8664327009669149,12.064021682739257,25.99730682373047,5.685646076482152,5.743549102749512,6.082610730571814,28.9104736328125,25.99730682373047,-1.3168028593063354
9dede370,22.59,2,3,0,3,0.7622387823821976,-3.1318427085876466,7.396014404296875,-0.10393881913104788,0.5410537344209493,-1.2518407466859156,1.9384788513183593,7.396014404296875,-4.105658030509948
9def2eb2,12.37,2,1,2,3,0.8167461424038723,-4.045351314544678,-1.5417546272277831,3.3594080654644274,3.5279914140834867,4.277897450671378,1.865380859375,-1.5417546272277831,0.22992825508117676
9df1b1f9,9.75,4,2,0,0,1.0874658349293789,9.018408584594727,14.36600170135498,0.06137547179216938,1.5661220184993243,1.6268779619493638,1.4375255107879639,14.36600170135498,1.575674295425415
9dfff011,5.04,2,2,0,2,1.0967202511239773,6.980220699310303,18.480088806152345,0.080410880346479,0.8986098886411341,1.024333310051556,7.998553276062012,18.480088806152345,5.322936463356018
9e3e364d,17.67,4,1,2,0,1.1052094790698532,2.3034462928771973,0.8953887820243835,2.250593487549216,3.3462409062522447,3.297641984440631,8.576365280151368,0.8953887820243835,1.4852470397949218
9efc812e,-13.306666666666667,1,0,2,4,0.821939737290702,-4.224820995330811,-16.580110168457033,2.443753165272857,2.0772641576604824,4.724987784305637,-6.11397008895874,-16.580110168457033,-0.9342194318771362
9f0c7bae,12.38,1,0,2,1,1.0905120821670664,-2.7070737361907957,-6.42525053024292,6.633898630731646,2.73102607965942,2.2647669759829183,-2.730775737762451,-6.42525053024292,-0.2789763808250427
9ffce529,-21.201666666666668,1,1,0,1,1.0250772390886371,2.7103521823883057,11.859832382202148,1.5456534426987447,0.10849728120926412,1.1692877549098328,0.1967620849609375,11.859832382202148,5.491872882843017
a0383629,0.9500000000000001,0,1,2,1,1.1488313186391654,-13.786758613586425,7.818611526489258,-1.086482682710641,-1.3129128366399088,0.8682838781168234,0.10458784103393555,7.818611526489258,5.012708568572998
a056d01e,-24.900000000000002,2,3,2,3,1.1504244937180972,-1.0124010562896728,0.49579620361328125,3.991347163621188,3.402004224999403,2.2937470710663517,1.1935776710510253,0.49579620361328125,5.644151878356934
a08d9e63,14.386666666666665,1,0,2,4,1.2606708555493888,2.7475879192352295,14.79307689666748,5.777831350360923,5.003835213978091,4.165603548414897,12.839544296264648,14.79307689666748,1.4053946495056153
a0b83014,6.12,3,3,3,0,0.911065691093572,3.5758646965026855,-10.603357124328614,-1.389747343290002,-1.6836004284761117,-0.2350098835090983,2.256998062133789,-10.603357124328614,0.7648317098617554
a0e92ed6,-23.201666666666664,4,0,0,0,0.8520969802708624,-11.308048152923584,-6.0951162815094,0.9523853623218242,-1.8698314501462043,-0.22224571192073705,-5.588236474990845,-6.0951162815094,6.333361434936523
a15bc102,3.8700000000000006,2,4,0,3,0.8894779580585539,-4.245904779434204,2.25697865486145,0.07001632611694761,1.534953319396903,1.8937875002211153,1.8775591850280762,2.25697865486145,-0.28047373294830324
a247e7cf,-3.198333333333333,0,4,3,1,0.7109493311004016,-0.579490852355957,-4.114973354339599,0.9215312517577736,-1.9169983102775903,0.5080487357843522,0.8751482248306275,-4.114973354339599,-1.6927271366119385
a2e8e7f6,19.12,1,0,2,4,1.045577250855787,1.4910682916641236,-9.681776332855225,2.2587790793832667,1.4381666441325927,4.840478249548225,3.090252685546875,-9.681776332855225,1.6047960281372071
a3518960,10.563333333333334,4,1,1,0,1.049121799667682,-7.735596179962158,-3.1371181488037108,0.17036246697463595,-0.27316686995946204,-1.6963255523207408,-0.8440125942230224,-3.1371181488037108,5.654516506195068
a3f71395,-9.07,1,1,1,1,0.6515630242539918,-3.628132939338684,-12.844059944152832,-6.784265478549297,-5.875950369523229,-3.5200484973649884,-16.710266494750975,-12.844059944152832,0.9637383937835693
a4719920,6.95,2,0,2,3,1.1684248948850855,-0.14357686042785645,-0.4265575885772705,4.880644559344035,-1.2823249399011643,2.776461215618414,6.270842599868774,-0.4265575885772705,1.3092007637023926
a48640d9,2.9499999999999997,4,2,2,2,0.9425857395403057,1.67694091796875,17.27748050689697,3.9622154232143165,4.568828279328694,4.505036564195989,11.91219253540039,17.27748050689697,1.2638961791992187
a4cdbb0f,-4.908333333333334,0,4,1,1,1.2771722365702387,-12.40190486907959,-12.158222770690918,-0.6597799947941774,-1.758470570343593,1.882402670346135,-8.229348850250243,-12.158222770690918,-3.8811607360839844
a4f989c2,-8.616666666666665,2,4,3,3,0.8402576315500327,10.926769495010376,8.763668441772461,3.822054276565914,1.8395764831343917,2.8111453480570745,2.248565101623535,8.763668441772461,3.4708516120910646
a5aa7973,-22.31,3,4,4,0,0.6964924729734989,7.726774644851685,7.653677845001221,0.991313624825312,-1.077999231143234,1.68775335469197,0.41164207458496094,7.653677845001221,-0.9443269968032837
a5e6f7dc,-13.198333333333332,2,2,3,0,1.2412132947073862,10.833529853820801,9.210668396949767,0.945070611429245,2.1855434204784463,2.8551765197492913,7.637959957122803,9.210668396949767,1.0509879112243652
a612d5a0,15.930000000000001,2,4,3,3,0.9538483269707925,7.5397570610046385,13.875375747680664,1.2951733986703025,1.1061280806442872,2.9841086397368977,4.419297742843628,13.875375747680664,4.889311742782593
a622ce4d,6.468333333333334,2,1,3,0,0.9561358867352288,8.406277179718018,6.888192129135132,0.6100692417892997,4.280513203493112,4.166561247418322,9.98265037536621,6.888192129135132,0.48321521282196045
a645da9a,-8.450000000000001,4,1,2,0,1.3373364657656868,5.675514602661133,1.1421708106994628,2.553656536479772,5.009977725253533,4.608912937397245,8.850212097167969,1.1421708106994628,6.853442811965943
a692b17e,2.9,0,2,0,1,1.1537652761511477,2.338196897506714,-6.399206876754761,2.673051325405239,3.5360254357836896,3.2661936768712985,3.3974436283111573,-6.399206876754761,-4.788097620010376
a6b8ac67,14.328333333333333,1,2,1,1,1.1247870188660474,-5.443686485290527,-5.097791862487793,-0.6283753817671685,-1.7984122405303342,-2.3589874624437783,-6.446484470367432,-5.097791862487793,0.9014301300048828
a6ed2eff,12.035000000000002,4,3,0,0,1.2614166871039978,0.8478503108024598,13.211754035949706,-0.6470570109398676,0.015445976854704524,1.1528646236915794,4.2534839630126955,13.211754035949706,5.110944986343384
a6f967fb,-11.031666666666666,4,4,2,2,1.2629240690126355,-16.302693176269532,-6.464852619171142,0.1402515257509811,2.1153689273037664,1.9541503122022115,-3.8150587558746336,-6.464852619171142,-1.313235831260681
a76db406,15.415,1,2,2,4,0.994775572646817,-4.203139448165894,-3.1924269914627077,2.0055262100650504,3.068371195435963,0.2204427095784208,-1.189084529876709,-3.1924269914627077,-0.4530489921569824
a7744f5b,20.773333333333333,0,1,2,1,0.6153343834576417,-3.23454327583313,-2.386475658416748,3.2628583142028433,2.3559481198691765,5.070349006758666,-0.4277732610702515,-2.386475658416748,-2.27093985080719
a783cc24,-55.788333333333334,1,0,2,4,0.9455301879969532,-1.974641990661621,3.4119497299194337,2.8625807533407204,2.1535398473167136,6.762558697363363,0.8651370048522949,3.4119497299194337,-7.438981342315674
a79fd2e7,-0.683333333334,3,2,0,0,1.047662246466917,-3.9374051094055176,6.455188846588134,1.099225373010185,1.727725994248822,1.0298637552594343,2.7900091648101806,6.455188846588134,-0.6162754535675049
a7fc3e6b,4.45,1,3,3,3,0.9223802485323895,9.385864448547363,4.98835825920105,0.027038846112186477,-0.4605027675669232,-0.24423375397660124,3.913246250152588,4.98835825920105,4.170086193084717
a85bb86f,-0.8583333333344999,1,4,4,4,0.87469840704238,-2.6859781980514525,6.0303723335266115,-0.9060345327869396,0.8729651301890599,1.3707222114799102,1.999993872642517,6.0303723335266115,-1.036550521850586
a85e4bc3,1.09,0,0,2,1,0.6805291102803883,-4.19346170425415,1.7921671748161316,0.9857759075362997,0.7516058391841769,4.433021650093156,-2.7639793395996093,1.7921671748161316,-0.22565040588378907
a87433c9,-0.8633333333343334,3,0,2,2,1.0103399275322356,-5.751397228240966,-3.5813559770584105,-1.3183637895296492,-1.60517118545232,1.2280915482769075,0.1826564311981201,-3.5813559770584105,0.1143580436706543
a8ed028a,16.15,4,2,1,2,0.8994774025358279,12.376482391357422,-4.278202915191651,-0.8536686124411833,-1.0149782627538921,1.6088164887434857,1.003692364692688,-4.278202915191651,-1.2625047445297242
a959858c,89.705,4,2,2,0,0.7275146450354423,150.5097229003906,67.13195266723633,-2.158566712983271,-1.588683940168709,-2.2492983478457083,21.066989040374757,67.13195266723633,-15.53779640197754
a9c9b150,0.7833333333333333,2,4,4,0,1.0158968163045752,-3.1119752645492555,4.38652491569519,-0.5403992249958671,2.9798932396043023,1.7744192967869346,1.0866270780563354,4.38652491569519,-0.3977823257446289
aa95015b,10.126666666666667,3,2,3,0,1.0238802827869091,14.804021835327148,5.888333988189697,4.64985008121497,4.557882254784848,3.1115558765379228,0.999851131439209,5.888333988189697,0.2970959424972534
aaaf3c03,3.91,0,3,1,1,1.056492032852558,-9.86231575012207,-3.0369261503219604,-2.804548676242054,-0.6765320050224504,0.8320903562394371,-2.2632623672485352,-3.0369261503219604,1.7764854431152344
aaeffccb,7.361666666666667,3,3,2,2,1.1095133955965955,7.01388692855835,2.530452585220337,-1.9817120515177158,0.14705450191052752,0.753593703295266,-4.625716495513916,2.530452585220337,-0.10561017990112305
ab112491,29.766666666666666,3,3,1,2,0.8065825568374327,-4.961529159545899,4.735645222663879,3.249512159591139,-0.3536209156701419,0.5200391080515323,5.848144054412842,4.735645222663879,7.236760997772217
ab18d3fc,-26.110000000000003,4,2,2,2,1.061166371531041,-1.206810188293457,1.8078636169433593,2.2587382019572204,1.1701202733404144,2.2107908536499337,0.3455508232116699,1.8078636169433593,2.875304937362671
ab3ced07,3.16,4,3,0,2,1.1338263698349202,4.63091926574707,3.6849787712097166,2.2039627530271346,2.2010971250090643,2.4184482638707663,2.5799404621124267,3.6849787712097166,0.9219012260437012
ab6fe95d,7.93,0,2,1,1,1.0312558941011718,0.18217430114746094,-3.93946533203125,0.5786039709239577,-0.2552999975708096,-1.3565161937929036,-0.513851547241211,-3.93946533203125,-0.2772483825683594
ab94878e,4.16,1,2,1,4,1.0702359689869139,-11.509446144104004,0.07600250244140624,-4.259204025964611,-3.561715231778803,-4.331380456430817,-6.54069938659668,0.07600250244140624,2.8926198482513428
abf460d2,22.406666666666666,3,3,0,2,0.8116407407849658,-8.120775127410889,-4.55521297454834,1.399370677689925,2.8838193867646296,2.8117061555730354,6.368393516540527,-4.55521297454834,-2.4920270919799803
ac6f01d5,-15.145000000000001,4,3,2,2,1.2936930469295636,0.5899171590805053,2.3291955947875977,0.023042906001383923,-0.09600488071131145,3.4164768216999137,-2.9405515670776365,2.3291955947875977,-0.8998449087142945
ad2133a8,6.38,1,2,0,1,1.1565626799708675,-3.300201749801636,-16.61106185913086,-8.250681992138812,-2.6587135120705785,-0.5576397769418281,-4.683409357070923,-16.61106185913086,0.16753878593444824
add9c322,-7.8999999999999995,2,2,0,0,0.5045795784049302,8.721979188919068,-1.7085935950279236,0.8535421848342253,-1.2593772570651194,1.8955293063741443,0.7871809244155884,-1.7085935950279236,-4.862754917144775
ae069086,-8.656666666666666,1,3,1,4,0.8498816218827658,1.631566619873047,0.7420392036437988,-2.3074070684965386,-2.2531965418675624,-0.4146756533397111,-2.475484275817871,0.7420392036437988,4.105208325386047
ae0784a8,9.87,2,0,2,3,0.9895972003825084,6.533870506286621,15.574314308166503,4.112080533688426,6.191328438446186,4.42522434141717,10.028070449829102,15.574314308166503,2.5147624015808105
ae35f33a,-12.031666666666666,1,2,2,1,1.015614739321904,-8.866769933700562,11.127259063720704,2.215743308055346,3.751428888096693,2.5884923783065483,2.592026424407959,11.127259063720704,-1.2330290794372558
ae8959c3,34.205000000000005,2,0,1,0,1.064831494153227,3.148529553413391,-8.951830911636353,-3.004787522398505,-1.0172659694529833,1.2005718995619024,-1.969731044769287,-8.951830911636353,-3.1476868629455566
aed44918,1.36,3,0,0,3,1.037207163690579,-7.501370668411255,11.786430931091308,1.1171244651110752,3.9513325813703957,6.05999454425176,-2.711677646636963,11.786430931091308,-2.622672986984253
aee6393a,-0.73,1,0,2,4,0.8798473755492624,0.653372836112976,-0.4924635410308838,6.830571246478573,-1.6857726473071915,3.8858852168247973,4.436877489089966,-0.4924635410308838,-3.6919177055358885
af7a59ce,4.235,0,2,2,1,0.8225169387717678,10.600887489318847,7.173783302307129,3.4662977590942274,0.6470737529548665,3.8714584121067945,-1.6337388038635254,7.173783302307129,5.399267387390137
aff4e561,19.51,0,4,4,1,0.945872853670149,1.9532183527946472,5.864570093154907,-0.6289217234019358,1.9151505610473265,1.3850548326826833,4.815146350860596,5.864570093154907,-0.32924566268920896
b04b58a3,-4.791666666666667,1,1,2,4,0.5208334202689617,-1.5723822593688965,5.820527076721191,3.2499010672780244,0.9950288681281716,3.9785872586352027,10.28331127166748,5.820527076721191,-0.5136983633041382
b0d42b0d,-6.483333333333334,2,4,0,0,1.0771007534653763,-2.2496681213378906,0.42526631355285643,-0.06931943726026742,1.1754475991583635,3.3501706902813337,-2.104419803619385,0.42526631355285643,-8.89049973487854
b0f53bf4,-0.061666666668000004,3,0,1,2,1.101145314044421,3.3232608795166017,-4.260911965370179,-0.6487062941241992,-0.17900007576486052,1.6581302796050044,-4.30473895072937,-4.260911965370179,8.34074420928955
b19b0395,-14.37,0,0,2,1,0.8717372652802886,-6.313207817077637,-10.7545672416687,0.9102149122704397,0.13081610221424436,2.2046136067331075,-4.48386025428772,-10.7545672416687,0.7614394187927246
b1efb8a4,2.42,3,1,1,2,1.101145314044421,4.811664772033692,0.549943995475769,-0.4978207996237625,0.4783483944743809,0.4657462039581122,1.2749911785125732,0.549943995475769,-0.6563067674636841
b32902c0,21.95,2,3,0,0,0.6631313095187759,-1.253960132598877,8.788685035705566,-0.3057423510971623,-1.7110455499574535,0.6918737429920668,3.050514793395996,8.788685035705566,2.667757987976074
b32e4903,13.289999999999997,0,1,1,1,0.9043490765832038,-3.711036729812622,-4.214318466186524,-0.0010273546117801403,-1.7837182777457699,-1.4190249041601095,-3.372963523864746,-4.214318466186524,9.250651240348816
b3388334,24.7,0,2,1,1,0.6737866651122385,3.7680171251297,-7.759218668937683,-2.7425351396292372,-1.1542527396153386,0.5076623101568405,-6.27083683013916,-7.759218668937683,7.673180961608887
b37fd114,18.051666666666666,2,1,2,3,1.0384934207466991,9.790974140167236,8.475416278839111,1.4583578810125837,4.311208084895597,3.0340314839811384,7.472963142395019,8.475416278839111,8.248412036895752
b38e3116,-1.876666666666667,3,1,1,2,0.8934858739933784,3.8000241994857786,8.158573627471924,-2.1931202297042462,-0.3256788165397385,-0.6051523524587209,4.291301918029785,8.158573627471924,-3.9421730995178224
b4d8dd4f,28.74666666666667,1,4,4,4,0.9915298793786229,12.928386306762695,5.646013975143433,-2.3181135071760286,-0.5716353187141033,-0.1087402337967216,-0.46769564151763915,5.646013975143433,0.3526152610778809
b4f37e6e,33.63999999999999,1,4,3,4,1.1667056332955972,5.7080904006958,0.17718372344970704,4.412148815073931,2.9488708235407324,3.235961158350583,-0.8900370121002197,0.17718372344970704,-2.504070997238159
b56bc0aa,0.11333333333399999,1,4,4,4,0.7004657432306598,-0.7757836580276489,-2.390405869483948,-0.6150659585490581,1.8056200852361648,0.17567815202595688,0.28751487731933595,-2.390405869483948,9.528641152381898
b585b4fa,-24.51166666666667,0,1,1,1,0.9880996376225676,-9.858246231079102,-11.589056205749511,-1.1516352758333661,-2.8397984164117243,-0.34896731045518414,-8.52171277999878,-11.589056205749511,4.465606784820556
b5aa9634,-33.38999999999999,4,0,1,2,1.0095988364009658,-8.009235191345216,-3.8264849901199343,-1.3700905556121201,-6.159427161025134,2.266178810734304,-14.542288208007813,-3.8264849901199343,5.792965698242187
b7974e66,-6.509999999999999,2,1,0,3,1.2091383883087834,0.8364669799804687,-5.137867629528046,0.7855741984140632,-1.3950332258297706,-0.5310577890922951,-0.7811856269836426,-5.137867629528046,2.0554141283035277
b7cdcecb,20.358333333333334,0,4,3,1,1.1308253746550918,11.773897933959962,14.423573684692382,0.4904801945810271,1.5494278943287694,1.8795765024183364,6.342436075210571,14.423573684692382,0.29412403106689455
b7fea9ef,-1.7,1,1,2,4,0.912943434835381,1.5527868747711182,8.350469207763672,3.714020881639457,4.6700311671811034,3.8231056951670803,0.5968367338180542,8.350469207763672,2.991887664794922
b85f7b06,8.299999999999999,4,1,2,0,0.5732921114331175,9.22952184677124,7.417789459228516,4.078951654784438,1.6284055194295433,6.261102579584455,6.544147205352783,7.417789459228516,-0.25278329849243164
b881d27e,19.433333333333334,0,0,2,1,1.253435117964991,5.104812049865723,7.868207693099976,4.119794399737022,2.1039624323283523,1.9130287386216047,5.039661455154419,7.868207693099976,-1.0251198291778565
b8c49c1a,3.1650000000000005,1,2,2,4,1.0296963312126637,4.180504226684571,-10.770630645751954,3.067196639269342,3.783015899069798,1.0840982150660767,-3.151664924621582,-10.770630645751954,-1.3994601011276244
b95e7121,1.3983333333333334,3,1,2,0,1.1736714896426652,14.981528282165527,26.820624542236327,6.175486528011606,7.5771907106858905,6.634066462329369,26.007811737060546,26.820624542236327,-0.12845096588134766
b977be4a,-11.64,2,1,2,0,1.0051457714342793,10.85001802444458,9.358381652832032,7.010473948864574,7.858433285821351,6.067125834794193,12.466647338867187,9.358381652832032,-5.66984372138977
ba48188d,-103.79666666666667,4,1,1,2,1.3340734683748328,-10.712994575500488,-11.536098194122314,-3.2411490614024117,-1.2874715718479117,-0.15141790337574612,0.6784171104431153,-11.536098194122314,-2.9130146503448486
bb2cdd83,6.488333333333334,0,2,1,1,0.806034538388442,-8.232793140411378,8.926924896240234,-2.4736198501994573,0.09942466336331161,-1.0609756385648144,-1.3634684085845947,8.926924896240234,2.0537899494171143
bb337fa0,33.708333333333336,2,0,0,0,1.2222678738625148,4.05256986618042,-1.9834946632385253,0.7082908647884878,1.8323704427469134,3.3249250069457394,-0.07940440177917481,-1.9834946632385253,8.194876146316528
bb682ebd,29.329999999999995,3,4,4,0,1.0636084228049731,2.5017990589141847,6.342259168624878,-1.8215565267800753,-0.8177544853624129,1.4455735986022669,-0.719962215423584,6.342259168624878,-3.0507272481918335
bc4381e2,15.528333333333334,2,0,0,3,0.9539919020352935,-0.605728030204773,9.641951751708984,1.3574762689758977,-1.4477916182546449,1.7931462150717654,-1.3113932609558105,9.641951751708984,7.7301372528076175
bcebcc5f,37.651666666666664,2,3,3,3,0.8904614198948957,14.011294746398926,9.436128425598145,3.0207930876354054,-0.22518527237163316,1.1729186968096639,4.963758850097657,9.436128425598145,2.656781625747681
bd2c2f34,-4.3,0,1,0,1,0.8993410891446434,-3.772590172290802,-4.183180570602417,0.6313499818348216,2.6934787566276426,2.5792115723528592,-3.4811819076538084,-4.183180570602417,4.455524826049805
bd4ae5da,-14.799999999999999,3,4,0,0,1.0200871010819903,-8.796817779541016,-7.62920503616333,-1.803082361195111,0.7981639659149272,-2.80936119648791,-3.0740547657012938,-7.62920503616333,-1.9654811382293702
bd6f0e19,8.549999999999999,3,3,3,0,0.9492386268219732,2.1824050426483153,7.3185711860656735,0.34101198295200563,1.9923052213546835,3.1175600944357433,-1.3597928524017333,7.3185711860656735,4.309212374687195
bd8f847e,7.041666666666667,1,0,2,1,0.7648541960707858,-4.360090351104736,25.129006958007814,3.8938582470077163,4.575594604181219,5.478387853745002,8.699781322479248,25.129006958007814,5.529008245468139
be063506,-2.49,3,4,0,0,1.0097169022945283,5.2598509907722475,-9.30983214378357,0.5217330201738741,3.833587841124546,-0.08536116368612526,1.1099039554595946,-9.30983214378357,-1.854357862472534
be35c8f2,-11.47,4,2,0,2,1.2422588098826073,2.75844064950943,-8.25739631652832,-0.07781874551588439,2.491322194017966,0.2566995247522149,2.9324077129364015,-8.25739631652832,5.568330478668213
be83e781,10.058333333333335,0,0,2,1,0.8344563908577156,5.051972103118897,4.409593081474304,0.6750163167865207,-0.2967879664491102,2.6611089083261033,2.7788041114807127,4.409593081474304,-2.4981635093688963
beda8696,-28.15833333333333,0,4,4,1,1.0942642447625754,-0.22867131233215332,1.8934144139289857,0.2896653644115671,3.143836218520053,2.1558897420016905,-1.9455502510070801,1.8934144139289857,2.7457438468933106
bf39bc20,-16.056666666666665,1,4,3,1,0.9946092539170447,3.7723135948181152,2.4987481594085694,-0.7011160961878906,0.2424991515169122,0.5397580918166923,-6.653544616699219,2.4987481594085694,9.51801609992981
bf70b410,-45.555,0,4,0,1,1.0138518536670102,-2.6082701206207277,-3.7690356254577635,1.2625261909101608,0.7430811965880603,-0.1716511298805621,-1.421230173110962,-3.7690356254577635,2.250081205368042
bffe3082,31.625,2,2,3,2,0.8895799968904413,9.560976314544678,0.6486726522445678,3.5104585242306046,1.2005515891828549,3.7868186028091073,-5.010676097869873,0.6486726522445678,-1.1295968055725099
c03b9305,19.598333333333333,1,2,0,4,0.41663950168424435,-8.973050212860107,-4.885058307647705,0.05978360527258566,0.7542546883833527,1.8089669878908095,-4.884113502502442,-4.885058307647705,-0.0815460205078125
c03d4aed,-1.1283333333333332,1,2,2,1,1.0202075620435838,-1.359732437133789,-1.497476077079773,0.22011814186133485,3.64532052533101,3.5702089034253093,3.008224678039551,-1.497476077079773,-5.364447212219238
c03fba65,-34.800000000000004,1,3,0,3,0.8829794951143001,-11.498153114318848,-1.279678475856781,0.2130663028577268,0.41692793389276767,1.2709974441491299,-6.554989337921143,-1.279678475856781,5.8161357879638675
c07fd0cd,4.39,4,3,2,2,1.2647453226744556,-4.180535626411438,13.84892578125,-0.09246999732154038,-0.49966568316523857,2.323081852779963,1.0771645069122315,13.84892578125,1.7204994201660155
c1708b88,0.016666666667,2,2,2,3,0.8849938192512468,12.621431255340577,-3.5089957237243654,-1.5175447277483738,-2.302082404863534,-0.2411045154951343,-1.7887357234954835,-3.5089957237243654,1.328852081298828
c1d046f4,-8.876666666666667,3,0,2,0,1.0267696595763798,1.3385985612869262,2.7698264598846434,2.779375067291391,2.5040023952920647,3.4007008605076634,2.535113716125488,2.7698264598846434,-0.1208569049835205
c2717d4f,9.818333333333333,3,4,1,0,0.9839789212472336,-9.645203876495362,-3.5765982031822205,-2.5073063487688216,-0.3210614833595525,0.025230258630898384,2.1752091884613036,-3.5765982031822205,-0.49958000183105467
c2c4db09,2.9783333333333335,3,2,3,0,0.8161084662424265,5.921138191223145,9.988261508941651,4.613301640954156,5.50430525238762,5.475540442480565,12.900266647338867,9.988261508941651,3.0275925636291503
c2c6fc71,8.938333333333333,3,3,2,2,1.2811837241822612,1.0619391918182373,18.559167861938477,1.9434752022905086,3.732227868457587,2.252735748252469,4.585151290893554,18.559167861938477,0.5688653945922851
c36625df,-19.57333333333333,3,4,0,0,0.7439860490546593,21.3173921585083,-2.7339052677154543,0.4494414287332976,-1.6798895917327876,1.950337216828115,-2.669759464263916,-2.7339052677154543,0.5131067752838134
c3957531,-2.881666666666666,4,3,1,2,1.0680669597066266,-0.47825653553009034,0.09588160514831542,-0.7314334050407776,1.182204901142707,0.9939392475345251,2.753721904754639,0.09588160514831542,-5.850383186340332
c42fe306,24.75,0,2,0,1,0.905368377490612,-4.168729448318482,-3.4106419563293455,0.7876191938077887,1.382463173028228,1.1263015684502595,-0.7728395938873291,-3.4106419563293455,-2.902164363861084
c43812e2,-12.418333333333335,2,3,0,3,1.1646726612757003,-0.44127569198608396,-6.454434776306153,1.6687676280541435,-0.22660051040146117,-0.6027736366563904,-6.546729850769043,-6.454434776306153,1.601062250137329
c472c0b5,11.363333333333332,3,0,1,0,0.8935986744338876,16.653267669677735,-1.4067031621932984,-0.7201887209977261,-2.7833091856877354,-1.228727924851441,-2.1575653076171877,-1.4067031621932984,-1.6329190254211425
c47e0767,30.88166666666667,3,3,1,2,0.6631313095187759,5.29119553565979,6.065061092376709,-0.5372470468221378,0.6319315126999518,2.3752081164975496,2.7226897954940794,6.065061092376709,2.952067470550537
c50b42f6,14.218333333333334,0,4,3,1,1.046709828917015,-1.285713005065918,-27.57452392578125,-1.216007149310137,0.5923021236484408,1.8938155009152458,-2.9148077964782715,-27.57452392578125,-1.2762742996215821
c593337f,-37.18,2,2,0,3,0.9458032677424584,-5.03863776922226,-5.927216911315918,-0.10485839716299399,-1.4871228235332523,0.5050152569604511,-1.7711857795715331,-5.927216911315918,2.4377058506011964
c59b6c4a,-40.916666666666664,0,4,4,1,1.0004103894069796,-1.4108384609222413,-0.6974283456802368,-3.3142702393558365,-1.530937812148459,0.941822234652307,-0.01292867660522461,-0.6974283456802368,-0.9444053649902344
c66be2b8,-28.37,2,3,1,0,0.9274566171394489,5.941064739227295,-0.744931697845459,-0.72303702874318,-1.5177222242820108,0.6128535840776058,0.09010462760925293,-0.744931697845459,4.886814045906067
c6797dd7,-7.32,4,2,2,2,0.5484409175584931,2.4839860916137697,23.237519836425783,0.4660108612440766,2.4998659992550154,1.994923532647661,9.93077049255371,23.237519836425783,-0.9747827529907227
c6b782a4,-3.7866666666666666,1,3,1,4,0.9755677614330327,-0.03477787971496582,-5.137890338897705,-0.2542048538176613,-0.8053817756363214,-0.5610463014898808,-5.757411003112793,-5.137890338897705,6.3694549083709715
c6c96179,6.816666666666667,0,2,2,1,1.0095988364009658,2.0374969959259035,18.0067497253418,-0.0020495511468091366,0.6482766900431922,4.090505255558318,0.9331944465637207,18.0067497253418,-4.564987564086914
c70c0e01,-15.49,3,1,2,2,1.2110991728573104,4.442835330963135,-4.284450197219849,-2.29696175589209,-1.3382852644109882,-2.698831510657893,3.5980300903320312,-4.284450197219849,13.518205833435058
c84c65be,-4.44,0,1,0,1,1.000142420424797,-3.6043604373931886,-6.839369678497315,-0.0435651361839934,0.3471139831452167,1.1301050477509622,-3.9642629623413086,-6.839369678497315,2.7989434719085695
c8d9680c,32.97,2,1,0,0,0.7608758084901652,2.526307559013367,-7.428933811187744,3.052107978810364,-0.48334367018810614,0.6729837316353358,-6.905153751373291,-7.428933811187744,4.453351902961731
c908edd0,-18.99,3,1,1,0,1.107832298543323,-0.1437000274658203,1.4725479125976562,-1.0849908228834009,-0.3247863018029836,1.2581694851423229,1.8681570529937743,1.4725479125976562,5.032349348068237
c9578d27,-8.221666666666666,0,1,0,1,0.9980288150205799,-1.4540740728378296,-8.732799339294434,-1.082092743167455,0.2736263219208475,1.5567150780198378,-2.941688871383667,-8.732799339294434,-1.7491455078125
c96c018a,6.678333333333334,3,2,3,0,0.9708628415536072,5.244219207763672,8.321607398986817,1.700476185470952,3.4540024892606254,2.6777462636392046,8.621820163726806,8.321607398986817,-3.1179585456848145
c99f9fae,-26.2,4,1,2,0,1.30241570719984,5.964894390106201,17.407852745056154,1.8372845606554862,5.667670715337026,5.546778254695899,7.231835746765137,17.407852745056154,0.6429164409637451
c9e6734f,8.893333333333333,1,1,2,4,0.8862230631196251,0.41089067459106443,-12.931846523284912,2.034006885808971,1.5362472653820962,1.5692075179859135,-6.36642427444458,-12.931846523284912,2.1565521240234373
c9e980e8,-13.606666666666664,3,4,3,0,0.987917867371789,-8.232500696182251,-0.2077815055847168,2.1096852605062026,3.4917159324999902,1.5094076666426133,1.8498148918151855,-0.2077815055847168,3.958983135223389
c9fedcf3,8.87,2,2,2,3,1.070495785657835,0.12350746393203735,-6.935015487670898,1.299349747752157,1.1687635518070216,0.9322768633800056,1.4874605178833007,-6.935015487670898,5.238320398330688
cad13e8f,-21.75,4,4,2,2,1.1593679886801287,-1.352097177505493,-2.7028500556945803,0.14623130999941844,0.027449249653229348,0.010972649490863406,-4.248310089111328,-2.7028500556945803,4.848318862915039
cb34231f,1.7066666666666663,4,4,3,2,1.168872056366921,5.812234830856323,5.248179912567139,0.680896584653378,2.466201352275316,0.6395491991531115,-3.7339434146881105,5.248179912567139,4.147419357299805
cb879f40,-12.048333333333334,2,2,0,0,1.2412132947073862,2.063321042060852,-4.142080402374267,-2.6410812549644986,-0.8137601174926387,-0.6346971982531835,-4.091572570800781,-4.142080402374267,0.29931640625
cbb406b5,1.7916666666666667,3,3,0,0,1.3278087672995635,-14.116871356964111,11.082001209259033,-1.4107978758858626,-0.4756229989353405,0.8488064245053977,4.168777561187744,11.082001209259033,-0.5691303253173828
cbe51de1,4.786666666666666,4,0,2,0,0.8619339112358693,13.951918029785157,0.3667117714881897,4.1429312814843176,2.3044231603903933,3.4378573107170043,5.8948407649993895,0.3667117714881897,2.035239505767822
cbe62450,-9.971666666666666,2,2,0,0,0.8817308218603925,11.162527942657471,-1.690489411354065,-2.7564848769184076,-1.3905732451162698,-3.067824546463959,-6.51383638381958,-1.690489411354065,3.5039844036102297
cc08aa63,8.186666666666666,1,4,4,1,0.7278355436651174,3.5964946269989015,0.27532291412353516,2.0593296132808554,1.365528230957715,3.1153221816679846,-0.28824796676635744,0.27532291412353516,-0.21086196899414061
cc8a1d57,-3.1183333333333336,1,2,1,1,1.0900258879873046,-0.05059757232666016,-9.185625648498535,-2.3748003461957823,-2.5603783573494416,-0.2952081415606461,-10.808167648315429,-9.185625648498535,2.0622517585754396
ccedb12b,-16.91,4,3,0,2,0.8664327009669149,-5.124003458023071,7.104955959320068,2.2836213781536108,1.8122152015747184,1.8306127382315125,2.137356328964233,7.104955959320068,2.9016461849212645
cd7f1687,3.1299999999999994,2,2,0,2,0.7817405967728035,-1.7020039796829223,-9.253892421722412,0.8621466805449858,0.24162848624218075,1.9697478896679854,-3.3453714847564697,-9.253892421722412,3.7980751276016234
cda7eb37,-4.718333333333333,1,2,1,1,0.9995993919236916,-0.31927924156188964,-0.5049212813377381,-0.6403487769619053,-1.3066381193989542,1.6474100158236447,1.8238538026809692,-0.5049212813377381,-2.457589340209961
cdc31d65,-9.976666666666667,4,3,2,2,0.8376607921375301,-1.0388318300247192,21.374199295043944,-1.6381970334837253,-1.1256022702843824,0.7032059671723456,2.0473013401031492,21.374199295043944,-4.2407470703125
cdc60a53,10.966666666666669,0,1,0,1,0.9934815864736691,-4.886826229095459,0.3492002606391907,1.4757375125397627,0.6368587101077152,2.2318350915482315,-1.3587852001190186,0.3492002606391907,-1.9873361587524414
ce55ba43,14.200000000000001,2,0,0,0,0.7825948888490508,-1.2232337474822998,-0.49843267202377317,0.8626697578665243,1.9125362811821123,2.5861493341919384,3.360179805755615,-0.49843267202377317,2.4223578214645385
ce8399b7,-5.028333333333334,1,3,2,4,0.87469840704238,0.8940611839294433,-7.522117996215821,-1.4483185609531795,1.7782088753159448,1.266746140628411,-2.7244331359863283,-7.522117996215821,1.3108996391296386
cf50c9d1,-44.39166666666666,1,2,1,4,0.9839946403772565,-8.444596242904662,-5.757136547565461,-0.006145478606202559,0.26251116241300504,-1.9848754239411914,-8.073384761810303,-5.757136547565461,3.8161879241466523
d00e7eb9,-7.86,0,4,2,1,1.050799501005909,-4.281809234619141,-0.5352064847946167,-1.6543963360458072,0.09098427728255812,1.6503374258307926,1.1486240863800048,-0.5352064847946167,5.167420649528504
d011f41b,-5.943333333333334,2,4,3,3,0.9007006096295693,2.8601590633392333,0.45939109325408933,-0.5169010754594717,-0.8755688698765237,4.678249024964506,1.261100745201111,0.45939109325408933,0.7117976427078248
d07aed8f,3.8000000000000003,4,3,2,2,0.8837010079825742,7.65131778717041,3.4332836627960206,-3.0058505668858087,-5.185735315220468,-0.3404624184525147,-5.177924585342407,3.4332836627960206,5.19959659576416
d085e611,-11.996666666666668,2,2,3,0,0.7097490269444569,-0.15435404777526857,-10.701075839996339,3.0173072896597035,1.8012678047371764,2.712039976158287,0.8561184883117676,-10.701075839996339,-1.54477379322052
d0a0e7b5,15.92,2,0,1,0,0.9131461661172393,-3.555531930923462,0.8588332176208496,-1.4559713600296549,-0.25987557970437686,0.26200636259555415,7.531451034545898,0.8588332176208496,-3.976322627067566
d0a43760,0.43166666666683334,1,0,2,4,0.9106447986785637,-8.86288366317749,0.9605592846870422,1.1445688548986213,3.257676107231884,2.5908618546081366,-2.536190366744995,0.9605592846870422,7.551454639434814
d0cb63ae,-0.0099999999987,3,4,4,0,0.9261933697303345,-4.363806247711182,-11.484126091003418,-1.993453594787867,-1.0613684425808851,-1.3986113511422453,-8.338911628723144,-11.484126091003418,0.8232167720794678
d114d9c2,-7.508333333333333,0,4,0,1,1.2503939818842305,5.181304883956909,7.258867931365967,0.7984659389650062,0.633144851242057,3.1752779051944082,2.5308509349822996,7.258867931365967,11.023968648910522
d1457cc5,5.2,0,2,0,1,1.0754506734728146,9.137248182296753,4.665017557144165,0.9439112998077027,0.6975203233564788,1.9402164339229748,4.118102979660034,4.665017557144165,-4.113138484954834
d1ecf309,15.37,3,4,4,0,0.8995091742884537,2.7212451696395874,-2.719105768203735,-1.3991145403120713,0.46100293746848225,-0.7311546241723483,-0.23343181610107422,-2.719105768203735,0.6952344894409179
d1ee630d,8.99,2,2,3,0,0.9171078923753602,29.84302864074707,14.260276794433594,3.2885634501205714,4.898065109505945,4.724690629948943,7.384040451049804,14.260276794433594,-1.679929256439209
d217e0c5,9.916666666666666,2,2,2,2,1.0543459755446585,2.1506731033325197,-3.0411476850509644,1.588463233899866,-0.10001717482799681,3.0200949957496515,-0.0592348575592041,-3.0411476850509644,2.3555397033691405
d24ff243,1.0083333333333333,0,0,2,1,1.3940620821352312,-8.552783584594726,-5.1825824737548825,2.58011400531339,3.7095936624700285,2.726392198653203,-2.254801559448242,-5.1825824737548825,4.447217845916748
d273674e,11.67,4,2,1,2,1.1588045892587129,1.7503381252288819,9.025323963165283,-1.4981057956634778,-0.3576436423424261,1.2538984049356,5.9491722106933596,9.025323963165283,-2.0004040718078615
d2f3b1ab,-15.63,0,0,2,1,1.3644551024518659,6.5364326477050785,12.092678642272949,4.387675203703061,3.416465683850093,4.227026291500294,11.161898803710937,12.092678642272949,2.0879610061645506
d3df146b,25.650000000000002,4,0,2,0,1.1425490301051968,6.981696128845215,9.326111030578613,3.8070643280921344,4.102421593200173,3.944994421877791,5.16336579322815,9.326111030578613,-0.27093982696533203
d40f61d5,1.4000000000000001,0,1,2,1,1.1203192934085866,0.5772626876831055,0.06232519149780273,3.067696458665863,1.0343868814821413,1.5809021710543676,-2.356133556365967,0.06232519149780273,-3.071067142486572
d41beaf2,-15.566666666666668,1,2,1,4,1.1850130453557461,-4.824957752227784,-0.2001805067062378,0.32358358775405716,-2.580251791698638,-0.2636987697200559,-4.365640163421631,-0.2001805067062378,-1.439143705368042
d463e527,-2.1299999999999994,4,1,1,0,0.6507934729748021,7.941289663314819,4.493700611591339,-0.19198836626260612,0.6474752416006245,1.5459615963047353,0.06833715438842773,4.493700611591339,-0.47477049827575685
d4f60a28,-1.0350000000000001,4,4,2,2,1.093730536004648,-0.21250770092010499,12.068753433227538,-2.740079033920196,-1.9213102421962496,-0.23400961919713734,-2.3758332252502443,12.068753433227538,5.931626319885254
d50c649a,3.23,3,2,0,0,0.7039329785187025,5.577167510986328,-4.5081637620925905,0.5227346262568213,0.3235254202116237,0.13724408258937543,1.1413198947906493,-4.5081637620925905,4.189583206176758
d543916f,6.781666666666666,2,1,2,0,0.8471025480785002,0.013385581970214843,3.516587328910828,1.3317739639641146,-0.25491556292623174,3.5767524539022446,3.592035150527954,3.516587328910828,-2.685787868499756
d5df0ff5,-22.83,4,0,1,0,0.924892966236167,-13.849250411987304,-13.646658515930175,-0.6964091295939252,-1.9471414811933792,-0.17136970817528904,-14.86204490661621,-13.646658515930175,2.632521414756775
d60430e6,0.8000000000003333,2,4,4,0,0.837604260019172,-5.209048271179199,20.195019149780272,0.2491752563009352,-2.025452105193545,1.8583447866692004,-3.648246431350708,20.195019149780272,-0.12769227027893065
d63196fe,-31.523333333333337,1,1,1,1,0.8444836976285253,0.8323685646057128,-2.40835120677948,-5.108494924818498,-1.2908930123834303,0.4419034431729327,-2.6982877254486084,-2.40835120677948,-4.492531847953797
d6c320d9,17.696666666666665,0,0,2,1,0.9027721716793078,-0.6855661392211914,2.8794734954833983,0.9239033360663651,0.837618853980097,3.522587424619921,-3.014558219909668,2.8794734954833983,1.7282917320728302
d6dd7330,-3.7266666666666666,3,1,1,2,1.2936930469295636,2.4013775825500487,1.9038363456726075,-1.9545775270580108,-0.9197521044532948,1.3262487275864843,-0.5171389579772949,1.9038363456726075,1.2187487602233886
d7ba4f9d,-9.14,3,1,2,2,1.1778660172248567,-4.591513729095459,-6.469715213775634,1.0116219999722997,2.85894550610491,2.6029178152712027,2.4358606815338133,-6.469715213775634,4.1923343420028685
d7eb0be8,-3.44,4,3,1,2,1.0713455771916536,18.002293395996094,9.717648267745972,-0.5557231958704829,-0.22534055864942976,2.6792577538176348,7.320864868164063,9.717648267745972,5.102274966239929
d84b621b,-15.031666666666666,0,1,1,1,0.9916132998729441,-5.562936401367187,-3.5118921279907225,-1.3633590710791776,-1.6974565675978355,-0.012366373646589279,-7.1576361656188965,-3.5118921279907225,6.125012063980103
d90aa14c,-24.849999999999998,0,4,0,1,0.7851773877364243,-7.648769664764404,-4.881436514854431,0.29800909875366244,0.6845401582843422,2.6097082001322494,-3.370635414123535,-4.881436514854431,5.322016841173172
d924e971,68.85833333333333,3,2,1,0,0.9150978732122859,4.6963948011398315,-1.312186360359192,-1.0322743459642696,-1.4019529249665745,1.9246432350665164,5.885125923156738,-1.312186360359192,-5.4204662322998045
d9ae59b2,-3.7100000000000004,4,4,3,0,1.0668166374652508,10.646764945983886,8.515951871871948,3.439869683537732,2.2555920144232413,3.902274795943127,2.1645562410354615,8.515951871871948,1.044058656692505
d9d6d94d,-2.36,4,3,1,2,1.281413914374048,-6.883334684371948,-11.966312408447266,2.685095579428549,2.174596335267816,1.8503634437019358,2.4369610786437987,-11.966312408447266,-0.2648443698883057
d9eca87b,-83.02999999999999,0,4,0,1,1.0223357020596384,-12.01690845489502,-9.237479877471923,-0.4467628136050294,1.7419187246625654,2.275000418290564,-3.466065454483032,-9.237479877471923,1.0746775150299073
da2d4d7c,1.0783333333333334,3,1,2,2,0.9290716350776457,12.278590393066406,-12.756262302398682,2.656799551887732,4.176738954429348,5.94690931413502,-1.1614181995391846,-12.756262302398682,-3.8309789180755613
da3bfe4e,-31.360000000000003,0,4,3,1,0.8809033250645051,-3.712480163574219,-4.85829005241394,-0.07525898945350473,-2.4733490092978867,2.1254413704972226,-3.4925917625427245,-4.85829005241394,-6.072078227996826
da3cf798,17.654999999999998,1,1,0,4,0.6360144532022212,-1.9612839937210083,-1.5795124292373657,-2.734544631806794,0.6388191680640869,1.6341058861703264,0.22905828952789306,-1.5795124292373657,1.2888232707977294
da940160,11.618333333333332,3,3,0,0,0.5531026826615146,9.279096412658692,12.369808959960938,-0.5382716332130365,0.7087918991103964,0.08211411851667942,4.37548713684082,12.369808959960938,-1.1159585475921632
dafc88c3,10.881666666666668,0,0,2,1,1.042589112541681,-12.449592208862304,-18.78861484527588,-0.6552692067044721,1.243861837675917,2.594616019275179,-0.12132859230041504,-18.78861484527588,1.4413958549499513
dbee6c86,0.0499999999987,3,2,1,2,0.9788463080359413,-6.822524166107177,7.772225284576416,-0.44874356081267575,-1.5018388878016906,-1.4438474406451796,-1.5690159320831298,7.772225284576416,8.846018886566162
dc5fbe29,-8.97,1,3,3,1,1.179851403652712,5.261974048614502,-0.16614301204681398,1.6424426562602767,2.254218121208001,2.1309008971303656,-0.4292751789093018,-0.16614301204681398,3.114163303375244
dc7da28f,20.218333333333334,0,2,2,1,1.0907656029806383,-4.611067056655884,-4.039233016967773,0.9022858818935863,1.7201343542099117,3.463215390366107,-0.16530418395996094,-4.039233016967773,-11.684895372390747
dc7f9757,-15.200000000000001,3,4,4,0,1.0539288448855135,-1.2410740971565246,1.7919193387031556,2.3586373758597374,0.6581486801039419,-0.8437862492082558,5.638470077514649,1.7919193387031556,1.9074159622192384
dd168de0,7.2683333333333335,1,1,1,4,0.661977026196043,3.2207005977630616,-7.606602001190185,-1.8296652664214008,-2.1168399691328807,1.169292791912989,-3.442444181442261,-7.606602001190185,2.7944743633270264
dd64382d,14.453333333333335,1,3,0,3,1.1165461860773978,-0.13484256267547606,-5.259924364089966,-0.771624819724091,0.942879459413918,4.042696817802304,0.23266315460205078,-5.259924364089966,-1.0776479721069336
dd6bc5b2,13.63,2,4,3,3,0.5732921114331175,9.435683441162109,2.866955780982971,0.3781283601726163,-0.9657663434777657,1.9952032220154852,-3.6862415790557863,2.866955780982971,-1.632173490524292
dd7d638e,13.514999999999999,1,4,4,1,0.8528227329393916,0.5955002307891846,5.32290678024292,-1.3338738557615764,0.3823272224166234,1.287712216916421,-0.9868272304534912,5.32290678024292,-0.43576300144195557
ddc790ff,-9.526666666666666,4,4,0,0,1.0318110918341818,0.2540218114852905,11.736409854888915,-1.776446589594006,-0.37626786164468184,0.699631477239758,1.7162599325180055,11.736409854888915,7.292578315734863
df71d1ff,1.8700000000000003,0,4,3,1,0.9574205568605301,10.683283615112305,4.379651284217834,1.6553094352366646,-0.5097797875831865,1.6978714422540506,5.409406280517578,4.379651284217834,-3.499144458770752
df73b8f3,-28.12,3,2,2,2,1.3610416798161857,-1.5771298170089723,2.365412640571594,0.5516554267274555,-2.1011264248929087,-1.546220914507163,3.0499518871307374,2.365412640571594,5.400244283676147
df8290be,16.178333333333335,0,1,0,1,0.992791584552094,-3.6326339721679686,7.498597621917725,1.3498344901121988,2.4603812641961005,3.9199204089410293,0.31824798583984376,7.498597621917725,1.276254653930664
e0079ed1,-3.8000000000000003,1,2,2,3,1.147287239179105,-1.8313026428222656,0.21526633501052855,4.457944724457148,4.368902741827119,3.40151851292768,4.126094818115234,0.21526633501052855,-1.03956937789917
e03b45fd,-40.84166666666667,1,2,0,1,1.1022784447587852,-2.3025890350341798,4.426708221435547,-3.115254127215406,-0.7409372906432159,0.48776143860967364,-2.7455702781677247,4.426708221435547,-1.005354380607605
e0f36d98,16.06,2,1,2,2,0.9680964945283957,-0.2952080130577087,1.81540367603302,1.4154332706828197,-0.6034241040356632,1.854316019774053,1.6507900714874268,1.81540367603302,-2.549162769317627
e149204f,-0.0083333333332,0,4,3,1,1.0601229256206381,27.013948440551758,-3.9924059987068174,1.436287856025842,1.6214742023282316,0.5740013280751943,1.0632453203201293,-3.9924059987068174,3.1368695974349974
e14d641e,-8.421666666666667,0,1,0,1,0.7990263570087969,-7.871192073822021,-4.734383559226989,1.7354803105965622,3.0714639342623085,2.1410325776336046,0.9895346164703369,-4.734383559226989,2.4907304763793947
e161bd0c,11.501666666666667,3,3,2,2,1.0905120821670664,7.700259113311768,15.266550636291504,1.4890900271905732,0.6978595378182272,0.8887310591225468,0.997771167755127,15.266550636291504,-3.5108555793762206
e201fd6d,5.015,4,3,0,2,0.8520969802708624,-2.504517841339111,8.41043062210083,1.2586354018845434,1.0972040760663972,1.6937821917279092,1.6298619747161864,8.41043062210083,1.4823753356933593
e25f1537,-21.531666666666666,1,1,1,4,1.1959290863500294,-5.136085414886475,-4.752587175369262,-2.3527492242778516,-0.0037424122865887368,1.1525595391656336,-4.236284065246582,-4.752587175369262,8.06575927734375
e2fc7745,1.61,4,1,1,0,1.0685419828453036,4.565868163108826,11.519523239135742,-0.662443645579534,-1.1806153891748785,0.3316590632791567,6.607883262634277,11.519523239135742,2.802918267250061
e32da4ec,28.44333333333333,4,0,1,0,0.5747780406066267,8.171881246566773,16.37203884124756,-1.3223345418770642,0.4756081739139697,0.8466689014085873,8.073448753356933,16.37203884124756,-1.9542683362960815
e3b34f5b,-10.1,1,2,3,3,1.0924602671217412,2.991782569885254,8.046561908721923,6.6030663415428394,1.9312865750910764,3.599044511659982,2.789584493637085,8.046561908721923,2.0663997888565064
e45a2a62,3.59,0,1,0,1,1.125771148611707,-11.765559005737305,0.8903215408325196,2.245779559026654,3.857477427944636,3.8213982179530204,3.0560229301452635,0.8903215408325196,-2.85780873298645
e46f4ef4,-11.799999999999999,4,3,3,2,0.9187980637239417,-3.2251350402832033,2.972744607925415,1.3753154942674872,2.3491759798510676,3.847521532107676,-0.5704236268997193,2.972744607925415,-0.4565730094909668
e4726608,9.378333333333334,4,0,1,0,0.7800612637620841,-3.673515033721924,-2.433001661300659,1.6911948080460895,-0.2169099222733656,-0.8126267144546213,-1.557060146331787,-2.433001661300659,-4.759397077560425
e5864244,53.00666666666666,4,2,2,2,0.9149558052234994,-6.618415260314942,8.96533031463623,1.6786792512896782,1.5771159023537034,1.9981492212019396,5.583341884613037,8.96533031463623,-0.8676933526992798
e5c92e59,-7.409999999999999,4,1,0,0,0.7991994892711682,-3.8988961219787597,3.2556971311569214,-1.9195269568114592,-0.2635962442091227,2.596092990607546,-2.279425859451294,3.2556971311569214,5.504757308959961
e5ff9fd2,3.22,2,3,0,3,1.0713455771916536,10.076560306549073,-0.7518386125564576,-2.1663340070359327,0.0845160415124691,1.2100958908155541,3.616869497299194,-0.7518386125564576,-5.203845882415772
e6c55748,8.071666666666667,0,0,2,1,0.9425857395403057,-11.339577674865723,-10.743466472625732,3.5292038737798563,3.6803238854435056,2.8364041475085333,-2.033197355270386,-10.743466472625732,4.0377686500549315
e730c32b,13.201666666666668,4,3,0,0,1.1705513893776405,-4.127216625213623,3.950573444366455,-0.08534949933550702,-3.2797967567257658,-0.9423865874963987,2.8573811531066893,3.950573444366455,3.870158004760742
e737965a,-14.965000000000002,0,1,0,1,1.0361881521072482,-9.792321395874023,-7.784411239624023,2.7190189302345855,1.676610591468051,2.587990848285697,4.589560794830322,-7.784411239624023,3.244498062133789
e748dd88,-12.558333333333335,4,0,2,2,0.7761859562416777,-0.16715245246887206,13.351941680908203,1.8826103730937824,2.0140559187832165,3.1717844129519737,4.789398527145385,13.351941680908203,0.887287950515747
e7818f7a,9.13,4,4,3,0,1.1400193161693104,15.749028778076172,3.310998797416687,4.724745227006847,5.03864716512643,5.430599127808376,5.646420097351074,3.310998797416687,-0.5667511224746704
e7c36e81,-7.421666666666667,1,4,4,4,1.3874259302797458,6.779015922546387,-0.5752627372741699,1.6538287066165385,4.61751099471518,1.0266992307151128,4.178440380096435,-0.5752627372741699,-2.469265508651733
e7d0c1de,-14.430000000000001,3,3,2,0,1.2822961578115493,2.057658576965332,-4.61243371963501,-2.0395474939569267,0.5644438154989342,2.2566402462119486,1.3153667449951172,-4.61243371963501,-0.5782290935516358
e85074c5,5.388333333333333,1,0,2,4,1.1819944627172183,-3.731015992164612,0.683307683467865,-0.7724179741265946,-0.6993376672119,1.849300088780538,1.730283498764038,0.683307683467865,5.45000262260437
e97032ad,7.980000000000001,1,4,4,4,0.940562215801964,5.764795875549316,-3.8286720156669616,1.31909443101727,1.5682914518420836,0.8732235659295101,6.704793930053711,-3.8286720156669616,0.3949387550354004
e9949a23,23.349999999999998,1,4,0,1,0.8255800426365066,3.323386573791504,-0.6956590294837952,1.8126045908984594,-0.3678807976457946,0.8002270143738446,-0.6293874740600586,-0.6956590294837952,1.2884505808353424
ea0b99b7,13.01,2,1,2,3,0.7586223443708509,7.639760303497314,4.202790474891662,0.6942774671175214,1.6949884456543054,2.4200732473561954,4.592251014709473,4.202790474891662,10.284575009346009
ea3a0e38,-13.723333333333334,2,3,3,3,0.6189988597803848,-4.371728134155274,8.309174728393554,4.439696120703694,0.13364213505252653,3.060977667514142,1.9831847190856933,8.309174728393554,6.169148063659668
ea41324e,-5.416666666666667,3,2,3,0,1.3099245687380612,-4.1266789674758915,-4.3706360220909115,4.903297373881688,4.828003997433252,3.4855472389617477,-2.3053483963012695,-4.3706360220909115,4.5288619041442875
eabc711b,14.26,3,4,0,2,0.9546907882911972,6.284375095367432,4.982461214065552,-1.4858809936586104,0.39407739884353543,0.8090973129963978,3.8685816287994386,4.982461214065552,-2.364618110656738
eac10e86,0.128333333335,0,4,3,1,0.8985330281574493,4.008066558837891,-3.200041389465332,3.0366932512869966,2.670873196623385,2.3178261956120814,-0.7305661678314209,-3.200041389465332,5.780602049827576
eafb863e,36.43,1,4,4,1,1.035961032287933,11.195403861999512,13.902965927124024,0.9070000617087046,3.8587787957433735,1.8565935707403298,7.335541915893555,13.902965927124024,4.361516380310059
eb06a4e7,-13.091666666666667,3,3,1,0,1.0420042005330028,-0.16861269474029542,14.769071769714355,3.085481140062095,-0.9528705276391944,0.682997950628921,3.8941598653793337,14.769071769714355,3.5530710935592653
eb640a35,0.670000000001,2,2,3,0,1.0685941431022612,7.922475814819336,10.645015907287597,1.8286335268297211,-0.5059096159359837,2.750064364452952,3.821899938583374,10.645015907287597,6.165175056457519
eb934281,-4.829999999999999,2,3,1,3,0.7629649605776478,-5.980671405792236,-12.943620491027833,-1.04092863157917,-0.07726534306974316,-2.8689174684062912,-0.00786290168762207,-12.943620491027833,1.7292550802230835
eba6605e,25.365,0,3,2,1,1.0923400788049655,7.675671863555908,4.17328290939331,1.6600386121421202,2.2472403217321397,1.9547168662392544,8.603136253356933,4.17328290939331,-6.957998919486999
ebe69318,7.47,0,2,2,1,0.6826069120026756,1.8433240890502929,-2.3124249935150147,1.8981028378531228,2.2914396396096874,1.0815494504901637,-1.826986312866211,-2.3124249935150147,1.6944320917129516
ec0d597b,-9.28,0,2,2,1,1.0200871010819903,-4.85526762008667,10.798970413208007,2.7558060366821318,4.079990068199242,2.2932022944087995,1.3992148876190185,10.798970413208007,-1.2871756553649902
ec13af42,-5.648333333333333,4,3,2,2,1.2508411433660664,0.09984312057495118,-6.006595134735107,0.43926894001219197,0.3803971565196516,-1.200561065039477,-1.5159586429595948,-6.006595134735107,0.3878523349761963
ecdab904,21.57166666666667,2,0,1,3,1.0806618990718377,-9.011526203155517,1.22145733833313,-0.8647817324950356,-1.1165815717994017,0.06339738349407527,-0.1353158950805664,1.22145733833313,2.058618760108948
ecdaf714,21.381666666666664,1,0,1,4,1.236631937492513,0.18107781410217286,-0.5722439527511597,-1.4492435411783284,-3.128254998711472,-2.892631800737137,-5.877264785766601,-0.5722439527511597,4.561182379722595
ed6436d6,1.4000000000000001,3,3,1,2,1.000142420424797,3.520386552810669,11.212065410614013,-0.9307109934944673,1.3954300958120396,0.5424999079567197,5.332897472381592,11.212065410614013,-2.675775480270386
ed6e6e54,0.413333333333,3,0,1,2,0.9765541348320529,-4.150195693969726,-7.962688779830932,0.27289956785602654,-3.0344184480575183,-1.2570434354957425,-8.348314952850341,-7.962688779830932,6.267345523834228
edf885a3,-3.0866666666666664,3,3,1,2,0.6375729372517078,-5.448234224319458,6.78828010559082,0.8607606920932149,-1.1663082645242846,-0.30783452587299276,3.0547663450241087,6.78828010559082,-5.032824611663818
ee0300f7,34.955,4,3,2,2,1.101145314044421,7.835683917999267,6.2723150730133055,0.9193151575427215,1.4966500144466575,1.2739925082054895,4.143377017974854,6.2723150730133055,4.322983598709106
ee288beb,45.66,2,4,3,0,1.2924151928507333,7.563743996620178,-0.36940354108810425,6.646055833063462,3.139258671841285,4.090646388424336,-0.21788902282714845,-0.36940354108810425,1.4774676322937013
ee4aecac,20.430000000000003,2,1,2,3,1.160189604913521,7.375873947143555,0.5186563491821289,3.4276136456517605,6.510721975117366,5.380921943110376,6.995911693572998,0.5186563491821289,3.1112003326416016
eeda36f5,-4.628333333333333,1,0,2,1,1.0624876155055862,-7.892715072631836,12.211612129211426,4.888875158217419,3.642169429253437,4.052693040707359,6.009177780151367,12.211612129211426,6.843328952789307
eeed308d,9.688333333333333,0,1,2,1,0.7450155772300832,4.234793615341187,6.1756178855896,-0.32997140268775105,-0.9249218974953898,2.326194686913163,-1.9043661117553712,6.1756178855896,-3.215978240966797
ef04658e,18.401666666666667,1,1,1,4,1.2202022054483685,6.889618587493897,2.464890694618225,0.20955507833994963,0.13343686354940693,0.9177732363369593,0.7509951114654541,2.464890694618225,1.0812147617340089
ef8e3ed0,-15.519999999999998,2,1,0,3,0.7571354934566173,-1.5024985074996948,3.8957073211669924,1.5086880241667804,-0.7019352721629734,1.8164563486609997,-2.63765172958374,3.8957073211669924,-1.9343819618225098
efde6ac3,-18.843333333333334,2,2,3,0,0.9386330899095316,-0.3558321714401245,-3.0459383010864256,1.9665355279885444,1.1478925393293289,2.4162291231764983,0.23736753463745117,-3.0459383010864256,3.3867836713790895
efe96181,-26.988333333333333,1,2,2,4,1.1237615631541986,-3.7899065017700195,4.635343706607818,1.5005267066935815,3.586628712345559,2.3389715908148565,1.3605149269104004,4.635343706607818,1.4362334251403808
f0188a48,5.168333333333334,2,2,2,3,0.9854247519471715,10.466720390319825,4.073763966560364,3.7119010001221495,2.9868829800017576,3.8700433775040963,5.651822757720947,4.073763966560364,-3.5563859939575195
f021b650,0.936666666666,2,0,1,3,1.108275176851872,2.198976993560791,12.408612060546876,-2.541802155017782,-0.03617838592823217,1.719705256243562,-2.744695472717285,12.408612060546876,3.0256384134292604
f03f10fe,-5.958333333333333,0,0,2,1,1.2586875012984948,-10.599739074707031,-10.02962293624878,1.9888841619502464,2.6478015132879795,4.145229716200964,-5.924490737915039,-10.02962293624878,-1.0665422439575196
f053a1b9,-12.671666666666667,4,3,1,2,1.168013443708751,-2.9995121479034426,0.7456777811050415,3.2384504462988497,3.388297149007799,1.4251966979937032,6.498543548583984,0.7456777811050415,4.130139589309692
f074d277,12.0,4,0,1,0,1.0293246724912546,4.218054795265198,-4.2413645625114444,-0.7479461098651453,-1.7552430992109342,0.46745137659439673,-2.9843867778778077,-4.2413645625114444,-0.5733642578125
f07d7037,15.299999999999999,2,3,1,3,0.6112646901866514,-1.094373106956482,2.8295749187469483,-0.8751419050001168,1.5928473683092317,-0.689018980376287,3.555965805053711,2.8295749187469483,0.24400930404663085
f08774c3,22.238333333333333,1,3,1,1,0.7638074218980526,1.063599443435669,-5.5183875322341915,-0.6231344485377298,-1.5340233090779436,-2.3851609087888237,-7.146770763397217,-5.5183875322341915,4.454970121383667
f140c2fa,-21.89,1,4,1,1,1.1127388579344315,-1.9933320522308349,0.34093973636627195,-1.9905652271460965,-0.4163459768185721,0.8756675018294491,-2.8768717288970946,0.34093973636627195,3.492522954940796
f16e25e3,-0.011666666666600002,2,3,0,0,1.0806618990718377,-2.3143225431442263,8.747716987133026,0.12458622670799609,-1.0080233284827107,1.8082759745672647,2.6958083391189573,8.747716987133026,0.5958392381668091
f2d4c8c9,-1.7100000000000002,0,4,0,1,0.9658684093612451,1.1475875854492188,4.902057790756226,-2.1557843386861597,3.793799546453941,4.2785584997905035,-0.0011045455932617188,4.902057790756226,-2.2449367523193358
f321a31c,-18.59,3,1,2,2,1.058313286514378,-4.268671131134033,-3.0745147466659546,-0.13462454575453248,2.5475727334678693,3.658777593077918,2.9443726539611816,-3.0745147466659546,4.233137702941894
f40cd091,2.93,3,2,0,0,0.9478641934012277,-5.296930027008057,5.0286643505096436,0.7737630569821821,1.595002043250106,1.0524096091095376,-2.4444825649261475,5.0286643505096436,-3.5950051307678224
f439a621,-11.655000000000001,1,0,1,4,1.1905471374989276,1.614204740524292,-10.065655422210693,-2.769489815697807,0.32525796239700216,1.5568432267463899,-5.953983211517334,-10.065655422210693,-1.0317370414733886
f49fdea3,13.17,2,0,1,3,0.9163406907916387,6.844003677368164,7.870027041435241,-2.626020989691365,-4.04455942555826,-1.5264314149173446,-2.357791614532471,7.870027041435241,2.7151859760284425
f4d12d23,-13.433333333333332,1,4,4,1,0.9220897693614688,14.899088478088379,0.9129133224487305,1.9125104150125616,1.607326676535687,0.39921451677823383,-1.3432231426239014,0.9129133224487305,0.15275945663452148
f56d3ace,8.585,3,3,2,0,1.0908025613379873,-4.676962089538574,1.241509246826172,2.718366709356772,1.9055969113668632,1.4048719851700882,-1.5136821746826172,1.241509246826172,7.180343961715698
f5859199,-1.21,2,2,0,3,1.0220452228887176,-4.636150074005127,-9.996849536895752,-1.666153412273529,-0.452297928169661,1.9923469282155661,-8.09700050354004,-9.996849536895752,0.0994720458984375
f5d8aab6,-13.86,3,4,4,0,0.7067304443059289,-4.646675300598145,-4.297225022315979,-2.5115865127370682,1.2986395584509611,-0.32825240500668185,-0.7391831398010253,-4.297225022315979,0.768189525604248
f631da6e,0.0983333333331,2,4,4,0,0.8862230631196251,-6.639047574996948,0.9723799347877502,4.06372468835776,1.6416704564624442,2.0911045703075537,-0.1905820369720459,0.9723799347877502,2.686161017417908
f6824bb0,-25.698333333333334,0,2,1,1,0.8325199549262399,-13.436639785766602,-4.99269700050354,-0.36568602270729234,-1.3360994506218469,0.23747430582390067,-1.1920485019683837,-4.99269700050354,-0.06248664855957031
f6bc699b,12.751666666666667,1,3,3,3,1.1540557553220687,5.284073352813721,4.0313485622406,2.334251680368958,1.3662126686152842,3.1727353184271707,6.455216026306152,4.0313485622406,2.138477611541748
f6d009f4,83.7,3,4,4,0,0.8385695198299736,36.78845710754395,11.372360897064208,-2.6254619528845677,0.5177201118512634,-0.22949674824556826,11.221728134155274,11.372360897064208,-1.6890398263931274
f72b268f,18.28,3,4,3,0,1.2789934902320588,8.139646434783936,19.56654472351074,2.739168161065146,1.3287433481275772,4.171694329071906,9.760903930664062,19.56654472351074,3.15660183429718
f8662c22,7.019999999999999,2,2,2,3,0.894183096245315,5.675058746337891,6.560093879699707,1.4364122527632486,2.55531089027967,3.429430414010306,6.365484952926636,6.560093879699707,1.6683354139328004
f88ddb26,-41.06166666666667,2,0,2,3,0.9643462751994567,-13.614810276031495,0.763734769821167,0.4029496428443197,0.28125695113354154,2.254939220252555,-8.602544975280761,0.763734769821167,4.136232471466064
f8afa78a,25.433333333333337,0,4,3,1,0.9333042448876381,2.4209827423095702,4.5645616292953495,3.0288402943447723,0.42274218569625727,0.8572648483630678,3.957023358345032,4.5645616292953495,0.07039809226989746
f8f59188,-1.6316666666666666,3,4,0,0,0.8575670056290475,-0.9214206218719483,13.130338096618653,-2.7313708088962474,0.13221375470021396,-1.5051019316753131,6.0349534034729,13.130338096618653,-1.8339823484420776
f9fc81aa,-10.341666666666667,0,0,2,1,0.8983038126206487,-5.816579151153564,5.746848392486572,2.4587071509366725,2.666947920876706,2.5261477129239807,1.8970507383346558,5.746848392486572,-2.8562827587127684
fa16d114,-13.998333333333335,0,4,3,1,0.9508257181103404,6.124012565612793,6.991961097717285,3.1871385483160664,1.4607001928542624,3.6536017509534253,11.348340606689453,6.991961097717285,-2.957456874847412
fa31da94,-1.555,4,1,2,0,1.0794872171525813,10.012964248657227,9.35806245803833,1.5796522666773676,0.4751057403322112,0.5847392279008725,5.823422956466675,9.35806245803833,-0.36348581314086914
fa667be2,-23.45,4,1,1,2,0.7772131281352509,-5.72178020477295,-4.853298413753509,-1.330702125206864,-3.072476493482694,-2.607085180663856,-5.928829956054687,-4.853298413753509,-7.348163032531739
fae0c593,-5.655000000000001,2,3,1,0,1.0827526510720784,2.8857643842697143,4.216243720054626,-0.5080445078686964,0.5585974916608002,-0.031249994816804617,-1.342218828201294,4.216243720054626,-0.1516164779663086
fb03ae90,-34.800000000000004,0,1,1,1,1.0163293246555198,-15.967237401008607,-7.095665550231933,1.8556456788873916,4.016933714051691,1.8620094848277084,2.6807326316833495,-7.095665550231933,1.5560576915740967
fb0904bd,-0.11333333333433333,1,4,0,3,1.0642291872392384,-1.658824372291565,-4.696288108825684,0.2861015437688653,3.737706135596908,3.709604716509717,3.2083419799804687,-4.696288108825684,0.008997631072998048
fb3848a1,9.326666666666666,0,3,0,1,1.3381722170910735,0.711139440536499,-0.6125869035720826,-0.5494805004120784,3.030895938133548,0.8312846310564765,0.7759469032287598,-0.6125869035720826,4.0885828018188475
fb73b13a,10.700000000000001,3,4,4,0,1.1736714896426652,-2.1263851165771483,-6.598668146133423,-3.4292113225719043,0.2645668396306483,-2.1111099423732465,-6.660242938995362,-6.598668146133423,0.9234526634216309
fba7683c,5.84,3,4,1,2,0.5969864588423526,-45.30993576049805,11.83552589416504,-0.4648781545238704,0.17467666473909285,0.4226798611462499,9.406304502487183,11.83552589416504,4.207292079925537
fbd68d27,-19.551666666666666,0,1,2,1,1.04606777243029,0.6246076583862304,10.32935905456543,2.5284532068657564,3.232692466937517,1.9936293747602576,-2.117139148712158,10.32935905456543,0.8510276079177856
fc03f21f,-27.87166666666667,3,4,1,0,0.7163161788783818,-4.744408893585205,-3.9902502059936524,-2.050901487576241,-1.8294360657300957,1.383283444974353,7.065096855163574,-3.9902502059936524,1.2759984970092773
fc0d20b2,-21.524999999999995,1,0,0,4,1.0401364041295285,6.790484046936035,-24.302304840087892,1.3457315297035362,0.5164747586221307,1.7911796315244444,-6.494800090789795,-24.302304840087892,-8.723113250732421
fcfcc902,-16.18166666666667,2,2,2,3,1.3936058442897927,-9.351085567474366,-14.83078670501709,0.8036242307313897,2.105899507040252,0.6203382212623125,-5.330008697509766,-14.83078670501709,1.8290819644927978
fd3b4faa,7.258333333333333,3,3,0,0,1.3476151284919748,-2.559850788116455,-5.642074298858643,-2.9018506582995127,-3.0086602532386495,-0.049346030198358995,4.612443542480468,-5.642074298858643,-2.571348762512207
fd710aea,4.509999999999999,4,3,1,2,0.487608436905855,-0.4170003175735474,9.212295818328858,-2.4569632620714037,0.8360086986268638,0.6223136833026187,1.8889082670211792,9.212295818328858,9.865400409698486
fd8f77fa,10.480000000000002,3,3,3,0,0.8382645124498584,11.850103378295898,9.41104679107666,1.9176964092651212,0.9184705552845408,1.1530606690723257,6.727204513549805,9.41104679107666,-3.1012021780014036
fde20ecf,21.97,4,1,2,0,1.2279258552597816,4.890495300292969,1.7865693509578704,2.744528916898299,0.9024925341235501,1.1076052493607522,-0.7443441390991211,1.7865693509578704,-1.4550412893295288
fdfd57da,2.9,3,4,3,0,1.167436242227685,5.388421630859375,13.094558143615723,2.3269984159763113,3.0131345472887108,1.6023230755438633,2.7733820915222167,13.094558143615723,4.06115460395813
febb4411,-7.995000000000001,4,3,2,2,1.1229501718481185,-9.617433547973633,2.339222955703735,1.3125868955589373,3.3897326513516832,1.4781443221876565,-0.5364022731781006,2.339222955703735,4.77990951538086
fef8af96,-87.86333333333334,1,0,2,4,1.1625679228953065,-9.990931963920593,-7.47924108505249,-0.8926781499685316,1.3416157797552182,3.7887036937654712,0.8558980226516724,-7.47924108505249,1.849188470840454
ff0aea78,22.069999999999997,2,3,0,3,0.8737036142925938,11.555796337127685,8.644659900665284,1.7949801735912616,2.4946363459817307,2.5376115744378893,7.569532680511474,8.644659900665284,-2.927745723724365
ff8bb73a,0.17999999999999997,1,2,1,4,0.8575626253037687,-5.449389958381653,-12.335934257507324,-1.8092611622848576,-1.674011268653637,-1.783572897579567,-6.519050407409668,-12.335934257507324,8.169846487045287
ffefef30,-9.298333333333334,1,2,2,1,1.1719367799735185,-1.5934080839157105,7.853893089294433,3.24873196645366,1.703686802722795,3.5438608870171677,4.329757833480835,7.853893089294433,3.1741635322570803
