well_id,rows,baseline_sse,candidate_sse,baseline_rmse,candidate_rmse,mean_true_coordinate_1,mean_predicted_coordinate_1,mean_true_coordinate_2,mean_predicted_coordinate_2,mean_true_coordinate_3,mean_predicted_coordinate_3,mean_true_coordinate_4,mean_predicted_coordinate_4,mean_true_coordinate_5,mean_predicted_coordinate_5,mean_true_coordinate_6,mean_predicted_coordinate_6,mean_true_coordinate_7,mean_predicted_coordinate_7,mean_true_coordinate_8,mean_predicted_coordinate_8
000d7d20,3836,536136.4646723069,585743.5668606753,11.822201951689213,12.357040341490304,-132.66997526755708,4.595130865573069,-20.372810463175377,-5.412440812010317,1.3026941029801118,-1.05214485080731,2.1610122764552013,-8.390525916349532,12.217965284108535,1.6754657223191518,0.23338485690979774,-0.38520809960128943,-8.39985069708844,-2.9344566770122995,7.431068576483708,-0.9719313454769789
00bbac68,6014,1668035.6013716909,1701822.2548551753,16.65409148271622,16.821913189686622,-97.22150425336979,16.98983774660376,-130.34344116348956,-8.785323666614762,31.717508713150686,6.472884469885995,-45.111501508020055,-0.8222649576675366,50.26439560488786,0.6579318377837449,9.908387183899718,0.2872253902166616,31.179525906035757,6.057537540570746,-19.77877937346775,-3.8430954299243565
00e12e8b,4301,196721.19115364645,174567.39481440603,6.763022798022843,6.37084214039769,-38.1382273016042,-22.013418621541057,-19.08693990892936,10.130623948635328,17.758128179930285,6.668171375295794,39.91516847496225,10.942938325549338,8.33973253619796,-1.0725747437283617,-11.285484034391931,-6.1287747506761105,4.741358034475364,-1.1864719878257382,-22.42607653820652,-2.3016651198741567
015fe0d2,4296,866175.9054636589,871338.14724343,14.19943006324421,14.241680142067327,132.10552452555245,-0.5069119042565144,-3.7587768486947972,-2.42588636891065,-76.56479409208092,4.2381832690038,-33.949162771576745,-1.102570948860625,12.832953888532353,2.1348587899118883,0.33533119637124237,-0.9199679547164207,14.082677533306235,3.2386785752701863,-1.6679258419901324,-0.9734640180749009
01869cd4,5557,499422.94354273827,385401.43920803047,9.480124625727969,8.327918524963863,-31.968313535673406,-14.881360131831638,11.732935819762966,0.9943814825630717,-34.563211194314476,-2.1158447220522185,-49.58386154922029,-7.3545196920974885,-30.96707417530206,3.6952141411068005,-7.566906333737099,-6.615373632681854,-45.12443243854093,-10.513016511986365,-13.617205120833205,-1.5197148157152385
01982c1d,3941,153032.63391245354,198354.60233206244,6.231445616106601,7.094436786986883,-45.92597114879974,21.410005088105525,22.704421035437644,2.9684742192096727,-10.370443379245563,1.8765088749327934,22.458241735463453,3.660678602316465,-7.542588771447695,0.5445713451159341,-7.97852551036012,-1.0200971464954829,-9.463955998853788,-5.692121252711262,-3.6940201093679548,-1.3640958164528345
028d7b28,6234,1198957.471471237,1499768.5077309732,13.868148717129818,15.510604213738041,-129.43956372522268,20.029440829108598,72.33915409274968,-7.230065986440079,8.030421170212696,-17.03825229771646,40.461834717223056,17.035641544316046,-8.859829175863819,-6.210194038650987,2.8238821338780355,0.4636003134216593,8.39535168983167,-2.875023769096571,-6.593386199346634,-6.460289488788385
02e7fe5a,5108,168275.8164352745,116932.09728933442,5.739649982153442,4.784553612124474,32.89756226263534,-0.043322838700274605,7.388428341595349,4.639446141112765,34.363749428092774,19.52276770156626,-7.086273930223365,4.784771313513624,32.70256740181711,2.6683926102660154,-5.910152704884268,-2.447933689363457,-14.80281667331052,-3.794961056811642,-3.6156079605905775,1.355865369022267
0390d174,4411,590353.0993340968,530999.296925838,11.568775541117803,10.971814190263693,-55.35337027748606,-0.825258748526909,34.41567204773679,-5.991743982552872,-59.566631368616584,1.3558908840626838,6.466012942540384,-8.704405014669977,-9.595344092630075,-1.0733461032036988,-5.9305110373459256,-4.316108982648906,17.735785114679267,7.725046834735311,5.626441556869253,-3.4995822338056444
03a935ae,2786,2435809.322437085,2081730.1172444208,29.568622185691854,27.3351622888873,-328.5017541170847,-33.91380293808122,-27.84346976664395,20.787306840341376,1.2338813037655434,3.0304370946761976,-54.78863498207668,5.2423552187036275,8.962780840004715,7.0828640881768195,-4.06331521666658,3.559607875355772,-1.9472037902465147,3.932751361560701,-3.956724478627188,1.3302170623825507
044af7d1,4519,207446.42473893252,209701.33969241875,6.77535111786011,6.8120751724415225,-1.6144422121713764,7.671805872560978,57.73684399263486,-3.5432086279610053,22.49714707478338,9.93271661863497,23.626574195237502,-0.09439049802152202,-12.715682214960726,-4.100133891712884,0.1943794104431255,-0.8411210465819273,-1.3557651626858558,-5.469184864136801,-3.045353520578761,-2.810047093304937
0498acab,4798,120614.68974641027,85218.11648772072,5.013834336445115,4.214400877676155,-25.42542154247965,-3.00305376410572,-1.8492199337851254,-2.1379489023301277,2.804282211191975,-1.6177300207005239,-12.459701204302258,-5.221649564144322,-43.44946399537941,-9.66754813679449,-0.6505353249691972,0.426775805697975,-2.547720851372206,1.7536030431224099,-4.27174818895457,-0.8027308045248901
052d64df,2445,108039.03103814578,83536.96150866902,6.647386159678693,5.845207132755307,28.599733906904554,-15.939723018401205,23.46002217272933,18.209472807843376,32.040143934735454,-1.7180282717388393,19.39676182658446,8.163124426440627,1.8147754226956951,5.183118647362677,2.599646702361741,-1.0394849809772708,-10.83512944076791,-4.597446540497421,-7.352662870108273,-4.7644396321551366
05948241,3879,112871.6788360713,105093.79691999611,5.3942690325456635,5.205094895320854,21.138896062025626,5.406715099867183,25.38116511856968,-7.078409264592056,-17.836200158729135,2.2180186127960875,14.153507588987617,-0.3267810727401229,-1.4554768638933588,-3.602949359685823,-1.5396697783998265,0.29348711861644805,-2.8553780067383667,2.3117569001853604,28.765297791101624,8.437272521459718
059c8f24,6258,1493949.375147137,1901415.1235949213,15.450771188543676,17.430935366905814,-141.9931783449021,28.652789063289806,31.070875669290473,1.2303315187454165,-25.875457623354624,-4.854792500958895,-72.63688119728215,-7.286184096820598,5.559949617807533,-10.585410505181974,-3.894660341089234,-1.1455795940633178,17.15036714253386,-3.049441142574402,29.953863242745626,-3.352550007786623
05a0ee4d,4348,1099516.980565686,757677.336949452,15.902163072314805,13.200712751427027,-143.19206008188675,-29.334563255185184,-78.08763399322083,-13.328715352952646,11.444156373645843,12.893063827395448,-45.21478531376522,-1.9808656529081627,49.172772305230204,7.818470760658807,2.494705089675976,0.33708831645197773,1.6951564972727682,-0.6699621244011814,-20.634174832081055,0.14285702629911917
060ab2b8,6258,295953.555760073,388974.1333072861,6.876920467524861,7.883926766754523,-50.48226966883492,15.550178148681496,21.917815142499823,-2.5391770838493395,20.681362031118784,10.291805428186144,-9.803556169597362,3.004916304471989,4.184106001944855,2.1243688421624234,-16.334135697748316,-0.6732616956275285,-11.680218784583847,1.3226609613047615,-11.73827466291805,-2.1158186622646467
06df5958,3509,180083.58811518768,109894.84516752487,7.163831850426678,5.596248314992499,-75.00050742033174,-16.83332178778432,20.39483588255663,9.987981525360208,12.885404276275347,4.017603459362527,5.262480766039635,-7.110585183402023,8.923306281405164,6.736641221784964,-0.48822816804739466,-0.26533059557007066,-18.00833910895049,-5.410875811244265,-1.055824106136553,-3.7874523155178843
071d7b45,3211,126200.19189280848,25464.829112682797,6.2691672308150626,2.81611399108794,64.8023255621687,42.94083652118552,-13.978468865238323,-13.43004343452078,5.882557776603235,9.0188280656457,5.461542926762958,9.919957718234553,3.255966295802587,4.9555982478894345,0.32756112073857946,1.416854259943848,-1.1124477142299707,-2.6877952812729036,5.968841468758958,1.0187673487516338
0849b4e2,5537,1009205.0183757704,1199750.685177362,13.500580381879946,14.720014627241941,-137.751853654238,15.881954904790366,-14.447862683831909,-5.204527164448531,-18.995039713576002,-3.6031406410092712,-10.331856069392401,-0.38205725184755857,-1.033410428163124,-3.3465139367231416,-2.115039801271519,-1.000681697763912,-9.20071958671973,-1.2311026026245426,1.2684676336274627,4.097692263433733
084d66f9,3885,402859.9628741286,354629.27191699157,10.18313596786662,9.554143911052392,-43.74392290892523,-16.26044066190515,-10.015056489153645,0.562812615398741,-72.11911046835742,-2.0845392667873743,44.27210847359551,-1.357059427325582,-57.11990124696604,-4.571279871488949,10.115582520022096,2.5605068248553464,-3.725552855054237,3.6615259934061335,-7.381547618741621,0.6883688089479056
08fecf00,5574,236282.24342732775,266119.93557524966,6.5107656069421695,6.9096368481552854,16.103670404306488,-5.78569939687205,60.26200580861001,-3.886031263651751,-17.155990198046798,-4.84654636509111,24.462027089545465,-4.028063747086817,-4.274850141908966,-2.641525143297918,-7.593397261837509,0.024678539668362642,-8.912751223547076,1.9872514590206207,-10.275781737497795,0.7603523159154719
09053135,5907,1216552.9113960103,1056292.7599660794,14.350995087308014,13.372378668437685,142.47145937712423,8.291596253795268,-10.232508297933226,-4.2628218782044724,34.2708129245587,-0.5487114688690461,28.097334938777152,2.4418268052039585,10.40296839354026,1.0148855538326589,-1.0740444148776203,-1.0311690504596338,-7.93054271194986,-2.009919333777495,13.211504888045642,4.179099579267541
09441b8d,5488,889602.3562237115,793277.2706757106,12.731832338885349,12.02279533346608,-97.67655229163289,-9.704108685051159,83.16213866399323,3.9653916460749854,33.361009239705886,3.4573072054152236,49.15058060977427,0.6685722905705166,-9.704977959980083,-3.208174403372643,1.908209068382859,0.3326067211815523,-20.785050514039618,-0.5192229441630245,8.452208226823757,3.5108809626224273
0955cd6c,5195,798414.7939534046,906862.5097981178,12.3971401740628,13.212285455888257,-132.55066989299382,8.434897976310314,14.257768687519723,-1.0848239719897232,1.490507354478671,-2.419445675120735,1.1763601782584105,-6.256867419685755,-17.800444916567624,-0.46207799561019886,4.826551979628368,1.3470692855063156,16.226521492433093,0.9729800915898558,-8.225296006042033,0.2163098940880955
09ec2ca9,5885,97459.08852852449,104792.32921216154,4.069470823472847,4.219796554187894,7.865095547757635,-10.319992916281603,-17.244190781981988,1.8020874544977659,-14.53087509539825,-0.2533840833392332,2.5644751180815795,8.836378063075465,8.544429724790442,2.449922386433658,0.7452731766716285,0.6731165810253229,9.61823115707125,1.739118100588917,-17.409841127799318,-3.967255559531407
0a57a29c,5821,88101.61805560274,187347.71403565072,3.8903900219029937,5.67316479911701,-9.666497329721095,33.031961600380136,16.752171790655858,0.37995222232648745,-1.3749656228482152,12.841010608345195,-14.088384379525738,2.6506593119107844,4.3809710516232965,-2.780172946928312,-11.963781357652975,2.433213263819272,6.058352134221529,2.9508037356387136,-12.0183421222411,-0.8593153408985383
0bbf5e67,4298,88584.43747502538,131417.00642810957,4.539891882526664,5.529585523393118,8.231610131859004,-31.365859496361715,-2.36401366169157,4.042356098191197,-20.24056547313605,-0.25874220874746723,9.357344515441516,2.635434031244601,17.274119978461783,-0.3693755484227612,-3.8002565816567233,-2.0971623231347793,8.145789390046406,2.2945803267268614,26.345541845301547,2.300697929604085
0be01c24,4738,106861.47335706669,86744.96346282882,4.74911898601451,4.278825802182895,-8.92863455428714,-7.873922431993951,1.0187075428477577,-1.336677722580387,-23.013779947998373,1.545676782203906,-17.1064811480383,8.820441828789038,35.10314129664711,13.418029908839156,-2.359446518674621,-0.9817909953592302,7.361490707427509,5.211446314848101,3.1158746458966293,0.28861914746229733
0c1b160c,5054,568903.0377277053,427889.4182021927,10.609661000934468,9.201278044370818,89.4907059390759,12.52367540768942,-51.590180183559724,-9.411343247199245,-15.471876027640665,2.961500336759986,-44.10412169937676,-2.2044466682773947,3.664842928627597,-3.69928615465424,-26.46439897053545,-2.406675249538914,7.72399504647498,-1.3326053338237904,9.509676773215144,5.049779568213453
0d99f8e4,5823,288864.02855898667,297878.42627614626,7.043253776542056,7.152306717061132,-34.113585637807134,12.664678403820465,43.67419220423638,3.0100329420235843,21.83963505855259,-1.5373766241503537,40.587056174471925,7.414417171754806,4.403499935080972,2.433750819855011,5.064060155391262,2.5745811833463845,-1.672568575965179,-4.038505186673861,-2.930410325604853,-1.1032688397161257
0dc5e64d,4879,905014.6536569687,923239.5946488141,13.61953865195975,13.755988426702595,-21.229055202039596,21.90849001055352,49.678063223031344,3.6800644812024643,75.62955892627687,1.2401026166453488,-27.776512539453705,-14.504245824230816,-17.994546921147634,-3.588679761700603,-3.2701529250873542,-2.708006926586281,-18.935592058803337,2.2162621547706047,5.263408131334539,0.827362922862136
0dc835f3,4428,1178255.9263830138,1492289.5351259985,16.312330437312553,18.357889043592568,-176.3840314846992,22.775618943731597,21.515762308373844,15.330752431838244,7.548562729981173,-14.289480975967342,35.12814939364157,-6.109645228727894,-27.252836784647492,-7.86803682266355,-6.566292400005639,-5.575949493592658,12.283282843444264,5.992910891616407,-9.480319906253547,-6.838849686382557
0dd99dc5,7342,603181.0908236895,439417.35686155746,9.06393263466431,7.736266351474626,-63.78911875697512,-24.569580012273985,-0.34691067337644554,1.6328614258817988,-58.505982621674335,-0.4684100211016853,-9.66066178277753,-5.0927562376981035,2.11011259088396,1.2495186284294584,-26.352893379496884,-0.8085751855538355,10.135775618095607,-0.14035280116044085,10.568824819779772,-0.13922419519807838
0e5e560d,3253,192863.2054810997,164282.2216687556,7.699856983455106,7.106458955757967,40.82348156189541,0.8618891929520445,-28.4947932833932,0.02087048479909732,-20.89480086918164,-5.388430596520607,50.12751539038181,5.906287709188561,1.5841873933804749,-0.5544530418916146,18.34383825009276,3.7012212391643295,1.9814798638250388,1.4026238147621168,10.05240670827544,1.6363435558237232
109d9d70,4215,114658.08326817203,84134.36225707528,5.215591264127372,4.467740232974798,21.875030507551738,-7.799856430041961,25.602376749327895,-1.931017178699804,11.127474327004567,8.891048192487744,-28.400445347065357,-9.594337076827012,-19.74916462036684,-9.789676103207452,-2.1667064477399474,0.2401292392937595,-9.335596809552179,-2.399603696597476,25.69598968202779,10.53841808875484
10a1281a,5609,274683.3477973336,177051.06944729338,6.997992068652842,5.618321108826468,47.0550496653852,29.679813405528126,-18.05178443457612,5.643316364349615,10.943099255086034,9.110160794985243,16.409184203885378,-4.922196522398467,38.31778566939525,4.572368969830848,-4.247096184276395,0.04574064262721285,4.4238709042190285,1.670732347867094,-6.007849207741702,0.04547245944053095
10b89021,5414,222413.25916926004,259065.4759350184,6.409456602813002,6.917443885599711,-68.43991218116584,2.8535829974098226,-0.18962258668438442,7.738221446251994,-7.883706915462115,11.120674465711339,10.028963133810196,11.732274165868306,12.140008429431594,5.508055569530049,2.3291576051975866,-2.961803977983192,16.26013700517027,0.0002985608060315226,4.917371962076923,2.9408229424143686
10be2420,3271,128354.85032655012,109271.22191600135,6.2642036788825655,5.77979756521228,-61.61811510874711,-3.9055958333075074,9.19253079183915,6.21001915624454,-13.913677328577478,-2.7919744603481753,20.887457913182118,1.68097030177105,5.609833404002195,8.594676396189447,0.35571807817026757,-1.270633890268431,8.186223141015953,3.171255419424227,3.5233724135077464,1.6934599457250812
113011eb,3272,131202.27693044426,202800.2063648878,6.332337277371607,7.872769726579903,-47.59418832019469,18.63428980444403,-13.20185077704557,0.17595260510651337,26.000109305902633,-2.4161247469366756,7.877457359577794,11.797603086698453,-7.0977461379580635,4.4446387172716815,2.5753162363975903,-0.7595544652696979,3.010869013628766,-3.09174530595067,-6.9577851792029675,-0.1304745619697673
1131525f,4159,467236.7219447228,491395.92151521065,10.599222865539893,10.869794000781722,98.27606859267966,-8.34634473903395,37.79616290252768,-3.459388658953853,14.695240015555186,2.3738386044177657,-40.87711397216601,-9.118774524416494,-3.1667666704459494,5.693567882658556,-5.6917537621889664,-0.5989769850835817,-5.1507373830148415,-4.008378215573764,-23.787325890705453,-3.3251458063673005
11d0f5ac,4883,1231832.179844892,1223136.2663216144,15.882995412760524,15.82683444587152,164.94225839987715,-5.350397974040055,-13.544802566013805,-13.187169210328369,-26.52999220674389,6.206912952723185,-48.71563604747381,-14.675096996124285,-9.416870987458415,-12.232170198711469,-11.583494978252189,1.780599983355717,13.267666140088625,1.9465489716220525,-19.984814617592498,-7.764726515475699
12203f2a,3261,168532.01922346986,133393.57090022977,7.1889557877657975,6.39575840019904,-67.96517317790986,-11.339559656972002,5.882505034350496,9.025618209393954,33.271170056662264,-2.583099759545152,12.427468818449306,3.134593697967934,19.138327169890793,8.107963361742389,-0.8501902113668315,0.11374514181405149,12.183466743873922,4.031659037563951,7.451177949526247,3.4051266092480645
122bd617,4570,421982.3391475718,330430.52132694813,9.609239936375287,8.503191849250067,-11.83467320932507,8.539658019578903,12.150142262568004,2.1970843608013046,75.44119734032196,14.674004871619621,48.09623805043193,6.817457410736024,-12.828817241463975,-4.880862113737682,10.130465180396788,1.334199118447045,14.029712386275332,2.3380936563182875,-6.217622623039334,-2.355507344778162
125be846,6510,2817648.507028431,2614872.0308495164,20.80429068880444,20.041707782066336,-229.8351957794047,-9.467553137730746,29.22302709990488,2.5798800558283435,11.715039714615218,11.395241182125151,-5.047327981736204,-2.9267839079455094,16.499272172936525,5.603064097557462,-3.1442642138930323,-1.2368031648121722,-28.758274869438885,-2.9324284056428946,22.480420909909917,4.645121201439428
1285a37b,5597,407761.754610716,279408.2829138696,8.535433660148067,7.065485098006871,-86.79902419336821,-18.02870959122739,25.921475331924864,12.85418866522349,4.675095926022147,3.7178182191053515,-25.747766384155057,3.212672483023693,-10.53741680381928,5.499228241569609,2.1681976547485236,0.06299052366121657,5.780441013356898,4.165139051475567,-6.878117716058496,-4.117798587792752
1295a25b,5551,343270.23493782704,318348.061667791,7.863800007392419,7.572957007406547,-14.23972349919867,-6.105704760492784,-58.81090407611636,0.2229215731472106,-15.229298821864944,6.839856741220631,-24.958769192334707,-1.8932212876945314,-13.568996625948952,2.4002535712398996,-1.8282034623106092,1.9481692424724866,-27.568742661121597,-7.774756674111164,-35.990467698296484,-4.3414537362248025
12f0cd90,5947,688052.2717471817,863296.9417812116,10.756271290641795,12.04844867539555,-76.83280502786135,18.20071947151323,-7.322582926005976,8.250402754507835,-74.43983739097251,4.078627522291222,8.614984871112352,4.494192117346805,-35.21290971308058,-4.110584720181691,4.419142148336397,2.5644959050833323,-0.34457148439230495,2.9408871164934327,-15.341238962860691,-2.2629496154136612
137d1e44,4554,3122567.543409478,2685860.40003331,26.185411760494425,24.28539686037838,257.96206785192726,19.40401543994888,73.60749850003789,-2.073020911703903,-64.78960429887117,-2.6858054137103275,-19.59576613406871,0.9280615235671412,23.936678439818927,2.9354000831074902,3.2825661723759163,1.6089906601711692,2.796748593987411,-2.5802842862214375,4.213191121317567,-1.3468655146227115
13ce113d,2966,25732.85329828909,37498.96643763663,2.945495738309522,3.5556915160052123,-2.7628047685425727,-36.500863085267795,13.523382139611044,11.762537288799784,-1.9537198330534071,-2.7229954855489034,3.502580864008131,-0.2549769813348264,-12.133448505160422,0.024407006601429783,1.0864282653788269,0.3421974702023788,3.9175794797909624,6.09514318528605,16.5469302535305,2.7184598635074093
13f598d9,7306,548803.0873512541,601239.4560782893,8.6669928642815,9.071600215994097,80.2928632547705,-6.72163816011196,-3.692669717753213,-9.559395273499637,-10.096620427558559,2.2204797836411605,-1.3657475911520411,2.861961384445242,38.293712102313975,0.9633528447870209,2.354580958044386,0.4916454326835362,1.384655171008583,-0.6367886514441015,-8.307160567436341,-2.6986332794737886
14a53cb3,6919,234899.15953644976,182783.27495573275,5.826651808860573,5.139804045619266,-12.816642786706927,10.21025157764829,-24.130464227088908,-18.250096531379572,48.62540129560081,9.178224226730352,5.056656689213972,-2.1868904624797345,2.194145554360575,-7.734920263914633,5.648283129457738,0.3151086366200538,-5.481343160278884,0.024824884747921504,-1.7510075023653655,-1.7437629176536764
14ab73fb,3649,240359.71343481482,298791.70488513703,8.11603492261571,9.048932247008189,-37.737331520746196,-37.1256257679472,-45.51899912250191,30.49239032993513,16.429617583733787,-5.892255621121997,18.12218534072655,-4.160660233477269,-32.477114833059076,-4.7322451203629585,-7.649490475074154,1.6262466976501506,-20.733773017827062,-0.8247718807216344,-45.43647227652533,-9.10859928188107
14ad5efb,5842,290563.7050309186,236140.3118279253,7.0524482169389255,6.357762345761063,15.114850310610288,-1.9229330836879832,45.44174159738806,8.9516173228097,-47.02642147954744,2.485244241003418,-22.72524397091427,-3.2927383340378915,-25.582425297247237,-13.071887474883036,0.6987937321847857,4.020933135939377,0.3264450137423207,1.7505924287735581,-11.836099045839395,-0.3527267984617507
14fee784,4910,1524191.5894345185,1276641.3211969216,17.618909887623907,16.124776454958603,-101.31051612447774,-11.930813113774573,27.696180250763838,6.040220889386715,103.66928133436473,6.22977502759595,32.690861468463694,14.168881948058,10.300145358065045,6.285858643408384,3.2963864107770036,-1.068853238425517,-36.56243317230986,-6.888691517458577,-18.50626025667355,-1.6971106830294218
153552f5,4695,118953.07544363651,127877.40116631516,5.033499608160697,5.2189015276938,-19.942481849728274,12.601320084483344,-45.768132856430654,-3.4420364453923105,-0.98409675470159,-2.4484157996509404,20.180963251960357,4.154631897354951,11.512825923093647,0.027402357610964545,3.0034928482758065,1.2589578745081291,4.670730581832709,1.0487602692153977,-5.3640339212866825,-2.1423627310124287
1550491d,4563,1334150.119944027,906596.3122533764,17.09925210401821,14.095540692839283,-188.15658672550438,-32.39622254032422,19.11398954455722,14.398872267892688,-13.352724849712711,-5.413320169454022,-11.935079810898198,-10.607992887659975,27.543989620748043,5.954617259190202,-2.595029583974527,-1.103436685778187,-2.9700119571362884,-5.2644778836823445,-15.793349075554087,-6.477841254803484
155887bb,5585,1532631.5739980354,1483389.7960489967,16.565604765148187,16.297314815538677,175.19533770677336,1.2770440331761517,-30.64121319214604,-3.3579133793118188,-44.678659713607466,-2.3375839805284393,-10.609496589156338,-3.9225064735200315,13.623251499359046,1.03849937059988,3.018568684176686,-0.35837795624521496,8.825801726721787,1.3590551770196388,5.2364314957405655,1.0293581333536201
1590af81,3799,92994.69084809592,138098.59879708927,4.947598289679016,6.0292041479641565,32.08341480954384,-23.876229610010007,17.94465547867347,8.201369017161614,30.814016353521435,7.266277997245195,13.526774748653736,-3.6393742105179405,-12.151626644359887,-0.09519260292875706,-2.265469551022897,-1.439622113815283,3.0683113870909184,0.6167567741032759,9.846342209963582,-2.0856199864544243
15e154a1,6068,950364.5203415462,629558.0790167667,12.514754116251547,10.18579930190634,111.77344050338726,22.93403041323991,6.62919177866728,1.7361466182232106,66.98578004870362,10.805472891228245,6.276798615339939,7.415068786877302,-23.112727601026087,-1.511565150069099,6.414437242716775,1.7566109244016528,18.52587012338459,-1.6921631120607326,-10.6084971862938,-0.1521030572156515
1619e2ca,4443,165083.97754624824,89364.73275713238,6.095569755023998,4.484819036587412,3.033592406130721,-7.006996244538792,-4.743455904337569,2.922228282699876,11.383264574988752,-2.239291972430535,-16.538992765982265,-7.170992476344712,12.30511964871342,4.190415901963401,21.409891410701537,10.134148794530702,-25.1229471218288,-11.160844680724312,-25.59012699864171,-3.5270022487927952
16e4a047,4131,586254.4784666799,739162.9304566497,11.912844946510594,13.376499935863956,-131.20978237127832,12.598737555053095,-4.0617602912042114,-0.913148724996083,-24.839346266638348,1.7336404532651488,20.132445283745177,-10.724690884230098,5.9658852581729676,-3.7757727086842516,-1.7466540451048438,-0.9631299221086586,0.5819420224164913,-1.2147505854604135,-0.5124871744036069,1.722670922718309
173ed841,4883,341831.2533886663,497809.6215865458,8.366860374528898,10.096905254437571,49.95700509340001,-36.5547876092736,-6.273328843811932,4.248359471385966,-29.265727510230136,-3.909770482941019,-30.21148888884548,-5.117069553227511,-4.370549294632225,2.249860625092083,19.630673764939065,-0.2854164652235885,12.185701844334087,0.9903687164979947,-26.572259071422604,-2.949112730810749
1770d7c6,7240,395653.2076054172,400129.9982731992,7.392444324759631,7.434149201295798,-38.4772246493443,12.685878475308503,-57.520244937795894,-11.43536366226049,-25.189760096990163,0.36865551030276295,-8.767352636913282,-5.214118343014201,-11.949443376116914,-2.7209767264595976,2.281710013351745,1.1646531165550151,-4.122863053855047,-4.500859882048253,6.324338266442344,-0.641492871321294
177622d7,3154,94125.78775391454,85385.10918731544,5.462902726547422,5.203076658824238,-38.79363297972049,-10.172874464978099,-20.597662436694673,3.4755829670644003,13.501805161026017,1.0735248017903838,-12.14307405397578,-10.235667311682818,15.925697238090123,0.06940563994141354,2.7009970522446647,-0.47730526951680485,-0.2921172857043469,-3.71882907459194,0.25092467018340336,0.4320269049852459
18d24f7b,4558,160179.62633865688,191388.35842413804,5.928113057886612,6.479934235905007,-35.64393984694893,8.220114505835985,-47.11592954634305,-1.874209995732476,12.752929642738664,1.7355904518600056,6.96433078332028,-14.487477464857657,-8.237875183426977,-10.633727024197574,-7.782154666721174,-0.09646207729461036,2.9834899209839114,1.9331782650013103,-11.52982932187005,0.8225219899100498
19137a89,6267,267654.9790782577,234875.5095388367,6.535183943941327,6.121939315506224,-12.083255329391633,1.5474382249428325,29.05295282102535,7.886165173718598,29.329804809486575,14.556734810215849,10.91156685546801,-23.876351998011366,-13.415371533229015,-0.7011392179485069,-19.274847127961422,-3.1623193098942615,5.241178148308181,1.7270427496377714,12.254874768923276,-2.4925941379062775
1944513c,4722,332089.55498677643,360704.8603682318,8.386188436869398,8.740031659144291,72.00512617706984,-12.802284069027731,-50.652019130271974,-15.906508368030037,-5.941261441043414,0.22917131318791917,1.1190546858588135,1.5654046474996954,-6.210649497236618,1.7145741599396476,13.662560681365619,-2.03779718982826,1.383690977126116,1.386316744618784,-4.507362127798934,4.574695466822818
197f8a5a,6310,2372046.012591297,2384101.5593285277,19.38861892947204,19.437826273181656,183.71305156104145,-5.341911837949984,-19.936064301222956,3.6835843192700013,12.919301735002794,8.292779048262224,-17.352690741082018,-6.251919803417525,-41.9330095837685,-4.083441157437498,-32.58342588579048,-1.1091607267828578,6.759040672978645,-0.09421892512000463,-51.478881550198025,-5.504322590833948
19871e7f,5293,1154755.410096174,1276004.69750428,14.770461188762225,15.526557987178117,-162.35374263161592,5.647262501102302,-4.358220781903715,-3.0868804949156745,35.60080518648327,-4.88333688715865,-14.51271205595767,-0.12613012028939638,-4.75928819508257,-5.157336473829056,-7.346292940559449,-3.0595587707555545,19.14292578812307,2.1965634191297654,3.5261893203500008,-0.37916614789238157
198a5607,6251,1308033.6371438238,1334967.50224973,14.465541871590903,14.613713787366008,-155.94410175126998,-0.0423019068064268,3.5402796320205647,-6.678837394917615,40.40467785109681,3.6933033921162126,-10.972032468061318,-5.494341262192166,3.2804075683467544,-0.7919504114238647,-3.376719023552586,-0.5088028083873197,12.531965789054258,0.20379344045595205,-1.9030936265375857,0.9650354447345328
19fb4f7b,5620,462175.18558631703,513728.8771107365,9.068493673508412,9.560901224576567,19.20509052598303,-26.52000434039246,-21.35449843402416,7.714310670547965,-54.219894607247454,-3.8775045347739607,-71.53022668035734,-4.331479381034098,-27.54581525812609,2.9127290021050882,10.050904879303301,0.9013210518444794,8.816787054997118,-0.9164381523225019,-13.171339749366789,-1.5925245558012864
1a518997,4606,746932.0564381931,708637.3978328939,12.73440279024781,12.40366611508142,138.53001529665704,1.9178823748204834,1.9595006906372756,2.0101975741976514,-3.4478734314030133,2.087648775546044,23.71325905600635,3.572734445330474,-2.3791467190406093,-0.29276650271619575,3.4867503961757067,1.5836649925090793,10.702137113926117,-3.196005038407819,2.0010198066347678,2.403550365138359
1a68190b,4474,967052.3583968976,1130625.4733777102,14.702019834510041,15.896861596637375,139.31116788085123,-16.122124136219764,-43.31964026636397,2.452025544460119,2.617041723049197,-1.4676333003196533,-38.330001474093756,-2.646700773370695,0.5564042050200954,-9.695167177405454,9.94783837912546,-0.9278724174603623,1.997243315864329,-0.5747936785745008,-7.775275855015854,-0.05998604804567651
1a730ac2,4605,894136.2254446739,533043.384891203,13.93436004595352,10.758865090877025,135.07572255938632,29.920784769243227,-41.02639106932537,-9.319813953231444,33.90806620719228,17.64121530148818,-43.30960384997953,-7.9915031305366,-1.1737729991291235,1.0981471969069105,-0.11715233576976765,-0.19342807223870873,-15.19604269434931,-5.235813964526886,-12.89808767263967,-5.031157351778965
1aaf1da0,4804,223320.74439339104,278880.3801586154,6.8180947779876,7.619166803576858,51.13189874394876,-6.85256057527566,29.598650207457545,-8.378938790235223,-17.68707726385673,3.5793726058810194,-28.323992737138223,3.2760644660548524,5.378161263532642,-6.871355657311042,3.1967697204366834,-0.12221795893438361,-16.243530364514214,-1.1228130430801775,1.8359786059985435,3.7847036109712944
1b08ed48,5618,837988.6283305953,716302.7179777443,12.213164176302929,11.291650623117212,-135.8932006185969,-11.823652887158579,-4.57860099102418,-0.2534662275515416,14.47545443368016,2.5271476109270834,1.776704808555947,-1.6024145348543564,-8.807851777395136,-1.891500899283279,3.078234683588301,0.9005949297690989,10.864809879419404,1.8104371216390152,-11.091768615073885,-1.8429221856493612
1b1c5372,4261,1110805.6304256688,963517.3416812103,16.14593757773699,15.03744322756222,-150.113968864648,-10.451982328747738,-77.26974952769943,-6.3341103141455415,15.114541413136754,2.7234527844585155,-0.6694880169876324,-4.246169950608016,60.12715788379671,9.745107074102352,15.665553959066802,-3.6523369010617968,-5.512201952754805,2.91533013519467,-13.561257964419601,-1.8905143305430907
1b1eba53,4655,5201969.655816646,4519555.258567213,33.42905229336247,31.15932260655034,369.8926802503732,24.11445291295448,5.4569165163039415,-4.525758819971374,-0.13884480122752887,6.566258735900848,4.694392869610226,16.335576759564265,-3.0336793451727657,-0.553621613667554,11.56786464645277,1.8733325754334789,4.3771869237152545,1.6050838414698547,-12.24538888819872,-3.9940028680907034
1b6ba517,6597,317281.63223450497,408512.70400021377,6.935044042399257,7.869181121337878,-57.48431620370843,11.535753338492217,-2.900477650971048,-10.6422891890004,27.272951980604,3.54124261750189,-16.167328691531374,-6.813294901986234,12.26729543008255,-10.356780108407774,2.1388068391872976,-0.9103135615727995,11.818511344502188,0.5260724081858311,5.088731410363712,1.8244996995533558
1b82b665,3806,63029.298023645955,78134.68259009434,4.069460554203605,4.530931893433841,-14.64263175499246,-44.02673507433826,10.306297588740833,16.794060086872623,-39.04197296433686,-7.020345070232035,3.852730696732993,-9.348317494415324,0.6719558231945215,-6.49091423495901,1.383305805228133,0.2971356810752253,-1.7904926470850033,2.8465229809320767,-3.7783036674869392,-0.8633330629109845
1bcb2fcf,4524,129149.99463018618,199537.26918738222,5.343008906143493,6.641263534987475,38.18784112477463,-23.139036853845433,0.9136424699695098,0.7960704464975953,13.149098931846362,-8.475922768974268,-31.564161169899855,-5.872612314764235,23.76698873542415,0.6798616828914056,-1.3752879008318157,-1.1757683343944219,0.23124267965411888,3.5219349488652556,7.809321349152148,1.8240630639061923
1beca81d,5036,191611.6284886397,132904.53188998238,6.168336678602078,5.13720662966888,8.414990342446588,16.454125683937853,-29.879550338645863,-1.4394997149812054,38.92670373384612,13.50870033279254,-30.22253868064329,-6.405915579548486,-1.2406254373038932,-1.2022047579492332,0.5187336682188912,0.5942818844981577,9.943263930289364,3.1247500274731914,20.406742416148397,5.093814050261978
1d3fbf02,2694,22968.396810954047,11010.663880349393,2.919890368918178,2.021659248594429,-28.000855317590652,-19.83722148971609,-1.6687847195936345,2.909904259490763,13.66479085737483,3.8387447399530634,2.4318121879688137,-1.7788740158608474,-3.101008617399203,-7.600869262314076,-2.309806124374304,-0.5603672118709758,-1.194633693013396,-0.7221623150010046,6.01224902490214,0.36279720417632966
1d78281a,4949,238499.33681128017,273436.65072385664,6.942004022231022,7.433094188476418,41.11553025982328,-12.570637154321698,-27.2029161232388,-2.794546936744121,-6.432210654506877,-4.8680580423900635,-43.213390182978465,1.0409397920434114,1.5118351611104406,0.2789798811517457,-0.1321774003513429,0.8860233212173547,13.29876315603116,-0.5126782397391934,-2.197468732402121,0.7417027445543576
1e30dedf,4071,1296506.2123065882,1273658.1589008044,17.845829929218368,17.687884341928587,-188.60824548075885,-1.728467638194924,-3.441734443888349,4.131702207100038,47.2785715051004,-0.2344891147827676,-41.6744969487124,-7.556808748471427,8.006927560433471,1.7063639852876151,-6.094878034274695,-2.1542047689835693,11.143103049304594,3.558266530920281,12.316904018514787,5.1470653004705635
1e5e3573,5480,255319.38014496953,286631.85372579895,6.825769389869582,7.232225300464487,14.264267221724173,-25.7050069954801,-56.61146446360014,-2.7509654589751205,24.741263940079172,3.1447727271537245,-21.897212748300394,-3.2592357551901223,15.502828248817943,0.46334585216185153,0.3080492690394966,-0.6080136836081265,8.572721785698855,4.7400123916841626,8.017647682751273,-0.11109488695639362
1f9afacb,5328,28724.522460932614,32114.45044308244,2.321904218658791,2.455094080686722,-4.812953998852384,-1.7379708815865278,4.507674619731626,-0.5113066517490943,19.128336441689374,8.434114175781438,12.327697118619316,-7.091908212274035,-3.682438290032354,3.6735501662772405,-0.8399621758792799,-2.248292331014672,-3.587076651152625,0.11633587853180068,-2.1738850169198507,-0.8086762456727052
1fdbba44,4911,158531.35429573554,145051.3274933756,5.681625678571413,5.434703893757541,-25.20753061395966,-3.7202482308064333,10.336280034740449,-10.03661478949195,-34.67376680547294,-7.218739385239298,-6.313790144615043,-2.431659924222186,-20.791322947166076,5.3830854055995045,10.436825123675817,2.624099061586204,23.030928084463966,4.3711964222848865,-0.172358224998795,1.3533532151423953
1fee2b62,4641,625147.9347089881,450797.6577914732,11.606081506130863,9.855644759890405,116.59254775954237,17.438062062929475,0.36466652123424126,-2.9204344351033713,-39.4829584213732,-10.119289706856108,-9.222036889632083,-6.242452630774091,25.309893279491597,-1.3021937284545826,-10.472592290515161,-1.4606030790373061,-6.58303829361235,-0.33121462286355163,-6.919433178099365,-4.113390178926691
20096916,5133,312311.16097404767,358188.23204848875,7.8002427813930755,8.353529767992903,-56.62005514460702,-10.372867313903901,24.97763886235587,-16.68012836818857,-16.865352328431594,-1.9248141597278767,29.698850233294582,10.976282194958019,-15.721227944629442,-0.001446565158795199,0.30081574323308435,-1.282763628205922,6.097535266497678,2.0874246156691347,2.6850172348506467,3.3428203310506817
200d233d,3926,40013.73687820234,28317.472806098187,3.1924889913368557,2.6856666017577067,0.2724021972632702,8.435751057058912,2.809401531747578,2.8581378590075253,3.1123365205443556,-5.945691892192378,-24.50225218287996,-7.070795619854136,-6.769158365174884,-7.432093203607553,-1.8669236223925854,0.6129336640887383,6.651392627286134,1.2576724017130068,-3.464668735382709,-2.119882473263101
201661b5,5955,875525.7509773012,845892.4471473488,12.125330336302191,11.918365250798615,111.00662181513538,-6.600554032083471,8.84060758610669,-6.1183731694527195,-10.116731987645792,-14.207311852038591,-36.37965633284922,-5.9067700356567965,-29.611204049680474,-3.781023715310083,13.664549440189884,4.5294124890619,-27.852738090911043,-7.894492478957221,6.549662712678517,-1.4420351388138404
203721ab,5730,451954.10863548255,438552.0908127628,8.881163357865312,8.74849367051837,3.0232350464992463,-8.656075017857479,37.30878995851092,-4.437985377456746,34.43025346557044,-4.069866242048459,40.08005521491803,5.592301216093982,47.69424805052981,8.11356324480227,-7.397151457469858,-0.8418574596556935,-10.187574665872576,-3.3698502445580116,6.826911200164682,2.9865803158142965
20402d71,6372,336080.9232449611,188134.48656695755,7.262464913321477,5.433708330024824,-43.786961815535406,-45.76056501619504,-4.353723459774587,-7.356301329527892,-13.572071177010747,-2.013632775144294,-50.16619222888467,-7.237856572417249,-19.64871779755378,-2.1020791015856837,-8.025872456150736,-5.8886700981003,-5.340543163918584,-2.1714816960546792,-19.35327904816639,-1.0213913585942518
2043abc5,6958,1375173.6460989763,1238030.757082229,14.05842143677244,13.339007136754937,79.18018130606649,-4.113926806527606,23.18839081108809,-4.937092090953017,100.13226205928727,6.2887562779670905,38.19294105614612,19.35367652696655,5.810747912984953,5.994826055943365,-18.240343137685045,-2.310068380125596,66.758673546485,7.427200885782855,0.5974282506742554,1.8686007074943256
204cc64b,4805,137105.73637517844,252556.12146738992,5.341719965560135,7.249903963874896,-32.01014930737914,35.09170435717925,-39.53305820460572,-6.432997915944976,-1.7296133058633933,0.7482005463396748,-2.3601843839131904,6.407422489351843,5.1562342264223755,0.15009795889281183,-4.305408194515005,-0.24810553154445092,-5.537031028237213,0.41554193137895634,-16.383975436818087,-3.034017096837894
206b6193,6535,5383195.644220729,5032602.867776526,28.701017004288335,27.75067392435327,-318.2569533462903,-12.672046576287476,-40.57609592960072,-5.289026851564695,-33.55241449727136,6.069651861135741,1.317413441816359,-9.291671708830766,-3.699102487386278,-2.173609123253668,2.976031417144287,-1.1033795569927982,-0.518203148446549,-0.11657832540945741,-7.814295966007805,2.307982532352281
2075c696,3188,161177.75874421882,161885.13676868277,7.110389634922966,7.12597561544967,1.3439635093590656,13.013816436231656,9.654487436935565,1.6511899926736695,-65.93298268994995,0.35822616670276963,-32.36457994866679,-3.6915575087582,8.303435778841557,-5.453035726947602,-11.934439609051605,2.7453697332804805,-2.7653009464233125,-1.9040741096651534,8.783881055475245,6.378965342633931
22c5f93f,5172,231359.2120272649,180246.1664958382,6.688275285954414,5.903421060674307,2.2464492291512514,12.998670868326936,-5.154036851679464,-0.5945986164997537,-38.571115969881774,-3.178020318701874,6.2191516071213595,2.4719002648142663,25.535481495747398,4.739730100893102,-6.667764110605946,-0.7328402664197704,0.0581331812474775,-0.9246393291849794,16.115642603127107,1.1348977789334638
230eaaa3,4690,2261899.255333861,2505029.5428813365,21.960903695339173,23.111067429146814,196.61213060709696,-27.908248542317164,117.37191609890726,9.998506581525593,-70.67563219147507,-16.9701713928408,-28.422483869836405,0.7160127191490557,3.9615778267765136,2.9281100881221924,0.37632489791127455,0.2683209197429398,23.939830454107046,2.6986742165121624,-16.06437237401484,0.09964640777202674
2364716c,4316,812915.6760692443,795055.3959469183,13.724041771172816,13.572441446137532,143.82598234538142,-2.360857485597229,-18.59281715155674,-2.8846029375101603,15.886024010329232,4.460585642160032,-27.846995159924905,-4.56445639988966,-22.447231720858714,-4.291899431112534,0.8229626684035981,0.6988940345184121,-3.237306853627498,0.135213979467604,6.172700463264073,2.4263371381986696
23b9beb0,7340,613101.5032549876,894820.2011637824,9.139410000506338,11.041291099793495,-87.99599960532746,27.28660786366596,3.5850505109190323,0.05438193961856008,-48.52792372393493,-8.085570965972023,-1.2918813170966565,2.2952491452263346,-5.479446935186149,-15.522077438073788,2.7967771712151968,1.246062032389204,3.1092565300299504,-1.200076799563432,7.5200845671321135,3.3788773266294405
24d8997e,3442,289709.7196359431,259468.17403473976,9.17436680571819,8.68233652140203,-82.95860173137868,0.31441770094081367,21.240228020694552,15.597390959712556,23.1888786637683,9.484574713908518,40.86286403120109,3.0760193958323874,-30.94755986631289,-10.965189531848623,15.300807381963452,0.3681215812394603,11.499052359323706,-2.9546481045291304,-12.1543434746238,-2.5719205066493687
25050f63,6124,1015485.1370616502,1413372.0370922787,12.877133396466528,15.191849745046659,51.17171551896432,29.691997677395864,98.49649851217238,-31.861180695111322,-76.06036376069196,19.474467253950557,31.40967268938986,1.322266275711429,12.535975271917513,-10.322953338395452,-2.981161258562615,-3.1266607702640945,0.7580170668996509,-9.881446072737702,10.969223552644284,0.9509351630221456
25939962,4319,325218.39127848117,239977.0352438951,8.677526459192393,7.454066103063096,60.09860794260199,12.41439449877286,-0.631098523442238,0.5351139611394194,-37.95183675946874,-3.1610400301582766,-36.06584928712236,-3.1784431496067014,26.91750566850346,1.3120443811468863,-46.531393731496884,-5.589338449621377,-5.0392853744805395,0.41457121327704094,0.7712392435756457,-2.2131388357344575
25fd32b3,2885,42811.52981508744,31141.124130489505,3.852187918010087,3.285445248136985,38.562214191193334,5.135423003579999,3.584873193882983,-3.3064369369355022,-3.2715542451728914,-3.904648202284423,9.892443147651118,1.6975835028454989,-5.261800517344286,-1.735493498815341,-1.1853297858836966,-0.031184547824216046,1.5987846823739649,2.1798069872972863,-4.98720931572862,-0.47709079602211535
261785ee,3646,1214901.6278445914,1321113.45650125,18.25417563457204,19.03538766826378,-192.31274766319427,12.285787582280905,42.36527720605085,14.088288568213224,43.85291891797585,1.7403250007883155,17.12086714338232,8.596228056954397,-2.6710107883209053,-2.969769751183624,-20.91211618770572,-2.0870515875381472,-11.514067566970605,-1.171195729877953,-2.370740844262094,-3.371541212893984
264feceb,5665,53578.546717824676,39405.997865420824,3.0753567870517777,2.637431614099303,-12.101823657394897,-13.139569976442965,22.1839203194675,4.176109960738872,4.189320465184729,9.703907065344879,-1.7911437509934118,-0.13745594331469074,-12.604391359599374,-2.367191582647358,-1.0042439300127133,1.2482447760053625,5.4665578029769275,-2.181269932716277,1.419375571849621,-0.8995000156605254
26623a50,5735,1053396.044831602,929537.7340274059,13.55280315578772,12.731125551487699,-139.1388682191335,-11.131582675856112,52.779415735898894,2.770405425797244,-18.010149558312445,-2.358001598638967,-0.42381085576990535,-1.3155822844532867,13.069074695063687,-0.2332479349997838,0.28286005682529486,1.6951011776117304,10.060188431572188,-2.5553330627798916,7.236750309806192,-1.7939445966665428
26d3a96a,4721,170262.18001031998,171571.75125000373,6.005402143554425,6.028453173906716,26.00832080350434,26.531118290141755,-23.87866214365607,10.485582315270303,5.220126466929399,-0.289559278541563,29.96811034078337,2.2396960979465264,-15.651315924360341,-6.106121198225397,-0.8391194046562418,-2.6705849076028216,-2.6761892597416006,0.552941889174326,-15.715431983836575,-3.2204274313382912
272abef3,4135,200593.2915472588,141072.12950106294,6.964989169752264,5.840941466845941,-46.695302937985936,-14.750675183226377,4.601390565080479,12.37709886714673,31.405640775100846,2.124904245056811,27.06769803975943,-0.4098265000415561,-0.2642801035235706,-4.386590508030062,-0.9422766741977806,-0.05553171425456007,-9.031695887202442,-0.4264923169187439,12.339440859523894,4.344204682923864
27300fd5,5467,924308.6534490947,688644.534967886,13.002712873138977,11.223363156834475,94.24849970665255,11.106668892776714,-61.97816836538982,-10.29947219040769,55.28656118716181,0.5256684781799356,59.905727828783746,13.955755296501962,28.288007067891975,12.363845327241174,3.9602675521944533,-2.2374889860239895,0.2325730956354853,1.5774663664923219,-9.414563906919685,-4.57357606542299
276b012a,4837,729552.6261414671,297177.9293721611,12.281184868999182,7.83827023859842,60.11239082106732,73.13280429780954,-85.34590016694352,-40.72955708325611,52.56104800257761,17.145187718436368,-43.79378960536546,-7.8967666041305815,-36.59277639284861,-2.173738878086693,5.46541512112822,2.1831591569376805,13.179806550561949,0.6379375623910596,-19.608267215221645,-3.4775536394314406
27c3155b,4958,189344.50816464183,152382.20230705253,6.179781150779468,5.543880517782856,-43.60857703771277,-13.955289070536026,12.021044630792119,0.7953089225066012,-21.55341226399546,4.684940554102736,-19.72182756720094,-7.003778416146474,11.916087984946524,3.2997348184045263,-4.203985103401613,0.2638891603997307,17.757415850853285,1.38215949459938,-16.35876782533895,-0.9197376304121354
27ebb9b9,5766,429176.4591935571,301129.165387953,8.627413768359649,7.226684439122051,62.91579511218147,11.79672393515684,3.6026322329568203,-3.2408247040638143,-24.9891587659725,-12.64519985626637,39.588944522502615,7.425106840337167,6.85532359241665,5.966592306915346,8.559117454945943,2.0011085267896704,5.746188955324928,2.0507421067189737,-2.594159939010759,0.38440476883403946
283269ac,2626,20192.118984549215,28463.428474731816,2.7729598886392113,3.2922760627787593,-8.900357090875797,-19.2468790109264,-14.565400090826774,5.202270241858027,13.880216652698286,8.526652924793348,-1.1339515199646208,-3.1972167223350647,1.188033901215249,3.489666452355246,-0.8374953818364427,0.685823562329164,-0.6732619551163914,1.3348034966959854,-3.9717615117628484,-1.9481111617204612
28473855,4290,529791.710358858,627950.9813883513,11.112811128567829,12.098575128383708,117.27778081802595,-13.864995110252343,-1.007818563089124,1.1633281471391967,3.054868958130871,4.037670423363686,6.371865393608731,9.762226775594595,2.5000995554146472,4.9299501004639765,-0.38070163185395367,-0.01032828835507793,21.55540044350108,2.556123044645779,22.757452890208235,2.964376189941471
28f4eda9,5266,319211.8489063457,432673.73723414156,7.785725260537781,9.064416236469098,-47.79951188419647,20.412859315931584,59.08681164322333,-7.4747090186116285,15.801232537763653,1.8226338132773872,30.454412909387134,10.065389670370703,1.7833840188293475,8.654385632707317,-1.9110381399046077,-1.260472404705188,3.1442545445986907,-0.9735347056656091,1.5198335758173962,3.0530703470391627
29b24409,5587,275793.5129500498,322169.45029580785,7.025911705058848,7.593689625079149,71.26713311886881,-7.692438759665807,1.1264861925425067,-1.6842494974321987,6.002947601420726,7.318778283412099,-12.854604811526226,2.0079087401254254,-7.987813660814394,-0.9474620671627682,4.582449729964721,0.5514605221913073,-8.894513787976376,-2.762672326237834,5.275569705480082,1.6497764094492908
29de15c8,3431,143038.5596692863,162528.55260214506,6.45678321239352,6.882630819364815,-63.51805224121112,-1.3624642412386414,15.450859148763314,-2.553531053984558,18.208790900408736,-13.538427597755511,-14.388302696467179,-3.47796475483607,15.920148765988415,6.137135110086188,-0.4925257353426346,-2.2990184200238657,4.487473958471562,6.305301270060434,4.253741504392847,0.9415860386335757
2ab29395,1852,12823.767776634495,24331.719028759613,2.631402792605129,3.6246485663236157,14.766237557520824,-2.0049023540180846,0.4422621827277872,-5.238406315767514,23.623339341840836,-9.507453363381906,1.0583081007148827,2.0304144008506118,3.8394857522689834,-3.33090137656725,-1.2105766551898078,0.11216568432703382,6.2653998439784235,-3.770239247605322,-3.1217372307510733,1.2075795395791686
2ac7cb6b,4990,1051475.7793643307,1006228.1929612389,14.516080361136337,14.200314660780519,-4.405610080696722,-13.46952523681109,-106.1387204997944,0.41175435223021245,-92.07513608435406,-5.6721374298865355,-17.363494848725345,3.5795084599640226,34.41914118541116,-2.258368735453719,-0.6559066348584068,1.9412994888095803,-20.721823314612802,-6.063918157415633,-20.444206985024344,-4.639319636932764
2acc78d4,4266,335864.5385340593,294138.30200614117,8.873023885226825,8.30357982332671,24.69658986832305,17.00305796563024,39.739315590641525,-3.947400481739417,25.255381001381426,-2.257514895583302,32.905789495084825,2.9630034590142738,-50.46493524725123,-10.329433542647413,-0.6098864556730987,0.34762379357488726,-24.692682461277094,-6.800821854146042,-13.841000100897919,-2.2912944800367243
2b034622,5203,95383.49315816676,112067.74475272643,4.281635559819255,4.641019607050625,34.773604661727354,-6.928612970712128,6.197967402285474,0.3121117293188412,-3.288247108249152,-3.1044076507082368,-0.4158565156904805,-2.475225783250573,-16.49650091695089,0.5437751506566524,3.360036642889714,1.3292582931633965,8.391968417323437,-1.1537668873476936,-1.0413791427299943,-0.22769463499604906
2b06ad65,4256,517394.3679470401,397038.8564833215,11.025798182057668,9.658633702588602,119.14072513016099,16.098636108483202,-18.31638197150543,10.183377541425955,-7.5997186481914145,0.8543513413684479,3.319209805219041,-1.4690220438080026,6.525189909514514,-0.7286896778857607,-10.439610733204251,-5.87499769459645,3.8755754080753326,2.0162042869817536,-6.23768543673065,0.9474976304953113
2b547943,3480,58798.02200077431,41292.3976439263,4.110472397858406,3.444652595963107,-10.451072762198116,2.317120290884099,12.872480952406075,0.20076547197789868,-17.675263926925947,-11.957974878294394,-26.733818738745335,-3.3742795868911997,-13.622355689086628,-2.4453826292759118,0.01435674782646732,-0.5857438557980845,17.583325606140573,3.8640346790664823,4.635687714581444,0.57595767628681
2be5c96a,4210,58610.91249192309,73754.56484858063,3.7311971196688285,4.185558387349845,-14.857146650406758,-9.862793057425973,-8.269220388402147,-0.20442090738748248,15.463981603479521,-9.5467858393452,22.885798778014465,-1.1614711304074625,6.494212800709782,0.2212283837970796,18.876021145160955,-5.424675967641788,-6.614621959217418,-1.93704608877012,6.574030674520162,-0.5504729993634772
2bff06cf,7624,951933.9437354293,1122583.3031019028,11.174084794922688,12.134387102544338,102.74244083401598,-16.91907712150284,-21.4291796693651,-11.285433729545057,-12.961289281962525,5.76437140832451,5.615471411280057,-2.6300804096867068,-38.02920586653086,-7.819294554796218,25.90704949605304,4.518652282561962,9.590114543256238,2.225770402563886,-1.2393572138893387,3.750396418797205
2c0c4a4e,4790,602264.733782937,359917.72921535786,11.21310683448683,8.668298603028434,112.01403977159332,25.327827792273666,27.346229774236015,-1.7558083392882111,21.327399121708574,6.619502743911866,6.584867031464303,7.841621927906511,-5.79768645647516,-3.3162654795337096,11.161310758596926,0.6308161080736056,-6.450915544983897,-3.1526771895985135,-1.3599649832323197,-2.550656531508649
2cee0cba,5500,421119.3444442511,392282.3951991431,8.750265912263375,8.445358006288997,-23.51547411355446,-14.873171055024766,56.81352073643901,2.042550591472094,66.84510079124951,-0.8799058049451052,-19.778767079442552,-4.196177570050093,-10.089382457488924,-0.6026581961942297,-6.3023569162423785,-0.6262092971191465,-4.762301947869075,-2.991938087111593,21.266784952501006,1.4469051276506932
2d0c268a,4550,266368.2678635986,165965.74236943142,7.651305539157232,6.039535357454327,-12.466433210289363,-25.325847703273197,18.968624630532027,3.300784054778691,-58.85448690410815,-17.646617410032036,34.981733485072176,5.817386998876784,15.155742304968276,3.8835812020241938,0.7128578406451564,1.2141538343399283,25.454768870027944,5.680362840679124,15.53819383039488,4.7267431496766354
2d179ded,7008,362898.69676060986,337166.5328713441,7.19607461290959,6.936257117175553,-28.625793396977684,-13.37217737409821,4.6050317934529605,-6.334765463179025,-62.62065422862315,3.8801453153689467,-25.332042597031695,-1.8361424341001062,6.050107668141237,0.44101922936027044,-4.330880350511521,0.057026411275967706,6.730617478494656,1.282612109639771,11.289663439816248,5.166663950555554
2d196986,6474,881956.1193139527,735848.7215910475,11.67178130074673,10.661244965116259,-114.9364988286317,-10.58836656648658,-11.569716323444492,-2.79436279589988,0.542006108203158,2.2117547933048862,15.929612621766562,-2.957649462440484,7.127263284611283,1.9275211722686034,5.918984419185224,-0.027112869105752835,2.59733702968338,-3.038923481069433,1.7217592886177855,0.010237757869235819
2d2d0c6b,5045,107122.09515362605,65606.47898038106,4.607962582128951,3.606141633209559,-38.95608074121289,-27.283268725533667,-8.198793676951437,-2.4105487188292054,14.095651255317781,-6.8615161193810135,7.538131118627616,-3.4501598624112524,-16.014112030987018,-0.8188639818221036,3.9942782150906995,0.18500196536156496,-2.7608428436511963,-2.721091684011323,-5.886137957977043,1.4394997070984694
2d35f86d,4896,809413.7351801995,887593.4616475856,12.85773824741712,13.464379459351461,98.16523899280841,-24.221517876647376,15.327472131912566,1.998846721776723,-45.88289541142285,-12.103831690075904,2.3733651663013036,-0.3093867992114899,23.381534994727943,3.4788008024877994,1.71014116173481,0.8857816150351004,-16.52792920072823,-3.9776313791886437,0.431099014350589,-0.03245288125891978
2d9f6cb9,7338,526670.2785757995,785531.7337746264,8.47189474814081,10.346489311375345,64.80340838371964,-29.463177071826966,55.465567440852865,1.76677319345776,2.697263646737408,-15.777017207340412,10.291845497082964,-4.804827650103243,4.999595138999483,-1.2255074820041307,3.1109023022557754,-0.31138021733815047,-22.5492501625707,-4.6022402138836584,24.458180242852414,-0.39358953675363506
2ddad940,5331,289816.619722213,119260.79746482387,7.37322186179065,4.729818909739728,-69.172259035709,-39.55412920237241,-10.048834680730007,4.654128978720526,12.495624275375652,8.331952535208694,18.744076031015048,3.1878012304095327,-16.38657852598364,4.32719862426635,-5.711189551484412,-1.3680071243834202,-5.993297205783105,-0.6251986108508578,6.612295832532176,-2.0603172505063494
2e29e833,5428,138255.27851926896,174971.10253632074,5.046856323937811,5.677579769312367,24.582440436364323,-9.128701343773837,-10.371055110679391,-3.2684767980212,19.223025983929894,-1.4263238840837822,-24.010328969280806,-1.3605993170329462,21.62322320241562,7.439724336987337,1.1429774280240608,-0.3002595680575328,-5.712356092115708,1.9428982550591871,2.756355950939999,2.708829285155832
2e43c2ea,5698,374124.5116242107,480048.90237157914,8.103019032988039,9.178707240939694,68.14246344668882,-19.693566363263763,-31.98415026368507,-9.977143528618836,23.808066073117423,-9.559342384572735,-31.616812282875678,-7.8141816758493885,-2.2766751879799085,0.2573014701109707,-0.684373358607313,4.471825490324295,-11.92987862508723,-1.9552959031148298,2.6518384345926167,-0.5919678818168796
2e63d9de,4699,747446.2436010013,841919.2819789659,12.612095752417298,13.385435494408322,-117.30371061129367,7.956452480673809,-9.021269619305162,-0.9170448363062065,55.92159346550933,2.2197128652663745,-2.9696087612660382,0.12349875224936677,18.346855398238255,1.1469090970466178,-0.8640811012064761,0.40567727014390204,-11.952901321070186,-2.651827263317864,17.015230414859747,-2.7351742631694598
2ee0235b,5556,145123.0039482876,126609.81097936441,5.110777935559638,4.773671850981205,-5.476024342143381,-12.679190445496719,-20.02971536146019,1.6555633229698894,4.020195313998338,-3.681231060142493,-21.748842835477397,-8.074177040179631,-4.542297519507619,0.543610900486616,6.275106473762739,0.4596968541407692,4.426574304225982,0.6876704311315956,-24.018652034579407,-1.0266583715514404
2f19d536,3088,59579.78560063722,78980.81848568433,4.392490412161618,5.057340202529446,17.266733229589217,-15.25725513628501,-3.889279917873811,1.755989833773853,17.447950679719746,-4.501750201517032,13.164172991854333,1.7740470893140645,16.384979660864413,3.524779202605445,5.273252099399489,0.8684342922313523,14.049439159434689,0.6117969682286963,-8.732059771596225,0.916178439440316
2f8e53c3,2594,72872.21939281186,71996.12130840684,5.300245822582582,5.268288676377116,-56.01341765667047,-0.7601106489650686,-6.929105965911999,2.2221065657209182,5.538926023346499,-5.934878591268101,14.655995914829896,5.233873167118461,-5.37546865806645,-4.042039400440686,-1.545226265788353,-0.22112742276308417,6.169976925500563,5.678198891237006,9.023424705819863,2.741079044459929
2fa01aa6,2174,141073.76233948924,139170.32707383353,8.05551581357545,8.000986803036893,-58.64048986986579,10.22707313312095,-3.8098342529242286,-5.676331147431865,42.16050583999345,7.2732517666612795,49.98610480557892,10.059366520112977,-3.6529566665682767,6.971300860476921,0.6626526635339971,-1.1298781779932359,-2.7465806578899836,-0.6966902569020791,-4.0870490989555455,-1.1817503655065873
2fd68f7b,4730,9472396.668838289,8350749.510241068,44.75065206474104,42.017688589271586,488.41412467558587,27.470905469571704,-110.96304128344136,-12.260486785424856,-5.108118887520836,-8.386471034760278,-20.28652493997879,-9.234442668685826,-37.56953096030047,-3.4916642398620596,6.702904430651122,-0.5689107090686285,0.28084379982642105,3.038982591579244,2.95315042953859,1.8242633443935201
2fe023be,4221,327243.2471813033,335313.1903967247,8.804965743486536,8.912871451804971,21.596998433719854,16.192587390760018,-54.82492141702503,2.5323667898345774,-8.285316472236941,-2.8438315118226902,3.4200013255582595,5.047724920432599,-17.913769457746305,-3.808541003303097,-2.5052409044969606,-3.1624225476036654,-27.286644922250098,-5.3642069940393045,-13.039768162753782,-4.35787917216234
30d75030,3404,255792.21569604502,285919.99882182066,8.668598456824128,9.164894942188777,-69.84545098371696,-19.529299639036147,-39.699039367900205,15.748804500174728,-9.810369114508953,-1.1379264031995622,20.46927604807081,9.98592497932175,-10.544426110818845,8.335521534929502,1.470952707231057,-4.263503575197359,-1.9124250854819003,2.38784722004348,-5.759298148000108,-6.784309493498538
310c71a5,5245,719118.7067808727,657285.3739867243,11.709208705104274,11.194488072284477,118.61518359682941,2.702733356992094,-32.66009046507659,-9.430015265545004,-14.162200088490454,7.607904206872874,-14.71521500117567,-5.262962042550333,1.2999370158893018,-3.098902123437695,2.805406362890667,-0.27383122369109963,-21.13879331323804,-2.641874891179307,8.3969877770982,3.31982411409401
32fe84c9,6408,368779.1309164713,291142.764926822,7.586158576859376,6.740494357951719,-53.990924141483674,-10.302363862029038,5.120731329768146,-3.7511780418455145,36.532338292811595,3.1224162127446773,-16.930855528793963,2.961095656356233,-17.171063335823547,-1.5166941808474503,0.6617925134769024,0.196396287657431,-36.774060337778884,-7.707999309473308,-26.115347589415443,-4.214005006922895
33c40295,4169,128406.89432630697,140971.9026682597,5.549811385148478,5.815008221906024,3.475119225267922,-20.650937622012567,25.25309077230306,-5.461288112508574,-25.003856010843187,-4.1875439455651255,-43.594795426624685,-4.2857021584762744,-19.304768017806147,1.9211364314165895,-4.133860929295812,4.011740668958511,7.906120092147754,2.044336293613149,-4.198334992579481,1.542467226646815
3407f5bf,3638,907018.9354796035,890212.0048694396,15.789807286680963,15.642831813801369,-121.49853106725084,0.6556355686939959,-68.06020570597741,-0.4341181424168357,-39.858476588368625,1.2848001576327999,47.821875855758755,2.4079848240532518,-39.508280752017846,-6.875850757195091,10.911431371301424,1.4825135876666358,-19.156248031231705,-1.9751959773310923,-4.532403185743578,0.6140326810709552
3417285d,5449,3138805.4951013746,2660552.1876405044,24.00069390590648,22.096703444381017,246.0389844325598,17.779169414026182,-90.81639195425646,-2.4582222641927682,32.08410650406737,6.827358160284025,22.2542867497635,12.971245070022174,-13.76065918388995,4.151976372710048,-1.061458094141262,-1.784660482689358,-0.6162689822437969,1.4036243480199455,4.573988801071829,4.4070317623138155
347242c8,3595,373265.4996591738,250143.78550199713,10.18965495271567,8.341524151760762,-112.86834524408195,-27.13329967281724,-7.025329731333947,2.5580248976763365,14.533378157673306,-13.585178973769928,-9.426797019277693,-1.9221200157527634,5.146953033828987,-2.6866266009872657,1.0440246514454217,7.64599133336692,3.446516781052791,5.620189528683619,12.89903494755131,4.617011337691857
353e5502,6062,365654.02037172846,347263.7277694438,7.766533331038971,7.568707911782819,37.107097051172175,-13.290046624676213,27.717370371953574,6.339618244480329,22.352521654919748,8.546715353055777,-43.21103533395395,-6.067334370123001,-5.176466637547593,-6.495150909562665,19.12199672987255,-1.017594436746973,-2.295764738736481,-6.954931173895877,8.156861089315148,2.998012136096093
357c12f9,4079,103482.0727813824,99052.44962489702,5.0368116046090305,4.9278304581225445,-21.13725752557632,5.579503201239068,-15.83030087026178,5.524694702134842,-18.202418336041706,-5.53396912099948,27.746956735406304,12.938249813432147,11.213048356810324,2.898669580213089,14.835879610194592,4.044447677732089,0.018623001330879418,-1.4556287163712516,-11.121541313263188,-3.3863257893934473
3584a6eb,4494,803253.108524888,1094058.5252466877,13.369330928008026,15.602843170658472,-149.2696349549429,22.11920972010015,23.712024355390696,-13.501631787504731,10.085195533525361,2.7052676080595637,0.413925129858295,-8.59378244085949,-3.0880413132443087,-1.698708269328278,0.5796445781916282,-0.4924099030948499,1.369955529955107,-0.021661180463411055,5.9875114023696385,2.8314629784602436
35b30c7f,9579,1643924.5814943456,2214117.072267265,13.100288443858082,15.203381858865251,103.7591635350478,-31.562987733540496,42.61722046515416,3.1625140802984175,-68.73296738560425,6.706258029288516,-7.212872321040121,-8.306393668522004,-31.4225654657025,-1.1025172655764506,-4.135025651534342,0.09243047428247164,19.582689505141378,0.1932525269761669,3.3633527935010887,1.4399857920106343
35b3ef6a,3904,517562.59347142716,437277.6706546496,11.514008234442256,10.583364307498249,-124.4808564176735,-12.176521460783048,9.054714895346368,-4.212757029408821,19.77735455096459,0.9231613723086681,-17.98948521794707,-3.0206048358952775,-10.574445086209334,-2.2332103307021067,-13.055423107005918,-0.31205955325790014,-1.6254257681096973,-4.12816812688453,-23.71141431060092,-6.168638265947915
367456ce,5569,289720.705638947,238607.9739355549,7.2127546296812515,6.545666398220707,22.7103280049751,1.5716069924876244,20.716013812700865,4.251325640440333,1.9832005343037604,2.4438207992486323,-14.592596274724738,10.411822179081804,60.51166736386939,15.064965453806753,12.00444678690899,-2.4064474832663385,-2.5134299877347366,5.257367423741026,-8.7584285102485,-4.405279785841479
368131f9,4991,1526423.47956314,1471572.7530247122,17.48814453483606,17.171059143067236,176.30070005534054,0.08064346706833377,33.88210132830751,-7.9536111232699795,18.751032615655852,14.183860480785938,-13.32454576994975,-13.769366034888407,-12.858510123612731,-3.431978266246196,0.1322315746508657,-0.47317869033815907,-47.830886832056095,-6.53064038832414,-6.8921918474636445,-1.226189376211601
368fe682,4936,702232.0364138078,934299.0416961478,11.927591139529234,13.758002251468328,109.77717880921895,-35.496105315082616,-54.69026305704013,-10.689277535946996,-3.7206084838432787,5.417900472174776,-43.37014594964022,-23.758808327729234,14.094462205199235,4.1232303677491515,-2.7684845875808537,-4.261045264376159,-7.832018870977561,-5.2243070673608205,-16.105834434561043,-4.611904648394808
3690a146,4073,248053.19463699966,322525.6481931546,7.803963100747564,8.898666346877242,58.363933253388225,-14.808583071179964,39.75347078602643,-16.17490196169012,0.06582856633820562,-4.062685404809306,-28.756403154103747,-1.40098285411201,-36.922184833800564,-13.132935603402359,1.1311172068125426,-1.8932580619725656,-2.103607453678954,2.685816861989914,-1.3206058031939087,-0.5135088882076462
37344c2a,5197,817371.1673871472,631130.9008385424,12.541032651990227,11.020044892122156,-77.59136920871447,-25.50759984933211,51.389441130921284,-1.97509552768202,2.8830220209369912,-6.36492106557857,30.404740615703748,-0.09502749816514647,-64.56644113103691,-12.385010877429787,-14.817815129024254,-1.9159212852191814,-17.6428515669789,-4.806141791687201,18.586721564637827,3.953293329581375
373ef48b,3509,53494.723975775814,42088.92725326199,3.904485293575147,3.463316996822459,-15.052422301761254,6.862473364582175,1.0081544153686282,-1.0415986782041506,4.635889793220429,5.596158762308499,-9.751270740124701,-4.394437530462963,-18.756708463666804,-6.226570899898507,-1.5727649901698375,-2.6841269873161675,30.84221978901702,4.912326448470448,-4.951089016621607,-5.698380442668237
374be387,9965,705908.4573356361,494180.1980073294,8.416577776549332,7.042129675532644,-73.2718051351055,-20.31235064062205,-9.330988022434152,-1.675289733008615,-18.714182921172696,2.2640508614276555,-35.80629236996807,-5.142718523814717,-12.353274214094622,0.8533147088451033,1.2703882559990816,7.81346729466018,11.080218159358841,1.1127097344440169,-8.449824147607751,-1.0768387748943617
37d36812,4367,190873.23459328173,143580.54527314272,6.611209516717553,5.733980388064889,47.537269238717435,-2.722906073411371,-23.297356498665426,-15.088531695515766,-19.59248237828134,0.9916313861818413,-19.28485929677573,-1.3959405680602675,11.39484834241917,5.797138944005168,-3.602698553536108,2.898765695644755,21.930484963236925,6.190673596281888,7.7280377457127996,1.3921528300433035
38991fd4,4798,758209.7661947928,709197.7310902557,12.57084771255849,12.157759467729566,-129.4965934626709,-5.122473296221275,-42.790785988936555,3.3417882954105123,13.866503542294112,4.153142049528748,-29.062055888554045,-6.873213189989849,5.295756231010576,-1.0399626705804046,3.723102080441398,1.3636078863103427,-5.482089047597707,-0.11506171379051225,-3.5691432594490182,-1.319725211989336
389ae58f,6463,2436166.796733131,2420187.1256744815,19.414956951197563,19.351177440634626,207.98104183570808,0.5649490927960201,-2.996972874342543,-4.715692927188263,37.95770719651499,4.761906880768668,40.592917837163405,-6.093978804057549,-5.953235460410251,-1.7387387931626588,3.017356012051883,-1.278577528565088,-7.385660406490663,-4.338584210662854,-15.371121971452116,0.04248730840661041
3932faa6,5452,1258063.033098782,989062.4294143233,15.190542252860718,13.468955837502419,-48.157872536724824,-2.764318627161412,21.346368230610704,-11.13468938588107,-144.855824599498,-15.064491851309757,32.07813179686478,3.6695099292686684,45.751299671489406,22.548605410864635,5.633366082146132,3.0490480434328693,15.363469372392482,4.234078679470571,8.586349618916566,3.2092325396014716
398dce4b,3166,78717.32531408289,36135.398124625295,4.986314983785581,3.3783992088484527,38.322326435156256,15.162360859543545,12.811396224514548,10.985661247075097,16.315747398031373,-0.07468744501040518,8.473230055632914,4.759435717293584,-0.2570631201964325,7.885561751497741,0.6408977388881805,-0.09363262733940221,17.73420342809377,3.5370396853187174,-2.950788389524375,0.8272583591042482
39b51819,4231,142876.7581283143,184516.8239320488,5.811112471469278,6.603838937315868,61.86359409813434,-10.418192090976266,4.602805688488571,-0.6771801687111949,-0.9836295055298903,3.212754509874915,-4.790019585323188,0.3475236259809322,-6.4238445529100945,-3.4407046145395626,-2.4685311304077855,-1.5244937449501663,-2.8373897290847516,-3.944096769043086,4.235468805136028,-2.380066632605602
3a0af893,2927,881437.9485371254,945693.6671135565,17.353397339624777,17.974792233283488,190.70970648381834,-9.369388129857953,1.6544761072874254,11.013742189676586,-17.73350925912762,-2.521963967307127,-25.906669265642357,-2.02109993918413,17.225812201753676,4.045972464980649,0.5984202110549093,-1.8868733056441958,-13.766496671224939,-2.525287543031676,-0.9181046143202931,-2.0143243147784076
3a223519,4583,453926.88431989565,476362.24070585414,9.952175454299464,10.195152727936076,-111.03248819729973,0.3626297033162558,-2.2795573663948177,-8.65865606794561,-5.80193090474628,8.215547826305507,-16.685966679792543,-1.7450502346967809,5.913150032646934,-4.040057642494768,8.372616635125985,3.099302226922287,1.3535052260610487,-0.4983886029741672,1.1906006486615992,0.10699899161395025
3a7dd95d,3072,96581.16669654638,65536.36760315033,5.607065352514216,4.618815107342701,-38.42194877554131,-1.5583848332930106,14.92118006566011,14.559083699057604,-35.54982294583009,-9.774088607147595,17.523683136482045,7.750089793213016,-10.153621231475423,-3.007653990902794,7.324298301285832,1.6515518820007948,-2.4660866536779364,-1.864214249006546,-14.513101472994856,-4.2440710502599455
3a824aa7,4201,375900.29839065246,482597.0816905563,9.459321676376208,10.718055582532617,-93.31896986476973,13.662014400419684,8.00223007551562,-0.38617299571751784,-6.974569613007271,-2.1809546519224874,-5.435219777586334,4.618444132446689,-10.811261830336576,-1.0515055017278567,1.038864036929509,-0.0277890228303463,14.747437966363625,4.184637644481474,-0.7453636313239869,1.4951383628900838
3a86fe8d,5118,373062.31061878754,319718.8628908612,8.537693251735178,7.903764454606437,-86.84338624292543,-5.97643234060534,-3.054561299857503,-3.0617067765327626,14.296161158288802,3.163742880224361,-23.75598112520169,-4.206576434175758,3.573025245670867,4.069842920299228,2.064482869409954,-1.3735612008437523,7.956388868905141,2.3800874135527272,1.095071882616679,-2.252509904929762
3aaa2b30,4711,247480.12694181048,212191.02588575325,7.24792370215899,6.711304660762775,60.00075283144214,4.261139402950535,3.0565238947017894,-0.4777545224168098,22.33567748208744,-2.1280052637636135,-0.2668155793785015,-10.430953190872179,-37.95224307738355,-3.512231625580855,10.555051198731466,3.7615390431976947,-13.389993781425158,-3.168032219906331,1.0436391772427882,0.6943639137828935
3ac16ad0,5649,619370.3197711875,477051.9649949725,10.471030092275628,9.18960950298259,-60.30139044095402,3.726504530143091,-69.17547027924937,-20.207123668700934,-1.3827884688504362,-5.3881952668341855,-67.69816335620584,-13.370684765042574,10.236244446175926,-4.246464127144939,3.641710810994568,1.5880067001405644,1.2251493390505381,-3.2751342734110622,9.31193237789456,1.5874628898309333
3b21ea64,7376,474398.57537619583,472675.70642912557,8.019757457480628,8.005181571932663,41.67743499933661,0.3569254885836056,1.291152856089672,-5.992725704661133,-22.724137729818956,-0.12246237360788408,30.01714111013765,-2.9387660228599652,33.868138414425786,3.2045748941411434,-3.627274184379675,-1.8522214476344314,-15.82192662358132,0.43481982250387013,51.2727235778215,1.9457451689563108
3bbe1f5d,6918,3035074.331922548,3760185.3713573106,20.945676277351463,23.313868842231837,219.90760585444173,-29.074923571106716,-41.86296243268323,8.05129235422049,61.13628871578668,2.7036952348104,18.007723720146448,5.989834935177434,7.96111661712101,0.35815985762688596,-5.72234258175619,0.24665053094620956,1.600518631070397,1.9322017199038861,4.373467706263758,0.6251459238074836
3bfee975,3603,242070.66099749258,122399.09336916635,8.19669824128588,5.828502262666928,41.04387160864429,19.67751573255853,1.4366307494635422,2.2018754155181837,-60.79398560147488,-19.699395725249296,-10.037431033097908,10.26863221062691,25.60579322210149,7.63309151546809,-0.8997611903454228,0.1760483099482802,-5.2034157827260525,0.36489400003102707,5.863885563334852,0.3573204771535918
3c3dbcbc,5069,360608.637606607,359430.00154943875,8.434452891698776,8.420657760861387,-45.499914379246405,-0.4044650649786547,-42.81660181217982,4.2899489840495235,-38.413472478000685,1.6805055801777358,17.290999985065024,-2.087532380034543,-23.161947375837187,-1.8337364948064454,2.232573259466964,1.3115097569282266,-3.0528166546354214,2.59625819754395,15.113843708723419,0.28668317444536856
3d96d897,5659,79524.51281482662,53480.79697321792,3.748699787901176,3.074178552321402,-0.7087231608753,-1.7699953084684033,18.527676483174062,5.735385478335371,29.529656981827053,5.494375665744178,-10.475278813126277,0.2045304484049435,18.81549775842725,3.959412851646687,0.27011074023958914,-0.187395459754996,-0.5681598720504436,0.7623825185535459,-3.840606148033488,-2.392927241663185
3df4b19e,4988,108761.02426024385,109140.12177965317,4.669532710862998,4.677663695295089,16.238049358999294,0.7702335326468337,2.4887552159470836,-1.1509711430109661,0.9324618568500821,4.440876352118435,42.111359737277624,-1.3835335987257629,15.866516818943856,2.8709565666401864,-6.434874653656631,-0.5750267153815651,-5.55641978521368,2.107964465985761,7.100754751118737,-1.2783643190920697
3e011332,2723,835447.1230095205,609927.8286089628,17.516029309745,14.966332992744446,134.20111606105235,16.034656906295883,58.86201429739661,16.039697286862985,-108.74189831511003,-20.20081252397176,66.56860934060305,4.5086780352551745,-27.241528382124095,-2.6530744911839137,1.423999694723431,-2.414497135874547,-9.078969270857012,-1.1166767155645596,-3.2058780969480623,-2.589915563760381
3e678ea7,6858,852896.186380404,881174.7799404116,11.151912311510381,11.335280955216106,96.07124548997838,-7.840659532533908,-30.765872652666935,-13.174222182501463,18.426371143656052,-0.49799520223437527,14.067433993178435,5.836811494599621,16.219303189333523,-1.876651994630381,-22.52176081507252,-2.2224635081592177,-4.898420746538138,0.9122779977591653,19.666825236462692,0.8234683677517332
3ef6372a,4727,172077.8309696201,166854.73904350266,6.033504770167961,5.941231457709873,-20.701592634982017,5.437987192620798,-4.685598717197829,0.1533602700192856,38.61733335589207,1.4668173448208255,-20.08266489331939,-5.0771861393818245,4.6730637425023875,1.8638451660884208,-1.8937588216521497,0.044909466626697106,-6.657490240227149,-2.730595870959847,-10.654832557134133,0.11901806658989159
3ef98781,3892,110174.00049603164,119322.40496980294,5.3205085303559905,5.537000761526556,1.866076648973219,-18.984171689563393,26.69289936564478,2.273787843732627,17.203917103747017,-1.8293485971862595,-39.10993542365314,-2.3527862560658708,-8.539712391312113,-4.8564558272947185,0.4448473053183733,-0.10790683346259514,3.061819511492573,0.7217694998947584,-6.677870810061063,3.2584547309777605
3f603129,5051,2347522.4496894483,2053032.7778683626,21.558383477814136,20.160869447361694,211.84572866720305,11.059047132200034,-12.346709372894825,2.755972418777222,-13.557233158450794,8.270255898168703,4.883447432965406,3.3665000966379233,-86.25060916318435,-15.058351298102384,3.071087974663775,-0.2869683561046735,22.178344712260447,6.178460595296713,28.40376276182452,2.964759890786305
404c4384,911,77976.36405155968,106403.5975235578,9.251716193572422,10.807343801684722,65.86874236658633,-22.516096927965815,23.11857412226448,30.308687799180667,71.58303583508943,-11.385939402573264,-1.9036845605968153,-2.7197292606866825,6.6996207343133305,-0.9354278280453215,4.899860063699762,-5.633900620189178,5.735894603415867,1.4059228872413752,-2.3452470118283713,2.293797013352255
4121c517,3723,239351.15009957596,193066.57113848988,8.018095806015221,7.201235664450066,19.73348919945894,19.850272410196553,-34.56435465640682,2.5244874113930313,17.209594722373733,4.211756899914112,7.3745537077121215,9.244175952172437,50.255457630668936,11.234818276013497,22.091517050353946,3.225877602222505,-8.084257785959636,-0.17400337289755427,1.990173097374311,1.5242451602448541
41fb0192,2973,111997.35135249069,141675.1903226698,6.13771080256257,6.9031839742053425,52.261495018858156,-14.662843538513451,15.84945824822484,9.060362156874879,24.584164355683093,-6.854610232598793,9.304714302616489,9.553565700336744,-10.755333365905642,3.045192946322713,8.11587738188761,1.593542954066121,4.159768463685476,6.0917763682215025,7.663778475852281,5.286300000992048
42669188,4282,1246793.1375360724,1243956.211338901,17.063726050863686,17.044301778182895,-186.68983708757403,-3.054903274755631,0.897024718023301,21.476602826069346,-10.740925839434789,2.8159593697749656,26.416176296668816,3.241151206458711,-38.13772343068275,-10.047924765893418,3.9606143991531235,0.9531152719330954,17.996953723450098,2.288837299319753,-4.031361966327693,-0.8624493994954385
42c538a1,3279,886915.007855508,597496.6138705262,16.446378977595337,13.498857596502434,170.33629628554772,26.774682970577118,-41.880197174946105,-5.358753727491546,-19.901116117676402,-12.515084228974382,-40.17433488913908,-7.219681511918866,-9.576299449366967,-7.618052267954203,-0.8901558680187364,-0.39450985629478474,-2.7450665628341375,-5.070112728302847,4.782326329867765,-0.7904392223115535
43b06c70,4846,98663.6581752382,104337.23785891233,4.512185047542743,4.640106651321733,30.432314765152483,-4.600192122557545,-6.59990114955941,-5.6234653379223705,-0.5178002780419944,-5.305527328235075,-2.9899125308745758,4.338542815268851,-2.522320635874661,-8.05058515361718,-4.816336873346012,-5.5653384910848365,19.037872382032212,-0.816101651855608,-17.215851679455646,-3.3851891778691927
43c7f85a,5978,198705.52262345125,183002.14810244937,5.765367736993483,5.53286582456094,-32.748739146366034,-25.64113902788953,2.240674437110631,3.3498900621360654,48.203802916563596,-3.0515044075676956,16.32523113470705,-2.324926144601199,-10.678837943659834,-1.3602632442916378,-2.5828823323930954,1.349737248610874,-1.0155622953920809,-1.895498691543029,-6.328985719820129,-1.6657588507855041
43e16325,3720,1293476.882954568,1107606.0446242867,18.64695255273408,17.255247328939472,203.10150042622917,13.501407345795235,54.06135132869629,10.829002663259072,9.034835187371431,8.9605219391152,-9.344746787735486,-1.8692953263176435,-1.1059821204239384,8.409870058973302,7.113710137217247,1.3813902809025849,7.337145952483695,4.259210283283509,0.39045039622936456,-6.623110961040669
44441e54,4357,71993.58579301243,57951.390354528114,4.064930480364129,3.647020042184384,3.4492700282651954,8.367302350188087,-7.202518950365549,-6.671452437888087,-20.38840911846453,-1.1955160377572631,9.604001017410102,4.22879971771018,3.9035053122973467,2.3842147080001146,-3.9865758187369793,-0.20012758941555528,3.5961668045954154,6.356665243845057,-19.360890671710326,0.22390918783860192
445af6c2,6041,3790736.5979416976,3160574.827400169,25.049980160319386,22.873289173683307,-278.00796830144424,-25.279114240485168,49.456753529118785,9.671032000320135,-3.4613957852561548,2.584452683195815,24.11076408677498,-2.2114333954255057,11.624121088589327,2.3702781852059602,4.029458978351602,2.3771119494337065,-9.069928532782535,-5.1451400009313595,11.341152764135654,4.633195896572424
4463446c,3256,553023.5132929909,368669.8592344782,13.032556018204033,10.640857284318443,134.65817584786657,23.4701345733574,46.040570064122235,3.942783706606009,-17.7142142541625,-6.387347886468229,23.501008355816847,13.88629053809874,-2.373922938296308,-1.5018013488257314,-0.2171378638856268,-1.9721750466446994,-1.7051257064863026,-3.025618836799131,-7.480349283599848,-3.5851222440650234
44a94013,4903,1901617.5330150512,1518183.3121262297,19.69385063951263,17.59669716732367,-195.4717162081597,-19.155294703118955,-7.752495287817476,1.6544688266104828,-84.89808909759566,-14.344396188719148,-13.562326191855982,-5.995555453122003,-63.76506246085182,-9.316058027966616,-5.217292521597936,-1.1821626499452176,-0.25208439003679717,-6.3678227555383184,-14.964050940595012,-5.215578621189838
45fb3e21,3649,857298.1113419064,877874.5207558728,15.327770945753956,15.51062473005343,-157.22720049730032,3.6273435936185607,-30.818059416948035,-7.517126249281406,49.469596185427996,1.4670269994052652,-10.998015664275979,1.9985994826893965,-4.558305717151253,4.108464352939752,-0.5399197117811692,-0.35165033184524763,3.933078917569057,4.953350500513961,-5.693153800230571,1.2492988442066078
460f859e,3336,872467.6757423925,841181.906299256,16.171922515904825,15.879321446777528,-90.66512286537197,15.092663107838188,-81.97609803173516,-8.616992115252364,-41.05947358259784,4.965180088650854,-74.2876028968238,-18.25183813861122,13.389587789886463,-0.2828124481612824,-3.2132972303148493,-0.8441800905693011,-12.328357021523273,-6.117242194384052,-4.612548281938236,-2.688610123031464
4630ab92,3373,310127.8957600485,472766.6221492706,9.588755516900829,11.839005792411934,-90.48729319951426,26.438990770618553,-16.535103467562198,5.340786998753382,41.07921816832997,-3.8004735261692324,-16.317188084117873,-9.229170603274714,19.727021860077677,5.7389818069138325,-6.104172036836326,-1.9046628603887434,-14.850464226995857,-7.033049158619233,-4.107398987676808,-2.3924493777220612
463c38f2,4460,372029.4792435548,560419.6026395271,9.133163824477432,11.209577129664746,67.84242494823442,-33.90018533033357,57.16856065265121,-4.540742926723149,-32.08208457142717,-7.9381875443046,28.512154858484404,1.9304845125332082,9.573295375814798,0.05620652185862292,9.735144157218873,1.5335531289244178,3.9094337346995323,1.4760654905956536,-6.1896026388222305,-2.8430565193566464
4654e7de,5373,250309.46379022734,403983.3914567971,6.825433106481443,8.671082835863011,58.36165202336414,-25.671768847199683,12.131075119690957,-14.254368187131524,28.491092847879447,9.902270739989522,6.066981846038955,-3.3728077920826416,-2.2165364679719124,-1.3357828508412688,2.3182943970777345,-1.773361616609541,9.328292430486039,-1.4032155597346674,-29.565114925620712,-3.889817996487241
466fc788,6197,474772.2093697769,440389.9741906947,8.752898589674132,8.430007550532348,-10.406489848566085,12.10568515862524,12.245230654833119,-10.147202403458365,51.852401166558934,9.824978832306098,49.48770409221713,3.6421985241143524,-41.4268788321486,-6.813632761468585,-7.481870689149774,0.8248427660193587,-20.074981090397557,-0.5070008893040938,16.16799094243289,1.4566308854888086
46a301e9,8226,771540.5434459107,825777.3804684269,9.684674387779626,10.01929442096345,-58.83827863559045,6.563752111646811,-4.170886820746464,-3.19134565661068,-65.05127570420977,4.693652856495004,-40.526374513242885,0.3224564340081951,-22.788740697909134,-4.517155544368971,-11.189015839653791,-2.268768913730093,-15.361832608626395,-3.505494080758038,34.1998471415629,7.540035497154145
46a7190b,4215,545710.0054706556,447350.56327724806,11.378425459964177,10.302086801898097,102.90405721238844,16.962798713764297,48.599861055373864,-8.462054163259216,15.204111829766806,1.3604420261689196,26.364154377475124,-0.045984792515409725,-42.5592532170494,-6.801870227087045,1.7018448761889686,0.13531990850877698,-10.319423012359014,-0.46696928206517485,5.237415992844162,0.1606742526867898
46d24a09,4449,542039.5829324966,385408.900077071,11.037845182954497,9.307427603990394,59.72921201578744,4.076697294137564,-14.799727769258912,-2.0532227996819623,-47.51144495546347,3.22303292356127,33.90976125922796,17.13927497004093,69.44248670347845,21.214455518809682,-7.970073402915792,-2.6117958470771256,7.437543106669558,6.07128063223349,-22.033166677707634,-2.480486357450375
46d41ff6,7901,559059.0805452007,387598.08220515965,8.411778379753441,7.004058727194401,54.030577572728774,12.506680302596283,49.657145411068356,5.268317271438965,18.259570031473324,3.3800801345601728,32.46256234776699,9.870425097774518,16.08026509770015,2.1574192891374446,-0.8371991697621851,-2.1702346798747945,5.9788184136322995,-3.4536585713080994,10.97771023911725,3.792732337910164
46dfcfca,3606,415192.8232953182,279174.42822231364,10.73030478301344,8.798830599428934,104.17145501498446,32.2801331341735,23.077470939031276,-14.716350734238631,33.62240148175518,5.946637525242659,4.812359550202549,16.420713930698543,25.30522703761205,9.03853886410966,3.5220728045966476,0.6767659715231147,8.65518519713923,-2.196552440725295,12.81822032670529,4.2457990141601964
47222616,4406,212088.63410409156,244207.4457346169,6.938034437611842,7.4448714664359015,-14.155852714026034,22.3007071212369,17.92007328307879,-5.791729547169737,-10.189423314592101,0.4829559067939012,42.00905868183858,8.028230280441338,-31.079323299118954,-9.477687498975573,-4.451812539956106,2.1275496301255084,18.57682154221628,3.8024466670481005,-7.449356130278767,0.7233566755593082
47ee27ab,6397,302267.2523358295,311547.60832737805,6.873965905838736,6.9786920644667765,-24.76863010918752,15.798972137367889,-36.7473149863019,-5.889990617044371,-12.933632471724673,4.613279803331823,45.32573923094837,5.508468180297662,16.644539521469824,2.083369506424547,-0.6556850294347392,0.1305624637234794,-21.056140831375625,-2.3291803081980573,15.392865390301273,3.267572289109192
481de5fc,5952,1566895.4411865058,1730371.1946736295,16.225143526558103,17.050541541166602,-165.98066549395054,11.522372603625296,60.97209060942974,1.2883774968290191,-8.449107620818372,2.15722060373551,-9.298053684320319,1.901228460291755,-8.160159980925139,-6.508432914844913,2.620497744436816,-0.7662524286836988,-14.804741050507442,0.5605358413458539,-25.432102181794967,-2.6391274341723703
48c1f673,2917,1346534.124337729,1217154.9288294096,21.485252768024544,20.427006000919658,235.16297521467686,9.62681827705883,-15.932066215039587,0.6995500744229673,-23.740308573669623,-1.742631440406429,-21.255209895828692,-4.295728180905796,-5.745992502793094,-3.8663534329458344,0.5518988585805673,-2.3849437219063514,2.991494714237688,0.7028704642110277,-13.318919293100066,-0.7970113957451931
4936af16,3991,167738.2428837032,73053.66283811562,6.482987448314207,4.278387670830943,-60.78061887923466,-26.414194234303967,-4.004914334676681,-6.422608367289119,7.9830106615562695,5.20818357524075,0.8178985601415935,-4.33983683094033,8.258559260256748,7.644476535777196,30.31750530904746,5.965942212028688,13.115927125411739,8.877178119822595,-8.027474422620262,-0.9852207997776572
493b5b31,4671,1155025.5466135892,1038857.5081548422,15.725007503173533,14.913276082114143,169.40805638823718,11.647152472051218,4.312130721594821,-1.0538505280808645,-4.612521797631317,13.300578589019523,-30.154250158104578,-0.03497257486473737,-21.132693426570945,0.7276864230110875,7.717069619407667,0.27755900711707693,9.449685835140846,-1.2631074829561442,-17.269254529261605,-3.454436552204372
49dbc14c,3872,63231.40259752395,42052.569044504446,4.041091959429671,3.2955552118051217,-38.433305148835444,-14.816803371238496,3.4361286445011765,-6.9558107848227095,-4.541216975329907,0.23355000227186373,16.201268486036575,3.3204943766188593,0.8035847621892203,4.801936891060983,-0.005950264724104937,-0.36476237446092,2.828857244978451,-2.050213430767049,-0.342507040234757,-1.0561021340520098
4a035ec2,2588,682163.1921086361,608670.9193321591,16.235363068078655,15.33589549465359,-173.32744995389652,-8.675023090318481,-26.54747000612617,-2.021291207575783,24.699259940964573,3.2737804429721016,35.122236964230424,4.888977826357895,-14.882105315370023,-2.571545628051248,-2.0282158132574652,1.1414630556794498,3.3881570265279244,-1.783384663920246,-3.0469266956663716,-0.5776582746857942
4a335117,5015,713514.1829518297,606790.0056203132,11.927950727793602,10.999773455659673,41.39777378970006,2.9467156615696464,-22.60686676035989,-1.5341364629553325,53.331600979283714,7.095316498533424,-64.54563763001231,-4.4704497128453635,75.29577595870467,7.866692503528617,4.671719440809238,0.6695965618967338,25.429945903784585,2.992303473809387,8.018589286800012,-3.1249709213055468
4a8ecc0b,5809,1997887.9473970612,2264056.095041213,18.545343218814875,19.742079806959488,-190.63422431300438,17.677018144147105,-41.29108038737962,-8.033321679981082,-36.308845717771746,-4.770610361840053,-43.46773922752865,-3.0237192035874205,26.884840351452755,3.888722477366943,-27.917659803360248,-2.1082630217145786,10.035561000169775,0.2458776973214694,2.192166009447044,0.013558875272265425
4b462989,3106,153085.9479403956,124249.52459698613,7.0204821294876725,6.324797745023116,23.152582505272424,-2.6665464092256275,42.05377598023371,4.916249430620647,-5.660009984796095,-0.3419236963895279,3.5140253071757357,2.8553038133886366,-1.4729480474462533,-3.4920571502668336,3.380769269522774,4.205564424573841,-4.176121514579231,-1.9707172689717538,-13.4668894584931,-5.857056565293746
4b831d20,7312,719001.9421450698,824590.1201679632,9.916237968981822,10.619424268546755,-25.952680399168536,24.6110026680873,-54.557236253058136,-0.02010812538644018,-20.742470281911835,2.7300323504703896,-38.617152071549455,5.230177698357393,-14.556474812845073,-2.3401546163889133,13.678845826827706,-0.6937067166873009,-23.4104719954067,0.1338445669409587,16.520092588054958,-1.0929757240662838
4c2208f5,5384,1069572.5956017359,603318.558953948,14.094595217284674,10.585730103611814,116.66897147217587,48.71140619249711,-74.27387543579832,-17.070420178931233,28.18338957164783,-0.46056098934914536,36.00014112445165,-7.581730295658426,-26.243610620875245,1.3210009411642472,6.598865955563179,2.32104499049364,4.495072533455326,-1.2072804755998805,-7.25453226263391,-1.461482636613405
4c3168cf,4334,752768.4530386329,408707.5528269503,13.179115124273126,9.710953582431822,139.4258673991555,36.78275551068981,-5.80766439578272,1.4722029126349887,-0.5521107333320916,-3.294765803872928,23.126046982645573,3.808088845710664,5.299443140952334,4.152492500811756,-0.13945203969408676,0.4066669351387119,5.890670563498005,-1.75079315326295,14.450280552376089,2.0224014790863234
4c3df468,5392,1124436.4213806223,1024748.1193643251,14.440841802925423,13.78585236397792,114.32951748222733,2.5608105420491003,-61.218231878611846,-3.9799641026932333,-41.713309247507,8.420259120389215,-5.284149957214465,-0.07772004700724945,20.421525603860935,3.5351204874021214,2.287816269634379,-0.9846538988787028,-4.540695336354119,-0.20617910426266794,17.185847093631295,0.7908794083174399
4caa7289,5396,755108.4096700945,641790.211600003,11.829562496727883,10.90587646694349,123.39686182492353,14.569652655259308,36.11411829238565,-2.353186387910026,22.277404644897093,-5.8318290691875045,12.454017980759085,-4.372952592223404,8.27801673494385,-4.115806161820257,-8.787778209547009,0.738490941987143,12.952335690528335,-2.0575598730550704,3.5967902127183926,1.211549567709897
4cd1ac61,4489,40310.307712865004,32981.90382850046,2.9966309036562757,2.7105851692971146,24.519561099214624,33.33735759840245,-0.3804069408395705,-10.78046216865682,-11.21888427955248,-4.902352448949593,13.829683265114493,1.5225931773164654,0.4081856680666,-1.3325568042800902,-1.0627748964916983,-0.6999204599327549,1.7351232842426754,-0.7984774968444888,-2.697725415456985,-1.6333630260269518
4cecf7b3,6019,1043692.6043169495,867815.9565556388,13.168130787477415,12.007473696886949,-95.2464932988541,-11.558092766721677,39.748815586270595,3.2360079311888983,43.518092493619406,2.2034440812233536,-9.901602650399784,-6.3078993672584485,-28.41133641647918,-3.5584034992857325,-2.6802037090253665,0.5324402753270324,-3.3999140889037434,-3.169854391433557,-57.31822858116654,-7.128866637812936
4ddde4c1,4472,141290.4905830841,241355.83843045196,5.620896248680953,7.346458117774791,43.90428631293658,-18.7089564455931,31.764708006749913,-15.546685648144436,-13.628549778609898,-6.125173467974598,-7.339277205508603,-1.5886855239386644,5.181555568590061,8.92593009586216,-1.2256463310947239,-0.3965016855407423,7.459474051387926,2.317881780953905,-6.36005126749493,1.6659221418411438
4e050c92,3705,54330.90742666416,58758.14554303029,3.8293880099584503,3.9823546545492485,20.791693213200354,-9.712944031447648,-2.025452254007038,2.351903057237963,-12.86569014042666,-5.130613890075047,-9.84481445886691,6.09839971194833,-6.070408703187432,-1.6959173648131531,3.8577213216626163,1.780373114022091,4.872421171995201,-4.250440621690616,3.9827658951322804,4.357813610808621
4ed93db6,4657,186537.5953648446,214782.95906766428,6.328926732463613,6.791204239933229,50.85681018767637,-4.761097972357018,-10.556573597452955,-2.559204308627929,26.438973665600365,-8.294665700120166,30.836352185362728,0.7756540177920217,0.7140366474689568,3.067761439224003,1.516513038459655,-1.2363282189328795,0.7077014996663674,2.762860119185569,3.282261554675685,3.4197326646866246
4f3eb9e9,4697,3000619.278917001,3475626.652681593,25.275232983433213,27.202340929998545,248.43619949035542,-41.30144057811614,118.03154869376206,37.28063156533227,-37.74524082683029,-1.713468438140677,9.702695499606628,6.436869774488839,-7.522783630314436,2.2146700813581477,7.55373560364815,2.964344525628757,-8.448510343761473,-16.18775028470252,-0.25538396440574473,-0.18315480734775563
4f4ac5ce,5162,325503.3244974461,368129.6227325781,7.940881481394791,8.444839166586386,50.97867239905274,-20.649770592958745,22.974700312510837,10.229882156478727,-25.979759995219904,3.3924790601052037,-23.285588409778487,-4.78141886602331,21.652345361520567,0.06777606100382139,30.926540118262675,8.4389978602909,-20.716744901157785,-0.1386806954414213,-7.771698748525597,-4.355137425098137
4f4afcc6,5645,403440.80802124727,296517.9516526725,8.453916215798818,7.247588422137406,45.864344242411086,15.64385012150002,-50.103405094276226,1.2912995712546655,32.54740680343146,3.2755081507377413,28.086267764364568,10.216225768243026,8.407573299159495,0.7015761684046372,-0.16588726828683473,-1.2839197931101194,-25.739285796027797,-3.59108880270294,30.1465159027728,5.961489319512209
4f69febf,5460,65487.615881919744,89799.93090800154,3.463245420532949,4.055474545928537,-4.413299961620023,21.20918215159275,10.896566297267736,6.0730338931271035,19.977555953421064,-5.074351685239547,24.80958758197908,4.227855934406268,4.11728619969612,-2.6024292631588173,3.131959132471797,1.5947629835529928,2.3724730529580147,3.644598079918834,3.740389529383878,-0.965182863151855
4fbe9c06,6287,586187.2811657952,510559.5848602207,9.655982396934645,9.011591292006061,-61.70633796599947,-4.398121485224115,37.981985735436425,4.5185936996437475,35.97067882533169,-0.3698562648926004,4.895864731728426,3.857702656917825,24.63910981294591,3.7477603542043516,0.005347693227191641,-0.2517087636905223,-7.977237530602457,-3.7415937120633287,-7.318483939147413,-2.7308047727996074
504c8b08,6367,1501030.1420822681,1283759.8901882337,15.35420312646854,14.1995465664682,-157.9826441168479,-15.727045064027916,-3.0483603267158275,-8.887157807317962,-30.849919874668796,3.782911987909543,4.220778916683644,3.093188732155574,-39.034824401830704,-6.264501746665937,0.33251870254611154,2.06772370647577,18.991030717081365,-1.1130949096164522,24.08358754086698,1.999068320452738
511e1db0,3821,566341.9085681853,650151.5546779201,12.174491510551189,13.044240092916645,132.84230115810405,-10.324456824729397,18.6471762623189,0.18732005461824466,15.818800023363309,-5.669556889441676,-12.992731845474154,-8.451264494022464,4.679723956917549,-4.531207114220136,-0.7288385695221861,-0.5962713803979481,7.294572451228187,1.220550281114909,-8.285578552167525,0.05045831050389871
512943b2,5029,435465.82683219574,507789.9911855575,9.305425187838846,10.04850031385172,-82.02865603975425,9.605724153823068,-34.89182674125288,0.3535258684703914,-24.567176222824905,4.07170430018552,15.202532323293735,4.410972630020276,-19.3443596157709,-6.387304625042021,-0.8394017134383361,0.42397294570642197,3.5735706405857828,3.7106613540220117,13.977459877966945,5.186941605766461
5138a660,3559,63468.029592985375,52491.002673811396,4.222926414245976,3.8404175027749194,9.738546965859653,-4.060715101889189,-25.757353440989164,-5.130290454205971,2.7031603802434025,8.928629227123347,-4.33476085473796,-7.0682698036963885,-2.782959082845572,0.7434773936779748,-3.3605775119370853,1.3761668328583831,-0.6217086901714254,-4.757070811580175,-11.0407423410449,0.1567777256659419
516088b7,6645,310767.362990536,206963.00694572667,6.8386473454555174,5.580830985071289,-29.409434006227848,-5.264180336132112,-39.86788182616614,-12.160910744386815,19.979066710574358,3.748526251759987,-1.9974208886175422,0.06217034360567277,-8.052137410755405,0.2160840446988194,4.903281529779442,0.7431237436291477,38.41460795962611,7.255109760856639,23.176838354239354,5.509716423179841
521a7819,5200,1179550.4116531322,773724.7812590282,15.061096162816382,12.198082929919675,-141.6860692673725,-34.07674152422315,65.74932024236415,13.192120464739066,-20.33235559798129,1.1646235013717623,-60.36222745535251,-3.131650035672874,5.6021614428448805,-3.417237640196105,1.154564068312387,0.1882513584888664,-3.092717532831627,0.9000302234965657,-7.144275817167039,0.14505885990556888
5254b6db,3274,185865.01558001805,153430.78591581903,7.534587637518457,6.845685091543255,73.2844284954268,14.31614831003775,-15.466273985490878,10.824621155690476,-6.692620882604233,-2.7009190214500562,21.31559536589839,4.718868718695572,18.604862137946498,3.5623310765782152,0.7490654922404065,3.9009395172554813,3.2024673764142433,0.48007779860914807,2.9463754174754166,-0.6201320802375129
529e88ca,3417,738545.7497216056,645550.5179676922,14.701654496306515,13.744933011289588,114.28757235776614,-6.418752669342069,55.33106123644276,1.796990826454539,-85.58293929414421,-22.53414284084796,-45.48561801560267,0.6221787948249219,26.31491485460514,3.2007738173580313,-6.456667598322811,-5.906845887006406,-16.51679700952306,-9.933671902519587,2.5077440001668605,-2.6289111310427136
52f1e77a,4442,476735.445205606,412523.2123212361,10.35975403415872,9.63684598883966,50.57193396724258,-4.9940217498764525,30.88853052741798,-5.874509697300782,95.17485276728193,14.101602906664194,-22.754683529376006,-0.9873957378025111,-2.555686107168119,-6.45765634884782,2.7889580220492656,0.7995063386171132,1.8166230088545583,1.4044633429060682,1.5209584225148582,-3.3994485568439763
5305524b,4898,873185.9742853186,441826.9944558754,13.351928105460454,9.497662501275405,-143.68937338327822,-47.30481073599363,9.263065412481138,1.5884123070789087,-10.367812027606863,-4.612597888722156,27.261307147227665,-2.5029429810626405,-7.356361846139729,5.115543576070774,-25.36818568478094,-9.986827757771595,6.476220064055184,-6.673931811240877,-12.399834493248884,-7.141682556431348
53134831,5126,2622891.685671407,2641766.0126451263,22.620431091916032,22.701673503006987,-251.49827757383088,-0.6241353631589511,21.597892413559656,1.593102447459388,-5.238836099833101,-1.6379831598438497,-10.547476486276702,0.7733976456198253,-6.419666075610783,2.9105232749713594,1.3050045743420422,-0.5057175188519769,-17.084884071611192,-2.709255312537958,23.358776696644522,-2.3947056029622003
5397ceb1,5255,259624.2388524355,195223.5243543377,7.028882088658049,6.09508426588566,11.38214083695701,15.047428926383958,-2.187209139331415,-7.225162401297699,17.701331683709338,0.9884904792852238,-54.30605253800277,-10.656135561886533,-43.82837321772763,-8.987606667848642,5.069900622211081,2.0919572418272265,-16.292800277555248,-1.8484957965167514,-3.858434204804837,1.1804308365991854
53f23031,8550,287102.13298131624,246980.81993893106,5.794755977599059,5.3746298111490916,17.792445614906264,15.389062683582171,21.039782480819195,1.9859740530225942,-7.005118282066626,-3.2379986125299554,-25.891858588506704,0.1268381961708395,4.228544101640878,-7.594244985438031,-5.875459161606642,0.5251659883560998,-29.42144382067604,-2.3709050086839167,-6.4753773376234705,-0.4540597631425099
543198e8,6503,3065156.3706921213,2664480.547820636,21.710480757770572,20.241812608435467,133.1292738494976,8.707305778502764,-143.38514160344542,-5.233910628664184,18.33475339909827,7.106289498811229,15.5789446050533,-5.160209646734123,-129.25522504435722,-15.686748693764622,-14.290545722102502,-0.3103392171024176,-23.998694389672956,-2.702771616582633,0.49224387259648666,2.98144543040764
54753541,4026,1185536.9758824022,1299187.4822152196,17.16013367518517,17.963833804109967,75.70839732016705,-26.370468944254515,99.15979114942778,-0.3697261830208262,51.37229614383095,6.147838221292545,-42.1531713090086,-4.134209908113346,44.220115332333414,6.539579310303236,2.059361002419641,0.8387469767389397,3.2796323024799876,-0.5108580249582768,14.111747140658315,3.091419924116373
54a7e3c2,6155,436925.15587767086,205198.279712858,8.425379977331353,5.773947479005155,72.77512694025617,33.41554066822995,-14.048906155163186,-1.0915979228038186,24.95744858679022,12.04613080229455,36.494420250106735,4.517830994065776,-6.290911581488682,-1.5196703604049595,-8.633776449838841,0.07005572357874101,4.7932851551538205,1.1762662689196193,17.25988162577822,3.2596159350658644
5542c301,3591,224970.81588019853,211532.79211165666,7.915081464301012,7.675048850466506,50.53471904789287,-1.6365085103596837,-52.56929230151601,-1.488455690195125,27.6862717825686,-1.7528760521635938,-0.4062712699207733,3.625964602285837,12.791369396468287,3.448357743905627,-1.0736368925401152,-0.6115109202183036,32.200247646629215,8.072734207383862,-12.31011887743895,-1.8937985296967106
5567d551,6889,1073855.9997545115,734539.2499194522,12.485183553098144,10.325935577646312,-96.12229792756617,-22.061058364402545,36.694540370734536,9.489089691707699,6.887146865056789,-12.648695291903376,-82.12857575541042,-15.03797681929144,-14.908666825786446,-15.405379843231907,-5.18261802083039,0.3121312068651932,-8.11692556881381,-2.9666133818062286,10.937165510450471,4.6812904006992735
55efee7f,4801,1964961.930877117,1595215.0171019547,20.230714319832412,18.228199021150353,-128.0530587911116,-22.372943922591432,-26.03407585634263,5.34530574935835,119.17619074359524,4.913954517775204,10.886098865315828,-4.739110748647702,-13.611989131395202,3.3732129575347045,1.98777206590388,2.057844491406721,0.2940122122865631,2.0196357614428555,-14.949914043583323,-2.460100045233093
5663b2b7,4972,1164640.9956774788,844224.7452394305,15.304899307583216,13.0305719582456,-85.47568172417951,-14.27489686844162,126.86454885936269,14.777807028568024,-68.87438524905077,-18.0351233178964,-6.4236891432255785,-1.6094651688438977,-17.560995619044242,-7.847313487468021,6.571376490792815,-0.7755717257409652,-26.195253385897143,-1.302543627627069,-12.770243727045822,-0.36452876002942775
5693dde2,3488,124940.26053562257,52586.81180420338,5.984983610945505,3.8828461481136096,-58.623991568230814,-25.159798339068047,5.934236954983616,8.222541794292269,-25.54312296066459,-7.146517278702357,-1.5677227291092866,6.716433958219518,19.13217386893445,4.292778237403834,0.7188835708332658,0.1044077927430859,8.785388244680826,0.45157890840140213,5.513676389403669,1.7838653686683241
56b00794,6065,2934909.878564348,2822532.4817826436,21.99793844258406,21.572678523113595,239.94288053771783,2.5820725768324726,0.42565397034337027,-7.8113204043982165,-35.567824230877385,-4.866994064722872,29.49128861830035,13.513983672379513,2.917804229759148,2.3582385401517283,2.0513878635233196,1.5765195125000508,-10.912383511662563,-3.449436623810795,5.895596462891037,-0.7235582690166991
57796579,5890,3376901.3034411008,3212584.3622557386,23.944266439401932,23.354448874178,246.18567908200694,2.903938810566449,10.295278971895023,0.6136900575251105,66.99483431647239,2.9030008028619627,69.89739594075577,10.483582905132565,32.54110378925836,3.241054877573265,0.5797031920744875,0.6985680546374653,-1.1483984698981757,-1.224553304789812,21.067826702841693,1.1926225494917315
577eec7c,4539,631324.7671464708,605921.2065439996,11.793598055235272,11.553883520198978,8.736910261339448,-1.6529029253497172,-74.53670515196931,-1.3651521167192933,27.61122552804402,-0.8289884628185501,12.588826758448132,-1.5166665932170562,-16.58213387319841,0.6464117325524773,-2.6256943515178284,-1.3254431089793282,5.412412697059061,5.563863066606823,18.408830000564617,3.807900781335514
57f05c51,4771,3546192.9835799313,2378661.00762237,27.263177733143607,22.32860384106381,273.4627816985999,60.554701363996195,-5.836298255349663,-17.909433469961904,-76.57776580768686,10.91024493264825,79.29338458863465,6.058713785924528,20.664985426361287,13.305608277594223,0.9660838124232889,-0.17158301094212866,28.31151295873254,5.8468156710521395,-57.600265535628786,-10.217665824283108
58850d2c,4995,1519142.904226202,1401670.7494738079,17.439401181198832,16.75156006643623,-195.921559898716,-10.253914079579072,4.334827229296262,4.669530251057342,6.282073250729516,-4.501830379845304,20.812052933262354,-4.742848549864847,-13.026360173301637,-2.206269620380892,2.333434455104139,3.300585066574567,-12.12179650199004,4.36095036693553,9.300925995869052,3.053721224804226
58fa8486,4475,1243752.0085350915,1091162.9478218372,16.671334971396625,15.615226402542014,-180.5484402258118,-10.26778122381656,-18.13469857312591,-2.4669259941394044,37.759689134749976,12.624937481089749,11.434835067880673,7.625566575602886,11.319506480615976,-1.7904743821643148,7.835251336659226,2.332506583300092,3.6716424054021624,-1.1138969816647661,5.09531729098264,-0.8818525396082364
591cc951,4609,1313869.9441732,1278785.6338219622,16.88390247432985,16.65695146395218,-185.38430708952959,-1.4516954625140293,-8.974692206970538,3.017395462776446,22.54154907470414,9.54844349565995,-18.210011879742844,-0.6426816098107249,3.3847480051393672,4.604138743842763,1.6036659858429936,1.6020264936695472,-4.573634633377312,-0.8843266508213011,-4.371900003782529,-1.3524844946906929
593876b6,4842,150837.0818480774,144775.91507229072,5.581380983409535,5.468091418899856,-23.654857376180463,7.072699822982182,-41.17673439805879,-4.145226735682604,-26.75557552859711,-1.5891697790012118,25.812675807834097,5.418886415709193,-7.602038925759382,-5.562812413975613,-7.797782985422378,0.5684286409183071,-5.522195436352137,2.755519371235449,-4.77886848606848,1.6371114230640114
59f8b2e8,3747,327780.94275272894,242653.43770509414,9.352979952288898,8.04732197073944,-98.91472406360641,-15.659323838111513,18.74188824259688,3.695610785129311,12.000345473384806,-7.793507701444862,13.073372690654534,4.008816212761557,0.8809804528120273,0.28165358692129494,0.4258129159610965,0.7199102860505822,-1.6590070962364507,1.7900194430458385,5.477200413348589,-0.4193019822700393
5a1a8fd8,5260,723371.0214834188,515609.3572555246,11.727020418102013,9.900736974292881,-101.56280852228517,-18.534248113857025,67.06947466706612,7.044243649363423,-35.130719262465085,-8.184434325165018,-10.172665723362217,4.987523173301597,16.77076487009211,3.920903683898723,-2.170848605049012,0.5709499226306454,16.786967695158854,3.66331162269179,11.310080769375194,-0.15104870012895238
5a5269a9,6513,184755.13466376966,192735.45583559934,5.326080416792156,5.439891887032958,-6.721948587146033,-11.006360313725198,-5.5918533579330205,2.1003632734015,0.49406303264201445,6.560239841086352,7.049358444250652,1.6008311440655887,-9.152174843942294,-1.3979414605640565,2.3969188586668375,0.20862512278662876,28.495949471148368,1.7948697373972753,10.93293865945073,-1.6653088839071348
5a5d1982,3894,112632.58397640982,57053.74128588144,5.378164110348935,3.8277546313327244,-28.525733632863734,-9.386300867624012,50.776852768538966,15.70558343729408,-3.549356580850998,0.34454237370567176,-3.554189739264244,4.260651420797597,1.5147305401285671,-4.24868566260535,4.8541912695653116,1.9738383349392907,3.121758372137296,5.609016904198311,-6.9072337687721355,-1.253194195387843
5a63b5d1,6217,3709561.380735864,3509580.0663058585,24.42704019860082,23.759491610311915,-263.14609883571336,-8.6746711230989,16.475687379110717,3.6589324210119933,29.60441095439604,-5.376619368860929,-53.50701877447003,-9.995297858237414,33.71089368232234,-0.9174563480812056,-16.801239430071796,1.66794811160671,14.33735205308184,-1.3506233392081624,-19.81084953413211,-5.372466188483642
5aa03df7,4871,330977.47081693006,350621.6067498524,8.243092089566295,8.484187796614998,55.37990448203179,-12.340967029701037,32.605028424931724,-2.0365940881220155,3.0842866029563454,-1.8488644515729469,-38.95389450766433,-4.472376683465893,38.12548481611396,2.558172560704075,1.078983255458612,-0.05544166215401876,29.5016340914812,5.337421754976641,16.10869520682113,6.0541470622864875
5aa403d0,3118,938030.5332290109,742304.2607128979,17.34484535626226,15.429537960206648,191.2745704959589,19.67590077441404,11.226387002721191,-3.1453467344017723,-5.350320770543114,-1.3208841071295667,-14.718251283713297,-1.0502623099639319,-7.554684990428673,-1.4768862035794794,0.1808821207738415,-0.3836678423420505,9.684601941944498,3.6537637458012755,-12.997867311629085,-2.682758354381419
5aef5c6c,3121,349141.8510738671,276872.7949279634,10.57679460570761,9.4187497482882,-56.39978692093064,-10.30870651360567,7.167217202627086,-1.306215745079142,-80.16855209392038,-4.673500353256753,42.5924280484506,4.66972032585529,34.216430849115866,9.200480720820334,2.18088078987211,-0.5265460281908785,-37.3918418707997,-5.915843723665082,-9.741622813373173,-2.5633189493094353
5b7b6324,6564,3356673.490669442,3346753.8587451847,22.61362901764263,22.58019042897632,238.50683718393702,-0.5875685024486921,71.9845382177959,-1.495722538500979,-0.2379597129636153,-12.237523255272722,18.377206005937303,1.6509046967757324,34.02930087278432,0.33158119013672627,4.621151684109544,2.152341312902588,-22.821601487251595,-2.361395931882457,-2.9939354410088006,0.22099892186293424
5bd25f59,4210,715895.3558293435,824609.3625528784,13.040184155517908,13.995328051075322,-144.0996132155768,8.73783715865039,18.106197134968408,0.26106880397670185,-1.8442355060195705,-3.1154749255345973,3.2169105827408915,1.5097796058943165,0.4954052047842584,0.03330488678414034,2.3386812581200522,-1.2486318556308984,-21.67465693452325,-3.203314391197354,1.6399896713595794,-0.11340022849518742
5beded95,3057,706337.6482743851,716427.6294937884,15.200520456139506,15.308704632280712,-161.88519019950516,4.114941750739683,43.519270701033946,4.73399141402252,-23.53966469385213,-7.933740982736218,27.120921390330885,5.107607116117381,7.39767226356763,3.2057504571200974,-6.108935848658589,-1.1204571643568637,-5.410213515969986,1.6555593848295669,-1.6171836721737471,2.355954556462502
5cb483ac,3852,157471.1480869569,141415.7151897745,6.393775125453615,6.0590662051802715,-59.04473063834818,-5.762106341370446,10.060433742503317,-5.147395053790653,-28.95336938511384,-9.810564354601933,1.1859153590510298,-7.018895561155361,3.4105636983228704,-6.353291866198061,-4.967103531031524,-0.7766081391425885,2.4127419293455397,1.7218959251522001,0.7047481736322831,-2.7890894103857966
5cdd8dbc,4010,1087872.9142744942,1270287.0669278994,16.47088350877767,17.79830939131586,169.541469179839,-16.777973025254276,67.82963527808401,-1.2727489267732102,4.006437921448599,-3.729206605878635,-18.66539028678607,-3.1080341195457906,-1.7039398521856364,1.572420990311814,9.456337392049354,2.872797431828703,-13.307265646174898,-1.3315107351315443,5.592383410960467,-1.3246534822947158
5d11dfb5,5895,706011.0637512977,633624.0979744919,10.943691671680096,10.367497475152065,47.88631349703347,1.8870557315958059,-3.9922971189728145,0.9039968026202603,-66.12699957730601,-2.926454558250779,83.31859240718921,6.6071286670648615,-27.25261315009488,3.33848380273718,-0.9675819350376887,0.746727101252739,-7.706683822189214,-0.8108274528582605,-1.5864736467176932,-2.1864344097442743
5d7198fd,3368,201100.1670922239,230055.15247187827,7.727164793116002,8.26475418027036,-41.51080821912461,2.358259441862777,-44.81341024809221,5.023720809178255,3.0422983693467627,18.594890447729867,-13.983331501649014,-0.04637645377284523,8.922823754916783,14.157329072807116,5.318934412770993,-9.955966546023229,-5.464611414090184,-3.3727099179481357,2.9488418753876147,-1.1642813119126667
5def1ce5,6443,444029.73144810117,276610.1327129548,8.301602980843187,6.552242718069723,1.13395634317884,11.581070308861584,-12.224146807387575,-9.79164022693861,-5.933849365397622,1.6349280734251863,-16.655790388292296,-12.990553311143648,-50.872399100098576,-4.190086107776873,7.601145811311713,3.0824513641250997,6.902483604124269,-5.804457197126295,4.15934831855496,2.1795762590276118
5eae34a8,4904,281287.5975137057,171168.59986277262,7.573559838570403,5.907950097984219,-40.521142747106495,-20.957216845841884,-61.43235149212647,-8.434460440462969,-20.663387813506215,-2.292648551355017,-14.357578903700453,-9.055311311775332,21.725450582454457,7.061140351774734,0.22238026042888775,0.10964071178646187,-22.202378144073222,-4.101570337230445,-9.860545737676134,-3.1862362906143966
5f4d2a52,5225,9117003.49396189,8167616.35648156,41.77177338198559,39.53707328470224,454.6427757313565,26.96011581542217,77.47156073699382,-4.037451307141364,-68.19401933209488,6.54470185761077,-33.08347726649038,0.7355283161919155,-4.218047970100654,3.2883505427411626,-17.975670143995238,-1.9779806328242675,-36.13305216017552,-3.832459630927386,-24.83308996591565,-9.164192734709498
5f6756c5,5931,133830.55045732725,380646.1938775755,4.750219412219448,8.011185422234819,-45.656747297452895,40.23466931383269,-0.735696157806494,-9.454159301514403,2.5154643595496564,0.5302070798833295,-19.567537843379007,-6.418164756672726,4.218075908190552,4.588084849916588,0.6194197352612558,2.0057317085902526,-14.446527570541992,-2.565714049962924,-3.695237580587235,-5.020765778871538
5f75f796,5562,1128806.7201639696,1459103.904476444,14.246044639673809,16.19674025560906,152.36164338576214,-23.794902959948566,24.397120355574316,1.830918212406376,22.736132555730855,5.263975146018851,11.94302750136733,1.7185273193033421,9.263612011102174,-1.6445125830695022,4.016380469093803,0.448031441924628,4.4793141825382445,-1.7487145268977886,-15.31830647213071,-1.371461710364654
5fb1c15f,2860,286414.6821104379,230666.881782782,10.00724706125058,8.980687939579328,103.88557450475275,8.077011735005755,-28.36896161749157,-8.300175329964668,1.1794973059962728,3.3135221794731877,4.610338152365914,5.841833015737936,-22.18506988442936,-4.197986271726903,1.970187249734662,-1.246909464593012,-12.299242086859811,-3.3749385605075637,5.310807042483523,-2.2281709287051354
5fffa282,4201,118702.65931251958,74931.87152487684,5.315619470735053,4.223348785533217,-50.208116124046846,-26.971199594631525,-6.966120099715783,12.520629907141654,-14.091403710807208,-14.262930849193742,-2.894031615315509,0.10896974743669993,24.70254647009409,5.087801758686969,-3.8511633778411385,1.4656820379725404,5.465185473831815,0.40154187225382776,-4.59005374171596,3.5412111587963166
60e37807,2699,1036158.7801780978,916449.0210858597,19.593486114071084,18.426918437829883,174.21003928517862,4.848402948893106,127.78406824332157,12.73381089301513,-4.120843443601349,-7.835841259390518,22.765728802145833,0.18789832223021832,-21.16288103044252,-5.067536532758263,3.317912842387213,3.9817398741830816,-5.901355270904086,-1.6787482146720536,-10.315113313174008,-7.167924653600194
61f27424,6220,195397.67680319847,218869.26824959606,5.60485659874324,5.931946160336522,-35.58824798011938,-2.1892167248314385,17.12243888944375,0.7569814822484069,28.752403167639294,1.6816341958518328,14.494230379689071,7.140649653913181,9.508745232352625,2.2333329665531396,0.9307504027471456,-0.1077317613901699,3.514603137379189,-0.5532774145242573,-1.5084328646622218,-1.7135790019935342
62569ae3,3588,63010.647157788684,69238.87474055604,4.190643848309562,4.392874371686147,-31.888167245999472,8.423676175392037,-30.214566406457323,-3.610286623382725,-3.421103798440099,-3.770246204819834,-6.473475407838441,-9.197030737697894,-10.866959768244092,-5.393368302852807,1.437204727505811,-0.3985300964842059,-2.1946288171588324,0.12203125264791229,6.572930809245095,2.483023530252543
62a6f539,3693,229117.23395600298,284833.80805939366,7.876607868747044,8.78225643997425,-72.22445729892699,14.27746656061226,45.560711236414,3.446601558602923,16.485474151556133,0.39813745944947276,11.606005816522732,-1.590920815728062,-9.695137028609093,-12.506055879962656,-1.4525779471771625,-4.475204840424968,4.035071375164516,1.2315650309703563,-4.631150238546871,-1.3259174320519447
633774dc,6233,1245808.6262715412,1376845.6098985819,14.137646015453246,14.862574981178957,138.24305248856425,-10.389436606481187,14.973978117319751,-8.582460135074497,-12.69652444069786,0.31285426919435544,-59.257254363116125,-3.509739522711751,11.4571682805768,-6.466744332921084,-0.29399240004034366,-1.7267493401583063,26.52995786302203,3.406401107105598,-5.804156352986295,-1.3131894010170821
63559d57,4069,161684.74769516333,210358.59719780707,6.303629535202029,7.19012247419039,33.2922433752537,-10.185790017704706,30.688160874477393,-5.904689331469133,-10.232236160914429,5.052308324196367,-14.123470033215918,-4.760096635450207,10.646065111865308,4.182127005114128,-1.0670051562167977,1.411238577607282,21.801303340433208,5.036630329142684,-6.571367221248136,0.15740587033547326
647f2a41,3881,208830.74723692526,160095.9929533689,7.335427006516196,6.42271142864826,-24.963849788006094,-21.639719824946948,-58.887129974460706,-3.7420172783921544,-21.839325005029917,-2.5591965163769728,20.011102598875603,3.4529892569682765,-1.40058292087896,3.9930742889831095,-14.210702156557804,3.8536089592899017,6.3060152004692895,2.5838734605557976,15.749529065373798,3.2109044784349607
65156b96,3221,109894.77116061676,70950.88118364138,5.841079968673588,4.693356398400788,-40.356603699634285,-22.162593577738704,22.90101665669348,2.981259512985095,26.77900977772101,2.739955209895776,-29.940255322728774,-2.895579427343794,24.43512896943563,0.4996921929577839,0.3995753106392595,2.1727521772621827,12.281854493562175,0.2367070198377928,4.0897952430229,-3.074813888954126
653612bc,4605,847721.7552939794,1065019.7591527596,13.567875415028587,15.207716761902908,149.4644985101466,-21.336368808999186,11.944944413843231,6.11851739053833,18.957123059387268,8.731375429857557,21.378863904306836,11.275129325391365,3.891119881594013,5.450925456085244,-1.0775630740151645,0.56047766871527,0.2284387417831116,0.37099649833146964,-1.46832692882246,1.4118268541231385
656a067b,3051,456113.47433742764,386141.8967730054,12.226871481025423,11.249995764928814,-57.56753940495865,-0.4610304200357195,-84.3425956768918,-0.8929662250642636,44.15260204472315,9.704562172023037,-29.972819174690223,6.521592971052925,31.281470720339495,19.85794684556209,6.688882180226327,-0.006448823436564055,0.04897461475727098,1.5825987397571324,9.930138140025296,-3.4194694323105495
65a5466a,4683,575451.7554688754,557249.3536790649,11.085170586569674,10.90844152254543,52.3287546231942,-21.135333726707813,-85.81617891953708,-11.504401744661523,63.829367558201625,5.326088985748426,-13.963577898935043,-9.371694920708915,-0.5591112922662607,-2.6326273349111906,-4.907797968713827,-1.487242521447731,10.338017739426544,2.2806124980949907,11.963801258709118,4.994039250736778
660d9546,4732,427930.0254686147,446643.39550974645,9.509638584496138,9.715341932920982,-89.21638219014008,1.0520492605101786,-2.511420075493576,1.5223636917932757,-2.37699445344953,1.0793573752389989,-43.287423773893316,8.472518168669122,26.58631751232416,6.540085640169016,4.361592957649995,-2.7748209000307904,-0.00336413777123763,1.8396077323458908,-0.7591763666967706,-1.8548655645959395
6767c111,6783,843925.2482937751,787966.9997774706,11.154268169936854,10.778122274621486,33.67941451646387,-12.59542863878219,13.673835125940377,-0.29648243492425125,48.99083566887678,0.6807022602841565,0.10903696372849403,11.147582369353136,75.03804180145744,8.61271986528346,3.0775771643022063,0.5100862756132298,33.499097190078416,9.901386834879707,-15.670705110384592,-4.490217909640132
67847288,7429,693486.4401370878,693674.7759513443,9.661705769213624,9.663017634587343,-84.0048841863272,-3.012302013236004,47.74453471943623,-4.618974951711507,-27.545587339349698,1.6762446889412481,19.07338647122985,3.023145445369969,-15.021768153051175,-2.1150608803842723,7.610967597977234,2.4187608012972985,-16.98210340118998,-3.1082195651809315,1.299277023491965,0.05168241649320686
67a8da4a,4911,1126585.1087876495,880909.1919086886,15.145968042718787,13.39308434183384,155.4159865780572,17.258339990218794,-25.153291164821542,-4.528602805610835,13.352590175696381,8.066264544380722,-43.38513064929519,-0.6770957983060863,-8.46417667140323,-6.040646011146622,-1.5916615639371106,0.06866871327863729,-11.516518499973571,-0.32491067317604716,19.210208468296333,2.083078560629212
684a6fc1,9818,728281.2939304399,885502.5011469573,8.61267508534557,9.496933177540393,-22.10819625376327,35.6476840735116,-22.329520149205454,7.730535856870827,-28.050014601945417,-0.7001600891482791,52.64107818712428,4.286611561816258,22.242744075131686,0.8819862666372948,-1.150684962142909,0.9429363511718918,-56.084875118167005,-5.2573517162136,-14.660466715290719,3.833543171767772
698930d1,4741,195219.72914384623,185251.27547271037,6.41692369862911,6.250944252192819,-0.7000192204710342,1.5644735010307085,63.911400519779136,1.0714620388471459,10.192358146745343,8.152901845274846,-20.27303994490095,1.6769823912272337,14.049497208390136,5.140577057563084,-3.9515354922852324,-0.35126437476220973,0.8168896060877365,1.7724421880234467,-6.5435843565775516,-2.7708966175784373
699ea575,4120,97249.2146129826,48180.527713522446,4.858413146709736,3.419693384367665,33.443295249833675,22.11517699268912,4.91427073551137,-1.0444826895961201,-2.890086066037348,0.5560628479150561,22.634001006605935,0.6307494609768172,-4.897319469704907,-3.2508979013082446,0.6064101408683257,-0.6316585352975905,-15.267601433113725,-4.758331826392499,-8.51921624103933,-1.9387933792038674
69c1bdad,2714,205134.73481212638,258245.90672429476,8.693900800673722,9.754652475829463,-35.70316582346862,35.377258864012376,-29.7943765907276,11.128508493324194,-77.51032865352859,-19.580225054704485,3.5726069834001435,0.5350600654777731,-16.999910039744616,-1.0635649808074739,0.30504903259383764,0.35150737444575886,5.13862079758233,3.849890573025771,-0.4646172447741755,0.4692449805296904
69e41fa6,5772,121561.84132717426,79164.76366648721,4.5891840310171705,3.7034185586465824,-31.038059648801116,-10.337401262429804,3.6255394400834944,13.239490526039788,-22.586700707922052,-8.1076326410834,12.542554500655449,1.2463164726981855,-3.2975974802528127,-2.2308412588238964,4.192832161241275,1.0179582517768186,-9.019707718573278,-4.434056550139437,-9.913438540622646,-2.38498164540121
6a0ff78e,6465,860576.5810254212,949088.247509118,11.537467670655401,12.116272526628755,-97.2325670869664,18.90710356541144,-43.483565691981845,-0.8221615709570227,-11.64265706856691,2.101344991138152,53.234122076228495,18.28888995249086,20.032676120728127,6.413064223875426,4.204471730311438,-1.9884590225814534,12.59202963342519,1.9191895504051533,-0.6195749529225694,-0.2615321130198856
6a8fa194,3017,437809.5925380231,299877.81152353785,12.046336245927968,9.969755581682092,132.08384440768407,24.008077277077668,21.134438961621218,7.513471829688383,14.618064671907542,-8.169175181292307,8.189343025713839,-0.5770584144013512,-8.583618849511005,-10.617459000429438,-0.06130845582724689,0.36801715376699384,0.979631029909242,-2.2226652356082757,-4.017473346380221,-3.5134548726020314
6ae68655,4204,98408.89759766308,82362.34456569454,4.838222420842698,4.426220005923876,26.559623236734524,26.708659594570484,-16.093381708713032,-2.5245062426214515,-7.546290745597534,7.510935192306486,-6.027204718436256,12.28330240896518,-31.12830712343777,0.056684921889689745,2.0905046380921406,-1.431795223982477,-8.27839397879416,1.1240865256632664,6.946915684254767,6.80823506131096
6d1d74e1,5830,621403.1194181052,525735.587096938,10.324105578178838,9.496190326646072,-40.15006004187713,5.679855914137235,-94.34537781582577,-9.709336914182217,-6.583619640739565,8.647094279532286,49.97428719926765,12.891592035994716,0.7211317959047079,5.054236194493067,1.529919644520767,2.710011168920415,7.08078414445914,4.579109161140516,9.701178905026293,2.6373049731405476
6d590e26,6096,442671.7996765707,369727.4547605517,8.521547103596125,7.787864225383227,-38.84568518322795,-18.55119297318621,-4.269396330549187,0.25421592025372175,29.572983003632693,-1.7706603000151773,55.845413709722855,5.346338584213962,25.5460794625014,9.27011011252814,-3.3257964984356114,-0.905052598497047,9.10392384648129,3.8183511021731187,-6.664147522398736,2.8284336517227593
6d6d93af,3595,2525314.8164516054,2405390.662422815,26.503810398379887,25.866839181496353,-272.406592393498,-4.079994905255843,101.51392903029276,6.876390291445884,8.830110232691641,-10.595564696026809,68.3139655753462,14.636001140924481,19.725378717350655,12.37420514040165,2.596533605773975,-0.2346427233940876,14.171713603778452,0.47934771013604827,1.6495092927583428,-3.3277762921066403
6dbe4b60,4648,371530.0295300816,319760.15721775324,8.940543104333642,8.294288067562483,73.88768856914774,0.7298267655685746,-11.27200663042704,-1.113402562737219,-34.574322426598705,-4.728482196046488,24.393683911310525,10.932332252845395,19.525316900634362,3.0769735656622297,-1.8042980486699836,-0.2672753789035823,-8.290722888109054,-0.6246911489760454,10.850031590251053,0.45778163711751213
6e6d122c,5632,484814.30450825917,533961.6448774547,9.278043183641559,9.736967222681342,59.94390562889464,-21.22581389739851,24.70312164061473,5.2730065478081185,-38.38900372086621,-5.371665910116716,28.29310366470714,3.0628102622911486,-35.526742859727044,-4.153751922155455,-21.177995316848005,-3.6868567598661253,11.348705903559686,0.29568255047296643,1.6189190871797705,-2.1123456591559067
6e9ccd38,8282,858477.1051908782,863648.1645570834,10.181147881232809,10.21176505031219,-48.05346700315262,-0.5416959568903771,-37.325942284460154,4.746954846212855,-25.164594373888434,-11.313943241730545,69.6062844753236,4.821478358310848,-15.751000827797588,3.192535329457587,4.633967144519899,0.7704690038659155,-10.344471138503406,-5.720973763977499,17.54613134764797,6.788082303151796
6ea22614,5971,384754.7540176774,479347.0736757282,8.027280921420695,8.959865794496539,-57.24409627852914,13.95631962072892,18.540180899666517,5.266831659374297,-1.5641672325688987,-8.674359176449585,48.86371020736464,-2.183738881777247,-14.296120213520652,5.975313599816028,7.224112326669507,-0.13032095056630907,-27.390489691961157,-0.2346101667924123,4.028750267576146,2.0053021555396513
6ede926a,4938,468002.78302029974,399570.0013296556,9.735285112892344,8.99540859132703,92.02440025929133,1.7863637489450785,14.16127200106494,3.0818580317955515,8.657315446369585,2.1978667746939866,-31.166162903535614,-5.669428266471433,-33.38534428082401,-8.193786893023567,-0.7725413047251921,-0.8393188572504258,-1.126684387744099,-3.59347643995592,15.722719512313782,0.14858818125534368
708caea9,6548,2702372.270037386,2411037.1160776103,20.315066698085847,19.188791000814508,203.98961252239286,8.672092013489591,-52.63289248543015,2.3466033670169892,37.22099356471145,3.7148840123126385,10.585202356290043,5.518544365704192,-2.6018619454450156,-5.548764864572516,-2.4120861932790096,0.27170186855037004,-22.11862460259861,-7.599646159166069,15.65055208347133,1.7547745218102957
70925e23,5947,120686.7738007163,157336.56492354444,4.50485554980252,5.143584309271656,-28.038429759721044,-15.900698998684138,-4.497414700189403,11.106524460764799,-24.5720699405465,-17.23108748455199,11.228727974502192,-19.719742397648588,18.66082072419014,-10.918241299979258,-20.493716780507988,7.860203138368211,9.200211849929879,3.7946442587319744,-7.136252462783412,-3.2687659881250917
70e1788b,9285,788094.7610425074,822337.2548485457,9.212940496648034,9.410962196361242,32.01394347495163,-24.782920016405917,47.34333402442182,3.991143437326005,-30.932201188758846,2.903674420883094,-25.740888911691123,-6.120384477453061,-23.15379200987984,-4.2712134245859215,10.595586458184277,0.9840836211358119,6.206003331319191,2.160414499523509,17.780224291919847,4.885889574323729
71642c7d,4648,373798.1227554108,383953.50238097087,8.96779141510112,9.088793935999004,26.18014528784615,-9.043177816865319,0.6139174286617411,3.4077762586267903,68.53012902234461,6.628124041097232,34.205613166773865,-15.641840481959354,-57.38633908881243,-6.456359835656791,-8.236352206350668,-2.7598611005730085,1.026306484163307,-4.06214017558842,1.0473041896323119,2.3527078185553885
71ccf778,2698,97495.4428329195,88828.98117064183,6.011338521511442,5.737944824756532,43.53592130642572,13.052435884883016,9.885816276585526,4.277437328827331,32.09884634516893,-10.851989452281037,21.59013456093941,5.978584355471547,18.560534967939933,-1.8315321224173313,1.0618998264047588,-0.4848901712969133,1.7650496797114996,2.0229205997764934,-5.5234823393780434,-0.10607905128174047
7224331b,6063,784715.1515388562,764814.2965907437,11.376593355998011,11.231408275340764,-114.15639660525324,-3.7256037264875017,-39.30548050092752,-1.2087958992623709,9.506166229078755,-3.602112003738656,-26.343381788370152,-2.7914474682766643,18.745886543710384,4.562304893173082,1.6839505215574335,-0.8193896752538687,0.09336618144910994,9.48045936478568,-10.516730277182642,-1.6308273554821937
722cf0d8,5143,473468.66976666625,461826.0006256421,9.594831692651942,9.476128205146948,-10.722140476704249,2.5094605497609357,20.670926307071504,3.2807196165353707,22.50713558742068,-2.5503730771598057,24.729895039498505,3.8192477610277407,-21.934071696935156,-4.242662416421724,0.017798432659861873,2.023988026686954,7.335467128277434,5.548347833193412,-0.8707168921012268,-0.14885519192812818
7256229b,5415,336687.78231391823,243074.07808681435,7.88523149777968,6.699927344692461,-57.14007285673623,-13.201341743086752,-2.853385272691803,-1.4096270495919332,-14.281831684159636,-2.7865979351433996,21.95178590195834,-0.8962539397127657,-27.929396500476514,-3.5585998351683314,-0.4629780827696418,1.3410349446675607,24.111709705510286,4.546453988085112,3.456895563021502,-2.5154167223016377
726f3dc2,6723,246386.58018391035,189401.82520375005,6.053784668954936,5.307750798026469,-11.793040145216468,7.479645936210289,-14.275312130102071,-12.202919360258889,3.7791605722788213,5.587079714797067,-30.031215278240825,-9.887187731940303,-43.936880577558185,-5.3805397711442255,4.300080081368323,0.07931725120429242,12.613274745238325,-0.5628003244181378,-2.1689899477655823,2.7963976615256434
7271dd80,4340,933421.6714142921,923899.4946901449,14.665405478110534,14.590410134775343,-162.92885309290455,-3.690932147134135,12.81903678063853,-0.04412155842570531,-13.636051175929083,4.455799899757507,4.542348064420091,3.8842910356639893,-8.946958744658644,5.334147562168033,-7.253335784857555,-6.631589288003957,12.211406293983142,-2.5023842228016364,-8.067478198209603,3.515910209473856
727a3a10,4397,609859.8487562345,777288.1291263478,11.777057299452052,13.295748294221196,-115.88222797893881,13.916722778161306,63.138552528772564,8.24750561102484,29.120718650421672,-19.28405844866552,6.12011632527671,-6.450120083733898,-2.116810415776277,-4.986851044552621,0.1283852711629116,1.4803384879516444,3.3252033997140797,0.32730318534072356,-2.643860122350071,2.472849428730941
729665c0,4263,171762.17502165592,131902.54097869305,6.34754954134582,5.562485791175859,-2.931206826889997,20.505316447018423,-7.083399763683538,-4.34574466376863,48.97130195542555,13.448728564925034,4.219255288694779,-5.002555270215627,-20.227143681442477,-4.159532648796086,-1.3822864151341185,-1.2592727203252134,-29.355896000839635,-4.844910230465412,13.71352146662702,0.9285640331357833
729e9750,5919,268598.41408249433,202987.1040322058,6.736395112001662,5.856121165003925,-11.113103429092792,-6.153540181661254,-12.865475101790924,-1.0380183711362356,50.61609221979624,9.066715254359314,-43.25361678794193,-3.9308909494786297,8.273808235279866,-1.5361790493141174,-0.6593526216486202,0.4015157758461297,-11.875222612147951,-2.344291417662725,-15.845224687853394,0.2530907151534155
729f4217,6195,1076641.8752380083,1210433.199474654,13.183022045659223,13.978151979581213,-128.22334033253702,8.023942355367272,53.152043071782636,-2.544154510709082,4.160742919802291,-8.068034204097113,-51.75985949213663,-6.583354137895253,3.289934275904912,-7.299480686829443,5.036735705581701,-0.06322798420263986,4.370616951089449,-2.4138214399814184,1.649275709309181,-0.7378977085359331
72dd8501,5193,108621.6934359705,119555.12042445524,4.5735046326292705,4.798162247375395,-3.246896452754542,3.5970926165563455,6.424265587378966,-4.136141533590327,-13.167027331359588,1.0400920571549233,-23.438565469410655,-5.123109040453539,-18.24679942690262,-3.550194708232607,-1.750527219763081,1.1786511224175091,7.063133492705196,4.011948767416483,0.9435941253587146,-0.1618865216116193
73348914,4221,110289.65384711778,204053.8809602646,5.111633535881184,6.952880313096891,8.209976042095084,47.753716067248256,23.9975332883382,-27.642602768116245,27.86010929136517,9.240822675470467,32.714297546411004,0.2626046258895853,1.1315505661093639,1.3821261463307497,7.399606303186397,7.072510737002449,-10.532430223157162,-6.599684174376518,8.100452405061842,5.475190101065816
739a914f,5505,763860.9358769652,723167.6459785287,11.77954426932168,11.461483467067186,-95.28919946744784,-5.451309167468337,-53.94640096658414,-2.209524717028704,64.6266639523731,2.557257516206293,13.188784015641616,-9.472336762576315,-0.5259990495816218,-0.9287464046536307,-15.255416106023779,-1.6332376542529872,10.989274943555642,2.6335636953717687,-21.6226402492671,1.004079051501525
73b1447d,5670,1021011.404258776,1156428.519633564,13.419111672176026,14.281304114179726,98.9168860452314,-28.686806990369604,51.95028449417265,10.29824795165591,11.804669078448892,-6.639967666540983,89.362805707393,9.724563606487717,31.690471057375323,17.233479916239073,-0.7251070448209411,0.13866389961149986,18.746278451086617,2.135422654108709,10.995360998092057,0.7876161291266197
74b6186b,3405,112532.29057317242,148665.55586113356,5.748837348411773,6.607643770667364,59.487058271041725,-14.082286309675137,8.261279990425738,7.268533439197948,7.836720869782968,4.534764750046193,-2.098737377627346,0.2972760595993885,8.465367024705717,3.9187493838836396,-0.5843705991315475,0.17243569354837124,-6.029731939337604,-1.4609133477429992,-2.379631222621094,-1.9986754030472498
75c20ec7,5361,458213.3572098501,522791.07332075754,9.245086286551595,9.87509263008043,-55.02159505371738,19.42293534893135,-3.885980229371218,-18.902650238593676,-6.2853011636160625,-8.374511742960287,61.86899992207291,9.612505139659296,-20.52385959662596,-3.1099382615411026,-1.1113290595681442,-0.7857095468207362,2.9027421452655444,3.381613277091975,-10.031452356794997,1.3451476679314638
75cd5f11,4946,128184.17888272111,67299.74617292144,5.090848311537075,3.6887536913673857,-46.09272801353849,-20.985635230484416,-17.24029687171903,-1.844450045794937,7.325877245523584,2.9584502738045537,24.99350412239061,0.7738607543358217,-6.036824074157816,-0.8419842593259551,-1.5570474464661257,0.1917433895857768,-3.207437237774652,-3.229274289973433,-5.7367408856612885,1.5186414426845094
75d20a82,5067,1239548.395386331,1142798.3439990776,15.640703802274933,15.01790487203281,-74.69128928288168,-11.456144936542815,149.19273826395852,-0.9402172941702494,-45.67280864577019,-13.619665362954446,-12.931432488855245,0.2881791744164219,-5.909406430490021,-4.540546934600114,17.868221818968884,1.205349415368675,-15.921215846747293,2.4306811513578084,-5.385226277233966,0.12246531137870012
76201745,4448,243801.74605429126,296666.0770522942,7.403481858376752,8.166793136149787,-19.67520986607841,38.12588151059961,-34.03195319466028,0.22094418862006543,-25.38643779468099,-2.3320850247947105,-32.91330354504561,-5.162480457245498,7.674167005040914,-3.1690145200939313,29.24003571442423,4.6934901015759065,22.237675238861694,7.163616273340972,-1.59206203442057,2.519642012270968
764072a5,2949,294689.48425229697,425835.51093768666,9.996430089343304,12.016653852015033,-96.61293688420903,23.992849583990154,-26.728875567163055,3.675609826793817,-41.497951371567765,0.6834927470787948,-21.08716468566478,-4.424557898320891,18.359902725182785,-5.128176363776963,-1.0027340495338724,-0.5917453326532712,3.721061217373294,0.053414678980188854,13.890167411197831,0.3173958626295705
77b0d905,4174,48811.27209823974,48617.370217817916,3.41966718350787,3.4128681420347386,18.37823599337934,20.9232268953911,4.838415384170279,-3.2570790137393137,11.908999975377464,0.8167627884736962,20.571381025431847,-5.261472875281754,0.31901293616273974,1.6624077178292087,-4.503494130886852,1.5535564258088095,-2.6664248807224498,-0.5040575616440444,-6.1210677781393485,-4.352013897897988
77e4821c,5393,668851.2616624811,429047.69645085896,11.136521636469585,8.91943976910589,99.85554992355453,25.024408652256273,13.018375869385775,2.9827572992206512,16.648186110435212,-3.3008633692635136,-8.471542148474986,6.770449554475735,8.27122322112897,5.068014137084671,-11.196547528407468,-6.298966092047026,-52.27995747423695,-5.89080334139108,-7.4053980676343105,-4.316186207096864
7850c72e,5497,679286.3683099574,608447.1886470601,11.116385043212272,10.520795424959617,22.63950214495722,16.222721609404324,-5.499695441074233,0.943877781248265,-82.75978683563615,-3.9540414859313047,-70.32523369386124,5.4177769470344685,44.07975837556445,11.492753658527164,1.5566754426781375,0.7062678807058091,10.058604569026624,4.371596254673023,-9.310829048404747,-3.0078818539749776
78a4a386,5119,150339.16670651347,856087.3837341382,5.419303885350988,12.93202345563859,3.6182417342497337,135.60896599622666,13.975743097441683,-2.872502299862995,13.526509020534334,-27.411818250038344,36.15888190485605,34.495947619289964,-8.465768453521566,1.1059176932467474,-5.525601486552484,-10.811505067137231,11.902268545124423,-12.075573897632623,-6.288037704964368,13.923709685505296
79507629,5302,440351.6059411059,501327.37985089794,9.113389467482735,9.723908204410622,-81.9211694844571,4.164673238250122,-40.508731501955644,4.14998756313663,32.96168049181811,-4.718738223805998,32.21249333119605,3.058026396259362,-11.175579431495441,-6.272966678726602,-0.35800695673139876,0.7280270960730488,7.812570353467881,0.5646589781311308,-12.408997389500769,-3.067445074642941
796dbd4c,6248,490379.8821288882,365683.19785846485,8.859226638231068,7.65036212413217,-94.85342219219854,-15.32530223417134,3.7169752888985292,-1.5105767446339158,11.276046246736794,-0.7448759958277661,-13.602516212938829,-1.0216227754005882,-19.387319552638314,-6.095385471151071,0.23072394092100748,0.05267149725076757,1.542746377769474,2.6675080934807127,-0.8850769593019191,3.886824836970336
7987f2f2,3705,493364.271592823,436434.4860936008,11.53957307350279,10.853390374272754,-41.16713166021907,-2.3324573050233393,60.87730613431042,4.8415514186123705,-5.514386999644823,-3.5232069821698317,-14.809148279530138,0.06907297742383585,61.88391652087174,4.016011187635124,8.00537052572261,0.599132572178753,-22.61658904656743,-2.3635582649271942,6.221432201700789,-2.0681859957850817
7993a768,5487,75263.42206325836,28371.036910926312,3.703603623515884,2.2738935212788176,6.554473339939335,2.8247432317720067,-7.397380196448063,-1.5668017747592289,25.859244114974466,19.310870088833248,5.472313025438147,2.5587546151063667,-21.640850342191715,-6.724509579988231,1.139125682467726,0.6657883399391699,-13.14413669047426,-0.562944687441148,9.65743753764064,1.846299406716705
7a5660b0,4998,152086.18881321384,91114.05163600983,5.516285845245272,4.26967239588112,-55.37185925464878,-20.439244575754365,2.7476732618395303,-0.44703803003028764,2.8650693903219286,-1.02800378666461,10.606453107003848,-1.4979343356673858,-2.919715339965246,0.7973625724354657,0.11676336592129263,-0.754096939233442,0.05291184935013478,-3.2393481143023166,-19.623438415304,0.18097001675731145
7acda2df,3091,239522.6106658646,170317.6496899354,8.802859206287174,7.423014778061567,89.06902455602335,14.548864797455362,9.320235149253994,-3.6376770916684995,-16.53741390486074,-5.118474606408428,-27.358719781203682,-4.063427228443149,-5.060887845253255,3.123911757256786,-2.3159591499373016,0.21875389265578607,-6.811386850594187,-0.3213881630552943,1.5859730714426916,-0.36810403192734936
7b2c7b3c,2584,79690.37044037611,71988.79009522246,5.553370745863491,5.278204135057678,9.265060504702406,-15.323996725981337,22.4588498388108,7.205052424493975,-2.4027654192314487,-11.914533911009835,-12.602551159869147,8.557774800792082,27.658409212798972,1.997731604204887,21.831237978272796,6.56139103342206,12.978158883213862,1.5787843581758843,0.8270538018216804,-1.5593848892847806
7b38844c,3749,223872.4633181571,190782.5438338812,7.727564145158544,7.133646711171521,8.241214777612266,-15.306846137107087,18.632023972425525,-6.122615235991789,46.31660201732849,-0.7729624527459326,49.4826335803282,11.16142391740822,38.250392203027054,7.113272754273135,3.6086293251906043,4.460559923518971,-24.230829086677005,-8.41828157816251,13.489868401630423,5.260304064668661
7bb17b96,3922,392812.92498392484,269344.52387731377,10.007810883517234,8.287056130242595,97.30078807859745,18.21757094238476,16.25537291943624,-9.516790631735617,-24.506714131755025,-3.695104368752184,37.78764211420334,7.409924327846295,-22.056898950250492,-5.753500166112529,-0.25211067326880565,0.07188963516997995,5.036803694767892,0.7468523704986042,6.529535762938735,0.5066342425637856
7c607683,5328,238971.50023502283,215445.4576925779,6.697164198552186,6.3589668797010965,24.687468159670242,-6.010894451218059,14.536872618162253,0.03633863310923484,36.1937194281608,1.6784602068946655,-4.307350956476723,-0.6671816972620341,23.841920435004603,-2.9395149336076427,2.327007668040196,0.7734985084098309,13.022157192474442,0.5432189362364533,19.030176540177298,4.164904043787546
7cbbd047,5121,336530.641554307,354051.9740322889,8.10652859183592,8.314882609188585,-24.11381916735033,-1.4370565118735423,41.829163878205385,-2.984297470839185,-1.1434101857868868,-4.896642518014863,40.476527825342174,-1.762525547697401,13.316831973703605,0.6954198588041345,-0.12119766039717277,-1.4133972896591653,-1.870012394083205,0.054457926880098026,3.050449870853533,-0.7925146362056081
7cd4bb31,6439,261682.47006217198,282425.0749709015,6.374969373896598,6.622811798556756,-43.887122959403946,10.621200998458528,-0.06475632562298302,-2.556292598456502,49.86579937050527,7.459294050534186,1.3163725304233653,4.5461375844606735,6.51291255338179,4.276165470970932,12.515768338219425,2.039438553072462,-0.6470500857868633,-0.9300222596066885,-7.185985945316171,-0.29254790864584745
7d50373e,5122,506360.05990981363,469011.76048889646,9.94282817307176,9.569121730078667,-109.6790635884975,-4.050600534448905,4.399710935416735,5.802494430325809,4.697635875012834,-3.2471599268210283,-5.855441117499916,-1.0105003312522247,-10.165761532774075,1.5954752994244799,-1.7279786541860092,0.8114254896927765,-12.620008937075186,-6.129440973601372,-4.786549555245217,-1.1508126534035867
7d57c75d,4405,493142.6411369532,404186.59016102843,10.580673718187793,9.578951932615682,61.67785875367663,11.63935630791085,35.92673315255713,0.8172911507008219,65.83151226990472,8.081562460065655,-17.84724047794404,0.5688961309081173,18.39270398210013,9.523644659113831,5.262364618967029,-1.2487524483048613,6.600145547195479,0.7747591337377597,-14.436106906926344,-0.8130030785857214
7e208414,4226,64621.37317625611,52911.82083945942,3.910419454065456,3.538438136879503,-41.193103208679766,-9.62460125249395,-3.796087454971564,-1.9109469484513835,5.171641785329933,-2.6469480035686077,12.01882753391303,1.8585091252129735,5.005431690968813,-4.027806040439278,0.9427630710328551,0.23256074062177143,-2.2302551782740325,-1.8125700218560443,-1.0940686176861028,2.09268591459211
7e721392,6174,5205906.785432836,4809169.341511938,29.037878330640236,27.90947854751659,-328.49023800358225,-15.297327699170907,11.146214471947953,2.978431263993323,19.84238321295644,-0.2908447039037174,4.253062470914697,-1.9674427273416577,9.907737123721148,-0.15333290035859454,0.14064100627991927,-0.07675975712189662,-6.196998393124116,-4.964151669933699,-4.815348219041139,0.48967580381522396
7ff89f8f,7337,1114198.5881375917,1376034.237176896,12.323158726121198,13.694789473115224,83.3290186616805,-12.754163432794522,-26.884465025977995,7.058329164633234,-95.96188864025379,13.451378306435348,3.4100650641568135,2.3013692009402233,-35.12218152953866,-5.709245546548148,1.4597629811966475,-1.2850140799337963,-6.73495161496609,-0.9282721775130479,2.1149819198953614,4.8182174784489815
8050c789,3077,99277.00767311604,117273.72034009997,5.6801602871961725,6.1735732185967755,24.00938690448752,-5.446944274418552,-45.57413949307932,4.369531442512165,12.191444733094693,1.2120331621628053,29.20503522317433,-2.8454830189612244,-4.111815883755694,-0.9990914033680133,-0.09440852718649743,0.916442413433237,3.902516548494907,3.3986447706841796,-13.440397805827411,-1.154148246850044
807f0298,3747,438321.6282293489,391388.1816482326,10.815699284310437,10.220261482402345,13.880544816408312,8.697727377036674,107.12679901044976,4.081868988312747,45.33559935829851,4.9988885863574755,-3.342342647058184,-3.225618689672904,14.831717313503978,4.855043723308367,11.371680747059372,-0.5749237790086096,-11.407282033207979,0.08599177602472559,-12.72910471557245,-3.878585725371176
811f52b3,4836,129721.17429856595,148715.32359284905,5.179195320153731,5.545423443980244,37.10801964796444,-8.704778994811491,2.174080358119158,6.330722533794419,14.307559827776164,-1.154417053073799,19.119363949901704,-0.4907061007332142,19.27476182376025,5.549273261334464,-0.6234275050802804,-0.6079435078327904,-11.450187693913929,-1.5157973135477594,13.910313882257029,3.917505680393012
81bf5923,4543,3474149.368364649,3863770.883587076,27.65367630133888,29.163142121052008,-289.82000330835496,17.63629697842648,-108.37615083321865,0.5041068379158483,-7.994562473345565,-5.407754428507249,-39.53818590420409,-6.333092891743935,17.035445493417278,-5.519902108786855,-5.07057409972262,-0.8860831184117199,-4.274217602661063,-0.23171995389997346,8.74303121636417,3.524988389829333
81fc01c6,5909,1106567.9634401647,898778.8608745072,13.68459822971713,12.333019826713866,88.58773452154738,14.938828800160064,58.922775736828974,-0.2371979695221484,69.49250651201922,8.653076320300526,-28.757273606296998,-0.5063893447646818,63.516903236163934,4.8305779963628925,8.812022487461459,1.2121190089887508,-13.683725573743363,-1.2753382567859866,35.27617322005232,2.4008595681914495
8255c867,3589,749998.3818077794,635557.8833151581,14.455843371484084,13.307326905780435,131.25793075773,7.020169568715237,-31.381034758223098,-6.678288908704026,60.59086643140813,-1.5550687144633746,-27.215706628211183,-7.455371001646521,13.348473098668071,2.2147808205235187,-19.08530438000347,-3.945181865310475,46.68794091226756,10.04555758874848,-22.451658619367322,-8.463833233545886
82aab6d2,6140,779022.1757204137,898625.1986411978,11.263950277333004,12.097764072098984,-117.22547340028618,7.318636735989142,25.51950905373102,-10.507845670580263,-5.803980260423961,-6.33897024938843,9.20590591179433,-2.5960763684999,-12.959711651163754,1.7125319666602117,-1.2534926648338705,2.8756787219891264,-8.395101107449102,0.4521567624382997,26.37168338238767,2.3337178118414577
82fcf37c,6014,106431.4355174355,139293.99928507826,4.206813394410311,4.812652362374676,17.131542344526295,-14.757424097599522,4.944133212694223,-6.615124437785866,-22.428059900857363,3.300511572525931,-12.075394009343896,-3.582597463489067,24.575966476026615,3.269200979275049,0.0570491373167689,0.9496445209803271,-6.70611025663087,-0.9417296696753523,-12.049426780728698,-1.816697923561588
833af382,3628,788277.9872501382,510174.15384057385,14.740291099965596,11.858386118913986,-129.43418446476034,-25.069941332016672,-6.852339038932355,0.6923684278394785,-26.34449933864561,-10.311714033361913,-81.64882498189378,-20.690938716613278,31.71951302228278,2.461086245942126,-6.575865973692449,-0.45079643170641204,-37.2274542982573,-8.11271777085764,-18.869054088631636,-1.3327305932741011
8382f4b6,4967,1923241.770830067,1560608.9092479416,19.677497297811758,17.725559849114905,-216.80680690357957,-28.81154062593135,-41.458612618289465,12.343486089860296,15.056245660264546,2.5633360055898278,20.31263312413122,-4.02687856679044,-4.769097274249445,-2.8086701082421457,4.832317963344967,0.35855595381682404,12.338782207946114,4.051292457228479,-23.833797760456047,-4.092150980134558
84633df4,4972,54821.925037118905,50797.36611580261,3.3205619016883676,3.1963552162586915,-0.45754981733931305,9.175277049571577,15.170428751374406,4.809389241801679,-7.463369386973622,-2.6285020848381153,-18.509669645720074,5.7654092133288355,-2.9487988055409255,-0.05770671264357911,4.723789533264827,0.4857689542943202,-2.45373687577736,0.1945661518958129,1.3544643593576815,-0.751683279355311
8478df29,4857,359190.86001386365,314120.24806981283,8.599606648548038,8.041997136735006,-86.09793027068886,-10.264455746693764,18.87142596343411,-5.705106035665051,-4.728980830652645,2.643829914209967,-14.43376596522918,-2.7686459816919196,-5.259499695013021,-0.43592708408339076,7.967717960029576,-0.7287610504151161,7.8183193548469045,0.46426443055322164,6.82331698580497,3.6351652493481104
84815d5a,3647,320640.69394388417,380803.6876411158,9.37651468716432,10.218395102743152,-30.831739094211038,32.5574690416164,-46.36285268166431,0.6887528646186469,41.47552483175263,2.7301568412534305,-40.117090605987464,-6.591590286072207,-8.911554058599876,-0.8883586409177419,8.145703716508775,2.3748659752247865,18.486665756224163,2.278986649613272,2.9863419172589296,-1.3753426311464882
84c3b497,5312,624306.4012465047,680158.998607756,10.841012889745226,11.315563625360983,45.483042626158024,-11.937370116185315,67.76855663949513,-2.6452184775603778,55.78166733894805,-1.280080347666448,-32.7261781081854,2.0902000918893173,38.864735045716124,3.008488615984567,-0.3971003035427394,2.4535500325855977,-6.47621379449865,-7.592675615493219,-37.89616511584029,-2.717905781594419
85380836,6618,506836.2858539455,485117.29418038664,8.75125761245943,8.561699823357188,92.79140164720351,3.1886041305915946,3.9115814272331733,-2.7388476825687924,18.31917611834058,-9.132299821525017,-2.105525507186025,-2.6699265668825323,-9.692739175112752,-4.116400813998784,5.401587299800514,2.351501229715481,-1.2483751578450613,1.3185965018140617,12.421481859095271,2.5497610066023513
8612b37f,5165,881949.0513937358,617933.0288930325,13.067321784671494,10.937940123789469,63.225185647722675,16.688820114486667,29.038542544401288,0.7742607575562491,-42.94098368270577,-2.654730656110944,87.25824737244093,18.160578108991544,-20.459588054581737,-9.727775541137039,-1.5268711663022199,1.2873289932044862,-1.6870278799414158,2.6537631049765165,8.23016180434643,3.4796016383076718
861e71df,4700,209776.42538373417,299635.6628225743,6.680814471046115,7.984501780678248,-69.53202183900183,14.377467304723464,-3.0402209353148493,-15.278315249890502,23.086737716428054,6.885836577309059,12.488309524466114,-8.129944291434672,8.797295269296558,8.163203116614685,-13.619451469775,-5.121482585927626,8.473765122519717,2.172645083191303,8.284156525664875,4.978991714094368
86454a6f,7964,24496896.057007268,20141384.442164615,55.4612819832215,50.28969872010262,616.545313439724,57.60871658983457,-49.71099671500868,6.06699873051892,17.94352758357374,-7.067787370914054,-17.86895061458986,4.275209885236178,30.576209761715393,43.552367514365805,2.8896594960046444,6.580385519544647,-26.58800785668103,-6.3710501698724284,50.650072967978105,43.02940311632638
8648abae,4244,218727.98207331073,203601.81473844807,7.179008797339552,6.926329287799371,46.255928774368385,-3.529413125224354,-50.16283211460219,-3.7041075736402314,7.035238140648485,-3.068757563145216,-34.13768406286497,-6.918953375976815,2.4529471789325785,0.16084205333962137,-2.9301644342613242,-0.06599189295598815,7.232020706309493,1.6377746519919885,-7.536784960902951,-2.2890745424191983
865033f8,3557,140186.0008947572,36275.605183436135,6.277842138047868,3.1934888241037584,-52.288458253377996,-39.47678667964939,22.136931240460076,7.3766299614708855,-2.356099301597382,-1.0419234997502185,40.54993781498139,15.850229222052842,3.1653776264450264,5.957633900266648,0.31737134152087465,0.9150451452584727,1.2068289130015535,-5.719704167932067,4.708034438233711,-1.8915766310541648
87695469,7003,371971.12063187204,362365.12849047815,7.288070220075641,7.193349067795142,-33.45303992680859,-8.58318037988298,-45.16295163245768,8.82982053883763,22.878831383497396,5.33931904647116,-35.26174909228716,-2.401854377490826,-27.58742916308315,-4.062990670366214,0.22755333610947942,0.5793353735803479,20.198390507912908,2.004007839421104,3.1913641012753335,3.6281721147956936
877ed19c,3708,403138.2411270716,500020.9661602467,10.426946269279732,11.612460365908545,-114.17936662023362,10.324129192116862,1.2193393856111467,7.599548116168856,2.5230975658206702,-3.541088855681892,20.94451891676344,-5.984613827197629,12.4557978906906,-5.132760505111982,4.188787509980226,1.0513159873862583,-9.168621808448007,0.8605994473620777,-10.376873815198518,0.42130321244782526
87aa3730,5607,654680.8563162991,550803.5242668553,10.805616321647479,9.911356035751394,-101.93258320912868,-12.307349151954238,24.416569861029597,-3.7005782315879054,23.078005192216555,2.7400262037247822,-6.1549358380434205,2.435756901965892,-32.00253687496961,-4.893523814815377,-3.2114395763820895,-1.155681186507582,-19.786314483063382,-5.263048116050581,8.274838400601384,2.3887139676792652
884ecb5f,6724,1303811.8993898237,1175175.532809588,13.924949145815116,13.220184556801074,-3.618072285282326,53.239820369721976,-100.65454276386768,-10.98123405572619,43.73182999249189,6.556054683219071,47.820378086123,19.063771623969387,86.21059536179169,9.81966668041547,-22.22677062509198,1.2804499841858932,0.6181920229995612,-3.078706654298528,12.57993237341816,1.0286816600591873
8902c3f6,4959,123789.55504621641,181441.2362265723,4.996259037023259,6.048823940905592,-31.56698086533123,13.60985235572566,-9.423585266488882,-6.028109697811783,40.55208054240036,-6.551827747974256,-4.368745358877888,-0.8042670564358441,-0.6805276738875718,0.4999636559570625,3.8633289250200944,-0.9340510508361473,3.178868913337557,2.7287790485457957,-12.898086904317546,-3.2629642262647947
896d15b9,4279,721269.4371153188,560623.8428344143,12.98307666792454,11.446287202852021,115.61614330591695,26.037843930468124,9.069138859815407,-14.592184278691079,-42.225400861465495,-3.232667095966255,-41.35828416350446,6.839926718841575,-4.09680828242666,2.8117530961878026,-0.5753013773598986,3.668095286044275,-5.951356456653949,-6.567659100336064,5.827684974389308,-4.18471157323791
8995c945,6724,289638.87872664345,399249.72724106244,6.563183946134956,7.70563549926356,49.98183580310207,-15.783284304129413,22.635753387120854,-3.8781592056090965,4.803650551920573,1.0389388832823265,-22.70470374955978,3.4267970163061934,-12.521594275839565,-2.2467756634358262,0.5773894814641295,-1.7260453906581137,30.762845644202777,-1.9028852208310671,13.706702809599117,-0.02507476125196064
89969c7a,4947,260758.21463990962,216002.75817518277,7.260190967220861,6.6078274417646545,16.631007678188958,-20.380493706351242,-5.3388931941351165,-5.274478142230533,-4.133286276829673,-11.359636079412885,7.1067366258147215,3.8142598508796626,-56.64895951237003,-10.186006869749995,-25.053318206997584,-4.767066169371105,32.66444350526843,7.285198676599312,-3.1948888556275032,4.616972370681964
89f1085d,5994,496938.0749112496,185010.02497088653,9.105268716716266,5.5557060786047945,-60.026473987825895,-80.8152426554651,7.056379151965378,6.169595489228913,-38.49831610273013,-19.03793869742109,-20.540329424206664,-22.883798365914828,28.34055640139305,-6.108753494185521,17.23454467102842,3.972250763214813,-9.624432752191264,-4.03023665920764,16.893654450752553,3.9945636498579438
89f36adf,5292,101875.46695826876,89461.05824086424,4.387578386356496,4.111564407216662,-8.616488357702668,4.591567491719872,-1.1664706084234855,1.5182478437719285,-4.167181393119437,1.6447048610501738,-25.509898686514386,-2.0638801518715404,2.559482509110295,1.0799947008369406,19.436106672397,2.592698726405542,5.252020876693419,-0.2634771077384279,20.192363728465512,1.6299173574380597
89fdb2f2,2031,40516.13835766516,30740.53937333081,4.466414873319884,3.8904584370589177,26.040679269223567,5.149153621148834,-7.216195937878685,-2.237966224979073,24.349307303555683,1.053292809500546,1.899198682608463,-0.6685403319397236,3.081487124396472,1.7974901688008795,2.979112209084875,-0.14319590907242236,-6.606129626406347,2.7154382239732966,-4.937723871097023,-0.6487084138716017
8a3da6d1,4593,146395.99490474348,102545.5714430784,5.645681515127007,4.725091599697741,32.62435018177001,12.914688230085082,-1.0508530935691511,-0.9418052964694341,-20.401645050837644,8.532534814306466,-38.454354093133105,-9.272103020307918,7.066345394873473,-4.0369419552301915,-4.922994711808515,-0.7873106993715735,-22.36764084941344,-6.080284580547269,-7.539322469998671,-3.374127208071863
8a89da23,3935,1088660.4389008868,895705.2593569212,16.63312503751376,15.087253717667641,181.2172631960873,16.241656235435595,-10.495500521960292,-11.995494275435053,22.39528217395067,-1.8666950532580002,9.092918780887453,-1.3900051466507106,1.4912150586628863,6.219654287630857,-7.426015819966436,-2.356691602772062,5.003212106588527,-0.8857071992935996,14.994284636169018,2.804210333036233
8a9c8932,4663,39517.94107912964,93635.49893139725,2.911149084815665,4.481130139618815,23.377729850289032,-17.23650046859864,-6.486648810420637,5.137653186355304,-11.29505164401169,4.387436810163303,-0.5414724365155571,-2.8320921086296393,-6.197297345008031,3.784653369135634,-1.9525596456635206,2.007928410868947,5.422281851244172,1.148293665476762,7.2744984238051345,-2.98537400641225
8ac2f237,5319,2232361.4501945674,2724782.988295373,20.486476127345423,22.63346074860853,-208.1863744239684,18.002780207633403,-61.15499658429478,11.474888069152978,-29.045115151110423,6.952983285371049,23.317907295514313,6.382701577853162,-6.752865847188036,-0.2785500972704332,-0.04737061286117879,-0.09902692765065106,-12.732698720886287,-4.067301269579422,7.22507225754566,-1.7837458867203282
8b12bab6,5234,550688.5325700492,488157.27586638695,10.257373207339414,9.657462361497176,84.53401093369646,12.121848589146582,11.002521370270188,1.5489681503902883,-22.25759756801161,-1.5399965575691013,-5.998665904242214,-0.39100807031529855,-5.328996022378001,0.8952786935940544,-4.436086184543089,0.6216643554968019,9.497664036469,2.6247948375342927,-0.7564857433128467,-2.023375737458434
8b5be31b,5672,709119.7419120816,586446.3638030252,11.18128396278495,10.168245842797777,-72.86079100412401,-11.632936222695587,48.394316315003095,0.9282360649797541,57.720651132010154,5.983419692232256,-10.990884866574202,2.2961931581315644,-11.381474272843027,0.37792502401854133,-12.13836114088293,-1.6326676671279727,-2.8199538662720154,-0.8187874264963622,-14.523447819574894,-0.4350331703346721
8b95d6d1,1731,50857.49219438363,42100.17133203538,5.420370045968291,4.931663065965437,-20.599023566827242,-2.352615566706337,30.553355452317454,5.041857834131465,-11.430525662843234,0.448407210979091,2.8366592777825135,3.34186397724986,0.4136856440356301,1.211648155149931,8.789026814913699,4.72982152199223,7.384226696253583,1.9922128044568204,-1.7166382829614577,1.616037556581314
8b9d8326,6163,277370.68367979606,197361.1082315916,6.708635478647177,5.6589349761550025,-48.92399829238011,-15.840768849567127,-27.43568004603197,0.3657607027034599,-12.161552683913879,-5.091814515102838,23.383735606067802,4.165498546158071,14.342658693534194,2.1654444506929704,1.3450130424905802,0.44305519246442093,8.033575027607295,-1.313331400287914,-0.926307075222681,0.11829670528948685
8bb9c1e6,4546,150241.958767918,105484.37655759406,5.748849016728471,4.8170300382355915,-58.84943488241794,-11.058074427477234,7.829560169871241,5.724979351093168,-16.865937645430584,-2.7655853566407513,-6.902026794048576,-10.768437818041477,1.7817278448715517,-1.19113706017245,-0.4965310955268774,0.9918686555760182,6.320015698085305,-0.11810197635044936,-11.41236657558023,-4.099001953511933
8bda1a11,5981,946313.8008928753,850174.7010926612,12.578553048954513,11.922496057350115,49.13870369353516,-2.5743479500260094,73.15657461130077,8.973856405941813,-12.069375273391552,-2.1162430901314018,-17.089112807954923,12.354617216501286,26.668008642068383,1.06534767778708,-15.492512716853863,-3.711937210377413,-4.952916401381603,-1.0287849377279124,18.472513791760747,2.9349067212918283
8bfa881d,4089,617903.4130236808,493213.344318802,12.29282620823163,10.982693252041049,104.63187927049057,23.726360667175946,47.28760297288461,0.10451645392199624,49.59579961124139,-9.018769163107725,-6.613026172372672,-5.27693449631956,0.1612360551784029,-1.8087658545864946,9.319112590615415,1.2491838611935444,4.437355670318291,-2.4822886438435043,-0.779379153127023,-0.4994305251057736
8c167025,5368,359549.08506543055,243578.2380566796,8.184136051584657,6.736169222412179,60.14945742178911,13.587806015261686,26.79924553863598,-3.121896903194171,-27.410660892489318,-6.553673469656077,50.30962417996176,10.89781152209893,-14.934643478945523,-0.936649890651441,-5.715420609444326,-2.6149049123480426,7.617684067937352,-3.75190050685966,-2.0722399279454495,0.055062263646692464
8c8348e8,3888,333438.7288450744,340295.39975186734,9.260722970118946,9.355454931387191,-89.33929016659165,6.370517243791008,-26.854612573464134,-5.558038942809762,-31.573646557543917,-2.3407992948118372,-11.632264212688721,-6.326140749610557,8.374484418679048,3.273423103240664,0.3251919542767226,-0.16569285527100225,10.979839559826507,5.73573230999772,-0.2516455001366321,-3.8250170258496885
8cc21f01,4044,214292.16393584333,145387.01037738592,7.279433311818136,5.995939327720695,-69.30687752734877,-19.461878305174068,9.80265193716321,3.6171231510093507,2.2801302029070816,-0.4908666076488081,40.448188680214436,2.77948266220979,13.98027813042118,-3.37024245311325,-2.156544258485438,-0.32046322819970846,-2.887765081498893,2.59791023396197,8.269789712043071,-1.1258335457033488
8cc800b3,6576,850301.494540902,708790.0332445409,11.371180908444392,10.381925276750394,-120.08244468984859,-12.669475992495084,18.79644022712244,2.851155615781854,6.3357967946017295,0.8852760758868904,-19.221231405313073,-14.374218482548162,-30.16081859031241,-3.849500119150337,-1.714553386271152,1.1692889503531574,-0.10595938588695972,1.0524844214214844,-4.945552792865881,-1.5651053095090872
8d5d46d7,5755,983498.7404879006,962468.8364119398,13.072668249722987,12.932148240260373,136.08031905314448,0.29858541054586707,-33.3107826997195,-5.947198617487963,13.29588859014909,3.1596294325555876,12.452622117038356,3.754912994351661,13.290287699813035,-1.868750392551457,-0.5551351669053426,-1.3796890859277418,-3.4446348712413077,1.9628467624441748,15.494236413703723,1.8809993012268245
8d92cb49,3589,121886.99274881968,178826.62464903112,5.827629752181348,7.0587753512340585,28.193437063715283,-14.375394126070173,-8.141538797300246,13.758582126741805,-0.08450350708132745,-3.2137759052024384,36.83308049194468,5.9293441327474,-14.735604941693868,-13.056904083576109,3.445842097900421,2.027440697525155,13.415687833679238,2.05746863516616,-5.6395552967095455,1.2503733215592459
8f201368,6349,6822766.342189431,6652083.132722105,32.78140668222029,32.36876804669803,336.3091741441235,3.4547544418939866,-73.50345825982409,-3.674001632626181,93.04038322146748,-2.8420194487743595,93.57052525483896,5.085787196502839,-16.669186828309087,-6.248832912255875,-0.47422495784392604,-0.6711366714603619,8.036613335461544,-0.020465387233414713,22.934091501892688,4.038002505201628
90386ee4,3840,258947.07125069754,160277.91229062912,8.211828854658533,6.460575799340025,72.61743084028987,18.709745465306508,-9.32351123695086,-7.01178990901536,4.238889187999088,1.8127154450054075,-29.053504007143935,-3.5059107413572788,20.625866322288324,7.772524908614403,-6.836802819771831,0.3465397310766729,10.50572632856083,3.060611553462368,4.65850273437036,-2.1487537693744225
91abc4c7,5848,482398.33763462177,431761.5854131526,9.082370605732502,8.592475805059063,-47.50682100967173,-3.5259288476048574,20.05798418379839,0.7095601725629761,-63.38149894763808,1.0266664375492363,-38.25835273300315,-5.909861465338992,-4.633602201702095,-5.0218042601968955,-30.965782690184824,-3.999961407005504,3.6566566750050895,2.754391133156111,-8.348049446895452,-3.7929812543643764
91b301ce,6570,3690295.1053292416,3507289.0419221655,23.699973685929177,23.104846862556492,-138.33075703841507,-9.171178007386633,-169.80505457779032,-1.2192660433160645,-114.87848226633346,4.953379257491305,51.54392742456351,5.957780560235205,36.196508185947444,5.682775070788276,11.587869960006175,3.132047687409724,15.786804032627845,5.436465604422221,-16.69948396200211,4.1794924379681975
91db7070,4073,3754192.2996878694,4239210.0746983485,30.359950018218623,32.26155260908748,328.6143938259252,-23.95997652613582,14.745012767596373,1.5490244957636616,-43.43924939680163,1.1743664236861688,3.7657075168158363,-1.893772680723067,-1.9538831355600188,1.8669477178923555,4.9576069087060795,5.984488302909882,28.41716501306066,5.6039201050133105,-12.663068702718657,1.4490569198044123
925a7cd1,4517,288619.22146525973,592783.9861450844,7.993511059205015,11.455740997561294,-80.61238772412862,42.55350847100205,6.542436473929487,-8.34872393282985,-18.472744239283983,-0.911144714060622,-23.307823658998657,-6.188713241493268,-10.939632067516822,0.8580015382642869,-1.353228988497434,-0.3505163126882046,6.139781780935266,-1.7410789974391512,2.1045188880697876,0.10596393021586392
9283ae69,3371,180544.85616392113,134276.58344354358,7.318350130975521,6.311328202015162,61.61499637479437,9.451597514452155,-43.79473579457499,-4.613683873303408,11.334496750448395,-0.08645841384689017,-1.25378381461076,0.5966361794948379,6.243931861487264,2.412668302439041,7.460099633912387,-1.6618911591178815,-12.128521351812548,-3.944003536725924,-3.4648274406452635,0.41194570152984744
9298ad5b,3964,812259.0261537061,700959.4007290617,14.314640651136411,13.297794259643656,80.70861376695112,6.484713535292191,-84.70463420513192,-8.188784613189455,-83.45443257181736,-3.067921005240689,58.674526748385325,1.954831135117336,7.138124257982551,4.663414300655033,24.88557766191267,1.8458368300174528,11.985956709232724,4.978194606332911,-9.278840928352018,3.6891039263274323
9314ff13,2748,425091.02647935494,528866.2624936608,12.437485986757885,13.872814126750354,-135.18980439070666,16.591885302651622,5.487379898743484,6.75401113933552,10.690493444311139,-13.072377541756442,31.96804111268687,8.59027225523639,1.2737412830070602,-7.635196031861473,1.2416274890775265,-0.9547126337568663,-9.234710701020882,-1.8280566031877328,0.5505616162057525,-1.33369243018297
93209a3d,4697,1079387.896816004,784037.0312236972,15.159277110870597,12.919865950429589,156.0863142632079,23.281194960217064,4.197263284080791,-8.018733586764105,-1.5137541933251397,1.5700737469426298,59.79208173846489,10.46681347951497,-10.765188110315943,-8.315903623249024,2.3258401012174277,-2.2764015685044656,-0.816376172830158,-4.647201543044588,-19.04694475484357,2.8984096469606984
939d9c34,5101,761641.5683372315,591975.8466290095,12.219337424113576,10.77269420020421,21.63155512316714,22.26819339051344,-52.929924626861634,-12.694333641217758,71.33354614273392,6.966000796730893,-79.31569762387574,-12.10419854369125,26.71766325491568,-5.7535684634612725,16.41057113111366,4.108280371214012,21.166548223589313,1.9063968412080512,24.109331221791628,7.310927554846009
93f5d2e6,3691,1224012.1622222802,1016224.3000627927,18.210456967037604,16.59291793240292,-177.26678729735494,-16.067023949888757,-55.18641988560829,-10.22266826059472,-55.28071176146749,-1.9468286962962107,19.918939629798786,-10.218991207309436,2.309160344991003,0.44864683554361945,-3.7144581122756124,-2.3697567641016155,1.336459946046554,1.6867486472268616,-8.879356140124848,-2.1682636339759966
940a48d9,3963,289752.7143103691,269318.9503947635,8.550700999788218,8.243685605237648,-76.28699389152457,-6.998787923067946,-11.898210484150768,4.3741760494656265,23.15924352387719,1.4032441999465897,40.20142322807929,4.449669557595435,-18.90676810719544,-2.6033541053023512,-0.7676162580441579,-0.15632749899601564,20.18731180992156,2.7201018142736513,2.314881521952479,1.1746132521090427
940e709a,3348,353909.8164196402,325551.4305674428,10.281431343534619,9.860911915310176,98.46938433389761,0.2586865951165187,-23.524494300427566,5.189336079680478,-3.1969219281144428,-1.556261880852095,45.6287866009673,6.596874089504064,9.479692420176626,6.757165974291842,-1.736604725347798,-1.0465953815228617,-2.545824667505584,-1.5292767301180537,2.0079490365738533,0.8356238922350112
9426ec1e,2532,324335.21353545116,188126.20963822442,11.317883022891094,8.619712923524476,-127.55483370989728,-34.49316420691448,-11.241584283547937,0.23959802053940554,4.198888700475599,-2.876700134426127,-12.855030844549878,-4.566983824873497,-1.9270308846079736,-4.501434773909476,-10.504224038244024,-2.947523758703518,8.784901548634855,2.306540774184243,-6.336232141389145,1.197547849393387
94467f50,3035,889421.7691933309,927442.887332231,17.11884776097302,17.480918166524376,-179.1695713673402,1.573736001314734,-44.88450234100351,17.331951222458315,-20.797135649962584,-17.532166485753258,48.29695212575847,4.210061262236008,-11.472454386308868,2.74229681359416,-3.901128234500335,0.17144329462161476,-25.265876060990962,-8.087209260432143,-20.632682809756723,-9.123579891135034
944f36b9,4630,56143.2177244622,88879.25673078642,3.4822356254693236,4.381367793640522,-7.16441045581975,-23.509393990460385,18.84171198082932,-7.624967201865639,-7.055770930941857,2.6273117517800637,-16.81595641367818,8.46160669582556,8.111636332716012,6.549033610324547,-0.9392663098930129,1.571018969037782,13.082915545849573,3.212852409630316,-5.155277789145586,-0.8898996866317448
94d813a4,4847,2307291.253868405,2137789.3594107935,21.817988075100438,21.00128872724812,-227.11213585336563,-7.317766959119555,-87.42650954447586,-10.673193656924294,-0.4079114229729107,0.768390053596717,-17.04205521109121,-7.019655720815225,0.0630943489759737,3.7685052086816966,5.896314867507062,0.5153287857644014,-8.092382749339873,4.720942778593406,22.624932060575027,1.1112896124158145
95b559e7,2887,248658.56721360967,218807.2416098564,9.280648440387097,8.705775301023698,94.80242380275959,3.641338230050289,-30.70181672039149,-2.8196688368999627,2.305178220387188,1.5068627999700508,22.20843202323477,6.918365394009905,-6.648545649229391,1.2613751251423013,0.8019296306527541,0.6146816768930137,-4.590650251472318,-1.8843720823346288,-6.222879339725976,-3.8601551565434127
95c8427f,6335,1916611.9569178782,1620154.8085409063,17.393772560942498,15.992079770847313,-157.74446601177826,-12.420099848740609,76.11797843025423,3.427605695887061,-8.945182627207975,-1.5303053474017883,-77.39441633791384,-8.805922741311402,19.571994980900712,3.408802938207688,-14.597236562521408,-2.07052169168741,-22.373045341893533,-7.01986422776748,-16.602543346918146,-2.6303547334398307
96936c22,3346,85674.2220781882,86783.9647610799,5.060135150964012,5.092801805827212,-40.01002625641833,1.7982260928337523,3.675603085466687,-1.0325214231890023,16.283016062805945,0.08010681750907392,-19.211079101951082,-6.8968479903896425,26.90991304248726,-0.14858209048845036,1.8234824888915906,0.4119611038787484,9.097914112606176,2.8032773135444518,-2.3102442144346904,-2.003157208203043
96ae5806,9839,890091.8808255537,584212.9000726464,9.51134510051309,7.705664407237827,-94.40492755245926,-22.16296158343013,4.236694450621249,3.1777253966642034,-24.142582110161523,-10.846284432916205,-5.521022421069391,5.5790019953881735,-3.6341462949321803,1.1979404772955171,-4.334996179165779,1.1596736341223157,-0.8749785927269855,0.13529281457240944,-10.36805094523093,-2.2143586661956456
96b7eea1,4332,164824.24202420493,53682.45188622561,6.168311814646418,3.5202373602551176,52.11371222831408,35.75434887182876,-36.63987113229602,-8.878841245694337,6.6730724927510225,3.031783723149692,12.734125015372864,-0.34172615336707796,-0.8570333651969918,-3.05006949300765,2.9421893639488093,-0.31014584205476564,0.7336430596699032,-2.1646952047492234,0.7196650047552502,2.1753979282852027
9719aa04,4871,674062.5313985744,722803.9609710823,11.763621128580256,12.181511993297129,113.2506241686181,-12.366844537879313,10.125494638854383,-1.6370171092608747,-2.0025036158319502,-1.3260651376640613,-5.417903512154249,2.470668322462493,39.929822790141245,8.49623078705817,23.802954557077285,2.8425851416948924,3.1969017733731944,-3.2542161756619152,-8.051871657045451,-5.615256461389935
974802e7,5843,1202175.453959408,1245366.3691301595,14.343858257718162,14.599252623244436,9.260303224156674,-7.2015508006544335,76.09318806208879,-8.668731063811041,83.19921165166943,14.9729482536714,13.2606074329953,1.176642654833674,10.25150399792295,-1.0528771848892715,0.7980564202335543,-2.5446501288756322,-21.573369266213316,-2.475317334144215,38.641816365805155,8.486078517972036
97cd5bf9,3449,425910.8973456564,481234.6865275916,11.112525712115264,11.81222917377623,103.79359856077835,-11.156782537813193,65.91614391681098,3.69367347065281,8.48788808850478,-4.64459057601712,2.1733777741165534,2.8741903264420476,2.0304767882499144,3.4449079236656552,0.23803885427826899,1.7181341716334948,-2.797738160639633,-0.7906060793511921,-14.852940566202028,-3.129925648888638
98177ced,4772,204097.4564570363,150079.61067109279,6.5398619169615975,5.608033893205098,44.76875644860949,40.78738036623936,-39.856979968530624,-5.052992028835492,-33.74167354860522,11.843197019927981,6.006729701840006,10.515093798271948,0.48749245069165353,7.7663456339221,9.377321886887044,0.23952133606502085,-1.6707904192409657,2.7464533233619677,9.458401703942434,-2.2267512028444316
9896fc0b,3595,500938.1325215933,481120.376157311,11.804364159869097,11.568510038989487,-30.949941843670786,3.73376699641029,-103.98550105316342,-9.639626989813129,-70.39408348533809,5.659927376374592,-0.31709288648305006,-14.577839524105837,-26.307907540168664,-4.543183537624183,-6.375783171371464,1.0987640811641164,10.962145417551529,5.358058300353086,-2.790454116377039,1.4601752199145381
98bc6f66,6063,656458.2585467355,740407.0513931538,10.405423820608231,11.050743255722727,89.13358015676825,-10.958754616567568,-35.31777730354439,-0.5628064604484224,10.082690473743048,-1.107712229267349,35.68205467402002,-0.7438777575667292,-1.9063907708346683,-0.9172616168308243,0.3687216238500035,1.1722869265300149,-1.2795572295513913,-2.148076365157615,10.613216157264237,1.44569378849735
992c99e8,4904,881343.5084195302,972005.4533656337,13.405943177695145,14.078588654998283,-142.76001651111034,8.348686508813554,-47.839817300797094,-12.405942101659036,4.600171690786331,3.6743482362747266,24.78571539552579,-5.808607684338099,5.195314990644563,8.058555842258025,-2.235768633032229,0.4773136327348689,-8.936513102457138,-1.5220540601527333,0.6853898579022598,-0.31872743738763687
992ce078,2879,31895.53587723202,42446.59391688847,3.3284659547753606,3.8397291497375674,26.513943685628714,7.500894230618779,-15.079408715375559,1.2609074846779273,17.35230244954484,-13.851551547696323,1.3548551769601496,2.2085113209577765,-0.8236988921884756,-2.4950534599147973,-0.566642654500112,-0.43175020118315127,1.119332846950309,3.3363373589654204,3.622762660649778,0.22224623733082355
99529c45,5840,2588379.9423490474,2223215.4854994505,21.052689698775286,19.511216854247394,-218.41208291957324,-16.463462495051612,13.532189309773338,2.258620714624123,20.149463208925702,-0.700468100926934,-51.405416803684126,-8.004812014282113,-37.16375905503541,-10.357852910716467,-3.3110367896264075,-1.4189363866401774,4.605426698696869,-2.0857557780299643,3.2381509480716786,1.874970609708414
995ff498,4526,131896.7020853031,126310.38796261384,5.398333282440407,5.2827767734449935,-11.383023207814967,9.979152899582505,-28.53093497578784,-5.149552442849644,-19.410920605262945,-0.6301016775617809,2.4004200409255256,-2.327034072925445,23.27778876930266,5.145683352554356,-2.713728984286899,-0.546731267322682,4.998250490981157,4.101626842389996,-0.6957191622928498,-1.482461355076853
999daf80,3564,58215.803950959635,29684.23638393879,4.0415839295554346,2.8859851560551175,35.87235477788693,11.15465406015788,-13.204491922152622,-8.205396969282022,4.479313086447437,8.4622053542025,5.25260422593025,-3.234097354930038,-5.642479091626919,-2.2266537162982702,0.29180372643025676,-0.5862162936721809,2.8988394472126617,-0.7639918250221296,2.2329150974527363,-0.24554153085268773
9a6b0392,4255,423977.27006782347,478047.34488280973,9.98209054385956,10.599507170801862,-82.09073509601596,4.30040360288751,-47.11990201527432,10.408215324034233,-25.942426352770433,1.0056200381508087,-39.45350662241434,-7.179971511581376,-1.8677603866399806,-5.238849197497453,-1.5847827083911823,1.9361478251393087,-19.35132275518154,-1.8305261629940808,-5.580630936872083,-0.6013786913378261
9a8ae0d6,6294,195579.5278809542,149755.04740150706,5.574402547009828,4.877837915818934,37.091230403223825,0.05555561649742415,19.371628512238615,-2.4312527661748122,9.873842492075799,-1.1462055875282604,-33.184374836024986,-11.121857676304234,-5.697409860654025,-4.700534700166683,5.2455265252682315,2.401101933699173,3.4029343300003463,-0.5773982749560265,14.456061798323365,2.203046387778873
9a95e33f,6447,3116312.927341457,3012611.033230809,21.985770767271976,21.616864288288,-224.950857693768,-5.851849306151815,31.882097835152955,2.1963558226080315,50.74035068252829,-8.14257028970969,-56.47440609034842,-2.179731075560979,-13.67178083839442,-2.0903712702215356,-2.950552620438389,-5.077916995192885,1.9591720981421765,-3.4121258032386153,19.174142530142692,0.08768812953399045
9ab94eeb,4442,294494.48341953167,302941.2939100622,8.142341341210084,8.25828679237854,-74.9653919791097,0.3646136669167353,8.888450594581665,-1.458569805281571,32.86237690968375,0.46842153575105516,36.74348151008661,0.9506950537498187,-17.577278680129716,-3.6598082677086174,-1.9631601079320888,-2.364887008992574,-9.792329509522924,0.31321586458379247,2.8889322373346014,1.86693151034222
9ad5410a,4205,312924.6165909067,321448.53751381295,8.626544447578185,8.743246587120241,53.75672988682605,5.344806508060298,38.78207334599382,-0.4008833384364173,-28.600371941383223,14.669012482897353,8.00412855941524,1.2373272585199255,-17.92347905560643,-3.86963834569082,-13.913207978642115,-3.042930039000705,-3.351981222206658,-2.1768929795306255,-0.9655003881466214,-2.1872028213561463
9ae248be,5271,246769.58226304053,170542.4511055923,6.842255775580958,5.68813299538368,-7.3447104961167895,-1.7951339114918803,55.20259760869866,5.443882843422825,13.75494684326543,-0.04810841509109385,-34.06002051813226,-14.602102977579213,5.910601784947516,8.647374836704099,14.735395913621947,4.374387125791347,6.847115543193413,3.310431061230608,-6.399787094200662,1.277088211366997
9af1ffd0,3525,369085.8139592728,386081.6201886763,10.232555665592008,10.465500502257168,-63.554440659233435,-0.2388479365573753,-96.44555368389874,2.280449438157144,6.922237730469966,-4.814638920107926,-5.603996614725382,-2.7200423808561034,3.9402393293827513,5.759752761750726,0.7387027586434243,-1.3932584808736497,-5.711052529037765,-0.16773984270658499,-1.3537992677782598,0.49314077936494416
9b5b61c1,5532,179738.47133314496,193460.05177573956,5.700060117738446,5.913635660687688,33.47871336271639,-9.055644995494884,-6.879331105303248,-10.893824269074546,11.162780862552385,-6.15473766449425,-33.90524803775853,-13.60791521428428,7.452813540646611,4.385475075948071,2.934348949624418,0.13214815150924758,25.252329473813212,2.399647763220519,-8.45660207413529,7.442844193420827
9b9e3b49,5118,601738.0622587462,689474.3442141548,10.843103439326097,11.606704145803205,89.22991881091833,-21.91777289667192,-10.247894878992122,-2.4450843623912393,-47.634335486547386,-10.663078946599267,19.761505464269284,5.787191029668684,-7.154361324732271,1.823469545330489,-5.549087405652498,-0.04395632840344001,0.7896558256438511,-2.503468825636989,29.0655959125118,4.127534451845024
9bd2bba3,7439,756731.7270621816,541382.7170927633,10.085877569281891,8.530901241394362,94.27886045585292,19.38991959315306,9.359639686593281,-1.7574909671691983,-24.54527046224498,-0.6022705918978281,26.46480756443595,1.331573037569357,25.12483858298067,-0.5483695659925762,-11.632709913409549,-5.7060917272596905,-2.449055359504932,-1.299495245990916,-8.01417414805581,-1.97483554146469
9c211c53,7265,390831.41945099726,351040.29750082106,7.3346083012918175,6.951214300241093,-3.8929327040172885,-5.650348351761441,-64.34682990215887,-0.16606598027010455,0.16787093902419342,4.625013619151671,22.48806037928602,15.426487966298021,14.990516310690046,4.116222883444374,-4.350211200547009,-0.2884674140917188,21.478533171046337,2.320215976718998,-12.995156399723408,-2.2127288655329833
9c350a6a,6052,627830.6580276075,566153.0283637414,10.185252499461843,9.672026052742389,56.58412854254707,0.10423721329277438,-17.003307673193156,0.6428702485995004,-56.86585310303358,-6.416200961617863,-24.478571318895384,5.360512288113526,-45.88800310268374,-5.126404245139012,-29.722167802449633,-0.9372228358094097,-12.697832919585471,2.913436468772482,-3.1529116892160323,0.4425449427889605
9c8375f7,3674,285377.11435807054,251583.4598925754,8.813329254745366,8.275066008492228,-90.00498733895733,-6.627558794651849,21.83541740022985,10.900395241746486,11.368778566513447,10.777445662678081,31.153348662109124,-7.573927710909695,-2.424941492685912,0.6670129199447249,1.8961718926811322,-0.2654628007970064,-7.579159867393118,-2.485701756595172,-3.2943287345647505,-2.8574771893754045
9d072e4c,5107,316679.41419043305,268118.4939368033,7.874572530479236,7.245701803306595,17.37338982532375,7.1637124981938385,5.86751373199189,-10.085383510125128,-18.04390674025929,2.231983701848102,-43.336186121921415,-4.664570237782696,-51.916035084934535,-17.773668831610024,-7.297640238877807,4.489865650637499,10.43171008658526,0.48086950174728116,15.12547305403713,3.2863708283507984
9d3ec64c,3480,279853.72149554966,183859.02124312668,8.967593660617077,7.268634815517852,-92.43731943049852,-18.304963665992688,25.83571451391823,4.025537271053502,0.6653219649632071,-5.901492878550229,17.585630726631198,-0.09993544908415783,11.692134823343803,7.9408801996663145,-1.2320673562042255,0.7697372076655077,7.060595620894475,4.495528974123015,12.830389051819742,3.716157642273836
9d4272e3,4030,596418.9556455755,492555.8609168575,12.165310438941754,11.055419394770034,120.307746554405,12.454621511141761,18.400728638431634,-11.254777068571318,48.31892283947891,2.5442103776101233,2.2134999715990396,9.253914761884467,-1.5743505937650633,-0.7560276864839668,-2.3582669114344257,0.8861814992577823,6.7073623698419595,2.1303212036335943,0.725244892621614,-2.869332772751918
9d5e14d4,5400,239118.3303481143,174820.06144363343,6.65440998787179,5.689822971984691,-30.721587769042525,-33.58791033593966,-17.179089849597467,0.2606386244877495,29.550100564545225,0.627394656534339,-18.33131736498209,-9.197863492609759,-21.849668692766187,-10.020843376497512,1.0024881456397254,-0.0450960144451618,4.571578704633882,0.5090020988793854,3.774958659547173,2.3130949433881236
9da441ba,5783,275180.4213222231,163997.04300781133,6.898142624080171,5.325267308008909,23.726314284412034,44.45011302066408,-26.601207669857835,-7.3004560945142885,27.97841609034062,2.927580822919657,5.2637919749576785,4.663213628313251,-25.33265537462074,-2.023941209927366,1.271060535314179,-0.8878048977266122,14.40411406094643,10.068867941798956,9.706213122752597,5.789503684263974
9dede370,6297,1655964.7208430208,1476007.8207275195,16.216558513578047,15.310080797945684,170.05766950137019,11.191146814603908,14.862010960532123,-15.490777686730752,-43.289763622736345,-3.110159375400204,-1.9630113983054458,-2.5996518683301706,29.90822252145141,5.246887678835252,12.542504954411685,-3.0571737423836765,4.886075064017589,-1.6978981534742625,-22.20419817427562,-5.345599437750623
9def2eb2,6003,361541.3519302748,429266.04552845017,7.760591382045546,8.456274985364082,34.69202007062402,-26.65868503707773,30.13333768872793,-7.232007774536518,5.638133618995165,-1.3986285673779588,37.22256578440414,7.094427557673671,31.370489411873358,3.7830394277840496,-5.359850110799032,-1.6362733063685895,30.61773427619547,6.510391430714227,-22.575689936764952,-3.0027376370937304
9df1b1f9,4701,235062.81897964445,125830.82917227304,7.071260627518552,5.173666183346326,59.428187677397815,23.613980387687654,-24.661987598254626,-2.142056171499227,-0.27336289610718795,3.2253231341765933,15.488783386857921,4.528218268603622,-3.1633937049746663,0.9300999861824994,-1.3610129342597126,-0.1490871954638097,-7.196764169899981,-0.052984378990702706,3.4355798630174568,-1.0892359214713712
9dfff011,4319,131868.74790412094,106351.44886414369,5.525598680168629,4.9622667161116985,38.608351224150205,12.63626580283886,6.831165663680389,-10.221597013130074,-2.449844271609068,6.749859501596076,35.79360621897952,0.11032201486928295,-3.9888922728860488,-1.7641646530995605,0.4222296618453377,-1.2254754179571408,12.760716282046028,4.641866103350345,11.807515173608902,3.1249067356440454
9e3e364d,4290,157159.19236412688,142923.16977562115,6.052589889784566,5.771951506217068,-28.401444057885783,-14.62306849523753,25.022058878729737,-6.517118059358836,20.859512463253544,0.8338512542044679,-11.613171981726522,-8.83176352869987,0.7203802386610626,-1.6817078885104617,-19.827185948495263,-2.8847279410747775,5.192744579755743,4.431019294887866,20.48675819215385,2.1597388046828163
9efc812e,4450,187062.3238925346,65842.14724865177,6.483554370807825,3.846555361068451,46.33080936945994,38.75779308306916,-24.533883190907346,-6.927713417612642,-20.283752379997416,-14.08992432969529,-6.953775444299373,2.304115720215772,-25.120307146182427,-8.558967528370651,-3.193358728579215,-3.158501156974288,-17.55594081275698,-3.2480187989365907,-0.28232639005203664,-1.2294066167674407
9f0c7bae,2542,35214.28661446958,24540.900595182848,3.7219597668547673,3.1071160549720136,23.4524705862675,5.774125612533583,9.841493162790162,-7.177517460630715,-1.3191062557076028,-1.4348688617321188,-12.75544060866852,-4.989060181240994,28.03122982046319,6.915230765362049,-1.8023180520621813,-0.5487945528786504,3.620848611877694,-4.9976459402224815,3.9687638873362134,0.7142589834695483
9ffce529,5212,387931.6130059239,467972.9943243598,8.627309583282772,9.475632139163784,-42.684555016053274,19.598880434589745,-47.891781655963854,-2.4557246747299883,2.558344956272131,-1.0854257677579817,11.398203321451112,-8.299479075082418,-30.421433903990266,-3.2219799129068134,-0.05469313811050895,1.0207447310733824,-2.8756739726250773,0.5202989999306521,3.310262496363053,-0.3725236573446643
a0383629,5832,143674.31847734223,129090.78517247902,4.963417586925914,4.704775052467527,4.323417516642281,9.783518570454547,29.680758550742894,1.2980292195439493,11.241820752815315,8.41585481469752,-0.7995498629740994,-3.4121392632950056,1.674119667414748,-2.7197125143126923,2.1746294270453244,-0.4538249775028598,12.796447301790574,3.717906731809952,9.282884596502635,0.4868931760194357
a056d01e,6557,740994.1345837419,727277.2408694887,10.630526962007638,10.531673984301804,-16.877775491520687,-0.45076334903268034,6.23470635807635,7.477743416570613,-62.92400118354105,-1.9245914982607535,20.951729265234007,-9.236054164303765,-41.14659568231009,1.3686539383663416,-0.7416508242642188,0.3634553188477675,3.78481560134975,-7.294612619747928,9.55840000370053,0.321372671982522
a08d9e63,3685,1921088.7120214454,1650824.3565987048,22.832578738232133,21.165653782172324,222.65408248363542,10.764467125525313,-116.3813411206039,-19.08123214268044,-2.129046148315102,1.550530059586189,17.48329335341855,-15.56483421344177,35.313637206868535,10.27617707766631,0.11550946910953996,-7.687753543162143,1.554691036820867,2.1234671536295107,6.62509715058641,1.5551291214488547
a0b83014,5035,410816.71904134756,415655.80833148555,9.032839997439021,9.08588403215541,80.49072307642467,-8.224023161610491,-11.096037391686263,-0.9414221467060397,-17.187917683972177,0.7876585705607911,17.727948122471606,4.212801528054714,-0.9053026190788238,-0.9692274657654538,4.553244315555955,1.1303787099864508,1.0052264575828331,1.5578332909792407,16.392579135787702,4.63391522954291
a0e92ed6,4897,249592.15045630536,247697.60549035156,7.139214150893845,7.112067209892615,-13.766808123169048,-0.9042053964387538,-67.56505673781801,0.9652455005066136,-2.31224821908728,-1.7897111226354057,14.127587328110613,-3.738773562973246,14.230425129902779,-1.4797600148184622,-5.287413745484159,-2.6940224140533418,9.36286436690737,2.306517668610131,-12.201257027603969,-1.2965040058144204
a15bc102,3236,59790.30669366782,54473.737507303864,4.298442623861187,4.102884868996418,39.142356873074434,3.898672021710263,4.058106826121465,-2.060180561679721,11.39927255839996,-4.666009260133461,-9.658555504795425,2.5334151278738717,8.450212474492417,1.2780325917016717,1.1290830883951701,1.0628191080871598,-5.5038195359885655,2.4059917899869836,-7.25364148485932,-3.366074751982024
a247e7cf,5674,142777.32424846324,190052.35630252253,5.016316771581381,5.787512785980612,-43.41854891259073,6.843045090058588,-14.848854384452878,-0.5068552403414163,23.831203010545288,-5.618943357197515,-9.266037640233137,3.298879501976144,9.790406194159363,-1.1206164729773986,-2.0207177104236402,0.3149995278287062,6.258981177380356,0.33766618933666737,-10.52209729167221,-3.430786765385988
a2e8e7f6,4760,272051.99435625115,217099.8189438498,7.560011926375746,6.753458792387249,-33.82680758489987,-21.02166790379486,14.375308522865112,2.538767480767033,-4.3981431123440595,4.20448597751662,-14.952370740893816,6.466281836052511,20.35053924990128,4.519845179757665,-0.5308560626109852,-3.6741292187319865,-2.7006481684066053,1.6008889421917114,-4.079181936235537,0.4062418365502329
a3518960,4967,194311.30553977253,202485.65104781842,6.254634770978679,6.384840408659753,35.789371738609944,1.0454698377000764,36.69153536307996,-1.1759245857984089,2.2254870923163708,-2.648726095599156,-20.41014862363636,6.905820914500557,24.4314634049557,3.5392595931857764,1.0029518166658655,-0.9562606686789437,-1.8130086673317591,0.5724976088840366,3.4081995359842248,-4.926128128376549
a3f71395,5543,844669.7268351474,798993.5642054332,12.34442954520486,12.006023836886985,-38.19378522004956,-18.773943375143084,40.97142391806108,2.366682487390274,-113.03963508139911,3.398484407915447,-9.583778362641459,-7.054252893662268,9.1788700167812,-1.247977998623206,30.97606302544267,2.602568483179632,-0.7968960074807576,1.5069578774185994,-9.853256803353153,-2.480410295230933
a4719920,5884,266542.8251080278,161297.7759101467,6.730497483944106,5.235737415089359,34.3961158795528,7.2954029881408164,14.643220490725389,-0.4275542505675885,18.73254208601911,5.438823265538294,-12.203117666022584,-4.694092446198474,-47.41665869962954,-11.983327279822845,14.339148039491027,3.5184614755461183,-12.09540195023116,-2.823907260168277,12.357736004949622,2.411874859286122
a48640d9,4532,957349.5046873217,344680.3893575811,14.534172417032934,8.720940768633984,156.31850561638188,74.78171672735019,25.002721913701233,-15.362347941758244,5.490618607404481,-1.2134123801502308,13.507508209443401,-7.191172117726029,-6.110225087466911,-4.497625537319661,-3.4976348080910924,-0.9032058340305665,-9.887396644847295,-7.25820035470189,-23.745852774895017,-3.1427271375197234
a4cdbb0f,5204,699951.6841788178,615902.8462314619,11.597526872144712,10.878962045465366,37.66457286874164,2.579804908790807,50.57430814436655,-0.009399072915704566,-39.82040613350504,1.07868886302722,62.765227996776616,20.080705090368475,-16.004896366021505,3.752871621467148,14.340203239572133,2.5506054168409737,-14.066233030184577,-1.570479484345049,27.63320254377274,1.4215101559161876
a4f989c2,5385,982829.901224504,868408.9920663752,13.509719333732697,12.698993534179321,-147.80215692743653,-10.881475142556981,3.6312277107609843,3.0264398439055658,-8.239236302411957,5.792385465021243,12.7990101777236,-1.9769467558186204,-19.76033904041418,1.3599293910035881,-6.369245381396577,-0.336805676529541,14.753239151028316,6.504080942683926,-2.9473826587820833,-0.9515960417067643
a5aa7973,4616,3073077.3426350392,3404811.029371344,25.802028181582045,27.15898945596753,-284.19555489895384,15.201203388936543,-51.33438410754544,2.788227623221486,20.7196065932973,1.9899730329630707,23.949451360755905,3.8837401404681215,7.759328664564532,8.085942773919225,-1.2488214379483882,-0.18932550317052224,-12.040858890539727,-3.655849105442788,7.091126382763543,-3.2844260071628013
a5e6f7dc,5649,1050548.9278455528,1170795.6210910585,13.637110343380469,14.396428258103965,-141.98780840346132,11.854345316606588,-7.817167888895821,3.234647092745764,-24.74982756783256,-1.110089067079582,-19.942430023652758,-6.328807141630515,-0.9586379271708875,-4.3961223316249995,1.519014476491072,0.004929676548685968,-20.73011935431772,-6.773742966584623,21.832663480024525,3.2765444490690534
a612d5a0,5329,572873.6187068128,603727.6316676718,10.368276047175447,10.643823554476265,100.22387401953127,-6.763555768083568,-4.69831608241037,-2.005241579289282,-40.43987192453716,-9.950625128384265,20.858768229448476,-4.029406922053617,-5.928433432031563,3.50726577710038,4.166194908771669,0.6432752336865826,6.671182319165453,4.70868216775351,-16.315511230179688,1.214769627604144
a622ce4d,6298,282715.5573079786,225681.43731120334,6.699980298241257,5.986136164897528,-13.085336303078154,2.6974046127397626,-9.650817559144608,-4.15993932853379,-3.4161490821344813,2.2838950118461088,33.80039476414361,1.4331713704785674,26.818908440482566,5.206846601684245,8.484132628072903,2.901896979917816,-39.018757984881404,-5.082730533950292,28.096547900618447,4.3164162077136075
a645da9a,5153,336541.75006794446,323929.9788830103,8.081452100410019,7.928581597515359,-58.628476916535305,-5.239933516160958,-24.490768328648674,-3.4876374177431755,37.09998657939124,-9.957441777135289,28.923128767977733,4.203880501639809,7.882408164372066,8.855815420006106,-1.86402520451519,-0.3312300881269133,16.637604168744545,5.363782432073877,-19.67440538211529,-2.3312623638984085
a692b17e,3566,188574.90727391103,107349.16374614883,7.27195666202092,5.486667768709168,47.80687980552364,17.24124446545834,-24.423881871717686,2.7259553108442383,-32.44222905287643,-7.459339895964416,-7.575065393630195,0.7697289855400727,-26.532217833817338,-13.086373255565098,0.565315512265309,0.9573512219376591,27.35635926017311,5.577281132243338,27.302918101111707,6.87851914471693
a6b8ac67,5453,1170994.7256965383,1268562.0563634892,14.654119225913242,15.252397311899477,147.4463218982367,-9.162091874414452,19.791724577832518,1.0271704021595238,4.212952257783824,-3.381959831901477,-22.59173653319744,4.834825226200598,-52.15412506288741,-2.631653636173358,2.3495552347390656,-2.637552980667645,22.03266222979537,-0.5240385907018602,0.6442358958400523,-1.011388339740907
a6ed2eff,5275,576244.1424870861,504468.71585091256,10.451822603362011,9.779257629399254,75.64382362990504,-2.081529611399065,-18.73450170374976,-2.6590554642483264,57.362475520406726,6.949682027628052,-14.858692527328056,-4.563108724790853,49.01195305730059,6.240493349022971,5.594937659433173,1.4044588725868674,-15.610757861722854,-4.29716809009935,-21.833069979714658,-4.955017077347124
a6f967fb,4670,403010.9530736305,456262.65766638436,9.289663536635961,9.884370654027828,89.24280741759165,-8.288190072480067,24.82787418993123,1.8080721486370188,-20.27920277047023,5.823341127611048,2.439070631013927,-0.22142614114534825,-3.9850993352950526,-0.017023140170060635,8.603270505950626,3.5135426935897818,3.610169000012756,0.5535813645071708,2.8567717502362733,-0.8431973540497216
a76db406,4672,42356.275809564875,54011.993484363804,3.0109771988701226,3.400115626948437,-11.65082713676735,6.10396184541109,-8.721624008306184,-1.6979386332920732,18.257576113072677,-3.6003228029048833,-3.119749859560578,2.0055329221287583,16.491162456363742,1.300596913208204,-1.633576301587891,-1.0676104231531696,9.874337554331628,1.173141746575866,0.9249884115906614,-1.2001177712862447
a7744f5b,4377,604222.5789633853,528423.8997120005,11.74925154226336,10.987602831035716,107.85907687431832,4.564687973612098,40.86358663149309,5.252131672532206,-8.711074743569366,1.7341072207052328,24.40675481301614,2.220680985660599,-12.09314314835257,1.3957726573723797,-0.8084132755917459,0.4325901082222063,5.542421905919677,0.3159739499941036,2.440981387290198,-2.548022644574274
a783cc24,1889,934773.5992867922,940703.3190632153,22.245247400617053,22.315692027674505,-248.29407681192924,0.39341803628781463,-11.988749764424753,-6.976527200760016,-42.897222790369085,-4.652991920339344,22.482411084972817,2.1508938003832667,-9.001580359111518,-0.8661455954735271,0.9394574826146869,-0.24205958338197306,-0.011262922014424248,0.9698536622648284,0.4013484442136491,-0.5129182541522347
a79fd2e7,4404,823305.2175906543,909091.1832576917,13.672778514105643,14.367462350743113,-118.83363436432123,13.842491666481328,26.84464469191612,-13.968797476651364,-22.67889504442741,6.2653043274522675,-40.6101766821023,-14.674685694908026,44.257137329554894,3.9131096745013565,8.444905901688934,1.981451921934066,9.725030619411474,-1.100203507471284,-5.547454727261088,-5.819073870766381
a7fc3e6b,4764,1510318.3882158755,1507541.283198552,17.805262409825964,17.788885123041602,162.02878998425626,-3.0589670803113465,-72.19636792153571,2.6529163354367697,-80.91160426096465,-5.4669801170952805,-4.7206640081881215,-5.86856326795223,11.303962311432397,3.305926668770043,-3.816330400515054,0.04290962966671259,-19.949800729337056,3.452106043466981,23.521076637098158,3.272056271364241
a85bb86f,3099,151714.90807543427,237892.84289834838,6.996862526383669,8.761528944634957,-67.22599159366018,23.56841231316931,-29.191164448213186,-1.3527880019315455,9.171367901289237,-7.025774566931543,0.6213291786681377,-0.7874280939535386,-15.437261986142687,-15.397995068228346,-4.502357540132254,-3.7912006891253824,6.612989691223133,-0.7057656654499006,17.668481034074922,7.617756948038243
a85e4bc3,4581,390514.73049534217,556333.2612638491,9.232909194915711,11.020146473831645,71.2575591145541,-30.522478608996146,21.634656824554263,12.776733905820056,-15.087602577043011,4.932213687501844,13.729228104360306,0.5567619121345875,55.03663503030583,1.795763618966379,8.63177341785441,0.7472782784754123,-24.521958110097582,-2.0319576800437558,-12.320393172140239,0.7905517177620094
a87433c9,5721,640710.5934028396,430534.82364194223,10.58266329190039,8.674973735602698,-86.82098275266931,-25.374835483310356,71.22436096050573,5.061297222284698,20.86186317389434,8.04980113497756,-20.709680470469152,-1.3343141892333772,18.37586487004979,2.689112832755373,-5.2453706805543305,1.0568519362501594,-6.168301022404494,-2.5549214151436126,-20.005142948176932,-1.459615958449223
a8ed028a,5538,906748.7526217161,1107637.0618527352,12.79578716321697,14.142372229619069,92.59809409122701,-25.8263775976195,-33.28167409879266,3.526844573112581,41.16097382199077,10.676789073863935,61.86195308223123,0.03635443285170403,-20.826249603255054,-0.11767794162669279,7.965361631916562,1.3847663956415812,-14.349454033583527,-2.207661573329868,-11.98042018723773,-4.808889718143865
a959858c,4404,3581516.3851362625,5771597.564335709,28.5173926928505,36.201316597862075,-305.573297559859,92.83760527016943,37.21710002914786,11.716963811597108,5.501100589555717,32.02986456366905,46.10884458021142,3.0659400401904318,-12.066919741899207,3.5715635418377354,-3.821659156999954,-3.410299866700676,-15.529772725476155,-5.218981536749775,-6.1594411841191326,-2.7335832271332925
a9c9b150,3986,122814.20291838536,54850.43211629412,5.550800896869274,3.709551283729164,58.226672837261084,20.820260363204646,-7.3170216197663125,-6.14165425343492,2.315275683052487,-3.8095197193983514,8.191671894906332,5.364652275616445,7.209224754539818,1.1332195888039964,-1.7158545545295039,-0.15399032571765683,3.3076677790562043,-1.7442417258520113,-3.790558409399941,-0.19897254358662625
aa95015b,4300,273456.1863065168,359709.47333028575,7.974613591375328,9.146221399614385,-59.730615152162656,22.982480120764748,-50.450615895029,-4.03791018748579,5.380000063372671,-4.92666519998604,-36.02298486207532,-5.875769673228354,-3.0473719825819847,-5.3085534327700445,1.2304791641548873,-0.7447535405741588,-5.613917880981566,-1.0267700760232623,14.590491771767736,4.972142031616676
aaaf3c03,2997,661610.8440750657,540137.5718472574,14.857917274327269,13.424830850546495,92.55227890707587,29.79876356852095,75.92725862500706,-2.216124257262821,-39.13852115384249,-19.2803373581744,23.57158283419406,-3.335864715524464,-15.447433627436562,-8.462311026711824,-4.901355722843254,0.9514489222190683,-4.261876243264425,-3.629625872987424,-4.426972960688761,-2.3046698280267135
aaeffccb,2712,145959.8687793978,156750.48683292512,7.3362122796353395,7.602555628013339,-61.75935551819401,9.23402000878472,3.2266969302958026,-4.5020119304623565,37.62800407706196,3.5894497796438833,-11.931931893907725,-1.8572385547042463,-29.246345252132272,-7.829729712922676,3.0841466678327523,-0.6198857896345963,1.543519270460949,0.709301036784815,-5.190388514175425,-1.247374021355057
ab112491,5185,4853570.259609692,4577429.154453688,30.595410183915227,29.71231121430957,311.7214842340003,4.372630501845703,-129.19172787519932,-8.064925216587053,-33.516722433274225,-11.334394957621733,-31.36211343025924,-6.922549362558698,0.5424246835175637,2.6302482784028074,4.177936810313352,2.198383055395365,13.361035806974105,3.5584317134501395,-1.1901325422926092,0.6667056723185258
ab18d3fc,5694,440246.0415096557,401338.31844222697,8.79303898044961,8.39550030895679,-82.04610081950679,-13.645368709312294,-21.65987235203429,9.975087512354497,13.008166997100826,-1.2930987226638515,35.54083787893619,1.6107835472686929,6.129808207203299,2.215202077615662,0.8180457622951597,-0.11023157380320345,-5.3022805341079815,-1.4953541666682497,-3.1755926336049862,-0.8567776607905175
ab3ced07,4250,536499.7544935624,547944.398785712,11.2354455341756,11.354650757814271,-90.27101378692082,3.515308889548558,12.48621756746658,-2.3929826016892024,48.61147354510315,3.860133439597596,-40.921340654096255,-5.5681344978932445,-17.796374691041816,-2.4656774566317465,-3.617944066273055,-0.5407401890145803,-16.79647440936488,-0.6866637462952687,2.865481789277292,0.17332961147756834
ab6fe95d,5491,174763.76693760784,176460.88054804056,5.641569941720345,5.668896124667579,33.463954430177274,5.450157647576173,5.2267021066022075,-9.340564247016726,-27.009852678832726,4.7554190765066995,-9.577877160711989,-1.2770031500052321,28.801404234563904,0.5424785937391599,-7.8881828757464465,1.3339647988109777,2.703123262239005,2.811639506499067,18.75625253254558,4.9156529762270385
ab94878e,6004,1259176.49595835,1432195.0112632983,14.4818139070019,15.444744795000487,140.7950664410685,-19.75941407798075,30.69788261439691,-0.5361166929889503,20.206599788260753,2.906529696686987,45.770714627960785,14.103040683268205,7.222031582156063,5.427252141728973,-4.162729578578658,0.7417629957465658,24.467558650752206,6.059108220060255,-19.970655198969542,-1.9699837107802889
abf460d2,3217,229106.58751129045,221951.17875366844,8.439044128937931,8.306215557988045,75.37975103151001,12.482232555312208,52.52899521469641,-12.161299396238977,-5.492600929567198,6.159980011042472,-12.994062942976587,0.2540621574426661,-1.318339971504257,-1.6625254806736152,0.5057294823017383,-0.7706076362964095,10.474487795129836,1.3863862717940865,5.987571566236705,0.8813551457688551
ac6f01d5,5004,1809471.6791977326,1699393.5330747801,19.015915749658443,18.42842969431084,-200.0161593059224,-7.7196453100648785,12.026903134968157,1.6070704259883015,26.88671006415198,-3.4598498941164584,39.678559494031795,0.6133379292350503,8.507961974764147,-0.5882474693381428,-1.8190562010762494,-0.33364823392185067,-9.841778531646076,-0.04929954389750226,2.011120063216488,-2.0141737165236657
ad2133a8,5729,2705494.292071453,2353676.96512602,21.731209562050445,20.269079093812504,-195.4937204152009,-26.57251367338788,53.455773845613706,-2.4442195268366005,109.51975669342842,-6.671262591818342,-50.4364198687163,-15.687980097467426,5.938167441466883,0.42690932807571313,-1.73007698019143,0.27912292492828633,16.47583544454887,4.458643789947173,-9.153577215903217,-5.522388824148943
add9c322,3932,1312542.5916753819,1536334.9128291411,18.27047960909437,19.766792137862176,-198.09887431472907,20.058295135202023,-26.12822716876377,2.4411743239708725,-10.154855519038852,3.1466863909332354,-0.8600913359916609,-1.346100274667163,-33.219275650761276,-12.015231924112854,-7.660264573520005,-0.3651327094410314,21.44643857723103,5.651461454842317,20.6737651419128,3.294641025942911
ae069086,4770,272921.95941760956,263704.9118934962,7.56414857690006,7.435324378599007,-10.757996000156224,12.561211217646726,24.953735357598045,-1.8693051496006703,48.93855038292325,3.968869064043853,44.787885550111206,7.721681240581896,-17.984346754839795,0.34281293982866007,-0.20958841754610588,0.0358852379264986,-4.533901618391395,0.7581288716993824,14.900326863628559,-0.9355054512784955
ae0784a8,7823,384301.93203986675,511312.7752492479,7.008896047645929,8.084564993555205,-35.66774527674058,27.57334880775333,3.986076698287893,-1.7361505672910316,59.65264615586425,4.828003947053743,5.065531231407858,7.004477072446915,-11.560637732781824,-3.198219969666367,1.1508781152530188,-1.0501289710644044,-13.503575886254575,-2.6975643977804897,-21.027834969701036,-2.6230313141234918
ae35f33a,4450,105361.05762093351,70349.98989732648,4.865864996278415,3.976051621116259,47.41090320890599,5.860311423711058,-6.566337172919577,-14.465253508720362,10.047641728499412,0.5731583531377666,2.9186062464385323,-1.575339165503464,-12.374831842432695,-6.110175788448667,0.34162925246085063,-2.4515457028087018,-4.253827939102138,0.741207955366248,-3.6273729035604227,-0.24945443290909744
ae8959c3,4518,1436496.4523282906,1575845.5029155444,17.831142288409154,18.67599311046508,196.3653227055976,-10.365678769134146,-4.975250135087475,2.017796521414682,17.186867677428822,-3.676165162006272,17.26212036969251,-3.365042473383776,10.178938219643692,2.313920075836067,-8.564585926599836,2.9357068975780316,-9.43177820545915,1.6613086251522589,8.986113832023904,3.411003989972092
aed44918,2719,556958.260331527,422071.51687016076,14.312210691995343,12.459150123443992,145.4200756451306,21.859788121133253,10.513522382278763,1.8263464504664912,-25.438895586749766,-7.026642643893197,-2.774642843136249,3.863294784018921,1.044877100104746,-5.56592192105434,-0.4457556748658845,1.1390957295214466,-5.300335644879167,-4.977627395747689,-12.00204096992053,-1.8278728999904938
aee6393a,5865,122375.22254136227,133089.35902025783,4.56785951915802,4.763626016521281,-15.181946334036107,10.530411417868029,19.471299936696045,-0.7653137250125457,24.573598426720473,0.10491826464369129,-3.8151171306498113,6.5316822374778525,-4.310738498750654,-2.425133573621132,7.433326387307323,1.4587409205893036,-4.973953083663734,-0.44374987246675135,6.176910754015114,2.7555648452840287
af7a59ce,3024,405647.9172283669,507598.91543225263,11.582004566191697,12.955955549622237,-129.50877206365453,11.076291105543353,8.81974383427863,-11.249241794311189,-11.935446956311127,-1.5104811859382807,-4.337457307861634,5.711475065510827,3.290169745575472,0.6066287036735835,3.672016805939271,0.37041504447776596,12.546053244966433,3.4380898975570333,10.071930826595848,0.74552605778059
aff4e561,6026,855335.7170329884,818522.4769228008,11.91389422945963,11.654690399910095,125.74049148033563,0.01785986208791899,-16.637153197269374,-3.9691353126349256,19.501763860883887,7.283356860204911,-7.1760207132321465,-8.878999323685122,16.155714344784304,-4.256257057455686,4.313525153769527,0.5052647620369215,1.1249900729306703,0.1958781999641496,-9.966986702495976,-2.9865178060108106
b04b58a3,3402,398649.29781843926,350097.73207997467,10.825011018759868,10.144426364605067,-48.282402052429134,21.449055559292276,-96.05092961824558,-16.524207387699924,-0.2371558575833511,-2.300307755686308,-51.44085243104172,-15.766211774536663,-8.670489381386584,2.108223611031949,4.855239970950441,-1.4442812921639316,-4.318055456711644,-0.1277013275855201,-4.3175713176300246,-6.47722311062933
b0d42b0d,4971,1031218.2976664236,904203.7547670738,14.403015353413135,13.486873109874264,134.37814868038157,12.72763495731959,-14.877445394853643,0.030514722380998904,-10.300180137903364,-0.2953053303009284,33.83457379461753,-4.392339979863807,-12.068706767593396,-0.8917963099385904,-0.8387147964269452,-1.1819584769592901,-3.0233825049765315,-0.8050990717935143,9.782658418958635,4.2664010362523905
b0f53bf4,2755,90216.36026956583,48134.731041547246,5.722447925598399,4.179924844171359,-43.59389419393212,-13.06895108684942,-1.0632561971662422,-0.12367220308472882,41.00315491144355,10.196021223458292,-17.54122164683092,-15.764821730843035,-5.18845838916838,-5.603508485470286,-8.366695126682192,-2.342817522576837,-4.331156233187408,1.9824275818362207,-2.7983640063064064,-3.258745166122395
b19b0395,5813,324202.92107266624,431922.92683931417,7.468068628537183,8.619914680362788,15.726270460770001,-30.853935182262536,-12.508656553539714,1.6770102582891457,1.9392854038416787,-7.905083943060203,-12.304562336198703,8.122904937033066,-23.46775992392179,-0.3290179600769558,13.996866350391818,1.7456001127332559,-7.155811937208466,-2.197782939537242,-10.701070389819476,0.19408934660221996
b1efb8a4,5998,202970.28873131706,211349.6962537158,5.817186720600742,5.936050449633957,39.0553159447782,-0.011369885648063516,10.563789458732185,-5.5292499659038254,-27.57441535743711,3.2280876246498975,29.543871458800954,1.8853019494610632,-2.2111454853922643,-0.4257884840153133,6.655675154304885,0.30581893649197933,-0.04679491725413998,-0.4308184436784133,-9.302823342298273,2.4426440116814225
b32902c0,3808,136472.6328038043,104963.47217580503,5.986518309634345,5.250136857354978,25.754661809998385,3.9320571404852105,24.639837239170635,6.8808344444589595,-24.983820896679422,3.642310441439257,-15.796351650212562,-0.01080564938837092,25.588234150340377,6.270294046103864,5.6822785497986885,-0.02072195807133901,5.652610735422103,-0.09037864535849809,4.02188452945939,-1.8134313287398498
b32e4903,5770,528682.0732480274,470110.1559792237,9.572147576611407,9.026344611753167,76.28094905636415,5.1740639922657445,-49.56842713630666,-0.21801544160251646,28.557470014486228,-0.35359136359758825,-39.67406061204548,-7.921584276675358,8.77755513049234,-2.981110457527264,-8.825735284501357,2.4813626993082667,-2.663775055778479,-3.221820193206029,14.063885148712377,1.7052662335560087
b3388334,6080,766161.6537169323,762997.4481623903,11.225570359124445,11.202365881477823,-62.3874380876804,4.004815737873286,52.833403964695265,3.713277889813262,1.4040378771479112,5.329881535549456,-45.910345988043005,2.0433893868553934,-15.36354217727614,-10.680331963023832,-11.033115304563784,-2.3235357453786363,18.718292742048536,-7.960396725114199,-2.3726322389289436,-0.0567099721143598
b37fd114,8161,1324698.3299155645,735261.2763281286,12.740509777014775,9.491812660184992,82.93205914539521,51.25594851488738,-10.188405163079025,-6.648210370560778,-16.858430937350356,-3.3264219949459473,-72.60127367154924,-6.235349533585477,-1.1852513976546235,1.7565611154083514,5.103254862792748,3.0240261937334783,-8.791183564237196,-4.94683397755265,28.167447034053687,4.65857351718588
b38e3116,6211,193091.16467608899,280464.4866042204,5.5757133249158075,6.7198282619382255,-22.7175946094231,24.823365857915817,-4.398079378133007,0.7508454570340637,-33.367964915780135,5.2994949136678695,24.316214883398793,2.4089806762426527,-22.07571688639457,-2.6772250561096445,-0.5240063113580119,-4.00743793888018,7.515956944572086,3.3129173210314478,25.806465003783025,1.6079912856953442
b4d8dd4f,4259,426838.2041864103,358433.6974539648,10.011008312611422,9.17382805931037,7.379207799411401,-10.500495077133007,17.850781150124252,3.223348642589125,33.27193873155142,5.143195640133776,-16.568263541173966,-5.689184573696379,-16.828887569424154,-2.986840394422297,-34.62493478308902,-4.306316737997813,-32.94607669671754,-5.18053767909385,-18.648052261496773,2.861339158710938
b4f37e6e,2992,727779.7197669644,830210.0017640621,15.596213801716484,16.657629028996528,151.92424873019525,-16.03140402608897,46.4370753136715,-1.0259071949077603,19.761288582684312,18.138208357964686,-25.524582573062823,-2.8178197606723208,-21.70952849507158,-1.3094746464380882,-4.036287090919325,1.5290371548055695,6.914863566218878,0.7073299354071507,2.517990102300618,-2.0246288411626985
b56bc0aa,5602,406219.68303889316,419434.94957676146,8.515475999361207,8.652881486004901,62.81147527030919,-3.9453873226464062,-54.632400362774284,2.6186081736104585,20.09402441066981,0.8127820508609414,33.82477914510677,6.215426702633998,-3.2267658095759764,1.4217842748752463,2.7082826832023805,0.3542902800215716,-1.8580621241448347,-3.4159922201984982,-12.997773220242356,1.5524331383537218
b585b4fa,4294,239212.08194890484,221687.31418358508,7.463809312440243,7.185208927835872,30.22001420577447,-17.447244744088653,2.8889227888730415,2.7843119527849987,-38.27449603947404,-3.357310758383183,-7.565796597054754,-6.127541956513947,-52.59051420843957,-10.147938013741117,-8.029334749780833,-2.0012662593401567,-10.06393041927172,0.15589862842912305,-20.82556925808597,-2.3365355610325453
b5aa9634,7326,661067.4462415549,543693.535838114,9.499252425731664,8.614768821979172,-7.170830025481709,-5.3015411322219155,-21.53106762578139,6.950681484054035,-94.21576399198227,-12.383546623832599,2.603315236860376,0.4039579234515046,-21.55699952109407,-7.9774710803280815,0.42042238728331754,0.17700815636610087,-21.664350154062245,-3.1154745385667644,9.31783508348181,4.9248016024275945
b7974e66,5558,186911.72351214403,145089.45559614975,5.799078662539319,5.109267655572313,-18.25812661626847,-0.29469511331917647,-40.02410434949885,-3.2016517507611724,-37.64862508927488,-7.816429527774742,-25.96260054406941,-3.7542074363207227,10.269839125105761,-0.7174768340767755,2.1481731615548245,-1.935844586461331,6.255263767482285,3.9864487553938828,1.915975073758569,0.7365847112877727
b7cdcecb,6168,130244.8945869232,86848.45463878538,4.595239715822181,3.7523977340717614,10.530975495078094,6.0334435109815345,9.06498840888778,7.9177329670354535,15.175477799886925,4.118129207392004,-3.216850465468353,13.780383135309876,-3.03446801798174,-0.7908504904881255,-0.7197675153059333,0.2547779838788281,5.522574196677661,0.17227772124000543,10.366951422899518,-0.856969690314647
b7fea9ef,3866,171992.28099586375,173660.5697580846,6.66996497336796,6.702235532837668,-68.13978959670466,-1.941328914898683,17.403864236313336,0.2226152762896326,-1.5555010123955868,2.210408504905431,4.513947837099283,-8.58345753902682,11.890706074867103,0.9384290314784923,2.670993951100418,0.351293747055486,-4.173492328962224,0.8459590724841796,2.5844363581136376,2.62751439399973
b85f7b06,3803,407206.7551361145,424770.4864871951,10.347711795341597,10.568515878275672,-113.06177129814364,1.5799682267009907,13.850107996725303,-3.487811188329121,-0.8794456500899427,-0.5194508798910654,-8.727856598608728,2.6225650794210056,4.1335798093052265,-2.580591893783255,1.011275237458385,0.49648346130091897,-1.9348931442596524,1.602420553135186,4.370109904707527,0.9022701259920721
b881d27e,4009,765348.1580047805,473665.95946836943,13.816927937552697,10.869712549214979,147.84572285432125,31.783386178465207,-4.942044140684258,-8.778948999308152,24.16723093549986,2.185324679367805,26.75151935731131,2.1196191225490293,16.342713086835623,6.865108506174581,3.094408440261687,-0.3724428574987254,-6.80365325714469,1.1064182741303585,-2.8765724280321523,-0.4373295340478779
b8c49c1a,4319,344116.73402899184,222320.34032561642,8.926090673108769,7.174605023372525,-48.137292304192044,-26.36710491131363,73.77058855610548,10.289825680712699,-31.30038689073847,-5.605483721828244,-10.925177547314927,3.2426805484066783,-15.971657809227793,-0.26528443714198924,-4.735897099955109,-0.272281600558582,20.040580911345494,3.4645359472982777,-13.735375139415154,-3.2769076237458163
b95e7121,6306,325243.4881904361,592599.0288214395,7.18170103222158,9.694010471103592,-74.7858636197222,28.523062889397444,0.28436288097200163,6.8240562862751855,-4.926939368210382,14.649334187139072,-5.545824339309232,0.06484172929832335,-6.0804645680539435,-0.33277585567737844,-13.433841525257929,0.09695750952067708,-6.298608619666198,-2.974459157490524,-5.094662706793374,3.037893922266883
b977be4a,5917,1783966.8334498487,1830981.0061559693,17.36371317758612,17.59102455891284,-123.85599702022505,23.49859693500746,-65.45202186240485,1.9240016299932166,106.42712882469763,22.350369009668185,87.226755003354,11.534525177560102,-19.365983830381374,-4.375083865387074,1.4696730194379442,-1.0314259334483256,-6.274817930762314,-0.1859435926551778,1.8080990022825325,-1.6589935382612768
ba48188d,4166,6830899.220553408,6391188.849895255,40.49293964926044,39.1679816291374,-413.90860819376195,-16.985175585457178,-197.76815527289892,-2.9789721839536965,-18.921341130230534,4.24943639005495,37.602166572949045,7.449276239235443,-38.345770089592236,-7.784053840581971,-0.6229866072110866,-0.47409260989145785,3.9941567189580867,6.037519166762409,6.099407446732576,1.442411382753041
bb2cdd83,3825,145599.33148767008,73433.59310947523,6.169698915073477,4.381589323058614,60.39876998682612,19.52121276662941,21.620412164645693,7.8469728966201,19.423948968875596,5.906965630408118,-5.947850332131509,-3.724001121461016,1.6547294890399056,0.6337734345561261,4.233219085255838,-2.0181974519005643,2.362725891244934,-0.16125582061523983,-0.27678022342952635,1.834408684985614
bb337fa0,6873,2254919.9853395475,2172346.1796107125,18.113083781209557,17.778345638374947,177.61517703926967,-1.9196504251158586,-4.724862700082568,-6.029394914089229,32.02979901725485,-6.122717203215788,21.615059678688645,11.166654643308503,27.76606552182893,0.6030267681921622,-37.471256462513395,-2.8678541736373084,58.400382900127134,8.24136502199138,29.429925871826832,4.733651452658263
bb682ebd,4139,1964169.377096206,1959638.4435140414,21.78420697697988,21.75906663429878,236.67448713990092,-1.2740142526832328,7.371179911245792,2.2165673545240523,15.855325885175844,8.591663387810872,11.314968174301303,1.424356657800405,15.024907344539054,-4.147514586162672,5.421009968194748,-0.45508355716962257,-24.441039386977774,-1.6341851677413595,-11.848274987014548,1.9701573781086104
bc4381e2,4955,705193.180417414,439926.23375825374,11.929774167547386,9.422542411746482,124.41304858448188,26.243039422978114,-17.907158334157632,2.0992566885042203,5.73183062050555,19.172253299178678,27.64688989358915,13.832268151998102,6.622151763893024,1.8416450869957461,0.828388642008038,-0.6796957292347614,22.58801890165882,6.382019004383599,5.149285099238551,0.08748145186351168
bcebcc5f,6258,689120.2156484895,515681.77635790856,10.493725892236204,9.077643284439963,70.08197455808951,18.226840160426644,12.059494926273965,0.609378873859702,81.74417840450845,5.026830276019984,6.954807832205772,7.450370404336257,-7.982698783355393,-1.6220537996919666,-9.677663955975337,-5.044629311938846,21.0858221820218,4.109679166913125,1.4235231284342356,-0.024211713059451336
bd2c2f34,9823,1114936.6897056147,1426975.9967806004,10.653763004761378,12.052753149095551,-80.46477367265052,18.87710124679139,61.43562561073168,-7.974280447065977,-54.41245071905776,-7.764626404567854,-14.569792616866675,7.421166323479417,15.949648716517629,5.299436471364695,4.282253386707517,2.0484398927127536,-8.590407690580843,-3.2505982175422394,-0.428989870011624,0.1052671453357326
bd4ae5da,5006,168726.1572659995,172753.65379935523,5.805582288655246,5.874463343691864,-40.17805438908662,-3.210047844723801,-8.308746083201877,1.0863880572846936,4.2174404579478,-5.5726994872492925,-35.91668272509857,5.471984883833424,-7.9432000646350005,-1.483810745320432,4.248754823839165,0.0023230976227028854,2.929829460922867,0.6329215300075753,6.09793846141942,1.2437446877504026
bd6f0e19,5140,194988.16890521656,127579.28437612018,6.159175384842386,4.982055042521709,58.617589703978105,11.325023929921826,-3.9748993924638114,-0.6018296565701038,-16.74613376237366,-7.043842050069531,-16.191182617371876,-1.6739469476415914,0.91054795006402,2.509956514285821,8.394643670405294,2.708913808329305,-2.1073479049978894,-1.7970671672853047,-5.56162953306353,1.0709431348868328
bd8f847e,4961,392404.5644402737,206527.45818195218,8.893698686338382,6.4521474915692645,82.54843411804808,43.369568340859814,26.96499493148598,0.9978158044466439,-16.47175096036112,13.322305951188468,-5.95144410718499,-7.196054558252217,-7.562156409694557,-3.957424308551777,-7.304432127454161,0.2692180550042463,-2.3583051208745074,1.7490170351256302,-2.4859963477124927,-1.9128284262794213
be063506,4500,712914.8621117476,623616.007666155,12.586720180957455,11.772057383351617,-135.70745229016333,-8.787886693919493,21.042371639169847,-0.18362904417599069,26.67406174950562,5.722809331429902,-3.0912707751961066,-5.726772048592812,-3.0155774008233935,1.7990703070322003,-5.401956395801856,-0.09184795192534183,-2.837770804758001,-0.28315141690814194,-4.220094431521838,-1.101704556151473
be35c8f2,4226,124936.65827459483,131954.90295711442,5.437261198516079,5.587892202834232,-7.340436702629544,-3.9004302092392096,-33.8858674840085,0.8938546444071438,-19.03852589658536,7.2842550579000305,-1.5730018351151025,0.45846292670578864,1.015662993616369,-1.5357709127495653,-0.0008285397420024765,0.25071626102259353,-7.023884478394796,-1.7912917275618696,-9.799328971634989,-3.7114935400118982
be83e781,3221,27713.258549624832,27930.042491124605,2.9332456436672287,2.944695792417334,-21.731084156170112,1.007814048809583,-1.137774853152258,-10.256862834209642,3.890008573590893,6.785444254806949,-11.146265232011304,2.34896953309635,12.225692876573966,8.821304395978396,2.520010880649431,0.2939474476211614,5.18297044566074,3.915173013385201,-3.292276802487933,-2.133430430840418
beda8696,5912,721985.7468122403,769172.5954265697,11.050886012735893,11.40629733887572,46.39508527022736,8.66734200417323,-19.228107005975698,-0.7298468446118025,-52.987944553439014,18.03560791086667,9.341925433671458,-3.0039070945600757,18.660898642861522,1.6053347998304246,-27.685773379537828,1.0107024410979397,-28.57471486130757,-3.7721105412040217,-2.4730212615492393,-5.085661708007569
bf39bc20,3303,228335.51071873508,152976.78524970793,8.314429252398392,6.805475552978075,26.414086538544872,28.330690446402325,-31.462155954962594,-1.0526764433416615,-19.977168746821512,-3.824630337949177,-46.91414117841139,-8.933157675881649,-17.63875724895068,-2.5067225193219924,-8.752217302313458,-5.171890734259437,0.499032072468912,2.2707897025269963,5.424397730027519,-1.8469262998781422
bf70b410,6347,1990656.9951902567,1857386.8000469548,17.709812696971632,17.10672714012877,-146.65162315952028,-9.72290924593141,-128.76021759900124,-4.840315498988472,-41.024610038106076,9.961900471252056,-11.14102414567667,-5.329300460465787,7.614171136537827,-6.636758489204813,1.2678693597042154,0.15789320475444396,-16.38216127803015,-4.6482115670076265,-4.836926639149757,0.8486633930866034
bffe3082,5723,827496.1538400333,885775.746832415,12.024613305680575,12.4408490160923,41.04365879007723,-24.838725594497394,74.60219506005535,5.0132682639786585,-3.1914413387850473,4.579209851163816,-20.268352206530363,9.765022198727408,-4.394452795479348,-4.161818502065694,-1.000389390307113,0.7321504299934981,-8.374402710773564,-4.914561313475829,9.18239557820075,-1.8898069237142567
c03b9305,4255,550175.5466830751,575276.7289349544,11.3710576043678,11.62756084966072,112.25614115369618,-4.50263073957614,15.655771135971065,2.269392648681672,12.79790807743566,2.3169648593145378,-4.56379974018557,-7.755837044628751,49.03601637066405,1.256499849779385,7.058815548038939,2.4361596608372365,15.689724416135272,-1.6260736576444443,-23.838088318247877,-2.6744347501442105
c03d4aed,4641,215828.16470356478,125460.02206031505,6.81943312241488,5.199324166304775,18.354021372478062,8.310309275217199,-9.900023673620083,-3.791388041276118,13.124556694435833,9.594792837758334,-3.67660699820501,-1.1598963798319843,-44.88642906222334,-17.99406385737913,13.995152324416148,-0.724978485650468,2.1214810913653266,-3.492325754730127,-9.222178109681797,3.369559629777099
c03fba65,3699,1002011.8194101376,1081037.5129636447,16.45865176761471,17.09535865770242,-183.14052681414944,6.2098706745601735,-1.2283527006929216,2.1575175435756972,-6.063624327469869,0.1680604111993401,5.718856770956451,3.5098515807665955,10.769416019180737,-3.1818548894488243,-4.8912297397949,0.5738620877757343,2.178248019665644,-0.35131386322626657,15.393916492335816,-0.2235513600640644
c07fd0cd,4191,121215.73151065971,112155.5768654738,5.377998328836901,5.173108726189574,36.46331305946442,28.298583311298536,7.040564564530081,2.8700843579202795,35.85589540927491,-12.959169644866682,18.338696061911318,8.8150390816678,13.78385917452582,-5.449837616022602,2.7383548125657446,-0.20560163154295386,-10.009526940583719,2.885752660062574,1.521258353759567,-0.6252262015429845
c1708b88,6315,4312610.524974459,3470427.3079408384,26.132649391291128,23.44254717142604,-279.8095214328667,-27.224429814187054,5.096116829262506,4.990820751216672,-39.26211137308729,-14.517902529093902,28.174110364015245,-4.820468055654209,50.110196552001995,12.315452780369903,13.665746506346107,0.188097962745966,-16.929335263335883,-4.3408264746566125,32.63648194685252,2.383008110950147
c1d046f4,5513,426877.63460814813,420505.31588254904,8.799494100691582,8.73356886289875,-74.96638346172433,9.098768605368026,-22.731018275200206,3.0143439876240197,-25.32158581510338,-7.718604421442916,31.779656388544403,22.431923721982535,27.589618111750816,11.474935964907019,9.32321434630382,6.8055473420905415,-5.588160816333368,-2.3555940297247857,9.860499075809207,0.1119540151773244
c2717d4f,4721,1697865.0685592094,1825665.5601196955,18.964202604360544,19.664984628642774,201.86368022119012,-9.719193391991189,10.126070762971711,-0.4123325032941942,-20.83184510427858,-2.0818213938251757,-12.190868158654581,-0.7521352855149638,5.078889888923387,-0.8569839482455212,9.428748960704699,4.934702151683828,14.383589212431104,3.653852415287786,23.95095257808326,7.700834894273001
c2c4db09,6039,401352.91929232894,317102.5113040063,8.152310234610766,7.246316950006947,-6.205274251150533,-12.696944384516945,-56.9165370870215,1.3188947675221718,34.9781102031681,5.221304648180757,-23.37997575359011,-9.564816620063176,-1.1497190418245595,-0.9138445458162356,-7.675124764721042,-4.129008874545045,-4.781563100921789,3.38874681985556,8.522395391287679,2.120650480857523
c2c6fc71,7119,585964.0763540723,410869.87036250177,9.07247957880503,7.597009177469009,68.9489672606666,22.80416570279454,-13.022510965769465,11.672261708550083,-26.72225953137481,-0.9803647199643019,-31.923575255768448,1.3097013658909507,28.62117584098106,5.929847330439219,1.9300560003710223,1.8884667677508027,-6.095637615329737,0.18511212585391815,-15.302292213544433,-4.148618395422561
c36625df,4742,1874857.5687510837,1729560.0676706252,19.883982184722733,19.097963105656916,-206.3479915612847,-6.6878488371067135,12.67253211679145,-2.0533076878243333,-69.16172669677037,-6.756086876222868,6.836677820991433,-3.0217661888047287,-40.50007671183312,-6.886359776059102,-13.756891579470736,-1.8744422096713262,-22.508398067524748,-2.2911103235527532,-5.649268288246117,-2.355125913604188
c3957531,5316,419719.8464482717,263698.8343769582,8.885610386623153,7.043063741939084,52.15448540822422,52.00687635994584,36.73154730549088,-4.854874692527796,-3.6288653413204672,-5.275429479109839,43.38801152126619,8.767500382871017,13.580539397382562,0.5783964763064023,7.110561078782792,1.8454529600570915,0.792599415984496,2.184219562608914,-2.621174527175001,-0.6916647218106547
c42fe306,5095,620618.0617368881,505040.5507156082,11.036722196706743,9.956140822706947,90.48412862856678,17.366862922102495,46.28895473545112,4.455549740776807,18.282898864751758,-5.913048447704375,18.40371570458651,7.265719546906456,-3.4616753506819578,8.631696396140718,2.2804569116361924,-0.06039790285314681,6.765935933751879,5.127164614138316,0.13201179095855337,-0.9454757756968915
c43812e2,5527,166293.1103356931,146510.76587614708,5.485199097883499,5.14861048770155,-7.826038841161418,-1.768147966700378,-0.31906957928048385,-6.789572005116236,-21.095154966033444,-3.3944749451767224,4.683437488263717,0.8047618365088545,-20.80228116948307,4.439985616203049,-4.989735207977341,0.09667110791588343,-21.86648671726796,-5.411793975178701,8.682150614670451,-3.8915058370427227
c472c0b5,3054,158036.91110022744,196990.9687711963,7.193574570061251,8.031351647751963,-39.29335224826285,9.565835709888933,33.986379587676495,-2.518640686932672,-13.487605983549326,1.0416974688685994,-22.46145279392228,3.6782452431430905,3.3964415058245265,1.518284567830849,-8.733169923560553,-2.288171149546275,-9.424558729372677,0.6427170279975742,8.414077108634881,0.6286342927617833
c47e0767,4356,536463.1191526343,489485.504423069,11.097521616620844,10.600491009720692,114.26036679123433,3.958608930760416,7.384543315786826,-0.4768384953560448,-10.440550747392539,-3.9720873988714267,-37.64369449224804,1.131010941548281,3.7162512780775048,-0.25457516989337414,-2.8147013846080524,-2.4439209981870684,12.361794288639008,1.0041671129604197,14.425563008765582,2.4760065679183363
c50b42f6,6014,620102.6604607997,1032255.8983285172,10.15430222868022,13.101227093987305,71.14172748644646,-57.4771058539046,-1.8631746977147827,-4.520737144713502,-11.688755003974427,-6.795309590849096,55.3846866646659,10.509290788323465,32.821689449292094,5.150933131404874,8.18995804864601,1.5653331020959573,32.181036121202474,8.122179114153091,18.40665160002145,1.9895925085826645
c593337f,5208,2213032.637672138,2309724.0955744055,20.613817257330417,21.059330712454503,-207.80587263168354,7.293521224182827,-49.38084164531493,-4.1826943090058535,32.55418661516542,-1.7107939571186879,-11.443887228195575,-1.2921822255957023,17.50649564557196,5.894887617366048,24.61182098446661,1.5438293907186587,-7.828227520111241,-1.6954550454365573,6.026104984978774,-0.9362345973558159
c59b6c4a,5499,1660769.1941694887,1759551.421064,17.378519693817616,17.887890254591795,-186.2342121155912,3.2550620235592733,9.215789087382538,-0.1844365217384137,-28.535178652610675,4.930843056380074,9.893282877437414,0.7319985108481645,20.2405685918592,-1.7970788457950782,2.074511935629704,1.0849257111134496,7.1898817673343105,2.044742896534537,0.8179196969867348,0.5621471497887556
c66be2b8,4154,2374699.601907878,2475779.011601259,23.909533002419934,24.41308663675424,-234.64381428649844,6.168997154785783,-23.47628460794075,-1.7898654339744149,36.118130699340824,-0.777959729423458,-41.34990995186335,-7.2333575623453,0.2427298934948027,5.661667797053314,4.696723662540445,0.077236326516255,-0.260996503684045,-0.7976864547985287,-6.821032072004625,-1.9298619203051792
c6797dd7,4664,290421.77447870653,356314.8118985111,7.8910594707495525,8.74052797657477,77.87426957883689,-14.69204509980408,0.9129074414919016,8.609928781447085,-5.461333033208772,4.454833039811579,-20.01167325804962,-11.692126927502681,-9.519086525669932,-1.676769156691225,-21.711306556398057,-10.30302951228558,22.376778004889722,3.359074512349676,-3.1871092937105936,-0.31707760027249876
c6b782a4,4877,776369.2826441977,883701.0624564778,12.617049131106192,13.46096858713251,-115.56297666202212,14.005440218879226,12.288249308429693,3.8704970571244233,41.092007535135906,0.29516323045659654,-34.51773691963693,-7.058647244702046,-8.82965590499008,-2.520873653394773,0.3851882190884037,0.7025152893119716,-25.46871381929185,-3.232343543896608,-2.9393660652185543,-0.1945742588983397
c6c96179,4004,369955.6231767172,335268.313533166,9.612310299032924,9.150592605850905,90.43403749144566,4.28585829522125,-27.844866741266962,0.6317370593392594,17.047839321289484,2.1800647587089568,-11.1654121164996,-3.744337361374,-10.991012359586495,-1.1959863011467662,0.4746760448746631,0.5823300911542361,-13.644826904885312,-1.407249564163316,10.702091746029458,3.3515626444940274
c70c0e01,4312,266502.1427552095,200180.8242941582,7.861600606097853,6.813525106175632,-41.440724498826434,-38.7682448568901,-32.060709266952344,-0.4698841505367186,-38.41412532811676,-0.1464767708695415,20.103450455844083,1.7522033246357533,7.5318017903483305,7.217597365312523,-7.334069011263972,1.7311924995018242,2.127907314097368,0.7620668165451052,-7.214325043760411,-1.8392857191116874
c84c65be,8496,592171.1165762368,538912.0989984344,8.348651997826884,7.9643752688207075,1.3596690062596,7.339735754703692,-8.572808984359892,1.032234013149231,11.126175484584536,-4.410048721892232,-5.736169204997205,8.460070886015997,49.393211214071194,2.5892276053591052,4.980313244398424,3.6412042745648376,20.925059079648463,5.377228537401404,-4.274573184529883,-0.599619313512575
c8d9680c,6281,9321913.824615931,9739665.879876727,38.52460062694175,39.37836068882505,427.9924635917716,-11.122554516019003,-36.371078982790245,7.1534290208061435,1.1172608553148748,-0.41343220082032006,-27.373360771443846,-8.403998814693031,-25.352958806248168,-4.499731745909495,-1.1629865669969193,0.8384182121685525,-12.836242296994707,-4.350761980460672,-9.110166791208893,-0.092083339607996
c908edd0,5293,344893.0973700977,410537.0071177265,8.072188674469885,8.806943475220427,-30.23745348984368,27.710757428928265,-75.45060529166025,-2.305947767914411,18.77912869794615,2.3695040363392423,28.518624907031274,9.369184149019727,5.442454983622369,-0.5588355536828893,6.660642085511833,1.7260731149662978,-14.089521391027342,-4.832366402897959,-13.141893184317912,-4.964120149970542
c9578d27,4487,405617.66060173145,302549.4112507331,9.507807784681754,8.211455077160712,17.217911743358542,-12.59749796952803,4.033236803681599,9.81810027939035,-61.23050437112637,-4.144064898980952,-72.62616926075968,-18.825963172618717,7.914655482644423,-6.174883462464161,-22.99751552904043,-4.719759163191459,-30.216799990553188,-3.2330648026423625,-8.91852398444037,-0.4077512534746807
c96c018a,6236,470901.8938708362,432260.01388665545,8.68984770605329,8.325675469004235,79.02064894838676,-2.5874739869177654,-3.4652172619802935,-3.7396727307520337,-15.692287743085501,-1.7741117998141263,-21.256115219905634,-8.948495140797146,-35.19962348068038,-4.290860540406516,11.061584426239719,3.4063460875576395,-7.155751122301258,1.030146323740454,15.941881909556605,7.1917614277844155
c99f9fae,6361,212254.25740718178,389344.4239345193,5.776509704144759,7.8235575546927025,-57.62430926151645,22.11893223461642,-10.448044228923502,7.495550179895021,-7.275518767738293,-0.83972593848878,3.9872543510266474,-4.434928194302207,-12.956546927539865,-7.502662151326857,-2.6729942556429847,0.8156689270140459,5.930236003250601,-1.2286047270989702,3.189867075898774,-2.7284984797051743
c9e6734f,4735,417171.6613058628,328272.64687053126,9.386364341163238,8.326401653306934,3.2454422087265526,-39.65562692704333,78.3311351699926,16.46003111017394,-23.316845557121734,-6.349684910668076,-29.054019105338,-0.6436922432748211,-11.315632743066217,-1.351164496665056,-7.103587512333187,-1.387741963680165,-14.395595357667556,-6.41471179669764,3.1938250431303823,-1.6245931535534741
c9e980e8,4359,170380.4377470264,152820.25300299702,6.251963449277382,5.921026743513914,-14.344642238886802,-16.422356961189603,-56.74060152849644,-3.933951949476493,32.049125394510696,2.2794874335190896,10.242111104853018,-10.190303325603569,-10.028198859266185,-3.7371943672612082,-7.782402683254638,-2.6892140123429096,4.992201499021297,1.7834520653351418,8.108222818252326,4.795635977053254
c9fedcf3,3517,62888.10569016084,73636.03096198627,4.228614283368664,4.5757153711524765,40.64216483333379,-7.190718920520082,0.2809105779381776,-2.506728467966838,6.638492456888396,6.338677638959036,-12.658732326696006,0.03659574673441037,10.69199935376147,3.8854829330300347,-1.757579118319623,0.15150794482431898,-5.893542023645937,-2.7105750437769545,5.1503407283026394,-0.6719472105402271
cad13e8f,4848,574579.9794266878,563421.1091982826,10.886641936521094,10.780409337993397,-119.8519625848526,-3.7687033857718966,-11.267414537555677,12.346582545298697,3.721009788540946,5.28106611957765,-5.7511599190492575,-3.393994967762775,9.184151362886885,16.273203536898183,-3.536509020425197,-4.054944330480587,0.606809083245356,-2.686066195589833,-13.679609970634829,-9.164650716299775
cb34231f,5609,398507.57957509696,288898.31897461315,8.428990668074789,7.176782544941818,71.97839820301917,12.605894476280739,-1.1113783884815387,8.109130342410788,-42.21204992861656,-0.7110605840237959,-4.844320792694451,10.35015452068716,34.01635269005826,7.571159490200268,-1.5665147326708109,-1.8403188570208535,7.438269783344603,1.7306240391069063,-10.61579621659565,-3.05712275286109
cb879f40,6315,428884.6331919196,236421.5297957832,8.241069286906557,6.118667227870218,-38.17779552866789,-20.76230344880515,15.443959222837918,10.540690856097063,-1.729829306767061,0.2859071833015093,74.61277276168703,23.930150155049823,-19.586376617846412,12.95479279543066,-3.9032896921751017,0.5785116522333598,0.8168076517084536,2.3352743988936733,22.308927094229325,2.4332909211895997
cbb406b5,6328,1602143.038347469,1422049.522759334,15.911730273452728,14.990776361154047,146.67172560870415,3.659361957241579,-32.42527509049881,-4.565474235696662,72.18055776764302,8.484200800028393,11.102511896617681,5.016605277969785,-26.117693701768825,1.1019135524343886,2.3789449181179463,-0.11625735212152888,7.243792571083503,3.0453924727605637,-34.86828931124303,-5.387892501510557
cbe51de1,3963,263830.67370791297,217149.53180678142,8.15925689341351,7.4023124478278115,16.073670199592563,12.454867282630563,-60.93936295409458,-6.725012154991073,-51.874908886749566,-2.267639844586797,-15.526113613937863,-2.492410153652357,-0.011414652290935834,-8.155589114440208,20.040896891542694,1.9042222040255006,-12.415681784134799,-2.888642602875724,-13.061637803044334,-0.9538475033125573
cbe62450,6258,1212019.1004617212,1091345.9898755716,13.916722023503583,13.205761486769374,83.69281723914357,3.862347952703304,-49.50140063708754,8.446641461772314,-59.51676436369396,-14.224851261440568,53.43425168256638,11.07860469337361,-37.191396638708305,-4.813554008787181,-24.950703551337263,-2.966842325462631,-17.03157684887811,5.977880441830022,33.429553227656854,7.4558760421716626
cc08aa63,3274,180725.92004635322,189616.73943452784,7.4296932711482455,7.6102513296678325,55.69761415328104,-13.11832090616706,1.0092924573381468,-0.021340388020707833,-43.34211419230478,-10.169716184260048,-37.879569141493356,-1.7117029477255905,0.14695166205151833,2.6506420105704462,-0.4459599631200559,-0.5698110101350062,0.8504733172897627,-3.676362322127468,7.93264110434485,0.1995046538073005
cc8a1d57,6638,3002693.294153489,2437522.392136385,21.268500070115973,19.162655098584203,-197.36442765972237,-30.85790733010461,23.64353231107599,6.112111205945704,43.41822512231887,-6.4976179395100875,-42.59247930134931,-5.807481338822068,4.302966225718511,4.050960736196744,-6.159800317328008,-0.295256153056188,-7.0960591762639735,7.568386362782749,-16.845806694352234,-5.536290524235712
ccedb12b,4401,227988.95972124982,181642.85006204995,7.197492553000652,6.4244132554225155,41.27020004726993,45.08362258109012,-51.77978054041754,9.101503850668006,-5.54564638314462,-0.8234349196594943,25.85570758765033,6.677946005932959,-23.799673473575865,-5.966731725335988,-0.8020922334322357,1.2495781188608386,9.740976301473486,1.1358546415787523,-17.41671327375486,-2.8279567651340978
cd7f1687,4232,307100.85679125646,352227.8041361547,8.518589380072815,9.123027587227524,-82.60869084987036,7.699935965780398,14.175085016111177,13.54449201711474,17.770025384078323,-2.245067478070799,10.116069762075464,7.163152659018633,35.44341351153774,4.946029186610637,-0.48953093539225134,1.4357507116138788,6.799042622759599,-2.5796030035408957,-3.6480505087999533,-7.190181981275309
cda7eb37,5973,572439.0450104515,642764.2337023503,9.789677088673258,10.373602295943288,32.35693482533196,29.630027871494512,19.746743970005237,-2.191414287101324,24.274533543637666,1.6053947135548572,20.255238274606903,-6.739324957928645,-22.67930428671203,0.4732286670497924,-6.354714758381582,-0.9180335439905656,-12.029599427574325,-1.5734198698208122,-0.09704614645325763,-1.6864081212890316
cdc31d65,4840,136727.25753288582,99259.10204744329,5.3150196024627405,4.528584650354034,28.86715656345317,7.266441547547293,-10.280815572860105,12.030458896023237,5.424691193316999,0.5967385553097649,26.17575593601678,9.120262283786392,-29.234935092189772,-3.133434985016279,9.22106919755034,1.5199253350899742,-12.085693636867283,-2.632979845752378,-14.532649369952921,-2.5960724008278335
cdc60a53,5878,530714.7581180632,586238.2374892214,9.502016745855968,9.986706351843361,69.90102645395743,-15.668522970570915,36.81654762319313,-5.759535381264962,1.97307508338151,5.840060109936413,-54.330043551569204,-8.894179482692246,-38.339007358062226,-9.297463509050758,-0.2164073888441605,-0.3712583541709417,9.94842214808042,1.1235656276911805,-6.867685450824718,-3.400486590782266
ce55ba43,4104,675743.5773038325,606440.2386236718,12.831791292103052,12.155989854111155,117.24621239931741,2.767035465249642,-7.575314978764126,0.4406233851689902,53.88561606005428,3.8038407512619967,-19.96595548509816,3.6130647522247523,13.011267944790879,4.297531937139866,-24.227236187119335,-3.9446100999741036,31.990464692828674,5.875443386737129,-34.088344151295175,-9.144996552270264
ce8399b7,1615,118194.31194218792,135765.71441521222,8.554842632798279,9.168721712552774,42.789956296223,10.48590275662669,-75.46948716199765,14.166749118389813,25.681483052598445,-3.0851733581545533,9.361158227076755,4.607649592765673,20.230224657176876,3.8193030477985936,-7.390272603430276,0.7596884726923576,7.474832714881583,5.375515612253325,-9.970878056540602,-2.2008415656944598
cf50c9d1,4858,1831775.8632444856,1654955.1440911791,19.418130294079393,18.45713795685824,-212.80202501963404,-9.48547323782947,-5.704983376763441,7.432010342062236,-50.29254330023931,-9.112788746196737,1.7582282115646621,0.7104938315329234,-1.261837394208659,3.540048857750584,0.35421784404491274,-0.8998020033712191,8.041258370118905,2.053434719200442,-0.8143449595618384,-1.0382211793052505
d00e7eb9,5704,239881.58228449593,103558.42594181994,6.484980790744733,4.26091589537977,-53.92620922584797,-26.5131689278813,24.620325374156838,10.012873326513304,6.961826266836402,9.251002312298088,0.848684616884313,-7.237309079278535,5.882162334854414,1.6687754302059905,1.2760785529227885,-4.085138860218018,-13.177322595794925,-7.822993507118087,-8.733294141974785,-2.9678920540667946
d011f41b,2267,432079.89197642886,360226.0996877878,13.80563120654818,12.605550826519217,-142.85074305587915,-10.967397045723558,1.267440347826426,-3.211794063865528,53.19444481175408,12.993775278313844,-6.9915160751174685,2.0065242928124145,-26.104383969536315,0.7879070997329545,3.2883501650932345,1.1281825528079445,16.932740447449657,7.749042238694523,-0.9890167732136377,1.0631067332036914
d07aed8f,2957,29083.348784158265,22009.455030425794,3.1361479565646153,2.728217449784013,14.570391322647442,4.969700179574719,-2.552251958660503,-2.5774722658178097,-9.00374343147778,-3.147027584487604,-16.3269906238057,4.2016328953217945,14.530090048421044,3.377903270676846,-6.06276029261948,0.14986542592141305,10.981919656956844,2.1748686310127057,-8.626736805110752,-1.522914010398467
d085e611,6191,520808.7426225134,454066.9777866052,9.171887749782334,8.564057162032531,-7.187154323324019,-3.7434467969476524,-0.2594242117750397,0.12154254177903664,-91.87965016548964,-5.099736089939824,12.36896986616369,3.4823358667476763,2.4869250059629286,-1.9850768182492602,15.822208370504196,2.34370370419661,-24.599459662070814,-1.2355426761169708,-13.50887955172266,-1.7129062185514794
d0a0e7b5,3816,300423.90964329254,280765.6904558028,8.872848450975962,8.577640391720545,88.05702965579555,-1.2725643217615965,2.4595252165639208,0.27985534540003976,37.361546943175384,11.452921189941708,-1.0516170383039483,1.6899130969683376,-12.768974252465252,-0.43861719662078713,14.163656164087481,0.5646451798904201,-1.8377280961004856,1.146345050628791,10.702825103148289,1.6950013915897308
d0a43760,4041,811302.5508331509,847441.8084864009,14.169254323549007,14.481398939342368,156.47062227570933,-5.6766206461408295,9.322591226041883,-1.0226036057280932,-22.365364427449197,-10.624009101233874,-9.813300036014477,-6.6456963067842,14.749228571603314,1.9834278227178757,-0.449782428500434,0.00907837414807502,1.5149915474600342,-0.5392553707371909,-1.0718212626320482,1.6963469838295797
d0cb63ae,5223,1287853.4221755923,1037154.0193284485,15.702659203607384,14.091642425189901,-103.64688992168215,-30.27725744095922,85.43310698032477,1.335985677104437,-63.11736311972412,4.558601357235521,52.464681070095835,9.241204366762622,-25.79203433631032,0.6015625398453394,-15.968746746896283,-3.9765107151037506,9.910181393993685,-2.7130541853113046,29.977898669835916,4.215081812703105
d114d9c2,6206,558118.9201447652,542450.3757529595,9.483256273877497,9.34919292103482,-92.16783807084198,-0.7473628601386332,-27.448159721661813,-6.009809123859486,-18.698587576465464,5.112708522867643,5.596703583196111,-0.8717214748340629,19.266370954332395,8.170201547328515,-2.3239199560565895,0.1978188589589493,-4.824170696973253,0.3465247320961481,16.963438931036702,3.161123253807785
d1457cc5,6920,642907.678266525,701580.111859827,9.638762049845617,10.068982531929365,-29.907861410887456,-12.96089381268547,12.878788240513558,4.704189386640811,-25.16641652294886,8.132888052321452,-83.5180579304244,3.2281155891830693,-0.5092633410372018,-1.21530216745916,-3.6044608483424008,1.8581521221904822,5.334896829161163,2.4065219945563467,-11.211919266925454,-1.569021470372603
d1ecf309,6168,581231.4236746742,761607.0608648107,9.707387372360358,11.112027265339872,101.91081044514986,-17.23456075849262,-5.887134363786727,6.540920129659474,-4.778701878274269,5.324714102393516,-32.17542581037317,-5.486355185562141,8.28842330000939,-0.8928049328506198,0.7950750710796244,1.7665765825135888,-1.6771600802378104,-5.717097766167338,-7.5138839166423335,-0.05171429706459111
d1ee630d,6290,1062879.5918219087,915463.7042741845,12.999202567091247,12.064108723004551,-138.96623465091838,-10.31211729708959,0.2519946581546761,-1.394793253052605,-9.104534263765828,-0.49757475040774396,-13.576997297281206,-5.882010348582439,-8.784189454637428,-2.9753606238728474,-3.7348512279118538,0.2948678558603732,3.308791780002662,4.794911431489221,-13.294531051097206,-4.702596518041265
d217e0c5,3838,57125.53047497452,51872.971656908434,3.8580036821399686,3.676360395472931,-12.039584805372522,-13.736585233550091,26.854802969542128,-2.6163753831779557,24.90250764478182,3.1906359200477405,7.035142250323716,2.4718000676725476,17.155166217525462,1.5694376367156733,0.514961376095685,1.5707299717994094,4.901899187660486,-0.4290637936125156,4.33240555881363,0.5479706564338921
d24ff243,5641,370534.59600602946,371820.14802380913,8.104688578564234,8.118735819303135,68.78848296902201,-3.8522015047249254,7.311221502659014,0.4305220241617354,32.05620874831815,-7.74049851656721,33.06501128445998,9.40047458443236,25.42045128669751,0.16788221184872806,6.241990684974616,2.438345030413224,4.054548269939843,4.255177350481515,-5.8760031364118905,1.9601095133293878
d273674e,3899,325342.09434172104,332937.3683982486,9.134683646958612,9.240695373562723,-89.82599456868158,-0.5362603181752281,-7.043394328981302,-1.4700992910893924,21.034684085582548,-5.720131598419415,19.09051496164782,1.2657597911576062,10.010859145706908,1.4275205785903844,3.4471702211826027,0.34882836722942867,8.44767883530032,2.056321540778074,10.895179236408019,-1.3101782038595482
d2f3b1ab,5581,826475.8906143397,854676.2484619375,12.169117467068597,12.374988563913332,17.998396146595763,16.983370212079265,-72.46614387151985,-0.05494350437574509,-50.555632121173446,10.104429988530939,-17.852019416014393,0.8503157727953976,24.076341672424583,-0.4806946111002464,1.1373854390100042,1.2224959552444685,-2.9865850833957213,-2.1082699391988804,27.020818744929347,2.2267471913491406
d3df146b,5787,259360.40165992855,228559.99646944154,6.694607101281358,6.284538181967592,14.820378573928432,-0.17684353311684564,8.338274972925772,-2.1168910988381064,38.74388415917016,-0.21197367731749278,-35.350100573548225,-3.8307247171228505,-23.818916606363384,-4.447815097902283,6.211217679989789,-0.016617015774964373,7.355203303694592,-0.6147063736475664,18.864336505725856,0.9179487184608227
d40f61d5,4039,79247.2971866164,83011.8492638534,4.429506088249811,4.533494757084904,25.346034834431624,-4.26437211479764,-6.022827605540398,0.31842223713250295,-24.849862409020893,-0.008162137367607602,-19.038322846840934,-2.0430613002160234,14.281408024527078,-1.4341985556265986,-5.965041507985389,-0.05117542086964459,-6.740468720953236,-0.1808601576493481,3.6304444562329437,1.0497956365054626
d41beaf2,4753,664240.5374062482,541856.5831058256,11.821668613719115,10.677221932213369,-113.57073818117661,-12.71879712953417,24.38389012459807,3.057247443716731,-0.9137632240090336,-2.2089492684394165,53.281292969891545,7.196349827358989,15.64346937419478,5.018831605016301,0.90139007798515,-0.5378111483265726,17.036456352869834,1.41135125389756,-15.977470009395816,-0.6026468948250239
d463e527,4767,242323.90938832107,242740.84084189037,7.129770612616489,7.135901555474046,-45.45736549994008,6.4663206260928305,35.19384887595504,8.333927195789052,-19.31178116158032,0.41511569363208134,27.360812168295617,-4.460114720694387,-24.423007509988835,-0.580086925977443,1.8590409105774761,2.287560829116327,-20.677124288387027,-2.9544395988306684,-22.410152920929885,-7.279068806698601
d4f60a28,4501,101325.97073550918,79357.43044706546,4.744668560155199,4.198936356865641,14.52120711922808,25.45517827960321,3.5569641994887133,7.295868974855615,-8.4051874837261,5.367060295638094,1.1132942619323576,8.32320041972672,-5.5252917551531535,-3.0293515744073853,-13.33780833545273,-2.1196705449592708,20.406625101574512,4.336460341649143,-10.957073984656349,-3.6591898433051897
d50c649a,4873,248694.548238455,219965.46136481833,7.143892764091716,6.718603955157853,-56.2033564227042,-8.891422232912834,36.35924667215996,-4.360515159549488,-3.474389887789542,7.6180929162483935,34.244309085639465,1.894099955231966,9.924595243692831,2.5233484128622115,-0.821350589277591,-1.228203248542093,-5.884187115571952,-1.0617453274943842,8.812359123790234,1.725768086336919
d543916f,4799,195263.94016560933,187262.1229561206,6.378750998267399,6.24668485458142,28.574897723546997,-9.179737407023818,8.25799113065614,2.4246532027572067,-55.92943055857726,-5.764796366079817,-7.107102471884325,-1.3870835051770694,0.8477283195523464,-3.4005377724296375,2.7254649279644383,-0.030479029156774095,-0.07799752809330611,0.15522016236318362,4.010948088690176,4.644099087847468
d5df0ff5,4032,211305.4087292106,100087.55555844649,7.239274509158431,4.9822989141412215,-55.47071036458501,-27.08324537024975,21.024215969516163,18.950749630979004,-35.97978420242278,-10.981792581841631,-22.99428931451695,-1.455615177768348,3.1298028041928703,-9.433730101774135,-6.451159555526897,-3.6734109270053223,-4.951948825981336,1.5771830576445534,-5.868775967892377,-2.4753707538166028
d60430e6,2511,133877.536662769,191169.71819059417,7.301809529597366,8.725417039042588,73.07291002370705,-13.88073961566354,-10.551563849977775,23.84480765272506,1.9957921517260282,-8.688831593373273,-8.749136963392285,3.2886773861658147,18.534990337855312,10.603073207254221,3.8097325271572586,3.081556586222883,-5.815912628332721,-1.3601310601058514,-10.783245289196374,-2.837781005187725
d63196fe,4510,803482.552295583,759581.0843452156,13.347500760899528,12.97773194600481,-142.78208641419053,-4.949492110576301,-27.556886290767714,12.919615989119972,-31.611230034219215,-15.751596892391404,19.15483361434361,6.429947189197643,8.592408089634874,-0.5790555980889848,-11.81066321613972,-2.6941206211808706,6.309118210539097,2.3757415218454905,-5.471679042354685,-1.4054196930850744
d6c320d9,5452,553454.9866218441,603244.8534018554,10.075421619153868,10.518865187617118,108.10871671343867,-7.687215805716809,6.7530695644050125,1.3260552723818053,25.598204774938452,15.019928336799163,8.954176258047063,-5.7441245357004265,-3.0968958517211,-0.0895828385044882,-2.458717812655808,0.7926183045494037,-6.711927837174751,-3.358053477072123,6.608193828474119,-0.2757232374613697
d6dd7330,6193,354696.2699734324,328819.2054178587,7.567941576269592,7.286652319226682,12.03508626452377,3.1971763038264434,-4.80980914788484,0.285260582297966,-66.8193313290606,-2.4301288376043546,16.75887738636796,-0.528529646837569,-12.179230583204546,0.4486758735992085,3.5400014523540277,-0.10783707717529092,34.88776074084464,1.5187963708958363,-8.159258087677582,0.8376640148411442
d7ba4f9d,6023,199648.66795808647,249706.97386065184,5.757404950547035,6.438858841537621,-50.37676222436043,8.63069818076824,5.471319688028611,1.5853760785227053,-0.9340463259826451,-5.762296279278209,-30.305810148689137,-9.930890850307566,-16.253447641102525,-4.161812660983637,-3.788212660173592,1.7352599643371824,12.20678752096919,0.3801856694347537,4.887928807041712,-0.18364610000294065
d7eb0be8,5401,2787288.122615792,2494632.949115943,22.71714988365559,21.49147576747443,138.31238682285775,18.31776274415642,-127.88083158299492,-2.0834159710665907,-30.23696104883186,3.278551528550736,-19.2361218455763,-0.5718457444192409,1.4808827601414805,-4.617799923729572,1.3384604368476603,0.21553242355569976,-8.07077980958319,-0.19047709555180165,4.038561110240982,1.7116398564353255
d84b621b,3994,474741.2935034115,411744.2850613126,10.902459300729307,10.15335941087075,-119.48991784278692,-8.601496375361581,13.805271503269532,4.384858031247599,-10.703364088612812,-0.2459556166568831,-4.214269931608652,-0.5420111070220164,-9.673645442724387,-0.9819108270291441,-4.003346222316733,0.20142111151730635,12.95347655018843,3.9864383545970776,-2.4613367270879816,-0.35201432214658535
d90aa14c,10018,952036.5576808548,947790.3913989458,9.74846639699381,9.726702596551998,65.74041651357916,-8.411092378174677,-12.747190645153683,-1.5985711281222172,-13.263732541104678,-2.0575371209437994,-2.7837749683753823,-9.491977007326408,-27.975345631543973,-1.9258188299090453,6.04545387753695,3.1664342173461213,4.530282504008744,-3.077007546516692,1.5140022582007178,1.0692423582390103
d924e971,3184,2225486.309109468,2210706.4092640704,26.43783780751351,26.349902079381376,260.3945224663551,-4.197909970070265,143.1520007170746,7.118976943353182,-1.792968627369548,0.1262110554786405,-6.484096740902598,-1.3052598540000795,21.777504868269574,9.080459820561064,5.737973331219245,-0.2144658490988412,-4.3889024104365575,-2.5770990055933694,3.2514587605022043,1.070739627072911
d9ae59b2,3648,261499.06922678417,316143.65290483093,8.466573030980191,9.309252685100578,-88.74297262361013,8.405865478142314,-32.29786045145204,0.06904528844338956,-13.4364790019355,-7.59544256874162,-0.2365483282351372,-3.9119194922093556,10.953730886847838,-7.006500011424693,0.8405026749723025,0.6165874155681648,1.5247129547551992,-2.5282978616177156,5.853790078020991,4.998367219648823
d9d6d94d,4919,268187.2684726358,223715.75139267388,7.383812623161651,6.743880564228654,-25.490119294781387,1.5669075178578669,-49.39433674288213,-6.096949342154353,-18.4221509538733,-3.3595475559470978,-23.525594993900818,-4.974886416123349,12.070056339638606,1.4224749786570448,-3.7941321839054667,-0.7544610278034815,-22.178627348111267,1.1753651660108388,36.19573412127292,5.537912272311351
d9eca87b,6373,1665619.5557349124,1574301.1665998804,16.16649775711741,15.717083100143647,-47.083761581762616,-26.179052192891692,-87.2694939109318,0.5477787086173361,-48.90411035980761,-1.297214214685552,59.88670440050775,4.159072494148769,-29.866984799572446,1.987233803696181,-1.6955199410487096,-0.952884778860188,-29.534370769026243,-2.2000951058259277,-13.316726844248368,-1.9612345151513693
da2d4d7c,2114,189253.2284164974,121190.29574535208,9.461699630313522,7.571491361092817,-104.02973898348016,-21.08793883077852,7.807679610174873,4.3996174464326705,-6.165197958883612,-3.558263390206964,-18.13749140612114,-3.0288957551044704,-0.7928519075604289,-1.2486280433666972,-1.2552865611346733,1.5457898673340942,-5.829714818990295,-0.8319371521756611,2.0673437427404817,-0.5122240110321903
da3bfe4e,5549,3681195.9956420176,3326074.748527825,25.756515466198774,24.482662184027227,-281.0944968005466,-13.758177142900232,22.47462469148135,7.222132768513956,15.882621931747002,10.88273388298455,9.706283477725822,5.240317787422378,45.562477650886606,1.1733509857673865,1.7811626709945856,1.7381887033234193,-32.812054509189856,-6.864389054822661,-18.384846122687094,-2.8876865996520853
da3cf798,5844,808952.1300001388,788827.9275597049,11.765389458792551,11.618124747514985,117.45992435236455,1.9961671293136996,36.46286897931866,-1.1281982696395576,13.80734788147276,2.128096596031409,-11.821446807755517,7.731063932358613,19.187160763205362,-1.6767898829205499,-1.0965962227274497,0.5330035999949518,-29.90464259098847,-2.7863014181419214,-9.6568721164284,0.8320366062532774
da940160,5132,482852.22687040415,471081.69413853175,9.69982268833775,9.580866533586523,93.2775730220623,1.938718972427474,-20.13163636108281,1.356800125560714,-37.136733935022434,0.7053744249651628,19.33210123149508,1.5056762275790958,14.166371972123041,1.5187016072858666,0.9736458563808441,-0.1494339070210451,-6.971157898534377,0.7514393514214529,-4.861681776330914,-0.17368984495606304
dafc88c3,5572,2080122.4879476475,2686262.1456154124,19.32141375322942,21.956779584183952,205.87646582404142,-36.13560691895996,-9.90506489850427,-7.47876598396532,8.70736163878437,0.12941948722911292,31.434636172057964,15.918892752328384,33.29013458549554,9.578435689578795,-5.879819163125241,0.5532662055228158,2.4192018263754376,4.135100824410946,-0.3276007576281982,9.02358194934954
dbee6c86,7369,137917.41511393915,157051.7193773438,4.326186882845352,4.616544959481944,21.672797211272876,-0.5540559505811942,11.279705152445658,-7.784511798365292,-6.823169418455177,-8.8506968529809,9.81357356630213,-3.672377366329924,2.517884299531091,3.4598762036098307,-2.0491927445956164,1.7020004560857926,0.48742654800760493,2.509990868943494,22.00777214669569,-2.4697964542788617
dc5fbe29,5203,316171.8312025242,229501.66491276716,7.795333041077801,6.641497404858089,-39.213189357102394,-20.97690793158072,-8.555175805522705,7.911160169941903,-55.13410751615673,-3.5550276532217078,-20.294254529392752,-6.894242396885152,-6.568401126375248,-1.9460655584649245,-7.197846678187139,-1.9654759226776264,14.581191188943972,3.9016385470575203,13.419356126934286,-0.78539778183493
dc7da28f,4774,524567.2788771695,681904.9501128054,10.48236773251517,11.951453173233416,94.3996594344502,-26.986136597762812,36.78668419151273,5.2129404431636885,-15.232107427656388,-4.624315618119303,-15.73238901152167,-4.763194123501,-0.8574846679478668,-0.24693230224449642,-9.939855863645363,-3.2633320175715648,7.483297853085665,0.1389412639361786,8.152193679199275,3.3158819881477064
dc7f9757,4360,255605.36693876667,248611.07399599042,7.656701911415096,7.551217685326683,-27.554619353651496,-7.820850944374003,-61.973338036134486,-3.603604780435103,36.480897901630364,-2.823287693772695,19.439518049971923,-6.905426546070315,-12.152135519497945,0.8041058371233125,-1.0964450934040517,-0.26504916742928264,13.112074032521003,2.7163973468555884,0.8308567977218658,0.21010785075796154
dd168de0,3304,43336.08096306933,53495.60612147126,3.621635992870003,4.023824558843047,-10.50151253963809,1.0219318973053864,18.193157982037057,-5.678288948987858,-11.399116248372545,-1.9515133114720888,-6.25593057050865,-4.289252978668353,2.3662470934572757,3.1386473144286686,-1.5542427457576449,0.4397404935782652,2.9539569270797053,0.7281742855891691,8.556506568395218,0.31708901508951925
dd64382d,3124,74067.23169311997,80721.62285383612,4.8691992210358075,5.083226126520502,47.90832453827632,-4.203559242075207,2.9756153592438688,3.872086143832662,15.237085217109643,-3.0525575838409584,-7.2239958719705815,4.851341277438137,7.8702752984021105,3.878617764892263,5.337893177266922,-0.46368935277598633,2.6008134994743792,2.795847979041839,5.050460622519103,0.8740646264624132
dd6bc5b2,3602,374801.04603222176,275849.5388558274,10.200666356828187,8.75113285053065,93.45951934298583,15.240909267903778,-40.870635497013474,-0.6650732759293918,-14.584464634900252,-1.5844127473867893,2.0160947693886944,-5.2948139005004835,27.37658237332071,6.22365736600572,-5.700597209050535,0.2928485037476417,-0.7534976975365637,1.1066630230323837,3.990592056506403,1.6490325255823326
dd7d638e,4301,231098.40243518128,237168.37512289252,7.330164995705061,7.425807175774645,-34.16974490169777,-11.847099244157752,14.33117813258408,-3.190219525069181,4.880302169490088,7.970731536211678,4.486642975012645,3.6723885634933424,-4.752945465451921,2.3486776102899483,5.088995300964941,-4.239373423594919,5.30306158782683,-3.683964847449606,8.608042006306471,2.294391748323704
ddc790ff,4726,114841.17446075064,112632.68714983235,4.92948959211335,4.881860487311089,-36.656178188938185,4.404988660996494,-4.616550355967326,1.3836600770557197,-20.84447320686374,-5.037088337111309,3.004889326013095,9.524990234069618,5.916283551833166,4.900528696033297,-6.018155541024769,0.19079107121493416,5.471287864595633,5.001636629333866,-1.6970093917753786,0.3757411208037747
df71d1ff,6228,1243168.734162179,1232442.8183226334,14.128326983054498,14.067246163735208,-133.27465124103895,-1.4265553752831075,20.98693962512032,-2.7551888305505603,71.46774975209732,4.689674610944676,-16.91190013773858,1.955828209143646,36.30078385369357,0.21613295601135835,-6.812063924374579,-0.6658894016646377,-7.963835305941309,-2.682761755959014,-5.111278790565349,-1.347587725514622
df73b8f3,5311,748307.480067678,621283.6087139288,11.870032075360859,10.815753908728857,-43.56072842362669,-8.947987956463454,-119.04189932902864,-12.159067132892094,-32.12056479167741,-2.50059432538033,-6.993325384312381,-5.403209145448793,-14.077497538447687,1.6624884126853523,-3.9109384857112146,2.7687567418312953,13.916674051720452,2.933510284905165,5.552249039110743,1.0515140018771594
df8290be,3972,525878.6762981251,410848.6353106114,11.506365376773763,10.170359497768493,96.19156872443544,3.101278700776327,57.50352246510935,13.23910097187677,-17.64661556420409,-10.247483568742284,-1.7894124963351952,1.1266193496444035,-39.83676080172419,-15.031205081480422,5.1328194138652155,-0.158338096117844,30.858029097408455,5.295283383871318,-17.813291393873136,-1.9962829391656647
e0079ed1,3471,178831.6818747482,60793.33546544226,7.17785901256419,4.18505027082808,76.83702845283456,33.64924034523209,-8.565407592126094,-3.2733247178740763,9.35259998563247,8.117937725433716,-2.6327980891867844,-9.507633243926142,-5.074119766735089,-13.220869357624938,-1.2797577376510882,-1.8623010311328059,-2.045143370292852,-4.663087500583124,-1.3988571822187144,1.7330445992048542
e03b45fd,5342,1086465.7391919289,890263.9929778336,14.261200181742177,12.909441755663725,7.449696064227598,3.6471682180709317,-24.824277255120425,-8.7576381701488,22.55928618012856,10.384413355053326,-43.04383749759991,-3.558863500745209,-81.36044942876765,-5.692356519084514,-23.433131519220375,-2.2516010336114256,-34.214604087160936,-2.854286321509125,0.32126121255853946,-0.5128357015569832
e0f36d98,4976,536026.2033972853,480408.0181705841,10.378935771874165,9.825732528865984,14.507834710213592,29.937639425404747,-6.390332196831149,-1.579863132475898,99.95450517288603,7.805833812633869,32.85207439665775,5.261370851785801,-17.97596593586355,0.3305052200780047,2.9550323576752793,-2.1941620687759444,19.496547733685013,-0.13761828083904465,-17.868439416360413,2.8530553007453756
e149204f,6097,963995.2282908388,843382.1263746066,12.57417049104803,11.761266719438058,-129.41834703884177,-10.935572108167392,-9.950854259734417,8.728271534177386,-17.78963361506781,-3.5111081425333466,36.06089109098788,2.689017372254821,-28.367411449542136,2.9348564059935343,-2.6455333359653506,2.901159062176132,-18.487118457061435,-9.784668843773474,-17.658578512124347,-4.3909893372375155
e14d641e,3184,162168.14899059274,123650.43173406224,7.1366804326344875,6.231768175232746,-58.49864665220518,-11.883320384008629,-11.711715003159224,2.320944459720735,-38.00346437664841,-7.132820158970293,-12.260276017582614,-4.153919164464421,8.115505672054358,-7.365668167785766,1.2866066647056231,2.1236484303244265,27.818413257710283,5.883235039429894,0.6043447488229757,-0.5285376261491086
e161bd0c,2949,28253.011368988224,25048.25264837051,3.0952446801569806,2.9144145826511227,0.9310513504787614,14.478695009855409,14.165362338534447,1.4306854716472899,-0.8135573738825906,-2.9908272816333996,9.61058123468363,-0.8804052640343398,25.273754556781217,8.05617730958193,-1.8018529422996727,0.6066405263900646,-8.258657168425929,-1.6895866183687815,-2.9520061843102114,-3.2587220300370587
e201fd6d,5070,1256525.7544717009,1240348.1414542147,15.742790557296615,15.641119008470053,-105.08718935859213,5.479926067699149,113.1043113277987,3.7069668737329735,12.026190101109487,-2.697016042966419,51.11910434106174,6.659404685569454,38.20496744835428,0.4832979544391807,-11.206114136714492,1.1440554127722355,-4.725346849746425,-0.6655428345728607,6.9669955874547895,0.6479358962857635
e25f1537,3177,214566.8092053133,199319.97126213164,8.218123511262695,7.920759019050881,3.4227617386704994,-8.931930661990847,-84.55665603289393,-2.6579326265408088,-11.885758544796587,1.2948252990722944,-14.671522974203109,-2.9854449860325234,26.104869874926152,7.459318557495439,1.033544989304822,-1.9531466906731965,-10.844254874181832,-3.280605057643271,-2.9825682340805164,0.4015003609596205
e2fc7745,3692,287077.6730559502,182810.66138265718,8.817974985385822,7.036714223986848,35.20421415688922,19.579578166075116,-15.708899502921872,-1.4600561111684773,20.59734910848585,1.6765810880302738,-17.195485847401294,-1.5654824645603287,-4.792713696092197,0.13513318934722368,-10.439487241631614,-2.299259036103981,12.366959265539425,1.3443675894419471,12.0367828899287,2.824342134000738
e32da4ec,4689,303805.7703269555,238076.0859972472,8.049295900705317,7.125539807700867,2.242554991764434,14.792949347782098,-28.847247854954237,-7.528358929776054,79.7421188546542,9.235121745162342,-10.80717767871186,-1.2826511199147492,4.81914794098517,1.734030200453439,3.65214789082835,2.131607000558096,7.601052437675913,-0.12393720712659491,12.25476442955693,2.7786255417614374
e3b34f5b,5455,246335.3285420229,302394.26118151576,6.719948940026094,7.445423316099286,-61.365223497873764,6.625817241461759,-15.554282372232265,3.608033458168573,26.2087709556853,-2.9259420879962956,8.165255482066614,-0.4937377892307374,7.263653096292154,0.5510560594988047,-3.4289200903057506,-0.3757146668858474,-9.28187302801177,1.6470127584777257,-8.481054550367976,0.18800066633096318
e45a2a62,5007,2275703.0689620944,2150211.9523995514,21.31910663610351,20.72296245322896,212.6643363246019,3.8325808058849957,-33.56578808060958,-1.3144611552157652,-82.96655842580041,-0.7496493037556055,-19.718864956157468,-4.335879217797043,-17.90546574683019,-6.3296959015238965,-17.97336153795075,-2.5149634796183693,28.915257212851003,5.838409749955373,11.303080186907962,2.0099897728094973
e46f4ef4,7195,317966.2178052918,360293.5887589568,6.647756316623739,7.076408051027725,17.858520201251416,7.65664160371564,-27.72724402949292,10.234307730676504,40.28174303162867,-7.311886123292058,3.2228036649792777,4.389067396837932,-7.395171425230933,-6.298974347565464,4.073615585601563,0.1645342062133941,6.221024126654948,-2.3829747297373847,-17.556689727768774,-6.575731583873067
e4726608,4733,97678.49850268633,97392.00596912291,4.54287968844174,4.53621262831918,9.140464411605606,-7.104369144588492,31.377482905920147,-1.814296435387409,-5.848217019919781,-1.53654525891624,-25.468334636516655,-3.4189217696681795,-1.3676590197025373,0.9370828837685158,1.6806849986305736,-2.1813295677225453,16.66474048951623,7.828541157514332,-0.5298892534410203,-1.2945201253562506
e5864244,4469,2824693.6996013704,2733727.9194436036,25.140881631348375,24.732753367896933,275.0836365606882,3.9446302324600326,17.024044176682246,-3.2241543682277536,31.52784479379742,6.450864527516137,5.381639746334078,-7.779437838051512,39.74812765192678,-1.4332573401488164,4.548789323232294,-1.2104093318978406,15.324142222631949,-9.64918560190271,11.059674383690549,1.8684596395137447
e5c92e59,4295,237838.37963682527,217491.21171240116,7.441481126696582,7.1160546110585186,-57.5519661615517,4.964980232676357,-13.707681935042412,-6.6531212867047245,-13.892506587236308,-4.972061803141809,-36.21047925692454,-6.1437163463046955,-32.022429612123034,-4.677673035361055,-1.3622051464264657,0.16149395734474278,16.550925690222083,5.237401735286267,19.061407088101117,3.2295216103181708
e5ff9fd2,2354,186034.67480492976,204199.56894968564,8.889835412646645,9.313741525406181,83.32317367244012,-1.7380573449865993,-24.819577033583194,3.920283848252251,-35.23428077874338,-3.0713671776242046,-2.1383356737544164,2.56988769594275,-0.4319825641839472,2.5883740113799316,-0.6444461156579233,-1.2777952304633855,-7.5527761412525365,4.168794491421347,-3.897521235817731,-0.7824584049800002
e6c55748,4472,1098863.457683331,1160497.0431579032,15.675484329461014,16.109094221198102,141.33543521606026,-4.220969265579052,86.29281673221502,-4.602527368089733,-22.927041556575695,0.6980097455851366,19.217840724340274,11.162745367981184,16.942766109294087,0.043747150439344164,2.9203847411520756,1.417369152596232,-14.393585840680089,-2.848642289340628,-1.804970946446209,-1.8065549584676721
e730c32b,4728,668454.1808103003,673360.4902738325,11.890417063243861,11.933973832944163,126.58521503452971,-1.7830656278396446,9.30013055974179,-3.6657518544431227,-16.285341304509764,-0.485865903722212,-22.54639473843137,6.834207952538025,5.728138124177626,2.7181983750737055,-2.646841445815285,0.8858739268224284,0.8694161130442215,-2.412915749045596,7.323194003129008,-1.9401652947214447
e737965a,5955,377997.2188131884,348787.0615638393,7.967157805332954,7.653133694270234,9.597011949935958,-5.721191485063747,-8.611206743029063,2.870135075439939,31.018680118352286,2.706256795250225,53.31629327046717,4.513245016821111,10.289521389374013,-1.052074547879298,1.161993605561736,0.05184470040322893,-20.023574947493096,1.2229734337619829,-40.26587256375766,-4.665368768495572
e748dd88,4812,165228.13760468023,280790.1513077166,5.859751440996969,7.638852532878219,-60.323733250968345,22.012763614580038,1.4066267685422478,6.159370483346491,-18.28282990454843,-2.0856679909979854,5.555033942683041,2.1379628121421694,7.700283395759008,-0.6449865550818437,-3.370152476842043,-1.635656824109203,2.2198292910494906,-1.4287487239692136,6.64645133026207,3.6410210047162366
e7818f7a,5371,229652.39527823153,169373.400329868,6.538948449215028,5.615585281216711,-56.434524433728505,-9.663057518936338,-1.9079522106827724,3.872951960979391,-19.757329987690056,-3.2282554266226384,-27.225389490291764,-6.323841363158842,-8.077370183307563,1.1301992647975354,-12.370925605795835,-3.58463020174207,25.418217512074683,2.643500707478286,2.025031733702741,2.9181922624765853
e7c36e81,3531,255192.12976070205,208710.63805028828,8.501288984856968,7.688178077018653,-88.84811800164073,-9.890646052132993,11.817152723609931,6.411818525792512,10.447567559981696,1.1927207237090371,27.23243139263201,1.075351420705583,9.36384845512102,0.8335858669580437,4.7382038355177905,2.185683777325713,-7.893098382827498,-2.8114221463160654,4.889977176575401,0.23165325919562035
e7d0c1de,4711,182642.6167131009,113902.02969575569,6.226507394614932,4.917101570773505,-45.813032928847875,-9.135179674675545,-18.366343028521335,-3.980088990039262,-42.38744946440225,-12.022814218864369,-9.016620254757642,-8.287146015320298,3.0066492450510234,6.785043793877394,-6.928632021213663,2.7068152818987037,-14.40813857761963,-2.8562539588019806,3.1458859421426757,3.484834021695948
e85074c5,5675,1527724.876057349,1567070.2514071823,16.407395324416715,16.61733213004447,174.40639713928277,-6.284794308068705,-14.81871764222251,-5.308157676299648,40.677980249317976,1.0986761128168123,13.089656315392693,-1.4893139613566964,3.9144450697650157,-3.1566412198564935,2.3710164290588143,0.33342022291644563,-14.327809307768016,-4.058780618138814,-6.44054057931042,-1.8437333047226532
e97032ad,3530,159850.82176644678,136819.99402527037,6.729303003581246,6.225689127021111,57.96421625068664,0.02776981623062369,-24.212611948802174,-2.0521746731824506,1.0372735074630188,2.598250317695024,-4.905988210704701,0.03962870284027113,1.6449511932842824,-4.048939724207505,-0.3165381868569771,-0.5543494648486001,-5.044105555269584,2.0462270693385762,7.338793771249887,3.6842666336840737
e9949a23,4559,484090.1057649223,404746.92062378954,10.304532825217255,9.422301144404337,-16.54704835295302,-5.9482726380026465,47.27365510199073,3.9217463089816293,56.2832887367887,-0.9451518899135308,-27.841959579494294,-2.824856210570276,0.9987320767561798,-2.6455351589321174,5.86374156047833,2.163978320128638,15.259164157299267,2.35144522018753,5.2933967885851105,-2.7223110383859987
ea0b99b7,9239,647483.473303984,820301.9143937442,8.371472603790258,9.422678622950286,-19.5983307698594,5.662062282998562,49.2063658995338,-23.195567440762815,-31.232917177323838,-10.764046486091697,-14.285154563922669,-3.344051746144994,-18.59167916318618,0.25193420710955616,-36.46142230167861,-0.1507784093073708,20.451597992360586,3.6853161445371034,-1.5891036174980624,-1.5415762762710556
ea3a0e38,10052,794812.6455453569,739251.0769016448,8.89213697793489,8.57570322040109,-4.283572114164743,8.470235795022711,-78.3688390638873,-3.4941164800530613,21.74986919702848,-1.802419587750057,10.571218301579233,0.8120435939826709,32.22243244602571,5.6222841499546,4.682512610930494,0.43110292754739826,0.21993554462722714,1.6445947759861859,-4.124812109109956,2.6338067045671214
ea41324e,5025,294930.0909455074,434931.25219380076,7.661106670190755,9.30341243972565,65.15271540551211,-24.850762964267155,2.398562637270014,16.0030741975582,-23.2152765350506,-1.011535377762929,-20.956984049863006,-1.1290271380705796,-13.54026689515139,-1.3211186270464619,5.136775979206703,1.896421266491749,7.485319343404773,1.2672787775251804,-2.2791031125010086,-0.12778966543848394
eabc711b,5348,1177885.1581571635,1373636.3738809226,14.840747479277217,16.02655550263859,-129.04570869269253,17.692181862285082,-45.653555910877515,-18.221955914304218,82.07326605175987,-5.907679194086077,-47.587592445871884,-4.486374804937215,8.542693257696031,4.160936247522441,1.1198957387947746,3.0537318271858305,14.821052715000466,1.9031625165453527,15.656693649208782,0.10497957355650549
eac10e86,6067,279640.63863437524,277849.241271864,6.7891146869188335,6.767333978471632,-66.05682553410436,-0.18885286138133495,13.732662898886613,0.1124602295433949,10.98983654374221,0.6803927601415516,-19.12776610767573,-4.081070186677463,0.7808982457512645,1.9146521353153563,1.9701778074693184,0.8210345150264804,8.334693812298354,0.19314061063625582,19.131318251099362,0.6027385245659523
eafb863e,3568,189666.194593827,221396.31507120933,7.290923518278804,7.877216306234355,63.7902586626886,-5.200834813927665,-10.604480179185487,7.110447427755697,27.926407378971657,-1.2245906998484095,-29.079994659986635,7.080502756141162,11.309029227112642,9.017164315536862,-0.8303208357924934,1.5776455565781267,3.550710201403245,-1.5743141557057787,4.560738635838449,3.5363130389386903
eb06a4e7,4535,244831.278537389,228783.63516363324,7.34758814146982,7.102705901809027,-45.26949379396633,3.4045944469815312,-51.80958999139314,-2.1134546110124477,-30.61700501301802,-1.3567187717911404,-4.255607307591268,2.9210279096768104,27.591294739301997,13.149265364253377,-1.3703086625048353,-0.9715814386561409,7.3657159805869075,3.840308451634504,-12.925593808566981,-0.6125872775891472
eb640a35,6037,529887.5349826082,532404.3016578752,9.368741663367217,9.390964308525925,-56.822229391892925,-1.3004338649645892,-52.44697563475897,-2.132332251893348,48.09366437457366,-7.372909323345004,43.195310702503306,6.152595615144627,2.9298348028405163,6.543143203825951,3.8733379900160863,0.9603764523254913,21.784322784694602,5.229556922208408,-9.110284887366571,1.3344312225448745
eb934281,5971,61447.44061786369,44097.75314011382,3.207955710240578,2.7175947532132123,-17.422125424436764,-9.667663489618588,1.376815288524587,0.6851004455391184,21.56627670925578,2.328335479003749,-1.837844657678032,1.8922345718600109,-12.750916717838868,-1.4748778079937945,0.2559968573478274,0.4174925665715444,11.289968091410705,0.9719529809078015,-1.7689018772785938,-4.3647473144687305
eba6605e,4410,837085.0104721755,1410873.6883411147,13.77734354360111,17.886475517176564,107.8448737401081,-73.54125985677577,60.32630074400663,32.89817819855251,20.549569001397195,15.007617741510169,78.1265540549387,5.012962222406728,10.196711837722203,5.218914799808926,-5.728604758695351,-4.071028226322562,16.506388510684555,5.040623720269307,6.0503145647900585,-0.2282810983205681
ebe69318,4976,370508.8453524108,549892.1269466742,8.628972887972747,10.51231981798125,82.62657035753172,-28.353423740888225,37.856485163663905,9.289310011308606,-13.95477025177055,-2.5496116994415745,-0.6846962440201052,6.926836461975799,9.267568958847825,0.9741537332767596,-3.81420794265604,-3.020880655290622,-10.253626392342174,0.5125867092417362,7.308701239338656,1.3525153917800632
ec0d597b,4616,883082.4798797754,818192.9624371192,13.831450735070892,13.313583601980808,104.88888905542144,-5.015199233465917,23.910332099850173,14.774824998104155,-99.48527391237046,-7.412618162885325,29.798507335788884,3.4928457516477023,5.754562059489127,1.4768516101975226,-5.016872515458626,-0.05657765364521605,-10.991487718529545,-0.39068252724869346,-18.261133327603453,-4.001711802132482
ec13af42,5462,424679.3167415763,417226.2792016826,8.817687576488163,8.739970756944084,15.912269986154445,-5.462771531084288,-38.865096818552104,-2.742573996342327,34.77933452635179,-6.086459206983183,53.046557198724734,7.414150912740389,16.68173131007601,6.1774021149881575,-1.4935183662939693,-0.2847352430353608,-1.7240468967049964,-0.38041701129805816,-12.319096368534321,0.4291564511661054
ecdab904,6147,1091636.1709251835,757695.3532549664,13.326231459805738,11.102370223234782,118.2366388580651,18.018805701544625,-19.911652360982863,-8.476533520762384,62.63256392543119,20.037807258383104,11.113930050505948,9.475246005175348,42.835838514110975,-2.8755594535048092,19.818323016558242,-0.7351143308071147,-17.18397985404182,-0.9090572810556612,11.640727557136035,2.0149959742174546
ecdaf714,6592,1363411.8474646052,1345716.5348479892,14.381524729998478,14.287893190233904,127.71213414901304,-3.808899169210968,-19.48854017439434,0.3698650539833954,15.254127778172304,7.484388621566074,-80.26817904351245,-3.181366563151248,8.43318518361838,4.748403677752705,-1.2396700418566424,0.3644365716389363,3.0499220789344,2.1324856798275458,-19.91092445519763,-1.0013969074820912
ed6436d6,2945,9955.947124482554,50785.16382834859,1.8386482009767466,4.15265430808962,-2.6210465486912637,39.84286648558127,-2.5695476471864263,1.4972673060557038,-12.467209195023642,-2.3550148392618566,-0.8935764335288578,-2.0419416855502717,7.590394711393597,1.2345918787249857,1.900902128253722,-0.7596155887045623,-0.7763167875541004,0.8136803450638643,-0.9595988732168758,-2.7119373141135075
ed6e6e54,6048,667170.9034752224,628832.1397137205,10.502982880312178,10.19674301305856,16.443006437626746,-24.994544702865834,-43.33624653117728,-4.947489524962134,-14.508647027322828,-6.99161282200572,-87.96238374028994,-6.171662562029513,23.39554541548113,-6.726009836584424,-7.559112504686735,-1.727831194574199,-30.72320850788673,-14.254592105879993,11.557576707720013,7.61923706378511
edf885a3,3117,606937.1937100668,865450.4632806762,13.954152824255964,16.662981273133052,104.59035957224634,-35.46632795976545,-116.08248405762492,7.895800297077332,0.9069650517786527,-1.433078531010016,-6.18199820196378,-9.598165401124412,-5.572986574034196,0.27283594263906413,8.185635624623975,1.2232619537757385,-2.754409797235968,0.7261029963495302,-3.327332320898465,2.2503354610207453
ee0300f7,4544,1225419.5215036992,1354396.4837915907,16.42189367521954,17.264489754065128,175.1886057005904,-10.926881555917685,9.681045733186055,-5.446243137031798,48.94071028883322,2.8169368864796542,18.046522128213297,-3.7949541035875654,0.8650082637339441,2.8356539598238633,0.6633224680313807,0.09938646584474795,-3.5736456212187813,-0.9959254549063603,-13.977455981033936,0.15560750279804364
ee288beb,4638,1474552.5238986698,1645778.6609967297,17.830550478860353,18.83737317334187,182.79866939092963,-24.338200604453068,51.50294038222703,17.60405018904053,-0.34768554852210587,2.2433583259825722,-42.62455782262636,-18.37992300848753,-37.36827722929381,-19.32648832474033,6.445072466072955,1.515552407478185,15.463199407126334,2.3394369343092167,-10.994868668311856,-2.82932925949994
ee4aecac,5265,97845.9828704292,279812.728910115,4.310943314877744,7.290117794440085,29.518461727659137,-47.781775657663864,6.009678928202435,-4.220183733909166,10.909557955247077,3.0208843754268195,7.659428171818192,3.6762163823101615,8.629325231714862,12.205575673038826,23.923612698313953,11.550425787088106,-3.441284120240578,0.4252623723820447,8.90960018327431,3.0572355924742363
eeda36f5,4797,93824.0258414842,105826.44216292667,4.422544104984657,4.696910000503548,-7.935478430561322,16.10094256732534,35.60319711637225,-1.970763798803746,-11.428324564029115,3.762484129347423,0.9094917179982005,0.4019763911813339,2.1178453630649634,3.7499381569934322,4.1923851318867245,0.8377228007147861,-10.87974039486301,-3.0830855728228928,8.615596570043175,1.076652950773092
eeed308d,3899,242132.35649241583,165937.73725967982,7.880427842664109,6.523729787161749,43.26787953796932,5.888724644350254,27.899370113899643,14.08333407731935,-29.75776431413153,0.6414016047886957,-8.371740670971786,5.381485558268154,-2.3085988290111232,2.491734167915612,9.300831717131441,0.0496157873106867,-13.499613664785267,-3.360790670738672,1.4311060307667396,-3.7676472742574965
ef04658e,4104,197982.91372834248,164366.18274388212,6.94560657635701,6.328525852045661,48.470979368009395,8.682370193222823,30.135833708912664,-2.677050127966161,28.782314758830005,8.145283843555116,29.26397311400576,-1.5087653291037957,-24.458844706255448,-1.9188989943056793,-0.46301927523465947,-0.6114017459269498,-0.6361195754006488,0.4978834361741269,-4.372593641847648,1.1585499748526091
ef8e3ed0,5224,1297115.2446228198,1003159.4634251555,15.757513853558985,13.85745264341129,-148.50507893629714,-20.053231047975764,-10.749734177706506,-4.636057360379645,-13.980391941908977,0.3370788056955306,-79.84636643559983,-6.426559060169589,-14.296636519464727,-11.318438942090975,-17.241153286670063,-1.8346498145334167,37.885438673293564,6.239013459832452,10.153958679707063,2.5781403843757986
efde6ac3,4559,235207.45197474243,235936.7370377634,7.182749862385453,7.193876674001143,-49.01133634315244,-0.21527400113944067,-46.10412644258614,0.9418758484302643,-35.9237237407958,0.028674953061384213,4.1272393930237,-3.8702651782835296,-17.089687519841924,-4.856915233934103,6.572324633037104,1.0599393021436976,13.115858809778663,1.9480693497130326,-2.7041331787866376,1.723847139057461
efe96181,4012,96820.01840141164,87153.24345439178,4.9124949648842255,4.660809097064597,-5.771069192841432,-19.20874704791969,1.9726804817638655,22.367739466458822,-15.291800439612246,-13.376464151403994,-45.78280257582187,-8.937730483092974,12.040217623689246,-2.5125662944482134,-0.09834288509598324,0.18729433377858004,0.23524045009511027,2.0695801873088,-1.7197194328635856,-0.8445636306951287
f0188a48,4170,271208.396560256,290335.8635863058,8.064613120704063,8.344154081442019,-54.268117210432855,15.432253673239973,-49.422405686989066,-17.104601606432087,-2.9637004861071823,2.714708000523161,-48.43009129048181,-0.755717630283538,2.9309787313975715,-5.437851479751005,-6.280544759805927,1.8214799247522553,3.084451311580353,1.8152196344990261,15.6598163939573,5.233144267644635
f021b650,3739,75336.36037790621,100199.59849739053,4.488741387652853,5.17672694580856,7.323707845688193,39.72093972847166,31.973539679852763,3.1501809868836794,-13.623393009356269,13.986255495383357,25.74135888313698,9.364272001918177,-9.874141476364802,4.269249849550365,3.819535677297118,1.0047831572249124,14.500344672245253,2.901155822464541,7.559747566944472,2.3711485414440463
f03f10fe,4145,168185.47721109327,175959.6753408229,6.369890671584218,6.515448383149978,24.990964072713417,-10.582051472980398,6.791260731500353,-1.218095185402531,-5.231504207441493,1.3730582032148761,10.417130152208191,6.164044966861675,-22.69277188795693,-4.108010097287678,3.4889152640978325,-0.39384887198869667,38.03716894044281,4.045029249740977,-0.7164388600625141,0.7690869225141144
f053a1b9,4108,752447.8863965791,778129.1409064762,13.53390101661388,13.762921174189415,-144.7150771584897,1.5607473113153427,25.829697962607174,-1.7450340938505569,20.87254677843558,5.5102708787893695,-20.907773304893947,-3.698475538681438,-29.029201902819835,-2.058792483590219,0.20562558443228465,0.48245879630978045,-5.76620149938058,-1.129484590709189,-18.49336722484897,2.118331742732853
f074d277,2453,258314.15111058133,238872.09376116417,10.261842037464213,9.868108911336686,103.30144593194055,0.8005118839348903,-16.75191793047309,5.135157993529242,-17.781912511001565,-2.4935547460203797,-25.159765068002468,-8.724095076323332,-4.17351910465,-1.6785408087063387,-14.96883433834957,-5.63816647123751,24.840248281936272,5.485975747259775,-15.731173655912537,-1.530996891320311
f07d7037,5563,324457.31371203996,221884.12615281224,7.637025735910892,6.315512320867853,82.8253614031279,20.115777344552203,8.921629105212268,-15.403362307782334,14.420164447042406,-4.2364620759761085,-8.622063754569927,-1.8315125938728312,-0.9320567810073592,1.7872346831476968,-1.2252732441570124,0.11524005855311911,4.945284301491823,2.6773626823256182,-1.5957201003415749,-0.4488560306973475
f08774c3,3900,312957.0449137275,352233.44816023554,8.957979467029661,9.503487189397099,60.805047731528816,-6.950678089436719,69.89684341406118,-7.22124077256643,-9.488285193560131,-3.7569693401657234,22.25929637567114,5.388745046870111,-3.4884451938063683,0.696734756553046,-7.418133049148501,-2.1952876492257407,27.066034757188117,6.85717633781699,4.703657303385286,1.2179014085017499
f140c2fa,4082,631945.0013064918,615925.5291152949,12.442370842680814,12.283654777692366,-134.58507635395512,-3.6921756503204506,-18.155740717360157,1.759540500845088,-17.0897129653535,0.8518080992328659,7.028867676107365,1.0232542895724148,4.803480866979372,-5.140064780866666,4.546476695606728,-0.30925951678150776,11.726953701578385,3.3365855316171276,-9.154320209806828,-2.623240437169851
f16e25e3,4651,154302.7345766682,83358.49992833319,5.759882733415869,4.23352155767027,54.749575794989894,22.039243462495158,-10.230252758190227,-2.4562225008715854,18.88733793282358,-2.4355948212340457,1.292409323542717,1.3104373523537123,-12.102039159783356,2.5273399808547397,-14.756440956887971,-0.506514599248011,1.6194375768175946,-1.8926554969997096,-3.3052306392286135,-0.6396386515471114
f2d4c8c9,6249,135706.73502496825,204019.03029754414,4.660102171879421,5.713866341679542,-14.422994782252967,17.12874040672383,22.206969918322844,-2.765845762513859,-1.2440881896011764,1.3776239846916467,13.057232363007504,-0.733042176777341,-10.085454513312738,0.6364732121549037,-8.672599225199622,5.716725903888291,1.4843888139740045,0.8908449087827336,2.789324598809122,-0.05501839710631713
f321a31c,5141,756167.4465472795,743610.2621687673,12.127888246590238,12.026766670519743,-80.39096652042161,19.180408317067183,-16.866675620137663,8.399414235423325,-47.7282249489137,-32.517369931140806,68.93309522733287,13.948914600390765,31.22679387750467,6.531857743349645,50.63439464434965,8.660929041943241,9.484656719051666,0.06705595080431008,9.383466919564139,1.3150589639273913
f40cd091,5166,735072.9696013647,460431.9078587832,11.928560170257592,9.440728437871064,113.92088868210878,22.82244184964282,6.364017941417373,-4.585228777212708,26.01775011344866,5.046880849123022,-21.15267758838859,-11.251354090122058,-27.15969459213658,-5.409992577975632,9.393933915524816,1.8390203381432983,-40.13775485885217,-7.29298233746402,13.449593547033956,-0.4866857736984773
f439a621,2821,170222.04985265053,128565.57805159461,7.767948989074465,6.750886560697341,-34.193576663967285,6.009707780534242,7.288685308429352,4.122734706141571,-8.72675305686926,-10.970553134776342,53.55876686853393,15.622233205535878,-33.133541454607396,1.300872457806875,-1.1970459884330988,-0.8926180380366144,-2.0853048426509266,1.2794955343721064,21.42267831032555,0.908142551532295
f49fdea3,5391,167923.95473935112,182874.70093892515,5.581123861855335,5.824278701812571,-14.910222502901629,19.18681076116103,9.576737745734341,3.8219377268746895,43.50605345742363,6.464255386759054,37.31922202455415,2.8632038787689664,8.844849146727952,5.188506682917735,1.2409202924886586,0.30942130147127844,-6.599880286646955,6.608623934871301,-3.3930126637646496,-1.2286383504413203
f4d12d23,3701,1067017.6634554365,865173.4487270671,16.9795533496112,15.289456544224947,-172.45210673764007,-21.18706520446579,62.97651765721539,2.0692934854403946,-45.14662501842641,1.47506217267394,-12.728954266451288,-7.164052225672959,-26.33666970638622,-0.5430329498909485,-5.064761541583323,-2.01686952458502,2.5313533370692114,0.29471899010179703,6.235805926678674,-1.3525624962004756
f56d3ace,5432,244183.4749201829,266751.3184386965,6.704683080222304,7.00766620025056,57.08449614063543,-11.54513634163006,-15.32479010754697,-8.845017136343632,6.311256663826666,-2.3096671465276226,-3.589392230242867,1.798338178424397,-5.841595704286471,-2.5825283492940962,-2.031626061505442,-0.9598978354553388,-22.322341844790277,-3.3227874126693697,30.702904660322368,5.257728260971852
f5859199,5790,826942.8273296064,696862.890769669,11.950840781874488,10.970701213095907,101.5672236083756,7.59205903556709,-26.532269267279794,-2.2095230907110652,15.261357033309901,1.935747574310939,11.298756171797965,4.2025777909143445,26.091273600741772,2.6750547966531713,-10.964806882386316,-1.5209406919477053,-48.9673919502467,-4.976087718353922,-7.386728851461356,-1.955391715281781
f5d8aab6,4444,1216452.4357911441,1244666.9600059518,16.54476264471946,16.73553326932608,-182.60246330945137,2.5901134931459846,-3.539533011474461,2.0218532223928216,-18.278633867738982,-1.2445765535780393,3.4210648532925063,3.0709768163480966,26.49391933835509,6.560277048428058,7.221303971404363,-0.6416938383856683,-7.398922666626264,-3.6762375905451394,6.432556313178615,3.843385108445651
f631da6e,4093,129677.747386431,101127.78107739505,5.6287486602001175,4.970663535951334,24.85857890028733,-3.753064663322663,5.17852618383873,-1.8069695850851217,11.423410013869395,10.001796236156297,-29.690683557810644,-4.389268807993485,11.169386645957548,6.784610719464155,6.0908917365510735,-0.39912310716670146,-2.6202523611906043,-0.04069774886367759,9.784258621727925,4.954325759815367
f6824bb0,5015,1415663.3152332064,1099799.3864957464,16.80136320748266,14.808847739949059,-182.92245222457643,-21.39119729707667,28.691268674087365,12.11740621424629,13.072278500695784,3.042411212564436,3.1534267916386716,-2.930479364945616,30.302823898114884,4.023241711092804,-11.215323747626092,0.4704893996633567,-10.570466067407896,-2.722471747584529,3.8426711998826066,2.0485268123807234
f6bc699b,3752,235227.87231388333,180604.61367608167,7.917954017248729,6.937979389996286,47.07046119352629,-2.5507760027635458,-28.51017062458945,-10.497439377943703,48.37530387178298,9.920853505808351,-30.50330933656536,-6.632862671321101,-29.549008640485056,-2.0006176312942245,3.647325528462834,-0.23984619014937297,19.632659703343116,9.115304495510802,2.2464508541533155,0.1831892577009321
f6d009f4,6715,6858024.997050235,8996602.68856988,31.957774162467036,36.602964632544044,208.53337312758973,-84.44541853209293,-66.93435182402483,11.692900740618825,221.22477070427288,-5.277404082104075,-148.09340517544456,-7.332252362513374,-37.83654221249222,-20.282844758749597,2.5608086429337655,-4.482742404339969,-33.60842022176277,-7.6531818967264496,25.240039436241172,1.1355105895979705
f72b268f,6404,390227.6252242229,320829.1831171379,7.80608622021858,7.078011617450717,5.282015673520876,16.58505173374727,35.929728205083535,3.3465452787384926,-21.14951047687011,4.422443070169552,-27.271379951461245,-3.328280859041057,-39.949330506904616,-8.06350744216971,1.9619108812220438,1.2902937507438426,-7.077838883982459,0.14235318528740662,15.164624104636237,-2.1902607399676883
f8662c22,5429,702832.7718606951,719301.812369149,11.378003971307917,11.510538888417749,86.96081164239578,-11.043861762757212,-0.7806751423117959,-1.459939038572492,-22.523619191672303,1.7463925749040214,55.27829692900419,17.044798943287766,-10.039680368785799,9.418936020609257,-5.1867091190442896,-3.1803239505164576,11.021426552516001,7.046414623384639,-27.6138332643062,-5.834893265083645
f88ddb26,4990,3812917.74041307,3289491.467553069,27.642571725978495,25.67521620093087,-275.5178802261984,-16.398100811049673,54.87285564014485,8.645506133835656,93.8186539612183,11.181470261422897,60.58963294923694,9.023873605708582,-27.14508709481488,5.5263170766374206,-2.1479864599767398,2.6636779777922124,7.6480787963790124,4.322576444410172,13.445484811635563,1.5642002595612534
f8afa78a,6032,828477.2005101149,789584.3027510262,11.719514324394483,11.441121205321261,100.09075266615785,1.3630712301371075,-20.018630979560548,-3.357216177257567,69.40609317472283,-5.6594015295333895,24.471723428601134,9.58228902509682,12.634645141516938,9.908058142031152,4.164451614052005,2.3468014725227953,-0.25707967299799694,-1.4009340956159988,2.429724552659154,-3.2622528258752523
f8f59188,4807,122894.5271468154,104193.500388438,5.056257817155485,4.655681403831151,19.749169107511324,30.517617308887946,29.862368219105115,1.5236507285463634,-11.819345165142384,4.198142799313764,26.266626050470222,8.186205870746514,-4.771069231003466,1.669202421177647,-2.8523527053964646,0.03024534284335778,1.5982406559974105,0.8930535233499407,-3.638978776136723,0.3599423001438458
f9fc81aa,5598,471315.80435996637,398449.778386,9.17570736443364,8.436656124139743,23.297841669054502,20.714146847771442,-74.96800760434692,-0.8315074021389901,-14.379172018620983,3.1685297812767153,-23.78533319657193,2.07004054527303,43.91203803880354,15.354564702282051,-4.873091933267134,0.0010117662067566258,-25.45347316755295,-6.374000935078804,-5.301162716981884,1.0416698845503425
fa16d114,5686,4648837.885474399,5599657.927345649,28.593595766646917,31.381761763704223,-313.3602570223646,36.21043274654105,25.459841480650248,-2.1752708843651947,30.420908805069605,8.825022558575744,38.40210557225674,33.06746045798435,23.5297266309358,5.551061639025015,16.055036131423925,3.6492796807160603,-22.676650025153307,-12.606054512705219,18.43665561170085,2.1832231623233085
fa31da94,5027,522872.4788176405,532477.6339660387,10.198667878719544,10.291916229689273,-107.13088615260298,1.3542486985068614,-14.922208637004195,-3.193137598888658,4.055621208165917,2.2896136765962702,-5.261964339678023,2.8703985439983954,10.442596957304778,2.3773572385302733,3.151637881440987,0.7500726170351603,8.433939567537795,0.7692626411101907,-8.064373641868439,-1.7098808496226479
fa667be2,7296,534943.1331713119,397718.3073918511,8.562713158213342,7.38321267554039,-82.43991158499071,-9.098083970106646,-2.898957266668135,-1.7213230163936193,-44.87273713909393,-14.781776056561029,-3.256130105910954,-1.6695588315246375,-14.409425281231307,2.943602583272289,-0.08150804243457159,1.7445707500860395,-7.572794231619936,2.166090563304505,6.351293363044109,4.226319571226123
fae0c593,4403,321396.9904158168,299212.53501223965,8.5437112094235,8.243574156820609,-2.935436844031483,25.185064473079017,46.6165975098151,-9.19126233156388,-57.90892556787846,-14.939197785866032,-51.68965202784163,-9.037695166837427,-4.90839258621931,7.421809794579437,-4.725758250927024,-2.2137629816477076,-13.145381679280087,0.3737361795154924,2.8067598373115583,2.0096962244129584
fb03ae90,6431,2430033.3081589146,2123954.2034993465,19.438683937932367,18.1732800602404,-200.4023532852558,-16.207994334605907,51.4258767174238,2.0445178546003158,-12.272634814216843,-6.210609913571075,-15.177508237387514,0.6750115389529953,-10.7572707586462,-1.1693928144821544,-0.08791530252086019,0.94267795492726,8.312292397655394,2.361408082197432,7.649153183207906,1.2838708000022334
fb0904bd,3181,23973.157662592715,27854.974590273116,2.7452429583794826,2.9591675013843024,-13.462825352300637,7.786812201314611,13.335620650715976,-0.7050745320007831,-8.089314534282831,-1.4012944159122895,-13.819766661837955,-2.9917405491656317,-2.632709551836515,2.047151955593413,-2.4308407868492115,0.1292753284461419,2.486581964809934,2.235887359367624,6.952169921788236,1.6450160005381953
fb3848a1,5919,372716.155393375,274970.20808643807,7.935329026797624,6.815828452995668,54.75244191972204,9.940041866473242,10.184600644613921,-2.9989653877834335,48.10616138148962,11.815041237248746,-20.752729196046907,2.449204767084228,-6.683791247930905,-7.127307989036912,3.9521860337688013,1.2640920754434744,-27.26697955654969,-0.01901930212749885,-0.7137647255811559,0.6253816897625947
fb73b13a,5640,808683.5256022479,599528.085969867,11.974289282883799,10.310155480060718,105.88910391344953,20.966185272258095,53.34212084558366,-3.3620585940331567,26.702980256912348,-6.530935460055396,26.26394890756118,12.413180670084781,14.912666822939059,8.689905454960114,16.376503356714174,6.504141643853501,1.62461721905921,-3.1067899499926486,-3.87834274684784,-2.1763079056982884
fba7683c,407,355788.04810600117,368093.60687850154,29.566401681106772,30.073358583759394,-8.654979625893068,-47.07082692427662,297.8980411692932,11.931520296055936,-79.25577144630017,10.26320190399353,-47.34468197643244,4.045853163901553,5.001978795186977,9.492553618537736,14.975127507590773,0.45266098486044476,13.262158523652706,6.0627091190015046,9.118089450111327,1.1862999592680823
fbd68d27,6829,3322873.2224248745,3198817.3567444836,22.058619511353157,21.64293551928671,-243.79724781778742,-7.304730634651624,36.15654357632149,-5.138883417978725,-4.532947814478975,2.764926331503614,-0.5988708313372892,-0.7350398718586253,-25.697649822395398,-5.527423795493081,31.54780352782179,2.0186306466152955,5.658917835966896,3.3057775213648073,4.221862117643905,4.2546691385760615
fc03f21f,4803,367223.1637479235,389559.9984040581,8.743971645124182,9.005978054902869,3.2781700286659055,3.4979563233500706,0.6956099137988587,2.70588276279668,-79.01398202492399,2.3838712368179955,38.36509380261883,-3.8570944155791076,-7.451182631852747,3.7870600844835187,-1.5316111463854487,-0.3887185167544656,-12.686926592806595,0.7443952728753048,14.46018855926377,1.0762044871962893
fc0d20b2,3954,1237623.3594547086,943177.0190028615,17.691958681460967,15.444657175093308,-185.79009282991228,-23.236806033187737,-14.944334011337531,-2.9362362585164687,-28.227551455643948,-9.308225062720528,-20.061455414209014,-3.3348941662932328,11.798960484312579,2.570410403049246,-10.367646127006784,-1.7320927977068972,3.1505960414669074,-0.9349288855800622,-5.243099964609305,-4.091283653589034
fcfcc902,2791,148620.82370872595,128840.52242328032,7.297261569207482,6.794325050555948,-75.06209614453674,-4.403897748902312,33.9569630656521,6.320765398844989,-12.801596859505286,-9.624231686530674,-0.5876110591492505,-3.8433206128909583,-14.395162677480986,-9.853961417722207,2.1448795561057756,0.17410005076706492,-3.0009753583422625,0.9208766112820447,-2.220731550357047,-4.209069826022071
fd3b4faa,5022,241701.18649047017,189450.34774276632,6.9374687041600955,6.1419934533340035,6.356966299024016,-4.283181509975488,-2.22642648438311,-10.198751096036824,51.25309894835753,1.1586353440087724,42.08960864508619,14.0949361654134,-25.675168843248553,-2.4728142591451294,4.489845508767682,-0.7517433664462876,10.9077715927583,4.7804729043220915,20.427939707551946,5.067568670835232
fd710aea,4217,105298.56808254805,83049.33875408299,4.99700095218488,4.437785317431956,-30.876756824273635,-8.160139847028342,7.268315659627399,-0.03323139765057452,-21.417704866512892,-0.0095033012554385,-22.911813810031667,-4.110217523151279,-5.367824892696794,1.9121196485108751,-14.789448244146675,0.4064463178953802,-8.024759559773736,2.8535408542629392,17.856393708023667,2.8631112897001274
fd8f77fa,5272,2526913.725472786,2307296.3704571393,21.8931123821763,20.92011129539584,220.98331790104052,11.578486631520331,-30.19972992422825,10.755409449749823,-44.90703301948791,4.6197683344299865,53.22242159506116,9.603582834087533,48.19653037694518,7.348924068508497,-12.799568407193902,-6.200835504125933,-22.73155477010067,-6.180558162256213,-24.72471622491805,-0.49582194589303824
fde20ecf,4667,254586.73134838647,307130.2491741956,7.385824471058646,8.112269977361459,64.54743687477733,-11.411234727723425,-13.953188304972002,2.627298217584265,21.788940225097356,-2.8008878278956546,-30.698019196824795,-3.7664426387795276,-12.189703013589067,-0.09953525975952404,0.295166721045673,0.9179416129224471,5.89991723792756,-0.7420173053786934,-6.374001834588436,-3.3824329689263273
fdfd57da,5236,62078.31385934921,48721.0646416616,3.4432625352726594,3.050412458230657,4.0856016489978755,2.24238173174693,12.2407667074093,-3.383626129447852,-29.508131940337496,-5.160822181693343,-13.113973696636288,-10.860355992652718,-7.21823671256046,2.8704904347508373,0.11584821053921486,0.6752385337007358,3.8276928797723486,-0.9869755822920492,-3.509537714319959,2.966271694579684
febb4411,4247,102454.04007594175,139511.645032951,4.911604785323246,5.731444606005511,-25.325955469177266,9.21504687445324,5.024515258785237,-4.605187853252412,30.466183268211125,-7.1490428775633035,-1.9275903878198033,-2.9140661319767722,14.574139775314325,2.0881777204273275,12.265240034070743,0.2730485761942883,0.7201346249613281,1.684518559436682,3.2930626302834662,-2.2422606329686734
fef8af96,3826,3702990.279261948,2966672.5805359837,31.11027163776159,27.845968401727404,-331.83127041153045,-43.1110609646312,-60.22552212069502,5.860636805601076,-79.76744982071605,0.8210364357206779,25.25665727923927,7.635194141783295,9.77823838544274,8.16766399158725,-1.022653034922547,-0.9154508958309687,-8.559097682338088,6.958487235897773,-13.477270585076303,2.4392467294723006
ff0aea78,3261,605205.6246248992,463679.0397969179,13.623104198122983,11.924312054328448,119.02861394564657,23.78600289567045,-90.76694935390454,0.9754263620778734,5.7267851945517805,-6.21362565969571,1.5913940920501433,0.49656901364978234,-10.616923220761958,-6.618070531383244,3.704190421802937,-0.27113365693012953,-17.531622296684784,-5.354947411383509,-0.04260491985132262,-0.42969188581970014
ff8bb73a,5927,458841.04088004975,464469.7264791113,8.798601826899901,8.852404344342844,-8.284076036512307,-25.99126604728225,-15.34089455375439,7.014377758163898,35.99456729140815,7.113412105829274,16.677678889454285,-1.809254278412625,-8.601379083545044,1.3879624024681232,47.03081068311132,-1.1062932269383463,26.979177829578155,4.138555564592573,-3.5191738567042017,-1.1086415471593254
ffefef30,4570,316765.46165660536,603981.0650101796,8.325509317472322,11.496180176282623,-90.0070605282946,33.640749158543464,4.9111043436956,-20.34816680116168,3.912595637654429,0.17187556827626221,-13.263713433838674,0.7376764455310963,-19.11162309158685,-0.8737336243597372,8.888917747999571,3.720151742251859,3.7405325599719497,-1.516076887766371,7.508853805246282,4.690167719709207
