context,scope,map,outer_group,branch,weight,candidate,rows_scored,wells_scored,sse,rmse,median_well_rmse,p90_well_rmse,p95_well_rmse,max_well_rmse,worst_5pct_sse_share,worst_10pct_sse_share
repeated:v1:0,repeated,v1,0,latest_cut_identity,0.25,latest_cut_identity__w0.25,758630,159,112224558.66574971,12.16267064732435,9.524857680466148,16.79111633279472,22.538558678849846,40.38704322355223,0.2921727984949474,0.41292262373473104
repeated:v1:0,repeated,v1,0,latest_cut_identity,0.5,latest_cut_identity__w0.50,758630,159,121821256.86320443,12.672039895110972,10.007886350624661,17.385097138686792,23.614036789734367,42.25973580083954,0.29801753089664534,0.4212133140430026
repeated:v1:0,repeated,v1,0,latest_cut_identity,0.75,latest_cut_identity__w0.75,758630,159,136964778.94004363,13.436601712638163,10.572161712863933,18.97107825369516,23.625650506925584,44.14137381541731,0.3002295870543902,0.4264531322797921
repeated:v1:0,repeated,v1,0,latest_cut_identity,1.0,latest_cut_identity__w1.00,758630,159,157655124.89626727,14.415809679572122,10.995805284925066,20.761439321880033,25.434789707959652,46.03086027230021,0.30159871515086756,0.42841980690515014
repeated:v1:0,repeated,v1,0,linear_cut_extrapolation,0.25,linear_cut_extrapolation__w0.25,758630,159,166110722.2606464,14.797345932122967,11.561439614997637,20.925517122055226,26.864552744483667,44.94550665476047,0.2817802734438442,0.41165357809622105
repeated:v1:0,repeated,v1,0,linear_cut_extrapolation,0.5,linear_cut_extrapolation__w0.50,758630,159,341111730.17489535,21.204758012162493,18.04702036809705,30.758932445586264,36.861435862050456,51.44840295239356,0.2310644952145344,0.3625502355180596
repeated:v1:0,repeated,v1,0,linear_cut_extrapolation,0.75,linear_cut_extrapolation__w0.75,758630,159,633177708.0904263,28.89001729418719,26.336177257368146,40.26982358873922,47.43219470201078,59.96659784388665,0.19776043956495673,0.31747471968571167
repeated:v1:0,repeated,v1,0,linear_cut_extrapolation,1.0,linear_cut_extrapolation__w1.00,758630,159,1042308656.0072393,37.066635365880074,35.50950237934729,50.24592445125712,55.53840364660764,69.97761834315175,0.17889784326180433,0.2887570721696399
repeated:v1:0,repeated,v1,0,ridge_pseudo_a1,0.25,ridge_pseudo_a1__w0.25,758630,159,113166754.456809,12.213620568605632,9.407309980832146,17.20589369391361,22.687530037983002,40.205337392758764,0.29094763959612413,0.41263074456491305
repeated:v1:0,repeated,v1,0,ridge_pseudo_a1,0.5,ridge_pseudo_a1__w0.50,758630,159,124047685.34473209,12.78731389421161,10.051278532023126,18.38559387090187,23.973866759899597,41.892401042535035,0.2922043232867092,0.41928990203453526
repeated:v1:0,repeated,v1,0,ridge_pseudo_a1,0.75,ridge_pseudo_a1__w0.75,758630,159,140817477.01144868,13.624270982543123,9.846919925651395,19.02578671859954,25.231283078262265,43.58505689103129,0.29537804689065966,0.4250883536077852
repeated:v1:0,repeated,v1,0,ridge_pseudo_a1,1.0,ridge_pseudo_a1__w1.00,758630,159,163476129.4569588,14.679530541671772,10.459656574566807,21.486133673512594,28.782457406960944,45.28267783737063,0.29535865801157724,0.4275206873688732
repeated:v1:0,repeated,v1,0,ridge_pseudo_a10,0.25,ridge_pseudo_a10__w0.25,758630,159,112637463.46063721,12.185024997462419,9.399824435013375,17.33985545526342,22.6758633316683,40.10021663770335,0.28908307710836517,0.411691486824361
repeated:v1:0,repeated,v1,0,ridge_pseudo_a10,0.5,ridge_pseudo_a10__w0.50,758630,159,122573986.76976192,12.711129682401612,9.836319810508517,18.49866130090923,23.58308317073885,41.68070653154212,0.2895228343900209,0.4187402761804892
repeated:v1:0,repeated,v1,0,ridge_pseudo_a10,0.75,ridge_pseudo_a10__w0.75,758630,159,137984254.27505356,13.486515596780968,9.870846466096141,19.000590992161904,25.28082629157382,43.26553618295691,0.29310071510960806,0.4225136768261594
repeated:v1:0,repeated,v1,0,ridge_pseudo_a10,1.0,ridge_pseudo_a10__w1.00,758630,159,158868265.97651216,14.471167527429811,10.408924143401734,21.182765639799626,28.32090618274857,44.854245585912906,0.29436701168290125,0.42539262562785646
repeated:v1:0,repeated,v1,0,ridge_pseudo_a100,0.25,ridge_pseudo_a100__w0.25,758630,159,111545378.79017591,12.125810723388884,9.38154201013121,17.227416869879075,22.515296778243467,39.53905829398909,0.2867532383464306,0.4102206058696725
repeated:v1:0,repeated,v1,0,ridge_pseudo_a100,0.5,ridge_pseudo_a100__w0.50,758630,159,119829262.8033839,12.568007677319478,9.772975328880012,18.17555281443791,23.15485486239477,40.55736239507887,0.2860135215118583,0.4164995658297074
repeated:v1:0,repeated,v1,0,ridge_pseudo_a100,0.75,ridge_pseudo_a100__w0.75,758630,159,133026336.38730341,13.242006869549641,9.985282679671975,18.86102751342513,24.8651958226151,41.57923032568338,0.28918564034305316,0.4190220418058217
repeated:v1:0,repeated,v1,0,ridge_pseudo_a100,1.0,ridge_pseudo_a100__w1.00,758630,159,151136599.54193443,14.11464036267196,10.2727383652622,19.987698346765693,25.636748988873862,42.6044056509052,0.29193565348225503,0.42168630274302377
repeated:v1:0,repeated,v1,0,ridge_pseudo_e011_a1,0.25,ridge_pseudo_e011_a1__w0.25,758630,159,108502250.01778442,11.95926159557846,9.33503144404232,16.784115523672956,21.20327968087365,38.706038923643696,0.2878462904648964,0.40527359146434644
repeated:v1:0,repeated,v1,0,ridge_pseudo_e011_a1,0.5,ridge_pseudo_e011_a1__w0.50,758630,159,110095493.43966818,12.046746309583654,9.518358964769195,16.698498026342435,20.70394090394192,38.88905268695611,0.28828504621683637,0.3997851498210368
repeated:v1:0,repeated,v1,0,ridge_pseudo_e011_a1,0.75,ridge_pseudo_e011_a1__w0.75,758630,159,112954414.61333075,12.202156707240041,9.2799267789784,16.43278291554594,21.671778994228866,39.07361977928386,0.2860456223236591,0.39596857145111375
repeated:v1:0,repeated,v1,0,ridge_pseudo_e011_a1,1.0,ridge_pseudo_e011_a1__w1.00,758630,159,117079013.53877212,12.422943809468231,9.419566153141364,17.044417722393767,22.17559806391088,39.25971829318449,0.28139683963998907,0.3968962013180858
repeated:v1:0,repeated,v1,0,ridge_pseudo_e011_a10,0.25,ridge_pseudo_e011_a10__w0.25,758630,159,111371629.08404157,12.116363101473388,9.23409317680657,16.834186178588194,21.230354215027983,38.71725233131998,0.2923487178789729,0.4050508960741709
repeated:v1:0,repeated,v1,0,ridge_pseudo_e011_a10,0.5,ridge_pseudo_e011_a10__w0.50,758630,159,116092758.00179574,12.370508669065234,9.074538705388157,17.00596708292483,20.939187081558597,38.91135768403321,0.2945826885151532,0.4069887309306494
repeated:v1:0,repeated,v1,0,ridge_pseudo_e011_a10,0.75,ridge_pseudo_e011_a10__w0.75,758630,159,122338071.10094196,12.69889136397707,9.50083860289979,17.485771379183635,21.24022603540232,39.10689503972882,0.2937406363911518,0.407912474042949
repeated:v1:0,repeated,v1,0,ridge_pseudo_e011_a10,1.0,ridge_pseudo_e011_a10__w1.00,758630,159,130107568.3814802,13.095927849326507,10.218412337718775,18.284327997216803,22.446568129311224,39.30384302568757,0.29029511282784154,0.4073078019311086
repeated:v1:0,repeated,v1,0,ridge_pseudo_e011_a100,0.25,ridge_pseudo_e011_a100__w0.25,758630,159,114273421.8406352,12.273194299566166,9.37555875189375,17.333317619189188,21.259373800266626,39.185228738915434,0.29067456515182166,0.4099218975592586
repeated:v1:0,repeated,v1,0,ridge_pseudo_e011_a100,0.5,ridge_pseudo_e011_a100__w0.50,758630,159,123876120.05546385,12.778468028666351,9.715205825031465,17.996312800006777,22.880556458284477,39.849212117610776,0.2884422238531237,0.4127745888274655
repeated:v1:0,repeated,v1,0,ridge_pseudo_e011_a100,0.75,ridge_pseudo_e011_a100__w0.75,758630,159,136982778.9921654,13.43748460963987,10.207821467361464,19.236693198915752,24.586965856634315,40.51638580481976,0.28631253113652644,0.41283909766613464
repeated:v1:0,repeated,v1,0,ridge_pseudo_e011_a100,1.0,ridge_pseudo_e011_a100__w1.00,758630,159,153593398.65073985,14.228898085898443,10.747682213548623,20.108758564021056,26.566128709800775,41.18659476326141,0.2808406176970624,0.4070477406632345
repeated:v1:0,repeated,v1,0,extra_trees_pseudo,0.25,extra_trees_pseudo__w0.25,758630,159,110755624.52489194,12.082808397155178,9.360994765143984,16.747067325333855,23.08830559240726,40.114255051935515,0.29068842498710085,0.41196678151400856
repeated:v1:0,repeated,v1,0,extra_trees_pseudo,0.5,extra_trees_pseudo__w0.50,758630,159,119137595.47304785,12.531683241588958,9.879891318648001,18.892245149116178,22.08635728408563,41.71491264298961,0.29171038720880876,0.4218208616032064
repeated:v1:0,repeated,v1,0,extra_trees_pseudo,0.75,extra_trees_pseudo__w0.75,758630,159,133320597.1921472,13.25664476462834,10.188966782820657,20.081523519712334,23.962180390979633,43.3253538795348,0.2942075678897865,0.4263202963531083
repeated:v1:0,repeated,v1,0,extra_trees_pseudo,1.0,extra_trees_pseudo__w1.00,758630,159,153304629.68218994,14.215516009151518,11.003786687479824,20.469921921355887,26.458268182717344,44.94452707834109,0.2944014192785986,0.43110215148632686
repeated:v1:0,repeated,v1,0,hist_gradient_pseudo,0.25,hist_gradient_pseudo__w0.25,758630,159,108934459.54493657,11.983057275159396,9.344293334781826,16.513492467899518,23.427772989668334,39.04345832354536,0.2928342794903297,0.4112098465922931
repeated:v1:0,repeated,v1,0,hist_gradient_pseudo,0.5,hist_gradient_pseudo__w0.50,758630,159,118513396.53199895,12.498811434311385,9.944943532224293,18.07719208864134,23.018088810477302,39.570839075085836,0.2845187550944055,0.41183714173014774
repeated:v1:0,repeated,v1,0,hist_gradient_pseudo,0.75,hist_gradient_pseudo__w0.75,758630,159,136911495.3088666,13.433987826860712,10.186777598303205,19.099071371619868,24.388538328753043,40.1064066602471,0.27231523009660824,0.40003622348452206
repeated:v1:0,repeated,v1,0,hist_gradient_pseudo,1.0,hist_gradient_pseudo__w1.00,758630,159,164128755.87553945,14.708803032369996,11.384987005962884,20.909145836458105,27.37142232664741,40.6498374921074,0.26493118952037953,0.38772309201682464
repeated:v1:0,repeated,v1,0,knn25_pseudo,0.25,knn25_pseudo__w0.25,758630,159,110882685.30234864,12.089737214409874,9.422411205795715,17.221496658777298,22.97962432186495,39.67013750582438,0.2901461186995661,0.4147487023212193
repeated:v1:0,repeated,v1,0,knn25_pseudo,0.5,knn25_pseudo__w0.50,758630,159,119416390.44520654,12.546337426540841,9.63236254962691,19.47177034568429,22.388676138293047,40.825533901649976,0.2905940657098821,0.42282464884734927
repeated:v1:0,repeated,v1,0,knn25_pseudo,0.75,knn25_pseudo__w0.75,758630,159,133775799.7762531,13.279256862545875,10.050183949926264,21.481306668242855,23.490620892121438,41.98997593874794,0.287307520620352,0.4247586090127008
repeated:v1:0,repeated,v1,0,knn25_pseudo,1.0,knn25_pseudo__w1.00,758630,159,153960913.29548836,14.245911199921325,10.548498975412697,22.932416004114096,25.926740793843244,43.1627315247378,0.28639169957890465,0.42290789604166723
repeated:v1:0,repeated,v1,0,ridge_e011_only_a10,0.25,ridge_e011_only_a10__w0.25,758630,159,110472043.0788932,12.06732992189696,9.36441236400232,17.22809930412075,20.75473876895668,38.156221292910374,0.28874043320702947,0.4054522378075764
repeated:v1:0,repeated,v1,0,ridge_e011_only_a10,0.5,ridge_e011_only_a10__w0.50,758630,159,113787366.05721143,12.247064802708174,9.316703786209148,17.752338741560507,19.98900229930846,37.789536064188425,0.28850030107959457,0.40673941526817076
repeated:v1:0,repeated,v1,0,ridge_e011_only_a10,0.75,ridge_e011_only_a10__w0.75,758630,159,118120653.2826341,12.47808425254236,9.329999432393729,17.99385387726709,20.376099940779945,37.424594737211414,0.2862056879736359,0.4079713242801661
repeated:v1:0,repeated,v1,0,ridge_e011_only_a10,1.0,ridge_e011_only_a10__w1.00,758630,159,123471904.75516123,12.757602534933678,9.6650760663068,18.81998169868638,21.046726738019824,37.06144882822703,0.2821296557724425,0.40915402035092124
repeated:v1:0,repeated,v1,0,ridge_e011_only_a100,0.25,ridge_e011_only_a100__w0.25,758630,159,113451596.0436133,12.228981796806833,9.575489513498617,17.735245090308208,21.143649478520516,38.627740693971624,0.28790629643020976,0.4083852148419563
repeated:v1:0,repeated,v1,0,ridge_e011_only_a100,0.5,ridge_e011_only_a100__w0.50,758630,159,121849776.3263427,12.67352312814728,9.75867558597817,18.65029513185986,22.585537740091286,38.738163017601664,0.2842168229188793,0.41129526698879165
repeated:v1:0,repeated,v1,0,ridge_e011_only_a100,0.75,ridge_e011_only_a100__w0.75,758630,159,133369225.19586763,13.259062190789658,10.192537750108018,19.699042244084247,23.303773075813226,38.855805512665285,0.2811114220131862,0.4096055842758497
repeated:v1:0,repeated,v1,0,ridge_e011_only_a100,1.0,ridge_e011_only_a100__w1.00,758630,159,148009942.6521881,13.967878181215081,10.6780986053509,21.234927869764398,25.402252463029402,38.98060280832094,0.2753007302669332,0.4056067456309975
repeated:v1:1,repeated,v1,1,latest_cut_identity,0.25,latest_cut_identity__w0.25,758223,156,132584866.11868227,13.223563348890051,8.759132750851707,20.182756964567183,24.070861022723747,48.78374006413519,0.3165719871453443,0.480282665831196
repeated:v1:1,repeated,v1,1,latest_cut_identity,0.5,latest_cut_identity__w0.50,758223,156,149440951.81410804,14.039005215787228,9.33602485145504,21.086306374898264,26.243364845398425,52.83912087803492,0.3380326548402393,0.5009279610786058
repeated:v1:1,repeated,v1,1,latest_cut_identity,0.75,latest_cut_identity__w0.75,758223,156,175679353.57949916,15.221655381217266,10.137085473309636,21.771492478926206,29.419562654880945,56.912029148282386,0.35363031008557627,0.5064606266090644
repeated:v1:1,repeated,v1,1,latest_cut_identity,1.0,latest_cut_identity__w1.00,758223,156,211300071.41485563,16.69365157564477,11.283525387889771,24.225625841455923,31.983693921990962,60.998954044140646,0.3572596947551152,0.509071085748733
repeated:v1:1,repeated,v1,1,linear_cut_extrapolation,0.25,linear_cut_extrapolation__w0.25,758223,156,183898199.35287592,15.573644661141797,12.730171161350398,22.603747620312035,24.984649301647046,57.746121295943304,0.28040309122914375,0.41140040796521216
repeated:v1:1,repeated,v1,1,linear_cut_extrapolation,0.5,linear_cut_extrapolation__w0.50,758223,156,360499289.62542707,21.80488143524001,18.309359743512644,30.283570395512356,34.05643723665512,70.81023478259274,0.2378574205476476,0.3576674298621124
repeated:v1:1,repeated,v1,1,linear_cut_extrapolation,0.75,linear_cut_extrapolation__w0.75,758223,156,654914367.3108753,29.389607214868565,25.689590246763956,42.30398955831005,44.97475329243475,83.91093692683833,0.20716750488134084,0.32822797488322947
repeated:v1:1,repeated,v1,1,linear_cut_extrapolation,1.0,linear_cut_extrapolation__w1.00,758223,156,1067143432.4092205,37.5156884722865,34.24693883740038,52.40198219077722,57.97247875293959,97.03340910556324,0.19064915795933793,0.31012933163618633
repeated:v1:1,repeated,v1,1,ridge_pseudo_a1,0.25,ridge_pseudo_a1__w0.25,758223,156,129483961.31110568,13.068011607449298,8.580652870082334,18.612482776953442,24.181011501273748,48.591902555203205,0.3212864683715622,0.4792924325301819
repeated:v1:1,repeated,v1,1,ridge_pseudo_a1,0.5,ridge_pseudo_a1__w0.50,758223,156,146093037.60809264,13.880857073740943,9.046545194872888,20.364979311135492,26.062392566929887,52.44712504652346,0.33935398447033865,0.4925331095486882
repeated:v1:1,repeated,v1,1,ridge_pseudo_a1,0.75,ridge_pseudo_a1__w0.75,758223,156,174938325.3841827,15.189518435807818,9.753114764313818,21.94770154954042,28.94651427012893,56.31345003951921,0.3771854090347511,0.5251407313290166
repeated:v1:1,repeated,v1,1,ridge_pseudo_a1,1.0,ridge_pseudo_a1__w1.00,758223,156,216019824.63937584,16.879062740649864,10.71790881209362,22.93089558945542,33.07483249988697,72.41501470478605,0.412450655975686,0.5527910553001847
repeated:v1:1,repeated,v1,1,ridge_pseudo_a10,0.25,ridge_pseudo_a10__w0.25,758223,156,129529689.80877317,13.070318950309584,8.532898339916933,18.608985118741746,24.37294807303505,48.55631184753338,0.321716099429611,0.48059442071686437
repeated:v1:1,repeated,v1,1,ridge_pseudo_a10,0.5,ridge_pseudo_a10__w0.50,758223,156,146657282.81625262,13.907636786640598,8.960902259498573,20.078527608150974,26.70720673297317,52.375561300976315,0.34049071578538787,0.49875374491661134
repeated:v1:1,repeated,v1,1,ridge_pseudo_a10,0.75,ridge_pseudo_a10__w0.75,758223,156,176493875.51566008,15.256901510564102,9.738821009254526,22.105295446784098,29.339610490521054,56.20563018320997,0.3870138921241561,0.5332700984544393
repeated:v1:1,repeated,v1,1,ridge_pseudo_a10,1.0,ridge_pseudo_a10__w1.00,758223,156,219039467.90699565,16.996625712317876,10.579049597717738,23.55960037502615,32.83533367872914,78.50121831670016,0.42731677232217896,0.5636157383785174
repeated:v1:1,repeated,v1,1,ridge_pseudo_a100,0.25,ridge_pseudo_a100__w0.25,758223,156,129869467.04034235,13.087450498475718,8.476460485599901,18.535740028591803,24.561223418733825,48.468111611368215,0.321865910122163,0.48269350339503736
repeated:v1:1,repeated,v1,1,ridge_pseudo_a100,0.5,ridge_pseudo_a100__w0.50,758223,156,146417817.43867397,13.896277793657902,8.96173108060287,20.13295226834105,25.701034208038912,52.1996797468315,0.34185321020693465,0.4990564997887501
repeated:v1:1,repeated,v1,1,ridge_pseudo_a100,0.75,ridge_pseudo_a100__w0.75,758223,156,174756147.68821675,15.181607326944485,9.873934843815572,21.80803561986341,29.829983069698535,55.94253326154156,0.379830901700195,0.5286339977915703
repeated:v1:1,repeated,v1,1,ridge_pseudo_a100,1.0,ridge_pseudo_a100__w1.00,758223,156,214884457.78897065,16.834647429724413,10.711530900610803,24.31106256004218,32.648159154518844,70.73170459328618,0.4160144109772825,0.5549192405637896
repeated:v1:1,repeated,v1,1,ridge_pseudo_e011_a1,0.25,ridge_pseudo_e011_a1__w0.25,758223,156,121976866.68467875,12.683533474689519,9.005969288563021,18.599033944030747,23.86653486703604,43.29890766038184,0.2881672345332972,0.4420091715898897
repeated:v1:1,repeated,v1,1,ridge_pseudo_e011_a1,0.5,ridge_pseudo_e011_a1__w0.50,758223,156,120827442.88199027,12.623631694015655,9.26622793962732,18.197998663001613,23.04501311408297,41.851786660062004,0.2882819571715099,0.43005883975307646
repeated:v1:1,repeated,v1,1,ridge_pseudo_e011_a1,0.75,ridge_pseudo_e011_a1__w0.75,758223,156,121662825.08515637,12.66719544145125,9.670462597274295,17.734221700614864,23.200431284213895,40.40978577511542,0.2855495655347097,0.4196475486945681
repeated:v1:1,repeated,v1,1,ridge_pseudo_e011_a1,1.0,ridge_pseudo_e011_a1__w1.00,758223,156,124483013.29417704,12.813169436984351,9.986157343213776,18.469067654333053,22.741294016115713,38.97347333554458,0.281106040673384,0.41066257231066755
repeated:v1:1,repeated,v1,1,ridge_pseudo_e011_a10,0.25,ridge_pseudo_e011_a10__w0.25,758223,156,126260465.2095919,12.904322714877601,8.551101515871007,19.571652502247858,24.00907091951363,44.28040316746712,0.29272450988671056,0.4599532535748618
repeated:v1:1,repeated,v1,1,ridge_pseudo_e011_a10,0.5,ridge_pseudo_e011_a10__w0.50,758223,156,129717426.1469223,13.079787379360505,8.822268705267337,20.01341643500357,23.88155305457129,43.811607763753415,0.29600582977443995,0.46074269188942535
repeated:v1:1,repeated,v1,1,ridge_pseudo_e011_a10,0.75,ridge_pseudo_e011_a10__w0.75,758223,156,135481979.30521306,13.367256734381945,9.220896886991447,20.700687504992658,24.969460870510602,43.34431301490602,0.29716083936394333,0.46409678440691093
repeated:v1:1,repeated,v1,1,ridge_pseudo_e011_a10,1.0,ridge_pseudo_e011_a10__w1.00,758223,156,143554124.68446416,13.75971252862898,9.593168304549616,22.682273255014536,25.693171908209585,42.878567983795236,0.29457400441717296,0.46803589604335505
repeated:v1:1,repeated,v1,1,ridge_pseudo_e011_a100,0.25,ridge_pseudo_e011_a100__w0.25,758223,156,129950591.02005138,13.091537449565473,8.740291265330475,18.771872418141196,24.32219621646915,45.658146589180966,0.3050587255800131,0.47572234300902644
repeated:v1:1,repeated,v1,1,ridge_pseudo_e011_a100,0.5,ridge_pseudo_e011_a100__w0.50,758223,156,138899337.07241863,13.534792728462545,8.790506736336908,19.95747334578038,26.17338904149758,46.566810388162665,0.3262027482568736,0.4971795818041008
repeated:v1:1,repeated,v1,1,ridge_pseudo_e011_a100,0.75,ridge_pseudo_e011_a100__w0.75,758223,156,151957334.65032354,14.156710682618487,9.100026088103503,20.5433741561275,28.45629589895209,47.4765763247876,0.34541235520110186,0.5138413163561731
repeated:v1:1,repeated,v1,1,ridge_pseudo_e011_a100,1.0,ridge_pseudo_e011_a100__w1.00,758223,156,169124583.75376612,14.93498852494171,9.325623411080487,21.95093485864504,30.748985346788935,48.38738223285078,0.36277369928074793,0.5245700936849925
repeated:v1:1,repeated,v1,1,extra_trees_pseudo,0.25,extra_trees_pseudo__w0.25,758223,156,130352180.33603105,13.11175038591849,8.547260863056918,18.353892178632286,24.422344765380515,49.08416741479189,0.32526532783973827,0.4900829907111699
repeated:v1:1,repeated,v1,1,extra_trees_pseudo,0.5,extra_trees_pseudo__w0.50,758223,156,146955539.78116754,13.921771586586647,9.108320035482752,20.03026552673588,26.629349661638845,53.43920034886838,0.3521004467745755,0.5085852506575627
repeated:v1:1,repeated,v1,1,extra_trees_pseudo,0.75,extra_trees_pseudo__w0.75,758223,156,174921174.8286313,15.18877384463721,9.9780608307838,21.09367029832172,31.087602139432235,57.81088815776006,0.3741953689871592,0.5318183219101237
repeated:v1:1,repeated,v1,1,extra_trees_pseudo,1.0,extra_trees_pseudo__w1.00,758223,156,214249085.47842234,16.809740585921183,10.836276783345477,22.803741718176553,34.42752216729781,62.195718966750114,0.4100627532524867,0.5575834674313763
repeated:v1:1,repeated,v1,1,hist_gradient_pseudo,0.25,hist_gradient_pseudo__w0.25,758223,156,130491177.16293347,13.118739168592418,8.603896157666245,18.438849464214073,24.405748590031294,50.11510511138594,0.32590744602121435,0.49394081213383206
repeated:v1:1,repeated,v1,1,hist_gradient_pseudo,0.5,hist_gradient_pseudo__w0.50,758223,156,149337091.1043532,14.034125848854812,9.417312649757358,19.85790167467837,26.481259266095027,55.514931048788355,0.3524679687036684,0.5098018660368595
repeated:v1:1,repeated,v1,1,hist_gradient_pseudo,0.75,hist_gradient_pseudo__w0.75,758223,156,181648838.31748098,15.478106668063896,10.182848225372556,22.31890024545804,29.261064799110795,60.94072765646064,0.3725283919948374,0.5259572112222671
repeated:v1:1,repeated,v1,1,hist_gradient_pseudo,1.0,hist_gradient_pseudo__w1.00,758223,156,227426418.80231687,17.31896678306673,11.575284719758898,24.021651296283082,30.35577206356826,66.3861274225783,0.39737068026918204,0.5421198582970563
repeated:v1:1,repeated,v1,1,knn25_pseudo,0.25,knn25_pseudo__w0.25,758223,156,130534130.043551,13.120898093384907,8.534319338686334,18.092745406650874,24.373750879204252,48.85399998421621,0.3219050640257279,0.4874145640964607
repeated:v1:1,repeated,v1,1,knn25_pseudo,0.5,knn25_pseudo__w0.50,758223,156,148327762.7668737,13.98661904248615,9.227922682863765,20.76936886042474,27.096067237730864,52.97557992695362,0.3502244198070844,0.5056927745200902
repeated:v1:1,repeated,v1,1,knn25_pseudo,0.75,knn25_pseudo__w0.75,758223,156,178491994.66318992,15.343021524852787,10.125353335766633,22.335504571114665,30.519945767388833,57.111444760549304,0.3767563551736538,0.5391627578710935
repeated:v1:1,repeated,v1,1,knn25_pseudo,1.0,knn25_pseudo__w1.00,758223,156,221026825.7324997,17.073557291741253,10.80980009274591,24.364739824822664,34.01883030308835,66.86520061794754,0.4221031044831215,0.5702013017095858
repeated:v1:1,repeated,v1,1,ridge_e011_only_a10,0.25,ridge_e011_only_a10__w0.25,758223,156,126692172.77782278,12.926365006254267,8.762940227170532,19.434307515211295,23.895866957680767,44.36283180098335,0.29063774054690567,0.45947102490286673
repeated:v1:1,repeated,v1,1,ridge_e011_only_a10,0.5,ridge_e011_only_a10__w0.50,758223,156,129806390.0009367,13.0842718533655,8.802740493903645,20.24188771955992,23.79399541323623,43.97630723868082,0.2934597817477609,0.46183342010621714
repeated:v1:1,repeated,v1,1,ridge_e011_only_a10,0.75,ridge_e011_only_a10__w0.75,758223,156,134453748.16256356,13.316435187306544,9.305083971153735,20.661591012246333,24.590467178806016,43.591112844994484,0.29520409806415554,0.46814270081924597
repeated:v1:1,repeated,v1,1,ridge_e011_only_a10,1.0,ridge_e011_only_a10__w1.00,758223,156,140634247.26270342,13.619057998621066,9.397896864342648,20.685835708257606,25.923104565588318,43.20728419543304,0.29564622373265204,0.4708082400126051
repeated:v1:1,repeated,v1,1,ridge_e011_only_a100,0.25,ridge_e011_only_a100__w0.25,758223,156,130402156.13197349,13.114263605743364,8.69434185097976,18.975726428593944,24.429236782637446,45.85557385078615,0.30502266470188216,0.47396488939164366
repeated:v1:1,repeated,v1,1,ridge_e011_only_a100,0.5,ridge_e011_only_a100__w0.50,758223,156,139906027.1607364,13.583751719910339,8.92356692191622,18.483103804478965,26.461032439733888,46.961911887793086,0.32591602919407614,0.4987456633931265
repeated:v1:1,repeated,v1,1,ridge_e011_only_a100,0.75,ridge_e011_only_a100__w0.75,758223,156,153622709.5795106,14.234074459756378,9.155500626622132,19.770224650095123,28.711837867543675,48.0695683893181,0.3459750554034745,0.5154954605673108
repeated:v1:1,repeated,v1,1,ridge_e011_only_a100,1.0,ridge_e011_only_a100__w1.00,758223,156,171552203.38829604,15.04179526300269,9.554016414826194,22.084408086860783,31.454631283258955,49.17845426729439,0.3635062614218517,0.5268713732297198
repeated:v1:2,repeated,v1,2,latest_cut_identity,0.25,latest_cut_identity__w0.25,757077,154,131935204.93261725,13.201106104532897,9.586489167812012,18.237700691237134,22.677021707288013,46.280485659321336,0.32893822433439157,0.45358692427800573
repeated:v1:2,repeated,v1,2,latest_cut_identity,0.5,latest_cut_identity__w0.50,757077,154,149583736.92859885,14.056337073270988,10.061003400806865,19.492865691677615,23.087294269040637,50.80444548092975,0.34868591269960897,0.4730573539964696
repeated:v1:2,repeated,v1,2,latest_cut_identity,0.75,latest_cut_identity__w0.75,757077,154,175960641.51258552,15.24536203335287,11.368845231854404,21.02706748034826,26.171466106995556,58.551101066817985,0.35776679507638176,0.4853491753334029
repeated:v1:2,repeated,v1,2,latest_cut_identity,1.0,latest_cut_identity__w1.00,757077,154,211065918.6845772,16.697022405653346,11.871608745456273,22.408811637089023,30.03552671645068,66.98220118878523,0.36536759570570354,0.49910307523218234
repeated:v1:2,repeated,v1,2,linear_cut_extrapolation,0.25,linear_cut_extrapolation__w0.25,757077,154,206239683.482523,16.505021351601233,12.456689096708722,24.739292661553293,28.132952703235613,55.46326534403963,0.3181736626237847,0.4416901393440443
repeated:v1:2,repeated,v1,2,linear_cut_extrapolation,0.5,linear_cut_extrapolation__w0.50,757077,154,413132774.0808249,23.36010542001731,19.55203790265018,32.48153846661816,38.85134344623876,69.3605546625059,0.2639526541506657,0.3822151296746247
repeated:v1:2,repeated,v1,2,linear_cut_extrapolation,0.75,linear_cut_extrapolation__w0.75,757077,154,743694317.3195465,31.342036008812446,27.578157188723306,42.863480848430505,48.950961384627234,83.36077778474312,0.22306337502063073,0.3413746006757139
repeated:v1:2,repeated,v1,2,linear_cut_extrapolation,1.0,linear_cut_extrapolation__w1.00,757077,154,1197924313.1986876,39.77815754464922,35.736781840913906,54.31535472282943,59.93270123778641,97.41956678195562,0.19988483625815898,0.31378279829079797
repeated:v1:2,repeated,v1,2,ridge_pseudo_a1,0.25,ridge_pseudo_a1__w0.25,757077,154,133181740.79249115,13.263322122129507,9.6879723469495,18.611228709140136,23.23998175138693,45.58808073056455,0.3264257188870438,0.45611460560639033
repeated:v1:2,repeated,v1,2,ridge_pseudo_a1,0.5,ridge_pseudo_a1__w0.50,757077,154,152195822.56928748,14.178534354895312,10.4477751653408,19.930096229020144,24.9660987944977,49.86308932569655,0.3467306955309072,0.47103804394269533
repeated:v1:2,repeated,v1,2,ridge_pseudo_a1,0.75,ridge_pseudo_a1__w0.75,757077,154,180057290.85502967,15.421809334118258,10.999792424847541,22.024676482339387,28.206240345096898,58.133093013487894,0.3559822132732592,0.4901200750055402
repeated:v1:2,repeated,v1,2,ridge_pseudo_a1,1.0,ridge_pseudo_a1__w1.00,757077,154,216766145.6497177,16.920987375747938,11.61975966623789,23.915467894846483,31.497946402717663,66.42084888832392,0.3604716939209024,0.5128781134318522
repeated:v1:2,repeated,v1,2,ridge_pseudo_a10,0.25,ridge_pseudo_a10__w0.25,757077,154,133263974.19928685,13.267416226347361,9.745359894794309,18.687577106872933,23.08465312316689,45.59364930386924,0.3249637708997033,0.4558370426333228
repeated:v1:2,repeated,v1,2,ridge_pseudo_a10,0.5,ridge_pseudo_a10__w0.50,757077,154,152312108.56813702,14.183949911594787,10.371513091883696,19.864609464215803,24.64662721064393,49.81310429352304,0.34619421052713567,0.4698159430553413
repeated:v1:2,repeated,v1,2,ridge_pseudo_a10,0.75,ridge_pseudo_a10__w0.75,757077,154,180159448.6311912,15.426183592827506,10.87422537704164,22.07605413592688,27.452055628195602,58.05695353457074,0.3556813004735767,0.48933134237885634
repeated:v1:2,repeated,v1,2,ridge_pseudo_a10,1.0,ridge_pseudo_a10__w1.00,757077,154,216805994.38844937,16.922542620957337,11.429656466176294,24.30187463368016,30.790798046310577,66.31819310669431,0.36040360485981343,0.5123223511509889
repeated:v1:2,repeated,v1,2,ridge_pseudo_a100,0.25,ridge_pseudo_a100__w0.25,757077,154,133283351.71724676,13.268380779043518,9.69815147019466,18.673414805274952,22.931519390089335,45.47041909007366,0.32337006997626916,0.4542723366844553
repeated:v1:2,repeated,v1,2,ridge_pseudo_a100,0.5,ridge_pseudo_a100__w0.50,757077,154,152305304.6794828,14.183633104564292,10.331787239206967,19.94553357889079,24.33558767313917,50.52308744570745,0.34580382402095877,0.4673438719292465
repeated:v1:2,repeated,v1,2,ridge_pseudo_a100,0.75,ridge_pseudo_a100__w0.75,757077,154,180080904.4113488,15.422820545113304,10.958312903549382,21.70649333863596,26.364701541641132,59.12304041558499,0.355737200222998,0.4864059202504185
repeated:v1:2,repeated,v1,2,ridge_pseudo_a100,1.0,ridge_pseudo_a100__w1.00,757077,154,216610150.91284475,16.914897725476266,11.853592188776311,24.05437965262669,30.027057083432588,67.74038335393917,0.36073456749985977,0.5086959301902035
repeated:v1:2,repeated,v1,2,ridge_pseudo_e011_a1,0.25,ridge_pseudo_e011_a1__w0.25,757077,154,120992343.45914477,12.641800079157687,9.54941992497406,17.72539047546916,22.841405079720708,40.001790427063476,0.289897953406985,0.43146634262120076
repeated:v1:2,repeated,v1,2,ridge_pseudo_e011_a1,0.5,ridge_pseudo_e011_a1__w0.50,757077,154,120702979.59391406,12.626674039755564,9.496631794220981,17.986457087506167,23.141866686038927,38.23554016458532,0.2865403875316147,0.43180683004184983
repeated:v1:2,repeated,v1,2,ridge_pseudo_e011_a1,0.75,ridge_pseudo_e011_a1__w0.75,757077,154,122146953.92894855,12.701976189542497,9.557936977974268,18.738257652191148,22.36954582672456,36.47356487096773,0.2927534637517258,0.43063793225977676
repeated:v1:2,repeated,v1,2,ridge_pseudo_e011_a1,1.0,ridge_pseudo_e011_a1__w1.00,757077,154,125324266.46424823,12.866118866301273,9.932637253560973,18.072274559826912,22.43347106912054,36.434691620323726,0.2999754192175761,0.4306414623207725
repeated:v1:2,repeated,v1,2,ridge_pseudo_e011_a10,0.25,ridge_pseudo_e011_a10__w0.25,757077,154,126787903.45482504,12.94103119149992,9.900175524617843,17.819036118174463,23.596325334660833,41.080157732226894,0.3014863040907708,0.4400198742590115
repeated:v1:2,repeated,v1,2,ridge_pseudo_e011_a10,0.5,ridge_pseudo_e011_a10__w0.50,757077,154,132184982.12860233,13.213596236074897,9.922715605336181,18.53513767366768,24.55748026751902,40.3896261998605,0.3048995703449812,0.44852199801734244
repeated:v1:2,repeated,v1,2,ridge_pseudo_e011_a10,0.75,ridge_pseudo_e011_a10__w0.75,757077,154,139206281.5459725,13.559990652544105,10.05035453130709,19.895631529293354,25.289236469944548,39.70023535516394,0.30789510947509907,0.4563828595233542
repeated:v1:2,repeated,v1,2,ridge_pseudo_e011_a10,1.0,ridge_pseudo_e011_a10__w1.00,757077,154,147851801.70693558,13.97472544705571,10.30394235770387,20.747771190856437,26.342602012778936,39.01204567024774,0.3090242779648176,0.4612221081011808
repeated:v1:2,repeated,v1,2,ridge_pseudo_e011_a100,0.25,ridge_pseudo_e011_a100__w0.25,757077,154,131560915.65674046,13.182367581513438,10.150010718937956,18.57687772866291,24.164877177808815,43.015247427023404,0.3162217904496184,0.45111570933424644
repeated:v1:2,repeated,v1,2,ridge_pseudo_e011_a100,0.5,ridge_pseudo_e011_a100__w0.50,757077,154,144620167.93460268,13.821157132723972,10.136899972489715,20.854606328042056,24.851173671365757,44.77741882969975,0.3248734263882668,0.46872300935089584
repeated:v1:2,repeated,v1,2,ridge_pseudo_e011_a100,0.75,ridge_pseudo_e011_a100__w0.75,757077,154,162192802.35822734,14.636787325950246,10.589760412035726,22.081600608606582,27.433100922976962,50.48053749047299,0.33484586032356917,0.4769457974274716
repeated:v1:2,repeated,v1,2,ridge_pseudo_e011_a100,1.0,ridge_pseudo_e011_a100__w1.00,757077,154,184278818.92761442,15.601547720245245,10.9151713887346,23.15489948957333,30.142033567654753,56.19512267550941,0.34132738164322324,0.4874728166383138
repeated:v1:2,repeated,v1,2,extra_trees_pseudo,0.25,extra_trees_pseudo__w0.25,757077,154,133560043.69869876,13.282146006074841,9.772498638127292,18.286241683345484,23.28435651445109,44.88821907653258,0.32793614235058904,0.45677183873404237
repeated:v1:2,repeated,v1,2,extra_trees_pseudo,0.5,extra_trees_pseudo__w0.50,757077,154,154023556.55602694,14.263415955759632,10.407200626879945,19.287387792915236,24.939211480361806,53.83183689203819,0.3550491561490092,0.47225993356170054
repeated:v1:2,repeated,v1,2,extra_trees_pseudo,0.75,extra_trees_pseudo__w0.75,757077,154,184405584.09662518,15.606912940301576,10.938199218062543,21.288581742761092,26.588377676895455,64.10094619611948,0.36757679272443217,0.4937302801868909
repeated:v1:2,repeated,v1,2,extra_trees_pseudo,1.0,extra_trees_pseudo__w1.00,757077,154,224706126.3204935,17.22810183752386,11.573439848881609,23.75591707723195,30.265211040210346,74.39030399209467,0.37255550547750643,0.5132377248262242
repeated:v1:2,repeated,v1,2,hist_gradient_pseudo,0.25,hist_gradient_pseudo__w0.25,757077,154,134840055.25429472,13.345640894614258,9.743554275728695,18.28288400772944,24.607380790897395,45.44073839704308,0.33384648552459534,0.46078733327674026
repeated:v1:2,repeated,v1,2,hist_gradient_pseudo,0.5,hist_gradient_pseudo__w0.50,757077,154,159852648.89666334,14.530812284257511,11.060749807437567,19.14590125076357,26.94114631303684,53.711430326100086,0.3560388845455386,0.47809709087401114
repeated:v1:2,repeated,v1,2,hist_gradient_pseudo,0.75,hist_gradient_pseudo__w0.75,757077,154,198052826.45174652,16.174113860800926,11.748763386924761,21.773203950036336,28.193916989506025,63.926551818003425,0.3628528781349101,0.5034847999716895
repeated:v1:2,repeated,v1,2,hist_gradient_pseudo,1.0,hist_gradient_pseudo__w1.00,757077,154,249440587.9195443,18.151542400398686,13.096474331392603,24.845716496068587,32.69620864236985,74.16384399849287,0.3776681462148694,0.5221196078170658
repeated:v1:2,repeated,v1,2,knn25_pseudo,0.25,knn25_pseudo__w0.25,757077,154,133182621.92900947,13.263365997431318,10.139948432417839,18.362523621458905,23.61771016775268,44.89438550108314,0.3268361587756904,0.45406971348291103
repeated:v1:2,repeated,v1,2,knn25_pseudo,0.5,knn25_pseudo__w0.50,757077,154,152992574.28717843,14.215598530558024,10.65397872969707,19.3594211567829,25.739333397288206,53.98483974811906,0.3508012962477659,0.4673871455026164
repeated:v1:2,repeated,v1,2,knn25_pseudo,0.75,knn25_pseudo__w0.75,757077,154,182444902.5991476,15.523721426440428,11.484420695974414,21.241793382504206,27.52238287773319,64.3383651695886,0.36309935650996794,0.48439883392973154
repeated:v1:2,repeated,v1,2,knn25_pseudo,1.0,knn25_pseudo__w1.00,757077,154,221539606.86491686,17.106283454128302,11.535143003047565,23.10234560792645,30.202705077201024,74.7144025897159,0.3687133797352062,0.5040936960498035
repeated:v1:2,repeated,v1,2,ridge_e011_only_a10,0.25,ridge_e011_only_a10__w0.25,757077,154,126896237.49181037,12.946558748806913,10.00504726259419,17.829190651017306,23.44715483728021,41.17810100352931,0.3023896579989741,0.4385320653682201
repeated:v1:2,repeated,v1,2,ridge_e011_only_a10,0.5,ridge_e011_only_a10__w0.50,757077,154,132269336.55386287,13.217811720803697,9.884022961195612,18.36285742629895,24.080032775192407,40.585053181434645,0.30826833034440726,0.44988740282075873
repeated:v1:2,repeated,v1,2,ridge_e011_only_a10,0.75,ridge_e011_only_a10__w0.75,757077,154,139134342.71079814,13.556486442883617,10.051063552926385,19.531039709880062,25.485731168443078,41.05745376733815,0.31357002412190865,0.4595510135262
repeated:v1:2,repeated,v1,2,ridge_e011_only_a10,1.0,ridge_e011_only_a10__w1.00,757077,154,147491255.96261624,13.957675931354904,10.22632971917184,20.007430298134786,26.46044027924995,43.62010263002182,0.31896820901956596,0.46674591987839426
repeated:v1:2,repeated,v1,2,ridge_e011_only_a100,0.25,ridge_e011_only_a100__w0.25,757077,154,131111109.94296767,13.159813082161822,10.058821322447798,18.263601947235014,23.900860845522097,43.19662884184622,0.3173463935481263,0.4506146455021483
repeated:v1:2,repeated,v1,2,ridge_e011_only_a100,0.5,ridge_e011_only_a100__w0.50,757077,154,143558903.07878146,13.77035191974615,10.294789008886582,20.266371172048217,25.214513342582855,46.762275268339216,0.3303861484838595,0.4692594159026753
repeated:v1:2,repeated,v1,2,ridge_e011_only_a100,0.75,ridge_e011_only_a100__w0.75,757077,154,160358424.93208206,14.553781976992239,10.640392308749309,21.281213851648246,27.203352003932537,53.463670625471124,0.3442415831822112,0.48200749795939696
repeated:v1:2,repeated,v1,2,ridge_e011_only_a100,1.0,ridge_e011_only_a100__w1.00,757077,154,181509675.5028695,15.483882390341913,11.041436790568852,22.683838435762997,28.793790446938416,60.177935661923186,0.35505675890259736,0.4953654693480205
repeated:v1:3,repeated,v1,3,latest_cut_identity,0.25,latest_cut_identity__w0.25,754075,151,119480981.00758176,12.587576370434437,9.51420079640117,18.74329819221608,22.58475982360146,43.34133974112491,0.2924198473080079,0.4326890431162374
repeated:v1:3,repeated,v1,3,latest_cut_identity,0.5,latest_cut_identity__w0.50,754075,151,135584555.81555247,13.40904474378982,9.516631773843981,20.477627912691833,23.939536428346816,46.19739589887922,0.29759059575664365,0.43688348697002577
repeated:v1:3,repeated,v1,3,latest_cut_identity,0.75,latest_cut_identity__w0.75,754075,151,160617839.22958553,14.594513350949619,10.225464596534541,22.253916512917442,26.380984496673797,49.05977102764704,0.30876665933121467,0.4417847854547721
repeated:v1:3,repeated,v1,3,latest_cut_identity,1.0,latest_cut_identity__w1.00,754075,151,194580831.24968088,16.063595360683955,11.173643030778955,24.20944039329437,29.214994455210622,51.927420183345646,0.31621205666169383,0.45762308303687727
repeated:v1:3,repeated,v1,3,linear_cut_extrapolation,0.25,linear_cut_extrapolation__w0.25,754075,151,169705737.13620743,15.001717773922696,12.854769321962374,21.07566048697092,24.616678874013417,41.74871330907129,0.2366009631080864,0.36777620475124284
repeated:v1:3,repeated,v1,3,linear_cut_extrapolation,0.5,linear_cut_extrapolation__w0.50,754075,151,346780013.4559777,21.44468929000349,19.4021547268638,29.862820139627853,34.50910597583948,49.25128300124193,0.2198920805905342,0.3417754993630787
repeated:v1:3,repeated,v1,3,linear_cut_extrapolation,0.75,linear_cut_extrapolation__w0.75,754075,151,643529943.764984,29.213063884190902,26.286515478431745,39.76161258803714,44.4942719366599,64.3535157941896,0.20783550305470924,0.3347551286518301
repeated:v1:3,repeated,v1,3,linear_cut_extrapolation,1.0,linear_cut_extrapolation__w1.00,754075,151,1059955528.0632266,37.49182236754456,34.63447824803073,50.576710000561626,55.27917381459339,79.48544363674482,0.202791881197318,0.33314003351370125
repeated:v1:3,repeated,v1,3,ridge_pseudo_a1,0.25,ridge_pseudo_a1__w0.25,754075,151,119686414.29913019,12.598393140766445,9.098629984203704,18.55844838203859,23.665768034857862,43.97883696131701,0.3088820677154366,0.45034657638037623
repeated:v1:3,repeated,v1,3,ridge_pseudo_a1,0.5,ridge_pseudo_a1__w0.50,754075,151,134299659.45575202,13.34535664014777,9.016137519892949,20.2535374946923,24.197645901112153,47.488182560656384,0.3265273511101279,0.4731560010635411
repeated:v1:3,repeated,v1,3,ridge_pseudo_a1,0.75,ridge_pseudo_a1__w0.75,754075,151,156146850.27553886,14.389951915938013,9.314319902810025,21.270675164800455,26.41417547290036,51.016137728869964,0.33729219114472875,0.4833105891274219
repeated:v1:3,repeated,v1,3,ridge_pseudo_a1,1.0,ridge_pseudo_a1__w1.00,754075,151,185227986.7584907,15.672779798112616,9.784517505064214,22.710525216575565,27.77043387414058,54.55909253314705,0.34307068681798886,0.48756652131725614
repeated:v1:3,repeated,v1,3,ridge_pseudo_a10,0.25,ridge_pseudo_a10__w0.25,754075,151,119368169.54233351,12.581632502759092,9.463338238238306,18.53516877250355,23.663540235248796,44.13970280263896,0.3101196414634552,0.450385118780741
repeated:v1:3,repeated,v1,3,ridge_pseudo_a10,0.5,ridge_pseudo_a10__w0.50,754075,151,133313043.78823721,13.296246280572879,9.117202421823139,20.240709482323574,24.487953363432155,47.81126094333072,0.3286903223371144,0.47454285232242116
repeated:v1:3,repeated,v1,3,ridge_pseudo_a10,0.75,ridge_pseudo_a10__w0.75,754075,151,154141737.54338446,14.297261273762366,9.22438290887731,21.290011119116684,26.520163891039665,51.50231150051961,0.34122250381663,0.4876593566269698
repeated:v1:3,repeated,v1,3,ridge_pseudo_a10,1.0,ridge_pseudo_a10__w1.00,754075,151,181854250.80777526,15.529392156945963,9.641936037037029,22.889819893040922,27.81943048510451,55.208945056224096,0.3489475606801024,0.49468679207921973
repeated:v1:3,repeated,v1,3,ridge_pseudo_a100,0.25,ridge_pseudo_a100__w0.25,754075,151,119369764.63766807,12.581716565521967,9.200763008734574,18.55087405413837,23.636534890025054,44.30743532586579,0.3090541303467829,0.45019130183032063
repeated:v1:3,repeated,v1,3,ridge_pseudo_a100,0.5,ridge_pseudo_a100__w0.50,754075,151,133363009.34561895,13.298737755148398,9.033824973385723,19.95706787325334,24.45433732917123,48.15117136049421,0.32671523904101496,0.47453368028058507
repeated:v1:3,repeated,v1,3,ridge_pseudo_a100,0.75,ridge_pseudo_a100__w0.75,754075,151,154286848.929526,14.303989520688672,9.057697159148312,21.550111030608562,26.963796020986138,52.0176661926921,0.3394288186126316,0.48892751005867896
repeated:v1:3,repeated,v1,3,ridge_pseudo_a100,1.0,ridge_pseudo_a100__w1.00,754075,151,182141283.38938922,15.541642857768144,9.710787056167753,23.57189098375601,27.815078470120476,55.90219766159264,0.3499553921394638,0.4971748940507844
repeated:v1:3,repeated,v1,3,ridge_pseudo_e011_a1,0.25,ridge_pseudo_e011_a1__w0.25,754075,151,111458078.80129714,12.157618324422954,9.29669703686104,17.764977236929088,21.27371062656973,39.65811026140213,0.28415873005232795,0.4100878697909674
repeated:v1:3,repeated,v1,3,ridge_pseudo_e011_a1,0.5,ridge_pseudo_e011_a1__w0.50,754075,151,112327032.61065173,12.204918161641361,9.314437467160333,17.439263016054323,21.14756383787337,38.82625420880242,0.2774988064556901,0.405546476062857
repeated:v1:3,repeated,v1,3,ridge_pseudo_e011_a1,0.75,ridge_pseudo_e011_a1__w0.75,754075,151,114913976.23373711,12.344660619182193,9.788025990854557,17.406969696405696,22.1139681715212,37.99756677185666,0.272196268551496,0.4041959064176696
repeated:v1:3,repeated,v1,3,ridge_pseudo_e011_a1,1.0,ridge_pseudo_e011_a1__w1.00,754075,151,119218909.67055328,12.573763904798689,9.961915830830891,16.700005613166756,22.380008480744053,37.172259866612926,0.2699197064249575,0.403394268920892
repeated:v1:3,repeated,v1,3,ridge_pseudo_e011_a10,0.25,ridge_pseudo_e011_a10__w0.25,754075,151,114317251.69590235,12.312567265294597,9.19597869897835,17.177436286716528,21.520974142442004,41.947215341328885,0.29238665121304686,0.41924937049297323
repeated:v1:3,repeated,v1,3,ridge_pseudo_e011_a10,0.5,ridge_pseudo_e011_a10__w0.50,754075,151,117739135.52753149,12.4954859350547,9.566899979253357,17.440591411393203,22.024035614499393,43.40870625183632,0.2955984835468732,0.4210506688137944
repeated:v1:3,repeated,v1,3,ridge_pseudo_e011_a10,0.75,ridge_pseudo_e011_a10__w0.75,754075,151,122572766.30056079,12.74939928172971,9.773468677443624,17.44677960621135,22.302628289255296,44.87670745651732,0.29603489895588997,0.42068105396794325
repeated:v1:3,repeated,v1,3,ridge_pseudo_e011_a10,1.0,ridge_pseudo_e011_a10__w1.00,754075,151,128818144.01499024,13.070170333161867,9.758292918019752,17.96851882645465,22.12635336736946,46.35060038371335,0.2947776182232839,0.4190891442023813
repeated:v1:3,repeated,v1,3,ridge_pseudo_e011_a100,0.25,ridge_pseudo_e011_a100__w0.25,754075,151,117777907.70006077,12.497543183290947,9.199498506143478,17.740449681093267,22.40047909028147,44.036957310101094,0.29905357901078455,0.4284137776822404
repeated:v1:3,repeated,v1,3,ridge_pseudo_e011_a100,0.5,ridge_pseudo_e011_a100__w0.50,754075,151,126693910.72461002,12.961957692144974,9.645711759707567,18.54231731006851,23.141174609299085,47.60789741976332,0.30802052350300235,0.4408377851403411
repeated:v1:3,repeated,v1,3,ridge_pseudo_e011_a100,0.75,ridge_pseudo_e011_a100__w0.75,754075,151,139055123.8793211,13.579576523475813,9.523169918843543,19.36600998085096,23.786811628492444,51.200127189644476,0.3203506663028201,0.45038855967516295
repeated:v1:3,repeated,v1,3,ridge_pseudo_e011_a100,1.0,ridge_pseudo_e011_a100__w1.00,754075,151,154861547.16419402,14.330604999446447,9.88711257879147,20.560466498011245,24.87218409081497,54.80946078595244,0.3360859407189811,0.4586669674919819
repeated:v1:3,repeated,v1,3,extra_trees_pseudo,0.25,extra_trees_pseudo__w0.25,754075,151,119684785.83934452,12.598307433267811,9.2232553950467,18.859919364354713,23.806123911254282,44.664382553051645,0.3093464835567057,0.44937954593624646
repeated:v1:3,repeated,v1,3,extra_trees_pseudo,0.5,extra_trees_pseudo__w0.50,754075,151,134023269.61872892,13.331617138987115,8.987215762447256,20.017829061118164,24.33027774790979,48.87864740595303,0.3310001626902288,0.4733754882923444
repeated:v1:3,repeated,v1,3,extra_trees_pseudo,0.75,extra_trees_pseudo__w0.75,754075,151,155322566.1438266,14.351920075200551,9.624071033133887,21.851937729343245,27.378826953451917,53.125544435883704,0.3461000662932722,0.48577890350787006
repeated:v1:3,repeated,v1,3,extra_trees_pseudo,1.0,extra_trees_pseudo__w1.00,754075,151,183582675.4146375,15.603016794721455,10.583353037390234,23.50614481397567,28.912034417603756,57.39783068170842,0.357880796825184,0.49974924899664386
repeated:v1:3,repeated,v1,3,hist_gradient_pseudo,0.25,hist_gradient_pseudo__w0.25,754075,151,121513287.8573324,12.694178901217139,9.351817627747286,18.827676759979344,23.91634806343614,44.980764992235365,0.308060821982916,0.4447726879544361
repeated:v1:3,repeated,v1,3,hist_gradient_pseudo,0.5,hist_gradient_pseudo__w0.50,754075,151,139756955.90335223,13.61380246961635,9.591802379326323,20.675193528442556,24.711439411839336,49.55019671856618,0.32442426064830704,0.4632636094459532
repeated:v1:3,repeated,v1,3,hist_gradient_pseudo,0.75,hist_gradient_pseudo__w0.75,754075,151,167038118.9437329,14.883344143357375,10.128148978856036,22.636550605870823,26.978669525580962,54.18059143387368,0.3314697464346144,0.4789653342613384
repeated:v1:3,repeated,v1,3,hist_gradient_pseudo,1.0,hist_gradient_pseudo__w1.00,754075,151,203356776.97847435,16.42184897019031,10.450625579345168,24.638075595441553,30.29797574580406,58.85756280304109,0.34577603321481015,0.4908819196624918
repeated:v1:3,repeated,v1,3,knn25_pseudo,0.25,knn25_pseudo__w0.25,754075,151,119568390.7516514,12.592179930174721,9.213988482823792,18.69839525172301,23.947299800241115,43.60379727988978,0.30684431949060553,0.44607094531773783
repeated:v1:3,repeated,v1,3,knn25_pseudo,0.5,knn25_pseudo__w0.50,754075,151,134132611.45261857,13.337054277918547,9.128331763878014,20.295641310539718,24.607715331063353,46.73299896781296,0.32296012454798684,0.4668697369944248
repeated:v1:3,repeated,v1,3,knn25_pseudo,0.75,knn25_pseudo__w0.75,754075,151,155999776.90857485,14.383173433824812,9.494409411875004,22.13131530228359,25.947023579550446,49.87709221013489,0.3361991336084682,0.4817747939607159
repeated:v1:3,repeated,v1,3,knn25_pseudo,1.0,knn25_pseudo__w1.00,754075,151,185169887.11952028,15.670321599760172,9.973003372637754,23.682093699650014,28.95863901634226,53.03342853016196,0.3526957266704411,0.4934969909906225
repeated:v1:3,repeated,v1,3,ridge_e011_only_a10,0.25,ridge_e011_only_a10__w0.25,754075,151,114733712.63105926,12.334974389317013,9.272000911512142,17.34208179651933,21.714389191846713,41.58958544419857,0.290670186990392,0.41727125547726784
repeated:v1:3,repeated,v1,3,ridge_e011_only_a10,0.5,ridge_e011_only_a10__w0.50,754075,151,118193147.16502298,12.519554557373525,9.336211060877325,17.4300141211233,22.23261137599532,42.689117586878154,0.2929612359182882,0.4179853675566187
repeated:v1:3,repeated,v1,3,ridge_e011_only_a10,0.75,ridge_e011_only_a10__w0.75,754075,151,122685418.40756457,12.755256687443396,9.612980596925878,18.402255594667626,22.584532687472684,43.791318662683565,0.2932608023103545,0.4186021933818178
repeated:v1:3,repeated,v1,3,ridge_e011_only_a10,1.0,ridge_e011_only_a10__w1.00,754075,151,128210526.35868399,13.03930879025642,10.151718403425766,18.606234021215617,22.378864227835116,44.89599210432327,0.2917709805687741,0.4187633332401831
repeated:v1:3,repeated,v1,3,ridge_e011_only_a100,0.25,ridge_e011_only_a100__w0.25,754075,151,117822963.01547556,12.49993338923209,9.286222427097046,17.982933799334607,22.353417516852282,43.42524096428647,0.2948055944205509,0.42480790163431265
repeated:v1:3,repeated,v1,3,ridge_e011_only_a100,0.5,ridge_e011_only_a100__w0.50,754075,151,126704941.12546967,12.962521935827262,9.657667850333418,18.679992366285923,23.438123631673474,46.37321779679791,0.3012794401467759,0.43340412650814586
repeated:v1:3,repeated,v1,3,ridge_e011_only_a100,0.75,ridge_e011_only_a100__w0.75,754075,151,138953049.13565573,13.574591499467807,9.862351477139391,19.701285562091723,24.365868744962572,49.33406013604981,0.31138444869712456,0.4407052502338106
repeated:v1:3,repeated,v1,3,ridge_e011_only_a100,1.0,ridge_e011_only_a100__w1.00,754075,151,154567287.04603374,14.316983378390205,9.951813942717925,21.245728983567204,24.691739729417996,52.30558320906781,0.321006628352049,0.44969662865869975
repeated:v1:4,repeated,v1,4,latest_cut_identity,0.25,latest_cut_identity__w0.25,755984,153,133263062.36464167,13.276958339923365,8.150227366110833,18.25811584437085,22.748442760191637,58.98991137163847,0.44036801628410616,0.5680611755323136
repeated:v1:4,repeated,v1,4,latest_cut_identity,0.5,latest_cut_identity__w0.50,755984,153,146897097.19918957,13.939599781241707,8.600272924386447,18.565518140078773,23.503914123713052,62.54898076816106,0.46486227959961135,0.5858946708049906
repeated:v1:4,repeated,v1,4,latest_cut_identity,0.75,latest_cut_identity__w0.75,755984,153,168353724.5150252,14.922963007068969,9.418436108838216,19.570198349201807,24.185812287241934,66.13357584259656,0.47973937268994227,0.5991760799753811
repeated:v1:4,repeated,v1,4,latest_cut_identity,1.0,latest_cut_identity__w1.00,755984,153,197632944.31214854,16.1686354188449,10.50737217835536,20.26106739880352,25.61145202777764,69.73976067790761,0.4867317875770803,0.6045028625251017
repeated:v1:4,repeated,v1,4,linear_cut_extrapolation,0.25,linear_cut_extrapolation__w0.25,755984,153,181314188.80779016,15.48672525195508,11.492086547012137,21.62893300730801,25.091024933278508,58.166340652873714,0.34290428251953764,0.47341302369833066
repeated:v1:4,repeated,v1,4,linear_cut_extrapolation,0.5,linear_cut_extrapolation__w0.50,755984,153,348088442.12898344,21.457963372864324,18.580089052540032,28.949636277066507,32.21556516882366,60.901184178372915,0.25337720681936154,0.3783639208141361
repeated:v1:4,repeated,v1,4,linear_cut_extrapolation,0.75,linear_cut_extrapolation__w0.75,755984,153,627774379.9749613,28.816782718615208,24.6569111001314,39.503744782631,42.09872794186008,69.41611230926021,0.21593763388893386,0.342040855277043
repeated:v1:4,repeated,v1,4,linear_cut_extrapolation,1.0,linear_cut_extrapolation__w1.00,755984,153,1020372002.3457236,36.738630642031595,32.56489354111364,48.778640756916815,54.64106997079739,83.948781757767,0.19827465158588084,0.32407966302880525
repeated:v1:4,repeated,v1,4,ridge_pseudo_a1,0.25,ridge_pseudo_a1__w0.25,755984,153,129485084.9511869,13.087405868749018,8.336549637464786,18.887111755865753,22.494735481550997,56.64377306069061,0.42546987330384084,0.5568822692339694
repeated:v1:4,repeated,v1,4,ridge_pseudo_a1,0.5,ridge_pseudo_a1__w0.50,755984,153,139377921.44142374,13.578152741805736,8.440517531746407,19.968869170513372,22.75851766751134,57.86951372854944,0.4396521900219901,0.576275363716603
repeated:v1:4,repeated,v1,4,ridge_pseudo_a1,0.75,ridge_pseudo_a1__w0.75,755984,153,157130129.48209196,14.416951325653782,8.811216160358553,21.459456008414286,24.59436529780011,59.13581467356028,0.4528055946901391,0.5854595402761595
repeated:v1:4,repeated,v1,4,ridge_pseudo_a1,1.0,ridge_pseudo_a1__w1.00,755984,153,182741709.07319158,15.54757065630375,9.525836908934199,23.00447948995135,27.31463984823042,60.440126574418294,0.45295208256183345,0.5934031713979566
repeated:v1:4,repeated,v1,4,ridge_pseudo_a10,0.25,ridge_pseudo_a10__w0.25,755984,153,130970335.57104105,13.16225099196471,8.25706227097129,18.97993683274497,22.476713579218114,58.15004393990686,0.4320090308229231,0.5635583382658226
repeated:v1:4,repeated,v1,4,ridge_pseudo_a10,0.5,ridge_pseudo_a10__w0.50,755984,153,141619891.115626,13.686923065342544,8.489954400778188,19.71244447425385,22.51802304221504,60.872864424458015,0.4542807293381709,0.5834578948983141
repeated:v1:4,repeated,v1,4,ridge_pseudo_a10,0.75,ridge_pseudo_a10__w0.75,755984,153,159400286.64513636,14.520723207551972,8.986459542607854,19.621121417464117,24.183359277952544,63.62537102680387,0.4761907150272113,0.5971364810857108
repeated:v1:4,repeated,v1,4,ridge_pseudo_a10,1.0,ridge_pseudo_a10__w1.00,755984,153,184311522.15957206,15.614207299657389,9.233351223501241,21.47106453835846,25.986843233434993,66.40387229215717,0.4842055635599369,0.6078347527931033
repeated:v1:4,repeated,v1,4,ridge_pseudo_a100,0.25,ridge_pseudo_a100__w0.25,755984,153,132240872.34236532,13.225940077720182,8.145708812871483,18.698538758161614,22.46254449559713,58.99164511180459,0.43888784478723747,0.5690598115223768
repeated:v1:4,repeated,v1,4,ridge_pseudo_a100,0.5,ridge_pseudo_a100__w0.50,755984,153,143410706.13318336,13.773188304250368,8.560891789948121,19.624153841609367,22.828229341606043,62.55412731830968,0.4645438630184312,0.590757032250454
repeated:v1:4,repeated,v1,4,ridge_pseudo_a100,0.75,ridge_pseudo_a100__w0.75,755984,153,160961121.38383555,14.591642895220257,8.904929091801915,20.03990540732064,23.332778893347594,66.14353901853913,0.4862379043981251,0.607525549752518
repeated:v1:4,repeated,v1,4,ridge_pseudo_a100,1.0,ridge_pseudo_a100__w1.00,755984,153,184892118.0943219,15.638780959247526,9.317012174112952,20.789030887181053,25.80778545241851,69.75572321338393,0.5002348449445737,0.6166426071867346
repeated:v1:4,repeated,v1,4,ridge_pseudo_e011_a1,0.25,ridge_pseudo_e011_a1__w0.25,755984,153,124936186.489496,12.855465902416448,8.61383284844884,18.189643534244652,21.598495858292825,55.34106441267056,0.3991454392906715,0.528546306944886
repeated:v1:4,repeated,v1,4,ridge_pseudo_e011_a1,0.5,ridge_pseudo_e011_a1__w0.50,755984,153,124580265.03720067,12.837141349702215,8.553366955622101,18.446130240564514,21.431827475585663,55.3776961156558,0.3873539793301743,0.517143929707981
repeated:v1:4,repeated,v1,4,ridge_pseudo_e011_a1,0.75,ridge_pseudo_e011_a1__w0.75,755984,153,126383855.65449554,12.929731257805656,8.73389632255824,18.314800136315757,21.461793971154318,55.57086691310574,0.3730347030145465,0.5030111305288774
repeated:v1:4,repeated,v1,4,ridge_pseudo_e011_a1,1.0,ridge_pseudo_e011_a1__w1.00,755984,153,130346958.34138057,13.130889561210946,9.02087038878822,18.421164089075468,21.010617283095854,55.918954545984896,0.36326482169607605,0.4873557585548223
repeated:v1:4,repeated,v1,4,ridge_pseudo_e011_a10,0.25,ridge_pseudo_e011_a10__w0.25,755984,153,125008299.97001827,12.859175470798336,8.6771358985683,18.28911666481226,21.897049153386092,53.463689003931385,0.3962321289875635,0.5278193378778767
repeated:v1:4,repeated,v1,4,ridge_pseudo_e011_a10,0.5,ridge_pseudo_e011_a10__w0.50,755984,153,124276476.61324395,12.821480140293946,8.944447317232008,18.074756098951433,21.82287900332584,51.49719481858569,0.38395553159189455,0.5151956966111443
repeated:v1:4,repeated,v1,4,ridge_pseudo_e011_a10,0.75,ridge_pseudo_e011_a10__w0.75,755984,153,125256149.94105853,12.871916897046088,9.499330490311651,18.10641999820801,21.671273426586446,49.56550106722653,0.37123393422981105,0.5036068369529788
repeated:v1:4,repeated,v1,4,ridge_pseudo_e011_a10,1.0,ridge_pseudo_e011_a10__w1.00,755984,153,127947319.953462,13.009460735876303,9.523647692558635,18.00057343885438,22.054555180539623,47.67283825717417,0.3633571197453586,0.49092243571293215
repeated:v1:4,repeated,v1,4,ridge_pseudo_e011_a100,0.25,ridge_pseudo_e011_a100__w0.25,755984,153,130452540.68727873,13.136206560960707,8.68620531348652,18.776463384863533,22.550277933883596,56.49134129359278,0.4215531074063074,0.551261032662483
repeated:v1:4,repeated,v1,4,ridge_pseudo_e011_a100,0.5,ridge_pseudo_e011_a100__w0.50,755984,153,136425787.70662174,13.433585166708175,8.705719044829278,18.668477007971966,23.684492570149224,57.56233597930075,0.4358020472709661,0.562806431798621
repeated:v1:4,repeated,v1,4,ridge_pseudo_e011_a100,0.75,ridge_pseudo_e011_a100__w0.75,755984,153,145371361.0694105,13.867019501820621,8.847851157998768,18.863441184015702,23.161606742384528,58.672024389453036,0.4472833510842411,0.5711355900520667
repeated:v1:4,repeated,v1,4,ridge_pseudo_e011_a100,1.0,ridge_pseudo_e011_a100__w1.00,755984,153,157289260.77564502,14.42424975900798,8.936947850756402,19.086658196822473,23.06324035888766,59.81825314097019,0.4589249018413952,0.5776390205380717
repeated:v1:4,repeated,v1,4,extra_trees_pseudo,0.25,extra_trees_pseudo__w0.25,755984,153,132827277.4930348,13.255232006448116,8.259439486318552,18.02843909589547,22.370824348446938,58.6063161632096,0.44541948700196177,0.5747119270156575
repeated:v1:4,repeated,v1,4,extra_trees_pseudo,0.5,extra_trees_pseudo__w0.50,755984,153,144571188.57891163,13.82880248765396,8.40592175221384,19.476536379594034,23.56147911891766,61.784598375244045,0.47325635052977927,0.5983758346563562
repeated:v1:4,repeated,v1,4,extra_trees_pseudo,0.75,extra_trees_pseudo__w0.75,755984,153,162683353.269012,14.669498120259007,8.947212937536325,20.59345570292929,25.328489740920975,64.99125099370522,0.48532677195673435,0.6124489652445193
repeated:v1:4,repeated,v1,4,extra_trees_pseudo,1.0,extra_trees_pseudo__w1.00,755984,153,187163771.5633359,15.734559609915404,9.370098889407064,20.59377869158094,28.69253254323916,68.22227365187871,0.49132974388085454,0.617949834461452
repeated:v1:4,repeated,v1,4,hist_gradient_pseudo,0.25,hist_gradient_pseudo__w0.25,755984,153,132486995.732873,13.238242250015837,8.39959259421016,18.202220249782844,22.55978314950548,58.046478553332534,0.43204139022345883,0.5631949005104068
repeated:v1:4,repeated,v1,4,hist_gradient_pseudo,0.5,hist_gradient_pseudo__w0.50,755984,153,146176763.45304197,13.905380234990847,9.027289999811392,19.923821622758336,24.708184015066315,60.69679226147112,0.44253469329308387,0.5726526083277276
repeated:v1:4,repeated,v1,4,hist_gradient_pseudo,0.75,hist_gradient_pseudo__w0.75,755984,153,168520923.17188838,14.93037145672064,10.486690390017161,20.6139007690874,26.297434214776327,63.40405787007222,0.43720669090606135,0.5680517831132298
repeated:v1:4,repeated,v1,4,hist_gradient_pseudo,1.0,hist_gradient_pseudo__w1.00,755984,153,199519474.88941222,16.2456220237348,10.83349052020035,22.84001755583149,26.925572066214144,66.16128447302361,0.42059360954778147,0.5546883383305653
repeated:v1:4,repeated,v1,4,knn25_pseudo,0.25,knn25_pseudo__w0.25,755984,153,133884823.68830736,13.307895242290876,8.165970068137213,18.144765597537432,21.950357049366396,58.63299932770445,0.44616118306619684,0.5763955137259451
repeated:v1:4,repeated,v1,4,knn25_pseudo,0.5,knn25_pseudo__w0.50,755984,153,147748270.07310414,13.97992689304631,8.157034184479475,19.57790053518998,23.55412158388416,61.833509509884486,0.4717663730245367,0.6005020325358308
repeated:v1:4,repeated,v1,4,knn25_pseudo,0.75,knn25_pseudo__w0.75,755984,153,169041959.16577187,14.953434637980104,8.81877079467172,20.16550975405963,25.32130449771966,65.05856333843813,0.48188011600872416,0.6173683026202437
repeated:v1:4,repeated,v1,4,knn25_pseudo,1.0,knn25_pseudo__w1.00,755984,153,197765890.9663105,16.174072783070418,9.158320610053732,21.5072674619807,28.400788129229497,68.30468436513239,0.4848755068596627,0.6248628262591338
repeated:v1:4,repeated,v1,4,ridge_e011_only_a10,0.25,ridge_e011_only_a10__w0.25,755984,153,126713527.65969214,12.946583862521454,8.664393279587005,18.67335502582582,22.19448259889579,53.813853440549344,0.4046003824062233,0.5358056335459017
repeated:v1:4,repeated,v1,4,ridge_e011_only_a10,0.5,ridge_e011_only_a10__w0.50,755984,153,127035899.11868638,12.96304208154853,8.766329897354138,18.198560048495544,22.347895795757157,52.18386478661149,0.40046655843849627,0.5310627392357992
repeated:v1:4,repeated,v1,4,ridge_e011_only_a10,0.75,ridge_e011_only_a10__w0.75,755984,153,128418734.38836417,13.03340500034586,9.152671628488935,17.89446986155081,22.990319929177236,50.57300233387067,0.39528647336000794,0.5247285919260565
repeated:v1:4,repeated,v1,4,ridge_e011_only_a10,1.0,ridge_e011_only_a10__w1.00,755984,153,130862033.4687255,13.156807796514636,9.460660777301193,17.857145285132468,23.639005172580607,48.98315307433707,0.38921922830979666,0.5183026285002365
repeated:v1:4,repeated,v1,4,ridge_e011_only_a100,0.25,ridge_e011_only_a100__w0.25,755984,153,130729462.52045086,13.150141797177408,8.57562536711761,18.660300466170412,22.779728573783828,55.99133407286679,0.42296979920447864,0.5537226860728162
repeated:v1:4,repeated,v1,4,ridge_e011_only_a100,0.5,ridge_e011_only_a100__w0.50,755984,153,136765963.45829615,13.450322965640245,8.5178247954946,18.508558570316538,24.150432494864365,56.56188313588186,0.437033880980629,0.5657640844786346
repeated:v1:4,repeated,v1,4,ridge_e011_only_a100,0.75,ridge_e011_only_a100__w0.75,755984,153,145561122.82491732,13.876067266679726,8.707551596014387,18.374311244799696,25.656926870819238,57.17171675816424,0.44824047564352515,0.5745886270863588
repeated:v1:4,repeated,v1,4,ridge_e011_only_a100,1.0,ridge_e011_only_a100__w1.00,755984,153,157114940.6203144,14.416254507119586,8.900077430621266,20.129784449920024,26.062106317598655,57.819591929165114,0.4551474578999948,0.5804335949108881
repeated:v2:0,repeated,v2,0,latest_cut_identity,0.25,latest_cut_identity__w0.25,755021,151,116985089.74905756,12.447603346523385,8.960395558809132,17.071938365853363,24.057849363826403,43.34133974112491,0.3689671829572032,0.4895605331219522
repeated:v2:0,repeated,v2,0,latest_cut_identity,0.5,latest_cut_identity__w0.50,755021,151,134173726.65918264,13.330739002608711,9.145948143298373,18.39185978255274,24.304346167445612,50.13898549372789,0.3771214227856734,0.499535782946641
repeated:v2:0,repeated,v2,0,latest_cut_identity,0.75,latest_cut_identity__w0.75,755021,151,159364796.1243357,14.528362923980435,9.53084709693782,20.593866959219874,26.43025279901274,58.551101066817985,0.3810449431096543,0.5076958557745317
repeated:v2:0,repeated,v2,0,latest_cut_identity,1.0,latest_cut_identity__w1.00,755021,151,192558298.1445167,15.969878201101874,10.843421001295727,22.090527714862265,27.138957051687164,66.98220118878523,0.3833821488545531,0.5174522296272815
repeated:v2:0,repeated,v2,0,linear_cut_extrapolation,0.25,linear_cut_extrapolation__w0.25,755021,151,174573480.2115687,15.205812092898187,12.082779015451505,21.235502423513818,25.297703205861296,49.23281011831791,0.2903574087336522,0.42373174694994636
repeated:v2:0,repeated,v2,0,linear_cut_extrapolation,0.5,linear_cut_extrapolation__w0.50,755021,151,356155908.0685254,21.719036787296297,18.326863950573223,30.39307332709585,34.09017325549016,65.15458291020379,0.23671475926746682,0.362426667847243
repeated:v2:0,repeated,v2,0,linear_cut_extrapolation,0.75,linear_cut_extrapolation__w0.75,755021,151,652546168.9648303,29.39856326576545,25.002956210938994,41.21261550545396,44.46889746619094,81.12491468963887,0.20965948879303506,0.3383973879424648
repeated:v2:0,repeated,v2,0,linear_cut_extrapolation,1.0,linear_cut_extrapolation__w1.00,755021,151,1063744262.9004837,37.53523159345605,34.12055432140922,52.33871206033356,55.59317665306282,97.1198533758265,0.19855646111237357,0.3256697994992384
repeated:v2:0,repeated,v2,0,ridge_pseudo_a1,0.25,ridge_pseudo_a1__w0.25,755021,151,114408176.6775636,12.309743868515705,8.766345399150374,17.32335297733481,23.678221598324626,44.00341560225898,0.3656294728747306,0.4878526820405917
repeated:v2:0,repeated,v2,0,ridge_pseudo_a1,0.5,ridge_pseudo_a1__w0.50,755021,151,128041026.2682932,13.022520735494535,8.707730716999862,18.79334328597299,24.49164944233203,47.534934233676346,0.3731204053981238,0.502372055586536
repeated:v2:0,repeated,v2,0,ridge_pseudo_a1,0.75,ridge_pseudo_a1__w0.75,755021,151,148697434.16614926,14.033701079714714,9.238416467899402,19.864825000840273,27.14445351040135,54.15332008843437,0.37644070661648577,0.5036508927429759
repeated:v2:0,repeated,v2,0,ridge_pseudo_a1,1.0,ridge_pseudo_a1__w1.00,755021,151,176377400.37113175,15.284173290487857,9.7706077312429,22.5749351243521,29.37949149500136,61.12314463627594,0.3696892019338448,0.5089055448688505
repeated:v2:0,repeated,v2,0,ridge_pseudo_a10,0.25,ridge_pseudo_a10__w0.25,755021,151,114587276.03601861,12.319375195351972,8.67802990832553,17.32129699110371,23.846502640396295,44.17834381461598,0.3668950273723825,0.4906618755548347
repeated:v2:0,repeated,v2,0,ridge_pseudo_a10,0.5,ridge_pseudo_a10__w0.50,755021,151,128365642.95728539,13.039017993205618,8.580481171220018,18.937140605298605,24.723337317256824,47.88639969128143,0.3780328640756824,0.5065908297406799
repeated:v2:0,repeated,v2,0,ridge_pseudo_a10,0.75,ridge_pseudo_a10__w0.75,755021,151,149133986.1577608,14.0542863380134,9.249813304701023,20.112213202646384,27.400495454958794,54.37841794295305,0.38386671647178255,0.509353527171636
repeated:v2:0,repeated,v2,0,ridge_pseudo_a10,1.0,ridge_pseudo_a10__w1.00,755021,151,176892305.63744485,15.306466866492867,9.91194265857807,22.347867295303978,29.640204359424466,61.41885119756673,0.3794010302825926,0.5174150433004344
repeated:v2:0,repeated,v2,0,ridge_pseudo_a100,0.25,ridge_pseudo_a100__w0.25,755021,151,115047604.41534257,12.344095540309263,8.703798252615131,17.275392812694914,23.98217093546443,44.26619234298245,0.36927345635747916,0.49215671189244004
repeated:v2:0,repeated,v2,0,ridge_pseudo_a100,0.5,ridge_pseudo_a100__w0.50,755021,151,129244297.78365754,13.083567521320374,8.820468365763327,18.858721814541006,24.865023710409883,48.867763469942936,0.38323181528870437,0.5091961602037184
repeated:v2:0,repeated,v2,0,ridge_pseudo_a100,0.75,ridge_pseudo_a100__w0.75,755021,151,150388965.49890533,14.113296657089354,9.398143180536927,19.696760909290024,27.373829860543943,56.637114795701976,0.3919091031711898,0.5165339600151749
repeated:v2:0,repeated,v2,0,ridge_pseudo_a100,1.0,ridge_pseudo_a100__w1.00,755021,151,178481607.561086,15.375074147673683,9.75525917064979,22.233955983084744,29.86424817156629,64.42373754282092,0.38992611038671565,0.5281594915703182
repeated:v2:0,repeated,v2,0,ridge_pseudo_e011_a1,0.25,ridge_pseudo_e011_a1__w0.25,755021,151,106364917.87925899,11.8691519286825,8.736973401667234,17.04856838393779,23.920614028784485,39.703664086824865,0.33190353142857165,0.4698117721786407
repeated:v2:0,repeated,v2,0,ridge_pseudo_e011_a1,0.5,ridge_pseudo_e011_a1__w0.50,755021,151,106614335.11512159,11.88305988676885,8.763627386114726,17.484493348294762,23.352185450771376,38.916925713305666,0.31888375141294206,0.46385589701847924
repeated:v2:0,repeated,v2,0,ridge_pseudo_e011_a1,0.75,ridge_pseudo_e011_a1__w0.75,755021,151,108547137.10154825,11.9902895586459,8.807253523902464,18.198113106929963,22.456072587297037,38.13288156703115,0.3079781407773772,0.4567055979700503
repeated:v2:0,repeated,v2,0,ridge_pseudo_e011_a1,1.0,ridge_pseudo_e011_a1__w1.00,755021,151,112163323.83853897,12.188378144325087,9.120187749483808,18.936884816020882,21.712705238737346,37.35170131078694,0.3033788329918894,0.44911111139417
repeated:v2:0,repeated,v2,0,ridge_pseudo_e011_a10,0.25,ridge_pseudo_e011_a10__w0.25,755021,151,110430245.3252034,12.09384791557934,8.862093134674112,16.811415019124656,24.278344263402488,41.6490182905246,0.34606978219248646,0.48066477969091814
repeated:v2:0,repeated,v2,0,ridge_pseudo_e011_a10,0.5,ridge_pseudo_e011_a10__w0.50,755021,151,114329629.99419157,12.305517529135587,8.739873814748613,17.59352168018857,24.72952816612508,42.8136342814587,0.34684849293797526,0.4858420467380679
repeated:v2:0,repeated,v2,0,ridge_pseudo_e011_a10,0.75,ridge_pseudo_e011_a10__w0.75,755021,151,119497039.40092494,12.580533461070397,8.628225889533384,17.86569619458861,24.690387246501658,43.986109499531516,0.3448187120530214,0.4898326359844014
repeated:v2:0,repeated,v2,0,ridge_pseudo_e011_a10,1.0,ridge_pseudo_e011_a10__w1.00,755021,151,125932473.54540353,12.91484955084297,8.932867818198213,18.134856117306757,24.915543281405895,45.165831887825306,0.34315270988092644,0.4910058494523784
repeated:v2:0,repeated,v2,0,ridge_pseudo_e011_a100,0.25,ridge_pseudo_e011_a100__w0.25,755021,151,113839160.36392836,12.279094065896988,8.672324685607004,16.325530177176315,24.383331139905245,43.557398259746094,0.3616322809095428,0.4921956765423786
repeated:v2:0,repeated,v2,0,ridge_pseudo_e011_a100,0.5,ridge_pseudo_e011_a100__w0.50,755021,151,122599607.55911061,12.742804623279874,8.631228522333785,17.161947122488144,25.40213868011167,46.64667704340419,0.37434053415735613,0.5076847714013325
repeated:v2:0,repeated,v2,0,ridge_pseudo_e011_a100,0.75,ridge_pseudo_e011_a100__w0.75,755021,151,134080226.9795072,13.326093394720731,8.5421362205538,18.04664028396647,26.494409243895262,49.75615308219885,0.38066495102231107,0.5230463061777643
repeated:v2:0,repeated,v2,0,ridge_pseudo_e011_a100,1.0,ridge_pseudo_e011_a100__w1.00,755021,151,148281018.62511808,14.014037161801603,8.835672055835579,19.401987917550173,27.182409919431166,52.957450479553344,0.3893848563954991,0.5332211336381416
repeated:v2:0,repeated,v2,0,extra_trees_pseudo,0.25,extra_trees_pseudo__w0.25,755021,151,114549818.44429217,12.317361482050352,8.844860038407566,17.128844637734687,23.87356306182552,44.81364166875626,0.3762918469706842,0.4914753428120441
repeated:v2:0,repeated,v2,0,extra_trees_pseudo,0.5,extra_trees_pseudo__w0.50,755021,151,128743688.14620066,13.058204256507898,9.155000299395308,18.549590693332828,24.66794443269309,51.43314619470022,0.39353392500011863,0.5097935704497872
repeated:v2:0,repeated,v2,0,extra_trees_pseudo,0.75,extra_trees_pseudo__w0.75,755021,151,150380494.49968588,14.11289916978651,10.021650378741517,18.457946820272173,27.000436920978775,60.49032729079954,0.40558688177504204,0.5199524921934612
repeated:v2:0,repeated,v2,0,extra_trees_pseudo,1.0,extra_trees_pseudo__w1.00,755021,151,179460237.5047479,15.417167949890699,10.783725548704188,20.967993466594283,28.69966526173675,69.5651443811346,0.4088299845093692,0.526463139817167
repeated:v2:0,repeated,v2,0,hist_gradient_pseudo,0.25,hist_gradient_pseudo__w0.25,755021,151,114490096.44752245,12.31415015732501,8.856978727715983,16.535302029667196,23.798151516319614,44.809098468874105,0.37840157639046124,0.4875011853963205
repeated:v2:0,repeated,v2,0,hist_gradient_pseudo,0.5,hist_gradient_pseudo__w0.50,755021,151,129588425.99138546,13.100974214083598,9.685576790723648,16.941368322216462,24.041635562769493,51.551600441720474,0.3942169040506666,0.5016080931354883
repeated:v2:0,repeated,v2,0,hist_gradient_pseudo,0.75,hist_gradient_pseudo__w0.75,755021,151,153093874.0255495,14.23965249519166,10.13533245061158,18.34850508613398,26.509079923780423,60.676545896077165,0.39755586474615423,0.5039453780008528
repeated:v2:0,repeated,v2,0,hist_gradient_pseudo,1.0,hist_gradient_pseudo__w1.00,755021,151,185006440.55001456,15.653588329017461,11.043564859502073,20.80588976747276,26.864072443581396,69.82177851178352,0.39383732627638907,0.505739129257821
repeated:v2:0,repeated,v2,0,knn25_pseudo,0.25,knn25_pseudo__w0.25,755021,151,114308325.69646338,12.304370964491321,8.758083315376323,16.99695456935489,24.10780521805149,44.155022818844515,0.3747126201751093,0.49374375732473236
repeated:v2:0,repeated,v2,0,knn25_pseudo,0.5,knn25_pseudo__w0.50,755021,151,128851849.34149629,13.0636883873353,8.976794129833829,19.35619426281956,24.093100049360505,53.798883116767406,0.38988284772448,0.5148761087436018
repeated:v2:0,repeated,v2,0,knn25_pseudo,0.75,knn25_pseudo__w0.75,755021,151,151429456.32905915,14.162035085034807,9.033164330853273,20.086390255493274,25.777575650427504,64.05551477972105,0.40058309550241256,0.528009919480886
repeated:v2:0,repeated,v2,0,knn25_pseudo,1.0,knn25_pseudo__w1.00,755021,151,182041146.659152,15.527633278670969,10.037615410421143,22.2972101242153,27.771307742297655,74.33360473595427,0.4106401954963455,0.5359830283608783
repeated:v2:0,repeated,v2,0,ridge_e011_only_a10,0.25,ridge_e011_only_a10__w0.25,755021,151,111182930.61082919,12.13499335928069,8.860410805447648,16.649185138205166,24.282282639099066,41.466053854657225,0.34985393011518096,0.4877747163140418
repeated:v2:0,repeated,v2,0,ridge_e011_only_a10,0.5,ridge_e011_only_a10__w0.50,755021,151,115529890.79566875,12.369942071361034,8.787284994491023,16.992829294575813,24.7354302801443,42.44833221981707,0.3551388283309649,0.4980883698626668
repeated:v2:0,repeated,v2,0,ridge_e011_only_a10,0.75,ridge_e011_only_a10__w0.75,755021,151,120839765.94847912,12.651016499006492,9.016417154032554,17.33468347598011,24.71692030531787,43.439153068844796,0.3579572921735858,0.5053518203517953
repeated:v2:0,repeated,v2,0,ridge_e011_only_a10,1.0,ridge_e011_only_a10__w1.00,755021,151,127112556.0692603,12.975219406919738,9.014425109964213,17.637866373164684,24.58933075516942,44.43794499705221,0.3587546208574605,0.5094975002799053
repeated:v2:0,repeated,v2,0,ridge_e011_only_a100,0.25,ridge_e011_only_a100__w0.25,755021,151,114362440.77124962,12.307283145925833,8.682067169925274,16.152809814720154,24.58680104657141,43.121033173600956,0.36449378740029187,0.49643567148029577
repeated:v2:0,repeated,v2,0,ridge_e011_only_a100,0.5,ridge_e011_only_a100__w0.50,755021,151,123530183.97655205,12.79107450261415,9.058068147041777,16.550090730820937,25.377786929368074,45.77158728552239,0.380787344330862,0.5144833694728977
repeated:v2:0,repeated,v2,0,ridge_e011_only_a100,0.75,ridge_e011_only_a100__w0.75,755021,151,135302115.00986776,13.3866767680899,8.616702859002707,17.76691763515938,26.310984131441405,51.091548880228856,0.39115704533383366,0.5281417194128672
repeated:v2:0,repeated,v2,0,ridge_e011_only_a100,1.0,ridge_e011_only_a100__w1.00,755021,151,149678233.87119672,14.07990775252687,9.094968520770943,19.111125338010908,27.23930545792568,57.01599226880916,0.4002764494176804,0.5380369013756108
repeated:v2:1,repeated,v2,1,latest_cut_identity,0.25,latest_cut_identity__w0.25,758677,154,137494640.60485247,13.462150020427138,8.79541683111341,19.12902878702782,22.832928338556094,58.98991137163847,0.4194785725017564,0.5434108720368201
repeated:v2:1,repeated,v2,1,latest_cut_identity,0.5,latest_cut_identity__w0.50,758677,154,151780550.3946132,14.144239534589639,8.79559983126984,19.172302710500592,24.02412871903556,62.54898076816106,0.43112220842031407,0.5589320542370222
repeated:v2:1,repeated,v2,1,latest_cut_identity,0.75,latest_cut_identity__w0.75,758677,154,172690568.37913278,15.087102828150165,9.485079865173695,21.09298788495066,25.021411549038643,66.13357584259656,0.4326276881975266,0.5649893076245258
repeated:v2:1,repeated,v2,1,latest_cut_identity,1.0,latest_cut_identity__w1.00,758677,154,200224694.55841115,16.24539819082533,10.53514635498665,22.600256197260105,26.964492811561318,69.73976067790761,0.43038055993000957,0.5627957208763547
repeated:v2:1,repeated,v2,1,linear_cut_extrapolation,0.25,linear_cut_extrapolation__w0.25,758677,154,176725802.01776674,15.262353965343692,11.881348387027465,20.87312220654821,25.046765904282918,58.166340652873714,0.317786442125921,0.4355389223316921
repeated:v2:1,repeated,v2,1,linear_cut_extrapolation,0.5,linear_cut_extrapolation__w0.50,758677,154,340274876.82879955,21.178075079703348,18.24706432674578,29.096689072450907,33.055980939100756,60.901184178372915,0.23414141617259654,0.3548018856127943
repeated:v2:1,repeated,v2,1,linear_cut_extrapolation,0.75,linear_cut_extrapolation__w0.75,758677,154,620480063.4429489,28.597986498762793,25.728806494199755,38.92679838230343,43.91656883765016,63.66197410831886,0.1935492869263059,0.3134533248403572
repeated:v2:1,repeated,v2,1,linear_cut_extrapolation,1.0,linear_cut_extrapolation__w1.00,758677,154,1017341361.8602148,36.61886606203206,33.81299575370659,49.03024162379599,55.133172500136375,66.44547632507897,0.17258995754667145,0.2866283004710267
repeated:v2:1,repeated,v2,1,ridge_pseudo_a1,0.25,ridge_pseudo_a1__w0.25,758677,154,138581620.42045727,13.515258556700134,8.591493658593082,18.394713869531248,23.13586159496921,57.325089598536145,0.4085628667596148,0.5364252655546148
repeated:v2:1,repeated,v2,1,ridge_pseudo_a1,0.5,ridge_pseudo_a1__w0.50,758677,154,152935487.59674028,14.197951128115049,8.959647243003797,19.417385059589858,24.35457662911339,59.21847161258868,0.41522838719921856,0.5440859364981436
repeated:v2:1,repeated,v2,1,ridge_pseudo_a1,0.75,ridge_pseudo_a1__w0.75,758677,154,172894440.5386995,15.096005841769925,9.196538487352957,21.429729378105428,26.284879434313854,61.13868045006149,0.41483233339180536,0.5454328292952488
repeated:v2:1,repeated,v2,1,ridge_pseudo_a1,1.0,ridge_pseudo_a1__w1.00,758677,154,198458479.24633497,16.17358779831121,9.984098053142569,22.618247746430303,28.876009718917345,63.0832663914249,0.4097473889663798,0.5480343153421758
repeated:v2:1,repeated,v2,1,ridge_pseudo_a10,0.25,ridge_pseudo_a10__w0.25,758677,154,139133396.68194714,13.54213798871849,8.531856872026399,18.19728710840798,23.12995720213499,58.2204930957668,0.41295718263409975,0.5392695416427299
repeated:v2:1,repeated,v2,1,ridge_pseudo_a10,0.5,ridge_pseudo_a10__w0.50,758677,154,153963385.9148016,14.245584317354727,9.048531002918198,19.432436421528678,24.34059213246992,61.007367804605316,0.42334255575032825,0.5501841500802171
repeated:v2:1,repeated,v2,1,ridge_pseudo_a10,0.75,ridge_pseudo_a10__w0.75,758677,154,174322806.70841396,15.158235350501771,9.273422157950584,21.224459045322302,25.871004565794372,63.818282095484996,0.42692444180859684,0.5554679180400524
repeated:v2:1,repeated,v2,1,ridge_pseudo_a10,1.0,ridge_pseudo_a10__w1.00,758677,154,200211659.0627842,16.244869359293364,9.818394929675943,22.214793071742925,27.88040630244752,66.65019449207746,0.4247002157756332,0.5593943348114689
repeated:v2:1,repeated,v2,1,ridge_pseudo_a100,0.25,ridge_pseudo_a100__w0.25,758677,154,139175824.00427726,13.544202600352197,8.53027465846831,18.13281598075121,23.061727765860017,58.68840168630804,0.4157414508157354,0.5413739549020713
repeated:v2:1,repeated,v2,1,ridge_pseudo_a100,0.5,ridge_pseudo_a100__w0.50,758677,154,154057469.5753236,14.249936235247322,8.883564282605311,19.48874260789032,24.2048549951987,61.946298139022794,0.4284447068253899,0.5540145809453779
repeated:v2:1,repeated,v2,1,ridge_pseudo_a100,0.75,ridge_pseudo_a100__w0.75,758677,154,174477775.72298962,15.164971517176435,9.234107223461638,20.717906952429843,25.179803220448598,65.23036011803227,0.4349220999603967,0.5616077442377343
repeated:v2:1,repeated,v2,1,ridge_pseudo_a100,1.0,ridge_pseudo_a100__w1.00,758677,154,200436742.44727528,16.25399825593263,9.881474833406276,21.974386381603985,27.39097882968981,68.53682642559306,0.43542884574841095,0.5642031314743696
repeated:v2:1,repeated,v2,1,ridge_pseudo_e011_a1,0.25,ridge_pseudo_e011_a1__w0.25,758677,154,129455691.45384225,13.062674805615721,8.916695702077455,17.839357171532388,21.393841194744336,56.38671714673619,0.39327658228625995,0.5105526750337301
repeated:v2:1,repeated,v2,1,ridge_pseudo_e011_a1,0.5,ridge_pseudo_e011_a1__w0.50,758677,154,130646735.83375774,13.122628151189192,8.90489288564051,17.635742820501324,20.61381793674352,57.37946639101192,0.38987473397782746,0.5039490953743504
repeated:v2:1,repeated,v2,1,ridge_pseudo_e011_a1,0.75,ridge_pseudo_e011_a1__w0.75,758677,154,133405972.14959697,13.260477924284485,9.18427725678496,17.521778917525367,20.40465199570465,58.436099094789924,0.38415644458250015,0.4961910926174329
repeated:v2:1,repeated,v2,1,ridge_pseudo_e011_a1,1.0,ridge_pseudo_e011_a1__w1.00,758677,154,137733400.40135998,13.473833479579119,9.577564186731932,17.618631726557563,19.92521622756256,59.5532149668056,0.37832622432482893,0.492633970617894
repeated:v2:1,repeated,v2,1,ridge_pseudo_e011_a10,0.25,ridge_pseudo_e011_a10__w0.25,758677,154,130907252.16480063,13.135705234092457,8.994440265412525,17.521391615175638,21.89241687315714,54.36937387672441,0.3889763837136964,0.5085311200538085
repeated:v2:1,repeated,v2,1,ridge_pseudo_e011_a10,0.5,ridge_pseudo_e011_a10__w0.50,758677,154,133506786.06201845,13.265487400898644,9.215776099967943,17.469196481315116,21.375479342827596,53.30617961286192,0.37889773897648665,0.4981198851504288
repeated:v2:1,repeated,v2,1,ridge_pseudo_e011_a10,0.75,ridge_pseudo_e011_a10__w0.75,758677,154,137631440.70150402,13.468845428929697,9.468758206007333,17.7173796962633,21.058865398725406,52.273451261011715,0.3672268829699355,0.4844130430812017
repeated:v2:1,repeated,v2,1,ridge_pseudo_e011_a10,1.0,ridge_pseudo_e011_a10__w1.00,758677,154,143281216.08325732,13.742513438667727,9.829248902961993,18.341992343513333,21.370004039953713,51.273029764224574,0.35313570777291126,0.4687674665050819
repeated:v2:1,repeated,v2,1,ridge_pseudo_e011_a100,0.25,ridge_pseudo_e011_a100__w0.25,758677,154,136217607.35856462,13.39948678525087,8.941734920815836,17.446719087699464,22.242925460717565,56.76270842127797,0.40118956039196524,0.5234739592361232
repeated:v2:1,repeated,v2,1,ridge_pseudo_e011_a100,0.5,ridge_pseudo_e011_a100__w0.50,758677,154,145620860.64589098,13.854260125672784,9.158390003323083,18.03779973836959,23.504401733184142,58.09071465666359,0.403255141213632,0.5241594997873392
repeated:v2:1,repeated,v2,1,ridge_pseudo_e011_a100,0.75,ridge_pseudo_e011_a100__w0.75,758677,154,158042598.87182966,14.433066818738588,9.306891952499843,19.918470371373143,24.27690144576456,59.44351928706002,0.39920281048027867,0.519941758664163
repeated:v2:1,repeated,v2,1,ridge_pseudo_e011_a100,1.0,ridge_pseudo_e011_a100__w1.00,758677,154,173482822.03638062,15.121670827035304,9.58615103901441,20.9449271138619,26.11601296576545,60.81946756628606,0.3925715042541344,0.520363278219185
repeated:v2:1,repeated,v2,1,extra_trees_pseudo,0.25,extra_trees_pseudo__w0.25,758677,154,139256337.18379748,13.548119692840189,8.802339772998078,18.68915756062107,23.125622747467165,58.26052910435697,0.416881442888277,0.543755087614313
repeated:v2:1,repeated,v2,1,extra_trees_pseudo,0.5,extra_trees_pseudo__w0.50,758677,154,155486320.413965,14.315866306633797,8.975120023139795,19.91501432113417,23.85029841873971,61.093324637871376,0.4326419863947604,0.5601755551108001
repeated:v2:1,repeated,v2,1,extra_trees_pseudo,0.75,extra_trees_pseudo__w0.75,758677,154,178522788.7003531,15.339753189760142,9.605047320327904,21.61022829623974,24.352081653815773,63.95521081654378,0.44093990753326706,0.56862621188807
repeated:v2:1,repeated,v2,1,extra_trees_pseudo,1.0,extra_trees_pseudo__w1.00,758677,154,208365742.04296175,16.57237299397871,10.141302115871493,22.564114946798938,30.444871402168836,66.84245116211909,0.4475061175065423,0.5749585852981165
repeated:v2:1,repeated,v2,1,hist_gradient_pseudo,0.25,hist_gradient_pseudo__w0.25,758677,154,139703395.92948776,13.56984923212183,8.68111584135194,18.289333704043333,23.744427057661927,58.29912115202897,0.41869084650206906,0.5457321747652603
repeated:v2:1,repeated,v2,1,hist_gradient_pseudo,0.5,hist_gradient_pseudo__w0.50,758677,154,159539258.34158158,14.501246176290191,8.897666818795775,19.5504167443553,24.20231942707963,61.19442086863282,0.4358885196042287,0.5580087066515789
repeated:v2:1,repeated,v2,1,hist_gradient_pseudo,0.75,hist_gradient_pseudo__w0.75,758677,154,189340426.24613196,15.797676496170272,10.041915884311976,21.432346258788638,26.656701660328313,64.13940017078151,0.43628189494347985,0.5616234180126253
repeated:v2:1,repeated,v2,1,hist_gradient_pseudo,1.0,hist_gradient_pseudo__w1.00,758677,154,229106899.64313895,17.377633159304427,11.115878257171316,23.731046103147115,30.977821020240757,67.12752083579284,0.4275323494931674,0.5703287277952739
repeated:v2:1,repeated,v2,1,knn25_pseudo,0.25,knn25_pseudo__w0.25,758677,154,140225125.8275664,13.595164287468982,8.81276577460959,18.103279150283484,22.864314773346084,58.67272123862837,0.418343837704894,0.5449467335324214
repeated:v2:1,repeated,v2,1,knn25_pseudo,0.5,knn25_pseudo__w0.50,758677,154,157938908.09347165,14.428331318635001,9.046602694408964,19.891906077938643,23.81043388395722,61.911205031124325,0.4339409227550075,0.565141498211236
repeated:v2:1,repeated,v2,1,knn25_pseudo,0.75,knn25_pseudo__w0.75,758677,154,182974185.80756637,15.5298210916992,9.237144020682209,21.698114535532408,25.10464831464303,65.17270189122725,0.44733814115610193,0.5764186412707344
repeated:v2:1,repeated,v2,1,knn25_pseudo,1.0,knn25_pseudo__w1.00,758677,154,215330958.96985054,16.847085430510436,9.806624300979227,23.072690534442856,28.951278865141163,68.45392251534149,0.457013016499156,0.5843613892537131
repeated:v2:1,repeated,v2,1,ridge_e011_only_a10,0.25,ridge_e011_only_a10__w0.25,758677,154,131274053.96254161,13.154095467592946,8.915709395573852,17.661336540463076,21.841829206908674,54.4208862951709,0.39018965676424966,0.5095346636763126
repeated:v2:1,repeated,v2,1,ridge_e011_only_a10,0.5,ridge_e011_only_a10__w0.50,758677,154,133878079.99408257,13.283920828101737,9.111919036992106,17.68819407432878,21.642851812302734,53.39972238623739,0.3821023207966311,0.5012890396857295
repeated:v2:1,repeated,v2,1,ridge_e011_only_a10,0.75,ridge_e011_only_a10__w0.75,758677,154,137644917.1044734,13.46950482457569,9.6223923927632,17.688053660860003,21.72230767767851,52.39891465048028,0.3722699022387248,0.4902862837208879
repeated:v2:1,repeated,v2,1,ridge_e011_only_a10,1.0,ridge_e011_only_a10__w1.00,758677,154,142574565.29371417,13.708583096969845,9.915626953643338,18.128117319636587,21.93521207572618,51.419651710364604,0.3611994660893586,0.47859205879927513
repeated:v2:1,repeated,v2,1,ridge_e011_only_a100,0.25,ridge_e011_only_a100__w0.25,758677,154,136011274.5362969,13.389334640692582,8.927080262110959,17.588170361612185,22.389763395661067,56.26697481131628,0.39861919249265515,0.52273592787136
repeated:v2:1,repeated,v2,1,ridge_e011_only_a100,0.5,ridge_e011_only_a100__w0.50,758677,154,145192446.57344377,13.833865616809176,9.168967058588539,18.137096717389976,23.61089617354027,57.09444931182352,0.39847601905152286,0.5228545776308615
repeated:v2:1,repeated,v2,1,ridge_e011_only_a100,0.75,ridge_e011_only_a100__w0.75,758677,154,157376355.1212912,14.402612699768909,9.515186063197751,19.73411360511875,24.178558493378137,57.94277230709333,0.39578069976723246,0.5201770236748954
repeated:v2:1,repeated,v2,1,ridge_e011_only_a100,1.0,ridge_e011_only_a100__w1.00,758677,154,172563000.17983913,15.08152930399563,9.812525812350717,20.578762138206653,26.394379952449707,58.811041613383544,0.3885569902274238,0.5198843166268535
repeated:v2:2,repeated,v2,2,latest_cut_identity,0.25,latest_cut_identity__w0.25,755260,160,117720251.45821528,12.484678079200718,9.757296799448318,18.293707279723776,22.659411430533744,32.78823636069751,0.24601958996061407,0.39852755118635036
repeated:v2:2,repeated,v2,2,latest_cut_identity,0.5,latest_cut_identity__w0.50,755260,160,129392052.64587809,13.088972616267595,9.744973172644382,19.923673651264053,22.897004911462787,38.09447490572149,0.25377100929636237,0.400823770448958
repeated:v2:2,repeated,v2,2,latest_cut_identity,0.75,latest_cut_identity__w0.75,755260,160,149031349.83288786,14.047226185447947,10.51700855338095,21.00324500671061,24.679262251645362,43.50256884045929,0.2680907104599024,0.4055902731435174
repeated:v2:2,repeated,v2,2,latest_cut_identity,1.0,latest_cut_identity__w1.00,755260,160,176638143.01924455,15.293046289358747,11.113356557458859,22.15455094359034,27.851739649366092,48.978790060328485,0.2873590679477542,0.425621605402186
repeated:v2:2,repeated,v2,2,linear_cut_extrapolation,0.25,linear_cut_extrapolation__w0.25,755260,160,170019281.71865362,15.00378549090477,12.76895278836834,22.31817034456509,25.39721797129921,40.65548254205528,0.2237600136074194,0.3540127646723481
repeated:v2:2,repeated,v2,2,linear_cut_extrapolation,0.5,linear_cut_extrapolation__w0.50,755260,160,350319780.3332793,21.53694444620235,19.62124435563457,30.151665048410045,36.36751891557758,51.28038934939572,0.2001367207697341,0.319712249597766
repeated:v2:2,repeated,v2,2,linear_cut_extrapolation,0.75,linear_cut_extrapolation__w0.75,755260,160,654917442.1137764,29.44726986234744,27.430192053051798,41.08880558430317,45.24734759164224,62.065745612241706,0.17818091346320786,0.2943452770048688
repeated:v2:2,repeated,v2,2,linear_cut_extrapolation,1.0,linear_cut_extrapolation__w1.00,755260,160,1083812267.060145,37.881641435640205,35.28201540425676,51.597070114993315,56.232780660587096,72.94041129895697,0.16570865461851744,0.27834104756771866
repeated:v2:2,repeated,v2,2,ridge_pseudo_a1,0.25,ridge_pseudo_a1__w0.25,755260,160,117829633.34192179,12.49047691380551,9.72560036963959,18.74950436234312,23.04040876956515,33.22615117021059,0.24924978443763982,0.39902694038726366
repeated:v2:2,repeated,v2,2,ridge_pseudo_a1,0.5,ridge_pseudo_a1__w0.50,755260,160,128699451.72003779,13.053894734153792,10.064882997990157,20.115199426100485,22.74977425937518,38.96967304557481,0.2543912749349667,0.40401183794591516
repeated:v2:2,repeated,v2,2,ridge_pseudo_a1,0.75,ridge_pseudo_a1__w0.75,755260,160,146625401.40424737,13.933376255198489,10.166210132542957,21.29814753529832,25.323659004786535,44.811679936215334,0.268210922066163,0.41600465291831956
repeated:v2:2,repeated,v2,2,ridge_pseudo_a1,1.0,ridge_pseudo_a1__w1.00,755260,160,171607482.3945506,15.07370000862401,10.754381189360995,22.320655110386387,28.318961085082986,50.718151049363975,0.29132728939119074,0.4244806711594692
repeated:v2:2,repeated,v2,2,ridge_pseudo_a10,0.25,ridge_pseudo_a10__w0.25,755260,160,117785719.35045621,12.48814915551425,9.72084524767482,18.692797086877786,22.994253306513,33.685722210941805,0.2494203362347965,0.3994264923527159
repeated:v2:2,repeated,v2,2,ridge_pseudo_a10,0.5,ridge_pseudo_a10__w0.50,755260,160,128182273.27197997,13.027639808415373,10.078509682964093,19.77806596902635,22.88567638829323,39.91226877708439,0.2545440955426507,0.404758049970853
repeated:v2:2,repeated,v2,2,ridge_pseudo_a10,0.75,ridge_pseudo_a10__w0.75,755260,160,145205608.03447068,13.865752782415498,10.12405010923693,21.633481808134054,24.392688070302988,46.24819700064348,0.26819675763589884,0.41611996891813285
repeated:v2:2,repeated,v2,2,ridge_pseudo_a10,1.0,ridge_pseudo_a10__w1.00,755260,160,168855723.63792837,14.9523567729684,10.69999340522396,22.50403472116439,27.00904388998764,52.654035567096344,0.2932691690810935,0.42575478193423894
repeated:v2:2,repeated,v2,2,ridge_pseudo_a100,0.25,ridge_pseudo_a100__w0.25,755260,160,117707719.34990741,12.484013522762055,9.786532453815814,18.5615005827004,23.052846714815598,34.01333169507386,0.24954827715529132,0.3999627809425203
repeated:v2:2,repeated,v2,2,ridge_pseudo_a100,0.5,ridge_pseudo_a100__w0.50,755260,160,127779657.01924586,13.007164025879797,9.815991493431245,19.821367649073686,23.07614051049637,40.588986547981506,0.25625777170908426,0.4069448123973979
repeated:v2:2,repeated,v2,2,ridge_pseudo_a100,0.75,ridge_pseudo_a100__w0.75,755260,160,144231759.27791476,13.81917791909697,10.213744284391966,21.58215649476519,23.908896268921975,47.28413116051925,0.268741557777713,0.4185400104420502
repeated:v2:2,repeated,v2,2,ridge_pseudo_a100,1.0,ridge_pseudo_a100__w1.00,755260,160,167064026.1259141,14.872816839020544,10.560978517380285,22.290675041723315,25.13154285193626,54.05438395577189,0.29625353316045094,0.4275793196492435
repeated:v2:2,repeated,v2,2,ridge_pseudo_e011_a1,0.25,ridge_pseudo_e011_a1__w0.25,755260,160,111790889.82678477,12.166200359941582,9.163477641841247,18.337656920593968,21.43846698561745,30.535963102986482,0.24611326641705983,0.39090562297508724
repeated:v2:2,repeated,v2,2,ridge_pseudo_e011_a1,0.5,ridge_pseudo_e011_a1__w0.50,755260,160,111693676.98791522,12.160909373757885,9.06045563669661,18.966505434561604,21.624954092934875,30.713375149564193,0.2517063980034869,0.39002911202579216
repeated:v2:2,repeated,v2,2,ridge_pseudo_e011_a1,0.75,ridge_pseudo_e011_a1__w0.75,755260,160,113724307.75329076,12.270956282062103,9.692013250704484,17.976411539613373,21.752691297078293,30.89216205547096,0.25469581832763183,0.3852721440936072
repeated:v2:2,repeated,v2,2,ridge_pseudo_e011_a1,1.0,ridge_pseudo_e011_a1__w1.00,755260,160,117882782.1229114,12.493293602442217,10.029707281512025,17.77409705374905,21.183943008456126,31.098360460822388,0.25389832511438853,0.3781713212052622
repeated:v2:2,repeated,v2,2,ridge_pseudo_e011_a10,0.25,ridge_pseudo_e011_a10__w0.25,755260,160,114661599.30548227,12.321419823632286,9.303246860615795,17.726189354062402,21.918654368607037,31.14401823096376,0.24535782213512608,0.3968613801973256
repeated:v2:2,repeated,v2,2,ridge_pseudo_e011_a10,0.5,ridge_pseudo_e011_a10__w0.50,755260,160,116878971.93491355,12.439987653513839,9.52683897930801,17.87564440038706,22.769208372651438,31.929813615416602,0.24978270781513487,0.4016971684366833
repeated:v2:2,repeated,v2,2,ridge_pseudo_e011_a10,0.75,ridge_pseudo_e011_a10__w0.75,755260,160,120668064.15819325,12.640024933871151,9.720821184263844,18.114956101098095,23.94158689206896,32.71721172322994,0.2515325615103021,0.40392647874522186
repeated:v2:2,repeated,v2,2,ridge_pseudo_e011_a10,1.0,ridge_pseudo_e011_a10__w1.00,755260,160,126028875.97532135,12.91774744288344,10.245923134186471,18.344596398335042,23.433531967977803,33.506099561913146,0.25078319206192484,0.4025360010805379
repeated:v2:2,repeated,v2,2,ridge_pseudo_e011_a100,0.25,ridge_pseudo_e011_a100__w0.25,755260,160,117699961.71703129,12.483602130926393,9.62962315527312,17.888944989149074,22.707904109598065,32.50076297783603,0.24932055138367185,0.39548853268026624
repeated:v2:2,repeated,v2,2,ridge_pseudo_e011_a100,0.5,ridge_pseudo_e011_a100__w0.50,755260,160,124720263.28501326,12.850507143146045,10.12762458573026,18.36284725167225,22.047834937043607,35.45757007617419,0.25774601410245856,0.39876079263198316
repeated:v2:2,repeated,v2,2,ridge_pseudo_e011_a100,0.75,ridge_pseudo_e011_a100__w0.75,755260,160,135076850.97384533,13.373411916899999,10.44220586417456,19.147230346023306,22.03128014603769,38.43335091630923,0.26546315505144497,0.39852715167747693
repeated:v2:2,repeated,v2,2,ridge_pseudo_e011_a100,1.0,ridge_pseudo_e011_a100__w1.00,755260,160,148769724.78352752,14.034890792320974,10.737155024596845,20.334626198811932,22.644291304584804,41.741440999400055,0.26860534470386305,0.40180999919947513
repeated:v2:2,repeated,v2,2,extra_trees_pseudo,0.25,extra_trees_pseudo__w0.25,755260,160,116420223.2864944,12.415550245086582,9.822267664952491,18.51259604894565,22.470725800567973,32.60727480715813,0.24353420696946537,0.39742418911547367
repeated:v2:2,repeated,v2,2,extra_trees_pseudo,0.5,extra_trees_pseudo__w0.50,755260,160,125688336.75705723,12.900283289498406,9.868241342182563,19.872275712326683,22.15346597096078,37.70117813089346,0.24383729766430054,0.39758402359193906
repeated:v2:2,repeated,v2,2,extra_trees_pseudo,0.75,extra_trees_pseudo__w0.75,755260,160,141820286.68158793,13.703166585277916,10.238267004553592,21.842007296446265,23.569459971436167,42.878259735550785,0.25670693514031956,0.40583114849637353
repeated:v2:2,repeated,v2,2,extra_trees_pseudo,1.0,extra_trees_pseudo__w1.00,755260,160,164816073.0600865,14.772416336942504,11.033439085101403,22.677933923305112,25.249364652559418,48.111675784839576,0.27873746168653535,0.41534970919908315
repeated:v2:2,repeated,v2,2,hist_gradient_pseudo,0.25,hist_gradient_pseudo__w0.25,755260,160,116497095.4927372,12.419648559000171,9.825065273230901,18.47881422487057,22.75607885686081,32.07674345000917,0.24129736313787206,0.3949818150401762
repeated:v2:2,repeated,v2,2,hist_gradient_pseudo,0.5,hist_gradient_pseudo__w0.50,755260,160,127022208.72535807,12.968554992420046,10.045943489967883,20.197619456741364,22.83850275898972,35.33526743994544,0.23772027289576245,0.3933384086387715
repeated:v2:2,repeated,v2,2,hist_gradient_pseudo,0.75,hist_gradient_pseudo__w0.75,755260,160,145591285.96776202,13.884154856086628,10.515585310759974,21.00115636328232,24.601032040652658,39.36930617999476,0.24998326649428743,0.3914156080296434
repeated:v2:2,repeated,v2,2,hist_gradient_pseudo,1.0,hist_gradient_pseudo__w1.00,755260,160,172204327.21994904,15.099890157156375,11.215510104073054,22.007220194623766,27.178474172246016,43.4824224028685,0.2614236113742744,0.3978745077450681
repeated:v2:2,repeated,v2,2,knn25_pseudo,0.25,knn25_pseudo__w0.25,755260,160,117043697.42680618,12.448750827703726,9.717367722967769,18.656537629693293,23.158078913404527,32.52959354107805,0.2454162728513863,0.396535086122562
repeated:v2:2,repeated,v2,2,knn25_pseudo,0.5,knn25_pseudo__w0.50,755260,160,126719807.98910403,12.953108727196446,9.808499198373271,19.582395618710816,23.227393374340622,37.51525477626271,0.2506805245619521,0.3972983426352579
repeated:v2:2,repeated,v2,2,knn25_pseudo,0.75,knn25_pseudo__w0.75,755260,160,143044277.956793,13.762172679693634,10.046706817154444,21.451848224457848,24.323389948952585,42.608610691640216,0.25746746940940984,0.4051306924550196
repeated:v2:2,repeated,v2,2,knn25_pseudo,1.0,knn25_pseudo__w1.00,755260,160,166017107.32987306,14.826142811657169,10.72351588472442,22.33888674604092,27.16858158140024,47.76224229323308,0.27762432709097623,0.41332717280176495
repeated:v2:2,repeated,v2,2,ridge_e011_only_a10,0.25,ridge_e011_only_a10__w0.25,755260,160,115279378.88433227,12.354568219212775,9.358203708355727,17.726315662507808,22.351924781071883,30.909833507993486,0.24208877514333577,0.39536575388490547
repeated:v2:2,repeated,v2,2,ridge_e011_only_a10,0.5,ridge_e011_only_a10__w0.50,755260,160,117776767.69943918,12.487674600204096,9.602066922924028,17.923666907879095,23.446010727695906,32.258983972129734,0.24406381043854006,0.4007486044674619
repeated:v2:2,repeated,v2,2,ridge_e011_only_a10,0.75,ridge_e011_only_a10__w0.75,755260,160,121508112.71522015,12.683946325688664,10.014431147474752,17.489097843208754,23.425911013249532,33.61511767385213,0.24440189156023046,0.40465589340755104
repeated:v2:2,repeated,v2,2,ridge_e011_only_a10,1.0,ridge_e011_only_a10__w1.00,755260,160,126473413.9316752,12.940509584258557,9.955465529128457,17.468354921380115,23.305652015027974,34.977422366868126,0.24960517377816047,0.4063912969434994
repeated:v2:2,repeated,v2,2,ridge_e011_only_a100,0.25,ridge_e011_only_a100__w0.25,755260,160,117957643.14621249,12.49725988271785,9.651529065174998,17.820069226013228,22.3459702214496,32.826896501261544,0.24849588231542866,0.39396790925107056
repeated:v2:2,repeated,v2,2,ridge_e011_only_a100,0.5,ridge_e011_only_a100__w0.50,755260,160,125212047.71860006,12.875817632721153,10.050337843219374,18.33793107700981,22.145255886779736,36.10638930452978,0.25691218941370936,0.39589730148812524
repeated:v2:2,repeated,v2,2,ridge_e011_only_a100,0.75,ridge_e011_only_a100__w0.75,755260,160,135779159.98706213,13.408133228957047,10.279547270179819,18.609156501923707,22.791465103182237,39.40180277699693,0.26454653888041685,0.39526509864454884
repeated:v2:2,repeated,v2,2,ridge_e011_only_a100,1.0,ridge_e011_only_a100__w1.00,755260,160,149658979.95159873,14.076774328634263,10.640126949512034,20.249611611378246,23.038312784708488,42.70945181462577,0.2678150118727459,0.4024905911519164
repeated:v2:3,repeated,v2,3,latest_cut_identity,0.25,latest_cut_identity__w0.25,756289,156,124635616.19100635,12.837403462021237,8.421251512131363,20.565117732472018,23.274883766777887,40.38704322355223,0.3265571129354578,0.48955789856283116
repeated:v2:3,repeated,v2,3,latest_cut_identity,0.5,latest_cut_identity__w0.50,756289,156,139762423.14922303,13.59412687663192,8.885870937010774,21.856440780669764,25.790481810527815,42.25973580083954,0.34335935234245935,0.5128915796564181
repeated:v2:3,repeated,v2,3,latest_cut_identity,0.75,latest_cut_identity__w0.75,756289,156,164934670.1384314,14.76767364660125,9.699795342178081,22.43742836705102,28.314500094944933,44.14137381541731,0.3541897973781039,0.5209861273700168
repeated:v2:3,repeated,v2,3,latest_cut_identity,1.0,latest_cut_identity__w1.00,756289,156,200152357.15863144,16.268086114548908,10.49847195827746,24.347194704957573,30.966291286908387,46.03086027230021,0.3638555879729343,0.5252141228636856
repeated:v2:3,repeated,v2,3,linear_cut_extrapolation,0.25,linear_cut_extrapolation__w0.25,756289,156,188342921.0834502,15.780863343263427,12.388004290859744,23.146258250608714,27.63049544198737,44.94550665476047,0.29996608072107755,0.44641242251986174
repeated:v2:3,repeated,v2,3,linear_cut_extrapolation,0.5,linear_cut_extrapolation__w0.50,756289,156,370427054.19813085,22.13132710053057,18.651878285894664,30.807189507165084,35.87732234141568,51.44840295239356,0.2614912786569681,0.3861696889039512
repeated:v2:3,repeated,v2,3,linear_cut_extrapolation,0.75,linear_cut_extrapolation__w0.75,756289,156,665806648.6078234,29.670862565394643,26.561447581483023,41.92593743450766,45.67474702809612,65.86028454573294,0.23351918316270368,0.35626622013632114
repeated:v2:3,repeated,v2,3,linear_cut_extrapolation,1.0,linear_cut_extrapolation__w1.00,756289,156,1074481704.3125274,37.69255876549548,34.22602693697222,53.48938370022812,56.1093200015588,81.3150732808529,0.2152404728269296,0.33833552126104977
repeated:v2:3,repeated,v2,3,ridge_pseudo_a1,0.25,ridge_pseudo_a1__w0.25,756289,156,122511536.70906658,12.727543845660099,8.337409328732296,20.780124280930764,23.798029772676287,40.011304608962845,0.32161724079438747,0.4809946400799278
repeated:v2:3,repeated,v2,3,ridge_pseudo_a1,0.5,ridge_pseudo_a1__w0.50,756289,156,137371819.48268837,13.477363233752516,8.696243317759265,21.94182327496057,25.174589833425404,41.504304980837674,0.3425102577362756,0.5057161408689398
repeated:v2:3,repeated,v2,3,ridge_pseudo_a1,0.75,ridge_pseudo_a1__w0.75,756289,156,164135097.58464667,14.731834693366542,8.887447029440164,24.242764497492075,28.777020597215284,43.0029459427943,0.3555424466322916,0.5269058184515782
repeated:v2:3,repeated,v2,3,ridge_pseudo_a1,1.0,ridge_pseudo_a1__w1.00,756289,156,202801371.01494154,16.375386207284464,9.708107928767856,24.98472981871874,33.067821990202965,46.17881628795511,0.37475024265283374,0.552970096184315
repeated:v2:3,repeated,v2,3,ridge_pseudo_a10,0.25,ridge_pseudo_a10__w0.25,756289,156,122768772.9469059,12.740898786741568,8.302730895285624,21.104785946843776,23.819289196966537,39.948094057288245,0.3200283381186316,0.4843712532495822
repeated:v2:3,repeated,v2,3,ridge_pseudo_a10,0.5,ridge_pseudo_a10__w0.50,756289,156,137137259.8960015,13.465852156170442,8.605624148088214,21.873278218392294,25.011002183524727,41.377073754581126,0.34264912551844406,0.507230243336625
repeated:v2:3,repeated,v2,3,ridge_pseudo_a10,0.75,ridge_pseudo_a10__w0.75,756289,156,162659710.11106804,14.66547402753517,9.294509825400183,23.85885517830734,28.647960062612633,42.81099034724207,0.35970872473472143,0.5327498301399581
repeated:v2:3,repeated,v2,3,ridge_pseudo_a10,1.0,ridge_pseudo_a10__w1.00,756289,156,199336123.59210563,16.23488110136315,9.697246766968563,25.41726214648882,33.72332373358593,46.07685407014896,0.38067744547590476,0.5600778867391087
repeated:v2:3,repeated,v2,3,ridge_pseudo_a100,0.25,ridge_pseudo_a100__w0.25,756289,156,122561170.02015065,12.73012175053133,8.340706870821453,21.063489458544048,23.918062423045832,39.525817940661504,0.3207572583491115,0.4870969857183674
repeated:v2:3,repeated,v2,3,ridge_pseudo_a100,0.5,ridge_pseudo_a100__w0.50,756289,156,136114252.9933577,13.415532328200925,8.71164946767944,21.973052672269176,25.16698224274431,40.53263302658667,0.3445738378301745,0.5126192000338843
repeated:v2:3,repeated,v2,3,ridge_pseudo_a100,0.75,ridge_pseudo_a100__w0.75,756289,156,160213498.18340245,14.554780481193331,9.293790595190636,23.431052945050165,28.70371100699043,41.544638908458936,0.36311401432004925,0.5360906096345214
repeated:v2:3,repeated,v2,3,ridge_pseudo_a100,1.0,ridge_pseudo_a100__w1.00,756289,156,194858905.59028497,16.051522712924083,9.74194272239176,24.82552850743364,32.70798150729089,46.50339021166139,0.38249487049137404,0.5592789014353992
repeated:v2:3,repeated,v2,3,ridge_pseudo_e011_a1,0.25,ridge_pseudo_e011_a1__w0.25,756289,156,115970466.21729869,12.383112248489471,8.511682171296355,19.05578631539711,21.445940755325623,38.307736630670135,0.3111351165260715,0.45235789069430604
repeated:v2:3,repeated,v2,3,ridge_pseudo_e011_a1,0.5,ridge_pseudo_e011_a1__w0.50,756289,156,117391472.68093538,12.458747484147214,8.585933989283015,18.340266292840848,21.70689219980351,38.09237488076059,0.3138160856332833,0.45205325011201414
repeated:v2:3,repeated,v2,3,ridge_pseudo_e011_a1,0.75,ridge_pseudo_e011_a1__w0.75,756289,156,123817268.65469141,12.795189369600212,8.877991293479287,18.202637049983945,21.331643919460745,46.226430341027694,0.34073259861061544,0.46798567394596086
repeated:v2:3,repeated,v2,3,ridge_pseudo_e011_a1,1.0,ridge_pseudo_e011_a1__w1.00,756289,156,135247854.1385668,13.37276767723298,9.166496996447012,18.38500667390479,20.983050974697548,64.67990619631016,0.3792309466635456,0.4947597085739845
repeated:v2:3,repeated,v2,3,ridge_pseudo_e011_a10,0.25,ridge_pseudo_e011_a10__w0.25,756289,156,119447122.68667497,12.567357064457918,8.353637375596731,20.098387698486917,22.324619687733,38.58206832385076,0.3014765543111561,0.46268649301662046
repeated:v2:3,repeated,v2,3,ridge_pseudo_e011_a10,0.5,ridge_pseudo_e011_a10__w0.50,756289,156,125039642.8203897,12.858193892812743,8.77920119030437,20.458161136956484,23.97487035723891,38.64228857916693,0.3007185749546307,0.4666690098833037
repeated:v2:3,repeated,v2,3,ridge_pseudo_e011_a10,0.75,ridge_pseudo_e011_a10__w0.75,756289,156,136331809.66492555,13.426249329486115,8.937221798239824,20.369033125266384,24.968419666077658,40.56462176923017,0.3262385926899739,0.48492767141428883
repeated:v2:3,repeated,v2,3,ridge_pseudo_e011_a10,1.0,ridge_pseudo_e011_a10__w1.00,756289,156,153323623.2202825,14.238382148357259,9.438895760539115,21.127789272348327,26.769062474584853,55.879385891422245,0.3625518617511879,0.5121758524115604
repeated:v2:3,repeated,v2,3,ridge_pseudo_e011_a100,0.25,ridge_pseudo_e011_a100__w0.25,756289,156,124653547.56739107,12.838326890016562,8.47505844055232,20.60465611017098,24.138234192414647,39.02327881582268,0.3137955033688081,0.47777631260722403
repeated:v2:3,repeated,v2,3,ridge_pseudo_e011_a100,0.5,ridge_pseudo_e011_a100__w0.50,756289,156,137593758.30604467,13.488245898747955,8.729447859956952,21.74828448806829,25.561388077823146,39.527238417744854,0.33113276372912753,0.49468823607054774
repeated:v2:3,repeated,v2,3,ridge_pseudo_e011_a100,0.75,ridge_pseudo_e011_a100__w0.75,756289,156,158374881.4797422,14.47102385905271,9.052222336113083,23.25213473982184,29.42060886946426,40.036279992686524,0.35128053749168386,0.5227488530893092
repeated:v2:3,repeated,v2,3,ridge_pseudo_e011_a100,1.0,ridge_pseudo_e011_a100__w1.00,756289,156,186996917.0884836,15.724372790272671,9.545860830572462,25.03930123043466,34.842860658344065,46.77202823982756,0.38260795791021607,0.5540520023301034
repeated:v2:3,repeated,v2,3,extra_trees_pseudo,0.25,extra_trees_pseudo__w0.25,756289,156,123620076.96366607,12.784996484420343,8.369069499229369,20.293510856121927,24.17937438033641,39.39519959285648,0.3433928816464616,0.5051736324582136
repeated:v2:3,repeated,v2,3,extra_trees_pseudo,0.5,extra_trees_pseudo__w0.50,756289,156,139476708.10876924,13.58022459344062,8.710913126751834,21.632642491310037,27.043968370125317,40.27463276047115,0.3675767363698734,0.5331178434603234
repeated:v2:3,repeated,v2,3,extra_trees_pseudo,0.75,extra_trees_pseudo__w0.75,756289,156,167124142.69909084,14.865369351742102,9.228556060192261,23.652841122838915,30.597470747382356,41.16233390558426,0.38366825084212924,0.5562382119294143
repeated:v2:3,repeated,v2,3,extra_trees_pseudo,1.0,extra_trees_pseudo__w1.00,756289,156,206562380.73463085,16.52653178900256,10.001084223158088,25.377171555584077,34.17493933314654,58.64018011232799,0.4137619368741967,0.5764327817293727
repeated:v2:3,repeated,v2,3,hist_gradient_pseudo,0.25,hist_gradient_pseudo__w0.25,756289,156,122984821.04441608,12.752104555590467,8.32690824109945,20.291956296633472,24.5121489652684,38.11635508615299,0.342347342612104,0.5052695507369591
repeated:v2:3,repeated,v2,3,hist_gradient_pseudo,0.5,hist_gradient_pseudo__w0.50,756289,156,141362899.06512597,13.67174122756363,9.123928011793002,20.93267983634372,26.645615928014898,37.741092555065116,0.35895345752235586,0.5238428809764737
repeated:v2:3,repeated,v2,3,hist_gradient_pseudo,0.75,hist_gradient_pseudo__w0.75,756289,156,174688483.32591102,15.198063167687595,9.894661891810102,23.115963901880193,30.72474906774226,43.231263413576656,0.3588909394680424,0.5348020269243547
repeated:v2:3,repeated,v2,3,hist_gradient_pseudo,1.0,hist_gradient_pseudo__w1.00,756289,156,222961573.8267712,17.17003256151219,10.737160900987154,25.91447291219188,34.20809998957438,58.776319578894245,0.3766818633278821,0.5450060931438835
repeated:v2:3,repeated,v2,3,knn25_pseudo,0.25,knn25_pseudo__w0.25,756289,156,124611592.28977607,12.836166177747431,8.460528557196955,20.172309184958905,24.187176790690256,39.171189152449614,0.3464969380049286,0.5105341186771737
repeated:v2:3,repeated,v2,3,knn25_pseudo,0.5,knn25_pseudo__w0.50,756289,156,142078945.422593,13.706323267964189,8.74055142571084,21.37237822975942,26.668803126303963,39.82874641860678,0.37341326529510555,0.5400328548109007
repeated:v2:3,repeated,v2,3,knn25_pseudo,0.75,knn25_pseudo__w0.75,756289,156,171956308.66223207,15.078743893585258,9.308323335280491,24.380567044338907,30.07305056440482,41.835942883079895,0.3973699307053874,0.5738133963198767
repeated:v2:3,repeated,v2,3,knn25_pseudo,1.0,knn25_pseudo__w1.00,756289,156,214243682.00869334,16.831007747308,10.470194958009966,25.993164341667665,33.7435554055191,63.7436040058543,0.43289757726741945,0.5992520897974353
repeated:v2:3,repeated,v2,3,ridge_e011_only_a10,0.25,ridge_e011_only_a10__w0.25,756289,156,120673655.62775655,12.631715706520415,8.589638055029267,19.98386264362332,23.222914295710133,37.92897965050389,0.30346812894924813,0.46895345324181187
repeated:v2:3,repeated,v2,3,ridge_e011_only_a10,0.5,ridge_e011_only_a10__w0.50,756289,156,123485873.35535136,12.778054818359866,8.684172580408806,20.00400856390453,23.10403419968597,37.33543594945039,0.3018444583246528,0.46367438849717746
repeated:v2:3,repeated,v2,3,ridge_e011_only_a10,0.75,ridge_e011_only_a10__w0.75,756289,156,127990902.44656573,13.009052271811822,8.78495682057321,21.084337914905664,24.068031755776584,36.74407018944532,0.30082957583822306,0.4610525465351457
repeated:v2:3,repeated,v2,3,ridge_e011_only_a10,1.0,ridge_e011_only_a10__w1.00,756289,156,134188742.90139969,13.320304422179026,8.9576467302259,21.20156805150449,24.963864381990078,42.45648137787394,0.29962189659888017,0.45868258172969467
repeated:v2:3,repeated,v2,3,ridge_e011_only_a100,0.25,ridge_e011_only_a100__w0.25,756289,156,125847161.23217127,12.899646819307055,8.618856668772874,20.589560124258867,24.221963971439585,38.52019848980319,0.31830076019994746,0.48275125785135237
repeated:v2:3,repeated,v2,3,ridge_e011_only_a100,0.5,ridge_e011_only_a100__w0.50,756289,156,136692493.20629364,13.443998042890572,8.960071220710319,21.113961696067214,26.30547756418623,38.52408570059418,0.3349161298853978,0.4974998714986693
repeated:v2:3,repeated,v2,3,ridge_e011_only_a100,0.75,ridge_e011_only_a100__w0.75,756289,156,152090245.1861485,14.180997750579028,9.107491783124168,22.9690144962525,29.447344319516574,38.536259750837615,0.34884335353057566,0.5156523987986424
repeated:v2:3,repeated,v2,3,ridge_e011_only_a100,1.0,ridge_e011_only_a100__w1.00,756289,156,172040417.17173582,15.082431154721188,9.663483403076434,24.387782905066125,30.98583911661896,42.787383745962295,0.36960073895641277,0.5278822549177226
repeated:v2:4,repeated,v2,4,latest_cut_identity,0.25,latest_cut_identity__w0.25,758742,152,132653075.08614099,13.222439802550314,10.081265651884273,17.909716431752802,22.617524529710142,48.78374006413519,0.3210398397989852,0.44665629201098705
repeated:v2:4,repeated,v2,4,latest_cut_identity,0.5,latest_cut_identity__w0.50,758742,152,148218845.7717564,13.976700242303293,10.306296748831361,19.12958861114896,22.254987219787733,52.83912087803492,0.34840824891181205,0.4622718569559956
repeated:v2:4,repeated,v2,4,latest_cut_identity,0.75,latest_cut_identity__w0.75,758742,152,171554953.30195132,15.036770401331465,11.359205641195391,19.67067170670286,25.150005581831653,56.912029148282386,0.36233281431766473,0.4683491642051865
repeated:v2:4,repeated,v2,4,latest_cut_identity,1.0,latest_cut_identity__w1.00,758742,152,202661397.67672566,16.343251134628563,11.871961568285474,20.88148643868953,27.523897053223866,60.998954044140646,0.3710805330104281,0.48116790982246943
repeated:v2:4,repeated,v2,4,linear_cut_extrapolation,0.25,linear_cut_extrapolation__w0.25,758742,152,197607046.0086036,16.13816496416525,12.105499695637228,23.140313937228015,26.902667106154187,57.746121295943304,0.31756857488686296,0.44267871914649304
repeated:v2:4,repeated,v2,4,linear_cut_extrapolation,0.5,linear_cut_extrapolation__w0.50,758742,152,392434630.0373734,22.742416018579195,18.08260589835399,31.995132646132127,37.24677732920169,70.81023478259274,0.27084133353231626,0.39287715097178966
repeated:v2:4,repeated,v2,4,linear_cut_extrapolation,0.75,linear_cut_extrapolation__w0.75,758742,152,709340393.3314145,30.575972788506764,25.335190017346765,40.75300554045014,49.23034052494603,83.91093692683833,0.23368893004551328,0.3559003319873853
repeated:v2:4,repeated,v2,4,linear_cut_extrapolation,1.0,linear_cut_extrapolation__w1.00,758742,152,1148324335.8907268,38.903190681674765,34.17362024927855,52.0670806974466,61.83610333545951,97.41956678195562,0.2093688319925421,0.3359447276657394
repeated:v2:4,repeated,v2,4,ridge_pseudo_a1,0.25,ridge_pseudo_a1__w0.25,758742,152,130795915.18468079,13.129555640739344,10.043456213404799,17.891540107314633,21.94053713910706,48.94501512797751,0.3204794462685049,0.443037206581205
repeated:v2:4,repeated,v2,4,ridge_pseudo_a1,0.5,ridge_pseudo_a1__w0.50,758742,152,143488725.94616422,13.751872185644778,10.112315451491778,18.707271467432317,21.998877935138747,53.157362982307,0.3447352385899087,0.4550930043118285
repeated:v2:4,repeated,v2,4,ridge_pseudo_a1,0.75,ridge_pseudo_a1__w0.75,758742,152,162936073.52955535,14.654181313539011,10.783536853362026,19.733614742119762,25.350536745971,57.38373515451828,0.3599138165256816,0.4706710374375969
repeated:v2:4,repeated,v2,4,ridge_pseudo_a1,1.0,ridge_pseudo_a1__w1.00,758742,152,189137957.93485412,15.788551402917449,11.619906642444633,21.387455632670317,27.9474808717805,61.62124608470206,0.37090889669731414,0.48830710449332443
repeated:v2:4,repeated,v2,4,ridge_pseudo_a10,0.25,ridge_pseudo_a10__w0.25,758742,152,130854949.30220449,13.13251828789415,10.020879907597894,17.899517566694556,21.923762917103915,48.843732775101856,0.32003416860463113,0.44322162963448897
repeated:v2:4,repeated,v2,4,ridge_pseudo_a10,0.5,ridge_pseudo_a10__w0.50,758742,152,143711079.52370846,13.762523176771964,10.357123923955008,18.31055623461531,22.09757928407756,52.9543663104025,0.3457727119131452,0.4563039179228013
repeated:v2:4,repeated,v2,4,ridge_pseudo_a10,0.75,ridge_pseudo_a10__w0.75,758742,152,163426031.9096169,14.676197768389768,10.80609841895576,19.174565081232757,25.501518550622187,57.07876049820728,0.3613127686289579,0.47441215337617154
repeated:v2:4,repeated,v2,4,ridge_pseudo_a10,1.0,ridge_pseudo_a10__w1.00,758742,152,189999806.4599298,15.824482513465782,11.516968015888366,20.9057238761414,27.96183879902516,61.21413396783303,0.37579838570624646,0.493404768745812
repeated:v2:4,repeated,v2,4,ridge_pseudo_a100,0.25,ridge_pseudo_a100__w0.25,758742,152,130720170.91479255,13.125753409515122,10.014180635866683,17.779317993080518,21.89590620722398,48.58305215781836,0.31783104317409827,0.4434991716775405
repeated:v2:4,repeated,v2,4,ridge_pseudo_a100,0.5,ridge_pseudo_a100__w0.50,758742,152,143309987.21222657,13.743304410919887,10.044374257326394,18.383480425997067,22.146001994450184,52.43263774051176,0.34396005382757655,0.45636718449876923
repeated:v2:4,repeated,v2,4,ridge_pseudo_a100,0.75,ridge_pseudo_a100__w0.75,758742,152,162627090.13740706,14.640280010996786,10.647900631422683,18.920757923345622,25.57380391704804,56.29588342494351,0.3593135200586938,0.47424498809918453
repeated:v2:4,repeated,v2,4,ridge_pseudo_a100,1.0,ridge_pseudo_a100__w1.00,758742,152,188671479.69033402,15.769069426410166,11.525669949409906,20.53932931006374,28.677898602835306,60.17015811405662,0.3757762444494656,0.4942852030407575
repeated:v2:4,repeated,v2,4,ridge_pseudo_e011_a1,0.25,ridge_pseudo_e011_a1__w0.25,758742,152,125406661.70729265,12.856218386092738,10.067374335494417,17.43987512877177,21.965147135436744,44.015088286635454,0.2873055399506049,0.4250735231205829
repeated:v2:4,repeated,v2,4,ridge_pseudo_e011_a1,0.5,ridge_pseudo_e011_a1__w0.50,758742,152,127933500.42472701,12.985093434412162,9.95012335665047,17.728981414891273,22.005067295113715,43.280930755217526,0.29350174284376523,0.42834112592755974
repeated:v2:4,repeated,v2,4,ridge_pseudo_e011_a1,0.75,ridge_pseudo_e011_a1__w0.75,758742,152,132438157.3974081,13.211724302204843,10.117494149418958,19.32509734707443,22.779312426934066,42.548252263663834,0.3017824348582747,0.43225271555464606
repeated:v2:4,repeated,v2,4,ridge_pseudo_e011_a1,1.0,ridge_pseudo_e011_a1__w1.00,758742,152,138920632.62533593,13.531200013379358,10.048117565952065,20.331139921315167,23.29562189991974,41.81713055487707,0.30942539766699995,0.44250216456403696
repeated:v2:4,repeated,v2,4,ridge_pseudo_e011_a10,0.25,ridge_pseudo_e011_a10__w0.25,758742,152,126356573.12355813,12.904817199387454,10.110572853532213,17.452576413068844,22.16375233991844,44.92365015734924,0.2963264420762185,0.41567264503866913
repeated:v2:4,repeated,v2,4,ridge_pseudo_e011_a10,0.5,ridge_pseudo_e011_a10__w0.50,758742,152,129014859.57658164,13.039856271096914,9.89315854058129,17.735195454973137,22.36207114951176,45.09989794725625,0.29373730163156253,0.4103781425376791
repeated:v2:4,repeated,v2,4,ridge_pseudo_e011_a10,0.75,ridge_pseudo_e011_a10__w0.75,758742,152,132832500.60417554,13.231379065416167,10.188821595761802,18.366284570466014,22.290275786179077,45.27935748659186,0.2890647399695766,0.4062408558749829
repeated:v2:4,repeated,v2,4,ridge_pseudo_e011_a10,1.0,ridge_pseudo_e011_a10__w1.00,758742,152,137809496.20633984,13.476977708492708,10.332703200500026,18.930581008758896,22.372720561757394,45.461990740583126,0.28259983086433815,0.4054556555928846
repeated:v2:4,repeated,v2,4,ridge_pseudo_e011_a100,0.25,ridge_pseudo_e011_a100__w0.25,758742,152,128064176.85858093,12.991723490699787,10.275097179757424,17.734020587036603,23.349575367591374,46.18712406860898,0.30728822880844,0.4313010772196079
repeated:v2:4,repeated,v2,4,ridge_pseudo_e011_a100,0.5,ridge_pseudo_e011_a100__w0.50,758742,152,134797312.66669723,13.328876824948079,9.8572421467701,18.45726929407931,23.1640996514339,47.63151132389572,0.31579528195936724,0.44000817709802476
repeated:v2:4,repeated,v2,4,ridge_pseudo_e011_a100,0.75,ridge_pseudo_e011_a100__w0.75,758742,152,145057048.66945392,13.82682149217481,10.248339816423078,18.99087617866113,23.7796593447743,49.083115060349364,0.32291783498746524,0.4453426988216981
repeated:v2:4,repeated,v2,4,ridge_pseudo_e011_a100,1.0,ridge_pseudo_e011_a100__w1.00,758742,152,158843384.86685103,14.468966263845134,10.658989374132233,20.065501597437258,25.066634283558912,50.541313485270074,0.3274269656213941,0.454545974699343
repeated:v2:4,repeated,v2,4,extra_trees_pseudo,0.25,extra_trees_pseudo__w0.25,758742,152,131262629.87596403,13.152959658604777,10.07918493459134,17.485458701058633,22.068544960833805,48.66477117174746,0.3200869337458532,0.44414021144405763
repeated:v2:4,repeated,v2,4,extra_trees_pseudo,0.5,extra_trees_pseudo__w0.50,758742,152,144551331.18288642,13.802697981311722,10.00457534814207,18.815947440591874,21.184735920798193,52.600396946515176,0.34639398246891145,0.458364422769734
repeated:v2:4,repeated,v2,4,extra_trees_pseudo,0.75,extra_trees_pseudo__w0.75,758742,152,164723745.1658722,14.73435202023561,10.749292754498889,19.6290524501639,24.115513990125834,56.55303950643832,0.3625885962992453,0.4757556870767529
repeated:v2:4,repeated,v2,4,extra_trees_pseudo,1.0,extra_trees_pseudo__w1.00,758742,152,191779871.82492134,15.89843770499568,11.460258206193403,21.555216762164054,27.66934922900985,60.51936474101468,0.38030286577773514,0.49747009841604073
repeated:v2:4,repeated,v2,4,hist_gradient_pseudo,0.25,hist_gradient_pseudo__w0.25,758742,152,132219243.76594123,13.200800627461277,10.000335988831665,17.97207077938358,22.296841854561663,49.29205987219719,0.32637545678262636,0.44424842241435164
repeated:v2:4,repeated,v2,4,hist_gradient_pseudo,0.5,hist_gradient_pseudo__w0.50,758742,152,149702411.41071105,14.046474513017543,10.106291477190279,18.811072093925706,22.583166641862853,53.891963868556665,0.348752825250696,0.4542334960423623
repeated:v2:4,repeated,v2,4,hist_gradient_pseudo,0.75,hist_gradient_pseudo__w0.75,758742,152,177307144.17941442,15.286781388688837,11.36293995165191,20.4262839063237,25.990216417039292,58.53657548675142,0.3614804783351757,0.4698011952123986
repeated:v2:4,repeated,v2,4,hist_gradient_pseudo,1.0,hist_gradient_pseudo__w1.00,758742,152,215033442.0720514,16.834721683120218,11.982406203586937,21.97300534600784,31.82772667881834,63.21604121394553,0.3730364703245093,0.4844528155284478
repeated:v2:4,repeated,v2,4,knn25_pseudo,0.25,knn25_pseudo__w0.25,758742,152,130688992.3626313,13.124187980133271,10.238606994994512,17.755517461163596,22.13461687886611,48.26977626542925,0.31944766886904474,0.44132839596279194
repeated:v2:4,repeated,v2,4,knn25_pseudo,0.5,knn25_pseudo__w0.50,758742,152,143676350.1751503,13.760860144437263,10.355389332496948,18.74441284515493,20.70496893603428,51.81357317066056,0.3420175561765138,0.45391961496040656
repeated:v2:4,repeated,v2,4,knn25_pseudo,0.75,knn25_pseudo__w0.75,758742,152,163819714.68266207,14.693864142546618,10.734376066051853,20.022020678822383,23.78129831722974,55.37730629246883,0.35492045770898256,0.46494685380994605
repeated:v2:4,repeated,v2,4,knn25_pseudo,1.0,knn25_pseudo__w1.00,758742,152,191119085.88516656,15.871024690058311,11.307801844083922,22.095135988641978,27.617280758894363,58.957360551589595,0.3639748749617543,0.4813228133317752
repeated:v2:4,repeated,v2,4,ridge_e011_only_a10,0.25,ridge_e011_only_a10__w0.25,758742,152,126696697.06598713,12.922173983638913,10.375020083262193,17.470140372264673,22.06830709931945,45.36069407059472,0.2988259687895807,0.4197453947285237
repeated:v2:4,repeated,v2,4,ridge_e011_only_a10,0.5,ridge_e011_only_a10__w0.50,758742,152,129513922.31005426,13.06505269074787,10.16430258408056,17.605990720369483,22.647421315506378,45.97448980401674,0.29905437765642073,0.4193545820171821
repeated:v2:4,repeated,v2,4,ridge_e011_only_a10,0.75,ridge_e011_only_a10__w0.75,758742,152,133309316.9773064,13.255105512771545,10.145050195917968,18.12441015607117,21.998894429509836,46.59189091183324,0.29743209845881863,0.42071530890484343
repeated:v2:4,repeated,v2,4,ridge_e011_only_a10,1.0,ridge_e011_only_a10__w1.00,758742,152,138082881.06774357,13.490338820485563,10.297989558119284,18.65446957700401,21.981156585794295,47.212755951836535,0.29537622281424813,0.4215167891032712
repeated:v2:4,repeated,v2,4,ridge_e011_only_a100,0.25,ridge_e011_only_a100__w0.25,758742,152,128540863.26926498,13.01588022970517,10.232547441178266,17.641971699551465,23.531027801846474,46.47305008923016,0.3081085760338388,0.43297281698728596
repeated:v2:4,repeated,v2,4,ridge_e011_only_a100,0.5,ridge_e011_only_a100__w0.50,758742,152,135691727.76929915,13.373023990027242,9.707738504998474,18.54268269079279,22.958634512960657,48.2026537720386,0.3193652886386878,0.4426396315883354
repeated:v2:4,repeated,v2,4,ridge_e011_only_a100,0.75,ridge_e011_only_a100__w0.75,758742,152,146310234.7452075,13.886419825152846,10.105011964705234,19.2539238461962,23.83113185808847,49.93871442510617,0.3283262926459453,0.4490906299682019
repeated:v2:4,repeated,v2,4,ridge_e011_only_a100,1.0,ridge_e011_only_a100__w1.00,758742,152,160396384.19699004,14.539525195882137,10.253339069767382,20.103920526742154,25.144400186825905,51.680581342433975,0.33450754677685834,0.45902592874783293
repeated:v3:0,repeated,v3,0,latest_cut_identity,0.25,latest_cut_identity__w0.25,754707,148,124790522.16395968,12.858834652334753,9.069070338586307,20.422768422455363,25.5956887706821,31.913479255216608,0.29662860634225846,0.44911201192060934
repeated:v3:0,repeated,v3,0,latest_cut_identity,0.5,latest_cut_identity__w0.50,754707,148,141153852.2438638,13.675939737817965,9.192028839917363,21.21966665623079,27.334461214072647,36.75974882063643,0.3160279547093319,0.4784432913475518
repeated:v3:0,repeated,v3,0,latest_cut_identity,0.75,latest_cut_identity__w0.75,754707,148,166760895.65302712,14.8647606422346,10.211642507908266,21.694179464733338,29.70700176536102,41.733772722561284,0.33636077599436126,0.4910773853592746
repeated:v3:0,repeated,v3,0,latest_cut_identity,1.0,latest_cut_identity__w1.00,754707,148,201611652.39144972,16.34438656944885,11.22620582927031,23.856055733129995,32.54800950035356,46.79483000374611,0.3549907636298741,0.49924854679505704
repeated:v3:0,repeated,v3,0,linear_cut_extrapolation,0.25,linear_cut_extrapolation__w0.25,754707,148,170382970.4661137,15.025326004755291,12.413472305779637,21.28606401444329,24.774857056817925,40.82325438864128,0.28095641176726605,0.3985762730629438
repeated:v3:0,repeated,v3,0,linear_cut_extrapolation,0.5,linear_cut_extrapolation__w0.50,754707,148,347165557.8163256,21.44762102454608,17.99882668139744,29.015124728604217,34.956227966603194,54.99978813493136,0.25145348003634643,0.35919242384564815
repeated:v3:0,repeated,v3,0,linear_cut_extrapolation,0.75,linear_cut_extrapolation__w0.75,754707,148,648018667.4639506,29.302492894837854,24.571409168993192,41.2506172383407,45.28791379609425,69.41611230926021,0.22768486414713207,0.3423565547133267
repeated:v3:0,repeated,v3,0,linear_cut_extrapolation,1.0,linear_cut_extrapolation__w1.00,754707,148,1072942299.4089888,37.7050042867998,33.228208712568005,52.37328143840328,61.0106593616108,83.948781757767,0.21323330202781657,0.3343706028050375
repeated:v3:0,repeated,v3,0,ridge_pseudo_a1,0.25,ridge_pseudo_a1__w0.25,754707,148,126374823.13388495,12.940203057274916,9.303472431199154,20.600781249754977,25.997435631947955,31.899563398524393,0.2976970002604691,0.4588411413851824
repeated:v3:0,repeated,v3,0,ridge_pseudo_a1,0.5,ridge_pseudo_a1__w0.50,754707,148,142705995.11451358,13.750925213046312,9.42697935141626,20.797840429625545,28.98555620998716,35.12669178454727,0.32080201629215904,0.48772955088581244
repeated:v3:0,repeated,v3,0,ridge_pseudo_a1,0.75,ridge_pseudo_a1__w0.75,754707,148,166664421.3552007,14.860460249122612,9.977625710542034,21.13108399909579,32.06074977935026,38.37519210649973,0.3344059888451214,0.5014121928407437
repeated:v3:0,repeated,v3,0,ridge_pseudo_a1,1.0,ridge_pseudo_a1__w1.00,754707,148,198250101.85594633,16.20755561355224,10.678929699256802,22.99302921070882,34.29407429142958,41.64006274573818,0.34078815952771335,0.5096863258794095
repeated:v3:0,repeated,v3,0,ridge_pseudo_a10,0.25,ridge_pseudo_a10__w0.25,754707,148,126032914.75959125,12.922686275546022,9.209904185583813,20.501803545894685,25.96539764959066,31.985376155915056,0.2982604940851523,0.4583431009786586
repeated:v3:0,repeated,v3,0,ridge_pseudo_a10,0.5,ridge_pseudo_a10__w0.50,754707,148,141820670.1907765,13.708204593489864,9.516947494960725,20.265812914493015,28.89142991684171,35.29836380651567,0.32313483929943215,0.4887977667613807
repeated:v3:0,repeated,v3,0,ridge_pseudo_a10,0.75,ridge_pseudo_a10__w0.75,754707,148,165034171.70687062,14.787601883478935,9.945133064366537,20.790611213979474,31.471457781266306,38.63261544117504,0.3390535460056801,0.5043216988728844
repeated:v3:0,repeated,v3,0,ridge_pseudo_a10,1.0,ridge_pseudo_a10__w1.00,754707,148,195673419.30787358,16.101885275894396,10.408232287609248,23.027406093918287,33.81439658209254,41.983065074636016,0.3475996710906684,0.5149414098951401
repeated:v3:0,repeated,v3,0,ridge_pseudo_a100,0.25,ridge_pseudo_a100__w0.25,754707,148,125602074.82514995,12.900579448741398,9.092124138992473,20.645260550442632,25.849891948027256,31.745548160774288,0.29663807958877314,0.4578170620053056
repeated:v3:0,repeated,v3,0,ridge_pseudo_a100,0.5,ridge_pseudo_a100__w0.50,754707,148,140786753.04448056,13.658144633896491,9.459674434771955,20.423468554359765,29.060965548632012,34.80791819182307,0.3204285597004338,0.4865198061859809
repeated:v3:0,repeated,v3,0,ridge_pseudo_a100,0.75,ridge_pseudo_a100__w0.75,754707,148,163224940.07130665,14.70632196857311,9.960473802355448,21.110765384677663,31.17954149427716,37.88380128158039,0.33733092726800523,0.5031726267698078
repeated:v3:0,repeated,v3,0,ridge_pseudo_a100,1.0,ridge_pseudo_a100__w1.00,754707,148,192916635.9056282,15.988055639194863,10.482845936080523,23.050384677649387,33.704491615798915,40.97015401617271,0.3447003234984075,0.5117331727073244
repeated:v3:0,repeated,v3,0,ridge_pseudo_e011_a1,0.25,ridge_pseudo_e011_a1__w0.25,754707,148,115397884.38825357,12.36544455216762,8.959946766928907,19.84275867216342,22.510577408772797,29.460496030534895,0.2527769921261815,0.40382777413490906
repeated:v3:0,repeated,v3,0,ridge_pseudo_e011_a1,0.5,ridge_pseudo_e011_a1__w0.50,754707,148,114616235.1651197,12.323494636464176,9.316884449427452,19.53387752988317,22.282160780867645,28.344145108345902,0.24059343690275437,0.39120883169624826
repeated:v3:0,repeated,v3,0,ridge_pseudo_e011_a1,0.75,ridge_pseudo_e011_a1__w0.75,754707,148,115325957.74391319,12.361590306614463,9.561243757536516,18.998680383496527,22.28339300733346,27.815375235316022,0.23103004359818075,0.37664574171756454
repeated:v3:0,repeated,v3,0,ridge_pseudo_e011_a1,1.0,ridge_pseudo_e011_a1__w1.00,754707,148,117527052.12463406,12.478998498822005,9.960479828211255,19.11743975006389,21.995919130415718,28.272316012471315,0.2244202135300979,0.3642489633591496
repeated:v3:0,repeated,v3,0,ridge_pseudo_e011_a10,0.25,ridge_pseudo_e011_a10__w0.25,754707,148,120888827.02325739,12.656216424502965,9.074439214567196,20.564575087050216,24.21438049287124,32.02855102167052,0.2742122835266301,0.42933856408808646
repeated:v3:0,repeated,v3,0,ridge_pseudo_e011_a10,0.5,ridge_pseudo_e011_a10__w0.50,754707,148,125749906.10979754,12.908169086123227,9.32631378203739,21.17930352825845,24.9247280427999,33.47682914039777,0.2811021882017225,0.4380114512682924
repeated:v3:0,repeated,v3,0,ridge_pseudo_e011_a10,0.75,ridge_pseudo_e011_a10__w0.75,754707,148,132254142.67293525,13.23778896108268,9.544088334307556,21.260417504952684,25.69503742891884,34.938362162026465,0.28500041319953184,0.447907104374497
repeated:v3:0,repeated,v3,0,ridge_pseudo_e011_a10,1.0,ridge_pseudo_e011_a10__w1.00,754707,148,140401536.71267053,13.63944633958813,10.02557229900517,21.382243400461725,26.381178604392034,36.41155399535106,0.2905656617663461,0.4542201656457642
repeated:v3:0,repeated,v3,0,ridge_pseudo_e011_a100,0.25,ridge_pseudo_e011_a100__w0.25,754707,148,125230813.4413275,12.881499224623603,9.195012137798994,20.652993949664847,25.04330779863251,32.607082480953984,0.28775411992078564,0.4495802534529884
repeated:v3:0,repeated,v3,0,ridge_pseudo_e011_a100,0.5,ridge_pseudo_e011_a100__w0.50,754707,148,137047762.43907917,13.475558866652337,9.537428053358873,21.454244811489882,27.09995611623392,34.64045593012052,0.31021259826953745,0.4747673135727879
repeated:v3:0,repeated,v3,0,ridge_pseudo_e011_a100,0.75,ridge_pseudo_e011_a100__w0.75,754707,148,153121752.4065698,14.243911160415108,10.126802117228475,21.308560388103913,28.941892140663203,36.691922840084025,0.3253142829100604,0.4950430580066241
repeated:v3:0,repeated,v3,0,ridge_pseudo_e011_a100,1.0,ridge_pseudo_e011_a100__w1.00,754707,148,173452783.34379944,15.160078410270028,10.452820522944394,23.40558777957334,30.323244818395477,39.229393515248326,0.33938881083837735,0.5069267296466997
repeated:v3:0,repeated,v3,0,extra_trees_pseudo,0.25,extra_trees_pseudo__w0.25,754707,148,125260683.48066309,12.883035379890933,9.01210654426297,20.94073933066631,26.10602637901066,31.19633247550967,0.2957738369211136,0.45888029020165116
repeated:v3:0,repeated,v3,0,extra_trees_pseudo,0.5,extra_trees_pseudo__w0.50,754707,148,140529141.90811288,13.64564309845954,9.622033628879688,20.88922274823026,29.277138659346978,34.05058693512724,0.31699792901466034,0.48350446390852514
repeated:v3:0,repeated,v3,0,extra_trees_pseudo,0.75,extra_trees_pseudo__w0.75,754707,148,163476280.69566417,14.717640319526131,9.805386605291929,22.282427298233063,31.233715173106624,37.58673583201276,0.3331320191363121,0.500111785071074
repeated:v3:0,repeated,v3,0,extra_trees_pseudo,1.0,extra_trees_pseudo__w1.00,754707,148,194102099.84331694,16.0371033423351,10.83535904334077,24.034706865813305,34.28729352825927,41.18546556085501,0.3378833675759431,0.5096455091972161
repeated:v3:0,repeated,v3,0,hist_gradient_pseudo,0.25,hist_gradient_pseudo__w0.25,754707,148,125938837.90235448,12.917862326708876,9.428904027375108,20.42826225280426,26.48449684309882,29.893528189814685,0.28671354260114873,0.44845502867957104
repeated:v3:0,repeated,v3,0,hist_gradient_pseudo,0.5,hist_gradient_pseudo__w0.50,754707,148,143896724.67163438,13.808174453690706,9.82706205645258,21.26722585894148,28.861569597681,32.03757808267537,0.29615183870227907,0.4629649044258633
repeated:v3:0,repeated,v3,0,hist_gradient_pseudo,0.75,hist_gradient_pseudo__w0.75,754707,148,171544565.7211545,15.076456998152874,10.502105755305472,22.677964261017713,30.10882733093793,36.82819986060022,0.3015553119914918,0.46699577480384724
repeated:v3:0,repeated,v3,0,hist_gradient_pseudo,1.0,hist_gradient_pseudo__w1.00,754707,148,208882361.0509149,16.63648967518668,11.734977157754543,27.20210136571709,32.53592476783451,42.46877110073713,0.2976978748655353,0.46746609719965543
repeated:v3:0,repeated,v3,0,knn25_pseudo,0.25,knn25_pseudo__w0.25,754707,148,125339697.66696265,12.887098035669716,9.190940247438903,20.65749767129641,25.60387469010202,31.751869499120954,0.2922839299088985,0.4543810764457165
repeated:v3:0,repeated,v3,0,knn25_pseudo,0.5,knn25_pseudo__w0.50,754707,148,141469258.63130757,13.691210563816853,9.699159727290748,20.91626487226093,28.595600786153614,34.819082164482715,0.31268002420672736,0.4761052342698809
repeated:v3:0,repeated,v3,0,knn25_pseudo,0.75,knn25_pseudo__w0.75,754707,148,166059588.30634958,14.833471084925478,10.614959784550884,22.813185273829585,30.514889148935954,37.89868302914787,0.3248322969257933,0.4946657975594082
repeated:v3:0,repeated,v3,0,knn25_pseudo,1.0,knn25_pseudo__w1.00,754707,148,199110686.69208866,16.24269524908389,11.236989324245638,24.45018854862784,33.619960861929925,40.98787984745826,0.34062466319323337,0.5021837367349181
repeated:v3:0,repeated,v3,0,ridge_e011_only_a10,0.25,ridge_e011_only_a10__w0.25,754707,148,120906204.81500648,12.657126058566512,8.969001595879101,20.72593681272674,24.037037978039127,31.66725063621523,0.2747793386033635,0.42899109077096187
repeated:v3:0,repeated,v3,0,ridge_e011_only_a10,0.5,ridge_e011_only_a10__w0.50,754707,148,125531868.00847006,12.8969734763986,9.38535673377519,21.04585329537309,24.563574391937845,32.748277218726685,0.282735496541882,0.4376757007948791
repeated:v3:0,repeated,v3,0,ridge_e011_only_a10,0.75,ridge_e011_only_a10__w0.75,754707,148,131547894.99370557,13.202396222934421,9.603295098373739,21.348497225495375,24.603455015268846,33.83760952158297,0.2882135769126061,0.44628394169730823
repeated:v3:0,repeated,v3,0,ridge_e011_only_a10,1.0,ridge_e011_only_a10__w1.00,754707,148,138954285.77071303,13.568966931631744,9.951247832779902,21.672043910979678,25.097946877599764,34.93447058248515,0.293129454889169,0.45272602934803374
repeated:v3:0,repeated,v3,0,ridge_e011_only_a100,0.25,ridge_e011_only_a100__w0.25,754707,148,125348296.39898337,12.887540077593098,9.22450378828956,20.778583357482827,24.855161483279254,32.05234988181222,0.28741741355538264,0.44824266313174543
repeated:v3:0,repeated,v3,0,ridge_e011_only_a100,0.5,ridge_e011_only_a100__w0.50,754707,148,137261477.26182425,13.48606179185572,9.387458664521521,21.572784123478286,26.444695995991847,33.524918957695164,0.3097976314801444,0.47284434113196866
repeated:v3:0,repeated,v3,0,ridge_e011_only_a100,0.75,ridge_e011_only_a100__w0.75,754707,148,153410448.00183743,14.257332564980153,10.032174485922923,21.371820535766172,28.170939973545405,35.011145351784535,0.3268391404842021,0.4916780691192869
repeated:v3:0,repeated,v3,0,ridge_e011_only_a100,1.0,ridge_e011_only_a100__w1.00,754707,148,173795208.61902294,15.175035317772636,10.336518985477529,23.490171963514268,30.35251144910254,38.75707209955532,0.3424104040058165,0.5020162873242198
repeated:v3:1,repeated,v3,1,latest_cut_identity,0.25,latest_cut_identity__w0.25,759374,153,111612493.39591025,12.123514701808352,9.173420851516324,16.645487734042796,21.637266606541857,43.34133974112491,0.3071455565170289,0.424677576903949
repeated:v3:1,repeated,v3,1,latest_cut_identity,0.5,latest_cut_identity__w0.50,759374,153,121455292.60959479,12.646791557252167,9.18065233087616,16.860085470576347,23.479221102879304,46.19739589887922,0.3091737329406892,0.445824370025539
repeated:v3:1,repeated,v3,1,latest_cut_identity,0.75,latest_cut_identity__w0.75,759374,153,139160722.34035692,13.537250815235334,9.790540486403781,19.89536830075312,25.22691129499917,49.05977102764704,0.31722775966999756,0.4663874071756635
repeated:v3:1,repeated,v3,1,latest_cut_identity,1.0,latest_cut_identity__w1.00,759374,153,164728782.5881966,14.728444505479128,9.990540103963834,21.83960261464413,26.648669688048468,51.927420183345646,0.32434596412760136,0.4803472493670535
repeated:v3:1,repeated,v3,1,linear_cut_extrapolation,0.25,linear_cut_extrapolation__w0.25,759374,153,166623567.57567337,14.812908929166985,12.44198837769497,20.75905067250163,24.462989404876186,41.74871330907129,0.23137258722127127,0.36343888357362064
repeated:v3:1,repeated,v3,1,linear_cut_extrapolation,0.5,linear_cut_extrapolation__w0.50,759374,153,344807486.80882037,21.30887304130736,18.658649997311922,29.178964324584097,33.050371346060125,51.28038934939572,0.19087972261771033,0.3178388378319641
repeated:v3:1,repeated,v3,1,linear_cut_extrapolation,0.75,linear_cut_extrapolation__w0.75,759374,153,644184082.3987442,29.125751042196445,26.529193764654927,40.028317904079124,44.32718200866111,62.065745612241706,0.17161325373745878,0.29283846941206837
repeated:v3:1,repeated,v3,1,linear_cut_extrapolation,1.0,linear_cut_extrapolation__w1.00,759374,153,1064753354.345445,37.445242439970265,34.70494111419023,50.411551704375185,55.24955961961134,75.97022091646058,0.1615444177312244,0.28028772840896504
repeated:v3:1,repeated,v3,1,ridge_pseudo_a1,0.25,ridge_pseudo_a1__w0.25,759374,153,111943732.04169017,12.141491190916076,9.040822383776334,16.649231991144113,21.822106149865068,44.2747380646484,0.3067541680401542,0.42246722656788793
repeated:v3:1,repeated,v3,1,ridge_pseudo_a1,0.5,ridge_pseudo_a1__w0.50,759374,153,123109060.49316034,12.732601497283543,8.930999267507895,18.331933969380014,23.26126287145491,48.080390339318114,0.31767582957777685,0.45935656464804314
repeated:v3:1,repeated,v3,1,ridge_pseudo_a1,0.75,ridge_pseudo_a1__w0.75,759374,153,143128310.05371377,13.728873711281954,9.019247132043525,20.64952254880729,26.59612668100398,51.90464983893594,0.3324115147074827,0.4973424624612386
repeated:v3:1,repeated,v3,1,ridge_pseudo_a1,1.0,ridge_pseudo_a1__w1.00,759374,153,172001480.72335047,15.050059993707587,9.533217714716027,21.902024987195503,32.08907140076042,55.74368708524133,0.35892972053397343,0.5266450831627185
repeated:v3:1,repeated,v3,1,ridge_pseudo_a10,0.25,ridge_pseudo_a10__w0.25,759374,153,111951024.95203607,12.141886681413807,9.074684127943792,16.66698095086986,21.728143535717493,44.42232230505233,0.30761146878405116,0.42352844575038145
repeated:v3:1,repeated,v3,1,ridge_pseudo_a10,0.5,ridge_pseudo_a10__w0.50,759374,153,123052618.5845733,12.729682399712377,9.034448680101857,17.472629456156444,23.191464725833967,48.37623615932,0.319570763271222,0.4602818132557182
repeated:v3:1,repeated,v3,1,ridge_pseudo_a10,0.75,ridge_pseudo_a10__w0.75,759374,153,142937105.59691498,13.719700476740906,9.090495199700205,20.563521926164633,26.332843032078568,52.34912300453272,0.33659693196379503,0.4976096470235729
repeated:v3:1,repeated,v3,1,ridge_pseudo_a10,1.0,ridge_pseudo_a10__w1.00,759374,153,171604485.9890611,15.032681520810142,9.393093868010903,21.79055811616897,30.808697572598852,56.336969053882726,0.36130237479433475,0.5266135846624852
repeated:v3:1,repeated,v3,1,ridge_pseudo_a100,0.25,ridge_pseudo_a100__w0.25,759374,153,112547843.14642935,12.174208255323418,8.964953586405644,16.668753983830683,21.561044746202555,44.46383906382744,0.3119444764694986,0.4270214705689495
repeated:v3:1,repeated,v3,1,ridge_pseudo_a100,0.5,ridge_pseudo_a100__w0.50,759374,153,122676990.53217855,12.710238358141593,8.92470610319612,16.940604481420387,23.154375304654614,48.461675778923656,0.32085669647011933,0.4609866220998447
repeated:v3:1,repeated,v3,1,ridge_pseudo_a100,0.75,ridge_pseudo_a100__w0.75,759374,153,140019766.8565509,13.578969517680369,9.135798603995013,18.697073090806178,25.730414715558314,52.48029407750449,0.3387587518499202,0.4874236686715088
repeated:v3:1,repeated,v3,1,ridge_pseudo_a100,1.0,ridge_pseudo_a100__w1.00,759374,153,164576172.11954635,14.721620453195392,9.479686315572557,20.612785172350083,27.903719420888123,56.515260998897084,0.35772002900977695,0.5066542175051946
repeated:v3:1,repeated,v3,1,ridge_pseudo_e011_a1,0.25,ridge_pseudo_e011_a1__w0.25,759374,153,108943655.54037808,11.97769114270672,9.317950974697213,16.776495924545973,19.386274160206334,39.57614567152234,0.2974730144363037,0.4086363563728207
repeated:v3:1,repeated,v3,1,ridge_pseudo_e011_a1,0.5,ridge_pseudo_e011_a1__w0.50,759374,153,110035261.62510973,12.037549292039955,9.253671945143076,16.619255203936984,19.429986752379996,38.66500462221702,0.29395228438567333,0.4053738286143196
repeated:v3:1,repeated,v3,1,ridge_pseudo_e011_a1,0.75,ridge_pseudo_e011_a1__w0.75,759374,153,112907142.95349821,12.193625354109225,9.39001616357023,16.638666391989815,20.506707163161586,37.75992571637516,0.2933667487516218,0.4065563489197487
repeated:v3:1,repeated,v3,1,ridge_pseudo_e011_a1,1.0,ridge_pseudo_e011_a1__w1.00,759374,153,117559299.52554353,12.442298986293732,9.477725802812206,16.25705764054264,21.270931410601964,38.65903955252948,0.2926125015402514,0.4081345772847934
repeated:v3:1,repeated,v3,1,ridge_pseudo_e011_a10,0.25,ridge_pseudo_e011_a10__w0.25,759374,153,111498242.90540192,12.11730808414151,9.354768320756005,16.68129998485489,21.113313674139178,41.54562306097251,0.28927359938197755,0.40373449233301334
repeated:v3:1,repeated,v3,1,ridge_pseudo_e011_a10,0.5,ridge_pseudo_e011_a10__w0.50,759374,153,115088761.27275681,12.310865772668292,9.639235796458642,17.26232836908886,22.020576260340174,42.6032044456985,0.2775938510529352,0.3960857121936665
repeated:v3:1,repeated,v3,1,ridge_pseudo_e011_a10,0.75,ridge_pseudo_e011_a10__w0.75,759374,153,120403879.80136795,12.591932271565351,9.879756354683835,17.303571369302137,22.182660468757458,43.66532791576596,0.2657179542143582,0.3901207287958778
repeated:v3:1,repeated,v3,1,ridge_pseudo_e011_a10,1.0,ridge_pseudo_e011_a10__w1.00,759374,153,127443598.49123535,12.954813081750775,10.288766621544374,18.322277757122603,21.97155458945716,44.7316699260442,0.25619303536759575,0.3849377220441677
repeated:v3:1,repeated,v3,1,ridge_pseudo_e011_a100,0.25,ridge_pseudo_e011_a100__w0.25,759374,153,113708100.83903795,12.236799418998578,9.231198245098671,16.65474933443958,20.841953933884117,43.45553453898712,0.2993844568287639,0.4150710758812663
repeated:v3:1,repeated,v3,1,ridge_pseudo_e011_a100,0.5,ridge_pseudo_e011_a100__w0.50,759374,153,120709057.68596657,12.607880043955568,9.39575926914056,17.45815360257973,20.983840378491948,46.43875358245606,0.3014740223521371,0.4216613351180425
repeated:v3:1,repeated,v3,1,ridge_pseudo_e011_a100,0.75,ridge_pseudo_e011_a100__w0.75,759374,153,130635195.24008912,13.116025056305466,9.435080556584664,17.820815201471444,22.94246888702293,49.438863438671056,0.30565160285857784,0.42699025146831804
repeated:v3:1,repeated,v3,1,ridge_pseudo_e011_a100,1.0,ridge_pseudo_e011_a100__w1.00,759374,153,143486513.50140563,13.746042421198299,10.124416492837344,18.382046316498847,24.56467829470365,52.452965917244114,0.3116024271655368,0.43650846140061234
repeated:v3:1,repeated,v3,1,extra_trees_pseudo,0.25,extra_trees_pseudo__w0.25,759374,153,114026777.00858407,12.253934732752928,9.141460800397173,16.55132127671951,21.19435580773143,44.71709241226167,0.32398384088527965,0.4339989119642743
repeated:v3:1,repeated,v3,1,extra_trees_pseudo,0.5,extra_trees_pseudo__w0.50,759374,153,125047893.71927364,12.83247210278643,9.15790131646397,17.144069584009706,22.009969533932452,48.98237720820448,0.3399331796308786,0.4683997763483743
repeated:v3:1,repeated,v3,1,extra_trees_pseudo,0.75,extra_trees_pseudo__w0.75,759374,153,142695674.83137202,13.708108813195047,9.358302065723361,18.094365802025074,25.7350657240341,53.278916382738956,0.3510204181777314,0.4913045364503573
repeated:v3:1,repeated,v3,1,extra_trees_pseudo,1.0,extra_trees_pseudo__w1.00,759374,153,166970120.34487918,14.828305275093973,9.9055309908652,20.035788858862713,29.070998418661826,57.59971628109748,0.3662751258561975,0.503924354176502
repeated:v3:1,repeated,v3,1,hist_gradient_pseudo,0.25,hist_gradient_pseudo__w0.25,759374,153,113507142.5418689,12.225981483365437,9.016034044648306,16.984269794925826,20.971506440849996,45.05864759938848,0.3189594264922039,0.42829290020812394
repeated:v3:1,repeated,v3,1,hist_gradient_pseudo,0.5,hist_gradient_pseudo__w0.50,759374,153,125759563.07056731,12.868936212814823,9.524712149026511,17.12286171501175,21.267404365487376,49.661514803315185,0.3270454478682481,0.44422749039113313
repeated:v3:1,repeated,v3,1,hist_gradient_pseudo,0.75,hist_gradient_pseudo__w0.75,759374,153,146389586.2853985,13.884403616483922,10.340385024636817,19.46772736028904,23.803364577128622,54.292091032310566,0.3273648750598231,0.45502612155829325
repeated:v3:1,repeated,v3,1,hist_gradient_pseudo,1.0,hist_gradient_pseudo__w1.00,759374,153,175397212.18636248,15.197896461004065,11.597388967728845,21.152415367524643,26.623342446304182,58.9438462588614,0.32541870542372453,0.45912194277537344
repeated:v3:1,repeated,v3,1,knn25_pseudo,0.25,knn25_pseudo__w0.25,759374,153,113853823.1813897,12.244637928836168,8.931455461994679,16.09231185105749,21.181147520260218,44.209269046125286,0.3276987066554472,0.43880665264472346
repeated:v3:1,repeated,v3,1,knn25_pseudo,0.5,knn25_pseudo__w0.50,759374,153,125055063.58032067,12.832839984724774,9.43018547050214,16.244831927637527,22.678820951842372,47.95259033064706,0.346906074878135,0.4763695586659174
repeated:v3:1,repeated,v3,1,knn25_pseudo,0.75,knn25_pseudo__w0.75,759374,153,143236045.8960962,13.73403975265466,9.53676460643578,17.356416581564602,25.508850060100347,51.717042751081316,0.3600773750011644,0.5015464466494329
repeated:v3:1,repeated,v3,1,knn25_pseudo,1.0,knn25_pseudo__w1.00,759374,153,168396770.1287163,14.891519585661356,9.774843774912739,19.606198481863682,28.10065300796412,55.4983264980811,0.3764785778745822,0.5150621571821733
repeated:v3:1,repeated,v3,1,ridge_e011_only_a10,0.25,ridge_e011_only_a10__w0.25,759374,153,112911504.34219779,12.193860860140434,9.173429826239403,16.846749348717502,21.457423611815504,40.817393078815854,0.29855329751031146,0.41404794023507946
repeated:v3:1,repeated,v3,1,ridge_e011_only_a10,0.5,ridge_e011_only_a10__w0.50,759374,153,117434146.11340885,12.435674198433407,9.344247780375824,16.59316478444786,22.66626456036608,41.14571648274054,0.29632755232778685,0.4160975291491008
repeated:v3:1,repeated,v3,1,ridge_e011_only_a10,0.75,ridge_e011_only_a10__w0.75,759374,153,123200250.01293646,12.737316279777234,9.47424704215163,17.511079395456242,23.095490860771964,41.477817961184435,0.2961627457212392,0.42140480480597337
repeated:v3:1,repeated,v3,1,ridge_e011_only_a10,1.0,ridge_e011_only_a10__w1.00,759374,153,130209816.04078063,13.094653198956898,9.68724515853023,18.04044588365847,23.640241476675943,41.813607493013905,0.2961623104306128,0.426346578767116
repeated:v3:1,repeated,v3,1,ridge_e011_only_a100,0.25,ridge_e011_only_a100__w0.25,759374,153,114140171.65231101,12.260026219834014,9.118146355953105,16.655424883725164,20.642821784655723,42.6732272627256,0.3030280966662927,0.42037040165101036
repeated:v3:1,repeated,v3,1,ridge_e011_only_a100,0.5,ridge_e011_only_a100__w0.50,759374,153,121438149.05624215,12.645898971213052,9.438966530391614,16.969073063961766,20.524958858791926,44.86591641594329,0.3085317561150311,0.4315399248526142
repeated:v3:1,repeated,v3,1,ridge_e011_only_a100,0.75,ridge_e011_only_a100__w0.75,759374,153,131526256.91109669,13.16068118940106,9.570589883222443,17.548752955975143,23.096567189558762,47.069273989697294,0.3181878221698053,0.44288447874039205
repeated:v3:1,repeated,v3,1,ridge_e011_only_a100,1.0,ridge_e011_only_a100__w1.00,759374,153,144404495.21687463,13.789943750711974,9.98383036044931,18.617662994496126,25.622295385313613,49.281869072109906,0.32706591289463743,0.45524176731886357
repeated:v3:2,repeated,v3,2,latest_cut_identity,0.25,latest_cut_identity__w0.25,754375,155,139053135.8379608,13.576779037432456,8.835024573869873,19.14480450795993,22.453475964551462,58.98991137163847,0.4209929525064722,0.5373260751983141
repeated:v3:2,repeated,v3,2,latest_cut_identity,0.5,latest_cut_identity__w0.50,754375,155,157009230.7416648,14.426764721756609,8.891720645763609,19.85175157968939,23.688210790467174,62.54898076816106,0.4272226005058322,0.5449162860369365
repeated:v3:2,repeated,v3,2,latest_cut_identity,0.75,latest_cut_identity__w0.75,754375,155,183481206.35632277,15.595602224901283,9.909978968908016,21.782514004690295,25.094689911086576,66.13357584259656,0.42817058514290124,0.5409825541149162
repeated:v3:2,repeated,v3,2,latest_cut_identity,1.0,latest_cut_identity__w1.00,754375,155,218469062.68193468,17.017718245773718,10.610652588835936,22.346283122080877,29.021687009321585,69.73976067790761,0.4267341043549955,0.5468670814353911
repeated:v3:2,repeated,v3,2,linear_cut_extrapolation,0.25,linear_cut_extrapolation__w0.25,754375,155,193815540.81159693,16.028786896108436,12.246215188675697,22.32566573442739,26.888166570265415,58.166340652873714,0.3862627557749171,0.4975232703233653
repeated:v3:2,repeated,v3,2,linear_cut_extrapolation,0.5,linear_cut_extrapolation__w0.50,754375,155,372678042.22436184,22.226611522761267,16.64471663480576,33.3469965591875,38.070060740780754,70.81023478259274,0.2982286610188011,0.42264931413718715
repeated:v3:2,repeated,v3,2,linear_cut_extrapolation,0.75,linear_cut_extrapolation__w0.75,754375,155,666200425.8835055,29.717263099233044,24.795966201826477,43.10711036931709,48.8977050778757,83.91093692683833,0.2409612186370165,0.3641627831781221
repeated:v3:2,repeated,v3,2,linear_cut_extrapolation,1.0,linear_cut_extrapolation__w1.00,754375,155,1074382691.7890277,37.73860633802922,33.537861466160486,54.19202713075223,60.46951695026891,97.03340910556324,0.20877926502124666,0.32606292065285486
repeated:v3:2,repeated,v3,2,ridge_pseudo_a1,0.25,ridge_pseudo_a1__w0.25,754375,155,136143361.3465285,13.433976702258464,8.75926230322409,19.161187748488402,22.618645720461327,58.004547497314924,0.4211463266890184,0.5367242505405793
repeated:v3:2,repeated,v3,2,ridge_pseudo_a1,0.5,ridge_pseudo_a1__w0.50,754375,155,150331650.8941274,14.116647479664685,8.855287737608677,19.673478284281444,23.619435251601892,60.58123442863381,0.43137568133916904,0.5469936559317121
repeated:v3:2,repeated,v3,2,ridge_pseudo_a1,0.75,ridge_pseudo_a1__w0.75,754375,155,172177790.2880075,15.10758064434141,9.386158226449863,21.46693591806162,25.16212820641053,63.18725427496341,0.4376285197856526,0.54899022155026
repeated:v3:2,repeated,v3,2,ridge_pseudo_a1,1.0,ridge_pseudo_a1__w1.00,754375,155,201681779.52816877,16.350825686101935,10.062883484873662,23.20801263430275,27.598919255855265,65.81912293629904,0.44660644198817445,0.5557427961876624
repeated:v3:2,repeated,v3,2,ridge_pseudo_a10,0.25,ridge_pseudo_a10__w0.25,754375,155,136790718.56208965,13.465877884149984,8.760506278239157,19.085878280825234,22.598630860934783,58.54910349815932,0.42219618787792607,0.5372993604185304
repeated:v3:2,repeated,v3,2,ridge_pseudo_a10,0.5,ridge_pseudo_a10__w0.50,754375,155,151587398.7043996,14.175484337218611,8.872637147465433,19.51661483037153,23.65334385846334,61.66898925245654,0.43369929244082245,0.5486161724560819
repeated:v3:2,repeated,v3,2,ridge_pseudo_a10,0.75,ridge_pseudo_a10__w0.75,754375,155,174002962.0721405,15.187443558810363,9.50659115094257,21.16894576099238,25.18552489880836,64.81630924517913,0.4409483076433372,0.5519891036979969
repeated:v3:2,repeated,v3,2,ridge_pseudo_a10,1.0,ridge_pseudo_a10__w1.00,754375,155,204037408.6653125,16.44603673116415,10.008067752908415,23.056635942757513,27.59881303324743,67.98725356035094,0.4529395855848849,0.561743649834447
repeated:v3:2,repeated,v3,2,ridge_pseudo_a100,0.25,ridge_pseudo_a100__w0.25,754375,155,137261834.56530812,13.48904662594662,8.780924588979941,18.955048487967318,22.571236502011992,58.87166962431608,0.4224037387041108,0.5369898473182032
repeated:v3:2,repeated,v3,2,ridge_pseudo_a100,0.5,ridge_pseudo_a100__w0.50,754375,155,152586605.03919744,14.222127294269749,8.827234464993314,19.477122044331686,23.539663359138338,62.316663208749716,0.43518020959938725,0.548637189571988
repeated:v3:2,repeated,v3,2,ridge_pseudo_a100,0.75,ridge_pseudo_a100__w0.75,754375,155,175587233.0668787,15.256426597756457,9.701050422365105,21.04968016310155,24.81779885077267,65.79082676617442,0.44137148415908356,0.5555481271337356
repeated:v3:2,repeated,v3,2,ridge_pseudo_a100,1.0,ridge_pseudo_a100__w1.00,754375,155,206263718.6483519,16.53551699076616,10.118799935345761,23.327517672852,27.046773124639834,69.28977272055893,0.4538741731962932,0.5658407681525558
repeated:v3:2,repeated,v3,2,ridge_pseudo_e011_a1,0.25,ridge_pseudo_e011_a1__w0.25,754375,155,132513151.78997152,13.253660695918963,9.147808835778681,17.909146462487946,20.69054251615211,58.291484013159405,0.4056226781762746,0.5138826870755847
repeated:v3:2,repeated,v3,2,ridge_pseudo_e011_a1,0.5,ridge_pseudo_e011_a1__w0.50,754375,155,137184811.5725386,13.485261478617899,9.200383910840884,17.834039748600127,21.05130007790047,61.196707150264366,0.41668157776543596,0.5182104402226729
repeated:v3:2,repeated,v3,2,ridge_pseudo_e011_a1,0.75,ridge_pseudo_e011_a1__w0.75,754375,155,143627900.99291208,13.798305720371056,9.200045446195622,18.35514367237545,22.618644408329878,64.1667622056685,0.42713181624815594,0.5242164193868195
repeated:v3:2,repeated,v3,2,ridge_pseudo_e011_a1,1.0,ridge_pseudo_e011_a1__w1.00,754375,155,151842420.0510919,14.18740330930695,9.437829115004721,19.17578066924862,22.755534894727905,67.19305266340551,0.4365095633614627,0.53323007059904
repeated:v3:2,repeated,v3,2,ridge_pseudo_e011_a10,0.25,ridge_pseudo_e011_a10__w0.25,754375,155,131177016.60189466,13.186672823409308,9.074756337237265,18.515789735696192,21.420586285374977,56.22546202580878,0.40283277229625386,0.5109455966397917
repeated:v3:2,repeated,v3,2,ridge_pseudo_e011_a10,0.5,ridge_pseudo_e011_a10__w0.50,754375,155,134095160.3791047,13.332540398470876,9.146172139970718,19.27146811402185,22.88129970361943,57.0362667064573,0.4013000666732071,0.5122533127184727
repeated:v3:2,repeated,v3,2,ridge_pseudo_e011_a10,0.75,ridge_pseudo_e011_a10__w0.75,754375,155,138367352.9768409,13.543258648347072,9.379226746007493,19.502451193633142,24.027864191929343,57.891737049477115,0.39915052011420465,0.5111992346814384
repeated:v3:2,repeated,v3,2,ridge_pseudo_e011_a10,1.0,ridge_pseudo_e011_a10__w1.00,754375,155,143993594.39510325,13.815860601828282,9.591123969848537,20.002985036356122,24.56323542649499,58.78992325562843,0.39757433823666455,0.5080262362766194
repeated:v3:2,repeated,v3,2,ridge_pseudo_e011_a100,0.25,ridge_pseudo_e011_a100__w0.25,754375,155,134202316.29437374,13.337866374692826,9.04352837977104,18.83988441448777,22.78485727995157,57.150766196180214,0.4118791350974109,0.5248448558814297
repeated:v3:2,repeated,v3,2,ridge_pseudo_e011_a100,0.5,ridge_pseudo_e011_a100__w0.50,754375,155,142910389.60868382,13.763796975628669,9.231002348995597,19.873130855972427,23.429845877878897,58.87707851560709,0.4142397013845249,0.5337977060603393
repeated:v3:2,repeated,v3,2,ridge_pseudo_e011_a100,0.75,ridge_pseudo_e011_a100__w0.75,754375,155,155737141.58814105,14.368203023059941,9.395535302532627,20.969768473803096,24.77212742220582,60.63707358035947,0.4112246218716581,0.5344284613601779
repeated:v3:2,repeated,v3,2,ridge_pseudo_e011_a100,1.0,ridge_pseudo_e011_a100__w1.00,754375,155,172682572.2327454,15.129710248573613,9.789785315842654,22.422558796291664,26.920034232404486,62.427902658838015,0.41003014091654844,0.5387095059185392
repeated:v3:2,repeated,v3,2,extra_trees_pseudo,0.25,extra_trees_pseudo__w0.25,754375,155,136387730.67483145,13.446027896014112,8.76199336379982,18.7546996142375,22.95689629810157,58.120880288335904,0.42063803290646634,0.533301388524012
repeated:v3:2,repeated,v3,2,extra_trees_pseudo,0.5,extra_trees_pseudo__w0.50,754375,155,151424937.11868563,14.1678861164617,9.12456665404962,19.259884598169762,23.141312742491397,60.815923163237535,0.43526033977727413,0.5436365966081522
repeated:v3:2,repeated,v3,2,extra_trees_pseudo,0.75,extra_trees_pseudo__w0.75,754375,155,174724540.97677335,15.218901646514915,9.427353737607936,20.694595160383468,24.49437326949655,63.54190076901715,0.4415926963271301,0.550664231839963
repeated:v3:2,repeated,v3,2,extra_trees_pseudo,1.0,extra_trees_pseudo__w1.00,754375,155,206286542.24909455,16.536431813791882,10.179055080966595,22.664729751302197,27.415268164854798,66.2949972088355,0.4537302776416071,0.5596097389450354
repeated:v3:2,repeated,v3,2,hist_gradient_pseudo,0.25,hist_gradient_pseudo__w0.25,754375,155,136117004.50482988,13.43267625568331,8.805067006080916,18.774147880671897,22.79089539843986,58.42498091276148,0.42487052250829016,0.5399096721224642
repeated:v3:2,repeated,v3,2,hist_gradient_pseudo,0.5,hist_gradient_pseudo__w0.50,754375,155,153065941.80110902,14.244448529294038,9.332284391688509,19.8047578801281,23.87777943759043,61.43467576430448,0.4378347765363253,0.5490533534087457
repeated:v3:2,repeated,v3,2,hist_gradient_pseudo,0.75,hist_gradient_pseudo__w0.75,754375,155,180459733.53404814,15.466659056871507,9.93771415651601,21.724624558109397,24.712432000886157,64.48392647821969,0.4325383491786016,0.5456985599573846
repeated:v3:2,repeated,v3,2,hist_gradient_pseudo,1.0,hist_gradient_pseudo__w1.00,754375,155,218298379.70364732,17.011069243977385,10.75238092265331,23.176436605922156,26.68241986742587,67.56737791276355,0.42765796013919566,0.5415912429205165
repeated:v3:2,repeated,v3,2,knn25_pseudo,0.25,knn25_pseudo__w0.25,754375,155,136481879.81734043,13.450668026016464,8.672443645202744,18.808468122381054,22.875150878126853,58.80345429658853,0.4228939694093778,0.534889561018729
repeated:v3:2,repeated,v3,2,knn25_pseudo,0.5,knn25_pseudo__w0.50,754375,155,151700914.3603124,14.180790973124399,9.106295759449683,19.305108024288543,22.708105445249302,62.173758756149134,0.4409829545298424,0.5464397121351192
repeated:v3:2,repeated,v3,2,knn25_pseudo,0.75,knn25_pseudo__w0.75,754375,155,175270025.27412668,15.242639590058317,9.182497331052001,20.239337342913863,24.006245702631798,65.56785737839066,0.4509360339961986,0.55510507992151
repeated:v3:2,repeated,v3,2,knn25_pseudo,1.0,knn25_pseudo__w1.00,754375,155,207189212.55878323,16.57257244645507,10.047363760093203,22.681173767374393,26.80456564872133,68.98223805579532,0.4639470715722674,0.5661213483530435
repeated:v3:2,repeated,v3,2,ridge_e011_only_a10,0.25,ridge_e011_only_a10__w0.25,754375,155,132140432.62200134,13.23500831380349,8.981039701702889,18.34237119710011,21.64549714411898,56.63524336147347,0.40357591607366866,0.5124086758320611
repeated:v3:2,repeated,v3,2,ridge_e011_only_a10,0.5,ridge_e011_only_a10__w0.50,754375,155,135733589.60299215,13.413744307313845,9.160068495579843,19.09440493697743,22.488704607883435,57.833618524748026,0.40343398609874104,0.5142610719851507
repeated:v3:2,repeated,v3,2,ridge_e011_only_a10,0.75,ridge_e011_only_a10__w0.75,754375,155,140392392.58818316,13.6420031031744,9.310993998874496,19.971520404984133,22.44307950534303,59.054921237612945,0.4012125177902449,0.5146429475699645
repeated:v3:2,repeated,v3,2,ridge_e011_only_a10,1.0,ridge_e011_only_a10__w1.00,754375,155,146116841.57757437,13.917348240290735,9.447775390185946,20.601096616281925,22.934032888259082,60.29775835598778,0.39864429780992533,0.5128033781160329
repeated:v3:2,repeated,v3,2,ridge_e011_only_a100,0.25,ridge_e011_only_a100__w0.25,754375,155,134290028.01841876,13.342224332872348,9.138258129828767,18.51542543923519,22.544619671985437,56.63590251559003,0.4091773651932631,0.5235828383316802
repeated:v3:2,repeated,v3,2,ridge_e011_only_a100,0.5,ridge_e011_only_a100__w0.50,754375,155,142758130.5574359,13.756462935183349,9.203471704803201,19.931268114110125,23.64197900624009,57.8373407568822,0.4098440549045438,0.5312406349432223
repeated:v3:2,repeated,v3,2,ridge_e011_only_a100,0.75,ridge_e011_only_a100__w0.75,754375,155,155017229.26226217,14.334955244280522,9.407034631660961,20.95353021271438,24.566742092155057,59.06396020789057,0.40676911540477656,0.5301152044324116
repeated:v3:2,repeated,v3,2,ridge_e011_only_a100,1.0,ridge_e011_only_a100__w1.00,754375,155,171067324.13289762,15.058783425431425,9.776322654592974,22.31153654016641,27.773294284123295,60.31422454604,0.40385114360812574,0.5324633730608319
repeated:v3:3,repeated,v3,3,latest_cut_identity,0.25,latest_cut_identity__w0.25,758692,158,141965488.79059762,13.67913509589642,9.058965498526046,19.88988158160957,24.76167285953771,41.75732949681366,0.34171641706494005,0.4928188571657167
repeated:v3:3,repeated,v3,3,latest_cut_identity,0.5,latest_cut_identity__w0.50,758692,158,157824510.37670726,14.422962455352238,9.35792128105044,20.43292412320366,24.901288106432197,50.13898549372789,0.36583222984600855,0.508748666222279
repeated:v3:3,repeated,v3,3,latest_cut_identity,0.75,latest_cut_identity__w0.75,758692,158,181409015.332839,15.463104137028798,10.47414953921383,20.56814413086204,25.808452844259385,58.551101066817985,0.382453019753383,0.5140953681752513
repeated:v3:3,repeated,v3,3,latest_cut_identity,1.0,latest_cut_identity__w1.00,758692,158,212719003.6589929,16.74443094476715,11.44210410184113,22.59713113365373,27.935347332927797,66.98220118878523,0.38926190891376344,0.5149968206081371
repeated:v3:3,repeated,v3,3,linear_cut_extrapolation,0.25,linear_cut_extrapolation__w0.25,758692,158,202321645.62028387,16.33008412551552,11.93598100711012,24.337660700699193,27.62986326115855,49.23281011831791,0.2956178930840179,0.44314252683470373
repeated:v3:3,repeated,v3,3,linear_cut_extrapolation,0.5,linear_cut_extrapolation__w0.50,758692,158,388429172.2930891,22.62680152355448,19.188886908983896,30.67248405249677,34.45705660287417,65.15458291020379,0.2515185601578118,0.3689923545560014
repeated:v3:3,repeated,v3,3,linear_cut_extrapolation,0.75,linear_cut_extrapolation__w0.75,758692,158,692154530.5929258,30.204300379618,27.31271837897892,40.935555790889566,45.24978891279394,81.12491468963887,0.2184054309717861,0.3321053315519665
repeated:v3:3,repeated,v3,3,linear_cut_extrapolation,1.0,linear_cut_extrapolation__w1.00,758692,158,1113497720.519794,38.309978990519014,35.44309477843618,51.959152296002124,57.03264170165295,97.1198533758265,0.19857636847647367,0.3103108032819498
repeated:v3:3,repeated,v3,3,ridge_pseudo_a1,0.25,ridge_pseudo_a1__w0.25,758692,158,137058940.2098152,13.440670435339253,9.010851536131973,19.677118778228472,24.66237253587389,41.19710993275183,0.34191973339144366,0.49107510542614263
repeated:v3:3,repeated,v3,3,ridge_pseudo_a1,0.5,ridge_pseudo_a1__w0.50,758692,158,150172213.7696125,14.068961434082052,9.308769111944185,20.252203964412395,26.371711491494896,49.0098527389185,0.35986467520599735,0.49481541668874374
repeated:v3:3,repeated,v3,3,ridge_pseudo_a1,0.75,ridge_pseudo_a1__w0.75,758692,158,173171771.25390193,15.107958986881979,9.564521176338312,21.11038535736464,28.20003505212676,56.84886043950287,0.3732122077023851,0.5048826062019309
repeated:v3:3,repeated,v3,3,ridge_pseudo_a1,1.0,ridge_pseudo_a1__w1.00,758692,158,206057612.66268355,16.48016591234027,10.286516309457003,22.952817108756292,29.735272963173628,64.70458770558726,0.39733087250927124,0.5240638224509216
repeated:v3:3,repeated,v3,3,ridge_pseudo_a10,0.25,ridge_pseudo_a10__w0.25,758692,158,137674197.39790827,13.470804221035182,8.987143065017289,19.814589876579632,24.665878009358394,41.446217612068736,0.34144559999246377,0.4918411184520279
repeated:v3:3,repeated,v3,3,ridge_pseudo_a10,0.5,ridge_pseudo_a10__w0.50,758692,158,149887653.35069153,14.055625518617129,9.238636925336053,20.07621242470692,26.311330623497465,49.50922594628437,0.3633032926743594,0.5024164712095222
repeated:v3:3,repeated,v3,3,ridge_pseudo_a10,0.75,ridge_pseudo_a10__w0.75,758692,158,170472318.4328599,14.989742812232533,9.600519854957039,21.112097889664096,26.97975440907791,57.59882842204523,0.37039155327104795,0.5046807049576283
repeated:v3:3,repeated,v3,3,ridge_pseudo_a10,1.0,ridge_pseudo_a10__w1.00,758692,158,199428192.6444134,16.212893293095068,10.43772834765706,23.352209945719892,29.88919229817191,65.70520298821747,0.38974650037262154,0.5183971372330439
repeated:v3:3,repeated,v3,3,ridge_pseudo_a100,0.25,ridge_pseudo_a100__w0.25,758692,158,138402260.12625697,13.50637609454708,9.057660440268304,20.000742301937926,24.805740599688303,41.97669476244319,0.34103481764149857,0.49297903960066813
repeated:v3:3,repeated,v3,3,ridge_pseudo_a100,0.5,ridge_pseudo_a100__w0.50,758692,158,150835947.4509393,14.100018271960536,9.051744602978868,19.987518897009377,26.215644393295356,50.572736449372755,0.3646160050669456,0.5080552642524822
repeated:v3:3,repeated,v3,3,ridge_pseudo_a100,0.75,ridge_pseudo_a100__w0.75,758692,158,171133012.54855713,15.01876235544248,9.639425929536367,20.82552005513018,25.517480445282175,59.19609652356761,0.37737502345369656,0.5100142246999279
repeated:v3:3,repeated,v3,3,ridge_pseudo_a100,1.0,ridge_pseudo_a100__w1.00,758692,158,199293455.41911042,16.207415508533686,10.666279214944957,23.877627414099962,30.46581035498385,67.83635764196644,0.3882961574260972,0.5186068308506603
repeated:v3:3,repeated,v3,3,ridge_pseudo_e011_a1,0.25,ridge_pseudo_e011_a1__w0.25,758692,158,129644779.7834758,13.07208204058746,9.130358315027308,21.386322808876162,25.189112710379106,37.8634783772438,0.3074008042962609,0.47797064936091216
repeated:v3:3,repeated,v3,3,ridge_pseudo_e011_a1,0.5,ridge_pseudo_e011_a1__w0.50,758692,158,127069994.13404185,12.941623246579702,9.08885402988784,21.376074208161267,24.24174546670193,37.21025012514956,0.30846386034573825,0.47409800704038885
repeated:v3:3,repeated,v3,3,ridge_pseudo_e011_a1,0.75,ridge_pseudo_e011_a1__w0.75,758692,158,126107593.62620822,12.892521578191772,8.99424522987966,20.642341375690446,23.079563712563115,36.56533894444178,0.3142286525946278,0.4698001869330001
repeated:v3:3,repeated,v3,3,ridge_pseudo_e011_a1,1.0,ridge_pseudo_e011_a1__w1.00,758692,158,126757578.25997494,12.925704237643465,9.19795885049765,19.051480245807777,23.26503630324717,35.92919269982507,0.31651849747266975,0.46887907825746616
repeated:v3:3,repeated,v3,3,ridge_pseudo_e011_a10,0.25,ridge_pseudo_e011_a10__w0.25,758692,158,134192166.73568186,13.29936270153054,9.042289824851437,20.526184905631236,25.15033418114501,38.383933889737996,0.31431948243920765,0.4786218260357218
repeated:v3:3,repeated,v3,3,ridge_pseudo_e011_a10,0.5,ridge_pseudo_e011_a10__w0.50,758692,158,136074237.37671268,13.392301011501326,9.34727873414651,19.922670389401556,24.2390359658466,38.24707169320365,0.31570622059641834,0.47430280265249863
repeated:v3:3,repeated,v3,3,ridge_pseudo_e011_a10,0.75,ridge_pseudo_e011_a10__w0.75,758692,158,139478162.49760255,13.558771952129181,9.48474020486535,19.687815519067666,24.667538213277698,38.114055022067774,0.3141822883039189,0.46888210211152187
repeated:v3:3,repeated,v3,3,ridge_pseudo_e011_a10,1.0,ridge_pseudo_e011_a10__w1.00,758692,158,144403942.09835148,13.796113933583548,9.566330168856313,20.360170352897793,25.17076400617209,37.9849242754573,0.3101816492927342,0.4626390206368193
repeated:v3:3,repeated,v3,3,ridge_pseudo_e011_a100,0.25,ridge_pseudo_e011_a100__w0.25,758692,158,138383528.6254953,13.505462080373507,9.107763380202334,20.29200964812443,24.270875564467918,39.125998699083574,0.3247974148504466,0.4783708144005727
repeated:v3:3,repeated,v3,3,ridge_pseudo_e011_a100,0.5,ridge_pseudo_e011_a100__w0.50,758692,158,146693003.53804746,13.905030572784213,9.271477907614546,20.344575644841868,24.771152098449683,43.91906624654632,0.3353255481042038,0.4820753293051419
repeated:v3:3,repeated,v3,3,ridge_pseudo_e011_a100,0.75,ridge_pseudo_e011_a100__w0.75,758692,158,158760375.3121666,14.465661760853623,9.724674081610118,20.891340394334115,24.72350373000518,49.19754624718882,0.3402100811125848,0.48171474309641554
repeated:v3:3,repeated,v3,3,ridge_pseudo_e011_a100,1.0,ridge_pseudo_e011_a100__w1.00,758692,158,174585643.94785267,15.169508589683577,10.528196075301237,21.349926055647007,26.620840869663066,54.4897045669347,0.3438615817681091,0.4772361867913276
repeated:v3:3,repeated,v3,3,extra_trees_pseudo,0.25,extra_trees_pseudo__w0.25,758692,158,139741057.6207162,13.571544048087826,9.05158836581177,19.54184532736887,25.90526703702754,43.143908358655516,0.3471340945985598,0.5024451964366261
repeated:v3:3,repeated,v3,3,extra_trees_pseudo,0.5,extra_trees_pseudo__w0.50,758692,158,156300602.76751,14.353161585299805,9.394636918145622,20.258623359599657,26.99505019028438,52.91893792136092,0.37045601335975675,0.5153134876243297
repeated:v3:3,repeated,v3,3,extra_trees_pseudo,0.75,extra_trees_pseudo__w0.75,758692,158,183510586.01489145,15.55241400670859,9.924749972665708,22.283106913124893,30.57916844304473,62.72601552806235,0.38561757799690444,0.5277996131630316
repeated:v3:3,repeated,v3,3,extra_trees_pseudo,1.0,extra_trees_pseudo__w1.00,758692,158,221371007.36286056,17.081563443555353,10.991150184114925,24.20661650284382,30.545351342691756,72.55214626987728,0.41376329874236034,0.5476952060313904
repeated:v3:3,repeated,v3,3,hist_gradient_pseudo,0.25,hist_gradient_pseudo__w0.25,758692,158,138559753.79949522,13.514058642422363,8.621832102522204,18.965207015120427,25.774759112253538,43.05812092715712,0.34793230722458907,0.4993019354036109
repeated:v3:3,repeated,v3,3,hist_gradient_pseudo,0.5,hist_gradient_pseudo__w0.50,758692,158,156268609.7115433,14.35169254105245,9.435541522801046,19.62319220752798,26.700228784329358,52.751709153768495,0.3690180885587749,0.5065651117738268
repeated:v3:3,repeated,v3,3,hist_gradient_pseudo,0.75,hist_gradient_pseudo__w0.75,758692,158,186958518.31065428,15.697839211453964,10.356480271019027,21.46523232079451,30.748087892823033,62.47979401238974,0.38660091785999795,0.5197494824141016
repeated:v3:3,repeated,v3,3,hist_gradient_pseudo,1.0,hist_gradient_pseudo__w1.00,758692,158,230629479.59682822,17.435108612742102,11.411073392470485,23.684245975182293,32.36382333812454,72.22843831440836,0.41061703588158927,0.5371164373816769
repeated:v3:3,repeated,v3,3,knn25_pseudo,0.25,knn25_pseudo__w0.25,758692,158,139922152.5689919,13.58033510190998,8.822871778724899,19.890246167381726,26.00500363087533,43.78675161204472,0.34352450191626027,0.5012993743664123
repeated:v3:3,repeated,v3,3,knn25_pseudo,0.5,knn25_pseudo__w0.50,758692,158,157245786.73907244,14.396494528669049,9.316569604348949,20.966307230461105,27.043221405166094,54.21779893951999,0.3678589588196445,0.5132912014277111
repeated:v3:3,repeated,v3,3,knn25_pseudo,0.75,knn25_pseudo__w0.75,758692,158,185802853.08475167,15.649246697650979,9.917996290632317,21.94845209437511,29.357908369642022,64.68672083639967,0.3918850427755283,0.5309856305177275
repeated:v3:3,repeated,v3,3,knn25_pseudo,1.0,knn25_pseudo__w1.00,758692,158,225593351.60602963,17.24369751387431,10.70178446981801,23.843973009643378,31.690213988246615,75.17769621965793,0.4299272614815786,0.5539121158075642
repeated:v3:3,repeated,v3,3,ridge_e011_only_a10,0.25,ridge_e011_only_a10__w0.25,758692,158,134975023.36135903,13.338099513916411,9.196635812450282,20.30172584023545,25.43653272338311,38.254520812820054,0.3114006641467088,0.47719511324229125
repeated:v3:3,repeated,v3,3,ridge_e011_only_a10,0.5,ridge_e011_only_a10__w0.50,758692,158,137541238.73675656,13.464297944749948,9.171040168287846,20.18895353206485,25.476870604363878,37.98593948198725,0.31023346577860805,0.47193727984237527
repeated:v3:3,repeated,v3,3,ridge_e011_only_a10,0.75,ridge_e011_only_a10__w0.75,758692,158,141530596.70070273,13.658166934403503,9.185285739187934,20.56199918046101,25.35856850523221,37.71888864478255,0.30668851799156505,0.46874080533418694
repeated:v3:3,repeated,v3,3,ridge_e011_only_a10,1.0,ridge_e011_only_a10__w1.00,758692,158,146943097.25319752,13.916878717307405,9.500828024449113,20.90254992863031,25.243498168173822,38.37242457576852,0.30112837323239366,0.46603096755186607
repeated:v3:3,repeated,v3,3,ridge_e011_only_a100,0.25,ridge_e011_only_a100__w0.25,758692,158,138921028.80168527,13.53166517354873,9.117073849128785,20.44087801295327,24.295752919223624,39.413553207505515,0.323679113633849,0.4772922097020347
repeated:v3:3,repeated,v3,3,ridge_e011_only_a100,0.5,ridge_e011_only_a100__w0.50,758692,158,147678378.5983343,13.951654261526542,9.265848050711039,20.677663355078757,25.24688674276196,45.43341809056279,0.3337526565814736,0.4812876659733105
repeated:v3:3,repeated,v3,3,ridge_e011_only_a100,0.75,ridge_e011_only_a100__w0.75,758692,158,160103999.96445724,14.52674586047654,9.669153051777691,20.94080598450746,25.47104587159693,51.47624156914909,0.3402668634070176,0.48246602075496314
repeated:v3:3,repeated,v3,3,ridge_e011_only_a100,1.0,ridge_e011_only_a100__w1.00,758692,158,176197892.90005407,15.239390681852516,10.028611085863243,21.48581707748916,26.507752578675394,57.53479014058721,0.34492292308026556,0.4787794520004226
repeated:v3:4,repeated,v3,4,latest_cut_identity,0.25,latest_cut_identity__w0.25,756841,159,112067032.90084429,12.168487810454854,9.645981685794368,17.160168592263545,20.524610656421128,46.280485659321336,0.288883839906689,0.4000459028907371
repeated:v3:4,repeated,v3,4,latest_cut_identity,0.5,latest_cut_identity__w0.50,756841,159,125884712.64882277,12.896865510764696,10.111808059923366,17.770947703003717,22.267744258997922,50.80444548092975,0.29910516852780467,0.414649683935694
repeated:v3:4,repeated,v3,4,latest_cut_identity,0.75,latest_cut_identity__w0.75,756841,159,146764498.09419322,13.925416112697091,11.064028297141892,19.04958672308776,23.50328550099429,55.33991357747413,0.31007763949416867,0.4333881459209955
repeated:v3:4,repeated,v3,4,latest_cut_identity,1.0,latest_cut_identity__w1.00,756841,159,174706389.23695564,15.193298434514606,11.65916656180314,20.980350707554347,24.59906338421448,59.88427519203413,0.32748278950864756,0.4517866238454479
repeated:v3:4,repeated,v3,4,linear_cut_extrapolation,0.25,linear_cut_extrapolation__w0.25,756841,159,174124806.56637505,15.167988756123464,12.442966029996803,22.320376261101245,24.828674397862358,55.46326534403963,0.24438992074041274,0.37044664901144786
repeated:v3:4,repeated,v3,4,linear_cut_extrapolation,0.5,linear_cut_extrapolation__w0.50,756841,159,356531990.3235115,21.70435710730588,19.13885527241805,30.516980732667175,32.94933283953776,69.3605546625059,0.2150899356301395,0.3373470785652597
repeated:v3:4,repeated,v3,4,linear_cut_extrapolation,0.75,linear_cut_extrapolation__w0.75,756841,159,652533010.1216671,29.362898090784356,26.775276549570552,40.066689663145844,43.418694150533696,83.36077778474312,0.1979864893683613,0.3168770307004216
repeated:v3:4,repeated,v3,4,linear_cut_extrapolation,1.0,linear_cut_extrapolation__w1.00,756841,159,1062127865.960842,37.46157876345941,35.53364762110588,50.45508260429401,54.636460666764975,97.41956678195562,0.18944002547856134,0.3038228309298405
repeated:v3:4,repeated,v3,4,ridge_pseudo_a1,0.25,ridge_pseudo_a1__w0.25,756841,159,112845544.86846529,12.210680940940883,9.49399046306163,17.528355017484877,22.370901540625564,45.042289757048586,0.2797714372357897,0.40015489832073076
repeated:v3:4,repeated,v3,4,ridge_pseudo_a1,0.5,ridge_pseudo_a1__w0.50,756841,159,127172564.19463602,12.962667719455045,10.061634864144171,19.64395785010449,23.494589385140188,48.32840663669019,0.2816001732347654,0.41079508700923867
repeated:v3:4,repeated,v3,4,ridge_pseudo_a1,0.75,ridge_pseudo_a1__w0.75,756841,159,148292516.82876998,13.997719699069133,10.621047822780811,22.28128140949788,25.512946991387867,51.627145145998796,0.277804196419279,0.4196321676684067
repeated:v3:4,repeated,v3,4,ridge_pseudo_a1,1.0,ridge_pseudo_a1__w1.00,756841,159,176205402.77086717,15.258339888322565,11.4468209293454,23.66537895603139,28.935788541624227,54.93623167102168,0.2781335674831849,0.42629530545214167
repeated:v3:4,repeated,v3,4,ridge_pseudo_a10,0.25,ridge_pseudo_a10__w0.25,756841,159,112278833.52762155,12.179981274195448,9.506235039139003,17.461507602480573,22.089462991544085,45.08579488160847,0.28170673901600923,0.40061392857389444
repeated:v3:4,repeated,v3,4,ridge_pseudo_a10,0.5,ridge_pseudo_a10__w0.50,756841,159,125471746.39353673,12.875693974925193,10.08635477138565,19.176661270864205,22.524136787121076,48.414369382017604,0.2864955540260434,0.4121291661882675
repeated:v3:4,repeated,v3,4,ridge_pseudo_a10,0.75,ridge_pseudo_a10__w0.75,756841,159,144890197.44800335,13.836211012108505,10.554419240920017,21.764358456902862,25.237176402122863,51.754689054537586,0.2840988494200321,0.4232634266677531
repeated:v3:4,repeated,v3,4,ridge_pseudo_a10,1.0,ridge_pseudo_a10__w1.00,756841,159,170534186.69102138,15.010784901088783,11.261936059405643,23.04030703034143,28.39758717452749,55.10461804174638,0.28736842894927944,0.4322228116124396
repeated:v3:4,repeated,v3,4,ridge_pseudo_a100,0.25,ridge_pseudo_a100__w0.25,756841,159,111543244.03525662,12.140017424341178,9.551557272845775,17.214898800237314,21.47093579318865,45.039459703515284,0.28486055659734894,0.40055142931072657
repeated:v3:4,repeated,v3,4,ridge_pseudo_a100,0.5,ridge_pseudo_a100__w0.50,756841,159,123618831.88605198,12.780268921460513,9.988766769960252,17.739409601747752,21.902445211753633,48.319790773252414,0.29248748414373854,0.4111931306085663
repeated:v3:4,repeated,v3,4,ridge_pseudo_a100,0.75,ridge_pseudo_a100__w0.75,756841,159,141538222.4026439,13.675226967319391,10.31351201032712,19.72860014379779,24.2225199421724,51.61035556392628,0.29223882727439154,0.4259621058766375
repeated:v3:4,repeated,v3,4,ridge_pseudo_a100,1.0,ridge_pseudo_a100__w1.00,756841,159,165301415.58503228,14.778690732668348,11.129235277942414,21.70153527263603,25.647962019666124,54.909314269772096,0.2983090822985912,0.4372419404365265
repeated:v3:4,repeated,v3,4,ridge_pseudo_e011_a1,0.25,ridge_pseudo_e011_a1__w0.25,756841,159,104327388.89638835,11.740777115403663,9.33383999836692,16.56369110659645,19.60554710537967,41.037579086219914,0.2543298419473697,0.37892614547951886
repeated:v3:4,repeated,v3,4,ridge_pseudo_e011_a1,0.5,ridge_pseudo_e011_a1__w0.50,756841,159,105057937.49081993,11.781812577227928,9.218179666200411,17.273145212801058,20.237886267051962,40.306783016441884,0.24652601819352635,0.3691082602321015
repeated:v3:4,repeated,v3,4,ridge_pseudo_e011_a1,0.75,ridge_pseudo_e011_a1__w0.75,756841,159,107503104.63355255,11.918131635331637,9.440978963803133,18.001927078687498,21.129826035820866,39.57957340733071,0.23999685139646984,0.3647045612000635
repeated:v3:4,repeated,v3,4,ridge_pseudo_e011_a1,1.0,ridge_pseudo_e011_a1__w1.00,756841,159,111662890.32458618,12.146526643040223,9.56894899676738,18.463002223448093,20.912572171748653,38.856151625875306,0.23616694021779505,0.3644934142966871
repeated:v3:4,repeated,v3,4,ridge_pseudo_e011_a10,0.25,ridge_pseudo_e011_a10__w0.25,756841,159,107386714.04602538,11.91167817517014,9.280763911414056,17.310984815398278,20.11365861446575,41.5100657007184,0.2605932228382032,0.3850389811187027
repeated:v3:4,repeated,v3,4,ridge_pseudo_e011_a10,0.5,ridge_pseudo_e011_a10__w0.50,756841,159,111162302.41507037,12.119269448027184,9.777314995400687,17.960272786956953,19.536822753354613,41.25338936344082,0.256357514011589,0.3795969588227411
repeated:v3:4,repeated,v3,4,ridge_pseudo_e011_a10,0.75,ridge_pseudo_e011_a10__w0.75,756841,159,116638223.95739278,12.41418244179836,9.894320362433627,18.49805055669223,20.660141689998166,41.00183886067846,0.25108120268128487,0.37336254527158
repeated:v3:4,repeated,v3,4,ridge_pseudo_e011_a10,1.0,ridge_pseudo_e011_a10__w1.00,756841,159,123814478.67299259,12.79037834397143,10.009403856152804,19.087559474214547,22.134753338385913,40.75550910532377,0.24406729565630533,0.3690811580157541
repeated:v3:4,repeated,v3,4,ridge_pseudo_e011_a100,0.25,ridge_pseudo_e011_a100__w0.25,756841,159,109897832.24594,12.050144021202737,9.280361738023815,17.57756655946405,21.40036263339502,42.68802421773036,0.27126303938830426,0.39200606555541917
repeated:v3:4,repeated,v3,4,ridge_pseudo_e011_a100,0.5,ridge_pseudo_e011_a100__w0.50,756841,159,117440018.3520679,12.456778146306682,9.783864487036299,17.86427147601704,21.283081808982235,43.607787273817145,0.27156083843171874,0.39195607079822964
repeated:v3:4,repeated,v3,4,ridge_pseudo_e011_a100,0.75,ridge_pseudo_e011_a100__w0.75,756841,159,127938017.16864148,13.001620408502939,9.98081437741151,19.0484465488006,21.284517794637527,44.53084492114229,0.2666400483984415,0.3876175292973085
repeated:v3:4,repeated,v3,4,ridge_pseudo_e011_a100,1.0,ridge_pseudo_e011_a100__w1.00,756841,159,141391828.69566074,13.668152959094998,10.561689617939088,20.660070456287762,22.761584367217548,45.45699645852705,0.25797168093709455,0.38020053217549765
repeated:v3:4,repeated,v3,4,extra_trees_pseudo,0.25,extra_trees_pseudo__w0.25,756841,159,111187804.78982922,12.120659543501105,9.55663636044143,17.20811854028596,22.03711525805917,44.64491486272999,0.2872924460483445,0.4043142522755116
repeated:v3:4,repeated,v3,4,extra_trees_pseudo,0.5,extra_trees_pseudo__w0.50,756841,159,123405940.03671432,12.769259322534005,10.266547176346483,18.374911709296224,22.33223822631219,47.53021995457685,0.2957218157446936,0.4166306208454836
repeated:v3:4,repeated,v3,4,extra_trees_pseudo,0.75,extra_trees_pseudo__w0.75,756841,159,141965864.59091306,13.695870483946782,10.213847246867973,20.451033668358978,24.179108507014305,50.42560072984853,0.29412401852319275,0.4280329551239325
repeated:v3:4,repeated,v3,4,extra_trees_pseudo,1.0,extra_trees_pseudo__w1.00,756841,159,166867578.45242548,14.848536687843477,10.886809690856124,22.21154254679383,26.10109057645617,53.32941611537992,0.2979661017108575,0.436882011046958
repeated:v3:4,repeated,v3,4,hist_gradient_pseudo,0.25,hist_gradient_pseudo__w0.25,756841,159,113089239.52961294,12.223858567780447,9.741971385029567,17.56904223461803,21.421219280990854,46.033599549750576,0.28475486590318805,0.3988890399477953
repeated:v3:4,repeated,v3,4,hist_gradient_pseudo,0.5,hist_gradient_pseudo__w0.50,756841,159,130062347.9917753,13.109117904356882,10.5079747996994,19.267757637085776,23.390137019525085,50.3068597404984,0.2845078024829533,0.4101822662262627
repeated:v3:4,repeated,v3,4,hist_gradient_pseudo,0.75,hist_gradient_pseudo__w0.75,756841,159,156230784.2367449,14.367492561987474,11.06847895772686,21.30254037836923,25.4739764068627,54.58886882695141,0.28800987247715437,0.4175752095684363
repeated:v3:4,repeated,v3,4,hist_gradient_pseudo,1.0,hist_gradient_pseudo__w1.00,756841,159,191594548.2645217,15.910698575185346,12.143715773811556,23.628783748273953,26.963277962328416,58.87771799309635,0.2952654011861427,0.42620228829680706
repeated:v3:4,repeated,v3,4,knn25_pseudo,0.25,knn25_pseudo__w0.25,756841,159,111495427.36376876,12.137415037009351,9.579596860686443,17.251332453404267,21.633511937719632,44.5518148718257,0.28556635301019584,0.40116095395933
repeated:v3:4,repeated,v3,4,knn25_pseudo,0.5,knn25_pseudo__w0.50,756841,159,124406635.31504907,12.820927571318624,9.904398343371072,18.470864755989385,21.970737505389945,47.34160264667496,0.2917054887106713,0.4116999768656517
repeated:v3:4,repeated,v3,4,knn25_pseudo,0.75,knn25_pseudo__w0.75,756841,159,144045082.7040987,13.795800111200696,10.305597574126026,20.61447919501629,24.05265929221333,50.13950986819333,0.2902417382398484,0.4270153175753854
repeated:v3:4,repeated,v3,4,knn25_pseudo,1.0,knn25_pseudo__w1.00,756841,159,170410769.5309177,15.005352196407857,11.02110438538884,22.194836619702436,26.543097258681666,52.94424930409736,0.302342009468535,0.4373799761694934
repeated:v3:4,repeated,v3,4,ridge_e011_only_a10,0.25,ridge_e011_only_a10__w0.25,756841,159,107422662.57836258,11.913671771498333,9.009507545768312,17.204609596053086,20.909134437183734,41.817058024694475,0.26504305633197817,0.3869991368533899
repeated:v3:4,repeated,v3,4,ridge_e011_only_a10,0.5,ridge_e011_only_a10__w0.50,756841,159,110750535.90813035,12.096802573090697,9.373544117317742,17.783666503574935,19.870012277335128,41.865113966201655,0.26340400871697117,0.3858302521038632
repeated:v3:4,repeated,v3,4,ridge_e011_only_a10,0.75,ridge_e011_only_a10__w0.75,756841,159,115295078.8395611,12.342497839703507,9.77687039674536,17.82822475501443,20.775113955538338,41.91593167475971,0.2613452740984216,0.3822529257595354
repeated:v3:4,repeated,v3,4,ridge_e011_only_a10,1.0,ridge_e011_only_a10__w1.00,756841,159,121056291.37265483,12.647111779819618,9.684233345050021,17.878895784956935,20.734061230839632,41.96950111832257,0.2581694406494321,0.3767431100643604
repeated:v3:4,repeated,v3,4,ridge_e011_only_a100,0.25,ridge_e011_only_a100__w0.25,756841,159,109991799.03351663,12.055294584053502,9.251543713093113,17.4141581313622,21.049421884091444,43.10043698672596,0.2753859821110743,0.3943043208699039
repeated:v3:4,repeated,v3,4,ridge_e011_only_a100,0.5,ridge_e011_only_a100__w0.50,756841,159,117455053.29588935,12.457575493618142,9.831907983133583,18.024126315592337,20.638508207291814,44.432585521409855,0.28003343963661764,0.39754696796021505
repeated:v3:4,repeated,v3,4,ridge_e011_only_a100,0.75,ridge_e011_only_a100__w0.75,756841,159,127701221.63737595,12.98958273755281,10.142645868241134,19.372252521063704,22.36784513355696,45.76791468362914,0.2793564384517742,0.3983848157631737
repeated:v3:4,repeated,v3,4,ridge_e011_only_a100,1.0,ridge_e011_only_a100__w1.00,756841,159,140730304.05797642,13.636141135156736,10.423516789336531,19.78559293849333,24.26444867297922,47.10615398818291,0.2745581167885104,0.39902157008471967
repeated:v4:0,repeated,v4,0,latest_cut_identity,0.25,latest_cut_identity__w0.25,754790,154,123579434.43877347,12.795581661371523,8.923934150585872,18.048185531745208,22.281117568126238,48.78374006413519,0.351553764620711,0.48906421957640134
repeated:v4:0,repeated,v4,0,latest_cut_identity,0.5,latest_cut_identity__w0.50,754790,154,141016373.19325677,13.668526577952546,9.136293277558694,18.98355056715534,24.623368787502326,52.83912087803492,0.38156592489164987,0.520185398077218
repeated:v4:0,repeated,v4,0,latest_cut_identity,0.75,latest_cut_identity__w0.75,754790,154,166053615.04023975,14.832388713623509,10.142757177015964,19.751586248802834,25.182769851148162,58.551101066817985,0.40812512129442735,0.534331281315439
repeated:v4:0,repeated,v4,0,latest_cut_identity,1.0,latest_cut_identity__w1.00,754790,154,198691159.97972238,16.2246823843279,10.835574254654036,21.43248899814422,26.08366776309532,66.98220118878523,0.425632542704745,0.5487244461586231
repeated:v4:0,repeated,v4,0,linear_cut_extrapolation,0.25,linear_cut_extrapolation__w0.25,754790,154,170375088.58069772,15.024152337513991,11.864420005698541,21.493138595387666,25.00581384152624,57.746121295943304,0.2984724134321634,0.43400306977804587
repeated:v4:0,repeated,v4,0,linear_cut_extrapolation,0.5,linear_cut_extrapolation__w0.50,754790,154,341728007.618436,21.277824299904502,17.14291744866936,28.929132228711765,32.17778682058816,70.81023478259274,0.250749008716506,0.3715126149901153
repeated:v4:0,repeated,v4,0,linear_cut_extrapolation,0.75,linear_cut_extrapolation__w0.75,754790,154,627801555.8900046,28.84019051782183,24.45765014760987,39.0827242316825,42.64908115273636,83.91093692683833,0.21764139539726768,0.33322302786268354
repeated:v4:0,repeated,v4,0,linear_cut_extrapolation,1.0,linear_cut_extrapolation__w1.00,754790,154,1028595733.3954037,36.91554550539364,32.56743862408425,50.13322520391354,53.95079526235631,97.1198533758265,0.19779185029746396,0.3094450114523627
repeated:v4:0,repeated,v4,0,ridge_pseudo_a1,0.25,ridge_pseudo_a1__w0.25,754790,154,125263113.81618889,12.882451995315554,8.904042506585998,18.155674604388707,22.946898985683305,48.5972538749234,0.35161179159161493,0.4875044978854895
repeated:v4:0,repeated,v4,0,ridge_pseudo_a1,0.5,ridge_pseudo_a1__w0.50,754790,154,144357263.83308494,13.829492784267261,9.319761757327829,19.901877134515566,24.369414323686776,52.45721221218053,0.3800587435879918,0.5175367531142852
repeated:v4:0,repeated,v4,0,ridge_pseudo_a1,0.75,ridge_pseudo_a1__w0.75,754790,154,171025248.82747802,15.052791516838127,9.501584316980328,21.72707987266141,27.73568716616927,56.32778130629207,0.4020663333027282,0.5354586540082595
repeated:v4:0,repeated,v4,0,ridge_pseudo_a1,1.0,ridge_pseudo_a1__w1.00,754790,154,205267068.79936808,16.490984044304046,10.176490247535671,23.562143834236295,31.414358665193827,62.23803656090848,0.41561341902864835,0.559470637963479
repeated:v4:0,repeated,v4,0,ridge_pseudo_a10,0.25,ridge_pseudo_a10__w0.25,754790,154,124950435.64737397,12.866363546761736,8.838824090072492,18.127017451454062,22.909163708741417,48.46922831789785,0.3528055005006781,0.48889423190166953
repeated:v4:0,repeated,v4,0,ridge_pseudo_a10,0.5,ridge_pseudo_a10__w0.50,754790,154,143660094.28582653,13.796057784168474,9.282077416049823,19.5927907619346,24.294544178670503,52.20076512669939,0.3833610077904938,0.5206794093874932
repeated:v4:0,repeated,v4,0,ridge_pseudo_a10,0.75,ridge_pseudo_a10__w0.75,754790,154,169871774.69214752,15.001944109812937,9.52011289238083,21.36407888683978,27.379163047780203,55.94266903232705,0.40702974973887496,0.5408967497499594
repeated:v4:0,repeated,v4,0,ridge_pseudo_a10,1.0,ridge_pseudo_a10__w1.00,754790,154,203585476.8663369,16.423296288715793,10.137785376004532,23.369665812539292,30.914723594412905,63.129767509699114,0.42179865536547567,0.5642731095307392
repeated:v4:0,repeated,v4,0,ridge_pseudo_a100,0.25,ridge_pseudo_a100__w0.25,754790,154,124678988.98845038,12.85238028105161,8.77447287863871,17.98407718069458,22.749772324386097,48.26914593914558,0.35478333495478936,0.49059227485836027
repeated:v4:0,repeated,v4,0,ridge_pseudo_a100,0.5,ridge_pseudo_a100__w0.50,754790,154,143090731.22406957,13.768691924399084,9.351160973705007,19.042466411135493,23.971528266412392,51.80098852636108,0.3873816151593013,0.5241766210514389
repeated:v4:0,repeated,v4,0,ridge_pseudo_a100,0.75,ridge_pseudo_a100__w0.75,754790,154,168978025.48364735,14.962427073662449,9.567182026657463,20.505237058403626,27.177716363518382,57.66383309471893,0.4111090789748425,0.5462602014737369
repeated:v4:0,repeated,v4,0,ridge_pseudo_a100,1.0,ridge_pseudo_a100__w1.00,754790,154,202340871.76718375,16.373018010303657,10.31783287650557,23.419078331844347,30.354032921426054,65.791663800333,0.42907851430038674,0.5689854335614457
repeated:v4:0,repeated,v4,0,ridge_pseudo_e011_a1,0.25,ridge_pseudo_e011_a1__w0.25,754790,154,112783211.86554377,12.223882321818445,9.236548303933187,17.32178320467807,21.642494997131593,43.80894812251349,0.30210321536583296,0.4409218117820435
repeated:v4:0,repeated,v4,0,ridge_pseudo_e011_a1,0.5,ridge_pseudo_e011_a1__w0.50,754790,154,113063160.74540839,12.23904389236599,9.657738916837005,17.3096275464908,21.160820135299154,42.86812119571378,0.2923604111077252,0.431521611207522
repeated:v4:0,repeated,v4,0,ridge_pseudo_e011_a1,0.75,ridge_pseudo_e011_a1__w0.75,754790,154,114582645.41638368,12.321011233608603,9.73383822013028,17.818119426666062,21.311659298573947,41.9282303223913,0.2906154314347989,0.4228780403988902
repeated:v4:0,repeated,v4,0,ridge_pseudo_e011_a1,1.0,ridge_pseudo_e011_a1__w1.00,754790,154,117341665.87846966,12.46846687752789,9.831571521863346,18.229204269781466,21.70355592602746,40.98933989407908,0.29206987283870284,0.4218262109107406
repeated:v4:0,repeated,v4,0,ridge_pseudo_e011_a10,0.25,ridge_pseudo_e011_a10__w0.25,754790,154,118928792.41502945,12.552505944907264,9.385005465582731,17.75129132083611,22.603725571229923,44.606831158080105,0.323995665420556,0.45818153508738074
repeated:v4:0,repeated,v4,0,ridge_pseudo_e011_a10,0.5,ridge_pseudo_e011_a10__w0.50,754790,154,126052460.51699197,12.922977699069564,9.457547153660242,18.769265567939787,24.306944078232558,44.46360813931159,0.33202450196656813,0.46989690807683454
repeated:v4:0,repeated,v4,0,ridge_pseudo_e011_a10,0.75,ridge_pseudo_e011_a10__w0.75,754790,154,135113803.08267742,13.379404695840307,9.689775824503894,19.754031051363075,26.41682199798942,44.32098880464967,0.3367324004104425,0.4844515159166572
repeated:v4:0,repeated,v4,0,ridge_pseudo_e011_a10,1.0,ridge_pseudo_e011_a10__w1.00,754790,154,146112820.1120858,13.913330216386198,9.884018394330516,20.49237343194376,29.08379914150988,44.17897900056475,0.33854991400221546,0.49551757247082545
repeated:v4:0,repeated,v4,0,ridge_pseudo_e011_a100,0.25,ridge_pseudo_e011_a100__w0.25,754790,154,124286636.70273651,12.832141769885432,9.017496178769253,17.916748362789527,23.46503807418148,45.49657561059534,0.34704366947889087,0.47933341247730493
repeated:v4:0,repeated,v4,0,ridge_pseudo_e011_a100,0.5,ridge_pseudo_e011_a100__w0.50,754790,154,140015704.54939494,13.619943506715964,9.480255867989094,18.505497476696277,26.243067309632753,46.24411880524259,0.37608221184973095,0.5108970670252238
repeated:v4:0,repeated,v4,0,ridge_pseudo_e011_a100,0.75,ridge_pseudo_e011_a100__w0.75,754790,154,160930002.3167651,14.601767867111503,9.674814611622393,19.07945009843984,30.23044187379236,47.43149358520553,0.3974279551357095,0.5376517221839523
repeated:v4:0,repeated,v4,0,ridge_pseudo_e011_a100,1.0,ridge_pseudo_e011_a100__w1.00,754790,154,187029530.004847,15.741351706860039,10.153442338818628,20.455322178056168,34.285416711021426,52.132391423051615,0.4105166588088453,0.5606405179216958
repeated:v4:0,repeated,v4,0,extra_trees_pseudo,0.25,extra_trees_pseudo__w0.25,754790,154,125473564.05839397,12.893269135744262,8.952361915324596,18.24920115369197,22.561459566048633,48.64025662059137,0.35981852127351965,0.4932172445087369
repeated:v4:0,repeated,v4,0,extra_trees_pseudo,0.5,extra_trees_pseudo__w0.50,754790,154,145428117.362444,13.88069214171439,9.65396746108241,18.79667734404107,23.637799673118245,52.54719742659863,0.396945976668961,0.5260361154574935
repeated:v4:0,repeated,v4,0,extra_trees_pseudo,0.75,extra_trees_pseudo__w0.75,754790,154,173606458.68893993,15.165958744928401,9.994870419061705,20.59082544339197,27.05257487402555,61.758995406193335,0.4167715674999872,0.5471208565904089
repeated:v4:0,repeated,v4,0,extra_trees_pseudo,1.0,extra_trees_pseudo__w1.00,754790,154,210008588.03788176,16.680361505860464,10.592960736128646,23.08282721074619,30.486952978849608,71.25925847047954,0.43416823622603906,0.5727904528415029
repeated:v4:0,repeated,v4,0,hist_gradient_pseudo,0.25,hist_gradient_pseudo__w0.25,754790,154,126812374.31000192,12.961872587693986,8.927538089796904,18.04607163318148,22.363480146736613,49.975477326517016,0.36483757971526626,0.49512516460531913
repeated:v4:0,repeated,v4,0,hist_gradient_pseudo,0.5,hist_gradient_pseudo__w0.50,754790,154,149755042.88933387,14.085674851601253,9.850467606535558,18.36681756022414,25.278020288304567,55.221269638855,0.4016223806268219,0.5293312265831778
repeated:v4:0,repeated,v4,0,hist_gradient_pseudo,0.75,hist_gradient_pseudo__w0.75,754790,154,182570804.51478565,15.552585438125066,10.273809052443886,19.46896853156772,29.450924312220504,63.56455599824514,0.41923016086952636,0.5544506947173956
repeated:v4:0,repeated,v4,0,hist_gradient_pseudo,1.0,hist_gradient_pseudo__w1.00,754790,154,225259659.1863573,17.27542110442048,11.443407382386482,22.87694911724867,33.48257755703254,73.67438002485265,0.4258550942290816,0.5760703294795292
repeated:v4:0,repeated,v4,0,knn25_pseudo,0.25,knn25_pseudo__w0.25,754790,154,125339907.85601483,12.886400260383638,8.782987547472738,17.74187588976702,22.917054860181004,48.63659703201112,0.3609636548405437,0.4920657733813854
repeated:v4:0,repeated,v4,0,knn25_pseudo,0.5,knn25_pseudo__w0.50,754790,154,145308104.94741344,13.874963541086847,9.509194354025748,18.725483659741112,24.31855631932698,53.588271606488775,0.3963732179592878,0.5246439250059548
repeated:v4:0,repeated,v4,0,knn25_pseudo,0.75,knn25_pseudo__w0.75,754790,154,173647390.0509857,15.167746485913579,9.890261506672715,21.112631648950504,25.8072793999086,63.7433762699796,0.42000441482793766,0.5422147848184613
repeated:v4:0,repeated,v4,0,knn25_pseudo,1.0,knn25_pseudo__w1.00,754790,154,210357763.16673154,16.69422272087499,10.573138246422445,22.921553712599387,28.210497908581413,73.92119353513596,0.43782319424369803,0.5650976349009385
repeated:v4:0,repeated,v4,0,ridge_e011_only_a10,0.25,ridge_e011_only_a10__w0.25,754790,154,119137758.28380604,12.563528902642535,9.145494472439495,17.688798224024545,22.409397677776617,44.73695761364119,0.32562006638070473,0.4604851799417257
repeated:v4:0,repeated,v4,0,ridge_e011_only_a10,0.5,ridge_e011_only_a10__w0.50,754790,154,126165777.10652666,12.928785038305397,9.387287365048426,18.85354236732529,23.591014985042857,44.72390510230872,0.33587024347801553,0.47297660779789463
repeated:v4:0,repeated,v4,0,ridge_e011_only_a10,0.75,ridge_e011_only_a10__w0.75,754790,154,134826855.2449517,13.365189894328019,9.790495753090248,19.42895069207582,24.946697854092978,44.71149509294309,0.34456479928177375,0.48796934037013295
repeated:v4:0,repeated,v4,0,ridge_e011_only_a10,1.0,ridge_e011_only_a10__w1.00,754790,154,145120992.69908112,13.866027315772506,9.994939363652032,20.0330094385186,27.590953428592897,44.69972812067879,0.3521625672832903,0.5009460821831242
repeated:v4:0,repeated,v4,0,ridge_e011_only_a100,0.25,ridge_e011_only_a100__w0.25,754790,154,124146296.21623908,12.824894901981152,9.011767587828182,17.99616127285543,23.189052858356607,45.67301285764781,0.34774830546294383,0.4807952547263213
repeated:v4:0,repeated,v4,0,ridge_e011_only_a100,0.5,ridge_e011_only_a100__w0.50,754790,154,139382173.31559148,13.589095387413858,9.323870221331987,18.541029938768958,25.445338935611904,46.597104041960726,0.38028167936094576,0.5118388756631166
repeated:v4:0,repeated,v4,0,ridge_e011_only_a100,0.75,ridge_e011_only_a100__w0.75,754790,154,159450430.07484704,14.534489371079868,9.622569199816041,19.230219213510164,29.01423848326517,49.98261912758542,0.4045564656371,0.5376274083649338
repeated:v4:0,repeated,v4,0,ridge_e011_only_a100,1.0,ridge_e011_only_a100__w1.00,754790,154,184351066.4940057,15.628228713973485,9.941296660739376,20.292835394970975,32.76355550070958,55.53617793619228,0.42065167068722453,0.5624584656122468
repeated:v4:1,repeated,v4,1,latest_cut_identity,0.25,latest_cut_identity__w0.25,757687,156,148282158.89797333,13.989414305544203,9.052806001254272,19.066006329665004,24.570891233281902,58.98991137163847,0.43084873726624173,0.552179946069282
repeated:v4:1,repeated,v4,1,latest_cut_identity,0.5,latest_cut_identity__w0.50,757687,156,167880178.9645712,14.885204096587845,9.791560393616953,19.794280606900408,26.825699396005394,62.54898076816106,0.4341749639660572,0.5456043916039245
repeated:v4:1,repeated,v4,1,latest_cut_identity,0.75,latest_cut_identity__w0.75,757687,156,197405258.0560986,16.14114876418205,10.616786040006868,21.724254279031385,27.565621694990448,66.13357584259656,0.4235465653783977,0.5407719913796263
repeated:v4:1,repeated,v4,1,latest_cut_identity,1.0,latest_cut_identity__w1.00,757687,156,236857396.1725555,17.680663446355883,11.323885779385396,25.098530311547925,30.55733289739202,69.73976067790761,0.4064231318131087,0.5405615853447312
repeated:v4:1,repeated,v4,1,linear_cut_extrapolation,0.25,linear_cut_extrapolation__w0.25,757687,156,206914006.65053946,16.525325678284972,12.20767617296978,22.159111843234605,29.982274928267124,58.166340652873714,0.38325209251889675,0.504610520284537
repeated:v4:1,repeated,v4,1,linear_cut_extrapolation,0.5,linear_cut_extrapolation__w0.50,757687,156,392818034.0250676,22.76935828352681,17.93039517418719,30.40377272135155,37.98276068123651,60.901184178372915,0.29020928062507295,0.4072503501685486
repeated:v4:1,repeated,v4,1,linear_cut_extrapolation,0.75,linear_cut_extrapolation__w0.75,757687,156,696323279.9798896,30.315207106061514,25.9532252044501,42.024640413293284,48.26009144250577,69.41611230926021,0.22899669741687936,0.3550863247685487
repeated:v4:1,repeated,v4,1,linear_cut_extrapolation,1.0,linear_cut_extrapolation__w1.00,757687,156,1117429744.515005,38.4030038472612,33.77361423814794,54.54105766810713,59.1527168288617,83.948781757767,0.19536893827650686,0.32658799679697964
repeated:v4:1,repeated,v4,1,ridge_pseudo_a1,0.25,ridge_pseudo_a1__w0.25,757687,156,143343658.0029614,13.754484669151124,9.04644667529375,18.200316032651738,24.376095675354044,57.35378789544444,0.42052018372699673,0.5429593553006993
repeated:v4:1,repeated,v4,1,ridge_pseudo_a1,0.5,ridge_pseudo_a1__w0.50,757687,156,156478385.48088536,14.37084351282453,9.51579821575043,19.12933436880008,27.428814542148153,59.28689791230131,0.42090344621332965,0.5439690466284937
repeated:v4:1,repeated,v4,1,ridge_pseudo_a1,0.75,ridge_pseudo_a1__w0.75,757687,156,178015380.29007682,15.32794188863124,9.822834648511652,21.608438940176597,28.533360850563767,61.2567680631817,0.4113996837506188,0.5425579601720334
repeated:v4:1,repeated,v4,1,ridge_pseudo_a1,1.0,ridge_pseudo_a1__w1.00,757687,156,207954642.4305358,16.566829096945778,10.26687961929554,24.50877745213318,30.299102739490746,63.25996438826081,0.39532987638668043,0.5355943942542519
repeated:v4:1,repeated,v4,1,ridge_pseudo_a10,0.25,ridge_pseudo_a10__w0.25,757687,156,144216692.3803002,13.796306922420914,9.028485227890867,18.440022020240836,24.3834584111383,57.98160042800083,0.42178530024162597,0.5458649466539738
repeated:v4:1,repeated,v4,1,ridge_pseudo_a10,0.5,ridge_pseudo_a10__w0.50,757687,156,158053271.38855407,14.442980559939334,9.571334805349201,19.14886149597939,27.59342301713967,60.53685832651286,0.4242116391459272,0.5457279480157057
repeated:v4:1,repeated,v4,1,ridge_pseudo_a10,0.75,ridge_pseudo_a10__w0.75,757687,156,180120934.8810666,15.418324375371085,9.868748352131998,21.643072548875352,29.098774303735567,63.122812696981754,0.415933461487332,0.5463621569013251
repeated:v4:1,repeated,v4,1,ridge_pseudo_a10,1.0,ridge_pseudo_a10__w1.00,757687,156,210419682.8578378,16.664729279702364,10.287501580857795,24.77562592194063,30.312605390317696,65.73584097274636,0.4018282561916161,0.540852007507631
repeated:v4:1,repeated,v4,1,ridge_pseudo_a100,0.25,ridge_pseudo_a100__w0.25,757687,156,144780358.6046182,13.823241836668842,9.014665415204249,18.601879892162344,24.279178194244544,58.4271922648049,0.4210972673565612,0.5468683684484881
repeated:v4:1,repeated,v4,1,ridge_pseudo_a100,0.5,ridge_pseudo_a100__w0.50,757687,156,159152557.62008587,14.493120169182324,9.539551855619191,19.22766837048646,27.60239508168646,61.42758011627207,0.4248863630010666,0.5438408667488622
repeated:v4:1,repeated,v4,1,ridge_pseudo_a100,0.75,ridge_pseudo_a100__w0.75,757687,156,181727794.9027079,15.48694515915603,10.05731593182437,21.668046260572652,29.910013705730073,64.45763110912506,0.41650849427927505,0.5452732403968621
repeated:v4:1,repeated,v4,1,ridge_pseudo_a100,1.0,ridge_pseudo_a100__w1.00,757687,156,212506070.45248434,16.74714391315942,10.355706710694811,24.795154868009362,30.651042778311957,67.51335144788433,0.4012256227547007,0.5415399112057772
repeated:v4:1,repeated,v4,1,ridge_pseudo_e011_a1,0.25,ridge_pseudo_e011_a1__w0.25,757687,156,133310505.01521723,13.264389582584451,9.018001505827478,18.29210092005637,24.606961418312753,51.65918106559514,0.4058942211676903,0.529301628931109
repeated:v4:1,repeated,v4,1,ridge_pseudo_e011_a1,0.5,ridge_pseudo_e011_a1__w0.50,757687,156,130858172.4816054,13.141819787118216,9.07841056675179,18.11323135772134,23.837628027590007,48.06738541636319,0.3929765823104459,0.5121402394093343
repeated:v4:1,repeated,v4,1,ridge_pseudo_e011_a1,0.75,ridge_pseudo_e011_a1__w0.75,757687,156,131254200.25546946,13.161690895484298,9.517082114107016,18.1459166132975,22.84712198559734,44.73657850589595,0.3750299904252489,0.4926638972563929
repeated:v4:1,repeated,v4,1,ridge_pseudo_e011_a1,1.0,ridge_pseudo_e011_a1__w1.00,757687,156,134498588.33680943,13.32336559327718,9.613599573372161,18.67049662891796,23.059790446451778,41.72930307727297,0.3552643735596218,0.4703305000876484
repeated:v4:1,repeated,v4,1,ridge_pseudo_e011_a10,0.25,ridge_pseudo_e011_a10__w0.25,757687,156,139837239.51960954,13.585214597531808,8.821055771708718,18.716749575045746,24.997552332417744,55.07860127331857,0.41310433210958897,0.5374761738615078
repeated:v4:1,repeated,v4,1,ridge_pseudo_e011_a10,0.5,ridge_pseudo_e011_a10__w0.50,757687,156,143404279.51479933,13.757392818447455,9.194647663820177,19.170386116840326,24.772130993639372,54.774496636757775,0.4099372823911741,0.5291657648127722
repeated:v4:1,repeated,v4,1,ridge_pseudo_e011_a10,0.75,ridge_pseudo_e011_a10__w0.75,757687,156,149312317.84187433,14.037924446760574,9.534523889884198,19.39951449439154,24.70449805597761,54.55028221721082,0.40259812585168525,0.5168677021927409
repeated:v4:1,repeated,v4,1,ridge_pseudo_e011_a10,1.0,ridge_pseudo_e011_a10__w1.00,757687,156,157561354.50083455,14.420487248933615,10.050642661930016,20.583778686182804,24.647999825743895,54.40694572135698,0.39096620878277777,0.5031559667694397
repeated:v4:1,repeated,v4,1,ridge_pseudo_e011_a100,0.25,ridge_pseudo_e011_a100__w0.25,757687,156,144495010.8998405,13.809612999834865,9.116194375234947,18.578336790601234,25.054687998157547,57.042325751438035,0.4148710518915692,0.5433413859790089
repeated:v4:1,repeated,v4,1,ridge_pseudo_e011_a100,0.5,ridge_pseudo_e011_a100__w0.50,757687,156,154420290.72172457,14.276023852861398,9.34643038399221,19.082530625744774,26.114156165208854,58.66802471917667,0.4098934984997995,0.5367311486603217
repeated:v4:1,repeated,v4,1,ridge_pseudo_e011_a100,0.75,ridge_pseudo_e011_a100__w0.75,757687,156,168387037.3219572,14.907657622829346,9.729938617415346,20.301192295479915,26.720790853623797,60.33476933885363,0.40212640463109794,0.525943138267293
repeated:v4:1,repeated,v4,1,ridge_pseudo_e011_a100,1.0,ridge_pseudo_e011_a100__w1.00,757687,156,186395250.70053834,15.684565899677013,9.911923598869905,22.28291765116112,27.33663246566489,62.03925150500619,0.3891022712928932,0.5157057465147067
repeated:v4:1,repeated,v4,1,extra_trees_pseudo,0.25,extra_trees_pseudo__w0.25,757687,156,141536668.64240888,13.667515236982203,9.072312182177603,17.717970656258004,24.34576030508867,57.54409724663843,0.4238251503444361,0.545988062964778
repeated:v4:1,repeated,v4,1,extra_trees_pseudo,0.5,extra_trees_pseudo__w0.50,757687,156,155973300.87509105,14.347631493595447,9.892860559419752,18.720136286798244,27.276310231457444,59.660412725456844,0.4234880861554851,0.541055883706174
repeated:v4:1,repeated,v4,1,extra_trees_pseudo,0.75,extra_trees_pseudo__w0.75,757687,156,181921094.55435142,15.495179522720514,10.131591320893707,22.230894992664233,30.118879340116365,61.806787290282486,0.4122482971513546,0.5498193552122411
repeated:v4:1,repeated,v4,1,extra_trees_pseudo,1.0,extra_trees_pseudo__w1.00,757687,156,219380049.68019,17.015849953767116,10.971469930852795,23.365539449117414,32.51149254618624,63.980195792555186,0.4182000753005601,0.5599826302670593
repeated:v4:1,repeated,v4,1,hist_gradient_pseudo,0.25,hist_gradient_pseudo__w0.25,757687,156,141567324.13747784,13.66899528369171,9.02261699988808,18.018033228011582,24.63352245324885,56.8999087212729,0.42347530677554684,0.5424675360159311
repeated:v4:1,repeated,v4,1,hist_gradient_pseudo,0.5,hist_gradient_pseudo__w0.50,757687,156,157053187.4580194,14.397213983374973,9.661879346183348,19.12687779878407,26.967820110213058,58.3660414760753,0.41788732174330717,0.5339906893149728
repeated:v4:1,repeated,v4,1,hist_gradient_pseudo,0.75,hist_gradient_pseudo__w0.75,757687,156,185068787.81792966,15.62865744474644,10.419176575073365,21.73790680915847,30.214829184344424,59.85765911323023,0.3963980796559787,0.5307410390776626
repeated:v4:1,repeated,v4,1,hist_gradient_pseudo,1.0,hist_gradient_pseudo__w1.00,757687,156,225614125.21720856,17.255924234650763,11.091301877544595,23.40706435476415,31.818981849756135,61.37290349393111,0.3929619124857733,0.5306582119815917
repeated:v4:1,repeated,v4,1,knn25_pseudo,0.25,knn25_pseudo__w0.25,757687,156,142353155.13855973,13.7068806331965,8.962548034210004,17.60567538664192,24.53777442125053,57.93667606573693,0.42108765627574657,0.5435337246023623
repeated:v4:1,repeated,v4,1,knn25_pseudo,0.5,knn25_pseudo__w0.50,757687,156,158198449.85557675,14.449612274923464,9.805187465799937,19.40503516451506,28.505393737128667,60.44077497529939,0.417458316055872,0.5316137183813876
repeated:v4:1,repeated,v4,1,knn25_pseudo,0.75,knn25_pseudo__w0.75,757687,156,186147082.007356,15.674121119906149,10.223023864214234,22.28939514522581,30.878725585263723,62.970154338609774,0.40878326212354704,0.5402044120800581
repeated:v4:1,repeated,v4,1,knn25_pseudo,1.0,knn25_pseudo__w1.00,757687,156,226199051.59389746,17.27827857890666,10.983527438706423,24.065683908546475,32.69233453314169,65.52188647304662,0.41646259635894106,0.5485261414618172
repeated:v4:1,repeated,v4,1,ridge_e011_only_a10,0.25,ridge_e011_only_a10__w0.25,757687,156,139686434.96104142,13.577887275627843,9.035872317886454,18.57068879711541,24.957858767757905,54.810240553288764,0.4099608934906019,0.536142594569215
repeated:v4:1,repeated,v4,1,ridge_e011_only_a10,0.5,ridge_e011_only_a10__w0.50,757687,156,142657269.99365497,13.721514106098494,9.219352008291244,18.781958944051013,24.374789324437874,54.225133853711235,0.40422388322207825,0.5278965272400822
repeated:v4:1,repeated,v4,1,ridge_e011_only_a10,0.75,ridge_e011_only_a10__w0.75,757687,156,147523702.95414558,13.953590855236289,9.636758670905907,19.11132845623031,24.986790575663118,53.7081168451564,0.39568140509276006,0.5167719531991066
repeated:v4:1,repeated,v4,1,ridge_e011_only_a10,1.0,ridge_e011_only_a10__w1.00,757687,156,154285733.84251326,14.269802663109182,9.935911301049094,19.58480372014085,26.516138645439717,53.26117244587837,0.38371968606310025,0.5034512902933448
repeated:v4:1,repeated,v4,1,ridge_e011_only_a100,0.25,ridge_e011_only_a100__w0.25,757687,156,144077233.8668525,13.78963474813586,9.252475260420734,18.623577358165505,24.028394638288447,56.96248875862599,0.41410584413233775,0.5406373313285857
repeated:v4:1,repeated,v4,1,ridge_e011_only_a100,0.5,ridge_e011_only_a100__w0.50,757687,156,153668969.5648916,14.241252006995223,9.528496488255275,18.88681844460323,26.020227377704074,58.503259733081826,0.41080388012667357,0.5345308792097587
repeated:v4:1,repeated,v4,1,ridge_e011_only_a100,0.75,ridge_e011_only_a100__w0.75,757687,156,167386404.95042223,14.863297581356969,9.949115419368816,19.777347334583133,26.93645119586271,60.080551101682936,0.4031167734531502,0.5273941835359963
repeated:v4:1,repeated,v4,1,ridge_e011_only_a100,1.0,ridge_e011_only_a100__w1.00,757687,156,185229540.0234444,15.63544355887211,10.279897870698221,21.737125372864224,27.870932532585535,61.69156173605184,0.39213541963240944,0.5189369217363566
repeated:v4:2,repeated,v4,2,latest_cut_identity,0.25,latest_cut_identity__w0.25,756528,153,108820166.8635147,11.993396470118292,8.734393289951779,17.349737661085598,22.32701889434917,46.280485659321336,0.3474752440350147,0.4504591522372644
repeated:v4:2,repeated,v4,2,latest_cut_identity,0.5,latest_cut_identity__w0.50,756528,153,117805575.25987887,12.478730887709153,8.790089208807126,18.525922469225097,21.43444212071157,50.80444548092975,0.3409630398099776,0.4516367696452245
repeated:v4:2,repeated,v4,2,latest_cut_identity,0.75,latest_cut_identity__w0.75,756528,153,135699087.50373912,13.392941148103787,9.757804370179128,19.465750922612813,23.008549071217544,55.33991357747413,0.33604255294989804,0.45812705244858004
repeated:v4:2,repeated,v4,2,latest_cut_identity,1.0,latest_cut_identity__w1.00,756528,153,162500703.59509546,14.65598863862692,10.322972535488635,21.118054538186463,25.47689611450845,59.88427519203413,0.34011122028065843,0.46842002130518345
repeated:v4:2,repeated,v4,2,linear_cut_extrapolation,0.25,linear_cut_extrapolation__w0.25,756528,153,170244673.43803757,15.001139964632936,11.965182234865996,21.067099384217045,25.28753236306436,55.46326534403963,0.3006279338689662,0.40923454017080046
repeated:v4:2,repeated,v4,2,linear_cut_extrapolation,0.5,linear_cut_extrapolation__w0.50,756528,153,365515667.6076294,21.980648204511397,18.963829406562624,29.856367377941357,33.81957637258116,69.3605546625059,0.24440499227927892,0.35805705781910474
repeated:v4:2,repeated,v4,2,linear_cut_extrapolation,0.75,linear_cut_extrapolation__w0.75,756528,153,694555844.8234222,30.29989210075273,26.819715273659334,41.04944796491625,44.88024450652953,83.36077778474312,0.22246603116322067,0.3404000885159621
repeated:v4:2,repeated,v4,2,linear_cut_extrapolation,1.0,linear_cut_extrapolation__w1.00,756528,153,1157365205.0854158,39.113142263423555,34.85223761216174,52.13813022262319,58.37024472884457,97.41956678195562,0.20894952835501773,0.3282074839948671
repeated:v4:2,repeated,v4,2,ridge_pseudo_a1,0.25,ridge_pseudo_a1__w0.25,756528,153,110309902.08476041,12.075211502404995,8.641001471484875,18.668871754304703,22.104119579634084,45.66575490266444,0.3437790713397713,0.45459685870415695
repeated:v4:2,repeated,v4,2,ridge_pseudo_a1,0.5,ridge_pseudo_a1__w0.50,756528,153,120699850.97359516,12.631090992255038,8.647686812146498,19.05298546497747,22.940385306173155,49.57533218028588,0.34369056599209397,0.4655481626291721
repeated:v4:2,repeated,v4,2,ridge_pseudo_a1,0.75,ridge_pseudo_a1__w0.75,756528,153,139912708.98115087,13.599285129805432,8.964958578181678,20.023696452647044,25.84107212728563,53.497086101416436,0.34148866064285743,0.47277457390476174
repeated:v4:2,repeated,v4,2,ridge_pseudo_a1,1.0,ridge_pseudo_a1__w1.00,756528,153,167948476.1074275,14.89963160582087,9.901549306854072,21.12672977417837,28.42056114023866,57.42852211662985,0.3376350779728387,0.48244621907410007
repeated:v4:2,repeated,v4,2,ridge_pseudo_a10,0.25,ridge_pseudo_a10__w0.25,756528,153,109267060.09619099,12.017997958915862,8.629541758144386,18.286706264392716,22.292596663489626,45.71309695829549,0.3415459230983432,0.4481571090489887
repeated:v4:2,repeated,v4,2,ridge_pseudo_a10,0.5,ridge_pseudo_a10__w0.50,756528,153,117616884.56137358,12.468733211220814,8.591323364839381,19.140462660076025,21.98361716701168,49.66962403171905,0.3365495062386068,0.45076767018801567
repeated:v4:2,repeated,v4,2,ridge_pseudo_a10,0.75,ridge_pseudo_a10__w0.75,756528,153,133792335.7101944,13.298513992833753,8.935255046724158,19.405904562971465,24.91482258278244,53.637990317286835,0.3319846262647156,0.45282673822890435
repeated:v4:2,repeated,v4,2,ridge_pseudo_a10,1.0,ridge_pseudo_a10__w1.00,756528,153,157793413.54265344,14.442152696723866,9.864253324068088,21.35844988895238,27.08772012216514,57.61574953945861,0.329497553040437,0.4614502479406663
repeated:v4:2,repeated,v4,2,ridge_pseudo_a100,0.25,ridge_pseudo_a100__w0.25,756528,153,108400260.06547275,11.97023451178447,8.665532628668046,18.06336872804218,22.440024941516814,45.61355933864944,0.3426235785524812,0.44509935913359755
repeated:v4:2,repeated,v4,2,ridge_pseudo_a100,0.5,ridge_pseudo_a100__w0.50,756528,153,114926272.67498468,12.325290316424407,8.723306355314284,18.103625229778473,21.89712012265927,49.46942352739155,0.3356939413332041,0.4462719234814749
repeated:v4:2,repeated,v4,2,ridge_pseudo_a100,0.75,ridge_pseudo_a100__w0.75,756528,153,128320900.1431824,13.023754332464879,8.90904540183738,18.711955011703836,23.89644482026065,53.3363127451814,0.3289705424114663,0.4435168466651634
repeated:v4:2,repeated,v4,2,ridge_pseudo_a100,1.0,ridge_pseudo_a100__w1.00,756528,153,148584142.47006592,14.014374793470923,9.863759660686144,20.353850343339772,25.937554130198055,57.21199153060984,0.3267355451687375,0.4492394425921496
repeated:v4:2,repeated,v4,2,ridge_pseudo_e011_a1,0.25,ridge_pseudo_e011_a1__w0.25,756528,153,109597595.35102326,12.03616158673517,9.032094155820934,17.44274444110568,21.942835590731768,41.167230109655655,0.332484134933638,0.45404437266273323
repeated:v4:2,repeated,v4,2,ridge_pseudo_e011_a1,0.5,ridge_pseudo_e011_a1__w0.50,756528,153,112649109.6856236,12.20257199375304,9.065020304855828,18.12458651123273,23.624333794467496,40.57055064901656,0.3265633187533328,0.4639256334042195
repeated:v4:2,repeated,v4,2,ridge_pseudo_e011_a1,0.75,ridge_pseudo_e011_a1__w0.75,756528,153,117897405.31844768,12.48359355808615,9.35493671596671,18.613957404555883,25.783651685812345,39.98208707240275,0.3310560025099977,0.4724394369523675
repeated:v4:2,repeated,v4,2,ridge_pseudo_e011_a1,1.0,ridge_pseudo_e011_a1__w1.00,756528,153,125342482.24949552,12.871721731155137,9.698633539631796,18.2980212671776,26.596406177265813,39.40220748896782,0.3386884451430967,0.48106879153353976
repeated:v4:2,repeated,v4,2,ridge_pseudo_e011_a10,0.25,ridge_pseudo_e011_a10__w0.25,756528,153,110001903.0003219,12.058341966064058,8.940200258236064,16.81061115399617,22.18012588021309,41.54934138065839,0.3366166237395564,0.4413827131325954
repeated:v4:2,repeated,v4,2,ridge_pseudo_e011_a10,0.5,ridge_pseudo_e011_a10__w0.50,756528,153,113076620.9014172,12.225704872048784,9.050844707273392,16.564713175569892,23.112491315500442,41.339793327825404,0.3333032361387766,0.4402851998717309
repeated:v4:2,repeated,v4,2,ridge_pseudo_e011_a10,0.75,ridge_pseudo_e011_a10__w0.75,756528,153,117967016.01793255,12.487278386622013,9.26186839117194,17.499085676094506,23.04069180774641,41.1433260825913,0.3309971805518503,0.4404826459314928
repeated:v4:2,repeated,v4,2,ridge_pseudo_e011_a10,1.0,ridge_pseudo_e011_a10__w1.00,756528,153,124673088.34986795,12.837304881875369,9.471298707882593,17.88733881724375,23.591798886186474,40.96012787357786,0.32869848590465156,0.4424822102619059
repeated:v4:2,repeated,v4,2,ridge_pseudo_e011_a100,0.25,ridge_pseudo_e011_a100__w0.25,756528,153,110633059.84086658,12.092886001442322,9.034231089839405,17.220925037852368,22.9184291661914,42.88926049306831,0.34022130902150866,0.444194404328054
repeated:v4:2,repeated,v4,2,ridge_pseudo_e011_a100,0.5,ridge_pseudo_e011_a100__w0.50,756528,153,116162058.34412818,12.3913791669088,9.075452648930094,17.60767155239195,23.22593101857348,44.01376074307496,0.33647580658775245,0.4440790594731915
repeated:v4:2,repeated,v4,2,ridge_pseudo_e011_a100,0.75,ridge_pseudo_e011_a100__w0.75,756528,153,125329857.82443143,12.871073498507236,9.370567082755546,18.554481610168025,24.142151684028118,45.144750069028916,0.33012877520473977,0.44149331094643834
repeated:v4:2,repeated,v4,2,ridge_pseudo_e011_a100,1.0,ridge_pseudo_e011_a100__w1.00,756528,153,138136458.28177637,13.512685072978694,10.049977682715584,19.979992084671157,24.846863213742346,46.281752751830716,0.32457539430003585,0.43931813812397746
repeated:v4:2,repeated,v4,2,extra_trees_pseudo,0.25,extra_trees_pseudo__w0.25,756528,153,108648622.38885452,11.983939526523569,8.852597933415773,17.328155840496343,22.428717228811227,44.93049470188819,0.35679693721820094,0.4547777127387839
repeated:v4:2,repeated,v4,2,extra_trees_pseudo,0.5,extra_trees_pseudo__w0.50,756528,153,115055162.70197523,12.33219979764115,8.968363373644515,18.200834846771205,21.371664257968927,48.09928455495881,0.35983859180331984,0.46186589191701144
repeated:v4:2,repeated,v4,2,extra_trees_pseudo,0.75,extra_trees_pseudo__w0.75,756528,153,127962483.25400874,13.005553097888967,9.120013900353989,18.21340049091983,24.4192273014758,51.27627631861979,0.35654813869022084,0.46164114828159736
repeated:v4:2,repeated,v4,2,extra_trees_pseudo,1.0,extra_trees_pseudo__w1.00,756528,153,147370584.04495507,13.957026372927027,10.085741355720684,19.545060391000174,24.997263773125873,54.460034606765085,0.35078884284509504,0.4642693971813018
repeated:v4:2,repeated,v4,2,hist_gradient_pseudo,0.25,hist_gradient_pseudo__w0.25,756528,153,109069412.35846609,12.007123660508292,8.831624695666102,17.58105673571147,22.69240620612466,46.390669975850166,0.3559175550876936,0.4548783145086267
repeated:v4:2,repeated,v4,2,hist_gradient_pseudo,0.5,hist_gradient_pseudo__w0.50,756528,153,118837134.11590482,12.533246510503885,9.149514237152822,17.950706664783226,23.39894236605218,51.019214231471466,0.3516373985396728,0.45727212477492735
repeated:v4:2,repeated,v4,2,hist_gradient_pseudo,0.75,hist_gradient_pseudo__w0.75,756528,153,138046027.58696288,13.508261325732086,9.760836537674518,18.755021631204865,24.212224029224192,55.654999159478606,0.34571242280956505,0.4518249561635587
repeated:v4:2,repeated,v4,2,hist_gradient_pseudo,1.0,hist_gradient_pseudo__w1.00,756528,153,166696092.7716402,14.843974752483653,11.019281294747215,21.56273972896803,25.662854749424408,60.2963547218453,0.3352500361288368,0.44607726747262305
repeated:v4:2,repeated,v4,2,knn25_pseudo,0.25,knn25_pseudo__w0.25,756528,153,110081587.14668383,12.062708639340077,8.81550609786664,17.764509961414316,22.31162412025968,45.07047904603353,0.35535051737138085,0.4572809616326586
repeated:v4:2,repeated,v4,2,knn25_pseudo,0.5,knn25_pseudo__w0.50,756528,153,118788017.37234052,12.53065617592354,9.120871369030322,18.58502809571417,22.211391367022113,48.376893630268846,0.3574449708647574,0.4661169730988957
repeated:v4:2,repeated,v4,2,knn25_pseudo,0.75,knn25_pseudo__w0.75,756528,153,134862152.9916167,13.351576274212459,9.442797260311812,19.90573877211837,23.233490825545545,51.689537810877695,0.3593240255005946,0.47004539911647825
repeated:v4:2,repeated,v4,2,knn25_pseudo,1.0,knn25_pseudo__w1.00,756528,153,158303994.00451237,14.46549944309966,10.039015694080117,20.69818407290305,25.61236019406553,55.00728612467964,0.3610855225302462,0.4722904967669627
repeated:v4:2,repeated,v4,2,ridge_e011_only_a10,0.25,ridge_e011_only_a10__w0.25,756528,153,110917160.86277395,12.108403056125045,8.910457611837762,16.748088932850454,21.916496396449002,41.47364868439361,0.3407102022979875,0.4486918425514776
repeated:v4:2,repeated,v4,2,ridge_e011_only_a10,0.5,ridge_e011_only_a10__w0.50,756528,153,114380214.33968784,12.295974386351707,9.07698696024033,16.819438107866834,22.83336787851345,41.18049780161553,0.3409590367619717,0.45190309874981627
repeated:v4:2,repeated,v4,2,ridge_e011_only_a10,0.75,ridge_e011_only_a10__w0.75,756528,153,119132022.7453883,12.54878719964709,9.26449723430845,16.98728953641564,23.642860267604522,40.89242770309722,0.3393982420481849,0.4580356836131313
repeated:v4:2,repeated,v4,2,ridge_e011_only_a10,1.0,ridge_e011_only_a10__w1.00,756528,153,125172586.07987535,12.862995249404651,9.604433082959197,18.011015964074925,24.42157147229775,40.60954651296931,0.3362821188789491,0.4645282384164944
repeated:v4:2,repeated,v4,2,ridge_e011_only_a100,0.25,ridge_e011_only_a100__w0.25,756528,153,111068813.30478063,12.11667788773405,8.943392368146077,17.464660344083406,22.871362212120655,43.01585505476242,0.34242492620550186,0.446816899407032
repeated:v4:2,repeated,v4,2,ridge_e011_only_a100,0.5,ridge_e011_only_a100__w0.50,756528,153,116784806.49567416,12.424550039727414,9.32864305190366,17.924186980121267,22.758041705709516,44.26505795442475,0.3394195521812045,0.449692610362824
repeated:v4:2,repeated,v4,2,ridge_e011_only_a100,0.75,ridge_e011_only_a100__w0.75,756528,153,125890841.88732725,12.899847189989169,9.453567592641543,19.511897657625646,23.933356037621866,45.51896044863851,0.3349699739080591,0.44933917356343944
repeated:v4:2,repeated,v4,2,ridge_e011_only_a100,1.0,ridge_e011_only_a100__w1.00,756528,153,138386919.4797399,13.524929742562296,9.780543816589262,19.672082538861073,25.867937730312878,46.77718460896012,0.3297952589482271,0.44880764167131
repeated:v4:3,repeated,v4,3,latest_cut_identity,0.25,latest_cut_identity__w0.25,755483,152,107640231.49758068,11.9364439604693,8.9195684915002,17.92942500084532,21.234522636390523,32.42393615276385,0.273653043797205,0.4232019278495125
repeated:v4:3,repeated,v4,3,latest_cut_identity,0.5,latest_cut_identity__w0.50,755483,152,118619533.05887961,12.530423717376376,9.263549972252424,19.419560267304224,22.09848854478447,34.49952958608335,0.28044585513434095,0.4331789843374385
repeated:v4:3,repeated,v4,3,latest_cut_identity,0.75,latest_cut_identity__w0.75,755483,152,135878878.70405534,13.411076167141738,10.01992692568826,20.200657528038562,24.115750142158817,36.58475479180274,0.2807851448679019,0.4371840728801065
repeated:v4:3,repeated,v4,3,latest_cut_identity,1.0,latest_cut_identity__w1.00,755483,152,159418268.43310785,14.526356414913211,11.045722010815616,21.284361209165024,26.52554951443764,38.67805398652298,0.2879298476305332,0.43944199298805475
repeated:v4:3,repeated,v4,3,linear_cut_extrapolation,0.25,linear_cut_extrapolation__w0.25,755483,152,156068602.5949352,14.372933717957654,11.816142928931395,20.51947556037246,24.580965017827697,40.65548254205528,0.22602395112240242,0.36195541271948817
repeated:v4:3,repeated,v4,3,linear_cut_extrapolation,0.5,linear_cut_extrapolation__w0.50,755483,152,320474480.46847326,20.59607089028199,18.50072350566173,29.426174463205587,34.27934180119475,51.28038934939572,0.21347345498378253,0.34074418188254285
repeated:v4:3,repeated,v4,3,linear_cut_extrapolation,0.75,linear_cut_extrapolation__w0.75,755483,152,596158607.6407726,28.091088070495513,26.354198906645173,37.274630344751415,45.90000846542855,62.065745612241706,0.19965224749842567,0.32348037174659394
repeated:v4:3,repeated,v4,3,linear_cut_extrapolation,1.0,linear_cut_extrapolation__w1.00,755483,152,983120984.1118333,36.07373701546939,34.31526864878649,47.41302810175731,56.272310126670185,72.94041129895697,0.18940004480543382,0.3092813128044558
repeated:v4:3,repeated,v4,3,ridge_pseudo_a1,0.25,ridge_pseudo_a1__w0.25,755483,152,105357229.07024506,11.809182163442749,8.719322972413325,17.435958496721245,21.288687560178374,32.720256537218056,0.27830417254618905,0.42614456492570985
repeated:v4:3,repeated,v4,3,ridge_pseudo_a1,0.5,ridge_pseudo_a1__w0.50,755483,152,112787496.33184497,12.218506663595496,8.997540416522444,18.46280599233412,22.03079308587589,35.08661171768372,0.2801328277618027,0.4324626895218672
repeated:v4:3,repeated,v4,3,ridge_pseudo_a1,0.75,ridge_pseudo_a1__w0.75,755483,152,125231775.80495827,12.874931330731187,9.4365014594113,18.84383381997017,22.631708064728105,37.45786922673459,0.284547105668796,0.43852840242929947
repeated:v4:3,repeated,v4,3,ridge_pseudo_a1,1.0,ridge_pseudo_a1__w1.00,755483,152,142690067.48958495,13.743094208275014,10.039259654097517,20.01354971771521,23.27062344801146,39.83315357086745,0.2947163666142033,0.43775998924507337
repeated:v4:3,repeated,v4,3,ridge_pseudo_a10,0.25,ridge_pseudo_a10__w0.25,755483,152,105478151.27997455,11.81595712758403,8.668635889827023,17.412986520767358,21.173768153893544,32.62290140486356,0.27975150671443505,0.42745518251719583
repeated:v4:3,repeated,v4,3,ridge_pseudo_a10,0.5,ridge_pseudo_a10__w0.50,755483,152,112991811.7117242,12.229568613544503,8.779970596982187,18.930816728799755,21.688307978093047,34.891553347604315,0.283229113445495,0.4352536858135855
repeated:v4:3,repeated,v4,3,ridge_pseudo_a10,0.75,ridge_pseudo_a10__w0.75,755483,152,125481955.31540745,12.887785244627983,9.44903368129893,19.122073506551537,22.443603656949687,37.16486192521827,0.28642531432687696,0.44421349161809365
repeated:v4:3,repeated,v4,3,ridge_pseudo_a10,1.0,ridge_pseudo_a10__w1.00,755483,152,142948582.0910243,13.75553790135732,10.225064176114898,20.46686765979665,23.04821116734863,39.44202196651324,0.2977772048390934,0.4458154316674479
repeated:v4:3,repeated,v4,3,ridge_pseudo_a100,0.25,ridge_pseudo_a100__w0.25,755483,152,105831776.94342685,11.835747621362188,8.710320498755205,17.4628120967237,21.24850927749936,32.6328396000749,0.2818061959279788,0.4295254890878151
repeated:v4:3,repeated,v4,3,ridge_pseudo_a100,0.5,ridge_pseudo_a100__w0.50,755483,152,113626572.01896141,12.263871863885301,8.705914498744692,19.168550175512586,21.565744697835033,34.90933935381064,0.2869091215993812,0.44099997801755425
repeated:v4:3,repeated,v4,3,ridge_pseudo_a100,0.75,ridge_pseudo_a100__w0.75,755483,152,126325359.24676222,12.931024152240779,9.359908455963131,19.802421819707863,22.86639813943224,37.188786298757044,0.2915056771634119,0.4526759145070574
repeated:v4:3,repeated,v4,3,ridge_pseudo_a100,1.0,ridge_pseudo_a100__w1.00,755483,152,143928138.62682927,13.802587415143991,10.14869742422086,20.693305549462785,23.997529267802012,39.470669833808735,0.3037973519444229,0.45637201306485486
repeated:v4:3,repeated,v4,3,ridge_pseudo_e011_a1,0.25,ridge_pseudo_e011_a1__w0.25,755483,152,102249927.34184861,11.63373470436836,8.783058663860778,17.50935657983556,20.68697807981445,30.146343616226165,0.26191198467778565,0.4103030039203849
repeated:v4:3,repeated,v4,3,ridge_pseudo_e011_a1,0.5,ridge_pseudo_e011_a1__w0.50,755483,152,102694004.93923639,11.658970339595074,8.66238537179543,17.447623664788473,20.375048066259435,29.933250042770133,0.252642439703269,0.39997809906544846
repeated:v4:3,repeated,v4,3,ridge_pseudo_e011_a1,0.75,ridge_pseudo_e011_a1__w0.75,755483,152,104273206.81232184,11.748272649116663,8.957501800175274,17.48368426534183,20.160948068152194,29.720680328602622,0.24656107408616437,0.3952441113255045
repeated:v4:3,repeated,v4,3,ridge_pseudo_e011_a1,1.0,ridge_pseudo_e011_a1__w1.00,755483,152,106987532.96110499,11.900199399459643,9.040917246131485,17.89110179834272,20.355150601990406,30.16624093624841,0.24388564893955084,0.3910232576154882
repeated:v4:3,repeated,v4,3,ridge_pseudo_e011_a10,0.25,ridge_pseudo_e011_a10__w0.25,755483,152,105402019.15717025,11.811692091315342,8.761947174493379,17.959144979810823,21.383036545524494,30.877199616456977,0.26633179374630017,0.41374446541473753
repeated:v4:3,repeated,v4,3,ridge_pseudo_e011_a10,0.5,ridge_pseudo_e011_a10__w0.50,755483,152,109042323.35408367,12.013932846963035,8.786830010019148,18.091042276089578,21.62016438324719,31.39519171999023,0.2610008591882129,0.409653468197119
repeated:v4:3,repeated,v4,3,ridge_pseudo_e011_a10,0.75,ridge_pseudo_e011_a10__w0.75,755483,152,113861886.6108988,12.276564209422428,9.125316684588638,18.698830309316467,21.799392209498972,31.913890174185443,0.25363957006707116,0.4052503427335389
repeated:v4:3,repeated,v4,3,ridge_pseudo_e011_a10,1.0,ridge_pseudo_e011_a10__w1.00,755483,152,119860708.9276156,12.595809186798782,9.458013310108562,19.611085193247934,21.97932492092474,32.433261089499034,0.24800392749568187,0.40234507761437815
repeated:v4:3,repeated,v4,3,ridge_pseudo_e011_a100,0.25,ridge_pseudo_e011_a100__w0.25,755483,152,108042676.07036623,11.958737090714186,8.886183681274881,18.395206537887876,21.369383228789093,32.32542695372188,0.27464564530549784,0.4219288542326838
repeated:v4:3,repeated,v4,3,ridge_pseudo_e011_a100,0.5,ridge_pseudo_e011_a100__w0.50,755483,152,115289256.18094416,12.353273891093389,8.819536954037494,19.40541499418419,21.21789354590464,34.294976257714254,0.27725527384153253,0.4268533633327965
repeated:v4:3,repeated,v4,3,ridge_pseudo_e011_a100,0.75,ridge_pseudo_e011_a100__w0.75,755483,152,124680714.35189226,12.84657311055455,9.325994261280105,20.303720670345758,22.247138965519984,36.26793447991019,0.282620740630849,0.4371453536197631
repeated:v4:3,repeated,v4,3,ridge_pseudo_e011_a100,1.0,ridge_pseudo_e011_a100__w1.00,755483,152,136217050.58321056,13.427754368254726,9.885927497960513,21.229696143559345,22.683477681430272,38.243774035861456,0.28588650020081396,0.44472413064435923
repeated:v4:3,repeated,v4,3,extra_trees_pseudo,0.25,extra_trees_pseudo__w0.25,755483,152,106026530.54078491,11.846632796953424,8.831136015481079,17.764113644176327,21.160940524968435,32.00764645480071,0.281007615769294,0.42794990981862885
repeated:v4:3,repeated,v4,3,extra_trees_pseudo,0.5,extra_trees_pseudo__w0.50,755483,152,114588992.3661182,12.315700023260936,8.767610474369365,19.265819710687687,21.788651824832996,33.658463198994276,0.28529249933875567,0.437708438076977
repeated:v4:3,repeated,v4,3,extra_trees_pseudo,0.75,extra_trees_pseudo__w0.75,755483,152,128628359.49615835,13.048362614729658,9.80330436251678,20.383227487776498,22.907474268633507,35.31196263500997,0.2938231509236782,0.4475451070945838
repeated:v4:3,repeated,v4,3,extra_trees_pseudo,1.0,extra_trees_pseudo__w1.00,755483,152,148144631.9309054,14.003307045602773,10.295291652497426,20.987115261082078,24.968627809564,36.9677847893322,0.3014480002562079,0.4492239455340714
repeated:v4:3,repeated,v4,3,hist_gradient_pseudo,0.25,hist_gradient_pseudo__w0.25,755483,152,106262323.68609841,11.859798386162558,9.058705914423573,17.5132077977836,21.655715340581626,31.227995956940994,0.2771362001003885,0.4240784971606944
repeated:v4:3,repeated,v4,3,hist_gradient_pseudo,0.5,hist_gradient_pseudo__w0.50,755483,152,118042280.29396184,12.499897365579567,9.763691132159291,18.548233393646836,22.641934129666033,32.115579003620354,0.26998191812491035,0.4285264221805863
repeated:v4:3,repeated,v4,3,hist_gradient_pseudo,0.75,hist_gradient_pseudo__w0.75,755483,152,138280843.84374878,13.52909238578039,10.44990312763656,20.82143750119103,24.396024398132365,33.02112376739934,0.26102590098682615,0.42711310092002946
repeated:v4:3,repeated,v4,3,hist_gradient_pseudo,1.0,hist_gradient_pseudo__w1.00,755483,152,166978014.33545923,14.866793119543223,11.272603587961035,22.957086516594778,27.116231765004244,33.943192717525825,0.2564318012275556,0.416916201272023
repeated:v4:3,repeated,v4,3,knn25_pseudo,0.25,knn25_pseudo__w0.25,755483,152,106398809.61152467,11.86741244946588,8.712705822950237,17.575980372034913,20.98312420521644,32.20646786038009,0.2866696170043191,0.4325015359420624
repeated:v4:3,repeated,v4,3,knn25_pseudo,0.5,knn25_pseudo__w0.50,755483,152,115344152.21067601,12.356214603030365,8.981482352373035,19.338596578849117,21.303002102541683,34.056005691908965,0.29638708868998476,0.44519188196257936
repeated:v4:3,repeated,v4,3,knn25_pseudo,0.75,knn25_pseudo__w0.75,755483,152,129777001.81761254,13.10649361291544,9.807362451481655,19.89382233592129,22.93467432267248,35.90809685914381,0.3080928684367419,0.4568802719250242
repeated:v4:3,repeated,v4,3,knn25_pseudo,1.0,knn25_pseudo__w1.00,755483,152,149697358.43233427,14.076501155240777,10.318169769973162,20.857089949443385,25.035710050371133,37.89010017677509,0.31661887200422323,0.46138668834224095
repeated:v4:3,repeated,v4,3,ridge_e011_only_a10,0.25,ridge_e011_only_a10__w0.25,755483,152,106192112.05426763,11.855879624728418,8.775094329961487,17.89998637977902,21.430952352914584,30.550327598045765,0.2704027387610102,0.41834314445326115
repeated:v4:3,repeated,v4,3,ridge_e011_only_a10,0.5,ridge_e011_only_a10__w0.50,755483,152,110383477.31416248,12.087589074634725,8.871530607005708,18.27651234446218,21.484053458941503,30.7413135882275,0.26965174865468344,0.4187023273470958
repeated:v4:3,repeated,v4,3,ridge_e011_only_a10,0.75,ridge_e011_only_a10__w0.75,755483,152,115515069.79984307,12.365365966995023,9.044099793263808,19.212965778686645,22.10809594676368,30.932896719418384,0.26754378111490207,0.41660990811477255
repeated:v4:3,repeated,v4,3,ridge_e011_only_a10,1.0,ridge_e011_only_a10__w1.00,755483,152,121586889.51130939,12.686184582352588,9.299277717225616,19.932988489003275,23.109571480431406,31.12506596493104,0.26534397618221595,0.41320775379935576
repeated:v4:3,repeated,v4,3,ridge_e011_only_a100,0.25,ridge_e011_only_a100__w0.25,755483,152,108672239.1587836,11.993528175338655,9.014288801778607,18.426033723017373,21.237356999984463,32.00560072194842,0.27628727692140226,0.42343623353370385
repeated:v4:3,repeated,v4,3,ridge_e011_only_a100,0.5,ridge_e011_only_a100__w0.50,755483,152,116397973.82743989,12.41253145703574,8.74388483531562,19.384543667053112,21.512823079391794,33.655206846089854,0.27986893403477325,0.42838863516329195
repeated:v4:3,repeated,v4,3,ridge_e011_only_a100,0.75,ridge_e011_only_a100__w0.75,755483,152,126118178.02612741,12.920415970546877,9.280602617348016,20.081194525156498,22.24170946041962,35.30821400113094,0.28357160591963854,0.4359508543002895
repeated:v4:3,repeated,v4,3,ridge_e011_only_a100,1.0,ridge_e011_only_a100__w1.00,755483,152,137832851.75484613,13.50715932877173,9.740054601104195,21.00214327220234,23.221888878773218,36.96416591595814,0.2864489509941215,0.44393230049583543
repeated:v4:4,repeated,v4,4,latest_cut_identity,0.25,latest_cut_identity__w0.25,759501,158,141166681.39143047,13.63332938826876,9.834434345224324,21.093989234923328,24.97452344951251,43.34133974112491,0.26713417144004614,0.41901713346769887
repeated:v4:4,repeated,v4,4,latest_cut_identity,0.5,latest_cut_identity__w0.50,759501,158,158005938.14406693,14.423562122858053,10.553831296507045,22.793794052638663,26.252236271941513,46.19739589887922,0.30517719579350994,0.4498525406019837
repeated:v4:4,repeated,v4,4,latest_cut_identity,0.75,latest_cut_identity__w0.75,759501,158,182539498.4726062,15.502946613301239,11.506275547767213,22.02643471096016,28.25373963289596,49.05977102764704,0.33122965002434246,0.47640641030307634
repeated:v4:4,repeated,v4,4,latest_cut_identity,1.0,latest_cut_identity__w1.00,759501,158,214767362.3770483,16.81589421820324,12.338424314193624,22.451502136737226,31.757136629841092,51.927420183345646,0.3511761004979626,0.49757871944968796
repeated:v4:4,repeated,v4,4,linear_cut_extrapolation,0.25,linear_cut_extrapolation__w0.25,759501,158,203666159.77583295,16.37552612838856,13.618172547563365,24.661975719950295,29.550190268199707,41.74871330907129,0.21889364913103826,0.36903147303409745
repeated:v4:4,repeated,v4,4,linear_cut_extrapolation,0.5,linear_cut_extrapolation__w0.50,759501,158,389076059.74650216,22.633570977164947,20.237986558717587,32.54584097195867,38.843044458028025,49.25128300124193,0.1974911776973745,0.3346256088313466
repeated:v4:4,repeated,v4,4,linear_cut_extrapolation,0.75,linear_cut_extrapolation__w0.75,759501,158,688251428.1267043,30.102972759789193,27.545835472232,42.94006268015315,47.33462680550548,64.3535157941896,0.18409305440831955,0.3049474578242464
repeated:v4:4,repeated,v4,4,linear_cut_extrapolation,1.0,linear_cut_extrapolation__w1.00,759501,158,1101192264.9164395,38.07741006655096,35.91526688635008,53.243618175684276,56.298161653358505,79.48544363674482,0.17526585891212557,0.2892166267982143
repeated:v4:4,repeated,v4,4,ridge_pseudo_a1,0.25,ridge_pseudo_a1__w0.25,759501,158,143277105.57025874,13.734859612074091,10.442671091696958,20.83258919917874,25.862234354369697,44.02378848261,0.2674203277320901,0.4225955819682651
repeated:v4:4,repeated,v4,4,ridge_pseudo_a1,0.5,ridge_pseudo_a1__w0.50,759501,158,162014464.16014916,14.605375242307714,10.513319789133618,22.81073511542177,26.38062299146631,47.57438992381804,0.30159016532026117,0.4504952293600579
repeated:v4:4,repeated,v4,4,ridge_pseudo_a1,0.75,ridge_pseudo_a1__w0.75,759501,158,188233803.98436806,15.742896290131078,11.171900424532133,23.482759823882564,28.64998014303206,51.14062997484808,0.3286117837692865,0.48081372205014317
repeated:v4:4,repeated,v4,4,ridge_pseudo_a1,1.0,ridge_pseudo_a1__w1.00,759501,158,221935125.0429154,17.094202568795282,11.492817389941605,23.28706870215244,32.91610691758556,55.8015332951492,0.3495608802958849,0.5027218686673665
repeated:v4:4,repeated,v4,4,ridge_pseudo_a10,0.25,ridge_pseudo_a10__w0.25,759501,158,143231063.51075146,13.732652588024033,10.314231026704014,20.852202135206273,25.9195938351019,44.266177668966,0.2676695743843424,0.42259943317907334
repeated:v4:4,repeated,v4,4,ridge_pseudo_a10,0.5,ridge_pseudo_a10__w0.50,759501,158,161559361.7186583,14.58484739503247,10.52314686395951,22.6891008393716,26.30461123331826,48.06182350610359,0.30292267661005595,0.4520135158337097
repeated:v4:4,repeated,v4,4,ridge_pseudo_a10,0.75,ridge_pseudo_a10__w0.75,759501,158,187006622.83841732,15.69149485183602,11.013100871239626,23.006186763883033,28.628454933089586,51.87495871201067,0.33115690778064805,0.4810568943027039
repeated:v4:4,repeated,v4,4,ridge_pseudo_a10,1.0,ridge_pseudo_a10__w1.00,759501,158,219572846.87002853,17.002983813136915,11.452423369006429,23.056810757056045,32.611944188509746,56.180922067800786,0.3538444653911303,0.5032486770752767
repeated:v4:4,repeated,v4,4,ridge_pseudo_a100,0.25,ridge_pseudo_a100__w0.25,759501,158,143330000.43290475,13.737394687268802,10.311784213714287,20.81353706765421,25.89127980315363,44.37585101300563,0.267437399978004,0.42321877964880017
repeated:v4:4,repeated,v4,4,ridge_pseudo_a100,0.5,ridge_pseudo_a100__w0.50,759501,158,161654620.038863,14.58914650625584,10.46268777162097,22.422625617271926,26.715468957635235,48.2832780792433,0.30419429393832914,0.45326813138622457
repeated:v4:4,repeated,v4,4,ridge_pseudo_a100,0.75,ridge_pseudo_a100__w0.75,759501,158,186995587.03257155,15.691031844582982,10.949933183221914,22.57442322541324,29.07880492156796,52.209716799517686,0.3330450817257122,0.48221692211051836
repeated:v4:4,repeated,v4,4,ridge_pseudo_a100,1.0,ridge_pseudo_a100__w1.00,759501,158,219352901.4140304,16.994465760769348,11.539729620980529,23.39070185895058,33.1782962223626,56.15117907714297,0.3567403662197977,0.5054691069594573
repeated:v4:4,repeated,v4,4,ridge_pseudo_e011_a1,0.25,ridge_pseudo_e011_a1__w0.25,759501,158,130481228.66792236,13.107197509613494,10.43213740410615,19.992593472367926,23.54301593824638,39.72450448517906,0.2297873819231708,0.3785314336820949
repeated:v4:4,repeated,v4,4,ridge_pseudo_e011_a1,0.5,ridge_pseudo_e011_a1__w0.50,759501,158,130295095.39538462,13.097845374162334,10.595708510678469,19.720327035614034,22.722181519884007,38.961170255527975,0.22178204471186697,0.36691780924159423
repeated:v4:4,repeated,v4,4,ridge_pseudo_e011_a1,0.75,ridge_pseudo_e011_a1__w0.75,759501,158,131463328.39708361,13.1564323452246,10.80880583752909,18.969753061669604,22.617669920680893,38.20324272493538,0.2153767929950703,0.35669780052105937
repeated:v4:4,repeated,v4,4,ridge_pseudo_e011_a1,1.0,ridge_pseudo_e011_a1__w1.00,759501,158,133985927.67301932,13.282059417990775,11.189251117383044,19.547181345224217,22.57128660623155,37.45105015421171,0.20947406544927002,0.3470810069876286
repeated:v4:4,repeated,v4,4,ridge_pseudo_e011_a10,0.25,ridge_pseudo_e011_a10__w0.25,759501,158,134225248.40795034,13.293916088821355,10.321072850475904,20.75426742875749,23.92608015226518,41.83313903169177,0.24201672896241852,0.3970714658228578
repeated:v4:4,repeated,v4,4,ridge_pseudo_e011_a10,0.5,ridge_pseudo_e011_a10__w0.50,759501,158,138071875.5453151,13.483059068080774,10.195634862448605,20.617915147284844,24.346271123755486,43.18729936988362,0.24960306985902392,0.40118866047947543
repeated:v4:4,repeated,v4,4,ridge_pseudo_e011_a10,0.75,ridge_pseudo_e011_a10__w0.75,759501,158,143561609.6267911,13.74848944271062,10.075390592388983,20.81695854337796,24.44919882934564,44.554147711475046,0.257274625564346,0.4085496323278052
repeated:v4:4,repeated,v4,4,ridge_pseudo_e011_a10,1.0,ridge_pseudo_e011_a10__w1.00,759501,158,150694450.65237832,14.085895262479196,10.07991940465516,21.308177324223376,26.080153914739938,45.93255137199343,0.2648942961671147,0.42155505527154447
repeated:v4:4,repeated,v4,4,ridge_pseudo_e011_a100,0.25,ridge_pseudo_e011_a100__w0.25,759501,158,138713728.75802648,13.51436200522333,10.375264755826516,21.231150096904333,24.84505078562959,43.63015949617561,0.25753832546585187,0.41166173363502645
repeated:v4:4,repeated,v4,4,ridge_pseudo_e011_a100,0.5,ridge_pseudo_e011_a100__w0.50,759501,158,149499468.8628213,14.029934705444763,10.192166783353777,21.202861865879715,26.361096196896078,46.79642073084671,0.2857163257608714,0.4300731023616086
repeated:v4:4,repeated,v4,4,ridge_pseudo_e011_a100,0.75,ridge_pseudo_e011_a100__w0.75,759501,158,164378948.5290813,14.71156666295565,10.157279923201163,22.156409955487252,27.664640766026007,49.98620497806109,0.3077850589653874,0.4539277862893336
repeated:v4:4,repeated,v4,4,ridge_pseudo_e011_a100,1.0,ridge_pseudo_e011_a100__w1.00,759501,158,183352167.75680652,15.537417994211841,10.512032297332269,23.549320144295766,28.927114869131202,53.19528082765125,0.32375367254569354,0.48232978503434676
repeated:v4:4,repeated,v4,4,extra_trees_pseudo,0.25,extra_trees_pseudo__w0.25,759501,158,143571998.79845566,13.748986904508586,10.206429449016433,20.496817320044347,25.60325503196401,44.928332557831716,0.2691958088335271,0.4268114195650184
repeated:v4:4,repeated,v4,4,extra_trees_pseudo,0.5,extra_trees_pseudo__w0.50,759501,158,162985626.49842146,14.649084295888006,10.366029837392933,20.933023603750936,28.50833172064566,49.406196836395424,0.3038935387175725,0.4581104127883027
repeated:v4:4,repeated,v4,4,extra_trees_pseudo,0.75,extra_trees_pseudo__w0.75,759501,158,190262611.31459424,15.827508357577374,10.771241010716802,22.80090125005073,31.671509474527454,53.91595143987754,0.3290920708417681,0.48748588171729346
repeated:v4:4,repeated,v4,4,extra_trees_pseudo,1.0,extra_trees_pseudo__w1.00,759501,158,225402953.24697402,17.22723689985703,11.847731383145975,23.55815876039544,35.438376216634914,58.45021529403353,0.34388303771353135,0.5083236499238079
repeated:v4:4,repeated,v4,4,hist_gradient_pseudo,0.25,hist_gradient_pseudo__w0.25,759501,158,143571796.17136312,13.748977202344348,10.120571838991934,20.842884990659943,25.523905251870588,44.67831695518934,0.26776532470766135,0.42250433642952157
repeated:v4:4,repeated,v4,4,hist_gradient_pseudo,0.5,hist_gradient_pseudo__w0.50,759501,158,165655452.47534683,14.768578389798202,10.660130028551611,21.74133990513558,27.77954909056147,48.932998811534006,0.2949033020314012,0.44943922102788686
repeated:v4:4,repeated,v4,4,hist_gradient_pseudo,0.75,hist_gradient_pseudo__w0.75,759501,158,198272697.12664804,16.157243948805725,11.578343971408572,23.3855306944722,30.765382249155465,53.24037247862131,0.312694724542697,0.47025856637914226
repeated:v4:4,repeated,v4,4,hist_gradient_pseudo,1.0,hist_gradient_pseudo__w1.00,759501,158,241423530.12526667,17.828944085598533,12.357683780004816,25.83567281478216,34.965820810266344,57.5886158269723,0.32756549939919255,0.4826677390722076
repeated:v4:4,repeated,v4,4,knn25_pseudo,0.25,knn25_pseudo__w0.25,759501,158,143125853.8640705,13.727608036556477,10.278814324165072,20.416830908753337,25.765370448821376,43.972943880224385,0.26420782799629167,0.4220330648269447
repeated:v4:4,repeated,v4,4,knn25_pseudo,0.5,knn25_pseudo__w0.50,759501,158,162689153.6939301,14.635754801706788,10.831727217246957,21.35859786136384,28.158255310324588,47.470132841266334,0.29318843985472043,0.44822536909423855
repeated:v4:4,repeated,v4,4,knn25_pseudo,0.75,knn25_pseudo__w0.75,759501,158,190711627.70427555,15.846173671179729,10.704958451244524,23.102140854963,31.666965790563218,50.98097014436836,0.31289625643601066,0.4761259487085682
repeated:v4:4,repeated,v4,4,knn25_pseudo,1.0,knn25_pseudo__w1.00,759501,158,227193275.89510694,17.295517529401916,11.566908138620963,24.18672566712157,35.87566103522159,54.50281835074106,0.3345857431637472,0.49420516128832753
repeated:v4:4,repeated,v4,4,ridge_e011_only_a10,0.25,ridge_e011_only_a10__w0.25,759501,158,134439803.16877407,13.304536795856658,10.366820013946864,20.862847741713058,23.676281254362628,41.266867028476945,0.23991638512047603,0.3938761388567634
repeated:v4:4,repeated,v4,4,ridge_e011_only_a10,0.5,ridge_e011_only_a10__w0.50,759501,158,138017380.8122388,13.480398032966203,10.32784022817529,20.94893475509196,24.003360906941477,42.04514108159407,0.2450514073869782,0.39600102576965174
repeated:v4:4,repeated,v4,4,ridge_e011_only_a10,0.75,ridge_e011_only_a10__w0.75,759501,158,142754461.14509103,13.709785801055224,10.437670486165757,20.94545587298048,24.240547636435185,42.82752484225656,0.2526416816318309,0.3980384868044129
repeated:v4:4,repeated,v4,4,ridge_e011_only_a10,1.0,ridge_e011_only_a10__w1.00,759501,158,148651044.16733068,13.990067408813756,10.278546013749462,20.783919442458274,25.431603499126695,43.613797140066325,0.25845198854884627,0.40042260824630144
repeated:v4:4,repeated,v4,4,ridge_e011_only_a100,0.25,ridge_e011_only_a100__w0.25,759501,158,138369478.25400656,13.497582065634756,10.388997666237842,21.29156744059207,24.449596055159926,42.966087874620264,0.2539094633584024,0.40856446883888864
repeated:v4:4,repeated,v4,4,ridge_e011_only_a100,0.5,ridge_e011_only_a100__w0.50,759501,158,148542091.71134418,13.984939521514647,10.513902009571645,20.993930960900858,26.13259681732262,45.454623307564496,0.27842226946655163,0.42458468656123255
repeated:v4:4,repeated,v4,4,ridge_e011_only_a100,0.75,ridge_e011_only_a100__w0.75,759501,158,162539568.58670965,14.62902480658781,10.157262929137216,21.940140243056973,27.712676101547682,47.95615059392939,0.2971257470825555,0.44447461105154745
repeated:v4:4,repeated,v4,4,ridge_e011_only_a100,1.0,ridge_e011_only_a100__w1.00,759501,158,180361908.88010302,15.410198627291038,10.627347165603975,22.87513875295899,29.320879987859197,50.46873791283803,0.3115133346996723,0.4682066026143616
repeated:v5:0,repeated,v5,0,latest_cut_identity,0.25,latest_cut_identity__w0.25,757854,153,132697660.5186817,13.232407279271929,8.556590544618059,18.125055706758193,25.369056844466513,48.78374006413519,0.3783986906034167,0.5408431060016222
repeated:v5:0,repeated,v5,0,latest_cut_identity,0.5,latest_cut_identity__w0.50,757854,153,152208013.70692065,14.171831683986161,9.14417815429957,20.361606713195215,28.21082520123583,52.83912087803492,0.4047508430291363,0.5697234372973734
repeated:v5:0,repeated,v5,0,latest_cut_identity,0.75,latest_cut_identity__w0.75,757854,153,180439191.91537222,15.430239362796609,9.53084709693782,20.200038268354938,30.089371259112045,58.551101066817985,0.4242115199682106,0.5816193570588128
repeated:v5:0,repeated,v5,0,latest_cut_identity,1.0,latest_cut_identity__w1.00,757854,153,217391195.1440364,16.936676856645175,10.609753066431304,21.81959115838503,33.29069326952353,66.98220118878523,0.43927075849847014,0.5879499864046313
repeated:v5:0,repeated,v5,0,linear_cut_extrapolation,0.25,linear_cut_extrapolation__w0.25,757854,153,205664725.2906909,16.47354745517505,12.567056364562458,22.122719397116832,25.96080047850074,57.746121295943304,0.32839431741407377,0.4588723658896655
repeated:v5:0,repeated,v5,0,linear_cut_extrapolation,0.5,linear_cut_extrapolation__w0.50,757854,153,416277979.7233884,23.436834081625435,19.975889142313086,30.33466873481153,35.6789929284858,70.81023478259274,0.28130416371247363,0.3962265224593811
repeated:v5:0,repeated,v5,0,linear_cut_extrapolation,0.75,linear_cut_extrapolation__w0.75,757854,153,753747895.6487478,31.536993074868235,28.37063244981103,39.803061593063305,46.71452826382805,83.91093692683833,0.24480039368579898,0.36157352305170604
repeated:v5:0,repeated,v5,0,linear_cut_extrapolation,1.0,linear_cut_extrapolation__w1.00,757854,153,1218074473.0667691,40.09074690077309,37.12399734560367,49.15708379412273,60.230596369678224,97.1198533758265,0.22302242182812382,0.34080757822051
repeated:v5:0,repeated,v5,0,ridge_pseudo_a1,0.25,ridge_pseudo_a1__w0.25,757854,153,133049325.12362072,13.249929405671052,8.54661931627951,18.48928599849304,25.75846578027702,49.04563277892019,0.3776127928527616,0.5427060187170124
repeated:v5:0,repeated,v5,0,ridge_pseudo_a1,0.5,ridge_pseudo_a1__w0.50,757854,153,151872003.27274662,14.156180358677272,8.962095472461794,20.0828247908908,30.566975481178144,53.35851942227039,0.41154246131110317,0.5727966841720231
repeated:v5:0,repeated,v5,0,ridge_pseudo_a1,0.75,ridge_pseudo_a1__w0.75,757854,153,178376166.79803306,15.341776085104454,9.448883138388481,21.020934801225117,31.008492834187717,58.209640099071756,0.43253371734961643,0.5872474995554144
repeated:v5:0,repeated,v5,0,ridge_pseudo_a1,1.0,ridge_pseudo_a1__w1.00,757854,153,212561815.69948003,16.74749481413608,10.138654356404718,22.307142713964407,31.875366683099337,66.52198010662474,0.44821675567110525,0.6030239380089056
repeated:v5:0,repeated,v5,0,ridge_pseudo_a10,0.25,ridge_pseudo_a10__w0.25,757854,153,133058597.07406446,13.250391078619982,8.39965752846339,18.445829213052853,25.985666454106752,48.93230301740607,0.37948371149996524,0.544413168102686
repeated:v5:0,repeated,v5,0,ridge_pseudo_a10,0.5,ridge_pseudo_a10__w0.50,757854,153,151810415.0149862,14.153309708148571,9.044020067387343,20.084581273679472,30.444637206683353,53.1316699664041,0.41576575065491933,0.5770790110929072
repeated:v5:0,repeated,v5,0,ridge_pseudo_a10,0.75,ridge_pseudo_a10__w0.75,757854,153,178163586.17342058,15.332631543354967,9.499170089716932,20.839017557013147,30.822937062207252,58.41605589309125,0.4406311607300649,0.5949976178210541
repeated:v5:0,repeated,v5,0,ridge_pseudo_a10,1.0,ridge_pseudo_a10__w1.00,757854,153,212118110.54936764,16.73000618006178,10.219178938572375,21.97971209173094,32.168563948794144,66.79689296139799,0.46005923350251765,0.6114399653464472
repeated:v5:0,repeated,v5,0,ridge_pseudo_a100,0.25,ridge_pseudo_a100__w0.25,757854,153,132948368.2752161,13.24490147725727,8.470916415281636,18.445984161556332,26.18177295876942,48.68766776247339,0.3810200476840675,0.5458933085733957
repeated:v5:0,repeated,v5,0,ridge_pseudo_a100,0.5,ridge_pseudo_a100__w0.50,757854,153,151585847.96398178,14.142837622617924,8.99430107310761,19.974296052565467,30.28039449807687,52.642991998399275,0.41909581936787754,0.580661415660278
repeated:v5:0,repeated,v5,0,ridge_pseudo_a100,0.75,ridge_pseudo_a100__w0.75,757854,153,177820571.4169524,15.317864629299265,9.330683150992511,20.54652669795085,30.655008460817868,59.0701249527374,0.44584182634969544,0.6005227452570036
repeated:v5:0,repeated,v5,0,ridge_pseudo_a100,1.0,ridge_pseudo_a100__w1.00,757854,153,211652538.63412797,16.71163599075965,10.223061664519337,21.983473077559932,32.40373089668996,67.6695373922634,0.4679798556976656,0.6152334082301035
repeated:v5:0,repeated,v5,0,ridge_pseudo_e011_a1,0.25,ridge_pseudo_e011_a1__w0.25,757854,153,117925318.51262249,12.4741440628341,8.53053845454234,17.517358265304537,24.583642699581343,44.17259032689252,0.3392449979516682,0.4850981998882911
repeated:v5:0,repeated,v5,0,ridge_pseudo_e011_a1,0.5,ridge_pseudo_e011_a1__w0.50,757854,153,115807133.52795339,12.3616055777542,8.827800217544668,17.301298368493818,24.0286054337728,43.594966366421744,0.3358600570701638,0.4715790837058302
repeated:v5:0,repeated,v5,0,ridge_pseudo_e011_a1,0.75,ridge_pseudo_e011_a1__w0.75,757854,153,115553577.39664811,12.34806548605714,9.007710150171915,17.652380985047188,22.53721228556924,43.01779781817526,0.3335211409276314,0.46260516858506256
repeated:v5:0,repeated,v5,0,ridge_pseudo_e011_a1,1.0,ridge_pseudo_e011_a1__w1.00,757854,153,117164650.11870664,12.43384721091242,9.106788558278362,17.579677832122595,22.066338201228245,42.44110326199547,0.32696566721293174,0.45725386003293006
repeated:v5:0,repeated,v5,0,ridge_pseudo_e011_a10,0.25,ridge_pseudo_e011_a10__w0.25,757854,153,123458523.32599016,12.763440715107263,8.526533352900081,18.300586221466098,24.148535765595422,45.277498137011676,0.3452532666020811,0.4999296049964028
repeated:v5:0,repeated,v5,0,ridge_pseudo_e011_a10,0.5,ridge_pseudo_e011_a10__w0.50,757854,153,126390020.65335885,12.914084352517259,8.82059937797288,18.61746078633914,24.28554297652137,45.8051572436757,0.34185726304379827,0.5010927530463679
repeated:v5:0,repeated,v5,0,ridge_pseudo_e011_a10,0.75,ridge_pseudo_e011_a10__w0.75,757854,153,130702624.33276147,13.132559594256628,9.128918166817716,19.154368879229878,24.631670673009335,46.33360160759998,0.3356121332380316,0.5018670410471808
repeated:v5:0,repeated,v5,0,ridge_pseudo_e011_a10,1.0,ridge_pseudo_e011_a10__w1.00,757854,153,136396334.364198,13.4155528915647,9.583953235469112,19.722597773778638,26.152096149609623,46.86280466413531,0.329525871067405,0.49939382505323837
repeated:v5:0,repeated,v5,0,ridge_pseudo_e011_a100,0.25,ridge_pseudo_e011_a100__w0.25,757854,153,129391719.00831543,13.066535951604916,8.674394635027557,17.84755266602199,24.443730531615778,46.43927414990695,0.35625516001706975,0.5238304520002158
repeated:v5:0,repeated,v5,0,ridge_pseudo_e011_a100,0.5,ridge_pseudo_e011_a100__w0.50,757854,153,140528735.82709908,13.617262082557122,8.73278409467156,19.1944078713398,29.224641196533785,48.131195611107124,0.3739577514323677,0.5445377469432301
repeated:v5:0,repeated,v5,0,ridge_pseudo_e011_a100,0.75,ridge_pseudo_e011_a100__w0.75,757854,153,155319182.80700633,14.315936878893895,9.198884853872327,20.703421768545798,30.346872612792115,49.82608034325834,0.3858528105327758,0.5572142324429564
repeated:v5:0,repeated,v5,0,ridge_pseudo_e011_a100,1.0,ridge_pseudo_e011_a100__w1.00,757854,153,173763059.94803718,15.142094573105231,9.48361970317593,21.271058057045398,31.04246967002649,52.361773810638546,0.39838724445607304,0.565896860493399
repeated:v5:0,repeated,v5,0,extra_trees_pseudo,0.25,extra_trees_pseudo__w0.25,757854,153,131971990.58370957,13.196176331534465,8.451142094699781,18.410083735534847,25.965710223696323,48.73602086842139,0.3829344770851261,0.5467628733116535
repeated:v5:0,repeated,v5,0,extra_trees_pseudo,0.5,extra_trees_pseudo__w0.50,757854,153,149971936.38367864,14.067347827017556,8.724613124541063,20.0063520038205,29.383527410412707,52.74234538960023,0.4219489913463418,0.5823928313517949
repeated:v5:0,repeated,v5,0,extra_trees_pseudo,0.75,extra_trees_pseudo__w0.75,757854,153,175907969.75056264,15.235264011795705,8.87850930637793,21.47044478867039,30.74068988242793,61.51682706269402,0.4487761790477321,0.602605217646174
repeated:v5:0,repeated,v5,0,extra_trees_pseudo,1.0,extra_trees_pseudo__w1.00,757854,153,209780090.68436152,16.63754950830848,9.577566912809905,22.399886754942415,33.60713789338889,70.93637765959875,0.4688779693011201,0.6223035665839526
repeated:v5:0,repeated,v5,0,hist_gradient_pseudo,0.25,hist_gradient_pseudo__w0.25,757854,153,133457123.87792023,13.270219515093833,8.464295765640184,19.043885786158313,26.653381670789567,49.5361238611267,0.38366943637351264,0.5486220335788655
repeated:v5:0,repeated,v5,0,hist_gradient_pseudo,0.5,hist_gradient_pseudo__w0.50,757854,153,154621390.04244894,14.283742522311359,8.794201856520504,19.735771697232373,29.764712612994874,55.476200194610904,0.4225060555074603,0.5808102939021164
repeated:v5:0,repeated,v5,0,hist_gradient_pseudo,0.75,hist_gradient_pseudo__w0.75,757854,153,185400930.8442416,15.640951939182195,9.151942765973946,21.23354262991671,30.902779600085967,66.56568907300532,0.4528030942892924,0.5949366476927188
repeated:v5:0,repeated,v5,0,hist_gradient_pseudo,1.0,hist_gradient_pseudo__w1.00,757854,153,225795746.28329808,17.260966292161687,10.53301611524304,23.635033338457376,32.15324511016227,77.67405509166544,0.468224472218613,0.6041613748442848
repeated:v5:0,repeated,v5,0,knn25_pseudo,0.25,knn25_pseudo__w0.25,757854,153,132541537.9274702,13.224620835625927,8.760832674497331,18.147266221188392,25.941376595001675,48.80584373643404,0.3800552256522491,0.5418584483049552
repeated:v5:0,repeated,v5,0,knn25_pseudo,0.5,knn25_pseudo__w0.50,757854,153,151597961.79175857,14.143402716519763,9.011963605375795,19.299479976834935,28.460365655844875,53.08607988384912,0.41636333631715294,0.5723828483744243
repeated:v5:0,repeated,v5,0,knn25_pseudo,0.75,knn25_pseudo__w0.75,757854,153,179077403.9435205,15.37190250541043,9.333947471592792,20.59394522367886,31.235456575703193,62.98732390581098,0.44584900466281974,0.5896178938777955
repeated:v5:0,repeated,v5,0,knn25_pseudo,1.0,knn25_pseudo__w1.00,757854,153,214979864.38275594,16.84248303987942,9.99924855956777,22.23002805858463,34.90087362237423,72.91075379107959,0.4667231136911173,0.6064023622376541
repeated:v5:0,repeated,v5,0,ridge_e011_only_a10,0.25,ridge_e011_only_a10__w0.25,757854,153,123922963.66509278,12.787425661688381,8.612694204936394,18.0515233389183,23.787135495895622,45.63877634468535,0.3499367586872756,0.5050399860792655
repeated:v5:0,repeated,v5,0,ridge_e011_only_a10,0.5,ridge_e011_only_a10__w0.50,757854,153,126932722.30366531,12.941780319259173,8.712883606696582,18.261153564159187,24.213666756293193,46.528808559801746,0.351094037113066,0.5109573232458362
repeated:v5:0,repeated,v5,0,ridge_e011_only_a10,0.75,ridge_e011_only_a10__w0.75,757854,153,130937408.26637298,13.144349451583922,8.967205144330356,18.656183698255596,25.127445781811666,47.42064128080637,0.350049415990023,0.5153671775930491
repeated:v5:0,repeated,v5,0,ridge_e011_only_a10,1.0,ridge_e011_only_a10__w1.00,757854,153,135937021.55321577,13.392945496543243,9.103098820601396,19.069110592978323,25.750256445313536,48.31417480103458,0.34867096774452694,0.5190545283947313
repeated:v5:0,repeated,v5,0,ridge_e011_only_a100,0.25,ridge_e011_only_a100__w0.25,757854,153,129394294.87864155,13.066666012226152,8.657896282729762,17.99308698929672,24.542585488493234,46.655009499485935,0.36050698522093194,0.5255727309696826
repeated:v5:0,repeated,v5,0,ridge_e011_only_a100,0.5,ridge_e011_only_a100__w0.50,757854,153,140390545.0977289,13.610565081357725,8.841080300807876,18.15863728678216,29.076288507809217,48.563026061816416,0.3796215231616883,0.5483561941445648
repeated:v5:0,repeated,v5,0,ridge_e011_only_a100,0.75,ridge_e011_only_a100__w0.75,757854,153,154896883.00791746,14.296461717694564,9.212305105186681,19.086055316774026,31.046959826170536,50.75324077349712,0.3944734957160124,0.5634696316812648
repeated:v5:0,repeated,v5,0,ridge_e011_only_a100,1.0,ridge_e011_only_a100__w1.00,757854,153,172913308.60920727,15.105024598125029,9.67535834316403,21.124139140286708,31.97613161760195,56.56666341917194,0.41090303105386405,0.5733819681943146
repeated:v5:1,repeated,v5,1,latest_cut_identity,0.25,latest_cut_identity__w0.25,753449,157,98274276.90205187,11.420707218351993,8.736665815052788,16.6966631991857,18.540542608181898,43.34133974112491,0.2674781101370092,0.3911188706615743
repeated:v5:1,repeated,v5,1,latest_cut_identity,0.5,latest_cut_identity__w0.50,753449,157,107915967.17380355,11.967844102377732,8.99552173666097,18.172152632782478,20.827719916361527,46.19739589887922,0.2805024632365106,0.40543180642350585
repeated:v5:1,repeated,v5,1,latest_cut_identity,0.75,latest_cut_identity__w0.75,753449,157,123989385.14585496,12.828188200734404,9.321736933525944,19.441561021843093,24.680158736507813,49.05977102764704,0.28507227276555097,0.4165412790347487
repeated:v5:1,repeated,v5,1,latest_cut_identity,1.0,latest_cut_identity__w1.00,753449,157,146494530.8182061,13.943884449150069,10.354413796816957,20.777519058050064,26.172917242890257,51.927420183345646,0.28871904489125955,0.4295694347321614
repeated:v5:1,repeated,v5,1,linear_cut_extrapolation,0.25,linear_cut_extrapolation__w0.25,753449,157,147819996.85461915,14.006823751808103,11.481122400033552,22.087335222030134,24.680139125496236,41.74871330907129,0.2304823174947729,0.35582371728916024
repeated:v5:1,repeated,v5,1,linear_cut_extrapolation,0.5,linear_cut_extrapolation__w0.50,753449,157,315785347.6106504,20.472414077930125,17.864696414746277,29.690696931120595,35.01952592130239,43.04864093450551,0.18490953908379848,0.309998175841646
repeated:v5:1,repeated,v5,1,linear_cut_extrapolation,0.75,linear_cut_extrapolation__w0.75,753449,157,598960366.5986937,28.19500088545856,26.325960105323688,39.89908683344844,44.54548959674344,55.969654430529296,0.1645210537774409,0.2784940513695048
repeated:v5:1,repeated,v5,1,linear_cut_extrapolation,1.0,linear_cut_extrapolation__w1.00,753449,157,997345053.8187492,36.38277232252303,34.40390848080339,50.410753802157146,53.804891168388444,70.40187364990575,0.15939748179459665,0.2648532718242841
repeated:v5:1,repeated,v5,1,ridge_pseudo_a1,0.25,ridge_pseudo_a1__w0.25,753449,157,98607757.11677025,11.44006810562054,8.59532779411374,16.605481476534994,18.840025543298513,43.86241656334574,0.26180224125208384,0.388463223331638
repeated:v5:1,repeated,v5,1,ridge_pseudo_a1,0.5,ridge_pseudo_a1__w0.50,753449,157,109398352.85165443,12.049761780768703,8.798261988452797,17.878816906180155,22.068655758497385,47.25003086492621,0.27849100366414226,0.41357060899992126
repeated:v5:1,repeated,v5,1,ridge_pseudo_a1,0.75,ridge_pseudo_a1__w0.75,753449,157,127436101.53525242,13.005268062407419,9.303823433270308,20.226609174430102,24.87512440297607,50.65214360043104,0.28625154039016204,0.43394140191104397
repeated:v5:1,repeated,v5,1,ridge_pseudo_a1,1.0,ridge_pseudo_a1__w1.00,753449,157,152721003.16756427,14.237130099378776,9.734830163719637,22.93164383696088,25.896127004965173,54.066017890381836,0.2995003127622429,0.45492084991210435
repeated:v5:1,repeated,v5,1,ridge_pseudo_a10,0.25,ridge_pseudo_a10__w0.25,753449,157,98366952.58870755,11.426090989687415,8.544816249483242,16.75863097848834,18.17773960877936,44.06343218449605,0.2654663332897452,0.3905406410087345
repeated:v5:1,repeated,v5,1,ridge_pseudo_a10,0.5,ridge_pseudo_a10__w0.50,753449,157,108243069.8849927,11.985968168642511,8.693400036310269,17.8541291461587,21.563732175467646,47.65330961725865,0.2814922000607133,0.4078484800503759
repeated:v5:1,repeated,v5,1,ridge_pseudo_a10,0.75,ridge_pseudo_a10__w0.75,753449,157,124692666.21945536,12.864518185468425,9.110048608141437,19.422994969980895,23.78266526903148,51.258499258567326,0.29255815165520294,0.4317241128500713
repeated:v5:1,repeated,v5,1,ridge_pseudo_a10,1.0,ridge_pseudo_a10__w1.00,753449,157,147715741.59209552,14.001883477526327,9.724650918734433,21.88773067522782,25.446109497524088,54.87598329109356,0.31120508828935234,0.45178295372612065
repeated:v5:1,repeated,v5,1,ridge_pseudo_a100,0.25,ridge_pseudo_a100__w0.25,753449,157,98364228.19364801,11.425932758693333,8.545340142982324,16.563661489780674,18.467355268926212,44.22803720132697,0.2698215595301607,0.39283715357860893
repeated:v5:1,repeated,v5,1,ridge_pseudo_a100,0.5,ridge_pseudo_a100__w0.50,753449,157,107892983.46382937,11.966569591699,8.825624644800564,17.585135535390602,20.834894580345313,47.98614294780181,0.28833242168192114,0.4099918102552264
repeated:v5:1,repeated,v5,1,ridge_pseudo_a100,0.75,ridge_pseudo_a100__w0.75,753449,157,123650580.141144,12.810649491705806,9.18964189922017,18.963114657851687,22.96181781048097,51.762245724208775,0.30158283303352196,0.4395352572494204
repeated:v5:1,repeated,v5,1,ridge_pseudo_a100,1.0,ridge_pseudo_a100__w1.00,753449,157,145637018.2255919,13.903013961917845,9.56596318389724,21.01977217592016,25.478362586261486,55.55267569524858,0.32331741335525765,0.46481197650724093
repeated:v5:1,repeated,v5,1,ridge_pseudo_e011_a1,0.25,ridge_pseudo_e011_a1__w0.25,753449,157,94365364.62021473,11.191270183616616,8.587547008932457,15.743068377140292,17.83386084691687,39.27856228522473,0.24868803837929182,0.3755595035499857
repeated:v5:1,repeated,v5,1,ridge_pseudo_e011_a1,0.5,ridge_pseudo_e011_a1__w0.50,753449,157,95167932.13069426,11.238759712521226,8.716845975315954,16.2899495451379,18.055423757688935,38.06945656229268,0.24820056706188762,0.3790751873761443
repeated:v5:1,repeated,v5,1,ridge_pseudo_e011_a1,0.75,ridge_pseudo_e011_a1__w0.75,753449,157,97472016.86203851,11.373995335774179,8.82465500498501,16.24691126066018,18.91981796453791,36.866141169109085,0.24655108752906701,0.38367862032574257
repeated:v5:1,repeated,v5,1,ridge_pseudo_e011_a1,1.0,ridge_pseudo_e011_a1__w1.00,753449,157,101277618.81424747,11.59390695106589,8.999985422896739,17.232938510966147,19.43210649496899,35.66920212804668,0.24808157104439546,0.3911483855648494
repeated:v5:1,repeated,v5,1,ridge_pseudo_e011_a10,0.25,ridge_pseudo_e011_a10__w0.25,753449,157,97232003.58252382,11.359983147447034,8.554097979897634,16.142033251393954,18.24126986693118,41.33004439615923,0.2523439535546028,0.37261280117863077
repeated:v5:1,repeated,v5,1,ridge_pseudo_e011_a10,0.5,ridge_pseudo_e011_a10__w0.50,753449,157,100821677.96140192,11.567780257344586,8.817194324996835,16.656138511172724,18.640487396313187,42.17152319008379,0.2511453889492249,0.3738312790458757
repeated:v5:1,repeated,v5,1,ridge_pseudo_e011_a10,0.75,ridge_pseudo_e011_a10__w0.75,753449,157,105833337.46723424,11.851800038591296,9.180555349853009,16.869479978805877,19.413283921341524,43.01711934321606,0.24935849041898583,0.3788962945659506
repeated:v5:1,repeated,v5,1,ridge_pseudo_e011_a10,1.0,ridge_pseudo_e011_a10__w1.00,753449,157,112266982.10002075,12.206723119982081,9.261631477707125,17.35086612872352,20.90632526041915,43.866594750888154,0.25244529411544125,0.38294922678121723
repeated:v5:1,repeated,v5,1,ridge_pseudo_e011_a100,0.25,ridge_pseudo_e011_a100__w0.25,753449,157,100062725.54355757,11.524158788466725,8.671024624914395,16.553850612082652,18.153886995956153,43.43990640149419,0.2602014658819901,0.3820021308581342
repeated:v5:1,repeated,v5,1,ridge_pseudo_e011_a100,0.5,ridge_pseudo_e011_a100__w0.50,753449,157,108321924.85096739,11.990333256587718,9.062403156099444,17.285132547484338,19.34161788870537,46.40525111078958,0.2644122742554161,0.39127520279845734
repeated:v5:1,repeated,v5,1,ridge_pseudo_e011_a100,0.75,ridge_pseudo_e011_a100__w0.75,753449,157,119841912.2528294,12.611810445200828,9.394266515608228,18.492700542954854,21.393910124087895,49.385663394281075,0.27167823242739997,0.400085719566001
repeated:v5:1,repeated,v5,1,ridge_pseudo_e011_a100,1.0,ridge_pseudo_e011_a100__w1.00,753449,157,134622687.7491436,13.366946139142053,9.749846349706061,19.674910130095515,23.375653744497892,52.37857121842829,0.2752778979157225,0.417640675517394
repeated:v5:1,repeated,v5,1,extra_trees_pseudo,0.25,extra_trees_pseudo__w0.25,753449,157,98239270.33365132,11.418672935369555,8.713717111523284,16.55077856567061,18.109637379185408,44.78004242621138,0.2704069881234815,0.39115239980824523
repeated:v5:1,repeated,v5,1,extra_trees_pseudo,0.5,extra_trees_pseudo__w0.50,753449,157,108261066.16459706,11.986964508961961,9.233968959036327,17.789203909011515,20.329030071950584,49.10096442522234,0.28832994947836155,0.40936372226481743
repeated:v5:1,repeated,v5,1,extra_trees_pseudo,0.75,extra_trees_pseudo__w0.75,753449,157,125129701.82343712,12.887042905239296,9.866636503553806,19.48600882851273,22.87295930543806,53.447504009257756,0.2950078978220279,0.4310809593120793
repeated:v5:1,repeated,v5,1,extra_trees_pseudo,1.0,extra_trees_pseudo__w1.00,753449,157,148845177.3101715,14.055310800976107,10.5595637480242,21.14168747156294,24.979739396230464,57.81388355482889,0.31006703503897565,0.44776405328261637
repeated:v5:1,repeated,v5,1,hist_gradient_pseudo,0.25,hist_gradient_pseudo__w0.25,753449,157,100110252.82807167,11.526895306728791,8.901405839048785,16.604716677811403,18.259207593114002,44.91697038124119,0.2661485383630568,0.3858476004841251
repeated:v5:1,repeated,v5,1,hist_gradient_pseudo,0.5,hist_gradient_pseudo__w0.50,753449,157,115477093.37203653,12.380009887560178,9.775580426321424,17.942872444314308,20.56612951462555,49.37696842950577,0.2728750674635289,0.40051777933608956
repeated:v5:1,repeated,v5,1,hist_gradient_pseudo,0.75,hist_gradient_pseudo__w0.75,753449,157,141164835.96249452,13.687884549862538,10.04407951693024,19.341521835585112,23.32015844359855,53.86400013567485,0.27375841268018886,0.4094625742470774
repeated:v5:1,repeated,v5,1,hist_gradient_pseudo,1.0,hist_gradient_pseudo__w1.00,753449,157,177173480.59944564,15.334599157301756,11.255938737532475,22.140329824080474,26.463985325355363,58.37183161604586,0.28024119797517666,0.4188461159087298
repeated:v5:1,repeated,v5,1,knn25_pseudo,0.25,knn25_pseudo__w0.25,753449,157,98396445.08565418,11.42780375342468,8.7185829027973,16.747331084844795,18.42781020636509,44.01634839243743,0.2721989233959336,0.3916747340437272
repeated:v5:1,repeated,v5,1,knn25_pseudo,0.5,knn25_pseudo__w0.50,753449,157,108347050.7744568,11.991723790998062,8.924510923261405,17.290551820938344,21.11429420437894,47.55662253428572,0.2922025567032636,0.4115997698124062
repeated:v5:1,repeated,v5,1,knn25_pseudo,0.75,knn25_pseudo__w0.75,753449,157,124916131.39700776,12.876040454944455,9.408636776307743,19.258366461182817,23.461377872733763,51.110257528513394,0.30107931717121655,0.4333812621821016
repeated:v5:1,repeated,v5,1,knn25_pseudo,1.0,knn25_pseudo__w1.00,753449,157,148103686.9533071,14.020257971240008,10.291563979907957,21.68632433774087,25.321234585706716,54.67464823015974,0.30958072079676213,0.4520335135210945
repeated:v5:1,repeated,v5,1,ridge_e011_only_a10,0.25,ridge_e011_only_a10__w0.25,753449,157,97965192.00712837,11.402733298202017,8.757501318497734,16.107526276696177,17.93548258227204,41.10038724804936,0.2524888311631742,0.37350299671908355
repeated:v5:1,repeated,v5,1,ridge_e011_only_a10,0.5,ridge_e011_only_a10__w0.50,753449,157,102019575.70843762,11.636297767080102,9.068548045286523,16.55288216480987,18.162857926874107,41.71059348443758,0.25229020355155696,0.37604801572212015
repeated:v5:1,repeated,v5,1,ridge_e011_only_a10,0.75,ridge_e011_only_a10__w0.75,753449,157,107227465.43452767,11.929605710233924,9.288713125183262,16.80378365996936,18.834459688443562,42.32343903904567,0.2504857493829265,0.3775765956084263
repeated:v5:1,repeated,v5,1,ridge_e011_only_a10,1.0,ridge_e011_only_a10__w1.00,753449,157,113588861.1853985,12.278376387063664,9.402410364310082,17.357057882637463,19.697076084817464,42.93881090276071,0.2520483686050084,0.38019002303977734
repeated:v5:1,repeated,v5,1,ridge_e011_only_a100,0.25,ridge_e011_only_a100__w0.25,753449,157,100591050.1021547,11.55454213303895,8.771501888699245,16.503390819619742,18.07075435399385,42.89607988622934,0.25844782704590274,0.3816686258602759
repeated:v5:1,repeated,v5,1,ridge_e011_only_a100,0.5,ridge_e011_only_a100__w0.50,753449,157,109314499.58676003,12.04514285583398,9.07543141058589,17.33486375556753,19.203737215868593,45.31227004085436,0.2614274869899863,0.3902986365146531
repeated:v5:1,repeated,v5,1,ridge_e011_only_a100,0.75,ridge_e011_only_a100__w0.75,753449,157,121234662.78441589,12.684883238673864,9.589281938985662,18.9618130437023,20.766205203210145,47.73952870931239,0.26781145739136913,0.39657257178455807
repeated:v5:1,repeated,v5,1,ridge_e011_only_a100,1.0,ridge_e011_only_a100__w1.00,753449,157,136351539.69512227,13.452502852190541,10.01297733288771,20.550402711805358,22.902353173579748,50.176249610763385,0.27163529075744475,0.4080337762678705
repeated:v5:2,repeated,v5,2,latest_cut_identity,0.25,latest_cut_identity__w0.25,757626,159,120848661.31079747,12.629713149948529,9.386181669619292,19.98763561511237,22.654851679113488,35.37368984404877,0.25782025799867636,0.4114425842910454
repeated:v5:2,repeated,v5,2,latest_cut_identity,0.5,latest_cut_identity__w0.50,757626,159,134182575.5217283,13.308240071586068,10.022807401136992,19.445446903652194,23.6304685518459,39.67447229816158,0.2705604447949615,0.41236415721201053
repeated:v5:2,repeated,v5,2,latest_cut_identity,0.75,latest_cut_identity__w0.75,757626,159,154815736.2997002,14.294866906454997,10.716421269372846,20.73739606135639,23.701357137088767,44.001664266698,0.27464374017468407,0.4105244379597642
repeated:v5:2,repeated,v5,2,latest_cut_identity,1.0,latest_cut_identity__w1.00,757626,159,182748143.6447132,15.53098684761732,11.545305925862438,22.53724030976967,26.05804081652108,48.348175265337666,0.276160885284626,0.4139303179843824
repeated:v5:2,repeated,v5,2,linear_cut_extrapolation,0.25,linear_cut_extrapolation__w0.25,757626,159,167682955.53628117,14.877056930488488,12.218345750633294,22.182955220644143,25.560263405660535,31.62697231747627,0.20914852528840205,0.35580637696852824
repeated:v5:2,repeated,v5,2,linear_cut_extrapolation,0.5,linear_cut_extrapolation__w0.50,757626,159,329845771.2669406,20.865462959081704,18.29185553645206,29.595199573968326,32.7090455419833,39.56327163472831,0.19183398843406896,0.30971994430286864
repeated:v5:2,repeated,v5,2,linear_cut_extrapolation,0.75,linear_cut_extrapolation__w0.75,757626,159,601302440.858886,28.172088775341955,25.25717309584604,39.305332095204,42.838343174137805,51.54017182388969,0.17342283581961723,0.29535355735195673
repeated:v5:2,repeated,v5,2,linear_cut_extrapolation,1.0,linear_cut_extrapolation__w1.00,757626,159,982052964.3121175,36.00311024508589,33.22829466161571,50.331883869504864,54.426563899879525,63.87143727337161,0.163877621677941,0.28468306786786474
repeated:v5:2,repeated,v5,2,ridge_pseudo_a1,0.25,ridge_pseudo_a1__w0.25,757626,159,121077848.86620235,12.641683501844962,9.283360217976298,20.18051903984995,23.240030130068362,33.81529615609193,0.2556358439157819,0.4093512776226985
repeated:v5:2,repeated,v5,2,ridge_pseudo_a1,0.5,ridge_pseudo_a1__w0.50,757626,159,135459990.08602658,13.371437065899912,9.775004575165598,21.023333997561206,25.003623768248882,36.55873059555978,0.27601339852775864,0.4184845809441606
repeated:v5:2,repeated,v5,2,ridge_pseudo_a1,0.75,ridge_pseudo_a1__w0.75,757626,159,157960417.32638034,14.43931866653728,9.9661570506542,22.33049243454397,26.843719021681878,39.33253853082523,0.2865274756164553,0.4268767469628766
repeated:v5:2,repeated,v5,2,ridge_pseudo_a1,1.0,ridge_pseudo_a1__w1.00,757626,159,188579130.58726367,15.776816687795067,10.570522732586502,23.880417986444396,29.000387829647707,42.484526076467766,0.2932040797955876,0.4322999643571177
repeated:v5:2,repeated,v5,2,ridge_pseudo_a10,0.25,ridge_pseudo_a10__w0.25,757626,159,121708655.26194105,12.674571826478024,9.290279178848609,20.392402998774312,23.448899614312406,34.1446274547254,0.25638585150826426,0.4128404344930196
repeated:v5:2,repeated,v5,2,ridge_pseudo_a10,0.5,ridge_pseudo_a10__w0.50,757626,159,135965710.94044644,13.3963740044116,9.765471883393447,21.161962769815357,24.754482854710858,37.220719601102275,0.2765063034643911,0.41839076312913714
repeated:v5:2,repeated,v5,2,ridge_pseudo_a10,0.75,ridge_pseudo_a10__w0.75,757626,159,157585160.7024239,14.422157177720552,9.937663319008221,22.172309018408832,26.491385697788015,40.32899889881954,0.28968843282080203,0.42951283190931017
repeated:v5:2,repeated,v5,2,ridge_pseudo_a10,1.0,ridge_pseudo_a10__w1.00,757626,159,186567004.5478734,15.692422201908636,10.508731812012048,23.69057220072501,28.905553442673337,43.46256018337293,0.29936114398972763,0.43560069449469047
repeated:v5:2,repeated,v5,2,ridge_pseudo_a100,0.25,ridge_pseudo_a100__w0.25,757626,159,121895206.63434227,12.684281708715249,9.129409699996401,20.386284956270185,23.551293802692843,34.56575444968858,0.2581640321334546,0.4135978663624124
repeated:v5:2,repeated,v5,2,ridge_pseudo_a100,0.5,ridge_pseudo_a100__w0.50,757626,159,136105865.52351722,13.403276772754989,9.669066858981251,21.023538527687002,24.100225523195974,38.061618947847364,0.27980782003373156,0.41907471133478696
repeated:v5:2,repeated,v5,2,ridge_pseudo_a100,0.75,ridge_pseudo_a100__w0.75,757626,159,157445970.33443254,14.415786435619065,9.850328175545092,22.12999473690088,25.377673881433388,41.58768291381733,0.29258345553539283,0.4318250600413662
repeated:v5:2,repeated,v5,2,ridge_pseudo_a100,1.0,ridge_pseudo_a100__w1.00,757626,159,185915521.06708825,15.664999629650938,10.6523138200447,23.792408974760672,28.12511086277249,45.13686941186117,0.3030635253066012,0.4396372971591179
repeated:v5:2,repeated,v5,2,ridge_pseudo_e011_a1,0.25,ridge_pseudo_e011_a1__w0.25,757626,159,111743243.92889085,12.144599637826513,9.210153600141846,19.264052513627203,21.860542247530013,29.601843341033806,0.23543974540407103,0.3859232237618231
repeated:v5:2,repeated,v5,2,ridge_pseudo_e011_a1,0.5,ridge_pseudo_e011_a1__w0.50,757626,159,110978772.93979636,12.102985812462896,9.19146548852936,18.554977028554696,21.851419788634708,28.57979197566337,0.23653989786880264,0.3810794376168764
repeated:v5:2,repeated,v5,2,ridge_pseudo_e011_a1,0.75,ridge_pseudo_e011_a1__w0.75,757626,159,112520580.69962421,12.18676810541048,9.505386433750509,18.102311496250636,21.63740779525563,28.357359726005974,0.23407521727164024,0.3741744272964177
repeated:v5:2,repeated,v5,2,ridge_pseudo_e011_a1,1.0,ridge_pseudo_e011_a1__w1.00,757626,159,116368667.20837443,12.393403656712382,9.831158009478406,18.260841921155013,21.79000822203597,28.139474804106047,0.22804593259242506,0.36761417225462695
repeated:v5:2,repeated,v5,2,ridge_pseudo_e011_a10,0.25,ridge_pseudo_e011_a10__w0.25,757626,159,114945360.97251247,12.317378558697259,9.123160474036105,19.55501329042057,22.362383416462247,31.344345166392785,0.2428896094550751,0.40061473129508596
repeated:v5:2,repeated,v5,2,ridge_pseudo_e011_a10,0.5,ridge_pseudo_e011_a10__w0.50,757626,159,117406624.11281224,12.448552785479,9.025802909147608,19.29916653984014,22.85470569183158,31.593219667803577,0.25475356788526204,0.408524655032909
repeated:v5:2,repeated,v5,2,ridge_pseudo_e011_a10,0.75,ridge_pseudo_e011_a10__w0.75,757626,159,122197783.08780701,12.700014838499575,9.129402240595091,19.474297038153697,23.770894818188264,32.226776243903274,0.26349533389399293,0.4125962875239706
repeated:v5:2,repeated,v5,2,ridge_pseudo_e011_a10,1.0,ridge_pseudo_e011_a10__w1.00,757626,159,129318837.89749679,13.064820928509203,9.383909400638707,20.143529522634836,23.972875429820263,33.3190116886083,0.268165016192037,0.41060358889094317
repeated:v5:2,repeated,v5,2,ridge_pseudo_e011_a100,0.25,ridge_pseudo_e011_a100__w0.25,757626,159,118015552.79049872,12.480793204114086,8.977624792220462,19.591663358806134,23.494656029120836,33.29953796519539,0.25890560930557427,0.4134248359555402
repeated:v5:2,repeated,v5,2,ridge_pseudo_e011_a100,0.5,ridge_pseudo_e011_a100__w0.50,757626,159,124995485.17099425,12.844574681421083,9.197911423275809,19.900386348912075,23.38480095449663,35.50974878460379,0.28285984619694365,0.43000556696590136
repeated:v5:2,repeated,v5,2,ridge_pseudo_e011_a100,0.75,ridge_pseudo_e011_a100__w0.75,757626,159,135753790.8083943,13.385929943135544,9.338026682903516,20.109223051597173,24.348556715403692,37.73722421596288,0.3013519080381174,0.44017588014570314
repeated:v5:2,repeated,v5,2,ridge_pseudo_e011_a100,1.0,ridge_pseudo_e011_a100__w1.00,757626,159,150290469.70269892,14.084397895957357,9.646163473151033,20.674026030852872,25.351286355077413,40.79494649001289,0.31513566079059385,0.4484461407277113
repeated:v5:2,repeated,v5,2,extra_trees_pseudo,0.25,extra_trees_pseudo__w0.25,757626,159,120161869.35053894,12.593774215137849,9.24295448618703,19.388616500311077,22.956954446272718,35.05094961704009,0.26807230892864575,0.4176725976805134
repeated:v5:2,repeated,v5,2,extra_trees_pseudo,0.5,extra_trees_pseudo__w0.50,757626,159,136658157.32084745,13.430443219559292,9.662347811707368,20.370474686798033,23.92371236443668,39.02633860462233,0.29059548114386924,0.42801316088010555
repeated:v5:2,repeated,v5,2,extra_trees_pseudo,0.75,extra_trees_pseudo__w0.75,757626,159,164302857.57783324,14.726350175454504,10.558033244520495,22.62459163093435,26.948670042005563,43.02681848399171,0.31169177674559584,0.44808642824184236
repeated:v5:2,repeated,v5,2,extra_trees_pseudo,1.0,extra_trees_pseudo__w1.00,757626,159,203095970.12149632,16.37280984531303,10.941775890538317,24.295260069709638,30.989515619117718,55.4488611751498,0.3471628585727241,0.4725967325243751
repeated:v5:2,repeated,v5,2,hist_gradient_pseudo,0.25,hist_gradient_pseudo__w0.25,757626,159,120670533.79129449,12.620401796968087,9.498247521123954,19.71680874016801,23.964646851927483,34.87804259810283,0.2715724201877501,0.41934917205184863
repeated:v5:2,repeated,v5,2,hist_gradient_pseudo,0.5,hist_gradient_pseudo__w0.50,757626,159,139983824.96986902,13.592880314815323,10.288547332184672,20.090414223152507,25.13324683584869,38.66699053336809,0.29243016087275053,0.4166244400411116
repeated:v5:2,repeated,v5,2,hist_gradient_pseudo,0.75,hist_gradient_pseudo__w0.75,757626,159,172753867.2026313,15.100330540164975,11.113307205650699,22.221972982113698,28.369445361481887,42.47144812309581,0.3041525492337715,0.429574787090867
repeated:v5:2,repeated,v5,2,hist_gradient_pseudo,1.0,hist_gradient_pseudo__w1.00,757626,159,218980660.4895813,17.00103829255586,11.662759354695353,24.82249632552889,30.52498599505922,58.14504479415788,0.32433972157276575,0.45194735173393213
repeated:v5:2,repeated,v5,2,knn25_pseudo,0.25,knn25_pseudo__w0.25,757626,159,120533083.16644277,12.613212070050622,9.133443655638526,19.407195002916428,23.401652190755666,34.10227655332259,0.26792266344332066,0.4156621573903305
repeated:v5:2,repeated,v5,2,knn25_pseudo,0.5,knn25_pseudo__w0.50,757626,159,137665407.19909292,13.479847430214702,9.728307318113208,20.315850633364622,24.404711074024185,37.125038974696935,0.2898979477758808,0.4209515775389552
repeated:v5:2,repeated,v5,2,knn25_pseudo,0.75,knn25_pseudo__w0.75,757626,159,166210965.76485816,14.811614539532448,10.530765017122132,22.220527685544482,26.84160403153776,40.63540139632426,0.31412241794923573,0.44698003969994166
repeated:v5:2,repeated,v5,2,knn25_pseudo,1.0,knn25_pseudo__w1.00,757626,159,206169758.86373848,16.496243035962458,10.955884734318245,24.459916857811283,28.662646826702584,61.35007222428844,0.3464463049077601,0.47812917993269044
repeated:v5:2,repeated,v5,2,ridge_e011_only_a10,0.25,ridge_e011_only_a10__w0.25,757626,159,115535811.53249986,12.348973949742021,9.037933530946006,20.04745457279648,22.706656485394266,32.14729732954759,0.24216757144955411,0.4047353821461525
repeated:v5:2,repeated,v5,2,ridge_e011_only_a10,0.5,ridge_e011_only_a10__w0.50,757626,159,117564527.54259673,12.456921174906904,9.035472785682453,19.81529984013661,23.124215724695425,33.189671034871495,0.24872636599559997,0.4073974104864613
repeated:v5:2,repeated,v5,2,ridge_e011_only_a10,0.75,ridge_e011_only_a10__w0.75,757626,159,120900141.69719829,12.632402932681263,9.112976475833381,19.801376539451535,23.771413935349255,34.23690428180188,0.2555401984802606,0.4108102289688096
repeated:v5:2,repeated,v5,2,ridge_e011_only_a10,1.0,ridge_e011_only_a10__w1.00,757626,159,125542653.99630456,12.872657600461434,9.382973219269571,20.18488244426665,24.168908562857176,35.288564433668384,0.2632282897311656,0.41418668718899593
repeated:v5:2,repeated,v5,2,ridge_e011_only_a100,0.25,ridge_e011_only_a100__w0.25,757626,159,117701402.09731792,12.46417055357249,8.903265997675827,20.01063571915112,23.253558080230675,33.977215073814264,0.26068351685699526,0.41525369086934166
repeated:v5:2,repeated,v5,2,ridge_e011_only_a100,0.5,ridge_e011_only_a100__w0.50,757626,159,124241539.10377246,12.80577822452591,9.143445968469273,19.62673127186004,22.71126508778357,36.8582244185126,0.2836748015843998,0.4330312219544511
repeated:v5:2,repeated,v5,2,ridge_e011_only_a100,0.75,ridge_e011_only_a100__w0.75,757626,159,134434404.68627137,13.32072243746181,9.379498835287412,19.906548193764195,23.452655143187727,39.75024139190774,0.30270207367648827,0.4449506310866066
repeated:v5:2,repeated,v5,2,ridge_e011_only_a100,1.0,ridge_e011_only_a100__w1.00,757626,159,148279998.84481457,13.989875573035418,9.500440065844991,20.615805625972357,24.32524812122781,42.65102688635669,0.31893697462061965,0.4516036705006179
repeated:v5:3,repeated,v5,3,latest_cut_identity,0.25,latest_cut_identity__w0.25,759031,151,123065510.38315867,12.73322525101098,9.798473840341776,17.3875754571603,21.910103706093494,46.280485659321336,0.32587510199608927,0.4418190233506205
repeated:v5:3,repeated,v5,3,latest_cut_identity,0.5,latest_cut_identity__w0.50,759031,151,138647603.83783215,13.51532294186833,10.133724280204177,17.6472918710704,25.18752889143111,50.80444548092975,0.3320025925087272,0.449490376119305
repeated:v5:3,repeated,v5,3,latest_cut_identity,0.75,latest_cut_identity__w0.75,759031,151,163662005.11951262,14.683993279863486,11.178104730056113,19.912662750576192,26.13687732489651,55.33991357747413,0.33759297887061296,0.45715832193550593
repeated:v5:3,repeated,v5,3,latest_cut_identity,1.0,latest_cut_identity__w1.00,759031,151,198108714.22820005,16.155560607828946,11.642505200570266,21.97570591597167,28.235066888583674,59.88427519203413,0.3369757429121955,0.4689854584167747
repeated:v5:3,repeated,v5,3,linear_cut_extrapolation,0.25,linear_cut_extrapolation__w0.25,759031,151,186567310.0304956,15.677904625805738,12.834005355447038,21.727290653256553,25.586495077144015,55.46326534403963,0.2976068519472143,0.4202765263061619
repeated:v5:3,repeated,v5,3,linear_cut_extrapolation,0.5,linear_cut_extrapolation__w0.50,759031,151,378164755.2208407,22.320852028830505,18.110398009108103,31.51385679677878,35.90693206469161,69.3605546625059,0.24901811914683838,0.3774964470077496
repeated:v5:3,repeated,v5,3,linear_cut_extrapolation,0.75,linear_cut_extrapolation__w0.75,759031,151,691708060.3265275,30.1878137228304,25.767239290068744,42.161872973550075,48.69732455684664,83.36077778474312,0.2194191349497152,0.3533102875878677
repeated:v5:3,repeated,v5,3,linear_cut_extrapolation,1.0,linear_cut_extrapolation__w1.00,759031,151,1127197225.3475556,38.53631637390816,33.26253790086424,54.58914487263656,60.43323478373611,97.41956678195562,0.20211042364942594,0.33761277021255853
repeated:v5:3,repeated,v5,3,ridge_pseudo_a1,0.25,ridge_pseudo_a1__w0.25,759031,151,121870608.3611948,12.671257973299221,9.78797210071095,16.882956956511755,22.548271682417603,45.55709494926738,0.3319778287145386,0.4434230112925795
repeated:v5:3,repeated,v5,3,ridge_pseudo_a1,0.5,ridge_pseudo_a1__w0.50,759031,151,134413724.0148866,13.307364418278981,10.227898274646746,17.75725634156016,24.630251608067134,49.359739351128745,0.3342901801086255,0.4531357514912585
repeated:v5:3,repeated,v5,3,ridge_pseudo_a1,0.75,ridge_pseudo_a1__w0.75,759031,151,154545071.71656746,14.269140803075173,10.59429842977171,18.13386645786154,27.128488830172923,53.175990421057236,0.33395033038757477,0.46135368574418323
repeated:v5:3,repeated,v5,3,ridge_pseudo_a1,1.0,ridge_pseudo_a1__w1.00,759031,151,182264651.46623746,15.496066375607105,12.135173416178784,20.21875373097538,27.91825560266919,57.00311540226177,0.33023470569968555,0.46899612468992824
repeated:v5:3,repeated,v5,3,ridge_pseudo_a10,0.25,ridge_pseudo_a10__w0.25,759031,151,121127857.91377224,12.632585948777217,9.79706623069671,16.85871607420276,22.499604698679814,45.525569448969144,0.32636699390216783,0.43853681151146523
repeated:v5:3,repeated,v5,3,ridge_pseudo_a10,0.5,ridge_pseudo_a10__w0.50,759031,151,132719837.51932478,13.223248632431822,10.136767225694912,17.71744579627392,23.90102948599862,49.295716431767794,0.3270188385507629,0.44565611905744046
repeated:v5:3,repeated,v5,3,ridge_pseudo_a10,0.75,ridge_pseudo_a10__w0.75,759031,151,151691663.57214978,14.13679955925842,10.781757587240515,18.066325213278933,25.329388863958293,53.07873026063272,0.332604935812941,0.4515823483884246
repeated:v5:3,repeated,v5,3,ridge_pseudo_a10,1.0,ridge_pseudo_a10__w1.00,759031,151,178043336.0722472,15.315567893612714,11.94923164350015,20.144007957526526,28.08643831579756,56.87204336343252,0.33633160301028947,0.45907096185475404
repeated:v5:3,repeated,v5,3,ridge_pseudo_a100,0.25,ridge_pseudo_a100__w0.25,759031,151,121172749.53675412,12.634926635559424,9.831840901590558,16.828928648885345,22.263426767203338,45.42764994762611,0.32569099049534006,0.4382715469654933
repeated:v5:3,repeated,v5,3,ridge_pseudo_a100,0.5,ridge_pseudo_a100__w0.50,759031,151,132351180.0649349,13.204870674727701,10.082654029284845,17.48329744110676,23.900228378370613,49.097922948382696,0.32578294454890083,0.4440173314292813
repeated:v5:3,repeated,v5,3,ridge_pseudo_a100,0.75,ridge_pseudo_a100__w0.75,759031,151,150451016.3400345,14.078870238907442,10.709228735088244,18.708626193660535,24.604389072578105,52.779589101467714,0.32750574614592204,0.4495619158963736
repeated:v5:3,repeated,v5,3,ridge_pseudo_a100,1.0,ridge_pseudo_a100__w1.00,759031,151,175472258.36205292,15.204581680832229,11.911228596454064,20.265091615737564,26.935450764174178,56.47042007447253,0.33100307765369463,0.45530839401650103
repeated:v5:3,repeated,v5,3,ridge_pseudo_e011_a1,0.25,ridge_pseudo_e011_a1__w0.25,759031,151,119657154.66390112,12.555660932428589,9.610589138456032,17.244386179419596,21.250428421004337,40.25249853364988,0.3217437827621331,0.440445989990642
repeated:v5:3,repeated,v5,3,ridge_pseudo_e011_a1,0.5,ridge_pseudo_e011_a1__w0.50,759031,151,127452712.92778769,12.958203182763377,9.781389448535244,17.33629914915809,22.50706496796375,48.331479302315685,0.3451630619198325,0.46467336175922247
repeated:v5:3,repeated,v5,3,ridge_pseudo_e011_a1,0.75,ridge_pseudo_e011_a1__w0.75,759031,151,140302399.54715186,13.59573818076995,10.000593027096578,17.41063745539963,25.17236932953548,59.12983066733871,0.38864425389308693,0.4992688627414632
repeated:v5:3,repeated,v5,3,ridge_pseudo_e011_a1,1.0,ridge_pseudo_e011_a1__w1.00,759031,151,158206214.52199364,14.437168084943607,10.190770024096865,17.990429666685614,26.121402669464295,70.65503751350272,0.4369791716511006,0.5386507608328172
repeated:v5:3,repeated,v5,3,ridge_pseudo_e011_a10,0.25,ridge_pseudo_e011_a10__w0.25,759031,151,117950083.20086022,12.465777444474535,9.449388291225134,16.912907723441943,21.91158974147408,40.99851662378213,0.3140893062700372,0.4270550078532729
repeated:v5:3,repeated,v5,3,ridge_pseudo_e011_a10,0.5,ridge_pseudo_e011_a10__w0.50,759031,151,120910239.63067912,12.62123299672774,9.863082747469164,17.290925913839462,22.808773748360615,40.23291242486272,0.3164239737646842,0.4277011734709133
repeated:v5:3,repeated,v5,3,ridge_pseudo_e011_a10,0.75,ridge_pseudo_e011_a10__w0.75,759031,151,125796194.04494886,12.873718073680456,9.915616279842565,18.101118635727058,22.664734390015724,39.47540603951223,0.31739090042623713,0.4324061032419884
repeated:v5:3,repeated,v5,3,ridge_pseudo_e011_a10,1.0,ridge_pseudo_e011_a10__w1.00,759031,151,132607946.44366942,13.217673446712295,10.456403293974262,18.657507762025745,22.865589604725823,38.72647266074715,0.3205173538921368,0.4384841481906493
repeated:v5:3,repeated,v5,3,ridge_pseudo_e011_a100,0.25,ridge_pseudo_e011_a100__w0.25,759031,151,120184186.87678878,12.583281375808049,9.553676679053012,17.764833591233774,21.571837241765557,42.513209019436324,0.3200697514280808,0.4345383645598352
repeated:v5:3,repeated,v5,3,ridge_pseudo_e011_a100,0.5,ridge_pseudo_e011_a100__w0.50,759031,151,127515901.1192215,12.961414977723877,9.924994806695064,18.513051558424205,22.63490513334819,43.25732332726726,0.3209605370443703,0.43776415820125464
repeated:v5:3,repeated,v5,3,ridge_pseudo_e011_a100,0.75,ridge_pseudo_e011_a100__w0.75,759031,151,138910867.48279026,13.52814828345221,10.290001284534817,19.393791597569674,25.157017839484887,44.003980415461655,0.32866204262210513,0.44094249445063366
repeated:v5:3,repeated,v5,3,ridge_pseudo_e011_a100,1.0,ridge_pseudo_e011_a100__w1.00,759031,151,154369085.9674951,14.261014110002005,10.573075485118478,20.23401464079238,25.372378633636842,44.75305301344324,0.3337146633171804,0.449463852612084
repeated:v5:3,repeated,v5,3,extra_trees_pseudo,0.25,extra_trees_pseudo__w0.25,759031,151,122818843.26528521,12.72045789077365,9.815741024191846,16.928601479549435,21.697051682345098,44.620932981840575,0.33652506558525774,0.4448685558723214
repeated:v5:3,repeated,v5,3,extra_trees_pseudo,0.5,extra_trees_pseudo__w0.50,759031,151,135303063.93127453,13.351315506377082,10.285495610775463,17.021925115994883,22.445606345440215,47.47997266206985,0.34522935622462886,0.46122654198469576
repeated:v5:3,repeated,v5,3,extra_trees_pseudo,0.75,extra_trees_pseudo__w0.75,759031,151,154368386.75346014,14.260981812367904,10.696118677198573,18.180691229685273,25.929006178984764,50.34720928650301,0.34995547746558536,0.4692855851940641
repeated:v5:3,repeated,v5,3,extra_trees_pseudo,1.0,extra_trees_pseudo__w1.00,759031,151,180014811.731842,15.400129170124993,11.699740443015635,20.06236292157775,29.712080684036348,53.221318069116,0.35706472470637357,0.47720561312021825
repeated:v5:3,repeated,v5,3,hist_gradient_pseudo,0.25,hist_gradient_pseudo__w0.25,759031,151,121836715.55662051,12.669495881769674,9.584822502926585,17.436706302842143,21.990391363225978,45.43271985814187,0.3387586600584954,0.4490619267245632
repeated:v5:3,repeated,v5,3,hist_gradient_pseudo,0.5,hist_gradient_pseudo__w0.50,759031,151,134640194.50085545,13.31857033098856,10.198441810765203,18.313136816629473,22.342777708230244,49.10496746544157,0.3457355079188315,0.4602076270259755
repeated:v5:3,repeated,v5,3,hist_gradient_pseudo,0.75,hist_gradient_pseudo__w0.75,759031,151,155326161.588197,14.305154355790071,11.336544152740784,19.46193821428241,23.803348889450454,52.786157652333316,0.3390370712039748,0.463780363850754
repeated:v5:3,repeated,v5,3,hist_gradient_pseudo,1.0,hist_gradient_pseudo__w1.00,759031,151,183894616.81864512,15.565201647991957,12.003027435745935,22.401088634589613,28.16368976939121,56.474541728580085,0.33332041273192603,0.46340070151297846
repeated:v5:3,repeated,v5,3,knn25_pseudo,0.25,knn25_pseudo__w0.25,759031,151,123041046.0601008,12.731959562443908,9.75141088591373,16.64191613320251,21.544540438135723,44.939493180829515,0.336129367925876,0.445240981583393
repeated:v5:3,repeated,v5,3,knn25_pseudo,0.5,knn25_pseudo__w0.50,759031,151,136790284.4042496,13.424492280434297,10.446505193363775,17.683131642429093,22.6498726727405,48.11956243116463,0.342237153378323,0.46401753515189437
repeated:v5:3,repeated,v5,3,knn25_pseudo,0.75,knn25_pseudo__w0.75,759031,151,158163439.78793857,14.435216240716633,11.053979551181238,19.097309712942202,24.104778393983707,51.30968500319159,0.34865061944199177,0.4796443699404211
repeated:v5:3,repeated,v5,3,knn25_pseudo,1.0,knn25_pseudo__w1.00,759031,151,187160512.2111677,15.702809273697953,11.288049933752884,20.827413695759024,26.51563744605401,54.50809579346724,0.3620203773032066,0.4887933955491603
repeated:v5:3,repeated,v5,3,ridge_e011_only_a10,0.25,ridge_e011_only_a10__w0.25,759031,151,117621959.8686831,12.44842620156508,9.550856775377172,17.307981546883973,22.464597554648858,41.046469125746995,0.31526811238433544,0.43043050034979563
repeated:v5:3,repeated,v5,3,ridge_e011_only_a10,0.5,ridge_e011_only_a10__w0.50,759031,151,119784419.1180656,12.56233610658098,9.783444665547966,17.855226491385455,22.782129523011143,40.32396870145688,0.3204194006165053,0.43171873605319433
repeated:v5:3,repeated,v5,3,ridge_e011_only_a10,0.75,ridge_e011_only_a10__w0.75,759031,151,123403102.50363964,12.750678120387876,9.945988333090302,17.96652045936128,22.619973990325015,39.60442555967045,0.32473101765080825,0.4332752915558245
repeated:v5:3,repeated,v5,3,ridge_e011_only_a10,1.0,ridge_e011_only_a10__w1.00,759031,151,128478010.02540523,13.010220102707788,10.074037435822975,17.972583267233535,22.147426471280845,38.88800385616515,0.32812730439404236,0.4365987620145261
repeated:v5:3,repeated,v5,3,ridge_e011_only_a100,0.25,ridge_e011_only_a100__w0.25,759031,151,120359121.0899386,12.592435849700653,9.59948852519043,17.786264940656412,21.365148081722552,42.673441205780236,0.32008176475077876,0.4360112755693849
repeated:v5:3,repeated,v5,3,ridge_e011_only_a100,0.5,ridge_e011_only_a100__w0.50,759031,151,127730796.72699521,12.972331963811154,9.96720943853002,18.58409181189671,22.408163407122203,43.57709172120005,0.32109825228303795,0.44042807616960145
repeated:v5:3,repeated,v5,3,ridge_e011_only_a100,0.75,ridge_e011_only_a100__w0.75,759031,151,139030751.666662,13.533984620374024,10.223668142703675,19.350694621431124,25.012682709573784,44.48260409508482,0.32975035838928557,0.44235602334781354
repeated:v5:3,repeated,v5,3,ridge_e011_only_a100,1.0,ridge_e011_only_a100__w1.00,759031,151,154258985.908939,14.255927539253227,10.730801106777331,20.179496545993565,25.671800482510708,45.389866897245994,0.33462042139593645,0.45143606749685716
repeated:v5:4,repeated,v5,4,latest_cut_identity,0.25,latest_cut_identity__w0.25,756029,153,154602563.97458294,14.300101457461606,9.656995871081854,21.903250578687825,25.372942596688365,58.98991137163847,0.4014534279315193,0.5371303969043191
repeated:v5:4,repeated,v5,4,latest_cut_identity,0.5,latest_cut_identity__w0.50,756029,153,170373438.38036874,15.011763603392986,9.698943082356573,22.11540633494622,25.536012203709866,62.54898076816106,0.4248927788889346,0.5460055638952931
repeated:v5:4,repeated,v5,4,latest_cut_identity,0.75,latest_cut_identity__w0.75,756029,153,194670019.296299,16.046499563973857,10.389188067499033,22.61058763897031,27.10091801749379,66.13357584259656,0.4350166976256361,0.5611135151220927
repeated:v5:4,repeated,v5,4,latest_cut_identity,1.0,latest_cut_identity__w1.00,756029,153,227492306.72237378,17.346590645169215,10.680850742031154,24.003782883786716,31.875869150297998,69.73976067790761,0.43733958512054294,0.5731698695907131
repeated:v5:4,repeated,v5,4,linear_cut_extrapolation,0.25,linear_cut_extrapolation__w0.25,756029,153,199533543.32795608,16.245711259736705,12.309709346657261,23.054448680216918,30.212695975615993,58.166340652873714,0.3571360798625933,0.48462564397508784
repeated:v5:4,repeated,v5,4,linear_cut_extrapolation,0.5,linear_cut_extrapolation__w0.50,756029,153,369538395.6442883,22.108565123423265,18.497194003635723,32.34809882702052,37.73004271025973,60.901184178372915,0.27938194229931257,0.40389196137315475
repeated:v5:4,repeated,v5,4,linear_cut_extrapolation,0.75,linear_cut_extrapolation__w0.75,756029,153,657371953.0279384,29.48739165017774,25.89218401389434,42.781241224807594,49.00666882791537,65.86028454573294,0.2286143202084335,0.35060033416315667
repeated:v5:4,repeated,v5,4,linear_cut_extrapolation,1.0,linear_cut_extrapolation__w1.00,756029,153,1063034215.4789062,37.49767963324809,34.406203823068836,52.988040712875836,60.51165067911933,81.3150732808529,0.20258085762148775,0.32274797672257516
repeated:v5:4,repeated,v5,4,ridge_pseudo_a1,0.25,ridge_pseudo_a1__w0.25,756029,153,152181192.1985307,14.187676054620665,9.701754357595286,21.84663732332174,26.05899495347307,57.33873178101923,0.39000811480234865,0.5318428612673504
repeated:v5:4,repeated,v5,4,ridge_pseudo_a1,0.5,ridge_pseudo_a1__w0.50,756029,153,163578096.99277872,14.709345480363842,9.527732253607677,22.089257086629566,26.793311480484842,59.247827835562454,0.4038132795875302,0.5392401923683273
repeated:v5:4,repeated,v5,4,ridge_pseudo_a1,0.75,ridge_pseudo_a1__w0.75,756029,153,181548110.46168572,15.496250894160417,9.41050436287993,23.166384573100697,27.706354846109992,61.185607965866964,0.407782015161449,0.5495840523489356
repeated:v5:4,repeated,v5,4,ridge_pseudo_a1,1.0,ridge_pseudo_a1__w1.00,756029,153,206091232.60525164,16.51051161451572,10.277314341318547,24.748598851405607,30.71126626113302,63.149431660281834,0.40893666639424925,0.5574172434306808
repeated:v5:4,repeated,v5,4,ridge_pseudo_a10,0.25,ridge_pseudo_a10__w0.25,756029,153,152758801.34953406,14.21457547000083,9.493224938389115,21.75806084035847,26.030282431515474,58.38483855685102,0.39322758852246104,0.5340782444005799
repeated:v5:4,repeated,v5,4,ridge_pseudo_a10,0.5,ridge_pseudo_a10__w0.50,756029,153,164785921.8564948,14.763550897856291,9.60969738103562,22.03958946874589,26.481093106701458,61.33845724691,0.40992348319345834,0.5445881279749787
repeated:v5:4,repeated,v5,4,ridge_pseudo_a10,0.75,ridge_pseudo_a10__w0.75,756029,153,183438757.5998238,15.576731102801014,9.456779156762373,22.84168749334925,27.53929149221014,64.31799663847401,0.4183789580713164,0.5572871226322728
repeated:v5:4,repeated,v5,4,ridge_pseudo_a10,1.0,ridge_pseudo_a10__w1.00,756029,153,208717308.5795211,16.615369571528497,10.073385348960276,23.979205204485062,30.586336678645473,67.32001512014689,0.42187440895765865,0.5666880097645405
repeated:v5:4,repeated,v5,4,ridge_pseudo_a100,0.25,ridge_pseudo_a100__w0.25,756029,153,153080848.2832973,14.22955120373758,9.364985378761503,21.575368763987818,26.036700285338494,58.97132586342667,0.39438037310574553,0.5353965844426329
repeated:v5:4,repeated,v5,4,ridge_pseudo_a100,0.5,ridge_pseudo_a100__w0.50,756029,153,165504245.05481756,14.795694023184097,9.735661228088253,21.38971547409829,26.305373191556246,62.51561970679228,0.41233741705782706,0.5458643518532296
repeated:v5:4,repeated,v5,4,ridge_pseudo_a100,0.75,ridge_pseudo_a100__w0.75,756029,153,184627586.39350244,15.627124380029898,9.754131774856164,22.805971573808993,27.516673578749995,66.0886533296289,0.42141268620576106,0.5572869966000383
repeated:v5:4,repeated,v5,4,ridge_pseudo_a100,1.0,ridge_pseudo_a100__w1.00,756029,153,210450872.2993519,16.68422883274822,9.91581027135993,23.41454876927943,30.734556036696894,69.68600611951612,0.42377365044378984,0.5677411719324288
repeated:v5:4,repeated,v5,4,ridge_pseudo_e011_a1,0.25,ridge_pseudo_e011_a1__w0.25,756029,153,142337063.02056512,13.721126645281668,9.597443475399745,20.75904079703679,24.34777139569071,50.80833950923295,0.3551372823914891,0.49334827107907886
repeated:v5:4,repeated,v5,4,ridge_pseudo_e011_a1,0.5,ridge_pseudo_e011_a1__w0.50,756029,153,139381440.37715465,13.57792004022103,9.46657242763069,19.816909472426616,23.531671784747967,46.44033651389695,0.3384044684590877,0.47079772282633114
repeated:v5:4,repeated,v5,4,ridge_pseudo_e011_a1,0.75,ridge_pseudo_e011_a1__w0.75,756029,153,138490528.14871022,13.534456121084759,9.78100728397096,19.47968362407921,22.989956236617395,42.44533277921067,0.321850283725003,0.45103035988085194
repeated:v5:4,repeated,v5,4,ridge_pseudo_e011_a1,1.0,ridge_pseudo_e011_a1__w1.00,756029,153,139664326.33523184,13.591691802003787,9.930083087269876,20.863683388009964,22.906534285341667,38.938305321717806,0.30664220853104046,0.4357581150581266
repeated:v5:4,repeated,v5,4,ridge_pseudo_e011_a10,0.25,ridge_pseudo_e011_a10__w0.25,756029,153,147730238.72089842,13.978657770529377,9.7618405493068,21.53289284996357,25.440425895180407,53.26505453557556,0.36362711723339675,0.5080518697678292
repeated:v5:4,repeated,v5,4,ridge_pseudo_e011_a10,0.5,ridge_pseudo_e011_a10__w0.50,756029,153,149453629.4941555,14.059957434083394,10.040358420274973,21.54837091027191,25.685099590866976,51.10952456661042,0.35731121823799256,0.49957206228439544
repeated:v5:4,repeated,v5,4,ridge_pseudo_e011_a10,0.75,ridge_pseudo_e011_a10__w0.75,756029,153,152527568.39871284,14.203813003317219,10.271258704062557,21.49373202571079,26.269062586915013,49.000063259793414,0.349268242443731,0.49140817915073753
repeated:v5:4,repeated,v5,4,ridge_pseudo_e011_a10,1.0,ridge_pseudo_e011_a10__w1.00,756029,153,156952055.4345704,14.408350891773855,10.39915757586097,21.711601870067913,26.717050909980006,46.94288155614485,0.33980729101747664,0.4830504126895141
repeated:v5:4,repeated,v5,4,ridge_pseudo_e011_a100,0.25,ridge_pseudo_e011_a100__w0.25,756029,153,153662619.87976584,14.256564701579794,9.731597411220273,21.966399595998148,25.18107318172947,57.24892359018677,0.38316917065010303,0.5275035967070595
repeated:v5:4,repeated,v5,4,ridge_pseudo_e011_a100,0.5,ridge_pseudo_e011_a100__w0.50,756029,153,163151740.2582999,14.690163449019611,9.9099289097025,21.683375425015587,26.68437824197393,59.07999357146804,0.39202140275577524,0.5342433752527272
repeated:v5:4,repeated,v5,4,ridge_pseudo_e011_a100,0.75,ridge_pseudo_e011_a100__w0.75,756029,153,175824757.2145438,15.250033084914243,9.625651460767127,21.647557076039888,29.28217823564995,60.95057804263545,0.3954670379223931,0.5451771282256203
repeated:v5:4,repeated,v5,4,ridge_pseudo_e011_a100,1.0,ridge_pseudo_e011_a100__w1.00,756029,153,191681670.74849755,15.922859601419992,10.03782258332178,23.462641534837,30.995311040210932,62.85714933255495,0.3945005479590274,0.5523057108093902
repeated:v5:4,repeated,v5,4,extra_trees_pseudo,0.25,extra_trees_pseudo__w0.25,756029,153,151361249.11961994,14.149403260962647,9.433023338161874,21.56533419468832,25.490585718436265,57.55827360267474,0.39348427707118644,0.5347256902591713
repeated:v5:4,repeated,v5,4,extra_trees_pseudo,0.5,extra_trees_pseudo__w0.50,756029,153,162515470.75240964,14.661490651081104,9.767263700228439,21.2233993720848,26.54835695414083,59.68912414692551,0.4104272353786766,0.541174850483373
repeated:v5:4,repeated,v5,4,extra_trees_pseudo,0.75,extra_trees_pseudo__w0.75,756029,153,180820060.9773107,15.46514792352247,9.89629584836544,22.560970003868313,27.750780546304036,61.85033422013639,0.41741996833918155,0.5496321533710117
repeated:v5:4,repeated,v5,4,extra_trees_pseudo,1.0,extra_trees_pseudo__w1.00,756029,153,206275019.79432312,16.517871811932025,10.844941254250255,23.365390094871092,30.756459837808368,64.0388301366197,0.41427375551492385,0.5573786095556258
repeated:v5:4,repeated,v5,4,hist_gradient_pseudo,0.25,hist_gradient_pseudo__w0.25,756029,153,149976306.53570223,14.08452158493351,9.39860528015576,21.786355550064503,25.25201559754865,56.91772348046817,0.38686188836029595,0.5271022221245748
repeated:v5:4,repeated,v5,4,hist_gradient_pseudo,0.5,hist_gradient_pseudo__w0.50,756029,153,161660993.8096469,14.62289612082126,10.029693303477728,21.959608946047638,26.586846702346048,58.42996973838704,0.3946936267640317,0.5232614212798474
repeated:v5:4,repeated,v5,4,hist_gradient_pseudo,0.75,hist_gradient_pseudo__w0.75,756029,153,182411457.90077567,15.533053207172477,10.406355240565695,22.763515711749253,27.99722579968784,59.99380094236216,0.3899027276492094,0.5177914277964156
repeated:v5:4,repeated,v5,4,hist_gradient_pseudo,1.0,hist_gradient_pseudo__w1.00,756029,153,212227698.80908853,16.7545128608988,11.250216286339278,24.6642187512515,30.49303077945531,61.60528881393126,0.37720627866722367,0.5167656814813395
repeated:v5:4,repeated,v5,4,knn25_pseudo,0.25,knn25_pseudo__w0.25,756029,153,152597720.4392882,14.207079009362118,9.431441149078696,21.45215086699302,25.661714033446515,58.6564388084806,0.39339232241824723,0.5364585865400279
repeated:v5:4,repeated,v5,4,knn25_pseudo,0.5,knn25_pseudo__w0.50,756029,153,165390455.97706297,14.790606909388806,9.78648060541224,21.2007536495949,26.233013634137382,61.87996488708317,0.40763706686027595,0.545699320542322
repeated:v5:4,repeated,v5,4,knn25_pseudo,0.75,knn25_pseudo__w0.75,756029,153,185735602.6922659,15.673946222781396,9.58752731555818,23.562698028908567,27.480935229257646,65.12764790335406,0.4122637896804742,0.5562573882419413
repeated:v5:4,repeated,v5,4,knn25_pseudo,1.0,knn25_pseudo__w1.00,756029,153,213633160.58489698,16.809899057341408,10.603948531507973,25.439556589931723,30.365567910545053,68.39604677671707,0.40793670270028737,0.5641244170282714
repeated:v5:4,repeated,v5,4,ridge_e011_only_a10,0.25,ridge_e011_only_a10__w0.25,756029,153,148671690.5414931,14.023128464743978,9.737261488557122,21.16719107274654,25.550753336703632,54.36417725507166,0.36605518858411795,0.5116661086282506
repeated:v5:4,repeated,v5,4,ridge_e011_only_a10,0.5,ridge_e011_only_a10__w0.50,756029,153,151013063.88045442,14.133119536113515,9.941637212694774,21.908559741862806,25.60466943244116,53.28742629013274,0.3615119470893773,0.5077772048496988
repeated:v5:4,repeated,v5,4,ridge_e011_only_a10,0.75,ridge_e011_only_a10__w0.75,756029,153,154381516.09582558,14.289874790750227,9.968628463231207,22.167642889104584,26.01243214142086,52.232287861425796,0.3555569083967437,0.5031047181287973
repeated:v5:4,repeated,v5,4,ridge_e011_only_a10,1.0,ridge_e011_only_a10__w1.00,756029,153,158777047.18760657,14.491876796276209,10.01254773016969,22.77500734654608,26.82928812347251,51.20009816844499,0.3486101606034384,0.4967692584594161
repeated:v5:4,repeated,v5,4,ridge_e011_only_a100,0.25,ridge_e011_only_a100__w0.25,756029,153,153814461.18173844,14.26360675527622,9.59476480842156,22.10959624221168,25.27850800367908,57.01088308545687,0.3814563085858631,0.5270872260433267
repeated:v5:4,repeated,v5,4,ridge_e011_only_a100,0.5,ridge_e011_only_a100__w0.50,756029,153,163391972.7578153,14.700974723683238,9.81155062838347,21.801108076159185,26.62635933156534,58.59914648199447,0.38975037012619457,0.5330303406981451
repeated:v5:4,repeated,v5,4,ridge_e011_only_a100,0.75,ridge_e011_only_a100__w0.75,756029,153,176089930.80717224,15.261528572095028,9.673709357595579,21.405872482740566,29.159861917678263,60.223013324859856,0.39330856294929667,0.5401002268258296
repeated:v5:4,repeated,v5,4,ridge_e011_only_a100,1.0,ridge_e011_only_a100__w1.00,756029,153,191908335.32980922,15.932271252419085,9.993861148677793,22.657896267502736,30.425367648094902,61.879680725644036,0.3923676698262356,0.5442533697384031
