well_id,candidate,branch,weight,rows_scored,sse,rmse,mean_error,known_rows,hidden_rows,hidden_gr_missing_fraction,predicted_coefficient_0,predicted_coefficient_1,predicted_coefficient_2,predicted_coefficient_3,target_coefficient_0,target_coefficient_1,target_coefficient_2,target_coefficient_3
000d7d20,ridge_pseudo_e011_a1__w0.50,ridge_pseudo_e011_a1,0.5,3836,452921.60097080824,10.866062973737087,9.331765519937136,1442,3836,0.47340980187695514,3.271126403323021,6.6974167485246925,1.4039910885866407,1.796665516724946,-1.5278993494425173,-3.490923464702495,-12.546800065138456,-10.322657259730974
00bbac68,ridge_pseudo_e011_a1__w0.50,ridge_pseudo_e011_a1,0.5,6014,1621538.9427208954,16.42033373433499,5.2053733896058745,1545,6014,0.13834386431659462,-1.3618024868568148,6.732057316155611,4.465729562784827,-0.9879019439965784,8.614302794450508,14.967625015265455,-27.068699229446704,-15.240448182064444
00e12e8b,ridge_pseudo_e011_a1__w0.50,ridge_pseudo_e011_a1,0.5,4301,191424.30387954958,6.671351401572394,0.6660234320476289,2083,4301,0.09718670076726342,2.4217182567414026,-8.290205334438644,-1.957703595749144,7.235329733869906,12.210493844331578,-12.016564433085708,-3.235852814846341,-4.072755944196745
015fe0d2,ridge_pseudo_e011_a1__w0.50,ridge_pseudo_e011_a1,0.5,4296,827130.3979210397,13.875698498708369,-9.124982838832295,1654,4296,0.3202979515828678,11.680484281879316,8.806882837729702,14.914529148879714,15.657147194804091,2.982193866697123,32.27812353036745,32.27449193365902,19.68670259235957
01869cd4,ridge_pseudo_e011_a1__w0.50,ridge_pseudo_e011_a1,0.5,5557,453480.5558388039,9.033564228890418,5.058514694531008,1293,5557,0.5112470757603024,5.888910854322313,11.950606499021083,10.800995800547797,19.678037748848844,-9.153886435954755,14.790825149679302,9.896581149080546,9.04561447170678
01982c1d,ridge_pseudo_e011_a1__w0.50,ridge_pseudo_e011_a1,0.5,3941,131870.6461785308,5.784566920512419,2.516446422966047,1646,3941,0.15808170515097691,4.982703577209088,-5.579098829691134,-3.8611136748534682,-3.933718606603852,-1.2789928358149283,-10.79686143148257,2.3722936850672753,-8.652314188749084
028d7b28,ridge_pseudo_e011_a1__w0.50,ridge_pseudo_e011_a1,0.5,6234,1362622.145508914,14.784421050289877,11.968149189746612,1527,6234,0.23307667629130574,6.331561048233315,15.369331122457577,17.775454309226745,7.139764588225074,-2.56514029750163,-15.190936783675898,8.612272546391468,-0.2663103202273162
02e7fe5a,ridge_pseudo_e011_a1__w0.50,ridge_pseudo_e011_a1,0.5,5108,130940.92049022835,5.063050399137927,-2.0201759014823875,1780,5108,0.6366483946750195,7.609330649975439,7.518436675077334,4.105652044133122,7.969159400145439,8.65095322699608,7.887869830780989,-1.3949881226193017,21.271954298737086
0390d174,ridge_pseudo_e011_a1__w0.50,ridge_pseudo_e011_a1,0.5,4411,604543.2387801971,11.706987517718336,5.644037792910049,1690,4411,0.4978462933575153,11.674786673992099,-0.3883721465045662,-1.680194937494631,3.9763895804530947,-9.37084567510249,-2.068853290191361,12.27041297132084,-16.397785094535386
03a935ae,ridge_pseudo_e011_a1__w0.50,ridge_pseudo_e011_a1,0.5,2786,1863433.394838504,25.8622544989193,23.11087706041051,1644,2786,0.04055994256999282,-4.424705169121273,-14.860188130533345,-13.770096947077217,-26.707969988252405,-21.764368884059746,-24.435778397372076,-54.84887560090132,-46.295060334682724
044af7d1,ridge_pseudo_e011_a1__w0.50,ridge_pseudo_e011_a1,0.5,4519,221980.64874106675,7.008682516222541,0.6040678963986096,1548,4519,0.6589953529541934,11.839244990410688,10.408905911981691,8.688784901942299,5.031008284463924,11.623457827721133,-2.9777407459736893,13.123667821245272,14.993466429095108
0498acab,ridge_pseudo_e011_a1__w0.50,ridge_pseudo_e011_a1,0.5,4798,112317.30751682544,4.838304754392678,2.6548922588908312,1634,4798,0.47457273864110044,11.560444769720974,5.27326449794535,5.926384797521925,-0.6221018906752672,9.778543267861208,0.47285136132819716,4.898460845746203,-6.310558387274784
052d64df,ridge_pseudo_e011_a1__w0.50,ridge_pseudo_e011_a1,0.5,2445,83931.62724079544,5.858998540891252,-2.2600372739547683,2145,2445,0.2752556237218814,-6.59596330834148,-4.002991099675338,3.915047841340577,5.3188669212624085,-0.4659711241946104,-10.45006349469406,4.2967043710990085,17.34916313172323
05948241,ridge_pseudo_e011_a1__w0.50,ridge_pseudo_e011_a1,0.5,3879,167395.29606627513,6.5691886690518455,-2.6391291253531084,1549,3879,0.5986078886310905,-3.5764419631881688,-8.096828692653581,-15.407451824296299,-3.547291155434391,-7.275778194440235,-3.2382563454679243,0.9261783114226254,-4.907756635305251
059c8f24,ridge_pseudo_e011_a1__w0.50,ridge_pseudo_e011_a1,0.5,6258,1885923.485069472,17.35978151454958,15.856657141295925,1740,6258,0.43528283796740175,30.314652654571745,24.872809994695587,31.93230737872627,30.96711333096339,-1.439605693916806,18.508590017502687,6.4939959699022225,16.498046738713565
05a0ee4d,ridge_pseudo_e011_a1__w0.50,ridge_pseudo_e011_a1,0.5,4348,1121590.045861165,16.060989768142395,10.791974394904283,1750,4348,0.35970561177552896,2.990607365245014,-1.897747008824707,-1.2265525952041112,-9.470334801859376,-3.741182073828011,0.6592247246734962,-35.79211384768239,-22.575185110662776
060ab2b8,ridge_pseudo_e011_a1__w0.50,ridge_pseudo_e011_a1,0.5,6258,395621.1329700908,7.951003813626919,5.389842748835219,1560,6258,0.5749440715883669,14.99678584987527,18.89838417196392,10.559698452965176,18.176667421016685,6.617616818882877,8.144517094875933,-0.7763449667590934,23.325998063803553
06df5958,ridge_pseudo_e011_a1__w0.50,ridge_pseudo_e011_a1,0.5,3509,192818.76727602613,7.412811675617186,6.276116552775808,1530,3509,0.18922770019948704,5.531419442987426,8.885456910996718,5.62929019148967,3.8197960691630684,-0.3960490137815176,-2.6746111183250014,-3.351917139406256,5.354706673156031
071d7b45,ridge_pseudo_e011_a1__w0.50,ridge_pseudo_e011_a1,0.5,3211,136594.8394182606,6.522243267957879,-5.880707725007475,1509,3211,0.15384615384615385,21.874404351962657,11.409364591074546,3.970104226777135,4.805187634155827,25.823294821692755,19.06625121542654,13.022944810044551,12.035681963221062
0849b4e2,ridge_pseudo_e011_a1__w0.50,ridge_pseudo_e011_a1,0.5,5537,820426.3227107745,12.17257702118182,9.317809014441371,1899,5537,0.2499548491963157,5.336716768433115,3.048754680091387,-0.8263074207129687,-15.766265972154462,0.3421705081250656,1.4772432369423267,-17.48103981130661,-36.096184358865514
084d66f9,ridge_pseudo_e011_a1__w0.50,ridge_pseudo_e011_a1,0.5,3885,473045.1826542625,11.034579818785986,5.102284161138009,1747,3885,0.6463320463320463,10.190154489289927,13.630814181981767,13.7937824003799,18.623945302556862,6.34811761583619,4.52014485981353,22.77370971501167,-22.976633164374732
08fecf00,ridge_pseudo_e011_a1__w0.50,ridge_pseudo_e011_a1,0.5,5574,278011.0744737706,7.062322829271246,-1.5990886896324268,1831,5574,0.28238249013275923,-0.2774549759707264,-2.884929351656746,-8.527449940449435,-12.717431517995191,-5.486629182010275,-6.72587008595804,4.9676301965443,-2.730643374164126
09053135,ridge_pseudo_e011_a1__w0.50,ridge_pseudo_e011_a1,0.5,5907,1147065.1412603247,13.935114950658006,-13.060838112934174,1808,5907,0.4218723548332487,0.09505512638171076,0.20069897149100982,-2.2582067402120276,1.1265751547254919,21.18314162569222,11.884010331183951,9.311195846949953,12.651379093413507
09441b8d,ridge_pseudo_e011_a1__w0.50,ridge_pseudo_e011_a1,0.5,5488,872259.4467229259,12.607117178696502,8.080690232167845,1907,5488,0.11716472303206997,-5.598408518901085,-3.7073800356838356,-7.2666217957035375,-5.565304390291078,-10.151194812779046,-31.756815499492266,-6.770818638897461,-4.713570089607184
0955cd6c,ridge_pseudo_e011_a1__w0.50,ridge_pseudo_e011_a1,0.5,5195,644488.3551019365,11.138193575767476,9.9946955801269,1930,5195,0.6454282964388836,8.428443856160012,2.6285920895023653,4.94314937794203,-7.8003837979930335,-0.11960799236851974,-10.58920045133454,-4.497516069405092,-14.926912085965172
09ec2ca9,ridge_pseudo_e011_a1__w0.50,ridge_pseudo_e011_a1,0.5,5885,96100.12018765399,4.040998896246498,-2.6460815810374583,1939,5885,0.5604078164825829,-4.363122990858524,-3.4548983038481405,-8.467137313675549,-17.216867888673836,-1.7053406857900564,3.4211980230508487,-6.080217603171821,-14.477792422318343
0a57a29c,ridge_pseudo_e011_a1__w0.50,ridge_pseudo_e011_a1,0.5,5821,124421.2222642691,4.623261217126366,2.545368811181468,1373,5821,0.5299776670675141,11.019388915595439,13.339880921029831,10.021263871872362,6.754819209454078,1.9958556346499885,7.913525698582134,7.825235361385684,9.456130897557287
0bbf5e67,ridge_pseudo_e011_a1__w0.50,ridge_pseudo_e011_a1,0.5,4298,151496.71718108302,5.937018544680463,-3.3523844437662613,1733,4298,0.5274546300604932,-23.529190145906625,-22.47517325596219,-29.22052528294562,-34.886738810473105,-20.851773584661817,-13.89903670066299,-18.412492737297146,-28.612794120464834
0be01c24,ridge_pseudo_e011_a1__w0.50,ridge_pseudo_e011_a1,0.5,4738,124267.74521453188,5.1213172627155945,1.667417138907239,1647,4738,0.03503588011819333,11.601281726172308,10.321128862059087,11.565292719264377,4.717915269400368,1.0284018319735757,13.728214773889107,6.911328364345939,6.715029476824956
0c1b160c,ridge_pseudo_e011_a1__w0.50,ridge_pseudo_e011_a1,0.5,5054,676750.3169012141,11.57168532439323,-8.736557086373184,1660,5054,0.5209734863474476,-3.060196521526117,-6.778847158067974,-9.47142363095343,-11.033506819333777,1.3255993263727597,19.002622109789183,-4.214380849651486,-3.3238539884154403
0d99f8e4,ridge_pseudo_e011_a1__w0.50,ridge_pseudo_e011_a1,0.5,5823,249445.0193033145,6.545065894787895,1.2670434471237169,1699,5823,0.5399278722308088,-5.887557740849912,-7.61977574039008,-3.518681420594354,-13.549530627800795,-4.90157533055071,-18.518988102289796,0.19571643488957308,-6.658298759960304
0dc5e64d,ridge_pseudo_e011_a1__w0.50,ridge_pseudo_e011_a1,0.5,4879,935276.7658255937,13.845373111430069,1.0248343868590837,1312,4879,0.011477761836441894,4.957679831656217,3.75048984015205,14.318182282240508,12.802525414031212,12.073065271393087,-9.567313022791446,2.35877824915304,55.71276599667824
0dc835f3,ridge_pseudo_e011_a1__w0.50,ridge_pseudo_e011_a1,0.5,4428,1790255.280729554,20.10729620307921,17.37160897163444,851,4428,0.03342366757000903,1.6915539921136762,24.864119706483912,35.93291740459413,14.879593668893985,-6.169695810588342,-12.790623504941523,8.52144568749615,-6.58984121112078
0dd99dc5,ridge_pseudo_e011_a1__w0.50,ridge_pseudo_e011_a1,0.5,7342,566104.7870667127,8.780944325991259,6.088921306362049,1840,7342,0.476436938163988,11.013852809557468,12.252552243371927,11.954272448658658,6.92206771040468,-0.9167642505629627,10.867842867198373,9.687221006469196,-8.386782720430856
0e5e560d,ridge_pseudo_e011_a1__w0.50,ridge_pseudo_e011_a1,0.5,3253,227224.79775280805,8.357681776826357,-6.079703611716734,1643,3253,0.2846603135567169,7.408249898974534,-2.6082657131748017,-0.7021963954021324,-1.2555161565916353,16.431432710754564,5.339181968802781,13.490200431372992,-12.16605709149786
109d9d70,ridge_pseudo_e011_a1__w0.50,ridge_pseudo_e011_a1,0.5,4215,117807.55842587756,5.286737999707478,-0.8812825816749071,1636,4215,0.4132858837485172,0.9356978303836403,4.155945739265144,6.496693885725463,10.364425520978607,-1.5071645893723566,5.940520372766143,8.04626356798585,21.224641544329103
10a1281a,ridge_pseudo_e011_a1__w0.50,ridge_pseudo_e011_a1,0.5,5609,115859.91100280354,4.54489522018427,-1.9100470794211313,1744,5609,0.04278837582456766,1.5636508521713695,-0.5754715988534315,8.729794701442113,16.944332713139694,2.3664450853583197,1.1184798582741162,1.9694838228008542,6.0555185029912595
10b89021,ridge_pseudo_e011_a1__w0.50,ridge_pseudo_e011_a1,0.5,5414,233323.98987139747,6.564785969598261,5.394273420284212,1752,5414,0.5733284078315478,-12.843696882934736,-12.529601628351633,-11.384743744383927,8.227075794699902,-17.48393216548646,-17.370270073560526,-16.675681163852214,-7.97782874365914
10be2420,ridge_pseudo_e011_a1__w0.50,ridge_pseudo_e011_a1,0.5,3271,95771.27860969023,5.410997966558172,4.1052479658490695,1932,3271,0.5166615713848975,-2.906843934792343,-4.889298420432715,-18.032805865851024,-14.899655353481773,-8.385493278365505,-11.54696506754448,-16.225134537903322,-22.19038723820162
113011eb,ridge_pseudo_e011_a1__w0.50,ridge_pseudo_e011_a1,0.5,3272,113123.97590793538,5.879910056297749,2.6190753733509613,1289,3272,0.5030562347188264,5.440945143726846,2.5078664199357057,4.579498564385345,2.797597461128426,11.681567348329969,-3.9507527651807837,-3.6662046365290437,0.9378545317855111
1131525f,ridge_pseudo_e011_a1__w0.50,ridge_pseudo_e011_a1,0.5,4159,487760.9809999075,10.829516505690933,-7.252318883429566,1389,4159,0.35393123346958405,9.034905323806004,10.831245947266527,2.8498442341515413,-2.7901042606261712,10.203168187112084,19.165448651565278,9.409589358893065,26.861597240765246
11d0f5ac,ridge_pseudo_e011_a1__w0.50,ridge_pseudo_e011_a1,0.5,4883,1021857.9271985365,14.466114460390017,-11.327123710852367,1495,4883,0.4040548842924432,9.658151603161029,8.513349326631518,12.069340774019295,15.178098868003598,8.65772045570311,31.10250827667564,25.010674514871887,26.335499347164912
12203f2a,ridge_pseudo_e011_a1__w0.50,ridge_pseudo_e011_a1,0.5,3261,140858.42594162602,6.572279373336585,4.37644448803037,1730,3261,0.291015026065624,-8.957120891959836,-9.276862371193081,-10.751068782747506,-5.656753164967027,-8.47229861699061,-18.592499126678945,-19.162615877708532,-5.83654106049189
122bd617,ridge_pseudo_e011_a1__w0.50,ridge_pseudo_e011_a1,0.5,4570,334555.81345968676,8.556106671245661,-2.419763141311054,1838,4570,0.30459518599562363,5.603024898020846,-9.745843048635217,3.0262737499589374,5.537610257516247,23.31439048145375,-12.864888798109462,3.8245200195952207,16.741015366889666
125be846,ridge_pseudo_e011_a1__w0.50,ridge_pseudo_e011_a1,0.5,6510,2708095.1174373273,20.39583372653619,18.89638644444985,1523,6510,0.27588325652841783,2.1330850329563007,0.1995699013467334,2.7309567305659814,2.5284567574538217,-14.512391512046875,-22.420004587802715,-22.557840566356848,-15.479915354697948
1285a37b,ridge_pseudo_e011_a1__w0.50,ridge_pseudo_e011_a1,0.5,5597,340953.6314151689,7.80494787034098,7.0814198950891925,1806,5597,0.0418081114882973,2.044552057585598,4.876587522277599,2.083736377135171,-9.707758047383317,-7.00536269602065,-2.7450631786261828,-7.112954040532684,-4.866356854964523
1295a25b,ridge_pseudo_e011_a1__w0.50,ridge_pseudo_e011_a1,0.5,5551,317496.65163431334,7.562823431678712,-0.8081345695737658,1486,5551,0.44550531435777335,8.784914148685157,0.9641102110298331,-0.6302510348539139,2.888617378601496,11.05445368595473,15.236648873673152,-3.466028979660964,-1.4817138525790374
12f0cd90,ridge_pseudo_e011_a1__w0.50,ridge_pseudo_e011_a1,0.5,5947,894126.3879271982,12.261694369143548,9.39978051538134,1484,5947,0.2914074323188162,12.78706040638294,17.559152343471375,9.484783924495279,15.019515231278167,-2.8576524669816044,7.157384562204102,8.084688688087796,-19.144526774831988
137d1e44,ridge_pseudo_e011_a1__w0.50,ridge_pseudo_e011_a1,0.5,4554,2910022.5194572606,25.278521069496346,-17.75372037197153,1759,4554,0.4857268335529205,-2.473921352383143,-2.897457646098618,1.4673075245888028,4.919150474797955,-15.264220773160202,28.28388531157058,38.55221487437507,25.505706378446995
13ce113d,ridge_pseudo_e011_a1__w0.50,ridge_pseudo_e011_a1,0.5,2966,30183.636969512852,3.190069986227674,1.702519321748485,1909,2966,0.19116655428186108,2.3230603062750137,4.080081778844709,1.8444420133715838,8.035941341429615,-1.7116332392515319,-2.8059680155370526,3.083396365484115,7.372013031372112
13f598d9,ridge_pseudo_e011_a1__w0.50,ridge_pseudo_e011_a1,0.5,7306,419985.190985047,7.581884331918459,-5.770936145593799,1628,7306,0.556118258965234,14.650189124482875,15.06863680760676,2.7021534319949057,9.717578633868566,16.888866220621065,21.348981643700206,7.095000188368986,13.667406215221709
14a53cb3,ridge_pseudo_e011_a1__w0.50,ridge_pseudo_e011_a1,0.5,6919,281828.79780132964,6.382208951230875,1.185898432149997,1861,6919,0.13079924844630728,5.758021300075304,12.473026570284782,16.256010370190058,10.12964193275187,14.804686738142657,5.166655468555484,4.406224633834512,14.020295118690537
14ab73fb,ridge_pseudo_e011_a1__w0.50,ridge_pseudo_e011_a1,0.5,3649,263802.11985662614,8.502609014847495,1.9002736889483973,1630,3649,0.4097012880241162,-23.35398534733072,-18.40905357080414,0.09210221745958176,-1.091933908328248,-13.280636350339245,-22.46884914742255,-6.264733939774506,-15.788199540117226
14ad5efb,ridge_pseudo_e011_a1__w0.50,ridge_pseudo_e011_a1,0.5,5842,281815.21892863425,6.945466885547677,0.2648705115249239,1510,5842,0.20386853817185896,1.32581835106678,5.775127397971593,-2.79209979642529,0.27432948097892657,-9.655329270307806,6.164845516591667,7.389055103536074,1.4787146534115352
14fee784,ridge_pseudo_e011_a1__w0.50,ridge_pseudo_e011_a1,0.5,4910,1352975.6475052703,16.5998530623467,6.803601045442966,1496,4910,0.6004073319755601,-8.740934070088006,-11.825689057861688,-9.520468941375457,-6.63132959341579,-11.777072729719686,-39.17582640870676,-15.547180974215495,24.224728064552075
153552f5,ridge_pseudo_e011_a1__w0.50,ridge_pseudo_e011_a1,0.5,4695,130569.94249940247,5.273558986824662,0.15059012791006565,1803,4695,0.2078807241746539,-3.4055571903101622,-5.19876858822809,-1.1766664472431008,1.0598363467663137,2.406272591417975,-2.8272624923497234,-4.576060731472555,-11.660804519580156
1550491d,ridge_pseudo_e011_a1__w0.50,ridge_pseudo_e011_a1,0.5,4563,1321100.0032908656,17.015417608730278,15.666071734825133,1366,4563,0.037256191102344946,-5.01586651169832,-7.799847728463684,-3.8713138661817843,-0.18485147455057155,-22.318428652204336,-21.878043682620262,-26.939505367621063,-17.535364479261936
155887bb,ridge_pseudo_e011_a1__w0.50,ridge_pseudo_e011_a1,0.5,5585,597740.9134662908,10.345343201477833,-8.00824098366383,1477,5585,0.2712623097582811,2.2483942600889724,14.346923136567899,0.046531393773090145,22.171900718061202,0.45705813325626016,18.890347597789958,8.256409211129567,18.291071826002284
1590af81,ridge_pseudo_e011_a1__w0.50,ridge_pseudo_e011_a1,0.5,3799,160810.99273908164,6.506137235451498,-4.833882007727187,1432,3799,0.2082126875493551,5.346387150318533,-7.420044928629702,-10.555509522037212,-12.538250352312312,11.87869045557492,-6.623708503019246,0.40185822692800693,3.4766139015540407
15e154a1,ridge_pseudo_e011_a1__w0.50,ridge_pseudo_e011_a1,0.5,6068,836803.1145912483,11.743264907908076,-9.186482461865337,1631,6068,0.48599208965062624,21.08703207194073,16.439957475293475,14.136107032682144,6.256295201169701,35.36892931106149,15.514693511458198,20.550782961624112,28.012599119130854
1619e2ca,ridge_pseudo_e011_a1__w0.50,ridge_pseudo_e011_a1,0.5,4443,161284.7181888091,6.025019449908679,0.107785341512235,1559,4443,0.3968039612874184,0.677117658510671,10.414561248990081,0.3372492025879,3.9449218617403,1.1043600812316132,12.431544373549006,-5.702098651502513,10.728634162210883
16e4a047,ridge_pseudo_e011_a1__w0.50,ridge_pseudo_e011_a1,0.5,4131,502911.14856955135,11.033620290062986,9.298215801197292,1553,4131,0.5727426773178407,-9.412202919626498,-5.032778629639888,2.6113850528057965,9.140032437307969,-13.885823752796885,-8.517223404355237,-11.832381289073803,-12.67048713803697
173ed841,ridge_pseudo_e011_a1__w0.50,ridge_pseudo_e011_a1,0.5,4883,259459.62789858322,7.289395818477698,-1.7891792819540735,1647,4883,0.38951464263772273,8.365002574828505,20.305951887321108,17.403155321184705,14.18500125789179,2.2561118030484053,27.832340116119468,20.255048511586036,11.75952343611987
1770d7c6,ridge_pseudo_e011_a1__w0.50,ridge_pseudo_e011_a1,0.5,7240,433240.7245672385,7.735624026791421,4.5052374348697075,1881,7240,0.04599447513812155,19.76582221570381,19.193943842075726,14.519422495567236,10.895547363490923,13.485137569104413,19.640474591969554,8.955802427111207,-12.560056610110404
177622d7,ridge_pseudo_e011_a1__w0.50,ridge_pseudo_e011_a1,0.5,3154,98631.46547171829,5.5921253593023925,2.7374771068831723,1545,3154,0.5630944831959417,-1.8304979671185315,-3.692890943937571,-7.82015289976119,-3.273029115464967,-2.96102384049145,-0.5071843921510588,-20.34144548571888,-9.409884283237439
18d24f7b,ridge_pseudo_e011_a1__w0.50,ridge_pseudo_e011_a1,0.5,4558,184960.1411659544,6.370183072342156,2.1899808101585014,1702,4558,0.13097849934181657,-5.79681341186049,3.5294229707512565,-1.1063551072423563,-8.035359818136616,3.0624276446364074,-3.582097091128646,-10.908112481596305,-13.15248974568857
19137a89,ridge_pseudo_e011_a1__w0.50,ridge_pseudo_e011_a1,0.5,6267,298046.0915850227,6.89623207612517,2.669024767624402,1691,6267,0.057124621030796234,17.430139647229023,23.307901927858534,15.913851708204039,36.29845602959516,15.64436654524796,6.809229948709675,19.304026017966773,38.86374746611658
1944513c,ridge_pseudo_e011_a1__w0.50,ridge_pseudo_e011_a1,0.5,4722,336913.6906326792,8.446880266794775,-6.479420001004616,1877,4722,0.03748411689961881,-2.4398078159090066,-4.741219007623149,-5.726858793964547,6.859127122813351,8.826034578443844,5.974076174626089,1.6024708256004094,1.7201423435993257
197f8a5a,ridge_pseudo_e011_a1__w0.50,ridge_pseudo_e011_a1,0.5,6310,2364920.332375165,19.35947509952649,-14.915573666633307,1938,6310,0.5215530903328051,3.973302168785655,6.00160445965268,8.030351130859875,7.918847027948116,22.513173754790213,22.94071010364488,30.16564465498464,21.216258227961017
19871e7f,ridge_pseudo_e011_a1__w0.50,ridge_pseudo_e011_a1,0.5,5293,1242845.4064348633,15.323487159444145,13.420024728741325,1859,5293,0.14358586812771584,15.08144477401365,17.978978297661406,16.732424402955104,3.650858099547822,4.686231839061493,0.9344800020388899,-8.35600456675137,-4.957828607967961
198a5607,ridge_pseudo_e011_a1__w0.50,ridge_pseudo_e011_a1,0.5,6251,1243554.1042800713,14.104496686962092,12.158902212565593,1843,6251,0.26907694768836987,7.883815006714224,3.386524458870421,5.0970276805350805,6.58847964602907,2.03993145007076,-13.338156524219645,-16.6344143205386,1.1926413147838224
19fb4f7b,ridge_pseudo_e011_a1__w0.50,ridge_pseudo_e011_a1,0.5,5620,476476.75837699295,9.20773269313458,-0.6117090641669091,2303,5620,0.04306049822064057,-10.724343751243246,-2.4211519208471772,-3.2932587038756225,-9.412564650900041,-19.234032102623566,15.106079771318868,-3.388323306426548,-10.356352825378114
1a518997,ridge_pseudo_e011_a1__w0.50,ridge_pseudo_e011_a1,0.5,4606,659271.4198899268,11.963827917475943,-10.896531607443281,1938,4606,0.4066435084672167,5.9725542241193725,2.1205062188805153,-9.480663870486605,6.568361067817112,13.8353157745078,8.596550396474917,11.896919705231765,12.025523698537734
1a68190b,ridge_pseudo_e011_a1__w0.50,ridge_pseudo_e011_a1,0.5,4474,1029042.4003196748,15.165915955749613,-12.782318233129425,2028,4474,0.275592311130979,1.5973721160509007,2.4690976784472847,1.1033073713511943,-8.376494474597195,14.351665074071699,29.686661676094516,8.50669249193985,6.723240818419658
1a730ac2,ridge_pseudo_e011_a1__w0.50,ridge_pseudo_e011_a1,0.5,4605,1001696.6481652067,14.748684758270837,-12.696154151012632,1444,4605,0.2985884907709012,9.221127524855778,-1.3496575015303427,-1.555982584389594,-6.659812087086287,21.733540431150534,22.528946547407187,5.197125693774872,18.96161785536663
1aaf1da0,ridge_pseudo_e011_a1__w0.50,ridge_pseudo_e011_a1,0.5,4804,217612.8854449484,6.730398891843495,-3.2060305115727505,1517,4804,0.2670691090757702,6.062835660893053,4.393854832499446,5.1116338898637865,-0.1407625882581232,0.6125212985729529,13.012106682761736,10.324397379748982,11.761090027514864
1b08ed48,ridge_pseudo_e011_a1__w0.50,ridge_pseudo_e011_a1,0.5,5618,921861.9093098774,12.809791703775055,11.23121574158573,1557,5618,0.5802776788892845,1.8215030305454287,0.18935469956267809,3.715978371530963,0.9091754143720715,-3.692170273702,-15.760683083007718,-15.094890841311251,-12.71395415120117
1b1c5372,ridge_pseudo_e011_a1__w0.50,ridge_pseudo_e011_a1,0.5,4261,1283290.2074982321,17.354282909312726,11.178849588716133,1531,4261,0.30274583431119456,3.259370917587642,5.361894240204256,1.3546509042970172,-2.1208327191313523,0.8310552681206028,-0.9963915311683956,-34.57734241198296,-21.07477280355811
1b1eba53,ridge_pseudo_e011_a1__w0.50,ridge_pseudo_e011_a1,0.5,4655,2962935.404884137,25.229070426881382,-22.72394229253141,2055,4655,0.16305048335123523,42.56647114305557,56.29527039980686,69.58281990054218,69.45701501880495,51.42484519784604,72.54789593695199,80.0,80.0
1b6ba517,ridge_pseudo_e011_a1__w0.50,ridge_pseudo_e011_a1,0.5,6597,420004.5585985596,7.979097281085984,4.83370773148483,2014,6597,0.42382901318781263,-8.521705123409891,1.0080423262599791,5.417279249502032,-5.128805806636135,-5.895935279840142,-6.44158653744255,-14.054924833434447,-1.0961078514003713
1b82b665,ridge_pseudo_e011_a1__w0.50,ridge_pseudo_e011_a1,0.5,3806,74934.48199117428,4.437174032824947,2.292267481461183,1558,3806,0.0651602732527588,-4.454201084207588,0.9663159648704301,4.6109437116198135,7.165804073629292,-12.974978786507378,1.9381157882105118,7.213962624514343,-5.5921860357299105
1bcb2fcf,ridge_pseudo_e011_a1__w0.50,ridge_pseudo_e011_a1,0.5,4524,142459.14049159182,5.611563241956507,-3.360155268466636,1678,4524,0.06631299734748011,-11.962220890470928,-11.027864640249224,-6.947968009327566,-5.357264303168462,-11.516484907427737,-0.10067096937049953,-8.555016637329308,7.438227098241321
1beca81d,ridge_pseudo_e011_a1__w0.50,ridge_pseudo_e011_a1,0.5,5036,192262.41335310193,6.1788027903777,-1.3901993263727284,1614,5036,0.47934868943606035,-3.827654507447396,-5.836505075395973,-8.675397359939428,-5.61288096144106,4.480006569280726,-2.51541919165568,-15.928296199842189,-0.18280705253666216
1d3fbf02,ridge_pseudo_e011_a1__w0.50,ridge_pseudo_e011_a1,0.5,2694,29198.169015568255,3.2921454417055056,1.5466527476066492,1558,2694,0.3593170007423905,-12.467416093675329,-7.215021179650807,4.819439149698071,12.6770216974844,-9.12181611286428,-7.706583770174255,-0.3586320911611692,5.541752060609678
1d78281a,ridge_pseudo_e011_a1__w0.50,ridge_pseudo_e011_a1,0.5,4949,210052.62444264704,6.514863625489673,-3.2058178890150515,1861,4949,0.21479086684178622,4.817764508117509,12.156847776824554,5.376009534521087,2.4102469453303605,6.561668015764895,25.714082396572763,0.24576479233473691,5.225244933744623
1e30dedf,ridge_pseudo_e011_a1__w0.50,ridge_pseudo_e011_a1,0.5,4071,1258390.0801247475,17.581547237745873,15.198859170003697,1403,4071,0.4750675509702776,6.981530854968783,6.299101777680273,8.017649210889239,2.2159528117034837,-1.4592096226079054,-7.883567012869708,-25.00190460834973,-3.4071371366210235
1e5e3573,ridge_pseudo_e011_a1__w0.50,ridge_pseudo_e011_a1,0.5,5480,286319.1032457698,7.22827860152048,-3.2302370883959948,1646,5480,0.5923357664233576,9.771967298853871,4.6357323090249585,4.0531928289141765,0.9139679967444859,19.368586046965135,15.97697456161601,-3.9121758012177557,3.5381507295287062
1f9afacb,ridge_pseudo_e011_a1__w0.50,ridge_pseudo_e011_a1,0.5,5328,32854.45909362193,2.4832191722664403,-0.4517681620800723,1726,5328,0.44069069069069067,-2.777627989453937,2.990060312444112,3.7204576510353746,-3.3189354803671725,1.1029343245247694,-1.0563896713381122,5.085882602914895,1.7616478174619448
1fdbba44,ridge_pseudo_e011_a1__w0.50,ridge_pseudo_e011_a1,0.5,4911,125819.83227211579,5.061620540785692,2.3612482114772897,1422,4911,0.19894115251476277,5.031156086414316,7.077831750121983,4.909574633656068,6.955226552803036,0.41423894635954295,5.116063854102313,8.168877999978793,1.2143228183590316
1fee2b62,ridge_pseudo_e011_a1__w0.50,ridge_pseudo_e011_a1,0.5,4641,616691.2134093867,11.527313277247618,-9.610916474161368,1682,4641,0.5850032320620556,-14.74477243999901,-6.2483356061680535,-3.788252170342253,-8.852955810684543,-12.596804974746933,10.722774147196697,9.276266169787926,3.383786154354636
20096916,ridge_pseudo_e011_a1__w0.50,ridge_pseudo_e011_a1,0.5,5133,430357.53163391585,9.15649097787152,7.173442013585752,1747,5133,0.5176310150009741,17.838940968582143,18.380077478175075,22.48504947622259,25.854876988699505,8.094576210626894,2.3674134256155943,20.118810905818986,6.247422635262803
200d233d,ridge_pseudo_e011_a1__w0.50,ridge_pseudo_e011_a1,0.5,3926,48705.532128515566,3.522199885692488,1.5392712178974115,1970,3926,0.0781966377992868,16.073089615514213,18.987789321824515,19.648271070981234,6.172502648305712,10.489243767459387,17.443091607643424,14.11399703748163,9.1633951577313
201661b5,ridge_pseudo_e011_a1__w0.50,ridge_pseudo_e011_a1,0.5,5955,981619.740223352,12.838986990384788,-8.89753099159698,2181,5955,0.06616288832913518,-9.854499227051997,-4.182981804580702,-1.3402748352540246,3.6897841399188223,-4.274730730613335,11.197812656852747,13.701213321791256,18.508006974592533
203721ab,ridge_pseudo_e011_a1__w0.50,ridge_pseudo_e011_a1,0.5,5730,401647.95835124666,8.372313284254924,-0.5185978089585382,1505,5730,0.2048865619546248,-5.996626500666976,-6.86495742418254,-6.128610184189159,-14.039719071660613,-7.340042544586554,-16.330636761055914,-5.271621788769455,1.718801920445531
20402d71,ridge_pseudo_e011_a1__w0.50,ridge_pseudo_e011_a1,0.5,6372,317389.72365260177,7.057624483341823,3.749949216594367,1558,6372,0.013339610797237916,-8.005345121629304,-12.027100584067512,-10.29747304965183,-0.5079659783058146,-15.937125882396833,-4.681725356036446,-14.624271013722906,-7.8646386585867
2043abc5,ridge_pseudo_e011_a1__w0.50,ridge_pseudo_e011_a1,0.5,6958,1307924.2743318516,13.710367242495542,-7.3774015862329785,1555,6958,0.6724633515377982,14.558676076575074,14.758765526949876,8.152870396500616,-2.5985402497792576,30.010428840952663,3.2776256427281725,11.319297402545665,24.221065726759857
204cc64b,ridge_pseudo_e011_a1__w0.50,ridge_pseudo_e011_a1,0.5,4805,127285.19370821655,5.146858729165268,0.0027004694588533924,1649,4805,0.3573361082206035,6.761242182327433,-5.727337502801609,-0.2662958313358662,-0.8430605353215475,9.254381847042543,3.1933435586593877,-3.834355055655974,-6.361686129901015
206b6193,ridge_pseudo_e011_a1__w0.50,ridge_pseudo_e011_a1,0.5,6535,4431672.5795311835,26.04120265238206,22.391900188716907,2033,6535,0.04100994644223412,-6.078698493135143,-13.076847039316922,-14.826899763325088,-24.61474083812802,-18.36911436841311,-28.759949436752994,-44.874245022333575,-68.43681300573087
2075c696,ridge_pseudo_e011_a1__w0.50,ridge_pseudo_e011_a1,0.5,3188,217549.8293480045,8.260764038855461,4.871337716607539,2392,3188,0.0809284818067754,23.94144861953406,25.830943815092365,34.24521647664221,43.762640207437805,2.298097705312778,28.63000559528317,29.858605316951998,25.190543399366653
22c5f93f,ridge_pseudo_e011_a1__w0.50,ridge_pseudo_e011_a1,0.5,5172,225716.9350578932,6.60621667919173,-0.25175643033904627,1747,5172,0.5676720804331014,-4.284490272558518,-3.2012859287587894,-0.9320073574775105,-0.4915080261940517,-11.401392536627242,5.052949356852481,-0.942162286927364,-7.668383467411117
230eaaa3,ridge_pseudo_e011_a1__w0.50,ridge_pseudo_e011_a1,0.5,4690,2068527.0853203225,21.001203566486538,-12.61717600251897,1761,4690,0.18891257995735608,-12.360276390039232,-3.629405478288068,6.837561260366482,10.773628869111395,-25.671071751917367,12.679755222014746,36.617394885190265,39.50127063970274
2364716c,ridge_pseudo_e011_a1__w0.50,ridge_pseudo_e011_a1,0.5,4316,642311.7957826757,12.199224703242916,-10.245489010299169,1777,4316,0.293790546802595,3.270903768652597,10.529503289824481,12.679386423931778,15.258462503983822,14.233360048945125,24.30064568891638,19.825919562605446,26.77122244148685
23b9beb0,ridge_pseudo_e011_a1__w0.50,ridge_pseudo_e011_a1,0.5,7340,923933.6705487662,11.219470659221356,10.207159556109062,1450,7340,0.2271117166212534,17.357220430064302,12.786959192869691,21.377603851714735,17.61425965071932,-0.0039205899792820196,4.150971347383674,11.087804853583089,-7.538951379786387
24d8997e,ridge_pseudo_e011_a1__w0.50,ridge_pseudo_e011_a1,0.5,3442,314649.9796992751,9.56111233982154,6.487393154529081,1746,3442,0.14875072632190586,4.353363497252359,11.84343462182426,10.033866428576484,13.452778195652106,7.6875124570331375,-10.692461313463081,7.627073579877825,3.3575900541538504
25050f63,ridge_pseudo_e011_a1__w0.50,ridge_pseudo_e011_a1,0.5,6124,1287278.3583934207,14.498352112454642,-2.834608344574749,1031,6124,0.04996734160679295,62.20951058156104,33.21610965386939,20.811116654807453,35.019486263380955,36.86354683515274,41.265168420804066,45.58752395610689,36.58656255293685
25939962,ridge_pseudo_e011_a1__w0.50,ridge_pseudo_e011_a1,0.5,4319,324146.3696508752,8.663212731965304,-4.82486068008944,1752,4319,0.6225978235702709,-9.417121565117961,0.3478320070939013,7.729091126263192,-5.142026680318834,-15.787564280100836,17.820049623750144,10.721775706710842,5.188741020727599
25fd32b3,ridge_pseudo_e011_a1__w0.50,ridge_pseudo_e011_a1,0.5,2885,28215.80647640074,3.1273272222583692,-2.525824424186033,1661,2885,0.2558058925476603,0.46867667304786254,2.6835107506264384,-1.1677746914367026,4.099016307242184,2.3947730664731446,2.7230692672008106,4.044039741581884,4.056047573957065
261785ee,ridge_pseudo_e011_a1__w0.50,ridge_pseudo_e011_a1,0.5,3646,1094164.4192460587,17.323393155615975,14.426835034981135,1866,3646,0.37602852441031265,-11.19330147076183,-10.606762782007557,-5.136303237740966,-5.357063625727457,-17.692489454778727,-35.180853783581654,-25.331029487202738,-14.151750256075264
264feceb,ridge_pseudo_e011_a1__w0.50,ridge_pseudo_e011_a1,0.5,5665,55927.64879049155,3.142051679052697,0.9545576907208231,1743,5665,0.04289496910856134,-7.901781449655871,-9.809277017199392,-15.215807359137525,-13.613721947083855,-9.990467756287185,-13.023222998304748,-12.407943940748687,-9.45569039801926
26623a50,ridge_pseudo_e011_a1__w0.50,ridge_pseudo_e011_a1,0.5,5735,1037012.203819578,13.44699435417509,12.243974597055438,1744,5735,0.28055797733217086,-12.220540496667004,-11.648182339627516,-4.422682679481808,-6.212034732888502,-30.479255785899795,-25.85653424690276,-16.006271323910806,-18.811196126372007
26d3a96a,ridge_pseudo_e011_a1__w0.50,ridge_pseudo_e011_a1,0.5,4721,150931.82207780535,5.654229176327919,-2.9443710395527365,1744,4721,0.31709383605168395,5.0441579332649145,6.027094739162313,6.935563436841301,-6.946044663236546,16.9254797836493,3.5077315668968208,10.232603531217038,-11.34888706376618
272abef3,ridge_pseudo_e011_a1__w0.50,ridge_pseudo_e011_a1,0.5,4135,199311.7435132644,6.942704599910017,2.147226330619434,1547,4135,0.046674727932285366,-12.405998919128809,-8.504832575310076,-0.8698968613856903,-2.5405715189375107,-2.041957137651896,-20.52356014843837,-6.812948077146244,-0.5139678078924667
27300fd5,ridge_pseudo_e011_a1__w0.50,ridge_pseudo_e011_a1,0.5,5467,988506.7120699378,13.446686333208163,-10.691151642178802,1919,5467,0.036948966526431315,-5.034027447139872,9.222888085919205,16.3757837236764,1.0724827582027898,24.001606066658542,12.486105923660087,22.07226967590752,9.294977187330405
276b012a,ridge_pseudo_e011_a1__w0.50,ridge_pseudo_e011_a1,0.5,4837,636327.5028942684,11.469706465451129,-5.411073628226832,1454,4837,0.16001653917717593,21.334903527263904,21.835150286530215,26.186323752475676,16.87063181889328,38.85810148442292,33.26559516472942,16.24941515731662,22.774337128876827
27c3155b,ridge_pseudo_e011_a1__w0.50,ridge_pseudo_e011_a1,0.5,4958,148267.64331172695,5.4685215900409165,3.269364058553736,1983,4958,0.03448971359419121,-11.768313748770685,-15.83037978305597,-20.038712583494824,-18.318803006224307,-21.58877644960115,-15.688885714391642,-20.61229650265393,-21.39861950031394
27ebb9b9,ridge_pseudo_e011_a1__w0.50,ridge_pseudo_e011_a1,0.5,5766,405274.55870165426,8.383731321281664,-4.704606280484016,1885,5766,0.21574748525841136,4.608343151546107,5.540394184892791,1.7427135472764732,-2.192618602110266,8.288513410782148,5.459019798819872,16.766174649632752,-5.69884044664105
283269ac,ridge_pseudo_e011_a1__w0.50,ridge_pseudo_e011_a1,0.5,2626,25530.520127682124,3.118045658907032,-0.11526116681098503,1941,2626,0.6770753998476771,-6.598255818117115,-0.9696235751760989,3.448117936138824,3.19058520824017,-1.1051634464145093,0.9079985361559699,-1.7698261460573674,1.1284614700273818
28473855,ridge_pseudo_e011_a1__w0.50,ridge_pseudo_e011_a1,0.5,4290,769984.4131286297,13.397146941936173,-12.134326510890965,2330,4290,0.03076923076923077,-12.89199467575931,-21.334435076209733,-20.131552972238723,-7.524933977334219,-2.1042519805371716,-3.7231308804709364,1.289492419383412,6.203064189280604
28f4eda9,ridge_pseudo_e011_a1__w0.50,ridge_pseudo_e011_a1,0.5,5266,404405.15622892044,8.763304748097976,6.131632095028179,1558,5266,0.23129510064565134,16.40678322083979,15.850955185747015,25.642472550729707,23.145695874233333,9.015609181186626,-2.0509526796126325,19.933989313322222,18.696094066031364
29b24409,ridge_pseudo_e011_a1__w0.50,ridge_pseudo_e011_a1,0.5,5587,215434.5504447249,6.209667434880967,-4.545517908089795,1830,5587,0.5954895292643637,13.974597272473142,11.288772589828245,7.290746433370619,5.868431039349435,15.851501072721486,14.951844435295477,13.553157372137019,15.351201366834374
29de15c8,ridge_pseudo_e011_a1__w0.50,ridge_pseudo_e011_a1,0.5,3431,182307.55151225266,7.289403150049796,6.189088373067358,1733,3431,0.03993004954823667,7.599918536623656,6.152142763896,3.2383040288629488,-8.130037916638441,-1.6584561498169106,-2.8017108920785705,-8.978862256430537,-2.3716475174710525
2ab29395,ridge_pseudo_e011_a1__w0.50,ridge_pseudo_e011_a1,0.5,1852,12425.077340441658,2.590174712917069,-1.5027521589395811,1473,1852,0.35853131749460043,-6.194589902132998,-6.878885663957009,2.15711455397201,-4.156871180498355,-1.4887637371345521,-4.739115814973311,-1.4861680648132256,0.4252871937046899
2ac7cb6b,ridge_pseudo_e011_a1__w0.50,ridge_pseudo_e011_a1,0.5,4990,1072860.8076450087,14.662952153666845,-1.9356959467680501,1461,4990,0.039679358717434866,-8.94350197078465,-13.372250418824503,-16.876528312627272,-22.540283899162375,-12.450960007444753,14.913934064456702,-18.56766480673036,-46.89790884318228
2acc78d4,ridge_pseudo_e011_a1__w0.50,ridge_pseudo_e011_a1,0.5,4266,339296.9296528079,8.918247880263408,-1.2784235468471625,1843,4266,0.6819034224097515,4.194004243607238,11.625500342644084,12.48532190501202,7.783712580874722,7.606982391866593,-3.551133458646671,25.061316519637533,17.76919391702783
2b034622,ridge_pseudo_e011_a1__w0.50,ridge_pseudo_e011_a1,0.5,5203,122857.3633414227,4.859299667838288,-3.2565360519096136,1558,5203,0.3105900442052662,-11.150868546358936,-12.625486787280156,-11.739672100610388,-9.890414382715793,-8.099985818446127,-8.907216508628311,-3.129071991624965,-6.418559605753204
2b06ad65,ridge_pseudo_e011_a1__w0.50,ridge_pseudo_e011_a1,0.5,4256,402148.7114905542,9.720587884879587,-9.108013547573492,1450,4256,0.03923872180451128,-7.078992998719137,-8.798910985963563,-5.9015645093739835,-3.883152874788986,-0.9596575901114555,4.3001563166095504,3.4800439019014227,0.02260179896630633
2b547943,ridge_pseudo_e011_a1__w0.50,ridge_pseudo_e011_a1,0.5,3480,69655.01646645488,4.473903142608371,3.2071718192010796,1651,3480,0.3563218390804598,9.796829429565857,21.57555552006778,19.3642855229313,13.786801507856447,1.0438262792337782,18.325417607830907,14.297006093333144,13.072345781031766
2be5c96a,ridge_pseudo_e011_a1__w0.50,ridge_pseudo_e011_a1,0.5,4210,50155.156733892145,3.45157049640607,0.05083388199976885,1543,4210,0.7743467933491687,1.3617554987561682,-0.04752456407129522,0.754037652786312,-3.227990957257685,6.389551851545057,-3.1676159594431166,0.3876496369436997,-1.9764803651560965
2bff06cf,ridge_pseudo_e011_a1__w0.50,ridge_pseudo_e011_a1,0.5,7624,824294.8907376311,10.398001126730254,-7.620161717451478,1550,7624,0.5001311647429171,27.13928124732906,16.723418357723304,22.688040560655455,28.67508841278849,30.161118515746974,28.899760189929466,36.508042969340295,21.849857766236845
2c0c4a4e,ridge_pseudo_e011_a1__w0.50,ridge_pseudo_e011_a1,0.5,4790,813237.3715342329,13.029894738504204,-10.919701964878852,1929,4790,0.04676409185803758,-2.8014537772413814,-8.101158496910664,-9.795606876172595,-11.755513431064376,6.4960400401084755,0.21827315190692895,8.196955627888185,17.011278625468456
2cee0cba,ridge_pseudo_e011_a1__w0.50,ridge_pseudo_e011_a1,0.5,5500,504635.3455977604,9.578720218159345,3.1909812607699766,1835,5500,0.46963636363636363,-7.659307356476177,2.443858085854573,-5.318893239208818,-11.55243460777864,-8.89427510691835,-11.494725550010523,-14.46199739454256,11.689802534920052
2d0c268a,ridge_pseudo_e011_a1__w0.50,ridge_pseudo_e011_a1,0.5,4550,243257.1747439084,7.311847600185025,-0.15335761989820848,1739,4550,0.28285714285714286,-13.219576684027095,-14.653253900610736,-15.351192443606015,-22.272388286555515,-19.577124934240263,-14.232938939197929,-1.6023183013564015,-29.798526073991223
2d179ded,ridge_pseudo_e011_a1__w0.50,ridge_pseudo_e011_a1,0.5,7008,380733.4449568699,7.3707803205495095,4.26605089606876,2217,7008,0.4634703196347032,6.669089858680712,9.93462144467522,-2.8806706465091745,-5.052770355686168,-9.308172432906025,12.434773225064555,-2.70103152626202,-13.937571739431446
2d196986,ridge_pseudo_e011_a1__w0.50,ridge_pseudo_e011_a1,0.5,6474,840567.2945732217,11.394621314398798,7.950031141694527,1842,6474,0.01282051282051282,-4.361959563941001,2.0501670795734297,1.9082735240660256,-8.679672712096377,-1.1584348244511322,-6.762029818258283,-15.113740521936418,-23.456292869253826
2d2d0c6b,ridge_pseudo_e011_a1__w0.50,ridge_pseudo_e011_a1,0.5,5045,132844.01591342667,5.131453676221241,3.0409633569515657,1922,5045,0.6251734390485629,-2.1998116581990055,6.400811998888116,5.413479196036752,10.886043277008337,3.7917809732970205,-3.7813410910719845,0.6088113033706511,5.276904990812852
2d35f86d,ridge_pseudo_e011_a1__w0.50,ridge_pseudo_e011_a1,0.5,4896,865456.4125558778,13.295414928465869,-6.91909564037476,1732,4896,0.2534722222222222,-10.911003164790671,-8.022472624920601,-6.573811416661007,-13.697222712477213,-19.363195622856427,-0.6164160128060021,14.631738674415484,6.745922869672953
2d9f6cb9,ridge_pseudo_e011_a1__w0.50,ridge_pseudo_e011_a1,0.5,7338,627525.0333885899,9.247549699317384,-5.807141350746685,1289,7338,0.036249659307713275,3.5376223039343744,0.026681240200627877,0.8663689322073191,-4.711371384074031,5.09254172579468,4.733205454180842,14.168980206808163,14.607661881965656
2ddad940,ridge_pseudo_e011_a1__w0.50,ridge_pseudo_e011_a1,0.5,5331,238162.3694417142,6.683935186569503,4.110090192444558,1481,5331,0.1637591446257738,6.004521406966437,-2.7379723743336366,-2.5413599603821218,0.5879219463865357,7.693278312242255,-10.715667401024554,-6.681599419225333,-7.0198136012072325
2e29e833,ridge_pseudo_e011_a1__w0.50,ridge_pseudo_e011_a1,0.5,5428,149272.2644038885,5.244084016388832,-2.2052263701173125,1826,5428,0.04476787030213707,-2.895222500546205,1.1875642713647463,1.9950848563628036,-11.912493361182808,1.2791341878114566,8.049283811914483,-8.41175486219822,1.9643335901376207
2e43c2ea,ridge_pseudo_e011_a1__w0.50,ridge_pseudo_e011_a1,0.5,5698,319993.5849807261,7.49392622882343,-4.757092069820275,1651,5698,0.3508248508248508,-7.3352135602019715,2.8861455857227605,5.8629956013421225,2.902706412102243,0.6041488745009886,12.55066900852496,1.4925871387991279,11.35802083474576
2e63d9de,ridge_pseudo_e011_a1__w0.50,ridge_pseudo_e011_a1,0.5,4699,714408.43477136,12.330212582192571,7.968408321414135,1806,4699,0.15556501383273036,14.072317484626945,5.918120492016465,0.6379747236051301,-8.146687497172532,16.867719002497825,-3.275941072153338,-23.153522274996654,-13.574771538686315
2ee0235b,ridge_pseudo_e011_a1__w0.50,ridge_pseudo_e011_a1,0.5,5556,166913.95695798527,5.481068224691849,0.8499938500396551,1700,5556,0.11753059755219583,-10.021359240104184,-4.910551938215218,-0.18743619974920459,0.7325084374584412,-7.556388349868493,-1.9727181217816834,-7.259159388987293,-0.410123995452858
2f19d536,ridge_pseudo_e011_a1__w0.50,ridge_pseudo_e011_a1,0.5,3088,38363.39320948283,3.5246813515570268,-2.342474830529969,1656,3088,0.37338082901554404,-10.798071711028907,-8.316643000402946,-6.803425980734923,-9.337354830553135,-5.099301807996662,-6.19960418174758,-8.506885463411766,-7.933816678620969
2f8e53c3,ridge_pseudo_e011_a1__w0.50,ridge_pseudo_e011_a1,0.5,2594,72845.06772329712,5.299258313682568,4.093593123031866,1539,2594,0.42058596761757905,-1.9514698514974884,6.760723876145045,5.127437685590035,-1.891148785712343,-0.7727930122463693,-1.6304226301538427,0.702660638970664,-10.558189496103857
2fa01aa6,ridge_pseudo_e011_a1__w0.50,ridge_pseudo_e011_a1,0.5,2174,131327.61322572824,7.772276741882322,2.6489341462223686,1686,2174,0.3969641214351426,-11.898748455315332,-7.9280153936438085,-19.285333159078426,-22.535490429158617,-0.8868750800565838,-21.58824968064412,-22.764501456122392,-31.675490090223157
2fd68f7b,ridge_pseudo_e011_a1__w0.50,ridge_pseudo_e011_a1,0.5,4730,8611283.306659853,42.66810630057215,-38.91416068856753,1651,4730,0.6139534883720931,14.084547951508071,25.440591486419375,23.540181135079365,25.892845361969574,52.3644402131172,77.31007960489096,69.56129675616701,57.93019909420394
2fe023be,ridge_pseudo_e011_a1__w0.50,ridge_pseudo_e011_a1,0.5,4221,321204.91899455636,8.723352410568754,-2.2223353755023547,1839,4221,0.4482350153991945,4.807730243915239,9.054451325119667,17.84347098221146,10.069127802274586,15.99191674799269,16.779172958017295,13.84047537945601,-7.715501337127346
30d75030,ridge_pseudo_e011_a1__w0.50,ridge_pseudo_e011_a1,0.5,3404,157178.88795551853,6.795201354194139,1.144448546401745,1605,3404,0.19829612220916568,-2.9196366658171846,-14.48723783924062,-22.017583866687335,-25.054263857855663,5.074302709979495,-10.416565422435765,-19.40750598304346,-40.856585481179806
310c71a5,ridge_pseudo_e011_a1__w0.50,ridge_pseudo_e011_a1,0.5,5245,825442.1847380653,12.544997633784618,-10.715893283400064,1743,5245,0.16244041944709248,1.1219975609621151,-6.6334313169801975,-7.802649993905391,-14.545455451775013,7.907390486323356,14.508842341422252,5.742335246056377,-4.511792473155664
32fe84c9,ridge_pseudo_e011_a1__w0.50,ridge_pseudo_e011_a1,0.5,6408,247886.26159877802,6.219636125441178,0.748658320437121,1755,6408,0.1518414481897628,-21.316246089273157,-28.615748597743636,-26.54269471829238,-31.54068393194971,-15.813135295016085,-26.35907443381096,-29.818274796299065,-16.53887880291985
33c40295,ridge_pseudo_e011_a1__w0.50,ridge_pseudo_e011_a1,0.5,4169,138483.4204259958,5.763455486729847,1.5389496577178001,1820,4169,0.053250179899256414,1.6703146766364085,7.3932310440297355,7.3855345841683375,6.279257999512251,-9.816395038354639,11.211911238908257,7.337580894359959,11.947238148303605
3407f5bf,ridge_pseudo_e011_a1__w0.50,ridge_pseudo_e011_a1,0.5,3638,885430.9602776985,15.600768932340834,7.758353380190761,1671,3638,0.4601429356789445,-10.832418805099774,1.0667070988483063,-6.953503232904902,-16.386510642621452,-2.5762143827610293,-8.697559686200849,-13.271558721559071,-62.265029497986454
3417285d,ridge_pseudo_e011_a1__w0.50,ridge_pseudo_e011_a1,0.5,5449,2972984.812771019,23.35812301857365,-21.988850404994327,2009,5449,0.09818315287208662,7.694652667961603,20.054323574991162,9.26067480136349,16.886025978637075,43.1178787590219,41.0065037552423,30.86086124777655,33.3618056306822
347242c8,ridge_pseudo_e011_a1__w0.50,ridge_pseudo_e011_a1,0.5,3595,452890.11318887916,11.223982285968662,9.7496033608388,1842,3595,0.05702364394993046,2.3088159299322455,17.45073399773537,18.81329122282968,9.510079286770544,-1.9804722437766742,3.6517151615848333,-1.1312712904397566,1.1769853758284927
353e5502,ridge_pseudo_e011_a1__w0.50,ridge_pseudo_e011_a1,0.5,6062,389343.3035658686,8.014167012709404,-2.2138908752869892,1839,6062,0.19844935664797098,2.241409438348126,0.35226448972661917,-2.3546315669108515,-12.043516715217747,-2.587655641054518,5.12288144652588,-3.3448938480266337,11.332104140600343
357c12f9,ridge_pseudo_e011_a1__w0.50,ridge_pseudo_e011_a1,0.5,4079,130884.2633339201,5.664568902543224,1.9023316525715395,1691,4079,0.10983084089237559,-1.800161611686476,9.108499762734786,10.53158681156828,15.953251052255046,1.3801589809030577,3.9996071636164277,8.498373429094691,0.49925835339729524
3584a6eb,ridge_pseudo_e011_a1__w0.50,ridge_pseudo_e011_a1,0.5,4494,731041.7124509884,12.75423882566211,11.849258232863852,1656,4494,0.20004450378282154,5.438095727567016,7.037782485840635,2.337787839433663,-5.063142381527742,-4.3447034119824295,-10.403361932856631,-12.077148943231498,-11.371358133498052
35b30c7f,ridge_pseudo_e011_a1__w0.50,ridge_pseudo_e011_a1,0.5,9579,3085651.801341964,17.947888868289642,-12.203795476679348,1691,9579,0.44388767094686293,-16.451493725460768,-46.712604916315556,-58.51881770042244,-43.88018953001195,-15.131644881156472,-23.529694103079827,-17.849462680715135,-26.278080814364674
35b3ef6a,ridge_pseudo_e011_a1__w0.50,ridge_pseudo_e011_a1,0.5,3904,345504.3088008661,9.407448065154679,8.029978646306933,1832,3904,0.38473360655737704,-10.14912455270732,-23.134758918257653,-23.20056866127814,-29.318666316570066,-16.222467808275955,-28.589423313437734,-35.748199707750445,-28.071630341660676
367456ce,ridge_pseudo_e011_a1__w0.50,ridge_pseudo_e011_a1,0.5,5569,291434.40942824935,7.234054972339871,-1.4642996129863817,1743,5569,0.3462021906985096,14.542178364836403,10.505491428861024,8.818673762294386,11.976356553979489,6.969988443853948,15.886483979792716,4.937521618602186,22.571593728564576
368131f9,ridge_pseudo_e011_a1__w0.50,ridge_pseudo_e011_a1,0.5,4991,1503399.4524883912,17.35575092757863,-13.031845587846409,1577,4991,0.6359447004608295,2.9112400890492283,7.93521154168206,4.851765731551368,2.1284799935982917,8.207162318513147,16.544889989410215,26.558913471004445,36.18652239330408
368fe682,ridge_pseudo_e011_a1__w0.50,ridge_pseudo_e011_a1,0.5,4936,666536.737451494,11.620490772966418,-8.961527307903625,1480,4936,0.03606158833063209,0.7147873540252228,3.714204844877293,4.346788202614051,4.156681119257536,8.088596495893936,26.276043513652176,5.497955582281938,14.077091657461667
3690a146,ridge_pseudo_e011_a1__w0.50,ridge_pseudo_e011_a1,0.5,4073,213217.31131426094,7.23525806871861,-2.0366596409117714,1688,4073,0.17677387674932482,2.8304848222191334,3.5602496451397974,-2.3241372330771646,4.722220595081187,-3.253803859529543,3.7641410943315465,4.954408989349651,12.807100097138468
37344c2a,ridge_pseudo_e011_a1__w0.50,ridge_pseudo_e011_a1,0.5,5197,910873.450427803,13.238923219720878,9.101772128392366,1746,5197,0.14354435251106407,8.492943581583669,20.377210155589996,23.24667561420287,25.170153808749074,-0.3989858909029035,-8.587003945025424,26.41769822311678,12.90135653899959
373ef48b,ridge_pseudo_e011_a1__w0.50,ridge_pseudo_e011_a1,0.5,3509,64868.442978470186,4.299570285396259,2.0003355875035314,1483,3509,0.4579652322599031,4.290036571278203,9.06519376112536,9.180339908046463,4.5357782817159205,1.8921670171093452,4.2698415255393725,4.97997841190746,4.555238196111007
374be387,ridge_pseudo_e011_a1__w0.50,ridge_pseudo_e011_a1,0.5,9965,559710.5052978349,7.494507139244993,5.2911796490014416,1837,9965,0.6087305569493227,2.113602638446303,6.2473247063121535,3.7020032135955994,-7.320012380690612,-4.326605603708302,6.56178534643793,-6.034641452027285,-10.33476575403325
37d36812,ridge_pseudo_e011_a1__w0.50,ridge_pseudo_e011_a1,0.5,4367,129269.92587548905,5.440729745104065,-2.6437049058674855,1650,4367,0.2518891687657431,14.95470292752717,24.978558600528135,21.510368352568072,27.9939296052624,13.109446879995081,33.618000798029804,20.956257928411503,22.97046956828307
38991fd4,ridge_pseudo_e011_a1__w0.50,ridge_pseudo_e011_a1,0.5,4798,851590.9597258194,13.322489891780526,10.654379961639895,1747,4798,0.27032096706961234,-3.420574846069261,-3.358454375414945,-2.9332371142661495,7.279535770938028,-7.347434542651816,-8.762847824608237,-27.83143011170931,-11.136054498302144
389ae58f,ridge_pseudo_e011_a1__w0.50,ridge_pseudo_e011_a1,0.5,6463,1510940.735302593,15.28997013232757,-14.350967474728042,1738,6463,0.1954200835525298,36.17050203955962,39.59854811918744,48.64093925292978,49.1426326080745,52.4858554058678,42.14865036562006,64.3791699992216,58.65973716654152
3932faa6,ridge_pseudo_e011_a1__w0.50,ridge_pseudo_e011_a1,0.5,5452,1297214.8596724954,15.425101621317461,4.898040477172513,1936,5452,0.30502567865003666,2.0258450172416937,-0.9792399736988131,-0.9814632263599681,20.937615074061892,-21.01168741766652,4.987082212621106,12.290214443470775,-12.048513863348079
398dce4b,ridge_pseudo_e011_a1__w0.50,ridge_pseudo_e011_a1,0.5,3166,91483.74097708127,5.375470743671772,-3.8917027777899222,1839,3166,0.4990524320909665,-3.8420127698711255,-7.67193835659138,-8.769174619136948,-4.358872799447569,0.6337953475157605,-7.397662487429229,-3.266968659601495,9.788246271885686
39b51819,ridge_pseudo_e011_a1__w0.50,ridge_pseudo_e011_a1,0.5,4231,171716.13912131544,6.370654387488029,-4.9653115164354835,2151,4231,0.5582604585204444,1.9216648121078996,-2.2492965822329607,-8.64808992507128,-6.836163985781541,4.090493447646442,2.3230091031815143,2.6821022894769886,1.9155031003242147
3a0af893,ridge_pseudo_e011_a1__w0.50,ridge_pseudo_e011_a1,0.5,2927,952623.7169682991,18.040531720315926,-15.80736619280391,1653,2927,0.5175948069695935,-3.4155219471661082,-5.193406143581191,6.99041496744622,-2.5091493683145694,3.091609593332313,22.92200727714261,26.040999251908012,22.25301356636565
3a223519,ridge_pseudo_e011_a1__w0.50,ridge_pseudo_e011_a1,0.5,4583,370999.0118402321,8.997284384835229,8.366306179119812,1998,4583,0.0914248308967925,5.7197514843373805,2.1187403105741742,-3.4622641205576357,-7.063707420707241,-3.8610144495471483,-2.168984063766311,-14.731140680688037,-16.608643615641117
3a7dd95d,ridge_pseudo_e011_a1__w0.50,ridge_pseudo_e011_a1,0.5,3072,82020.59543693886,5.16714743133274,3.1740529174515237,1248,3072,0.4736328125,-20.059833986645593,-11.407902112268504,4.602321720616937,3.653087250773436,-23.234585346112897,-15.98184576751611,5.47904612588197,-9.32761819422926
3a824aa7,ridge_pseudo_e011_a1__w0.50,ridge_pseudo_e011_a1,0.5,4201,387164.6261695123,9.600005779494118,8.818177225234814,1477,4201,0.47179243037372054,1.3821243256569047,8.509151593412588,10.051347833417012,9.692770724488085,-10.515037577189997,-5.034737495926346,2.851958396624538,2.9968654316110492
3a86fe8d,ridge_pseudo_e011_a1__w0.50,ridge_pseudo_e011_a1,0.5,5118,329015.8240695039,8.017856001646008,6.512485815408778,1454,5118,0.47811645173896056,-5.957118594911465,-5.520429248699578,-5.3910547055215705,-1.0510278438803773,-9.081103784377762,-10.117063827153002,-19.88274024274109,-3.8842267704978832
3aaa2b30,ridge_pseudo_e011_a1__w0.50,ridge_pseudo_e011_a1,0.5,4711,220453.18797769648,6.840717245599197,-4.112088663149982,1685,4711,0.3122479303757164,2.3956300492347244,14.781173239069878,16.868202555394976,18.56214272777353,10.883017042066276,13.034011891970056,24.31676232333818,25.98252907681562
3ac16ad0,ridge_pseudo_e011_a1__w0.50,ridge_pseudo_e011_a1,0.5,5649,735980.3573032864,11.414248527454683,5.866014415197651,1763,5649,0.2526110816073641,5.2472306419028225,11.19564622492609,16.892704368889888,17.38002226357935,-0.8155953924627072,20.75157832869868,-8.700072332337115,5.184896928544055
3b21ea64,ridge_pseudo_e011_a1__w0.50,ridge_pseudo_e011_a1,0.5,7376,443580.29904330365,7.754890513527811,-2.7399988276402834,1727,7376,0.06033080260303687,2.693193439380966,2.888202653846844,-1.4120290011798606,10.419278871152216,2.0762143166129787,3.3880830960055253,7.418564489819505,8.265609052978272
3bbe1f5d,ridge_pseudo_e011_a1__w0.50,ridge_pseudo_e011_a1,0.5,6918,2898735.387711173,20.4698192282076,-19.33687464061745,1266,6918,0.45952587453021104,-15.960128286400856,-4.508872856121405,-9.60104019238461,-14.569707657356352,14.102833754175556,7.412545697388093,6.427488836353985,17.78211856145314
3bfee975,ridge_pseudo_e011_a1__w0.50,ridge_pseudo_e011_a1,0.5,3603,314399.48696991324,9.341331477016878,-3.690262819654723,1485,3603,0.6072717180127671,1.11631313155277,-2.87233250360542,-11.582522228922233,-15.18776004919323,-10.850672596541212,11.846525236331006,1.3944217565618595,-11.540534571124962
3c3dbcbc,ridge_pseudo_e011_a1__w0.50,ridge_pseudo_e011_a1,0.5,5069,535381.8094018623,10.277101835386798,4.726115193069397,1842,5069,0.5642138488853817,-10.329127654310428,-7.715843509609996,19.352867477691934,40.6831817900297,-10.840715091883608,-6.360199678830102,15.370517949264139,0.3760058680872119
3d96d897,ridge_pseudo_e011_a1__w0.50,ridge_pseudo_e011_a1,0.5,5659,86911.63301142423,3.918944455155152,0.34682402645701704,1488,5659,0.07227425340166108,-0.42237495104209144,0.28391477761898193,-0.9716187498091934,-4.748501195251267,-1.284582614320545,-3.0363838334330766,-6.298891403587174,7.353137806493304
3df4b19e,ridge_pseudo_e011_a1__w0.50,ridge_pseudo_e011_a1,0.5,4988,161247.4947589182,5.68569115880132,-3.967302689496685,1670,4988,0.2947072975140337,-8.6896102225954,-13.189219287987601,-21.156281954272195,-12.358690108579745,-2.3954091672650146,-13.29569970156113,-7.64165437667589,-9.356543031054477
3e011332,ridge_pseudo_e011_a1__w0.50,ridge_pseudo_e011_a1,0.5,2723,844724.363878268,17.61301437536472,-9.226010404358293,2119,2723,0.017994858611825194,-1.6220048752235172,5.002106770816431,-3.137566404551911,3.3448954462594287,-7.117747874219554,7.253235601560173,40.62336031873722,-6.635629195771696
3e678ea7,ridge_pseudo_e011_a1__w0.50,ridge_pseudo_e011_a1,0.5,6858,1066196.315688675,12.468661887445682,-10.785278463854446,1879,6858,0.39282589676290464,-1.8723176962910024,-6.324133045990237,-3.087919820977259,-11.06035296274926,14.424401277348377,6.922199632633348,6.120288292882769,6.403955580222985
3ef6372a,ridge_pseudo_e011_a1__w0.50,ridge_pseudo_e011_a1,0.5,4727,178509.73750776445,6.145230176804399,1.0627983360990882,1939,4727,0.03469430928707425,0.23431831635136943,6.7230655844756315,2.2213428036165257,-0.18706169293764696,5.439901988082606,7.82453462666303,-11.397005096128161,1.9451061260350075
3ef98781,ridge_pseudo_e011_a1__w0.50,ridge_pseudo_e011_a1,0.5,3892,135251.14645591273,5.8950034248689835,-0.39532940650121184,1451,3892,0.03802672147995889,-13.938450518865244,-9.980513750492616,-16.78565534783502,-21.795867652220796,-13.940292787114965,-10.444659568558675,-18.350878789939962,-2.2988589597077946
3f603129,ridge_pseudo_e011_a1__w0.50,ridge_pseudo_e011_a1,0.5,5051,2468167.955297897,22.105414891174686,-18.92258080500257,1548,5051,0.30291031478915065,18.804940099250125,4.135982830548312,2.8021579445067513,4.752647551449402,42.6094922162374,25.0023024308453,37.1222552329424,9.685899158660284
404c4384,ridge_pseudo_e011_a1__w0.50,ridge_pseudo_e011_a1,0.5,911,86607.0701788707,9.750288924699412,-4.2411938489657395,1701,911,0.33150384193194293,-9.066948078052524,15.205315416374424,5.768249204479687,-22.390274596294265,2.090431642060661,2.0728016024007423,3.1316472021235837,8.845566695523777
4121c517,ridge_pseudo_e011_a1__w0.50,ridge_pseudo_e011_a1,0.5,3723,235377.23469484196,7.9512555190017675,-3.339956929118953,1748,3723,0.38651625033575077,9.908683468664504,2.034582473248415,2.5305563873792316,5.07670127397906,18.57325976751696,12.006099975703323,-4.559798563992912,7.820046291633132
41fb0192,ridge_pseudo_e011_a1__w0.50,ridge_pseudo_e011_a1,0.5,2973,142237.5141601518,6.916870141402674,-4.924785794479297,1408,2973,0.062226707029936094,-1.316777011857783,0.7282638884639051,-3.5990953208614576,-14.963010351693665,5.557045265380485,-0.8829584400627515,5.7469050821120975,2.6444706119989947
42669188,ridge_pseudo_e011_a1__w0.50,ridge_pseudo_e011_a1,0.5,4282,943840.9554958347,14.846568204745449,12.640127315944586,1798,4282,0.0751985053713218,-9.938089181148516,-16.239867606547726,-13.951509582023657,-4.4376921465669685,-18.31801552277872,-32.21862457450629,-17.709733208553487,-33.126083749630695
42c538a1,ridge_pseudo_e011_a1__w0.50,ridge_pseudo_e011_a1,0.5,3279,680857.4286015381,14.409781044604479,-11.32774957696008,1483,3279,0.24306190911863373,4.6114940700048965,14.553790334669861,22.634794470495862,20.395061294311503,9.083385124510167,37.84215636607705,33.87757878777824,20.876927124824224
43b06c70,ridge_pseudo_e011_a1__w0.50,ridge_pseudo_e011_a1,0.5,4846,140873.14435559337,5.391658779108817,-4.102316827051395,1744,4846,0.1648782501031779,7.541915494837736,3.0085916896700393,-2.965997132868829,-3.799603255021026,13.730627019614044,8.69189142370471,0.9794038987039765,2.6333213732362406
43c7f85a,ridge_pseudo_e011_a1__w0.50,ridge_pseudo_e011_a1,0.5,5978,182663.6581801238,5.5277465236141365,1.5300421811193763,1506,5978,0.5043492806958849,-7.760109218025887,-9.970313918821669,-10.178325069155699,-5.3049185620017045,0.3580570775840227,-19.64057856023645,-13.134756082670764,-4.33183290476171
43e16325,ridge_pseudo_e011_a1__w0.50,ridge_pseudo_e011_a1,0.5,3720,736363.719899615,14.06937228635857,-11.671769868605226,2125,3720,0.16048387096774194,8.417708405264621,25.476639034528375,50.95826778925101,66.34634994073107,11.956897611042312,35.140069679413834,62.22857694379182,80.0
44441e54,ridge_pseudo_e011_a1__w0.50,ridge_pseudo_e011_a1,0.5,4357,79956.40544592988,4.283836144229898,1.83048974124823,1211,4357,0.40945604773927013,1.6696686790019002,6.312775559650509,6.376596609442791,4.738778008389302,-2.8237871461640967,2.776781715664403,0.9660642393481359,-6.550429252845824
445af6c2,ridge_pseudo_e011_a1__w0.50,ridge_pseudo_e011_a1,0.5,6041,3267011.54770434,23.255244873380654,21.387257065231054,1957,6041,0.1607349776527065,5.7304641488562655,-12.73390256113677,-13.627938760884962,-14.302385848267084,-17.418948098258074,-38.18134954962177,-35.15949424346595,-36.250510182300616
4463446c,ridge_pseudo_e011_a1__w0.50,ridge_pseudo_e011_a1,0.5,3256,579684.8955754064,13.343009465240527,-10.679523077219569,1473,3256,0.1977886977886978,1.42910396904531,0.7917386039686721,11.49010609318232,3.950318867994305,5.274791677428805,8.265986168542957,34.346208201922096,23.462804053682344
44a94013,ridge_pseudo_e011_a1__w0.50,ridge_pseudo_e011_a1,0.5,4903,1589930.8150935676,18.00769667463078,15.647060699206124,1589,4903,0.2502549459514583,-11.47594676448874,-8.988784131715907,0.18956342561848089,-13.571887088529717,-29.242918318147282,-17.289657992188747,-6.394319794019714,-52.7443310675794
45fb3e21,ridge_pseudo_e011_a1__w0.50,ridge_pseudo_e011_a1,0.5,3649,743938.5674291169,14.278467763146978,10.454618388146574,1977,3649,0.5661825157577418,-3.238215171973644,-9.052162029892159,-16.72746534567777,-23.228475541899495,-1.575994949400786,-17.328601737835704,-42.94303952093303,-32.711934558502385
460f859e,ridge_pseudo_e011_a1__w0.50,ridge_pseudo_e011_a1,0.5,3336,806365.3276013907,15.54722564640319,6.38105920718641,1646,3336,0.6205035971223022,22.645313409598103,9.996033852457922,-6.799297069767723,2.508695218191292,14.73383732158772,28.81196932513389,-29.40263408153806,-24.850712883353722
4630ab92,ridge_pseudo_e011_a1__w0.50,ridge_pseudo_e011_a1,0.5,3373,288058.7353789217,9.241284792321053,5.529245054387899,1934,3373,0.27334716869255854,-5.480771747568172,-5.1715772311596755,-1.655981042603432,-3.2938891783860766,-2.616683958805765,-7.1379397846312,-22.692791427164188,-1.452374625214288
463c38f2,ridge_pseudo_e011_a1__w0.50,ridge_pseudo_e011_a1,0.5,4460,367063.1939894092,9.071998929211599,-4.592642335082772,1588,4460,0.22780269058295965,1.8988737062979024,-8.272524681266479,-7.027337571389085,-7.1680871020827555,-3.0471298705826735,-8.022791098151554,9.998042284592618,-0.5513130289109088
4654e7de,ridge_pseudo_e011_a1__w0.50,ridge_pseudo_e011_a1,0.5,5373,320073.9395783853,7.718212604145406,-6.283137862799559,1637,5373,0.05025125628140704,-3.9214969096622783,-6.384467938281779,-8.399139105226679,-9.188537410723459,6.592989916418408,-5.020606651082567,-1.2814697064398357,7.0805805490615885
466fc788,ridge_pseudo_e011_a1__w0.50,ridge_pseudo_e011_a1,0.5,6197,507045.8054107614,9.045505646880082,1.8992372414003467,1570,6197,0.4797482652896563,12.89926574359247,19.590470193157863,22.011372123314427,21.824130555894115,20.59891493966938,-1.526459005773657,25.845419849267195,21.56653170818316
46a301e9,ridge_pseudo_e011_a1__w0.50,ridge_pseudo_e011_a1,0.5,8226,639577.5246628535,8.817637574359766,4.072824237197302,1736,8226,0.4564794553853635,-1.406660367607261,-19.360585323498025,-12.474030049749237,3.6772680804347253,-13.475163711357487,-7.654783382554298,-10.782957021666297,-12.003416169377596
46a7190b,ridge_pseudo_e011_a1__w0.50,ridge_pseudo_e011_a1,0.5,4215,508417.864415231,10.982762990160454,-7.157335718544926,1431,4215,0.4099644128113879,2.583418569151216,7.932547484133941,2.313035054496915,5.500314051866679,10.032223033933242,1.8448723322837621,22.59316858193657,18.011010025397496
46d24a09,ridge_pseudo_e011_a1__w0.50,ridge_pseudo_e011_a1,0.5,4449,456531.0668715643,10.129872179744646,-3.000146242910716,1674,4449,0.21038435603506406,21.213529161799258,20.952809370516757,17.960832306669793,23.924227407041982,17.75213105274706,24.84638481135551,21.761913591508353,13.725000846711096
46d41ff6,ridge_pseudo_e011_a1__w0.50,ridge_pseudo_e011_a1,0.5,7901,673038.1668224464,9.229513632155644,-5.847735846088975,1325,7901,0.3350208834324769,5.0204988013960845,-8.055773221579244,-9.417368147726457,-9.245176810939205,8.116812099114263,-6.700486981071283,4.389451719992094,7.205211573833825
46dfcfca,ridge_pseudo_e011_a1__w0.50,ridge_pseudo_e011_a1,0.5,3606,252970.02645342395,8.375710770303108,-5.256457915950179,1315,3606,0.5268996117581808,30.09402319568435,24.626590406448923,16.179729697810064,18.873574786501514,28.061554922188552,20.41657280336468,20.989162191537737,36.62010769444164
47222616,ridge_pseudo_e011_a1__w0.50,ridge_pseudo_e011_a1,0.5,4406,260308.37431814184,7.686379507971736,3.4445193326399717,1429,4406,0.18883340898774398,5.893957037890766,19.75060205321841,16.65107283226346,27.548658188414596,5.25004469252824,1.6194268398184712,23.981223735947594,13.446623603135437
47ee27ab,ridge_pseudo_e011_a1__w0.50,ridge_pseudo_e011_a1,0.5,6397,311179.29843754834,6.974565758661454,1.6491681846805983,1877,6397,0.16726590589338752,1.867120392600397,2.504596833885436,3.260747571332749,-4.511773064132422,5.0247492988220355,-1.6029909720747375,1.6339610295401685,-21.022730204814927
481de5fc,ridge_pseudo_e011_a1__w0.50,ridge_pseudo_e011_a1,0.5,5952,1687894.1936688158,16.839963596643937,15.32259023887698,1742,5952,0.37163978494623656,3.109876288166105,6.017636105572978,6.115084502135437,-1.1123218223700444,-16.989079541938477,-16.61670863159893,-10.28457159186664,-10.776595363991623
48c1f673,ridge_pseudo_e011_a1__w0.50,ridge_pseudo_e011_a1,0.5,2917,1424802.6666894692,22.100858553768173,-19.442071241859725,1749,2917,0.03599588618443606,-1.0339923604939865,-6.3875340034964285,-4.724835209611979,-5.899037486614508,9.24996736588937,25.99100668463499,24.133867166757366,12.695680859378447
4936af16,ridge_pseudo_e011_a1__w0.50,ridge_pseudo_e011_a1,0.5,3991,129037.03249803754,5.686123911423803,3.7866750818275965,1568,3991,0.5590077674768229,2.5720073888650896,2.703289677800744,-0.9133865206874419,-2.2230912913661776,2.7403618683051056,-2.2192826822533696,-7.1047361474535675,-3.385602875689459
493b5b31,ridge_pseudo_e011_a1__w0.50,ridge_pseudo_e011_a1,0.5,4671,937802.7418772711,14.169378952851083,-10.616197491830642,2213,4671,0.047099122243630914,-8.331130359936042,8.885141440744471,15.435190189561013,8.295254103022568,-5.407990939867952,21.124495761092476,28.20802204643042,29.88429449104977
49dbc14c,ridge_pseudo_e011_a1__w0.50,ridge_pseudo_e011_a1,0.5,3872,39240.65229992471,3.1834676041308794,1.7480798510611122,1326,3872,0.6738119834710744,-0.6902802068445701,-4.255416207609843,-7.090962655862979,-4.036875014475994,-1.7470302214004294,-6.946407436120261,-4.677987893418547,-8.41896674495557
4a035ec2,ridge_pseudo_e011_a1__w0.50,ridge_pseudo_e011_a1,0.5,2588,637288.130497054,15.69227025106806,12.068982419732189,1934,2588,0.08693972179289026,-5.837538604110686,1.9430224676540937,-4.975397294560863,-11.715549997112175,-0.899736789725216,-21.931354590893527,-23.259645937353188,-28.429645264197006
4a335117,ridge_pseudo_e011_a1__w0.50,ridge_pseudo_e011_a1,0.5,5015,751393.259979483,12.24047239702739,-4.565019062009769,1712,5015,0.2875373878364905,21.44028974590173,19.173876986483503,22.239719969719616,13.932868126044653,29.354410561725565,36.10975595912999,0.03401394629457144,41.082111822866956
4a8ecc0b,ridge_pseudo_e011_a1__w0.50,ridge_pseudo_e011_a1,0.5,5809,2864563.6191316713,22.20641990648473,18.807219722282685,1565,5809,0.01996901359958685,9.13261683219478,30.197319362735357,42.38106541770378,48.38210711058546,-15.85295040301743,22.92153211936134,4.9094767862913855,5.806073910358759
4b462989,ridge_pseudo_e011_a1__w0.50,ridge_pseudo_e011_a1,0.5,3106,149733.25557222642,6.943179737838695,-0.9582767677106676,1632,3106,0.3966516419832582,-5.750099115808169,-1.79308847005073,-7.059974580402516,-9.181345670143452,-11.417882019551847,-7.506320508892813,2.4361666890841827,1.650521893880332
4b831d20,ridge_pseudo_e011_a1__w0.50,ridge_pseudo_e011_a1,0.5,7312,728447.2612288538,9.981158817976956,-0.8294084293346723,2121,7312,0.038840262582056896,-21.12779657230559,-17.51514298846279,-14.639643075235389,-25.766620814664492,-12.81853986526435,0.7495271923481177,-19.973393970392877,-32.632813835386585
4c2208f5,ridge_pseudo_e011_a1__w0.50,ridge_pseudo_e011_a1,0.5,5384,705265.2060571611,11.445208368008853,-7.819437856285808,1864,5384,0.037704309063893014,28.097160340205143,39.54687578115414,36.49317278853774,38.54196873196542,49.56067495767161,34.87020470070794,44.618477548170745,27.984307285052605
4c3168cf,ridge_pseudo_e011_a1__w0.50,ridge_pseudo_e011_a1,0.5,4334,958082.8963877503,14.868155348509408,-13.991502225241991,1625,4334,0.23534840793724043,-8.411594124445333,-16.35114393382436,-18.7027396162912,-11.429657240805374,7.47477929256319,2.27751773580655,2.8701186220247035,0.5999055306247746
4c3df468,ridge_pseudo_e011_a1__w0.50,ridge_pseudo_e011_a1,0.5,5392,1032168.5842822596,13.835675783448094,-10.049874536224495,1511,5392,0.5070474777448071,8.661146884033183,10.26152044975721,9.058448773444725,19.800581288762057,19.69554701886078,34.18668233938185,16.441389697111635,6.509407302929055
4caa7289,ridge_pseudo_e011_a1__w0.50,ridge_pseudo_e011_a1,0.5,5396,612824.9927535651,10.65693369923183,-8.977534414576212,1458,5396,0.6123054114158636,-1.974953321562041,-3.436053456817356,3.2179067234345498,-1.943994519182305,2.567733078743778,1.4742595268501268,16.482221225235783,15.347994156363828
4cd1ac61,ridge_pseudo_e011_a1__w0.50,ridge_pseudo_e011_a1,0.5,4489,27879.637519529133,2.492118899528064,-0.15959865507663237,2220,4489,0.11940298507462686,19.935593242214697,19.201213694851525,13.540971510436332,26.19933055643414,17.792263452947836,14.758471706010166,15.601248734021137,15.969082381535728
4cecf7b3,ridge_pseudo_e011_a1__w0.50,ridge_pseudo_e011_a1,0.5,6019,1102027.414636021,13.531128784881874,8.347956058017308,1657,6019,0.48297059312178103,8.84215072562532,12.939556212749116,5.492207062302365,-12.938901919610226,3.21135506553504,-11.258427790236366,-2.294451511640946,-1.561136860165744
4ddde4c1,ridge_pseudo_e011_a1__w0.50,ridge_pseudo_e011_a1,0.5,4472,125584.51005463864,5.29928333441153,-2.681805899833298,1945,4472,0.07535778175313058,-3.800287575613074,-6.5750663949601815,-9.35607364458995,-2.180137514355214,-8.136066728671635,-3.46073856564015,-1.7415332232698175,3.416366073580125
4e050c92,ridge_pseudo_e011_a1__w0.50,ridge_pseudo_e011_a1,0.5,3705,43997.51695781644,3.4460373282897927,-0.8885122780007393,1531,3705,0.19406207827260458,3.0277998922265854,-3.044874752103476,-10.394313076214733,-16.786361568855153,0.4476837291384432,-1.4815594258410745,-6.097849618464927,-17.06492725485321
4ed93db6,ridge_pseudo_e011_a1__w0.50,ridge_pseudo_e011_a1,0.5,4657,285973.8952391554,7.836282363991341,-7.220322836867031,1839,4657,0.037363109297831223,-16.295220906798,-12.111691764107439,-26.069324842441063,-22.630194342295646,-1.6718893765401857,-8.82473193963975,-12.975866225318086,-13.095965256377333
4f3eb9e9,ridge_pseudo_e011_a1__w0.50,ridge_pseudo_e011_a1,0.5,4697,2725546.05308391,24.088873013979946,-16.301926711200085,1214,4697,0.049819033425590804,-0.8970356345578171,7.67315593381892,15.784501214550733,16.78032432819585,-6.560820082285939,19.59425783720871,57.24390407651451,45.20408663856819
4f4ac5ce,ridge_pseudo_e011_a1__w0.50,ridge_pseudo_e011_a1,0.5,5162,315393.1917428968,7.81658683720657,-2.345139664262535,1737,5162,0.5984114684230918,-0.46915259192041364,0.855873894429493,3.468979607499135,-2.6174121295998654,-8.986301971460964,7.231797807182959,7.557788091743516,11.433834279592554
4f4afcc6,ridge_pseudo_e011_a1__w0.50,ridge_pseudo_e011_a1,0.5,5645,485148.8963749185,9.270551071063153,-6.773244741501449,1539,5645,0.07263064658990256,-3.437746760943603,-9.795521323323195,-13.824164651062222,-13.656294839093713,12.779103335027123,-1.3878618637126987,-7.772064150133394,-7.352189015516393
4f69febf,ridge_pseudo_e011_a1__w0.50,ridge_pseudo_e011_a1,0.5,5460,158804.432156421,5.393056724577384,3.2824574176081978,2139,5460,0.02857142857142857,14.911197294175304,27.597030773185907,27.358174885293796,23.299125391111676,13.334962412554933,11.05437422593486,20.96447135651342,19.15769798350478
4fbe9c06,ridge_pseudo_e011_a1__w0.50,ridge_pseudo_e011_a1,0.5,6287,652180.6562668101,10.18502798308349,5.889358145782296,1651,6287,0.6146015587720693,2.0496566156635425,-2.915852218743013,-5.676554843870415,-3.297936223690621,-3.0450763423830285,-20.684107218358342,-17.38313937518965,10.404872356589827
504c8b08,ridge_pseudo_e011_a1__w0.50,ridge_pseudo_e011_a1,0.5,6367,1222716.7725528355,13.857838951894841,12.022886643340923,1645,6367,0.18595885032197268,-7.120578232659112,-13.769294869462607,-17.15983118018753,0.36048992913505984,-20.365382703379275,-21.99353049238073,-17.924263736792483,-32.63656561269046
511e1db0,ridge_pseudo_e011_a1__w0.50,ridge_pseudo_e011_a1,0.5,3821,602682.6441805239,12.559022070938102,-10.942073157167927,1824,3821,0.05679141585972258,-7.837281332337122,-7.826244655448439,-14.170106753671153,-20.20208434545481,-1.3294075071719391,2.9368372824925344,0.558318562213757,5.005582277244924
512943b2,ridge_pseudo_e011_a1__w0.50,ridge_pseudo_e011_a1,0.5,5029,462078.0731815145,9.58554615059947,5.622035136989259,1652,5029,0.7713263074169815,-1.9443271231623804,0.5755972820403741,5.147062445230767,17.959409163528033,-0.4623817563141032,-2.179193055219638,0.3331319671980839,-12.319313694466144
5138a660,ridge_pseudo_e011_a1__w0.50,ridge_pseudo_e011_a1,0.5,3559,66610.4294570559,4.32620527822202,-1.3038056343166033,1270,3559,0.38746838999719024,-7.331168401802531,-2.8691929566173027,-3.4038592154109395,-5.88689291993777,-0.7125194095108415,1.3366186827754645,-9.141095233692205,-9.071364402115435
516088b7,ridge_pseudo_e011_a1__w0.50,ridge_pseudo_e011_a1,0.5,6645,402946.28488946246,7.787105980205159,3.3455469355277723,1655,6645,0.5921745673438675,3.0925866139864415,7.483053721684863,6.688836233121322,8.711725419684841,6.621291331822712,2.4102429383531714,-3.848502918742367,-4.937022685021038
521a7819,ridge_pseudo_e011_a1__w0.50,ridge_pseudo_e011_a1,0.5,5200,1184571.2612920676,15.093116498360764,13.715471544453255,2024,5200,0.15788461538461537,3.117916158247014,-16.450594329486854,-18.947057994227524,-10.750789681148271,-21.71394788516829,-26.212844537285584,-37.76629293691585,-16.438251506704482
5254b6db,ridge_pseudo_e011_a1__w0.50,ridge_pseudo_e011_a1,0.5,3274,143610.20489044365,6.62297801442902,-5.872146949241603,1841,3274,0.21991447770311545,1.1810959334756352,-1.2025191667144806,3.741281068372917,10.956482020276317,8.214583205186893,6.605492866260484,9.027281330214592,5.52096481391147
529e88ca,ridge_pseudo_e011_a1__w0.50,ridge_pseudo_e011_a1,0.5,3417,705954.5837521158,14.373611154316302,-6.612452748772528,1836,3417,0.549897570968686,6.892098304391929,5.694871288026771,2.462590470726934,-2.3003244343505296,-11.339412201996437,24.8856063523633,18.713202784763695,11.6023372178472
52f1e77a,ridge_pseudo_e011_a1__w0.50,ridge_pseudo_e011_a1,0.5,4442,486791.37692667573,10.468444650083773,-4.80779812141967,1611,4442,0.062359297613687525,15.21710243585731,5.529740549864355,8.574417808011422,-8.094311133295305,26.148232436517965,3.4250262074635285,2.7829389313035513,27.141507525182664
5305524b,ridge_pseudo_e011_a1__w0.50,ridge_pseudo_e011_a1,0.5,4898,776445.9067545218,12.59059377486297,10.471269122804276,1559,4898,0.35443037974683544,-5.113780046206339,-6.994170799535236,-6.967173988673615,-1.5223990344159601,-11.077195555507405,-21.118210429553997,-15.913356429072858,-24.040032152441277
53134831,ridge_pseudo_e011_a1__w0.50,ridge_pseudo_e011_a1,0.5,5126,2509178.4343469758,22.124653213507823,21.34296846873786,2088,5126,0.5793991416309013,6.492010009595758,6.881954800899008,3.371587511285385,0.6599657564094775,-15.662768981747435,-18.952575899707647,-20.724929622726233,-19.21281723214424
5397ceb1,ridge_pseudo_e011_a1__w0.50,ridge_pseudo_e011_a1,0.5,5255,282850.501628039,7.3365539660440895,-0.7784330414236874,1556,5255,0.08544243577545195,-4.60237168122701,-7.023987688534348,6.619509848336287,6.054365960976281,-3.828986037607103,0.16825166885445375,5.0314269616253755,19.046217638294983
53f23031,ridge_pseudo_e011_a1__w0.50,ridge_pseudo_e011_a1,0.5,8550,320375.1247559741,6.121337666332427,-0.6959561390587115,1650,8550,0.04105263157894737,10.126257184080771,2.795178643498107,12.301385956286513,4.72004495712419,1.4480002586792717,7.837822331630001,14.297250198432947,17.315577895637382
543198e8,ridge_pseudo_e011_a1__w0.50,ridge_pseudo_e011_a1,0.5,6503,3155150.6331914356,22.026889446992897,-14.056863269548366,1808,6503,0.2755651237890204,-4.132488133184988,-8.22983510231867,-8.27244031812998,-24.442286057822223,30.82645153711993,6.919954214845958,12.058839591057533,-36.76489039344015
54753541,ridge_pseudo_e011_a1__w0.50,ridge_pseudo_e011_a1,0.5,4026,1204128.737633591,17.29416409319808,-3.5892753570964904,1653,4026,0.2985593641331346,-3.3441841495002103,-1.833529081635628,-7.725330135066623,-3.507684081071497,-16.133943996792983,-5.981131606149622,-2.733288391139551,49.905426472179734
54a7e3c2,ridge_pseudo_e011_a1__w0.50,ridge_pseudo_e011_a1,0.5,6155,368795.9317346486,7.7406785401753515,-6.361001128008963,1738,6155,0.3445978878960195,6.921919778500941,5.520839613730945,4.0675659489063225,-0.346374994440999,19.43241638625396,5.766577138701891,12.614276645034296,1.0729804129505192
5542c301,ridge_pseudo_e011_a1__w0.50,ridge_pseudo_e011_a1,0.5,3591,178072.1152258555,7.041906529524011,-4.812741445412068,1842,3591,0.48120300751879697,-5.521351297339347,0.5453343537424763,-1.7324689250825245,-7.856315599935942,5.221070189504276,6.506779420307342,-7.0394507171145335,-2.415867822676048
5567d551,ridge_pseudo_e011_a1__w0.50,ridge_pseudo_e011_a1,0.5,6889,1203078.5024782266,13.215052441947986,10.677439889073547,1501,6889,0.6619248076643925,-0.5150997623142543,6.089217785401948,11.558196721788258,1.6154628989253523,-13.993996313535723,-1.2892815335569499,-12.567034741388271,8.803570307475526
55efee7f,ridge_pseudo_e011_a1__w0.50,ridge_pseudo_e011_a1,0.5,4801,1799187.3740181678,19.358528597390393,10.600748227951991,1776,4801,0.011039366798583628,-10.231673827017508,-14.674402589893361,-5.525911630152279,-6.587498273492036,-16.718337440410956,-48.57658333551755,-18.89774581676904,24.91215795749823
5663b2b7,ridge_pseudo_e011_a1__w0.50,ridge_pseudo_e011_a1,0.5,4972,1089275.981801861,14.801420738336658,10.271440374685533,1935,4972,0.1566773934030571,-3.4676104284291,0.6055612438186675,11.168312314575026,7.898619692090494,-31.944242291566884,-12.043291553555212,14.114807294718045,3.371785010941514
5693dde2,ridge_pseudo_e011_a1__w0.50,ridge_pseudo_e011_a1,0.5,3488,112563.47277919273,5.680813131768313,4.457786617449851,1358,3488,0.5874426605504587,-1.5566881559105519,-3.766337256601968,-3.3835320283631907,1.26122297948987,-11.803589917145818,-4.2973392477016965,-5.122097377936771,-7.4499873982085525
56b00794,ridge_pseudo_e011_a1__w0.50,ridge_pseudo_e011_a1,0.5,6065,2890686.767543037,21.83157733106448,-19.15337022199846,1228,6065,0.4314921681780709,12.155570407190508,9.347920973398491,8.961745359559554,7.706323904424781,23.195274747975652,29.203692629723147,44.99149350835575,24.8204040170208
57796579,ridge_pseudo_e011_a1__w0.50,ridge_pseudo_e011_a1,0.5,5890,3808495.238356149,25.428401558748487,-22.869330234889834,1732,5890,0.06723259762308999,-15.284132395349138,-13.413784254404272,-12.772011779868654,-30.71965461130507,12.49197225573285,-2.5043727328903644,19.032762063331845,18.893082646820044
577eec7c,ridge_pseudo_e011_a1__w0.50,ridge_pseudo_e011_a1,0.5,4539,614180.1840135454,11.63235931422106,-4.4316542065183615,1546,4539,0.34236615994712494,11.751862171844373,11.46962263407011,12.129043574337008,7.751699322175223,32.89801725287609,21.954715502405246,7.715676678316328,-2.5673911222675736
57f05c51,ridge_pseudo_e011_a1__w0.50,ridge_pseudo_e011_a1,0.5,4771,2599113.1948195244,23.340378188816175,-19.54136253822928,1707,4771,0.05805910710542863,6.482142271948257,22.779036993699055,23.49967404612533,24.4098497371361,15.039121740712696,34.42561516251902,63.4598386736062,19.653060895709455
58850d2c,ridge_pseudo_e011_a1__w0.50,ridge_pseudo_e011_a1,0.5,4995,1423931.5770702593,16.884057178322177,15.044243389739252,1923,4995,0.022022022022022022,-11.326669801661584,0.17601823565735777,4.959913914730059,14.192605225446176,-17.105315476260955,-19.22763421184972,-13.493039140214853,-12.75446682567727
58fa8486,ridge_pseudo_e011_a1__w0.50,ridge_pseudo_e011_a1,0.5,4475,1415198.0342417187,17.783289087800163,14.61963429781975,1651,4475,0.28268156424581004,8.973296201760887,14.711977364556713,5.528860314076811,8.81038483167396,4.9235838049069445,-8.530039344665182,-21.287431015921815,-11.881696398748414
591cc951,ridge_pseudo_e011_a1__w0.50,ridge_pseudo_e011_a1,0.5,4609,1264397.1014750544,16.562976731063866,14.716742731209868,2060,4609,0.009112605771316989,5.821763857588225,1.3531494457055713,-0.35473032262036297,2.998831777004731,-3.3441165636649277,-13.21249518639314,-26.341674462082207,-12.596352804567085
593876b6,ridge_pseudo_e011_a1__w0.50,ridge_pseudo_e011_a1,0.5,4842,170795.97991719053,5.93917920522719,2.3321700885462358,1524,4842,0.03593556381660471,18.033965285205603,15.05956509404254,18.503984121692184,7.63205359235935,17.49450369104166,11.498519001297154,15.874726864632356,-11.196526004708684
59f8b2e8,ridge_pseudo_e011_a1__w0.50,ridge_pseudo_e011_a1,0.5,3747,410471.82500133984,10.466460278733383,9.08408686847937,1921,3747,0.337336535895383,-2.4137504786705386,8.550970071481032,17.785347583327734,13.684598470548503,-7.471518717662524,-9.422254152701148,3.8667919721868818,6.397705643853516
5a1a8fd8,ridge_pseudo_e011_a1__w0.50,ridge_pseudo_e011_a1,0.5,5260,759902.9809564841,12.019494470655996,10.045063549864194,1554,5260,0.5304182509505704,-4.204883529219307,2.443822599713853,1.440296011402673,-3.238332173175769,-22.553322045661915,-10.57306455992424,-7.693553848292045,-11.019533988195054
5a5269a9,ridge_pseudo_e011_a1__w0.50,ridge_pseudo_e011_a1,0.5,6513,175747.00730053923,5.194615775689843,-1.1079891380220102,1540,6513,0.46338093044679873,0.5245079652014029,0.5051053095267822,-6.292114337554583,-3.5741070735035114,6.534035176048716,1.8193692186271593,-2.8192270699435005,-5.7467179027137885
5a5d1982,ridge_pseudo_e011_a1__w0.50,ridge_pseudo_e011_a1,0.5,3894,109542.35169541914,5.3038722685838975,3.7399223781538518,1552,3894,0.2840267077555213,-3.642732039034197,1.6215940497434254,4.154488581460912,10.633082626373279,-11.422477537083347,-6.157430009798495,2.8626368662077115,11.928349012130141
5a63b5d1,ridge_pseudo_e011_a1__w0.50,ridge_pseudo_e011_a1,0.5,6217,4342747.365151495,26.42967660104612,23.63170646021794,1835,6217,0.546244169213447,2.0240105538693287,12.424040937895915,14.449832643431927,9.680040209651475,-24.17721659385274,-12.565635011478662,-32.67594946426113,-2.0554731527334344
5aa03df7,ridge_pseudo_e011_a1__w0.50,ridge_pseudo_e011_a1,0.5,4871,406138.4426986926,9.13120272530247,-4.643235726020074,1881,4871,0.3319646889755697,0.14557264618719132,-2.8457533177383674,-6.49645009525157,-10.36102338096526,-6.716050881756725,8.019874663756632,-3.952862569959955,15.913408395550722
5aa403d0,ridge_pseudo_e011_a1__w0.50,ridge_pseudo_e011_a1,0.5,3118,781465.8297048075,15.831313204398304,-13.539296999534242,1584,3118,0.5792174470814625,19.50389085422991,17.591346260853843,9.583413364010744,5.459728408508506,22.518794342624254,30.62014098247371,29.024094733149113,29.26143700681085
5aef5c6c,ridge_pseudo_e011_a1__w0.50,ridge_pseudo_e011_a1,0.5,3121,317071.29292004363,10.079327982843086,3.9899630809235593,1732,3121,0.6507529637936559,-2.346857861996404,1.675889091206448,-4.123485641654201,-5.856960263072828,-14.230265277909256,-0.7743057091650081,3.2304842171819486,-23.47959101305741
5b7b6324,ridge_pseudo_e011_a1__w0.50,ridge_pseudo_e011_a1,0.5,6564,3970274.744115222,24.59382023850114,-20.773866126088407,1633,6564,0.5402193784277879,-7.5253407683302145,-9.684140500456317,-11.354308346792227,-13.883676183665916,3.2254819693015024,11.351328326585017,23.785284514992846,31.32708752096287
5bd25f59,ridge_pseudo_e011_a1__w0.50,ridge_pseudo_e011_a1,0.5,4210,671735.6832415252,12.631594096393346,11.76769300714203,1910,4210,0.021852731591448932,4.494979227033007,12.050653506890173,12.229978238479875,7.294888734472127,-5.264860194571926,-4.236187024249686,-0.47741217711330547,-5.680822722727237
5beded95,ridge_pseudo_e011_a1__w0.50,ridge_pseudo_e011_a1,0.5,3057,734270.3738867932,15.4981651164909,13.947168582853683,1722,3057,0.6234870788354596,-7.539223759479621,1.5885639127446183,1.1797559929007186,1.903252508475808,-21.050836690621196,-22.11441438843266,-11.372483378411138,-15.629752347376254
5cb483ac,ridge_pseudo_e011_a1__w0.50,ridge_pseudo_e011_a1,0.5,3852,161627.55618236275,6.477606528662979,5.565139226967779,1354,3852,0.11941848390446522,1.210130771452231,9.634278077667172,13.098339459017776,12.111620610089854,-6.696410455063723,2.6824736836865366,10.24446661135497,2.5904713075515766
5cdd8dbc,ridge_pseudo_e011_a1__w0.50,ridge_pseudo_e011_a1,0.5,4010,958925.5028055871,15.463943282577695,-11.20844888616229,1741,4010,0.41970074812967584,-8.817605468584848,-0.35674744441377987,1.3794689224254455,10.572303771267984,-6.40020227429798,8.837705017753054,19.50916681559338,39.18342735930134
5d11dfb5,ridge_pseudo_e011_a1__w0.50,ridge_pseudo_e011_a1,0.5,5895,648025.3754022975,10.484653961181374,-3.8148812272233283,1748,5895,0.495843935538592,-6.846614346174908,-0.9438885593030385,-3.2708006617895187,-4.175753546123079,-1.5250004654244123,-7.439267483120707,21.041259988647315,-26.717000602249858
5d7198fd,ridge_pseudo_e011_a1__w0.50,ridge_pseudo_e011_a1,0.5,3368,150067.61547914048,6.675094977375937,0.27724477734515846,1429,3368,0.041270783847980996,3.8919020153239274,-7.742675677495119,-13.409226164321556,-19.146264841005344,9.078025992714311,3.6310802648841536,-20.049422706630356,-25.67244382473146
5def1ce5,ridge_pseudo_e011_a1__w0.50,ridge_pseudo_e011_a1,0.5,6443,415808.85969260335,8.033463108726007,0.019395713063908842,1554,6443,0.027161260282477107,3.9181825552730176,0.24007849101228435,1.8597928512532031,7.014334049746618,11.626059835940799,2.411710828003831,2.259498807112612,-5.3049926844837625
5eae34a8,ridge_pseudo_e011_a1__w0.50,ridge_pseudo_e011_a1,0.5,4904,302241.9769617519,7.850587525962895,3.2585690894360817,1748,4904,0.4641109298531811,5.804592906564738,8.404956486560128,2.2172992185844604,10.349711354700563,3.6547288360501886,12.796710358561773,-9.01093036204627,-6.718522663760178
5f4d2a52,ridge_pseudo_e011_a1__w0.50,ridge_pseudo_e011_a1,0.5,5225,8204655.760339104,39.62662040902526,-32.47766384529119,1887,5225,0.21511961722488038,5.985218049522058,15.845851627745997,33.62960205916528,21.67759567670295,9.575164267774932,57.13044127586021,80.0,74.31685491989168
5f6756c5,ridge_pseudo_e011_a1__w0.50,ridge_pseudo_e011_a1,0.5,5931,158413.9820602933,5.168122432016663,4.421167070596917,2133,5931,0.03237228123419322,19.994145057462283,17.148213387148182,7.906018744605104,2.9083635250060715,12.122018658935438,13.854579356471902,-0.9052775872699657,2.5134757183986722
5f75f796,ridge_pseudo_e011_a1__w0.50,ridge_pseudo_e011_a1,0.5,5562,1255126.178749391,15.022015360068561,-13.107414942611268,1762,5562,0.5016181229773463,-6.973991418717384,-3.8087314055078707,-8.940683423269737,-11.10210719614805,5.294981498052094,3.7643668524154212,9.187662786884122,21.11937354543466
5fb1c15f,ridge_pseudo_e011_a1__w0.50,ridge_pseudo_e011_a1,0.5,2860,210088.10228699082,8.57072799836891,-7.3755979196217405,1997,2860,0.5237762237762238,12.427103738213532,13.45337583277165,13.018572566094019,8.835079124545846,20.86405511330547,20.759338419716606,21.790526766230336,11.88185174952479
5fffa282,ridge_pseudo_e011_a1__w0.50,ridge_pseudo_e011_a1,0.5,4201,152904.56777588083,6.033007829796219,4.659119733013032,2022,4201,0.07998095691502023,-2.1597329482889274,-2.1412616189658724,9.039506751726858,0.65637513506487,-9.050581240946066,-3.328821746114719,-3.2051560631195737,-6.632196460101256
60e37807,ridge_pseudo_e011_a1__w0.50,ridge_pseudo_e011_a1,0.5,2699,1069106.3318289202,19.9025630570273,-12.25567951001779,1942,2699,0.025935531678399407,-6.125978937789388,4.247904798785841,3.0950647236204594,-4.034013987056764,-5.098751863889543,1.8905383490541947,37.260311355640525,32.28386792636379
61f27424,ridge_pseudo_e011_a1__w0.50,ridge_pseudo_e011_a1,0.5,6220,275439.0526355265,6.654532732653438,3.7033916920433976,2121,6220,0.07652733118971061,1.6519817952064746,14.582439426158142,3.624326822302284,0.7350465942221241,2.3466718991243494,-0.20915535437630375,-6.190788821456284,5.6379401270471865
62569ae3,ridge_pseudo_e011_a1__w0.50,ridge_pseudo_e011_a1,0.5,3588,51141.595711458416,3.7753821674686012,2.3645207243643522,1654,3588,0.3124303232998885,3.5049998778870686,2.12635705599073,-7.084136231734098,-9.921455616139255,4.628842108587273,0.534841740578469,-11.539029475182891,-16.956755229328145
62a6f539,ridge_pseudo_e011_a1__w0.50,ridge_pseudo_e011_a1,0.5,3693,208578.83929449425,7.515285250763969,5.99019997976664,1560,3693,0.6999729217438397,-0.9066380469697453,-0.9338779472879747,-0.47268567194171923,7.1283888125277,-5.8190959493375525,-15.402883400610875,-3.4917700673182437,6.40489536671739
633774dc,ridge_pseudo_e011_a1__w0.50,ridge_pseudo_e011_a1,0.5,6233,1292584.4791577682,14.400610531949246,-10.138101562664097,1739,6233,0.3641905984277234,3.030821060878497,1.9297624307758912,-0.7015684874200349,-5.018817830409559,-2.041931156165789,23.068563490377688,11.089398003874626,22.097879046690693
63559d57,ridge_pseudo_e011_a1__w0.50,ridge_pseudo_e011_a1,0.5,4069,158953.40098714663,6.250159024512096,-1.2824786813353408,1741,4069,0.6586384861145245,8.555231691897266,9.950874009933063,-3.4579268005953745,0.10766137071686419,0.6380189948316333,8.110460308326244,1.5720006435311893,11.938028141319757
647f2a41,ridge_pseudo_e011_a1__w0.50,ridge_pseudo_e011_a1,0.5,3881,220115.4868742106,7.531014408065061,0.6460835918344102,1955,3881,0.43442411749549087,-10.28031818999662,-4.771749044033074,-0.8935251721192188,3.3639181784197705,-3.9139562811672866,-0.7568057913611261,-0.09883409274246385,-18.52144997348267
65156b96,ridge_pseudo_e011_a1__w0.50,ridge_pseudo_e011_a1,0.5,3221,112359.17148695866,5.906210232181395,3.8225003200043846,1825,3221,0.050294939459795095,1.3604959428934986,3.0422303037652556,8.948454995760159,11.34712821042287,-5.587380993000849,0.3876442025591781,-2.951296421326424,20.236812632855656
653612bc,ridge_pseudo_e011_a1__w0.50,ridge_pseudo_e011_a1,0.5,4605,1101278.5445899318,15.464424829500123,-14.21578401978775,1341,4605,0.035613463626492946,-7.644743627146592,-14.736758618891244,-20.2917111345225,-25.741715156244908,5.314457035897431,-2.089728435509941,3.0463019041927013,1.752271877159308
656a067b,ridge_pseudo_e011_a1__w0.50,ridge_pseudo_e011_a1,0.5,3051,474464.78290485055,12.470414452316213,3.190738099129991,1845,3051,0.20419534578826615,16.94061734679252,5.911319618186607,4.823666371037626,13.276221156606749,24.630711178035885,10.164361508644845,-23.050294467960075,8.411269774414873
65a5466a,ridge_pseudo_e011_a1__w0.50,ridge_pseudo_e011_a1,0.5,4683,536273.1491418103,10.701162215452916,-5.877547806324917,1434,4683,0.2746102925475123,2.4770671669453295,2.9178152168515803,-2.7531798363862037,2.8850819515162476,23.01996136788085,10.423195453392806,-9.873777588151166,7.329279325847046
660d9546,ridge_pseudo_e011_a1__w0.50,ridge_pseudo_e011_a1,0.5,4732,345439.0008267941,8.54404085641725,6.944000391309273,1408,4732,0.2081572273879966,4.69803161381527,1.5751788326631504,-5.908272983892707,-4.479000855610066,-5.113701177758399,2.7348404207381494,-21.259445729927876,-3.168627186632578
6767c111,ridge_pseudo_e011_a1__w0.50,ridge_pseudo_e011_a1,0.5,6783,908212.8323432467,11.571320117508954,-2.9783366178219324,1571,6783,0.4820875718708536,18.575924516629303,7.630901841900415,28.306366000141033,3.62613254707405,24.634792747009794,7.942991497347948,7.867817754880158,30.174146754292803
67847288,ridge_pseudo_e011_a1__w0.50,ridge_pseudo_e011_a1,0.5,7429,636967.248258754,9.25962442737874,7.483244711065219,1745,7429,0.4664153991115897,5.029537689234689,-7.169867656075408,-6.233412841343828,-5.363495090331547,-6.9810653038838675,-19.109372649210524,-4.906954074709752,-15.674895131015251
67a8da4a,ridge_pseudo_e011_a1__w0.50,ridge_pseudo_e011_a1,0.5,4911,1149132.829760079,15.296784522565726,-13.059430368928666,1734,4911,0.187945428629607,5.867859697031575,-1.0088126284129815,-9.208945314687977,-2.6577393825606217,17.370942980998958,23.177492819598164,2.325674868191284,14.566143770011333
684a6fc1,ridge_pseudo_e011_a1__w0.50,ridge_pseudo_e011_a1,0.5,9818,998462.16433057,10.084498188842868,3.1011705179492157,1631,9818,0.5022407822367081,29.820803029700944,30.985800838351167,35.7060275558449,28.8993695503778,28.17027747161637,20.982461248761066,32.427179983739705,4.937992682674148
698930d1,ridge_pseudo_e011_a1__w0.50,ridge_pseudo_e011_a1,0.5,4741,221643.57106171735,6.8374252543775595,2.9472662069063396,1757,4741,0.1489137312803206,10.486017537946708,7.854966572864764,11.716984392101136,19.417834749337942,-1.8632286100471493,1.2058500255212972,5.906722497031095,31.185035084680592
699ea575,ridge_pseudo_e011_a1__w0.50,ridge_pseudo_e011_a1,0.5,4120,65987.09479021357,4.002035125190147,-1.0144105569919575,1354,4120,0.4507281553398058,-0.526951992081655,7.758053342312962,15.464197057236646,12.496575233719359,-0.46278642313747637,0.42967068945191617,21.0267624203797,10.844546344922277
69c1bdad,ridge_pseudo_e011_a1__w0.50,ridge_pseudo_e011_a1,0.5,2714,233804.50328330373,9.281571492739555,5.044653944892138,1931,2714,0.4086219602063375,-3.0314107345368995,8.236804108993,19.794669929367153,8.883710599251923,-11.540248635732427,8.068205346608819,15.705086002637554,-21.642832702839026
69e41fa6,ridge_pseudo_e011_a1__w0.50,ridge_pseudo_e011_a1,0.5,5772,117399.98895304394,4.509941066763876,2.6309736781983517,1395,5772,0.4442134442134442,-1.320933836380572,-2.394453848513141,-1.5321855877720423,-4.081059397713093,-4.811829541202168,-5.9415474886718505,0.6353879065938454,-12.584568906391995
6a0ff78e,ridge_pseudo_e011_a1__w0.50,ridge_pseudo_e011_a1,0.5,6465,892508.0730578627,11.749565643732314,5.3680524244098535,1425,6465,0.04021655065738593,10.545018020910542,-3.051776459352083,0.8454464566653688,6.67269915430837,9.4745647832708,-7.301694653660742,-3.5725335182215243,-22.344581682516292
6a8fa194,ridge_pseudo_e011_a1__w0.50,ridge_pseudo_e011_a1,0.5,3017,430478.5922684088,11.945054190403246,-10.362787254980349,1640,3017,0.05601590984421611,-2.727635788876742,-0.28201975633350074,-2.4737728754082946,-13.15297301680167,6.34621478520049,5.692546244657709,13.96248446037694,6.558179827885183
6ae68655,ridge_pseudo_e011_a1__w0.50,ridge_pseudo_e011_a1,0.5,4204,88629.41832162012,4.591531792975404,-1.8692092469019324,1744,4204,0.1988582302568982,-4.3775376801671015,4.992361166520058,-0.13357309268405365,-7.26089642883785,-0.8525018553996312,5.649750510577239,4.496268859754178,-8.815738709503043
6d1d74e1,ridge_pseudo_e011_a1__w0.50,ridge_pseudo_e011_a1,0.5,5830,598720.7457051667,10.133929437781912,-1.2672512628847996,1486,5830,0.307032590051458,-3.3489896501762906,-6.862337452904899,-11.8272177020248,-4.9535937479278065,12.900071896508246,-2.8257690532848065,-8.32020627781267,-28.29045606679512
6d590e26,ridge_pseudo_e011_a1__w0.50,ridge_pseudo_e011_a1,0.5,6096,476549.53102483903,8.841613860987389,1.3791337213601844,1746,6096,0.33218503937007876,0.47597856797422844,-0.22375459198800618,3.695210125775728,1.9047722397647557,10.500398958179181,-12.378965043657772,-3.7765249709075857,0.30337753831285064
6d6d93af,ridge_pseudo_e011_a1__w0.50,ridge_pseudo_e011_a1,0.5,3595,2595188.5841682516,26.867979836967287,23.185237523437728,1710,3595,0.4356050069541029,-17.95571856071698,-4.096697720229342,-2.4377357863875213,11.072368820085327,-35.49865264597961,-51.90693899728322,-20.802960075959984,-14.44767870344417
6dbe4b60,ridge_pseudo_e011_a1__w0.50,ridge_pseudo_e011_a1,0.5,4648,425904.2498273676,9.572446045014704,-7.047256676436269,2025,4648,0.5,-1.6134564263651445,-5.507413384567142,0.7800691777438289,-4.379746633267198,0.9773194441211903,8.50220689115875,13.625640656563569,-4.908672091731485
6e6d122c,ridge_pseudo_e011_a1__w0.50,ridge_pseudo_e011_a1,0.5,5632,412348.0668308833,8.556588732077484,-2.6867704153909386,1451,5632,0.2872869318181818,2.240276201181646,4.10114306669891,2.7825123986088394,4.472989262007428,-3.1094703239159247,-1.4836919490902611,21.02259572079958,-0.6899955483487826
6e9ccd38,ridge_pseudo_e011_a1__w0.50,ridge_pseudo_e011_a1,0.5,8282,881404.409367522,10.316205774891095,2.7133059963615733,1337,8282,0.03887949770586815,13.176577355832276,6.648502995918813,8.028477663487099,5.017997438949787,21.63267748403003,-0.6963058910115091,10.698803334263395,-27.505040663664634
6ea22614,ridge_pseudo_e011_a1__w0.50,ridge_pseudo_e011_a1,0.5,5971,307638.3948565008,7.1778889125387755,3.473704834492623,1923,5971,0.44615642270976386,7.334881196522842,0.8522713944497022,2.047937498789387,-1.996677733752567,5.620147009090472,-11.43343209506078,9.251064514237456,-5.322204136003961
6ede926a,ridge_pseudo_e011_a1__w0.50,ridge_pseudo_e011_a1,0.5,4938,752081.7396914458,12.341188316309577,-8.889386172894223,1683,4938,0.35905224787363305,2.420291951741288,-12.69329627921343,-10.793721820332326,-11.48343799283002,5.822168646652086,2.2104352514043266,7.625258119336829,12.858228289309103
708caea9,ridge_pseudo_e011_a1__w0.50,ridge_pseudo_e011_a1,0.5,6548,2305041.793659473,18.76225640408297,-16.64738312453282,1934,6548,0.21701282834453267,15.269080271005796,17.911450142887787,29.528332176538413,17.000122082669055,42.99589675900536,32.6391453543111,37.45260157990838,40.11131998176147
70925e23,ridge_pseudo_e011_a1__w0.50,ridge_pseudo_e011_a1,0.5,5947,82274.59547802512,3.719494394882272,0.9311010412830012,2125,5947,0.11804271061039179,-24.612936579630574,-16.26873576409824,-11.61479934735444,-2.5633262105275563,-25.842547288408237,-12.734911878998584,-10.177105337089444,-11.365211730690865
70e1788b,ridge_pseudo_e011_a1__w0.50,ridge_pseudo_e011_a1,0.5,9285,1027119.9497302796,10.517672128555807,-3.655994611468628,2053,9285,0.03963381798599892,-3.803020673356001,-11.702952428528596,-21.562654814319853,-20.139685459350698,-7.229531306469646,-2.2437808158107697,-4.369274956952171,-2.0720976161223814
71642c7d,ridge_pseudo_e011_a1__w0.50,ridge_pseudo_e011_a1,0.5,4648,426521.74497317884,9.579382813119436,-4.9007853019394005,2009,4648,0.2689328743545611,4.097489655224648,8.854090538092711,1.3811354896534995,-6.337101267174971,24.947989334951345,0.06463002737667743,10.18403141361878,3.7677626364012586
71ccf778,ridge_pseudo_e011_a1__w0.50,ridge_pseudo_e011_a1,0.5,2698,125465.41275391378,6.819319478109202,-5.52259604904308,1925,2698,0.04595997034840623,-12.478430947058532,-8.947846097226337,-12.020302141931985,-19.341786168946783,-3.505112285570765,-6.611148748089801,-6.34234305959726,-2.1122054721121883
7224331b,ridge_pseudo_e011_a1__w0.50,ridge_pseudo_e011_a1,0.5,6063,780294.151074611,11.344500841203772,8.546551356056261,1503,6063,0.7085601187530925,1.1341290497985792,10.81643887298588,21.598611882380307,0.8970140184990301,-2.246414509134083,7.926032314856844,-2.4351310830549595,-5.580740590598637
722cf0d8,ridge_pseudo_e011_a1__w0.50,ridge_pseudo_e011_a1,0.5,5143,423940.1561085134,9.079125420192677,2.280412641850223,2132,5143,0.03772117441182189,1.0008924745358574,0.705027015113454,7.403245151915973,9.11018315178891,-5.3167744840534175,-15.502364820440496,14.883992960674256,18.87389405186802
7256229b,ridge_pseudo_e011_a1__w0.50,ridge_pseudo_e011_a1,0.5,5415,447355.5146616053,9.08923154790402,6.261265748415242,1557,5415,0.6642659279778393,8.832534147380803,12.05584168603664,13.352901648160032,14.71275797588217,6.382364266655188,-2.630859792218017,11.41525252303475,-7.640791514089433
726f3dc2,ridge_pseudo_e011_a1__w0.50,ridge_pseudo_e011_a1,0.5,6723,257658.60911119267,6.190714464143617,1.3623994651067979,1896,6723,0.36635430611334224,-8.192292100875568,-3.0060842939331036,-2.131272007310215,2.7049942489352805,-5.367761890751477,-3.039303397308932,-2.674044778679573,-0.75016191731114
7271dd80,ridge_pseudo_e011_a1__w0.50,ridge_pseudo_e011_a1,0.5,4340,1977132.9042969607,21.34386509109701,19.909621390910736,1425,4340,0.04216589861751152,6.99793920333497,29.99234073596683,19.438993244027753,35.004354978803455,-12.81120852790645,-8.063463985366672,-5.625958230863439,-7.247116175260678
727a3a10,ridge_pseudo_e011_a1__w0.50,ridge_pseudo_e011_a1,0.5,4397,582529.336431773,11.510141639929849,8.935947685306061,1945,4397,0.3297702979304071,-5.166182827255449,3.028628371114303,-2.2503572085329284,-20.22139478254494,-14.449990250527751,-18.63345365267814,-8.686848524480553,-7.644400203452133
729665c0,ridge_pseudo_e011_a1__w0.50,ridge_pseudo_e011_a1,0.5,4263,206787.0122816852,6.964724836169581,1.219402268785271,1512,4263,0.555008210180624,-1.934321290624237,10.203503566614781,8.118004861457287,21.69740912710114,7.155400454822618,1.4597339627578847,1.4244452132287553,19.773387755477554
729e9750,ridge_pseudo_e011_a1__w0.50,ridge_pseudo_e011_a1,0.5,5919,271382.2027039768,6.771213562897977,2.2388631377744144,1508,5919,0.5720560905558372,10.419088400377092,9.63227201125078,7.502835896588652,16.273199998210828,10.268715025945163,10.230229392406413,-10.263515839679636,20.759606018280017
729f4217,ridge_pseudo_e011_a1__w0.50,ridge_pseudo_e011_a1,0.5,6195,915810.0562961791,12.158557379966329,11.044959229192063,1397,6195,0.5301049233252623,-5.0885326832455755,-9.333679364111394,-3.5638835417265584,-6.81045796884805,-21.720664001428933,-17.05145097002716,-19.700294293795125,-2.8989893524524355
72dd8501,ridge_pseudo_e011_a1__w0.50,ridge_pseudo_e011_a1,0.5,5193,126693.04902967907,4.939320789080082,2.6530856814310178,1735,5193,0.5470826112073945,4.110386237163521,11.723266293355028,4.9216361698648186,8.59366070262328,-5.752048556749554,6.7721344338298755,6.142995999930283,8.396957835913902
73348914,ridge_pseudo_e011_a1__w0.50,ridge_pseudo_e011_a1,0.5,4221,98536.19549758027,4.831591615637008,0.3832872940926869,1465,4221,0.22506515043828476,16.359097547298454,15.744460373344756,9.13057218022131,7.794196144956447,17.88660376384702,4.942094860280026,12.041702946840958,7.474389175070883
739a914f,ridge_pseudo_e011_a1__w0.50,ridge_pseudo_e011_a1,0.5,5505,682721.8749060035,11.136359633500039,5.347771979845434,1814,5505,0.42397820163487737,-0.04431894195956265,-4.665124112274427,-6.530734691758179,1.8539683702118936,7.685731345426886,-12.78329378965182,-23.683969161133152,-9.11283921851973
73b1447d,ridge_pseudo_e011_a1__w0.50,ridge_pseudo_e011_a1,0.5,5670,846632.4718649269,12.219570216356788,-7.7949725200633715,1852,5670,0.3843033509700176,-16.591609052919836,-1.5045316413529757,-1.2378649966628719,14.121444462447181,-6.469704526119001,-10.631008873842493,19.25320766504312,21.36083200310085
74b6186b,ridge_pseudo_e011_a1__w0.50,ridge_pseudo_e011_a1,0.5,3405,105871.46613480772,5.57610451804175,-4.616709509448312,1743,3405,0.6405286343612335,11.484513394110158,5.086587771199688,0.24920648938160744,0.815871187733725,11.82162857648161,9.985235473456834,6.051813413408259,11.827652365757553
75c20ec7,ridge_pseudo_e011_a1__w0.50,ridge_pseudo_e011_a1,0.5,5361,582987.6537498746,10.428138130395375,4.994209439591294,1844,5361,0.6590188397686999,14.432204531768871,19.904996353371697,13.868554220120615,11.676218412296134,17.807893339524615,-0.9940523789519266,16.626084767326482,-12.85922626790654
75cd5f11,ridge_pseudo_e011_a1__w0.50,ridge_pseudo_e011_a1,0.5,4946,149508.13537057064,5.498007862033735,3.5305068577489056,1464,4946,0.27739587545491307,9.421934076804458,6.141398782539128,3.3364427353163877,2.23000652661641,10.73373696020513,-3.6373779410915996,-0.07082946712737631,-8.525748587803287
75d20a82,ridge_pseudo_e011_a1__w0.50,ridge_pseudo_e011_a1,0.5,5067,1210829.5205189243,15.458453652510192,9.826180100778002,1935,5067,0.15117426485099664,-5.636076080874534,5.862506059168242,12.100783430812985,5.338792830557445,-33.45981064627485,-10.96137128428848,12.456966168318,14.665985355071877
76201745,ridge_pseudo_e011_a1__w0.50,ridge_pseudo_e011_a1,0.5,4448,248722.73746118104,7.477825995800314,2.9095466682792135,1410,4448,0.49303057553956836,9.065377768862508,1.514095977934019,-3.4402341502648013,4.663657848253215,2.985939935636522,7.01179561073472,-10.010771708553326,-7.0622224262802025
764072a5,ridge_pseudo_e011_a1__w0.50,ridge_pseudo_e011_a1,0.5,2949,438879.6699495959,12.199312194665797,10.115472583064609,1645,2949,0.6398779247202442,18.506721439331876,10.619384519462377,26.101305235284265,20.77025242720763,-0.4903311796810489,10.466793527615701,8.792658584844474,-5.338919147684833
77b0d905,ridge_pseudo_e011_a1__w0.50,ridge_pseudo_e011_a1,0.5,4174,61419.27762225655,3.83597819425731,-2.3916543584773122,1749,4174,0.25563009103977,11.906731452667726,11.991772331207807,9.13466636338512,12.623993640547145,15.551806248200512,10.106848643743456,15.013513293090256,15.530547799080454
77e4821c,ridge_pseudo_e011_a1__w0.50,ridge_pseudo_e011_a1,0.5,5393,844686.3633900665,12.515048337711162,-9.848720886097858,1147,5393,0.632857407750788,0.3348268854468254,1.983128870892444,15.459708790540656,1.9511798326557588,8.042857588321725,15.42384994885337,25.594955492423157,28.3603947910863
7850c72e,ridge_pseudo_e011_a1__w0.50,ridge_pseudo_e011_a1,0.5,5497,680026.348517539,11.122438208926814,1.6096576885200558,2215,5497,0.04748044387847917,-2.31563041417627,0.9111412666176321,6.22596187704892,5.573626146576651,-25.246462246188624,19.810329121817603,0.2657934172694671,2.1979211250013475
78a4a386,ridge_pseudo_e011_a1__w0.50,ridge_pseudo_e011_a1,0.5,5119,148646.93709558828,5.388717513458025,0.03784182390043607,1127,5119,0.223481148661848,8.40775600721732,4.4173681957746425,-2.538830424738843,-6.308497988679378,10.829419608408365,-4.983804801892423,2.14657319022993,-3.974842765030581
79507629,ridge_pseudo_e011_a1__w0.50,ridge_pseudo_e011_a1,0.5,5302,474145.1818160508,9.456617196025409,5.1184211037344856,2018,5302,0.1050546963410034,-12.982633133595613,-1.8984905310515923,-4.201186347815178,-5.530370316906818,-3.048054183449128,-14.509699666503007,-14.325855833620167,-21.47784261971505
796dbd4c,ridge_pseudo_e011_a1__w0.50,ridge_pseudo_e011_a1,0.5,6248,521937.40808403865,9.139842287638222,8.329053017041055,1821,6248,0.4007682458386684,14.171011692310657,5.467497708915809,6.357519562257099,8.64159012653769,6.521117362776336,-4.286859013064939,-6.7397777269024655,1.2438121307129348
7987f2f2,ridge_pseudo_e011_a1__w0.50,ridge_pseudo_e011_a1,0.5,3705,482743.1056632892,11.414685070852578,3.527141176104065,2009,3705,0.46180836707152495,-4.0273416947818275,-1.9078740185731125,-2.4439499726148455,-7.47101747100001,-22.976264876305507,-3.970950317112899,-3.9658451579559784,14.491005318539557
7993a768,ridge_pseudo_e011_a1__w0.50,ridge_pseudo_e011_a1,0.5,5487,81979.21920266337,3.8653106978716925,-1.0256204522986498,1560,5487,0.19938035356296702,-1.954522403121772,7.8478187586204395,12.761421615639225,12.986832914680297,7.294762489388074,5.414408553076769,12.271571017154901,13.418913345727171
7a5660b0,ridge_pseudo_e011_a1__w0.50,ridge_pseudo_e011_a1,0.5,4998,116467.10265313607,4.827291334410854,3.8636457175101406,1938,4998,0.034013605442176874,-10.324072175591583,-6.780302362684447,-10.185549278362824,-18.709690650445374,-12.913439286829705,-13.388498192170697,-12.385092787451875,-22.4298860415796
7acda2df,ridge_pseudo_e011_a1__w0.50,ridge_pseudo_e011_a1,0.5,3091,143584.1061408387,6.815593529102458,-4.855166213976433,1461,3091,0.11355548366224523,-11.323988690484308,1.315701905881879,14.24212779145186,20.100133839684226,-11.475381628409426,9.808971600076664,18.302749444379053,24.565400756939408
7b2c7b3c,ridge_pseudo_e011_a1__w0.50,ridge_pseudo_e011_a1,0.5,2584,89222.47083901864,5.876122870068353,0.2316123226075902,1647,2584,0.04024767801857585,7.434968231711174,7.858015169724946,5.660878615319211,-5.387740667352637,0.524980218754324,6.887668835424136,4.212735480699061,8.693539535586622
7b38844c,ridge_pseudo_e011_a1__w0.50,ridge_pseudo_e011_a1,0.5,3749,221463.8163082793,7.6858812390633995,-1.6497345644995676,1448,3749,0.15017337956788476,0.5368099099341471,2.2881213706275045,-5.383081572035298,-3.3371250984387224,8.704435345504152,-8.286275664145862,-5.004002223967983,6.9696785242772386
7bb17b96,ridge_pseudo_e011_a1__w0.50,ridge_pseudo_e011_a1,0.5,3922,390381.87305002613,9.976794506283488,-7.732398715045173,1373,3922,0.4474757776644569,2.922576533113223,9.49348903035677,8.929414312047347,13.185000192795375,8.230268326736683,11.58614860846399,32.05852434193513,11.837915774240928
7c607683,ridge_pseudo_e011_a1__w0.50,ridge_pseudo_e011_a1,0.5,5328,425736.23944627354,8.938984861074708,-5.8047815033575185,1673,5328,0.36373873873873874,-30.92127090473362,-23.300774976211393,-28.05403889124411,-29.844475251853062,-11.901771675473187,-18.962346791557767,-27.271390134268373,-2.2911582204640615
7cbbd047,ridge_pseudo_e011_a1__w0.50,ridge_pseudo_e011_a1,0.5,5121,391031.0878121207,8.738326246995475,3.0484843796025047,1669,5121,0.16637375512595196,10.729035862084157,19.301987729273442,14.125366903619971,18.380792944317975,3.336792447514463,2.5813404563736855,18.860882308406612,20.036457932089473
7cd4bb31,ridge_pseudo_e011_a1__w0.50,ridge_pseudo_e011_a1,0.5,6439,229980.17646678168,5.976349521710574,2.1741841322408915,1520,6439,0.3393384065848734,8.483383450937614,7.258408836191509,1.5604086905869976,-2.8567158820734937,10.667609887700968,0.2947099768881527,-6.393984687933614,5.375740446379771
7d50373e,ridge_pseudo_e011_a1__w0.50,ridge_pseudo_e011_a1,0.5,5122,439319.0283321922,9.261263057856846,8.647726007632182,1372,5122,0.2844591956267083,-6.786078879424499,-9.4669036272231,-5.045329914183368,-2.964697328722816,-13.001739033910235,-17.322536174075353,-15.909752712262582,-14.247401853686355
7d57c75d,ridge_pseudo_e011_a1__w0.50,ridge_pseudo_e011_a1,0.5,4405,561666.6601209105,11.291882915516448,-5.060488634902451,1742,4405,0.10102156640181612,4.78563157844526,2.653833644723357,5.740025955738336,3.16940754626372,5.610389185254687,2.340065811087558,6.9835598122723175,40.455337621426494
7e208414,ridge_pseudo_e011_a1__w0.50,ridge_pseudo_e011_a1,0.5,4226,45857.525617804116,3.294128696031904,1.984316706713837,1506,4226,0.09252247988641742,-4.8048733315478795,-5.40627194641568,-4.094413587118434,-5.009767588783452,-2.534617526046745,-7.684670410277675,-7.298259371687197,-9.478033089821697
7e721392,ridge_pseudo_e011_a1__w0.50,ridge_pseudo_e011_a1,0.5,6174,5129040.851730484,28.822706973393924,26.230282897789202,2127,6174,0.5672173631357305,-15.418666855023043,-6.883286960395287,-13.64673518243203,-20.40981884403002,-33.27154770259221,-41.87504213980203,-51.59387578857674,-48.55089722078377
7ff89f8f,ridge_pseudo_e011_a1__w0.50,ridge_pseudo_e011_a1,0.5,7337,1183297.7689458164,12.69953336153062,-7.080126030334058,2202,7337,0.2108491208940984,-0.8920618752108063,1.8876149320153766,1.2202385671083529,-4.873413968702505,-1.6923021322426837,19.324296747782768,24.867797768341585,-16.592787031886978
8050c789,ridge_pseudo_e011_a1__w0.50,ridge_pseudo_e011_a1,0.5,3077,91937.62176700981,5.466166856196003,-3.99772456636896,1863,3077,0.24894377640558987,3.241010600407711,-6.225556327718257,-13.322204780177733,-11.508711604347322,12.240508608630794,-2.9582530882169804,-5.1758491549751025,-16.31882973740098
807f0298,ridge_pseudo_e011_a1__w0.50,ridge_pseudo_e011_a1,0.5,3747,460717.60241690587,11.08857035082138,0.9602186401948868,1752,3747,0.44141980250867363,7.42354433624013,4.506529673631389,-6.739656834260622,-3.0742800752065254,-0.13143056141324372,-9.325745750962616,-6.387673784764832,25.71366470852852
811f52b3,ridge_pseudo_e011_a1__w0.50,ridge_pseudo_e011_a1,0.5,4836,147402.04721673904,5.520883864651418,-4.161930929290507,1838,4836,0.06823821339950373,0.518089265283322,-0.6348911366790991,-4.022893547741088,-9.013933685853793,6.787665229833476,2.798677832111563,-0.08721390851371448,0.49460102399205613
81bf5923,ridge_pseudo_e011_a1__w0.50,ridge_pseudo_e011_a1,0.5,4543,2840557.7580138985,25.005206404879505,19.787684540938127,1843,4543,0.08320493066255778,-11.562537860738491,-7.728118932871405,-11.440960554402325,-13.873291358660012,-17.681603975782267,-12.704363832557497,-50.64951094350175,-47.86135947167951
81fc01c6,ridge_pseudo_e011_a1__w0.50,ridge_pseudo_e011_a1,0.5,5909,1070661.248981546,13.460743453242852,-6.247953079917758,1746,5909,0.17684887459807075,4.532292820312386,5.742673241815074,6.5712070349467195,0.31359615110757105,6.048107517596914,10.661986747259517,1.1854195189529813,42.48868763240774
8255c867,ridge_pseudo_e011_a1__w0.50,ridge_pseudo_e011_a1,0.5,3589,756414.657498511,14.517546934250335,-12.574575731588574,1749,3589,0.229869044302034,2.3866139770645765,16.02593191991227,12.753821655359063,22.29736852637877,20.793535142535376,31.364991999746692,15.068003492828472,46.69742479768975
82aab6d2,ridge_pseudo_e011_a1__w0.50,ridge_pseudo_e011_a1,0.5,6140,951274.1783983548,12.44711404091787,11.632861436074814,1749,6140,0.4190553745928339,-13.953522025027379,-0.9551819999152787,6.541477963310332,-2.8886133822114726,-23.923842097274747,-18.285851213333608,-7.562921769128216,-16.377146706222252
82fcf37c,ridge_pseudo_e011_a1__w0.50,ridge_pseudo_e011_a1,0.5,6014,123745.4722172646,4.536103411135183,-1.617998048697294,1383,6014,0.5483870967741935,3.8234929014137413,1.5831202583750905,1.6627860748776222,8.965929334304425,-1.4453324901724032,9.85254906374121,3.537516511240108,11.30445130580814
833af382,ridge_pseudo_e011_a1__w0.50,ridge_pseudo_e011_a1,0.5,3628,747809.2941381068,14.356936847739295,10.477086238406695,1749,3628,0.28969128996692395,-4.088977355233388,-3.4380989407897973,7.095558746895135,14.087705742242871,-21.97303952829683,6.841701225078656,-19.83282698301979,5.112870251386016
8382f4b6,ridge_pseudo_e011_a1__w0.50,ridge_pseudo_e011_a1,0.5,4967,1570218.900556216,17.78005173482964,13.92786332008035,1713,4967,0.6559291322730018,-19.71541094425763,-25.301845393657658,-25.64103878163632,-20.88752213546804,-18.003679886147264,-39.99455714127073,-46.225337761002876,-49.25286726851827
84633df4,ridge_pseudo_e011_a1__w0.50,ridge_pseudo_e011_a1,0.5,4972,53732.40951528686,3.287400357314162,1.5671347278454577,1747,4972,0.5679806918744972,-1.6143839273326588,7.253796552220938,3.516300083296694,4.127529416935008,-8.183925443796506,5.201621871147447,3.4157329846703934,5.620628250944581
8478df29,ridge_pseudo_e011_a1__w0.50,ridge_pseudo_e011_a1,0.5,4857,491436.91735551733,10.058884867813314,9.512392782616772,1841,4857,0.6660490014412188,-7.091937167626765,-0.7891439163812267,0.20073384722323637,-5.336891679670915,-18.934459573218874,-14.501157261617744,-13.36584439545005,-10.822548275282578
84815d5a,ridge_pseudo_e011_a1__w0.50,ridge_pseudo_e011_a1,0.5,3647,346111.6725126048,9.741823151745297,3.0998275842965186,1639,3647,0.27858513846997535,20.914935961461246,24.24164954613321,29.773476513174774,26.53295872326077,25.313611654223475,24.848383341513237,8.23978747011064,19.766897059982377
84c3b497,ridge_pseudo_e011_a1__w0.50,ridge_pseudo_e011_a1,0.5,5312,520044.8043989313,9.89444292661856,-0.5255639122700428,1575,5312,0.17865210843373494,-11.421971191766968,13.854211278644666,25.338617294459446,26.558848139561615,-12.848672009836935,7.701675901147506,10.596053078534307,53.04803792888724
85380836,ridge_pseudo_e011_a1__w0.50,ridge_pseudo_e011_a1,0.5,6618,523596.09400670114,8.894771945764854,-7.456323384634291,1557,6618,0.41175581746751283,1.2545700778438502,4.952462043142498,8.941105676820206,6.536137397258221,10.828862396646178,10.927006926251838,18.696370606745006,21.280730713865488
8612b37f,ridge_pseudo_e011_a1__w0.50,ridge_pseudo_e011_a1,0.5,5165,773018.117293064,12.233752029958188,-2.7994085884763265,1642,5165,0.5823814133591481,7.8358297652369115,14.37014388710809,18.313461140973537,16.69125380850557,3.8387597152423383,1.1077441012319813,45.59570362443305,2.4266932704878985
861e71df,ridge_pseudo_e011_a1__w0.50,ridge_pseudo_e011_a1,0.5,4700,324969.5039656039,8.315193783205306,6.553469376502268,1584,4700,0.15170212765957447,0.8599949772323882,6.486998645879362,-8.765993436934655,-4.0780555629631134,-2.025595957188948,-10.82702636408042,-19.349648408193655,-11.031296316370309
86454a6f,ridge_pseudo_e011_a1__w0.50,ridge_pseudo_e011_a1,0.5,7964,22805493.942160625,53.51236137998544,-49.982175496458105,1136,7964,0.8117780010045204,5.332900800770885,15.124718926294445,35.34578898283477,22.810114114878672,54.172996131984675,80.0,80.0,80.0
8648abae,ridge_pseudo_e011_a1__w0.50,ridge_pseudo_e011_a1,0.5,4244,242755.5146634701,7.563048138172115,-4.386201715766867,1842,4244,0.050188501413760606,-4.986870573607229,-3.445123648199953,7.4194698949406215,4.181192863378453,-0.1332055358813784,13.625456127945691,0.838493097078591,8.974622647096965
865033f8,ridge_pseudo_e011_a1__w0.50,ridge_pseudo_e011_a1,0.5,3557,164835.920111084,6.807442720119639,4.4604953293201355,1746,3557,0.6589822884453191,-4.7500665861019655,9.218496215927388,7.602971594922636,16.097956984904215,-5.903684173130415,-5.9012649497171745,8.770062004682611,4.9887023996940485
87695469,ridge_pseudo_e011_a1__w0.50,ridge_pseudo_e011_a1,0.5,7003,401945.1663994092,7.576024004150715,2.5740847643909865,1651,7003,0.4412394687990861,-1.1845974168180553,-3.4092117600343514,4.3487033555670305,-3.135073590670383,2.957337137208379,-0.7254889486015728,-9.474931374138512,-6.762681124719373
877ed19c,ridge_pseudo_e011_a1__w0.50,ridge_pseudo_e011_a1,0.5,3708,453327.7498404318,11.056974030640031,9.478917147532167,1923,3708,0.30393743257820927,2.9735218853607566,9.679945143329917,10.386987094009688,16.28296840702074,-2.175477204852604,-4.419527345195993,-2.43935280302695,-0.6905873955642734
87aa3730,ridge_pseudo_e011_a1__w0.50,ridge_pseudo_e011_a1,0.5,5607,608935.1288453599,10.421260122320692,8.462648532594743,1686,5607,0.23256643481362582,2.1653776008353995,-0.456914259711647,3.8669772000584373,5.317633370647025,-2.9198135893047517,-16.431800575013984,-5.92220678458019,5.765075870906364
884ecb5f,ridge_pseudo_e011_a1__w0.50,ridge_pseudo_e011_a1,0.5,6724,1266069.4140677266,13.721920732040465,1.2160950030199453,1330,6724,0.03896490184414039,22.917733724143762,25.010357400295458,33.13505340340357,25.36530427253145,29.453177407256895,22.29506073056804,9.325309031064164,8.371372192089817
8902c3f6,ridge_pseudo_e011_a1__w0.50,ridge_pseudo_e011_a1,0.5,4959,192541.32873752367,6.2311029705977665,3.286372868446583,1574,4959,0.4831619278080258,14.750827662625573,18.871480250298013,11.625495301777695,-0.06446192904090879,17.154589807425896,8.876101912213542,-2.510305149990973,3.8175876403368925
896d15b9,ridge_pseudo_e011_a1__w0.50,ridge_pseudo_e011_a1,0.5,4279,566901.3054511666,11.510192455798373,-6.344442525875955,1419,4279,0.6620705772376724,10.886412631791341,25.043489714516816,31.0833996620788,17.013052234475165,1.3786029963574873,43.043877777905884,42.46505917682806,22.017755460487543
8995c945,ridge_pseudo_e011_a1__w0.50,ridge_pseudo_e011_a1,0.5,6724,276254.6209474733,6.409747523700893,-2.838257449626302,1474,6724,0.12120761451516954,14.093965096923686,14.481669564131385,21.23264745096578,2.1580809256756197,10.781968687896745,18.514083121627166,23.11785493982704,17.114442453827042
89969c7a,ridge_pseudo_e011_a1__w0.50,ridge_pseudo_e011_a1,0.5,4947,405986.45920039155,9.059095109592766,4.777420307719637,1370,4947,0.38164544168182735,3.4345564238495583,17.114873548452522,21.67017962063636,23.010446945480027,-0.09759165028248051,-1.6009588731165934,13.692951914868186,-3.8799094247564003
89f1085d,ridge_pseudo_e011_a1__w0.50,ridge_pseudo_e011_a1,0.5,5994,363036.1993517945,7.782454614395397,4.460874706426475,1503,5994,0.3314981648314982,-24.369739114310214,-36.01913304248942,-24.400331720293472,-21.281987006612265,-37.14418458055071,-31.257836657884518,-24.98604502793667,-21.201927312266296
89f36adf,ridge_pseudo_e011_a1__w0.50,ridge_pseudo_e011_a1,0.5,5292,106989.28349541243,4.496351159770284,-0.5546329759448917,1749,5292,0.608843537414966,0.5783459335010668,-1.7629500229124733,-4.1766117096682605,-7.951391384989469,-3.322781847617825,5.697554178998751,-3.4448638071198063,-2.300779282605193
89fdb2f2,ridge_pseudo_e011_a1__w0.50,ridge_pseudo_e011_a1,0.5,2031,50166.609713217505,4.969954518297189,-3.5360992646282874,1539,2031,0.534711964549483,-10.555186046990263,-2.370760778703695,0.024091872330044638,-4.615224905766688,0.6496642276230499,-0.8053195391995703,-0.0006763457196019431,4.672863015543814
8a3da6d1,ridge_pseudo_e011_a1__w0.50,ridge_pseudo_e011_a1,0.5,4593,158184.79845808505,5.868595145587948,-2.3743274467594406,1741,4593,0.46026562159808404,4.207779936142659,3.5014196666575628,4.113954841252341,10.934293632296583,-1.1215140872426859,16.923710174088228,4.659429502483836,15.421934888541452
8a89da23,ridge_pseudo_e011_a1__w0.50,ridge_pseudo_e011_a1,0.5,3935,1039121.5942306556,16.2502788108671,-14.911614718378505,1640,3935,0.149428208386277,12.193246055197394,12.981447810088056,6.681842593650467,4.152512438828415,28.687151298762846,24.925846768820847,23.85317804952271,30.60367200844876
8a9c8932,ridge_pseudo_e011_a1__w0.50,ridge_pseudo_e011_a1,0.5,4663,45156.279996876336,3.111905290177827,-1.97044228232966,1681,4663,0.04524983915933948,0.39850701225609747,-5.34987402386267,0.8137678889462776,-0.6275065714824599,0.11399793453579436,0.03408929896294434,5.323623040628513,-3.2902284847952696
8ac2f237,ridge_pseudo_e011_a1__w0.50,ridge_pseudo_e011_a1,0.5,5319,2107972.8727110825,19.90753617978861,14.261752655860967,1456,5319,0.04230118443316413,0.47918451297886405,3.975799969667117,4.419835538176511,4.433987792169804,-0.6790318834013365,-6.395455453208805,-15.19058392922497,-43.47919832394448
8b12bab6,ridge_pseudo_e011_a1__w0.50,ridge_pseudo_e011_a1,0.5,5234,593422.7010319304,10.647930770651444,-5.356533212867072,1746,5234,0.5827283148643485,8.726954527085569,5.5378047761252995,3.7957848816922564,14.623348555452703,-0.0725426902202232,11.17585380941672,20.463470001191745,30.247453215395435
8b5be31b,ridge_pseudo_e011_a1__w0.50,ridge_pseudo_e011_a1,0.5,5672,813414.5351644179,11.975340017760512,6.535408368508454,1767,5672,0.599083215796897,-10.930823628041853,-3.203158500500757,4.076449507196484,-4.612957057706444,-12.226092912417712,-19.733246745582285,-13.498338785804743,5.443549161810035
8b95d6d1,ridge_pseudo_e011_a1__w0.50,ridge_pseudo_e011_a1,0.5,1731,73540.83056097181,6.518020638586869,0.2555788705669349,1052,1731,0.537261698440208,0.0668105050203847,-9.517978657110849,-31.160767755324155,-28.951449049337686,-9.77276226417099,-12.518125308212781,-17.4251312276817,-15.44546095632469
8b9d8326,ridge_pseudo_e011_a1__w0.50,ridge_pseudo_e011_a1,0.5,6163,255070.78462943994,6.433306979092224,2.591054662326141,1669,6163,0.6563361999026448,3.8643803890481956,4.392873361123297,-0.6846134231635723,0.4198960532481057,4.9297763131479915,2.6127439851228633,-3.691696251145438,-16.452813839508295
8bb9c1e6,ridge_pseudo_e011_a1__w0.50,ridge_pseudo_e011_a1,0.5,4546,152386.4117809558,5.789731260882623,4.99799089447337,1836,4546,0.12120545534535855,-2.156202758249018,0.8769519679339541,1.4268648613584447,0.43711473854094846,-9.817521974316227,-2.534798413296617,-4.357235858492498,-7.456769161739683
8bda1a11,ridge_pseudo_e011_a1__w0.50,ridge_pseudo_e011_a1,0.5,5981,985687.4105454404,12.837566420899572,-2.5983794875816173,1457,5981,0.5472329041966226,-3.83081700594339,-11.755118965915043,-2.923969905139203,-9.275567904490984,-18.36720243035931,-11.206741850628571,6.753665829530459,21.462951640798035
8bfa881d,ridge_pseudo_e011_a1__w0.50,ridge_pseudo_e011_a1,0.5,4089,498143.17629128456,11.037444619780592,-5.231189056858297,1754,4089,0.4590364392271949,3.706168271154548,23.58779667329116,27.819867728180647,20.878941615152996,5.5838201885702095,14.94293619810901,31.118669853248512,52.522519506447786
8c167025,ridge_pseudo_e011_a1__w0.50,ridge_pseudo_e011_a1,0.5,5368,301007.8343353158,7.488289843933512,-3.7373062542421454,1745,5368,0.1328241430700447,3.1094064173592324,12.21469397503044,9.828358635073888,11.088395385376973,5.309549351908937,5.884699211315893,27.160464957910555,2.6929220319868126
8c8348e8,ridge_pseudo_e011_a1__w0.50,ridge_pseudo_e011_a1,0.5,3888,474870.0992572047,11.051577770080106,8.05901612955058,1693,3888,0.3073559670781893,4.752543591706129,4.461419209862461,5.665811519146716,18.099403575476053,-3.812508657293429,5.797246352031592,-11.035529837360475,-10.034937304632493
8cc21f01,ridge_pseudo_e011_a1__w0.50,ridge_pseudo_e011_a1,0.5,4044,246262.5066013659,7.803574382661983,5.431878494170793,1762,4044,0.3464391691394659,-1.716480412152509,3.8457937362476313,5.103335839915222,8.619040478941457,-2.8582854208996387,-10.915319372187888,1.3073866928860325,-3.4139755984539644
8cc800b3,ridge_pseudo_e011_a1__w0.50,ridge_pseudo_e011_a1,0.5,6576,924458.004155681,11.856668871947237,11.197314676747926,1515,6576,0.03938564476885645,-0.5599587007209881,-0.5251369290453285,-4.84674171949829,-0.26616474863937634,-13.766151414318088,-16.6718657615524,-16.18765177386722,-8.497989546427695
8d5d46d7,ridge_pseudo_e011_a1__w0.50,ridge_pseudo_e011_a1,0.5,5755,953040.709892265,12.868652163129404,-11.996562764043434,1527,5755,0.28236316246741966,5.373906794843314,6.773650831295467,-2.989901668803747,-8.362077744094751,18.544713434419585,19.294046205392828,11.149559916389597,4.691767506016342
8d92cb49,ridge_pseudo_e011_a1__w0.50,ridge_pseudo_e011_a1,0.5,3589,142508.7805301469,6.3013569664254865,-4.978567390941861,1250,3589,0.224575090554472,-10.121304907893775,-9.27872926964819,-14.411056403068892,-16.89526172826201,1.8158481008194207,-7.726189262224796,-2.162810252897234,-20.759353107825188
8f201368,ridge_pseudo_e011_a1__w0.50,ridge_pseudo_e011_a1,0.5,6349,7294373.866444463,33.89544546476353,-32.10160740424933,1802,6349,0.4947235785163018,-6.481321171433237,1.4618191493690378,-4.4807351240955615,-8.854940236048748,48.874805957149945,18.452446974468483,37.004221823288724,26.858588819879962
90386ee4,ridge_pseudo_e011_a1__w0.50,ridge_pseudo_e011_a1,0.5,3840,140102.88822020055,6.040291974787082,-3.897161357398253,1464,3840,0.5026041666666666,5.2413310719869095,12.084616643384987,7.5353533285068846,5.785788675759738,3.220601635362416,19.683639931009477,4.056313798039016,9.506710522848827
91abc4c7,ridge_pseudo_e011_a1__w0.50,ridge_pseudo_e011_a1,0.5,5848,466746.2505310376,8.933810516070102,5.3339954006154775,1939,5848,0.6109781121751026,3.808261600356687,2.2373544040538844,3.055259094278083,8.113192475963958,-15.223161576460713,4.7593439741557475,2.1442940806130055,-2.3605944705471336
91b301ce,ridge_pseudo_e011_a1__w0.50,ridge_pseudo_e011_a1,0.5,6570,3111883.1928560804,21.763510972992144,6.457929650685783,1942,6570,0.14657534246575343,23.304513272373054,-11.10658737806467,-18.380048243641337,-44.30045260916837,16.5850737134847,4.915445773828925,-27.855483917673613,-80.0
91db7070,ridge_pseudo_e011_a1__w0.50,ridge_pseudo_e011_a1,0.5,4073,3595219.052508094,29.710193015073177,-24.53818055956396,1573,4073,0.3336606923643506,3.8389705671504615,14.271563732441601,15.1404066433672,16.972721785158463,9.66924693352296,38.247553769394564,61.76327809471175,54.852870095121254
925a7cd1,ridge_pseudo_e011_a1__w0.50,ridge_pseudo_e011_a1,0.5,4517,295109.5902463429,8.082889027388502,7.5936043539011875,1984,4517,0.17467345583351782,7.188721017492047,0.795119720591868,6.76296863726961,-0.6467559838035793,-7.432208197321938,-1.9373438619605226,-2.493788566545104,-7.342016258089364
9283ae69,ridge_pseudo_e011_a1__w0.50,ridge_pseudo_e011_a1,0.5,3371,161157.32386285957,6.9142590567625115,-5.417851677505202,1747,3371,0.3814891723524177,-2.4434048313991146,1.4128664987182435,-4.1146778468267105,-6.254550791366424,7.251601186264399,9.600136535233318,-3.096316734629139,-2.4340039235636346
9298ad5b,ridge_pseudo_e011_a1__w0.50,ridge_pseudo_e011_a1,0.5,3964,866023.9253832481,14.780806183313212,-8.169864684871246,1843,3964,0.5025227043390514,-2.944109820880409,1.829807012195341,-6.5200867657397055,10.513549612198519,5.948373122991911,16.377020588213565,17.73734829007834,-18.683942513142902
9314ff13,ridge_pseudo_e011_a1__w0.50,ridge_pseudo_e011_a1,0.5,2748,568135.508227607,14.378633117590807,12.572572797955308,1746,2748,0.04148471615720524,2.6532023437209316,14.943007574806327,23.057165620354866,9.787621768165298,-4.429793127852623,-9.61885868413753,4.58115006633878,-6.386464925082588
93209a3d,ridge_pseudo_e011_a1__w0.50,ridge_pseudo_e011_a1,0.5,4697,1272840.7072758973,16.46177828162234,-14.599864223804735,1603,4697,0.5648286140089419,3.638253011337504,-1.4358701112702472,-12.09556464894921,-6.987176451570258,20.315600013185712,5.15486733322539,21.927329370273124,1.3453191642200781
939d9c34,ridge_pseudo_e011_a1__w0.50,ridge_pseudo_e011_a1,0.5,5101,598281.211075348,10.829914308420426,-1.764573763168806,1526,5101,0.4348167026073319,3.601256350363829,-7.312547458438051,-22.488369443475325,8.249044608904041,3.380467119259903,8.80820193112683,-39.263739495620136,20.461423848116596
93f5d2e6,ridge_pseudo_e011_a1__w0.50,ridge_pseudo_e011_a1,0.5,3691,1213483.2216613789,18.131964719370515,13.349487895944684,1480,3691,0.3351395285830398,5.613775422706225,3.9378746672478813,-4.945953657692213,-5.408076048288812,-2.223325285564109,-3.96890765532688,-19.98420762343629,-52.46899450850763
940a48d9,ridge_pseudo_e011_a1__w0.50,ridge_pseudo_e011_a1,0.5,3963,297350.5132117039,8.66208238601437,5.176825228014813,1664,3963,0.1680545041635125,0.5346977175321221,-6.3116753059405,1.525920371564587,1.6173555623993554,4.078505788913106,-19.06857454237381,-5.302244134186923,-14.743380028114775
940e709a,ridge_pseudo_e011_a1__w0.50,ridge_pseudo_e011_a1,0.5,3348,298855.3261477765,9.44795411513527,-8.676282540937319,1641,3348,0.3835125448028674,-13.725338253396353,0.5835674557993943,-5.484458638184344,-6.389911013404012,-0.8540670896269127,3.8098063491207377,8.889548165543102,-5.554799110379846
9426ec1e,ridge_pseudo_e011_a1__w0.50,ridge_pseudo_e011_a1,0.5,2532,403703.1739596098,12.626972402502444,11.220478332886039,1391,2532,0.15205371248025276,0.4038106155310338,4.785801392402908,1.09846531151669,2.33741385293886,-8.399099046703506,-8.073379063202504,-19.3681636515622,-14.229359169480118
94467f50,ridge_pseudo_e011_a1__w0.50,ridge_pseudo_e011_a1,0.5,3035,1157729.198783461,19.530984961581158,15.58289829666152,2081,3035,0.22042833607907744,3.6949758431232214,21.280518230473717,33.58210717188545,20.95155551988254,-1.9479799801660442,-1.9457905093230228,11.983722376579564,-23.255590179326248
944f36b9,ridge_pseudo_e011_a1__w0.50,ridge_pseudo_e011_a1,0.5,4630,96343.87698561713,4.5616458367429304,2.6241853093587526,1405,4630,0.15831533477321813,18.411073076213754,12.177030588980651,6.4897656620110755,6.511016134185111,5.949211175035831,10.408505367459542,3.194036330503415,4.673593432514495
94d813a4,ridge_pseudo_e011_a1__w0.50,ridge_pseudo_e011_a1,0.5,4847,2059424.0209718389,20.61277093849118,15.884868666991494,1744,4847,0.28636269857643903,-6.310689372569431,-9.498117919238254,-30.22058526311023,-23.60834657633481,-10.589796459696196,-19.360518603173364,-59.84337338095398,-56.09109877881935
95b559e7,ridge_pseudo_e011_a1__w0.50,ridge_pseudo_e011_a1,0.5,2887,213957.58114385122,8.608756973028221,-8.09488356124557,1751,2887,0.3023900242466228,5.787677861410349,17.06938383149296,20.586798604054408,5.082028807689302,18.729050201108905,21.390648639049715,30.729428463660483,9.452559087214292
95c8427f,ridge_pseudo_e011_a1__w0.50,ridge_pseudo_e011_a1,0.5,6335,1603685.3972722958,15.910589749706705,13.302845951617712,1716,6335,0.19984214680347276,-12.587303557929541,-18.00256854751894,-16.34284172825599,-18.228464495589584,-39.67331943404824,-21.306017234996926,-36.27103722032676,-8.379466126847682
96936c22,ridge_pseudo_e011_a1__w0.50,ridge_pseudo_e011_a1,0.5,3346,119383.54109821546,5.973230307321848,4.341360647393104,1651,3346,0.2023311416616856,1.1953801773917143,9.990322559024543,9.611190275506216,5.288867324082426,-4.725912152769317,4.622080398846752,-3.6958954978776113,10.188169508154626
96ae5806,ridge_pseudo_e011_a1__w0.50,ridge_pseudo_e011_a1,0.5,9839,1129967.887264091,10.716613560557786,9.481760786591746,1688,9839,0.552393535928448,4.835034528430677,6.129071198363266,7.21965745314661,-1.1279166977785948,-6.449274728338337,-6.042411139323482,-4.412641058948452,-17.740030605906412
96b7eea1,ridge_pseudo_e011_a1__w0.50,ridge_pseudo_e011_a1,0.5,4332,188861.28394338067,6.602786352282808,-5.697089217384167,1746,4332,0.38550323176361956,8.751832335567926,0.1311000080139335,6.504188127645579,17.591983423935424,18.856794674898946,8.62630064367968,11.286478202313058,14.419357291150487
9719aa04,ridge_pseudo_e011_a1__w0.50,ridge_pseudo_e011_a1,0.5,4871,628603.3792972894,11.36002509909016,-8.921626861290573,1794,4871,0.043112297269554505,-5.4015596289503875,-3.846557119787607,-7.834058098915358,-6.390415741453228,-0.5811830235993201,7.389441607821774,2.0461449167483496,10.066415598547335
974802e7,ridge_pseudo_e011_a1__w0.50,ridge_pseudo_e011_a1,0.5,5843,1182637.8685009233,14.226823624407542,1.5375057672690189,1694,5843,0.5676878315933596,3.9880761196237158,4.899364836007801,4.0301850073548575,3.293828824245378,2.5722063239862445,-16.171074346605973,1.7716148607462987,36.099797514516474
97cd5bf9,ridge_pseudo_e011_a1__w0.50,ridge_pseudo_e011_a1,0.5,3449,454058.3647477883,11.473851987374541,-8.208017955870737,1650,3449,0.6332270223253117,-11.98106642611405,-5.540482238836065,-4.792297969164032,-6.329855670358741,-9.107411161052388,-2.2726876508694276,10.874406633436186,19.287859963976075
98177ced,ridge_pseudo_e011_a1__w0.50,ridge_pseudo_e011_a1,0.5,4772,179947.52227495663,6.140768398198862,-3.0425860007680683,2017,4772,0.04463537300922045,-4.885056471918755,2.082217914598342,-4.261008471364922,0.5951666636595443,-4.039099051186169,8.449382827144374,4.1687618182791315,-7.686302147119868
9896fc0b,ridge_pseudo_e011_a1__w0.50,ridge_pseudo_e011_a1,0.5,3595,482576.1914613394,11.585999313849094,0.7848020728427184,1514,3595,0.3972183588317107,-3.486684831623504,-8.258432409324621,-13.451585738068138,-11.918645728101287,-2.569611925576207,3.817097971971863,-11.072585652488293,-46.22722767596973
98bc6f66,ridge_pseudo_e011_a1__w0.50,ridge_pseudo_e011_a1,0.5,6063,546643.6605858116,9.495293074117638,-7.926865001330968,1657,6063,0.42734619825169057,5.082650831294223,15.5570955856569,14.023500075397951,6.97620438332171,22.015251503282087,20.37839258663013,20.778530708532923,4.377276919690088
992c99e8,ridge_pseudo_e011_a1__w0.50,ridge_pseudo_e011_a1,0.5,4904,778337.7300644317,12.59820906107613,9.625448077499076,1836,4904,0.3786704730831974,1.672503083972058,3.316540466535271,-7.031846437175821,-1.5534078649633427,2.119118029343316,-9.597751896044043,-20.969783244652273,-22.524933412169197
992ce078,ridge_pseudo_e011_a1__w0.50,ridge_pseudo_e011_a1,0.5,2879,41743.40426388888,3.807790968671172,-3.121911260601287,1782,2879,0.038555053838138245,-8.618637224460558,-3.2619305488798274,-7.901218061998387,-16.677790982207767,-1.3911449772723012,-0.0005937116821692065,-7.567889595369653,-9.450919186395874
99529c45,ridge_pseudo_e011_a1__w0.50,ridge_pseudo_e011_a1,0.5,5840,2605590.269149886,21.122564174838857,19.864561263318933,1751,5840,0.5669520547945206,-10.002561245594842,1.2243152550206529,5.591548134100188,0.5702274392244169,-28.744696274057517,-23.963351022912324,-23.429581720426413,-4.852834577289084
995ff498,ridge_pseudo_e011_a1__w0.50,ridge_pseudo_e011_a1,0.5,4526,123173.6837388511,5.216770005733441,0.6515859905004469,1601,4526,0.5627485638532921,3.1509007630415837,4.438710882710768,-3.182055164050592,-7.897789168952175,2.205810804482363,8.633292333399796,-8.896756864526035,-18.140932539142806
999daf80,ridge_pseudo_e011_a1__w0.50,ridge_pseudo_e011_a1,0.5,3564,37122.575560573656,3.227380735006439,-2.7325072303837374,1875,3564,0.08052749719416386,7.2878190875779065,2.7724393332892285,-2.7946697627341175,-2.4474530015200644,10.08407872243853,4.361750792818013,1.049266655169915,-3.0252993530136516
9a6b0392,ridge_pseudo_e011_a1__w0.50,ridge_pseudo_e011_a1,0.5,4255,431171.0374114123,10.066419112634504,6.457728479085514,1547,4255,0.5029377203290247,5.626471314757285,-4.867831712166738,5.082153457205361,6.509861446466614,-1.2888906351146874,3.296890778742035,-9.80863179194233,-14.094037533548
9a8ae0d6,ridge_pseudo_e011_a1__w0.50,ridge_pseudo_e011_a1,0.5,6294,203079.7778272428,5.680282961798218,-2.1378897326991915,1541,6294,0.5111217032094058,-9.921434700935222,-2.884998937578532,-4.322178601055187,-3.1560203948491767,-9.018125783330143,1.064509151166701,-3.2323464747662265,9.439425083151736
9a95e33f,ridge_pseudo_e011_a1__w0.50,ridge_pseudo_e011_a1,0.5,6447,2228112.0809404193,18.59044054746378,16.182284961006825,1709,6447,0.1532495734450132,-15.312240957902873,-20.274161920176986,-23.177059464104513,-20.339912556430576,-29.00391322296214,-33.82814411939793,-47.92720522699062,-13.908980626977128
9ab94eeb,ridge_pseudo_e011_a1__w0.50,ridge_pseudo_e011_a1,0.5,4442,302543.83699116105,8.252867606236062,5.75557470261473,1930,4442,0.534894191805493,6.64485808637307,3.944054286131414,-2.506149441414975,-5.146729789678529,7.706382272640999,-14.797764437909512,-5.401925009213869,-11.496917913215466
9ad5410a,ridge_pseudo_e011_a1__w0.50,ridge_pseudo_e011_a1,0.5,4205,290921.9926510825,8.317738771812897,-2.770802186251973,1544,4205,0.08014268727705114,-7.351773487348062,-10.350000603293122,-10.595615541729291,-10.573380235502468,-13.54683111036536,-12.604532066797113,4.78330747386294,-3.253096597307977
9ae248be,ridge_pseudo_e011_a1__w0.50,ridge_pseudo_e011_a1,0.5,5271,235929.84680419296,6.690289868518009,1.9980930199511215,1384,5271,0.32024283817112503,-3.702579904989643,-2.573848670417369,-5.171446902775456,-2.8253716173399455,-11.162554557755701,-5.584891568116974,-9.379199326136387,12.208246057045313
9af1ffd0,ridge_pseudo_e011_a1__w0.50,ridge_pseudo_e011_a1,0.5,3525,330923.96555798745,9.689124788410277,2.226137896573902,1929,3525,0.05446808510638298,-10.30517398993333,-9.140904369154054,-18.438857269909754,-15.307341508886926,-0.8189472714600396,-2.4992955697952657,-30.06482917465814,-32.460167146933266
9b5b61c1,ridge_pseudo_e011_a1__w0.50,ridge_pseudo_e011_a1,0.5,5532,165394.36590086351,5.467883716031578,-2.4387755238680398,1683,5532,0.09399855386840203,3.640019295270588,-4.367338240818741,-1.2403078579607865,3.498325392180958,3.4134046828815983,4.3898219547309685,-5.961832909259637,12.032514621660914
9b9e3b49,ridge_pseudo_e011_a1__w0.50,ridge_pseudo_e011_a1,0.5,5118,697348.9576755174,11.672797119370317,-8.518449872526778,1757,5118,0.5775693630324346,-8.92162479556014,-8.223322870315217,-16.46380468834105,-14.785070922178027,0.3228604873079759,6.027170952210273,3.5154396767239544,-22.874993364837746
9bd2bba3,ridge_pseudo_e011_a1__w0.50,ridge_pseudo_e011_a1,0.5,7439,890489.5721349681,10.941003065335368,-9.016943361373876,1653,7439,0.037639467670385805,12.574141488620874,6.161433574090718,2.014891498892356,-0.6861418915733032,14.980714481283071,16.303250423092997,19.73386360106525,8.838236833960263
9c211c53,ridge_pseudo_e011_a1__w0.50,ridge_pseudo_e011_a1,0.5,7265,415281.9962345085,7.5605561380715685,-1.5811411414660943,1577,7265,0.4802477632484515,-3.4143579644472255,0.085786930543531,9.891592806141315,1.7248198338451324,7.140763087100974,3.5514761300875435,4.4472422676518395,-8.339957260333424
9c350a6a,ridge_pseudo_e011_a1__w0.50,ridge_pseudo_e011_a1,0.5,6052,526881.5437644065,9.330545461695001,-3.36343195927804,1742,6052,0.44894249834765365,7.23150070472821,9.570451052700173,19.98725708841164,9.2905337968938,3.873740328528858,20.66680900860637,29.369507972527103,-0.8151072239815751
9c8375f7,ridge_pseudo_e011_a1__w0.50,ridge_pseudo_e011_a1,0.5,3674,312580.219530057,9.223827448263219,7.531986397639869,1758,3674,0.27708219923788785,-4.4138137185181945,8.24848705255834,13.807118735429231,21.059656011988547,-5.565662628780369,-8.020463391517556,6.532094968355506,6.925394819645419
9d072e4c,ridge_pseudo_e011_a1__w0.50,ridge_pseudo_e011_a1,0.5,5107,313853.71918659727,7.8393618441226085,-0.47686061370046295,1691,5107,0.14626982572939104,10.91943475600122,-3.1267473589205057,7.691146332374802,4.068368952935579,2.421712711366799,2.0233987599132273,13.22858906815035,15.581496274051553
9d3ec64c,ridge_pseudo_e011_a1__w0.50,ridge_pseudo_e011_a1,0.5,3480,161264.08434355917,6.807367635269334,5.349247452178677,1457,3480,0.20517241379310344,-7.205520584449774,-10.76929453008948,-0.05696545308919223,3.7378683538058297,-9.516390807258915,-13.406626232560928,-8.987430327720505,2.0386650117360454
9d4272e3,ridge_pseudo_e011_a1__w0.50,ridge_pseudo_e011_a1,0.5,4030,555348.5244667908,11.738977983029542,-9.73716056562744,1741,4030,0.5369727047146402,6.305211730879843,11.37103907474027,10.773664232919135,1.387662038585272,16.39357104147492,14.944143887200672,19.85684497477209,27.778644393030525
9d5e14d4,ridge_pseudo_e011_a1__w0.50,ridge_pseudo_e011_a1,0.5,5400,433651.45582001994,8.961351748026384,-5.843916921332346,1165,5400,0.5618518518518518,-36.099572802592,-49.028575280839895,-45.46615475880371,-52.161281717447785,-13.676502094467642,-27.97066707067908,-41.00286898352358,-35.94585374642171
9da441ba,ridge_pseudo_e011_a1__w0.50,ridge_pseudo_e011_a1,0.5,5783,231274.22174426215,6.323929474243332,-2.1686725391742594,1500,5783,0.20560262839356735,13.796104946602975,17.30818034978035,11.936543803377067,10.19362376293733,25.133086864042298,13.778905856870233,11.704809947235518,13.438030121246499
9dede370,ridge_pseudo_e011_a1__w0.50,ridge_pseudo_e011_a1,0.5,6297,1604990.979337112,15.965019424288194,-13.216145043303746,1760,6297,0.4070192154994442,5.226809982606283,7.174032295548514,-0.620607987526232,4.441580398991936,7.162178211143116,25.997330076926257,21.02275915722497,20.465561710587682
9def2eb2,ridge_pseudo_e011_a1__w0.50,ridge_pseudo_e011_a1,0.5,6003,399934.8506776702,8.162260544584418,-3.3342173914947955,1747,6003,0.12377144760952857,3.5816703618422943,1.806702431037317,-4.12558837618315,-7.5243034168881895,7.052225436634002,-4.956366370115274,4.625108126931732,4.311727706497095
9df1b1f9,ridge_pseudo_e011_a1__w0.50,ridge_pseudo_e011_a1,0.5,4701,242141.9495968111,7.176949523750066,-6.020229489138466,1743,4701,0.6855988087640927,6.33612827967778,6.391641186153858,4.184250041482669,10.820601843554574,15.096023208127274,14.98541871000284,12.826591075834571,8.976798077862805
9dfff011,ridge_pseudo_e011_a1__w0.50,ridge_pseudo_e011_a1,0.5,4319,116606.70066735886,5.196012074998318,-2.9765888089598764,1748,4319,0.3727714748784441,-10.392584717259414,-1.2336826147946305,-5.20745412295585,8.41338222802988,-4.662202133447557,-5.895793927330766,5.824636584908783,3.3408787276455416
9e3e364d,ridge_pseudo_e011_a1__w0.50,ridge_pseudo_e011_a1,0.5,4290,146382.88258674584,5.841394016230587,2.883588707702895,1519,4290,0.5186480186480187,6.4244331381108655,9.816709610349665,2.5798568579483434,-2.1869243818361874,3.005078671235319,1.7350024092417715,0.017972478395169605,8.49010053854362
9efc812e,ridge_pseudo_e011_a1__w0.50,ridge_pseudo_e011_a1,0.5,4450,196475.36921497004,6.644679703560934,-3.811760324747565,1650,4450,0.02292134831460674,-6.21367776558106,-0.23489531589487758,9.4442794002429,0.8625018923529545,1.1138453621695548,9.796431830085023,12.990562571473578,-7.907438471540299
9f0c7bae,ridge_pseudo_e011_a1__w0.50,ridge_pseudo_e011_a1,0.5,2542,29410.7422165588,3.4014588331726454,-1.1927119763260887,1498,2542,0.3202202989771833,7.662649473769557,7.8383289258062705,6.684632322541598,6.5063042749185716,3.3775062264332507,13.290691544089308,5.051694885387966,10.245430909754916
9ffce529,ridge_pseudo_e011_a1__w0.50,ridge_pseudo_e011_a1,0.5,5212,318883.02070969663,7.821922239394118,0.3260469688654735,1463,5212,0.4113584036838066,-2.9878754158370557,-8.636792274785313,-13.220407031396912,-7.229752771549589,8.12037857212256,-5.5284212528963215,-12.110162964912139,-23.65427296376148
a0383629,ridge_pseudo_e011_a1__w0.50,ridge_pseudo_e011_a1,0.5,5832,150657.59189311258,5.082609607340478,-0.6403585586910922,1855,5832,0.546639231824417,-8.240782719370996,-9.951130590971328,-8.971808871044923,-13.801135852675026,-9.745182275538353,-13.1555180729959,-5.3869307131081365,0.21585764709080577
a056d01e,ridge_pseudo_e011_a1__w0.50,ridge_pseudo_e011_a1,0.5,6557,742442.1812691916,10.64090895120299,0.9370381218633137,1735,6557,0.2696355040414824,8.406707418933888,-0.6734939749274786,-8.875706868498828,-5.332504829118106,-3.1658439796992988,0.7712433936523986,15.547096190747498,-27.076165539600485
a08d9e63,ridge_pseudo_e011_a1__w0.50,ridge_pseudo_e011_a1,0.5,3685,1803355.7506450764,22.121876244738775,-20.42812132094323,1514,3685,0.25590230664857533,1.0342019467526113,5.432812468155136,-10.150203089900321,-1.6878290514321708,26.724797185276554,34.36504663004097,10.022650678372273,7.0967601916261795
a0b83014,ridge_pseudo_e011_a1__w0.50,ridge_pseudo_e011_a1,0.5,5035,515304.1909241362,10.11654225486485,-8.604147990139072,1838,5035,0.551142005958292,10.451380816923015,4.9712419814544875,8.15576905643599,4.50019786609887,19.834142803234737,21.70599657561105,21.738313475625425,1.8393687859184134
a0e92ed6,ridge_pseudo_e011_a1__w0.50,ridge_pseudo_e011_a1,0.5,4897,232321.80495271916,6.887790586932371,-0.49271593063518027,1549,4897,0.4998978966714315,-3.704994830203661,1.7471101570127672,1.271486644017807,-8.239124932458603,2.811797267786653,6.512619528797946,-3.6240301817915626,-22.206271155204323
a15bc102,ridge_pseudo_e011_a1__w0.50,ridge_pseudo_e011_a1,0.5,3236,54335.27132041463,4.097667012399117,-2.8978051857010874,1888,3236,0.5633498145859085,0.25396804387578964,-2.5362166138115816,0.08243061145809465,-3.9375248827797007,0.6796140095411511,1.6048517369853077,0.30755519027121897,7.58084649869707
a247e7cf,ridge_pseudo_e011_a1__w0.50,ridge_pseudo_e011_a1,0.5,5674,161191.66857936612,5.329992890434683,3.4385761457433297,1563,5674,0.5667959111737751,3.5198391055907905,3.2012347848751306,2.9407149794191274,0.1372973685119569,2.5315277331531307,-0.4775912856455316,-8.033329294769175,-2.6291942763166016
a2e8e7f6,ridge_pseudo_e011_a1__w0.50,ridge_pseudo_e011_a1,0.5,4760,225155.64130477523,6.877616252461985,2.609880035287676,1052,4760,0.4808823529411765,-6.655768337211567,-3.6324320814374618,3.2428997889330775,6.899987287982093,-18.715810808566108,-3.9410960098775676,3.830253090055822,21.02673722905112
a3518960,ridge_pseudo_e011_a1__w0.50,ridge_pseudo_e011_a1,0.5,4967,201048.9549918232,6.36214891325311,-3.1540064648104638,2025,4967,0.0376484799677874,-9.596908234144536,-7.35490666323077,-12.39789692430934,-8.922610240653286,-14.38962060255487,-0.37701989235324873,-8.20708018473002,6.64879214886272
a3f71395,ridge_pseudo_e011_a1__w0.50,ridge_pseudo_e011_a1,0.5,5543,780849.4155919427,11.868920079892685,5.334392593017672,1497,5543,0.07865776655240844,-9.219996512515904,-2.8847797242717235,-4.176941344088293,-7.0639683044272115,-29.724252241506083,-2.6488535998055682,4.190082989136837,-20.344992789356937
a4719920,ridge_pseudo_e011_a1__w0.50,ridge_pseudo_e011_a1,0.5,5884,255687.7670922259,6.592021926148111,-1.6234637324858663,1611,5884,0.6442895989123045,3.8479859545119774,-1.298676578904512,3.881592252207214,-2.6090443142059327,6.14767298446166,-3.818552686103278,8.803403154636847,8.264715821446424
a48640d9,ridge_pseudo_e011_a1__w0.50,ridge_pseudo_e011_a1,0.5,4532,969652.9073380453,14.627267420569737,-12.549895839671661,2054,4532,0.13879082082965577,18.48331551253321,14.927323866050022,3.303489576198537,-7.76865166621531,26.641836317025607,22.60121947351278,23.8838865252746,17.996465603890687
a4cdbb0f,ridge_pseudo_e011_a1__w0.50,ridge_pseudo_e011_a1,0.5,5204,696777.9038754418,11.571203754032718,-1.09392688576531,1555,5204,0.037855495772482706,0.1717903710949042,-0.6218945514887143,-1.5154953115673653,-4.591477466464717,-7.539183045987317,-15.235608789113165,22.034112642708404,-8.643611447570958
a4f989c2,ridge_pseudo_e011_a1__w0.50,ridge_pseudo_e011_a1,0.5,5385,703987.5166454979,11.433774567599,9.711462172193885,1639,5385,0.0479108635097493,-13.027457629556016,-1.0996769477325525,-0.9076117276709619,13.51050605261391,-14.808327192210719,-11.8265093869111,-7.33308819891224,-7.97163793555221
a5aa7973,ridge_pseudo_e011_a1__w0.50,ridge_pseudo_e011_a1,0.5,4616,3591628.7633394403,27.894129986884018,23.581251411536247,1833,4616,0.4016464471403813,18.318899832976044,18.54546722733805,20.984335485417766,21.679371343645887,8.648058776711785,-12.201436740542064,-20.789129144798085,-20.815987892386783
a5e6f7dc,ridge_pseudo_e011_a1__w0.50,ridge_pseudo_e011_a1,0.5,5649,1302970.16885023,15.187330676361498,14.327682251419981,1682,5649,0.5186758718357232,10.19193748837078,11.164273118120096,19.132694445689875,14.453835895501317,-9.299474319115957,1.5668424598919486,-0.5221988991007034,-9.68793847279344
a612d5a0,ridge_pseudo_e011_a1__w0.50,ridge_pseudo_e011_a1,0.5,5329,421845.4107066032,8.897209240962221,-6.459213323031838,1831,5329,0.047100769375117285,19.089268682901036,17.333924606697217,9.188975044389874,15.587635775132686,19.531179348317288,21.630179850712363,24.73471028214263,11.348990618877469
a622ce4d,ridge_pseudo_e011_a1__w0.50,ridge_pseudo_e011_a1,0.5,6298,289156.95950880164,6.775876731414691,1.0735279236085455,1749,6298,0.44934899968243885,19.161222641841714,17.269711958361675,10.29557783846167,15.415623678947355,20.67496267096818,13.441254485477067,10.192055450698932,6.2005426222069815
a645da9a,ridge_pseudo_e011_a1__w0.50,ridge_pseudo_e011_a1,0.5,5153,291599.08535631985,7.522514048662639,2.9177590136323714,1613,5153,0.19619639045216378,11.754314271072307,10.103398265377958,-1.6978091270641098,1.1655966474543533,16.305405984729443,1.027887616067808,-8.475665438596687,-8.00855572051845
a692b17e,ridge_pseudo_e011_a1__w0.50,ridge_pseudo_e011_a1,0.5,3566,167678.6706223973,6.857222502949922,-3.079577447379372,1843,3566,0.5975883342680874,0.21816734679097766,10.753389861772803,13.300161663148458,2.380642165176684,0.38792569628511314,17.15777201852889,21.218381922205747,-3.349294320393737
a6b8ac67,ridge_pseudo_e011_a1__w0.50,ridge_pseudo_e011_a1,0.5,5453,1155574.4601055586,14.557312951621864,-10.944358955755254,1564,5453,0.0737208875848157,-6.324774487939997,-4.122466211689256,-4.8697368116745805,-5.409722721288712,0.9109789288741249,4.401536178458756,14.97188261145514,15.754612946424718
a6ed2eff,ridge_pseudo_e011_a1__w0.50,ridge_pseudo_e011_a1,0.5,5275,649289.8849920937,11.094508995729422,-8.41403337091261,1779,5275,0.5624644549763033,-4.209960791690037,-7.038897332175234,-7.133337622268696,-4.417762096898322,8.694394392809999,5.039654007383464,-8.966598824462563,22.86222608662649
a6f967fb,ridge_pseudo_e011_a1__w0.50,ridge_pseudo_e011_a1,0.5,4670,606204.6028144846,11.393343061950633,-8.89717272773594,2362,4670,0.04197002141327623,-28.84542005862686,-22.38761265271213,-28.142657937590105,-30.090617952492913,-24.764865512896336,-13.360772669325366,-6.358095223556112,-9.705411478707317
a76db406,ridge_pseudo_e011_a1__w0.50,ridge_pseudo_e011_a1,0.5,4672,44717.26565275925,3.093757027553913,-0.04617324247306649,1779,4672,0.012414383561643835,-3.010934871604266,3.8559132095238624,6.309965623911877,1.8063675232876857,0.27231762099998547,4.346268895740288,0.9450688415721102,8.312202194170837
a7744f5b,ridge_pseudo_e011_a1__w0.50,ridge_pseudo_e011_a1,0.5,4377,561394.0293873007,11.32519324977231,-6.846861807634036,1640,4377,0.16860863605209048,3.1579227281233515,7.1212908028626725,2.0141472093984154,4.406780210520349,1.6306701590041495,2.9820157974754804,23.716414343051923,18.758950618485944
a783cc24,ridge_pseudo_e011_a1__w0.50,ridge_pseudo_e011_a1,0.5,1889,987080.0716082616,22.859157134646022,20.839468198876926,1386,1889,0.11646373742721017,8.043890918550883,5.680449351234105,-11.620682329343719,-10.782538257928064,-10.964049276816334,-20.118583085582948,-31.072531819042577,-55.01527497289111
a79fd2e7,ridge_pseudo_e011_a1__w0.50,ridge_pseudo_e011_a1,0.5,4404,915868.5252489434,14.420918153591495,11.101769617861558,1923,4404,0.5249772933696639,7.403438135281138,6.127298966558096,0.5473031558975444,1.2177080624152827,-16.907640952051434,4.096358147016605,-23.161760233060914,-2.293949513368359
a7fc3e6b,ridge_pseudo_e011_a1__w0.50,ridge_pseudo_e011_a1,0.5,4764,1569341.852032238,18.149844228387842,-13.955737262865625,1614,4764,0.6341309823677582,-0.996231820292959,-1.9998886604554216,0.7150510249655813,10.362735109262104,5.578984684111805,30.642019128858937,22.656651879365253,-0.024089941633236075
a85bb86f,ridge_pseudo_e011_a1__w0.50,ridge_pseudo_e011_a1,0.5,3099,182257.38518634537,7.668877128194165,5.862502123179518,2001,3099,0.14746692481445628,10.417808307796909,19.506106978966464,16.109310324209492,11.301744134530567,9.750043755882588,11.494449532610046,4.866666618556968,-1.197702253398257
a85e4bc3,ridge_pseudo_e011_a1__w0.50,ridge_pseudo_e011_a1,0.5,4581,517471.4583364788,10.628281645443847,-7.6890936097341624,1412,4581,0.4977079240340537,-17.74403712780162,-20.37733000237247,-15.58634101825167,-8.694623728236175,-14.665978983204612,-5.63899876907094,-4.670370066943322,8.014498141160415
a87433c9,ridge_pseudo_e011_a1__w0.50,ridge_pseudo_e011_a1,0.5,5721,637053.5679937245,10.552418395631209,7.962584993054151,1739,5721,0.5813668938996679,3.9613496695736834,2.0373994634822292,-2.631280023458564,-6.771014625994335,-10.30016638832964,-9.277877797233426,-15.060508429347458,4.073759114456558
a8ed028a,ridge_pseudo_e011_a1__w0.50,ridge_pseudo_e011_a1,0.5,5538,894673.0684339985,12.710297225071358,-9.462759762583065,1772,5538,0.04749006861682918,3.2069002644627274,10.986620960673715,10.663987496938812,15.971073905030298,31.04653141018847,9.636110855126732,23.116984950138256,13.94005337161075
a959858c,ridge_pseudo_e011_a1__w0.50,ridge_pseudo_e011_a1,0.5,4404,1502587.034255892,18.47124476980435,9.71517317432358,1366,4404,0.6139872842870118,60.58854839152626,64.76162029088464,80.0,46.708508923210616,77.12313172323051,43.10432358682085,70.94679254719057,80.0
a9c9b150,ridge_pseudo_e011_a1__w0.50,ridge_pseudo_e011_a1,0.5,3986,119840.03549344226,5.483177655664011,-5.241369274134566,1840,3986,0.5474159558454591,-3.919171425557414,-6.966892346820759,-7.698640135354395,-4.537940973962954,0.3749359335107439,-0.45747130109623807,-0.8172598437400238,0.24016816759225595
aa95015b,ridge_pseudo_e011_a1__w0.50,ridge_pseudo_e011_a1,0.5,4300,328926.625499272,8.7461170852898,5.580440556505384,1461,4300,0.3444186046511628,7.14846302578229,19.998956260102222,28.790324283565646,15.97350017829586,5.410529372851228,21.40641627831485,8.745706948826374,7.476188774500625
aaaf3c03,ridge_pseudo_e011_a1__w0.50,ridge_pseudo_e011_a1,0.5,2997,608152.8613261279,14.245018111010799,-4.811671123177845,1731,2997,0.05538872205538872,-16.14516939036451,-0.4977394896884887,-3.4175407433482476,-9.680542125628874,-25.811901076019872,-7.7749008092779865,22.29322490030625,6.762886307252186
aaeffccb,ridge_pseudo_e011_a1__w0.50,ridge_pseudo_e011_a1,0.5,2712,155401.18845238446,7.569763746356817,5.530476666474672,1874,2712,0.6084070796460177,-0.921146078939762,4.514933277878736,7.014774565884022,9.588650234532892,1.274821801469665,-5.419789522937529,-4.7260251627954855,7.0900127245032545
ab112491,ridge_pseudo_e011_a1__w0.50,ridge_pseudo_e011_a1,0.5,5185,4438241.761128934,29.257087961291056,-25.587347106225064,1993,5185,0.04223722275795564,-5.574544266968679,2.2211012391842875,0.24598183082342068,8.790352762078001,21.64833567375483,45.33335797744874,26.65656171206495,12.82310907041136
ab18d3fc,ridge_pseudo_e011_a1__w0.50,ridge_pseudo_e011_a1,0.5,5694,325439.8803435365,7.560084581546915,3.48135344350795,1643,5694,0.31383912890762206,-4.841715175959109,-15.517909392488082,-17.223517850961343,-10.435992699790619,1.846202991231427,-19.872593601938764,-20.975952753799206,-24.579077238911953
ab3ced07,ridge_pseudo_e011_a1__w0.50,ridge_pseudo_e011_a1,0.5,4250,482395.51169946184,10.653864382571534,8.27320914603141,1758,4250,0.49105882352941177,3.802768203693387,0.5174053306610823,-1.0051022381250374,6.393256169793163,-5.687442974336988,-8.928539659165182,-16.404901042946612,13.779134346851645
ab6fe95d,ridge_pseudo_e011_a1__w0.50,ridge_pseudo_e011_a1,0.5,5491,138712.29090083748,5.026107235522143,-1.3518748122708322,1933,5491,0.2504097614277909,2.308101123490149,1.8409584819124063,6.3843526675172795,8.506318812322059,-4.855603612038457,7.92699661272126,7.9541980341575504,6.5311038163505435
ab94878e,ridge_pseudo_e011_a1__w0.50,ridge_pseudo_e011_a1,0.5,6004,1323269.2961110931,14.845805829190844,-12.360725117198388,1648,6004,0.040972684876748836,-1.722039690423821,-5.9836264249813045,-16.66230261658408,-20.82410211169055,7.597184735497142,-5.159308185923958,8.076476023764002,3.033336111196893
abf460d2,ridge_pseudo_e011_a1__w0.50,ridge_pseudo_e011_a1,0.5,3217,237890.02065834578,8.599289729623525,-4.808958155318167,1546,3217,0.5825303077401306,4.194140105290011,3.4701181093165054,-1.6422101200568053,-1.1089338969132023,-0.8239287674820567,6.5565865280011515,10.669137245761291,15.50546570515996
ac6f01d5,ridge_pseudo_e011_a1__w0.50,ridge_pseudo_e011_a1,0.5,5004,1766051.212225933,18.786375385504424,15.867502445203103,1725,5004,0.02697841726618705,5.383339551255576,4.474515984629652,1.9749248173036467,-0.8819111846844672,-4.421791866041429,-26.914978526276904,-14.617222274797772,-13.69499737946337
ad2133a8,ridge_pseudo_e011_a1__w0.50,ridge_pseudo_e011_a1,0.5,5729,2247065.8431777633,19.804710026092863,14.648161719029243,1458,5729,0.2871356257636586,-15.390872540462865,-12.995041457002959,-12.622738057417141,-14.62306033590437,-23.713040484485578,-36.43568767739153,-42.00351203519225,11.767679155909413
add9c322,ridge_pseudo_e011_a1__w0.50,ridge_pseudo_e011_a1,0.5,3932,1655459.2058295691,20.518824978340064,18.29439812850028,1587,3932,0.5846897253306206,2.0383318350796786,8.161130320647137,13.345718908481937,25.53081279761965,-10.075568094255921,-14.567704461521812,-11.687964262635388,-14.273390964629357
ae069086,ridge_pseudo_e011_a1__w0.50,ridge_pseudo_e011_a1,0.5,4770,232573.14676072737,6.982655162290092,0.5530350457587438,1971,4770,0.0067085953878406705,-3.40742772946559,-20.271307036004895,-4.826396787274714,-6.573151940160704,6.726562440654633,-34.67218538560879,-3.7015501820733654,-5.244391865703424
ae0784a8,ridge_pseudo_e011_a1__w0.50,ridge_pseudo_e011_a1,0.5,7823,576733.3930934113,8.586197696594645,3.9761149508313736,1348,7823,0.574715582257446,5.746623890098467,16.995029628596846,23.61585453685198,26.18025347715775,10.701356644338064,3.2451092674975093,7.270350555427764,24.43188174506269
ae35f33a,ridge_pseudo_e011_a1__w0.50,ridge_pseudo_e011_a1,0.5,4450,153168.47056270196,5.866845917980656,-5.246203222025821,2019,4450,0.2541573033707865,0.873635646870133,0.25543085701998003,-4.69448072600701,-20.371335878472898,8.131612181154582,4.787296215300482,2.781752697421405,-8.31131072406096
ae8959c3,ridge_pseudo_e011_a1__w0.50,ridge_pseudo_e011_a1,0.5,4518,1369418.164252821,17.409845969022175,-16.483495305382327,2127,4518,0.06905710491367861,-4.201595048043194,-0.8189741554020028,7.542715210844586,10.214347306847955,15.95184259187344,17.180420454279556,25.312941212902775,28.505323484578394
aed44918,ridge_pseudo_e011_a1__w0.50,ridge_pseudo_e011_a1,0.5,2719,562563.0111692416,14.384043343030067,-12.778707423728424,1301,2719,0.7006252298639205,-8.801313435334638,-9.989096905298695,-0.08269316019742959,1.9980674740574451,4.866512157713541,13.860065637531278,13.075136255086695,2.4419922616381293
aee6393a,ridge_pseudo_e011_a1__w0.50,ridge_pseudo_e011_a1,0.5,5865,120983.00645302862,4.541801799903228,2.3365898507006913,1281,5865,0.4854219948849105,5.848561411880891,6.368766748199187,10.40065980098936,2.359480893333724,3.795780496106664,-0.7621098911542943,5.370431696664077,9.224642181860673
af7a59ce,ridge_pseudo_e011_a1__w0.50,ridge_pseudo_e011_a1,0.5,3024,444119.36746390315,12.118781712411923,11.470509147162332,1306,3024,0.2857142857142857,10.392631887577119,8.412432390780536,7.377779533618707,15.382441791333468,-3.7567166441237756,-4.6528907491240865,-5.14912179650508,-1.4972071362795611
aff4e561,ridge_pseudo_e011_a1__w0.50,ridge_pseudo_e011_a1,0.5,6026,780485.8601829861,11.380673291041068,-10.43415148782349,1697,6026,0.354629936939927,-2.814639817841482,-0.25851725076666837,-1.0133366453559556,5.245382372848093,9.904789157839858,11.867411330869356,6.075643506283959,21.1660805260226
b04b58a3,ridge_pseudo_e011_a1__w0.50,ridge_pseudo_e011_a1,0.5,3402,448167.0975679329,11.477646110995295,5.272647687021803,1827,3402,0.04879482657260435,9.941378386506182,21.027263994674094,13.00510268277893,13.393172463897011,9.563640647981975,26.28390984495728,-8.034611647381547,-6.794826565422493
b0d42b0d,ridge_pseudo_e011_a1__w0.50,ridge_pseudo_e011_a1,0.5,4971,1214587.855231934,15.631209562224551,-14.173563094785699,1386,4971,0.5608529470931403,7.368483119718289,3.3688422785312895,-0.16502127440748496,-4.6602263149417595,29.257909329700443,22.382133828609327,20.07854660709345,-3.977745241728495
b0f53bf4,ridge_pseudo_e011_a1__w0.50,ridge_pseudo_e011_a1,0.5,2755,66362.18935195808,4.907943461438246,1.6476471468353524,1447,2755,0.2754990925589837,-8.056016638254826,-12.54747653890939,-6.666455622726398,-1.5050004492952767,-3.1817176254056196,-12.290692700865383,-15.030990542855529,5.536662880181835
b19b0395,ridge_pseudo_e011_a1__w0.50,ridge_pseudo_e011_a1,0.5,5813,405684.59999351937,8.353992855343616,-2.5754083847292275,1383,5813,0.037674178565284704,-13.826498889574719,-18.195646719623475,-8.073525981621954,-7.095399248607708,-2.997330317517495,-7.38158794210179,-9.696309042597303,-16.18908672250876
b1efb8a4,ridge_pseudo_e011_a1__w0.50,ridge_pseudo_e011_a1,0.5,5998,160469.46722314548,5.172410380751565,-2.0792259359445424,1564,5998,0.051683894631543846,-0.07884760486841982,7.343808631901197,8.512433792169045,3.2510668217945904,-0.8052403004517372,2.763125927821506,18.60002723154255,1.4485019945061566
b32902c0,ridge_pseudo_e011_a1__w0.50,ridge_pseudo_e011_a1,0.5,3808,155275.07657616405,6.3856102299190205,-0.61450235461543,1929,3808,0.5428046218487395,8.046459993584929,-2.1243402360801977,-4.337406380133294,5.4213350730961904,-5.026589860249664,2.392872976062135,0.6277830078153224,13.623886151637018
b32e4903,ridge_pseudo_e011_a1__w0.50,ridge_pseudo_e011_a1,0.5,5770,542080.7822162481,9.692684999445882,-6.717632218500458,1650,5770,0.04072790294627383,-14.236369602377703,-8.392450570109668,0.8046328942657525,2.600702465380596,-4.236322920692963,9.721398156833875,-4.048518734420838,10.664160616109164
b3388334,ridge_pseudo_e011_a1__w0.50,ridge_pseudo_e011_a1,0.5,6080,678343.2999719008,10.562652209833699,6.924275033533928,1727,6080,0.2455592105263158,-10.337707334769508,-3.6841205588789037,9.226965581226654,7.230345921840242,-25.421670157655463,-10.806770970839205,-0.3759792575562247,19.778034319617838
b37fd114,ridge_pseudo_e011_a1__w0.50,ridge_pseudo_e011_a1,0.5,8161,1218127.2256141128,12.217283059019785,-4.505384823642652,1625,8161,0.08148511211861291,13.110677944562429,11.443623914376337,32.19601336393801,27.270753317348493,11.387721087125003,36.35890415194677,24.67057926022302,27.510781966649436
b38e3116,ridge_pseudo_e011_a1__w0.50,ridge_pseudo_e011_a1,0.5,6211,184215.27362407168,5.446055377934726,0.9740025667818367,1743,6211,0.055385606182579296,0.21918909927940594,2.2287148719778522,5.574216529005261,9.025044089664629,0.5903401633743216,0.7272385824262306,14.443912630256976,-7.1259481976001355
b4d8dd4f,ridge_pseudo_e011_a1__w0.50,ridge_pseudo_e011_a1,0.5,4259,400031.48914429196,9.691550640937148,-0.08240870884289518,1650,4259,0.09673632308053534,-11.683624443478072,-3.645134552128231,4.620232513389274,22.9287493538677,-13.742260226976864,-10.68377779378505,6.9065109334485975,44.353184923055586
b4f37e6e,ridge_pseudo_e011_a1__w0.50,ridge_pseudo_e011_a1,0.5,2992,810924.8938571475,16.463020604134233,-11.227441410695834,1507,2992,0.35093582887700536,5.726787606454957,1.136341753122807,-8.067744926952129,-1.6825352633711141,6.233859638271205,8.162488186754342,15.258452654333562,35.08505655037519
b56bc0aa,ridge_pseudo_e011_a1__w0.50,ridge_pseudo_e011_a1,0.5,5602,424007.3394018166,8.699917510615029,-6.802521833480127,1829,5602,0.22438414851838628,-5.641156634162522,2.020532937912245,5.591099296222051,5.114432315896643,12.724467549641105,6.609717322114988,11.304772845707813,2.5211379656581485
b585b4fa,ridge_pseudo_e011_a1__w0.50,ridge_pseudo_e011_a1,0.5,4294,242066.08225360553,7.508202039766869,-1.5482493557529093,1705,4294,0.11830461108523521,-11.352247889389076,-6.404013911554624,-0.6830929317276069,-9.905689926850604,-15.305276089611894,-4.854277654538733,13.088990227052681,-14.496684167467656
b5aa9634,ridge_pseudo_e011_a1__w0.50,ridge_pseudo_e011_a1,0.5,7326,694737.9856321424,9.738163577934872,1.2149980841264862,1421,7326,0.042042042042042045,1.859250279693589,-12.51466216911989,-7.439691550214256,-11.606823401060627,-9.112351834901688,-1.0523535778868258,2.127204602601663,-36.04074145078919
b7974e66,ridge_pseudo_e011_a1__w0.50,ridge_pseudo_e011_a1,0.5,5558,160167.20265011868,5.368185616539667,0.32688252823751823,1612,5558,0.5273479668945664,-2.7017772040957864,3.6171189840549602,3.7423352286279394,-4.608953381679121,-4.886652948333953,14.831171782261785,1.1662620367363008,-10.765217958975706
b7cdcecb,ridge_pseudo_e011_a1__w0.50,ridge_pseudo_e011_a1,0.5,6168,125754.06151438795,4.5153230525478065,-0.7702616439761087,1452,6168,0.425745784695201,7.295424763273772,6.1927006299985985,4.353806226677174,12.477080728836958,5.789665578343613,3.1201885960494025,7.9664731987497674,23.164044409771854
b7fea9ef,ridge_pseudo_e011_a1__w0.50,ridge_pseudo_e011_a1,0.5,3866,104316.52181603288,5.194522409879868,4.399765872152757,1709,3866,0.1404552509053285,-10.000782828520784,-9.758289311420416,-7.26308381639771,-4.243071586495295,-15.144294314968699,-14.565876692684315,-8.70298980474192,-4.358053091549894
b85f7b06,ridge_pseudo_e011_a1__w0.50,ridge_pseudo_e011_a1,0.5,3803,421591.1088019798,10.528889283567215,9.899906366255896,1650,3803,0.20168288193531422,9.926027064845426,15.633432541743394,17.084517655220672,15.643412430818774,0.8479618959306804,3.5365627765614684,2.75624721179246,6.47114105433476
b881d27e,ridge_pseudo_e011_a1__w0.50,ridge_pseudo_e011_a1,0.5,4009,831366.1965322478,14.400519278249126,-13.404423702424625,1433,4009,0.506610127213769,7.6072781144352835,9.819577380068498,-0.47953128493250086,-0.5816785311149921,22.303174999902854,19.16304670726692,20.55922448373556,18.88111418395897
b8c49c1a,ridge_pseudo_e011_a1__w0.50,ridge_pseudo_e011_a1,0.5,4319,372580.61053812853,9.287921218436425,6.238855645481072,1935,4319,0.22759898124565872,4.021686846889486,4.699856070650286,7.808130634461124,8.025780799429985,-14.482310325675666,-4.699531789675412,9.189665703737862,4.718893483004709
b95e7121,ridge_pseudo_e011_a1__w0.50,ridge_pseudo_e011_a1,0.5,6306,272771.68723134254,6.5769215533431815,5.767000722254591,1186,6306,0.06660323501427212,4.098539742536475,9.523208333626927,8.128502864141009,10.963349066232064,3.2465440300078456,4.737678835467095,-1.1669857210521881,3.1008671671534254
b977be4a,ridge_pseudo_e011_a1__w0.50,ridge_pseudo_e011_a1,0.5,5917,1761401.7540403518,17.2535484444805,6.8040754070737375,1578,5917,0.2467466621598783,16.25004668560242,10.616591330199027,-1.7886612754728144,8.418479541549608,38.61679494514857,-17.730200645515396,-16.0962391898751,-11.326718341316996
ba48188d,ridge_pseudo_e011_a1__w0.50,ridge_pseudo_e011_a1,0.5,4166,6234411.906870649,38.684600261299536,28.638688313499113,1368,4166,0.17690830532885263,-3.9331604004999337,-7.302754960191066,-21.71706315339039,-25.013414004996143,-2.3283521740169055,-33.35595407877189,-64.8939446629755,-80.0
bb2cdd83,ridge_pseudo_e011_a1__w0.50,ridge_pseudo_e011_a1,0.5,3825,145772.47149728087,6.1733661858542455,-4.585232991380224,1840,3825,0.14431372549019608,-4.258321753008979,-5.131080450429998,-5.203538581875701,-8.719552277625798,-1.0967305718376952,-2.842305786444931,0.21000027872608193,6.4968148062770466
bb337fa0,ridge_pseudo_e011_a1__w0.50,ridge_pseudo_e011_a1,0.5,6873,2219286.4752056645,17.969397313454014,-15.949522600228107,1343,6873,0.6688491197439255,8.646864766021256,5.298432575567691,7.60117503993437,9.760146256412721,24.061587324055612,21.003877983211645,24.711275279475323,30.904513381361046
bb682ebd,ridge_pseudo_e011_a1__w0.50,ridge_pseudo_e011_a1,0.5,4139,1965669.6460070354,21.79252497908976,-18.899402701561247,1792,4139,0.28799226866392846,2.402861670092156,-1.0497622656932837,-6.606836776102218,-0.4424070398512848,16.799960818018118,14.690099485760333,22.335694724496012,34.224843086279684
bc4381e2,ridge_pseudo_e011_a1__w0.50,ridge_pseudo_e011_a1,0.5,4955,652678.8488282264,11.47698832950903,-10.774506032705837,1930,4955,0.5814328960645813,4.258338347342192,0.894261243167939,-0.9286122054716437,5.212019344863593,14.893726992325313,9.849733117823709,15.774492664641338,12.98866570966087
bcebcc5f,ridge_pseudo_e011_a1__w0.50,ridge_pseudo_e011_a1,0.5,6258,583983.3301879145,9.66011831894766,-4.7044725236075635,1631,6258,0.4852988175135826,22.8510777797869,24.96468069033889,22.996836326154273,19.151117708053075,35.58549119229881,14.051253561106725,20.24192426749784,37.5328423165597
bd2c2f34,ridge_pseudo_e011_a1__w0.50,ridge_pseudo_e011_a1,0.5,9823,1283603.775768427,11.431242053972566,8.718687442136115,1798,9823,0.6298483151786624,20.452446004650607,14.75232353834395,5.447718228907364,-3.6147726644902107,-5.163061110309549,7.2619197896985765,4.569924697203997,-8.417713054317785
bd4ae5da,ridge_pseudo_e011_a1__w0.50,ridge_pseudo_e011_a1,0.5,5006,128201.88634709705,5.060597365389377,1.72985757625798,1899,5006,0.670994806232521,-12.849243121370382,-15.194624641982491,-16.507248968384292,-13.447008034493084,-14.478996635027901,-8.419986747978372,-20.8220456278218,-12.864241450602123
bd6f0e19,ridge_pseudo_e011_a1__w0.50,ridge_pseudo_e011_a1,0.5,5140,248717.95815361393,6.956199236076203,-5.644321390825695,1839,5140,0.2519455252918288,4.195769726721695,-0.44645068975109226,6.260495402214757,-0.07301306820481583,6.761370121328601,13.249778836993807,12.75955286412985,8.409339718455202
bd8f847e,ridge_pseudo_e011_a1__w0.50,ridge_pseudo_e011_a1,0.5,4961,615707.0663148743,11.14044285952784,-8.078072449476421,1200,4961,0.19854867970167306,-9.214646298123185,-8.95967416592762,-9.206345605489489,-10.691217839778618,-8.214206056212307,2.071496623324808,10.960548519297042,10.23635743082433
be063506,ridge_pseudo_e011_a1__w0.50,ridge_pseudo_e011_a1,0.5,4500,655568.4906449615,12.06987517789606,10.86408166400615,2039,4500,0.25,-1.4032465484703072,5.642790805783729,2.3245380229447954,-0.7694976031043204,-9.465631382809853,-10.326097629163844,-13.758970395491131,-0.893218537511641
be35c8f2,ridge_pseudo_e011_a1__w0.50,ridge_pseudo_e011_a1,0.5,4226,151138.42904945515,5.980296347469957,-0.9829302819436649,1672,4226,0.375769048745859,0.13420214725194873,-3.4447367001742095,-3.0055132997096266,7.5017741442705175,4.077305540292646,6.044906513498412,-3.7347785991293083,-7.430883741543617
be83e781,ridge_pseudo_e011_a1__w0.50,ridge_pseudo_e011_a1,0.5,3221,41227.598089758976,3.5776566145781117,2.6491150032782453,1555,3221,0.5209562247749147,5.808042209850386,7.628960685848694,2.570915321554055,9.56382991815721,2.7301194806971667,4.051371174283269,-3.508585839357055,4.83958433256039
beda8696,ridge_pseudo_e011_a1__w0.50,ridge_pseudo_e011_a1,0.5,5912,815860.383116345,11.747371680216691,-7.317001987785859,1956,5912,0.5267253044654939,-4.272960826648481,-6.116684081958274,-10.267643431801623,-7.811907030989181,1.7022979655568975,15.614311249921812,2.108332436180626,-19.757217871326173
bf39bc20,ridge_pseudo_e011_a1__w0.50,ridge_pseudo_e011_a1,0.5,3303,213898.48591898548,8.04728844535428,-2.1185625535066666,1744,3303,0.6164093248561914,0.5339824462484903,-0.1761259033395409,-5.709183544606049,-4.985040752881553,-0.4735244875545762,13.18701091521632,-5.7794004280391835,-9.843924721442509
bf70b410,ridge_pseudo_e011_a1__w0.50,ridge_pseudo_e011_a1,0.5,6347,1835052.1428757824,17.003563806264857,9.620662431025195,1653,6347,0.41988340948479597,-4.884438808748859,-0.7668111629889609,-6.3972770491448525,-2.503219419308494,-4.80005146091803,3.8547402741894623,-25.48905377839962,-42.62843545792639
bffe3082,ridge_pseudo_e011_a1__w0.50,ridge_pseudo_e011_a1,0.5,5723,896669.7549278521,12.517119187194623,-2.1476074673537493,1463,5723,0.3110256858291106,7.33406092912629,5.674707153096311,8.447006424119461,5.448381603905892,-5.623838417301258,3.9822340843787707,24.022639127710928,33.00944124420814
c03b9305,ridge_pseudo_e011_a1__w0.50,ridge_pseudo_e011_a1,0.5,4255,443210.39965934085,10.20599118602166,-8.509606488591848,1812,4255,0.5163337250293772,-5.983855488025722,-6.468079317750794,-2.0875897065451015,-1.2510674772411847,-2.88654094878407,4.846729048821009,1.739871651747437,19.45746153458307
c03d4aed,ridge_pseudo_e011_a1__w0.50,ridge_pseudo_e011_a1,0.5,4641,178659.17585142545,6.204501286177295,-0.48124909048525816,1734,4641,0.18444300797241975,10.439000200887117,19.440631638859408,10.971343222731619,3.2985489329633126,18.21707317516715,15.074232076452176,8.518223955142794,-3.576759956303563
c03fba65,ridge_pseudo_e011_a1__w0.50,ridge_pseudo_e011_a1,0.5,3699,936097.2657417554,15.908100379225731,14.059071566999558,1970,3699,0.5114895917815626,-4.52954069616281,-11.36110343732473,-4.745666881992389,-14.389204588815153,-17.475332473576984,-23.02675694317365,-26.09820670087345,-34.048821377932335
c07fd0cd,ridge_pseudo_e011_a1__w0.50,ridge_pseudo_e011_a1,0.5,4191,187257.6337676649,6.684376984693959,-5.080566134169256,1844,4191,0.48484848484848486,-14.098038642687182,-7.53709025127813,-1.2617472931857616,-12.635532628780988,-1.527696366786684,-6.960325668267704,2.1688361708256068,5.324162616235107
c1708b88,ridge_pseudo_e011_a1__w0.50,ridge_pseudo_e011_a1,0.5,6315,4741435.447805907,27.40111552250054,24.413708763048206,1645,6315,0.6406967537608868,14.23809349295444,5.585452054785227,9.716308119748089,25.983441993706617,-14.308683447742148,-22.034368302327657,-18.0629330055427,-15.697320043106362
c1d046f4,ridge_pseudo_e011_a1__w0.50,ridge_pseudo_e011_a1,0.5,5513,559367.5613830213,10.072902782550763,6.79032223520079,1404,5513,0.014511155450752766,10.886920596390965,10.727929789873002,23.30064533124783,11.246930655244226,7.730455361153648,2.897842672272018,11.558205743682537,-11.711889571401985
c2717d4f,ridge_pseudo_e011_a1__w0.50,ridge_pseudo_e011_a1,0.5,4721,1915932.8320674682,20.145272188320263,-18.03750172743201,1961,4721,0.03240838805337852,-10.453962615846763,-14.684315062900662,-19.715259962260838,-19.60544041954433,5.888120507184545,14.73587028355319,3.8064960768455816,-1.6253378015461828
c2c4db09,ridge_pseudo_e011_a1__w0.50,ridge_pseudo_e011_a1,0.5,6039,394535.7880504433,8.082778677693835,-1.9614447952970213,1812,6039,0.23381354528895512,2.0244125964507083,-0.06001427633007408,-0.9665072169644752,-2.3903219749148557,16.442651796379735,6.177370537547549,-12.271125372017124,6.6527364960563995
c2c6fc71,ridge_pseudo_e011_a1__w0.50,ridge_pseudo_e011_a1,0.5,7119,614390.1886992888,9.289934231765173,-5.558709774943071,1721,7119,0.3833403567916842,4.409164553287979,-2.753247231310211,9.987776988573618,7.785997320435742,-0.23469964291530537,18.498979768012784,11.868577765680962,12.042636050288051
c36625df,ridge_pseudo_e011_a1__w0.50,ridge_pseudo_e011_a1,0.5,4742,2107265.771130578,21.080401663030276,19.304480561653577,1644,4742,0.7692956558414171,20.753061759905545,12.462256796950003,2.0073311133056677,35.45765168609931,-11.642945669272638,-7.510766525243495,-3.596700876213077,-8.112309655717008
c3957531,ridge_pseudo_e011_a1__w0.50,ridge_pseudo_e011_a1,0.5,5316,343974.19416954776,8.043970047975163,-3.910517079858306,1938,5316,0.03781038374717833,-16.085935356416645,-1.1732312593245586,8.482399216342644,5.330857134817369,-14.894291470402488,-4.734918196345901,20.092554463254597,8.991452278667413
c42fe306,ridge_pseudo_e011_a1__w0.50,ridge_pseudo_e011_a1,0.5,5095,627261.975516765,11.095640742079054,-6.042470625988655,1928,5095,0.5952894995093229,-1.526955834390894,4.322346130063169,-1.396149802218193,2.1503843884042824,-0.13505115643798096,-2.6732116112487243,14.57178638664515,26.252957337462394
c43812e2,ridge_pseudo_e011_a1__w0.50,ridge_pseudo_e011_a1,0.5,5527,181002.77076831175,5.722659146999723,0.6743165226451788,1766,5527,0.6205898317351185,-1.673473536484289,-0.6689882931661391,-7.552942856231377,-9.40196622677327,-5.117318488137056,-1.3192886779819728,1.6989223753352574,-16.771871114291883
c472c0b5,ridge_pseudo_e011_a1__w0.50,ridge_pseudo_e011_a1,0.5,3054,231285.62118013017,8.702415211356449,5.736902092898347,1813,3054,0.031106745252128355,27.35329953508974,12.509365425895675,8.794380840248987,14.603376021417182,4.6055984689428024,6.586381931509125,11.015127936324506,12.98586816791649
c47e0767,ridge_pseudo_e011_a1__w0.50,ridge_pseudo_e011_a1,0.5,4356,466304.82849139045,10.346441837591623,-7.779776500595087,1743,4356,0.14830119375573922,11.992489909910484,14.861609790292277,14.20540176081801,13.75781873564512,10.67880163572197,27.588051006175196,23.649404428487987,30.456440682155286
c50b42f6,ridge_pseudo_e011_a1__w0.50,ridge_pseudo_e011_a1,0.5,6014,684243.7101969034,10.666543162262471,-7.578670339007799,1906,6014,0.18407050216162288,-3.003562672477808,-9.069506776910668,-4.651061146717132,-3.8245631815344567,5.808410007603183,-4.132028811321191,12.640868884967032,-3.371392012483736
c593337f,ridge_pseudo_e011_a1__w0.50,ridge_pseudo_e011_a1,0.5,5208,1887958.8108779828,19.039729315599185,12.866401445943477,1910,5208,0.30913978494623656,1.4073813333012444,-4.153356944535753,-8.442022877958845,-14.589056525985413,0.8567256153247268,-9.720642659483232,-40.156370131877836,-35.52527099695171
c59b6c4a,ridge_pseudo_e011_a1__w0.50,ridge_pseudo_e011_a1,0.5,5499,1598849.5732033954,17.051474614930676,13.671441386445725,1961,5499,0.149118021458447,-6.407480752397328,-7.071458694512576,-3.076927022394174,-5.294633819700835,-15.03907148759684,-15.86544051248899,-24.29279174955455,-38.80548033367009
c66be2b8,ridge_pseudo_e011_a1__w0.50,ridge_pseudo_e011_a1,0.5,4154,2434461.491649557,24.2085182768724,17.326232994317344,2053,4154,0.29537794896485314,5.326049479316493,-1.5997340252105023,1.436893549294226,10.213210122363947,4.34744961146395,-7.542917627210638,-41.432653278476295,-28.346539140209615
c6797dd7,ridge_pseudo_e011_a1__w0.50,ridge_pseudo_e011_a1,0.5,4664,76553.74910423724,4.051389156339558,-1.2103688480170343,1617,4664,0.149442538593482,9.947494877816899,8.362983549742493,2.051819763945138,-4.54808645398426,5.605829706402466,6.049912968387772,-6.137231704706336,-4.615345184172814
c6b782a4,ridge_pseudo_e011_a1__w0.50,ridge_pseudo_e011_a1,0.5,4877,908008.9402480733,13.64484744697254,10.816897058682365,1798,4877,0.2731187205249129,-3.1475975312264395,-1.2967410788552483,8.009456622193289,4.8024250772458705,-8.6795728936922,-13.695766127032403,-19.908012296291698,7.735866947551345
c6c96179,ridge_pseudo_e011_a1__w0.50,ridge_pseudo_e011_a1,0.5,4004,414125.7440803453,10.169956146025127,-8.696271645990638,1809,4004,0.3821178821178821,-1.1742849108880744,-3.9748717874809985,-2.7697124818393264,0.7471448653445274,11.747343023825943,10.743768726973077,5.313966099293927,7.384708651055445
c70c0e01,ridge_pseudo_e011_a1__w0.50,ridge_pseudo_e011_a1,0.5,4312,257293.4180355631,7.7245815437990135,1.577203947000768,1745,4312,0.7003710575139147,-6.861500610305404,-5.938427468005659,-5.123329486919417,-2.5701130734196624,-4.7374072222818,-1.4177536386457523,-3.5637371923645884,-23.362222266435044
c84c65be,ridge_pseudo_e011_a1__w0.50,ridge_pseudo_e011_a1,0.5,8496,617776.846749021,8.527241483057919,-1.5681573320139874,1747,8496,0.4393832391713748,1.0950633581332418,6.452084416441228,8.453377511627078,-2.2328843238837166,5.827902661396091,14.342846370223624,-2.039249372819861,0.12155974856770319
c8d9680c,ridge_pseudo_e011_a1__w0.50,ridge_pseudo_e011_a1,0.5,6281,9098119.04273002,38.05935384812429,-33.96905123100398,1460,6281,0.38560738735870087,12.14475296356283,2.436661901396105,5.331602412660702,4.965539065932044,38.621615234451184,47.48137486816467,52.469168617984046,43.837711323917254
c908edd0,ridge_pseudo_e011_a1__w0.50,ridge_pseudo_e011_a1,0.5,5293,319769.0141188977,7.772616531994141,-1.3116576854260018,1458,5293,0.048365766106177974,-7.896310128821871,-1.6195548725190172,-6.912503656569011,-9.731425280512758,7.413581108155023,1.1804682568105467,-8.729553208723745,-19.94130152223996
c9578d27,ridge_pseudo_e011_a1__w0.50,ridge_pseudo_e011_a1,0.5,4487,373242.2046810075,9.120472501447292,0.4516079270212649,1715,4487,0.5741029641185648,5.96200066670547,8.501603020779015,1.9100944911825852,-3.71767984850086,-11.474289718602678,24.337994549202303,-0.9900151298198073,0.17410053623265814
c96c018a,ridge_pseudo_e011_a1__w0.50,ridge_pseudo_e011_a1,0.5,6236,619888.1330298167,9.970193978304149,-6.945025440774024,1443,6236,0.07456703014753047,10.665949688543765,3.207499709723545,-2.334127453734758,-3.9240920768886314,13.242145079873984,15.60561189175754,13.813751161383292,7.58523690680141
c99f9fae,ridge_pseudo_e011_a1__w0.50,ridge_pseudo_e011_a1,0.5,6361,99038.38168174138,3.9458363546016755,2.615366979051424,2033,6361,0.038201540638264427,-1.9155369746649178,-2.755860958478206,-2.6433991297023556,-9.475150409231574,-0.7523104273212943,-2.796684374368715,-3.3703045965709495,-14.043697033578031
c9e6734f,ridge_pseudo_e011_a1__w0.50,ridge_pseudo_e011_a1,0.5,4735,415770.51217486983,9.370588152182249,0.9038116687410477,1653,4735,0.05237592397043295,-0.8693122037613245,-2.4983881571094475,2.7310346099768394,-1.5581156070648268,-14.537303407315973,-0.5318787892337807,13.290788859676772,10.974867872583483
c9e980e8,ridge_pseudo_e011_a1__w0.50,ridge_pseudo_e011_a1,0.5,4359,190222.742831187,6.605988072925545,-1.469670155716506,1903,4359,0.14888735948612067,-13.5773636083773,-9.198396003085866,-11.35856455338814,-8.12740078770499,0.4157658267211933,-5.821859879788309,-16.083520530381964,-13.40555510485989
c9fedcf3,ridge_pseudo_e011_a1__w0.50,ridge_pseudo_e011_a1,0.5,3517,94982.15053330969,5.196785782203287,-4.383378531963908,1693,3517,0.06056297981234006,2.661279457996821,4.486936114978103,-1.3735547571641302,-1.3077913519304698,5.65182864515332,12.156471152758527,2.74652936803221,11.522067309089323
cad13e8f,ridge_pseudo_e011_a1__w0.50,ridge_pseudo_e011_a1,0.5,4848,903968.9498031746,13.65511779960601,12.034451171047847,2018,4848,0.04785478547854786,-12.35758223740309,6.0107416516305054,1.779025783697983,-0.8271378852256426,-19.727127777988514,-14.50714641968931,-18.591450840693497,-23.229624026567407
cb34231f,ridge_pseudo_e011_a1__w0.50,ridge_pseudo_e011_a1,0.5,5609,467567.9152055924,9.13018612427262,-6.61736247912657,1901,5609,0.10714922446068818,-8.131162467259704,-17.87430521551982,-7.5842951286505045,-4.150802131481298,-11.07530170801637,1.9067545504084358,0.23869909868718528,-0.41008676454023246
cb879f40,ridge_pseudo_e011_a1__w0.50,ridge_pseudo_e011_a1,0.5,6315,402307.65180755785,7.981646125365086,1.8089831862962167,1589,6315,0.3805225653206651,4.932649058042463,-3.897864070359591,1.3548847491309197,1.3509383871103773,7.822252392255843,-17.075603745926482,12.21780489478042,-14.32416790807973
cbb406b5,ridge_pseudo_e011_a1__w0.50,ridge_pseudo_e011_a1,0.5,6328,1967491.8153924902,17.632879188476995,-15.785425386330054,1807,6328,0.5109039190897599,-10.892199958572965,-1.6847284229875534,-16.561842952067444,-14.126351638052551,19.104837827952128,8.2265851839141,-0.039343884089156476,12.291055784980973
cbe51de1,ridge_pseudo_e011_a1__w0.50,ridge_pseudo_e011_a1,0.5,3963,285824.6543149896,8.492544032388732,-2.736523403768127,1399,3963,0.0464294726217512,-1.5151201926704967,6.963035554056465,18.149889118685326,13.222375962433878,1.92255453469018,23.86059628193338,20.890339667923126,0.3248691909467977
cbe62450,ridge_pseudo_e011_a1__w0.50,ridge_pseudo_e011_a1,0.5,6258,1240202.3064811276,14.077595686074936,-8.66041033664909,1600,6258,0.38031319910514544,3.35452934805203,9.14670793401446,6.280667057563921,9.905535160323549,16.245489860723488,20.32832831076177,29.82168288955458,-15.018349449781171
cc08aa63,ridge_pseudo_e011_a1__w0.50,ridge_pseudo_e011_a1,0.5,3274,144512.5162712994,6.643751715518309,-2.509691915706855,1744,3274,0.47251069028711057,14.109076782072757,11.756323410291944,8.655425913781283,7.691790418673224,4.264562542571308,22.238168024541945,13.253512337022539,10.061732373285954
cc8a1d57,ridge_pseudo_e011_a1__w0.50,ridge_pseudo_e011_a1,0.5,6638,2439905.227020926,19.172019174458644,15.568919770629064,1683,6638,0.17414884001205183,-11.275231973027498,-13.704520220508016,-13.832517510316151,-18.016626539733604,-27.880535807276814,-37.645752213148164,-34.09935706569052,3.325791145554386
ccedb12b,ridge_pseudo_e011_a1__w0.50,ridge_pseudo_e011_a1,0.5,4401,233725.2895325493,7.2874765276155395,-5.147151940257776,2026,4401,0.45557827766416725,6.52019478975244,1.7367326252773783,-0.3400787603424188,-11.664065826028121,17.71756398437118,5.7701884716523555,9.73550395768559,-19.427048094024613
cd7f1687,ridge_pseudo_e011_a1__w0.50,ridge_pseudo_e011_a1,0.5,4232,292660.06446883857,8.315893187497613,6.000589778204293,1749,4232,0.7001417769376181,-7.378387093811104,-3.239297747976452,-1.531836353791348,1.6739861603914996,-9.176815987000724,-13.52016025551638,-14.306882959786408,1.7342711002892308
cda7eb37,ridge_pseudo_e011_a1__w0.50,ridge_pseudo_e011_a1,0.5,5973,626637.7297261427,10.242642451083466,-2.299541444317414,1647,5973,0.17361459902896367,-3.0828362437990604,4.147753143236053,2.034168967162902,-3.5395564676842106,0.20183704325471893,-9.890970818660495,14.098844041853907,18.354618470801835
cdc31d65,ridge_pseudo_e011_a1__w0.50,ridge_pseudo_e011_a1,0.5,4840,187889.97239450927,6.230589236201541,-4.427701811928025,1768,4840,0.4493801652892562,8.507299774799339,-4.766083274487221,-8.71101757178592,-6.47639981286989,16.608368508020334,-1.001993777058816,4.274732439775163,-5.122432847753864
cdc60a53,ridge_pseudo_e011_a1__w0.50,ridge_pseudo_e011_a1,0.5,5878,564417.1604917335,9.799080239696849,-4.328774571491049,1753,5878,0.5529091527730521,-6.453141216879923,-5.8281063473071395,-7.13409915457391,-3.7497777571736264,-9.395918855593901,2.861018747227476,0.30057734511291084,14.117941315204304
ce55ba43,ridge_pseudo_e011_a1__w0.50,ridge_pseudo_e011_a1,0.5,4104,596539.9858781012,12.056357121714708,-9.996049029157158,1554,4104,0.6410818713450293,0.42373623466053756,5.109515420590186,3.471798886457538,6.783531004986031,13.018045673515823,15.704835609421588,5.596747055351929,27.762442516402732
ce8399b7,ridge_pseudo_e011_a1__w0.50,ridge_pseudo_e011_a1,0.5,1615,170543.06565720437,10.276157913323893,-7.319956940871988,1933,1615,0.03715170278637771,-26.045494144840774,-19.604491491501857,4.104344034870413,-7.018138116098024,-4.92511161141492,-3.036522082453548,-0.6562908483498253,-5.732991574973481
cf50c9d1,ridge_pseudo_e011_a1__w0.50,ridge_pseudo_e011_a1,0.5,4858,1595157.0062976934,18.120616227420182,16.472747636958164,1776,4858,0.161177439275422,-15.501811788475283,-21.865314890952458,-13.1467872154093,-15.635126230176457,-31.89953915598091,-33.98123229462023,-29.38051846046024,-48.235472138030985
d00e7eb9,ridge_pseudo_e011_a1__w0.50,ridge_pseudo_e011_a1,0.5,5704,250609.52507419488,6.628404879020027,5.026723271134797,1617,5704,0.48685133239831696,0.2291222754960051,-2.2312417045019393,-1.478922796262931,-3.899206337594463,-6.751581441731831,-11.359324699704956,-8.269749886028231,-1.21137137925609
d011f41b,ridge_pseudo_e011_a1__w0.50,ridge_pseudo_e011_a1,0.5,2267,472219.5757699757,14.432655098853417,12.005523097357255,1639,2267,0.044993383325981476,3.66797347803744,4.060405501920484,8.911471218511295,-0.7698625986503388,1.5578373096557012,-17.81444494412076,-13.815734385070874,-4.809378597726761
d07aed8f,ridge_pseudo_e011_a1__w0.50,ridge_pseudo_e011_a1,0.5,2957,21975.294356383925,2.726099406928734,0.39193629122154316,1752,2957,0.33040243490023674,8.579408011776108,6.815747053734837,9.076329206332565,6.891061776594564,3.9794454603643294,9.602531172762541,3.430713714423316,3.005248986969202
d085e611,ridge_pseudo_e011_a1__w0.50,ridge_pseudo_e011_a1,0.5,6191,571370.3068094386,9.606792968365868,3.1752088022756997,1661,6191,0.4811823614924891,7.549014397807741,6.231470543202247,8.496909157573402,5.250637549797824,-7.573111504306279,7.34773860652411,16.68410003889692,-16.546074917620402
d0a0e7b5,ridge_pseudo_e011_a1__w0.50,ridge_pseudo_e011_a1,0.5,3816,215381.25950341052,7.512764461162224,-5.905106461282477,1607,3816,0.1391509433962264,4.381919695205381,6.361069554339513,10.12659016419288,5.151885565413801,14.035917453633276,6.1741022731918145,13.826636575887791,17.51248063496359
d0a43760,ridge_pseudo_e011_a1__w0.50,ridge_pseudo_e011_a1,0.5,4041,810167.2429177504,14.15933687769568,-12.30843835983074,1461,4041,0.012620638455827766,-7.505310811047396,-12.225096293668798,-12.169358762628985,-16.492814651683357,-4.203048952118718,7.132643488838262,5.071182224334876,1.4822439382218084
d0cb63ae,ridge_pseudo_e011_a1__w0.50,ridge_pseudo_e011_a1,0.5,5223,1170880.3128779335,14.97256609834134,8.837775317782256,1636,5223,0.36358414704192993,-1.718612606809272,-11.25611890663634,-13.570211740385892,-12.601496682506871,-18.37962631431685,-31.095807569475827,-0.9271642209913096,-29.860188131447725
d114d9c2,ridge_pseudo_e011_a1__w0.50,ridge_pseudo_e011_a1,0.5,6206,555004.3725713764,9.456758897470541,6.50868257167837,1337,6206,0.4666451820818563,3.150374378940779,-2.0372370730993197,-0.8078302130134218,9.362823722566542,-1.041448087750037,-2.1430673500830597,-12.183020856341045,-11.582794857470917
d1457cc5,ridge_pseudo_e011_a1__w0.50,ridge_pseudo_e011_a1,0.5,6920,740918.4796642031,10.347422116650357,7.458890789582621,1523,6920,0.2878612716763006,12.38595199799624,17.25022314120209,9.906534700189052,10.327978992059215,-11.033440957386462,16.661483371944946,-4.0814829894503735,6.107238473537309
d1ecf309,ridge_pseudo_e011_a1__w0.50,ridge_pseudo_e011_a1,0.5,6168,695273.0938952474,10.61709073813404,-8.757879160755857,1696,6168,0.5358300907911803,-13.171646522719517,-10.498029201745316,-0.7842765557680995,7.5077547932438105,-8.365574139792443,10.784594376248128,5.390401038690728,21.871046491621957
d1ee630d,ridge_pseudo_e011_a1__w0.50,ridge_pseudo_e011_a1,0.5,6290,1385856.3141773317,14.843413286478837,13.700070227668295,1589,6290,0.4271860095389507,32.300880136519616,29.240579270569572,28.080965301059145,32.87005890168105,17.607905691095812,13.055690611132489,8.865460008832638,9.09801735213252
d217e0c5,ridge_pseudo_e011_a1__w0.50,ridge_pseudo_e011_a1,0.5,3838,69293.69071954973,4.249074653870058,2.346076711051878,1875,3838,0.1321000521104742,0.134667318806107,-0.45283160780833176,2.970269943187609,6.376205944514782,-3.248014152775115,-8.345038592864062,-3.5937540503138337,9.877495677169444
d24ff243,ridge_pseudo_e011_a1__w0.50,ridge_pseudo_e011_a1,0.5,5641,365575.6028543046,8.050271965534794,-6.858971695546009,1475,5641,0.2636057436624712,-4.219031156655843,-6.563778632802186,-4.9735054245332275,-19.799447189786143,4.413337121606633,-4.419781948756304,0.8931918434257293,-1.7816564414063973
d273674e,ridge_pseudo_e011_a1__w0.50,ridge_pseudo_e011_a1,0.5,3899,271449.6829325492,8.34388004293889,6.564257466426204,1839,3899,0.20671967171069505,8.571749086696013,7.652993975810594,3.867281985068068,-1.0194054685225622,1.8036950401010408,-5.569831874193501,-0.9699292560681315,1.7262855277504854
d2f3b1ab,ridge_pseudo_e011_a1__w0.50,ridge_pseudo_e011_a1,0.5,5581,771713.8787892421,11.759047485925397,-2.5926473692283594,1437,5581,0.23884608493101595,16.703284134656283,8.996335996191949,3.4679273621684814,1.0497913573533026,19.457868996309124,29.649223241896934,-1.8092055346554918,-19.886898254784615
d3df146b,ridge_pseudo_e011_a1__w0.50,ridge_pseudo_e011_a1,0.5,5787,186619.44910378175,5.67873640809604,-0.35469810433365234,1465,5787,0.29428028339381374,12.564586522422918,11.250044582206822,8.957683264831273,8.47770579833581,14.341413624487966,12.047359664984889,5.123968453050736,19.822764165663042
d40f61d5,ridge_pseudo_e011_a1__w0.50,ridge_pseudo_e011_a1,0.5,4039,60669.59477050656,3.8756863242409767,-1.0015230164884874,1841,4039,0.15424610051993068,-4.506625385136975,-1.2004300171360813,0.8111542870315855,1.6841095180829342,-9.451827566645507,6.3361002458811475,-0.6095194356768513,1.3104974312814024
d41beaf2,ridge_pseudo_e011_a1__w0.50,ridge_pseudo_e011_a1,0.5,4753,628012.3771345683,11.494767579339916,8.681123716640471,1839,4753,0.2852934988428361,-4.857615845614118,-7.238206446780586,-5.5334878149602265,-5.99682800975805,-10.746463192107074,-28.085304378505487,-10.549780129527516,-16.35393152087041
d463e527,ridge_pseudo_e011_a1__w0.50,ridge_pseudo_e011_a1,0.5,4767,316169.45058702247,8.143992711365977,5.767767209330449,2224,4767,0.05747849800713237,0.5262815104864628,12.707021137072031,13.920094314137568,27.78937195136598,-4.736848966772542,-2.6551065419257087,15.096265538813318,9.4703666019359
d4f60a28,ridge_pseudo_e011_a1__w0.50,ridge_pseudo_e011_a1,0.5,4501,85234.17205907634,4.351634056819266,-1.0418542613874175,1934,4501,0.37325038880248834,-5.829379296084607,-8.02923104075662,0.6746299198976466,-1.0750068112540831,-8.744144130992872,-6.21360678096794,4.491188605392916,-3.1645145861794974
d50c649a,ridge_pseudo_e011_a1__w0.50,ridge_pseudo_e011_a1,0.5,4873,310729.97528044856,7.985339214607438,5.2996031409031925,1675,4873,0.33182844243792325,16.94420545084896,15.126640670100937,6.818705533337715,8.752528139032316,10.69862229674415,-0.012745871727921972,4.896380269397386,3.4075618308540148
d543916f,ridge_pseudo_e011_a1__w0.50,ridge_pseudo_e011_a1,0.5,4799,159689.68998653855,5.768502217581642,-0.33862078121006617,1482,4799,0.5219837466138779,4.327788287647261,10.20453150322505,10.911592864272626,5.086972253274017,-4.9458731431690985,12.70625216400081,17.25874979522869,1.4926652105454672
d5df0ff5,ridge_pseudo_e011_a1__w0.50,ridge_pseudo_e011_a1,0.5,4032,179088.64920225323,6.664595087410057,4.333561929791725,1458,4032,0.03521825396825397,-9.394276992929775,-16.353316955664656,-12.67225675151531,-17.23788713325832,-23.25099014789178,-12.884328073979033,-14.05214405221514,-22.7364698806496
d60430e6,ridge_pseudo_e011_a1__w0.50,ridge_pseudo_e011_a1,0.5,2511,134539.95883044234,7.319851809831821,-6.634967398634988,1665,2511,0.4054161688570291,-21.10832624430121,-19.325506930165073,-8.19144753269816,-1.377882237964919,-15.213939970493277,-6.639277298407824,-3.1900827098434514,5.099349094115082
d63196fe,ridge_pseudo_e011_a1__w0.50,ridge_pseudo_e011_a1,0.5,4510,701757.6269303013,12.473987363246206,10.047855517717784,1371,4510,0.18070953436807094,-9.284359222359033,-12.81956922103661,-8.493145393791213,-5.563114207920814,-17.114013974062765,-21.06166944927797,-18.8357592935574,-31.26518412934376
d6c320d9,ridge_pseudo_e011_a1__w0.50,ridge_pseudo_e011_a1,0.5,5452,557642.7027357235,10.11346761539184,-8.795644865201323,1494,5452,0.036867204695524576,3.8203203674060733,-0.34462094501797136,1.0383161445568538,0.26125350189977764,13.165701569041929,4.638667757871463,14.238233787855203,17.31882460472609
d6dd7330,ridge_pseudo_e011_a1__w0.50,ridge_pseudo_e011_a1,0.5,6193,348649.3190098859,7.503154178338055,-0.9075925338654182,1467,6193,0.06830292265461005,5.494578773156929,11.144018473470748,8.29555292181532,5.609080137298471,0.23834648446260714,14.22967861197195,20.803646466480803,-9.64739670360541
d7ba4f9d,ridge_pseudo_e011_a1__w0.50,ridge_pseudo_e011_a1,0.5,6023,179134.68316024498,5.453601599568373,4.311000918262698,1748,6023,0.3270795284741823,1.900488609115022,2.3126597713244235,0.3184780203464849,-8.314050936585897,-5.965824305696997,0.38700444042945403,-5.633472614475468,-6.016862655608924
d7eb0be8,ridge_pseudo_e011_a1__w0.50,ridge_pseudo_e011_a1,0.5,5401,2592280.74949685,21.908060356645414,-13.535003422322983,1807,5401,0.04813923347528235,18.750254547461434,14.653039387120597,18.982022164314024,17.82054172975251,42.32185781031838,52.20286723837204,18.68668004157394,-4.0954744861300165
d84b621b,ridge_pseudo_e011_a1__w0.50,ridge_pseudo_e011_a1,0.5,3994,425823.1895948786,10.325488897877424,9.834547242088057,1752,3994,0.32073109664496746,-20.169888361389006,-11.965476038381448,-12.91063930853377,-3.988966323114776,-29.218252427116354,-23.9882145394022,-21.352005600131665,-17.025287982280958
d90aa14c,ridge_pseudo_e011_a1__w0.50,ridge_pseudo_e011_a1,0.5,10018,1015885.0921755022,10.070053547838205,-5.523688927085197,2123,10018,0.3864044719504891,1.6202936700205128,4.4461074753990975,2.7931213103561645,-15.771854949686169,11.103317929001703,8.737678476788847,17.53645118398158,-12.855212479675235
d924e971,ridge_pseudo_e011_a1__w0.50,ridge_pseudo_e011_a1,0.5,3184,2154271.553288793,26.011397973299605,-18.755102606967117,2124,3184,0.06469849246231156,5.136233322792543,6.776341619930575,7.169298553205275,15.604438713543079,5.182442409211832,20.755063160710403,42.432422000844106,66.50148299270415
d9ae59b2,ridge_pseudo_e011_a1__w0.50,ridge_pseudo_e011_a1,0.5,3648,229129.74662557087,7.925256419587955,6.099904603253547,1502,3648,0.43146929824561403,-2.610633522653518,1.2596024802889534,7.174392920352938,1.094560449526869,-4.469737170507287,-1.922691794908566,-4.7831107828144095,-10.26531012938546
d9d6d94d,ridge_pseudo_e011_a1__w0.50,ridge_pseudo_e011_a1,0.5,4919,237828.43493714023,6.953340191044067,1.924245382025899,1741,4919,0.16243138849359626,2.6751505888252947,8.7702358312,-2.4311354505729525,-3.848316778594365,1.6326326974578727,15.61846049794943,-10.117941633351286,-11.375704701014518
d9eca87b,ridge_pseudo_e011_a1__w0.50,ridge_pseudo_e011_a1,0.5,6373,1729548.4700045432,16.473823531932872,-1.0796676711463014,1559,6373,0.5873215126314137,-26.36873527449031,-33.77293330853128,-26.86450907102411,-21.47121620480481,-10.837381100118137,-19.69193818839719,-15.897620385012202,-71.03253340701025
da2d4d7c,ridge_pseudo_e011_a1__w0.50,ridge_pseudo_e011_a1,0.5,2114,184092.84934680315,9.331811731514566,8.926734343572413,1453,2114,0.32024597918637654,5.008863149887811,13.223002631687185,17.20950659497146,9.159009066348148,-5.025879675261704,5.299247907934581,3.7162616976274156,2.4368370677933653
da3bfe4e,ridge_pseudo_e011_a1__w0.50,ridge_pseudo_e011_a1,0.5,5549,3740316.480930057,25.962518143247383,23.08563666348328,1558,5549,0.5846098396107406,-1.101069526099809,-5.87711180655825,-7.519048226121764,0.5009262557236728,-22.596719637177955,-33.738086623640754,-41.49186233337765,-24.33422656558012
da3cf798,ridge_pseudo_e011_a1__w0.50,ridge_pseudo_e011_a1,0.5,5844,757446.3468448676,11.384680158329974,-8.682184836093043,1747,5844,0.5174537987679672,13.142746515180175,11.115462737864481,7.293175946470653,-3.0368881878517966,15.570836776743324,19.013516619194945,15.92430900272142,23.29151917894032
da940160,ridge_pseudo_e011_a1__w0.50,ridge_pseudo_e011_a1,0.5,5132,534105.6622962573,10.201646420622435,-8.640213109126876,1660,5132,0.37587685113016367,-2.4630472347638284,-1.0126436353671937,-0.4206198313111349,14.44489899546588,4.401141734905991,13.46307692647262,15.51556148726588,10.974025652095618
dafc88c3,ridge_pseudo_e011_a1__w0.50,ridge_pseudo_e011_a1,0.5,5572,2043628.4512725014,19.151174623511945,-18.687676064755035,1615,5572,0.04971284996410624,-18.763419251148786,-17.216512757656464,-14.444592219623146,-6.757308424429111,2.7056638204257792,2.51280846818853,7.105261796327633,9.5842701910392
dbee6c86,ridge_pseudo_e011_a1__w0.50,ridge_pseudo_e011_a1,0.5,7369,224918.71003512695,5.524697629440617,-3.282186649190546,1745,7369,0.05061745148595467,-2.1644056479462295,-8.067369134816705,-11.199496614511773,-13.40704700812957,-1.4838064809708191,-3.4319107166168403,-0.547499172936424,-6.504254962109885
dc5fbe29,ridge_pseudo_e011_a1__w0.50,ridge_pseudo_e011_a1,0.5,5203,306715.6442400074,7.677875243631949,3.424750118033756,1352,5203,0.36863348068422064,-5.833055996488826,-5.625611600202684,2.7236624084394996,7.5654120798270315,-15.90637505181015,1.6011621477583813,2.2188579019824806,-9.177258936319875
dc7da28f,ridge_pseudo_e011_a1__w0.50,ridge_pseudo_e011_a1,0.5,4774,547734.8243881869,10.711344060243508,-6.353117434596693,1898,4774,0.0611646418098031,-0.7913981109422877,1.4147237026025556,-1.4794848555270672,-2.67471489703547,-5.978928539294953,8.890296256736793,15.106074387684796,14.709842047305651
dc7f9757,ridge_pseudo_e011_a1__w0.50,ridge_pseudo_e011_a1,0.5,4360,294404.36321435065,8.217294963493334,0.8458799091415439,1843,4360,0.5995412844036697,-17.160071423320574,-0.015711344319548726,-7.186065345223184,-3.014979063744763,-2.0292076436658535,-5.163765358286134,-14.258919612785768,-15.108439320293655
dd168de0,ridge_pseudo_e011_a1__w0.50,ridge_pseudo_e011_a1,0.5,3304,43681.416898323645,3.636037379671604,1.9464240771612398,1791,3304,0.0847457627118644,2.911765975236013,2.7554333662024617,-2.0256559184134337,6.444621990694003,-3.9966819842905554,-0.3348943599524755,-0.6797928283881665,6.403339585716326
dd64382d,ridge_pseudo_e011_a1__w0.50,ridge_pseudo_e011_a1,0.5,3124,43092.83022227156,3.7140435901399336,-2.8465152658520236,1934,3124,0.6264404609475032,0.610325391335404,0.38757325462399994,-0.6440583068619831,6.717592153619796,2.0455898471118172,2.1503363594082843,0.6473962455344973,13.100503412654001
dd6bc5b2,ridge_pseudo_e011_a1__w0.50,ridge_pseudo_e011_a1,0.5,3602,302940.48600506486,9.170791180931392,-7.749460680527666,2162,3602,0.11910049972237646,-11.304681727181881,1.2050926220087106,9.754715926138575,14.805103931902764,-5.435832622564465,17.256759820278976,13.3484716467897,15.5131802522483
dd7d638e,ridge_pseudo_e011_a1__w0.50,ridge_pseudo_e011_a1,0.5,4301,225809.738402664,7.245804507304289,3.671446652258796,1745,4301,0.3717740060451058,4.646787611814536,3.6172203541233374,-2.605540639652842,7.529323947735951,-4.960753417733487,-7.666962805395222,2.1393003515658804,13.408056972948092
ddc790ff,ridge_pseudo_e011_a1__w0.50,ridge_pseudo_e011_a1,0.5,4726,101722.99623060133,4.639409561720099,2.3902298199083716,1742,4726,0.41345746931866273,-4.392907589199448,-1.9339064322967796,-1.1871238567206313,0.9961237133624739,-8.573922974372636,-3.2978759193281197,-3.0694199031404152,-6.389936538938901
df71d1ff,ridge_pseudo_e011_a1__w0.50,ridge_pseudo_e011_a1,0.5,6228,1156823.479030547,13.628851055401752,9.8949571122599,1651,6228,0.5716120745022479,9.805663383618453,5.715880644823467,-4.946671954606144,1.8612047142969417,3.0835030478002867,-10.118492346810328,-27.390923489046283,12.52934718830695
df73b8f3,ridge_pseudo_e011_a1__w0.50,ridge_pseudo_e011_a1,0.5,5311,678203.7637897121,11.300351359043198,0.31184517393763894,1839,5311,0.6558086989267558,-8.752331527994759,-11.234516925721291,-13.273130254844816,-13.50706885560983,-0.9309751188245143,0.6863309848297973,-16.24102692457685,-39.99657780708841
df8290be,ridge_pseudo_e011_a1__w0.50,ridge_pseudo_e011_a1,0.5,3972,552583.9189790051,11.794906463133557,-6.50362892626531,1703,3972,0.6382175226586103,-6.141973723112372,6.4389117353053695,2.540593026311133,-5.008485973411526,-6.10191845761367,6.3043289911747165,22.853202330192342,11.456858733053025
e0079ed1,ridge_pseudo_e011_a1__w0.50,ridge_pseudo_e011_a1,0.5,3471,201953.3750625591,7.627781620660118,-6.790799503047261,1786,3471,0.3197925669835782,10.538954570108574,-1.347894780878699,-2.859027078204085,-16.814129596031854,15.000897569248314,6.872776584741062,6.200356675809865,-2.6233484412986776
e03b45fd,ridge_pseudo_e011_a1__w0.50,ridge_pseudo_e011_a1,0.5,5342,1073597.1595922788,14.176490626492065,0.9774875508856217,1741,5342,0.44646199925121677,7.070058603418568,12.616828669249692,6.8803186512837105,-1.1269192222076447,10.102225283819573,12.74294437548645,-1.568462069840061,-9.954498182867976
e0f36d98,ridge_pseudo_e011_a1__w0.50,ridge_pseudo_e011_a1,0.5,4976,513929.20845390856,10.16275520411704,-2.402291796207797,1738,4976,0.49356913183279744,9.891369227130077,8.426858700963873,16.59120247024103,3.7878001991962775,27.919641537933792,-3.494103298234343,10.868962972849042,18.374381975401395
e149204f,ridge_pseudo_e011_a1__w0.50,ridge_pseudo_e011_a1,0.5,6097,1001301.1823518464,12.815166909875664,9.51202240108864,1452,6097,0.5999671969821223,10.991315740081557,6.727211356374093,-4.450463326641959,45.22270704356042,5.24785184021814,-5.330515147324446,-1.6559083911273214,3.456120624664651
e14d641e,ridge_pseudo_e011_a1__w0.50,ridge_pseudo_e011_a1,0.5,3184,200898.8169819232,7.943321856593638,6.021823512910468,1794,3184,0.6557788944723618,5.916131670726416,6.897970358849451,5.6594781944539285,-1.9288425206120892,-5.536818050185757,4.497946443641006,-2.7053886199981436,-18.068872444646345
e161bd0c,ridge_pseudo_e011_a1__w0.50,ridge_pseudo_e011_a1,0.5,2949,27931.458402500422,3.077580488375257,-0.6067101513844213,1864,2949,0.5395049169209901,-4.227412818766551,-1.8729197627060663,3.267978667458391,3.9498388749144007,-3.924683997352542,-0.2934226279887436,1.5857609910892378,8.679921945700663
e201fd6d,ridge_pseudo_e011_a1__w0.50,ridge_pseudo_e011_a1,0.5,5070,1414439.5164822317,16.70275884853499,10.343768602738752,1842,5070,0.27593688362919133,-1.4311139271078148,3.2717807133472476,6.748250337805355,0.31033838389756313,-17.199592683970664,-27.252028005351107,-0.08895555256102793,5.4079846274833
e25f1537,ridge_pseudo_e011_a1__w0.50,ridge_pseudo_e011_a1,0.5,3177,184418.5411503649,7.618924741171497,-0.790920018449577,1841,3177,0.24394082467736858,4.970944561532782,-1.7133833017596545,-13.734798380558479,-9.180657389499904,6.429259416730725,10.031163820055282,-21.527131296575003,-21.817221163616413
e2fc7745,ridge_pseudo_e011_a1__w0.50,ridge_pseudo_e011_a1,0.5,3692,261260.82451967086,8.412136290928657,-3.732330924369777,1651,3692,0.06256771397616467,11.219964653202876,7.270925185899758,4.9360600001122705,5.077723184973898,20.823826793443097,19.088740719755602,-0.9170530960591055,0.8401224878109048
e32da4ec,ridge_pseudo_e011_a1__w0.50,ridge_pseudo_e011_a1,0.5,4689,296221.0254235244,7.94818238366441,-0.609185605216028,1459,4689,0.34250373213904883,5.295434975268547,9.476620741382272,7.671223435804437,14.480144437142798,17.180828222546424,7.363001511658058,-6.041446459349878,24.068868886103544
e3b34f5b,ridge_pseudo_e011_a1__w0.50,ridge_pseudo_e011_a1,0.5,5455,181856.31550329927,5.773867540918582,2.862735952642215,1838,5455,0.27296058661778183,5.714694761693484,-5.571236689383552,-8.663125354862697,-11.19656298442941,6.266892897259323,-8.323287138017596,-15.621599946698712,-12.046058573628576
e45a2a62,ridge_pseudo_e011_a1__w0.50,ridge_pseudo_e011_a1,0.5,5007,2385709.631365778,21.82830413630664,-17.341194172775065,1690,5007,0.6425004993009786,-3.344415720098189,-1.515930058983718,-3.296280484166799,-13.857921448987714,4.02165168628804,32.19193927426199,26.698341938885907,-8.00231000250763
e46f4ef4,ridge_pseudo_e011_a1__w0.50,ridge_pseudo_e011_a1,0.5,7195,356774.19657945656,7.041761622764258,-2.2271301844663047,1735,7195,0.3879082696316887,-9.980694875247025,-4.023036368191822,5.326565180852408,-2.2333672124329533,3.5211243708194573,-3.564836226650324,-0.5963144566164489,0.843554788010132
e4726608,ridge_pseudo_e011_a1__w0.50,ridge_pseudo_e011_a1,0.5,4733,91638.20893823756,4.4001759596953525,1.4769406009148445,1535,4733,0.3545320092964293,-2.321985766726231,-1.1949778046138824,-3.0623136920349556,3.700104291453232,-10.173592670006444,-3.917606641999634,-5.4550432722580595,6.912921747438172
e5864244,ridge_pseudo_e011_a1__w0.50,ridge_pseudo_e011_a1,0.5,4469,2653987.945453334,24.369369649183188,-22.407775890714614,1568,4469,0.36294473036473485,4.542208134571028,5.597761734707906,2.8764196314195027,1.670494517744117,24.238959967521335,25.705923893159234,25.018149873095172,47.603610810745884
e5c92e59,ridge_pseudo_e011_a1__w0.50,ridge_pseudo_e011_a1,0.5,4295,169251.10711607174,6.27746319368707,3.9663974700757416,1632,4295,0.38556461001164144,-2.404023034808336,1.8512563047256023,-4.627894273073124,-7.608829328708549,-7.049972715455882,3.633816783507905,-6.751183701525181,-14.65409439494809
e5ff9fd2,ridge_pseudo_e011_a1__w0.50,ridge_pseudo_e011_a1,0.5,2354,180980.26509696717,8.768239034100258,-6.875767292777011,1844,2354,0.5951571792693288,-3.180873739734975,-2.844546721866284,4.598040940395051,7.9373547310848975,1.571370060841598,12.787218873005868,13.608832861014124,2.429282566681706
e6c55748,ridge_pseudo_e011_a1__w0.50,ridge_pseudo_e011_a1,0.5,4472,1041505.6097320529,15.260891662704344,-9.230587943422014,1487,4472,0.13416815742397137,-5.2272655668135215,-5.09807356510575,-13.512809578153739,-9.854454294990443,-13.057023873391365,-0.27340504266258936,11.38338761990621,11.501239351698251
e730c32b,ridge_pseudo_e011_a1__w0.50,ridge_pseudo_e011_a1,0.5,4728,566865.9099214742,10.949680224659916,-8.482227243522697,1741,4728,0.6298646362098139,9.689979230055954,5.393718316593057,-1.992819497262996,-1.9017349351702275,6.807217356909968,18.10474171457722,11.545296614642277,11.389844129670125
e737965a,ridge_pseudo_e011_a1__w0.50,ridge_pseudo_e011_a1,0.5,5955,367965.1157509028,7.8607220678207135,-2.8119950329280794,1739,5955,0.6228379513014274,2.784045686274576,-4.539705366241199,-6.380786948417604,-16.544737858534592,12.80691485577413,-10.132965295184878,-3.895100980314305,-12.535238936891805
e748dd88,ridge_pseudo_e011_a1__w0.50,ridge_pseudo_e011_a1,0.5,4812,175500.2556164196,6.039153485082143,4.991216125221141,1452,4812,0.03428927680798005,14.318768273437303,6.622054453139628,2.8408413119946463,-2.2219108258148146,5.24880193675655,2.329039387342012,-0.7051510149800292,-11.650500160775167
e7818f7a,ridge_pseudo_e011_a1__w0.50,ridge_pseudo_e011_a1,0.5,5371,200917.6090876596,6.116196424400898,4.666247563389729,1458,5371,0.2850493390430088,-2.3030713011673383,-2.937657145619324,-4.363811018552792,13.760929414726707,-10.097522758651946,-1.2184071227568043,-8.166876202255086,3.8386275416640045
e7c36e81,ridge_pseudo_e011_a1__w0.50,ridge_pseudo_e011_a1,0.5,3531,276333.9539175349,8.846434510300725,6.669160465779958,2124,3531,0.6374964599263665,3.521482654937704,0.8105392580698496,0.6606339417823465,9.85754647938175,0.45731772447454216,-11.197276383212367,-7.2917380224050214,-3.5363260683440783
e7d0c1de,ridge_pseudo_e011_a1__w0.50,ridge_pseudo_e011_a1,0.5,4711,202818.60529313431,6.561412533029754,4.333819646175038,1744,4711,0.03672256421142008,-5.026015207403311,-0.24929492649568985,0.28785497258519843,4.861863284319687,-11.016314714434136,0.7109265865442951,-5.067218955087872,-13.626241141136413
e85074c5,ridge_pseudo_e011_a1__w0.50,ridge_pseudo_e011_a1,0.5,5675,1814489.5008268005,17.88110267139056,-17.10958731211007,1561,5675,0.4437004405286344,-3.577450629574623,-7.031727631178528,-15.105523444079955,-13.954542481090044,19.034575777483102,9.917148781637874,5.628946828492213,12.093204882519055
e97032ad,ridge_pseudo_e011_a1__w0.50,ridge_pseudo_e011_a1,0.5,3530,173227.44869468236,7.00520746598936,-5.971392386666736,2124,3530,0.5464589235127478,10.751168415818324,1.0108055398921685,3.6874146671793704,6.536360728035511,19.011248358091255,13.41374948550835,7.580197570676423,8.223583225806351
e9949a23,ridge_pseudo_e011_a1__w0.50,ridge_pseudo_e011_a1,0.5,4559,506831.50443502277,10.543796256094137,2.3783842260733823,1848,4559,0.40930028515025224,-7.370117351779998,-1.9714687315537944,6.699103471479868,6.029361851665444,-5.122952093696917,-11.88387657507557,-12.05548626226253,28.621652038617132
ea0b99b7,ridge_pseudo_e011_a1__w0.50,ridge_pseudo_e011_a1,0.5,9239,762529.8470627146,9.08481191073769,1.703602899812604,1700,9239,0.5112025110942743,24.260596953839944,14.364025461426644,4.0427295544615935,1.9708155609290792,9.796063785853649,11.701983403656298,11.916343050500785,8.41447366770557
ea3a0e38,ridge_pseudo_e011_a1__w0.50,ridge_pseudo_e011_a1,0.5,10052,834112.2124336693,9.109320867370434,-3.1856148166312415,1742,10052,0.5691404695582969,-7.957001535465613,-14.217262409313852,-2.9831869091575434,-18.230446456948368,6.890866979803501,-3.6064025381941427,-10.095350005110612,-15.282290461957366
ea41324e,ridge_pseudo_e011_a1__w0.50,ridge_pseudo_e011_a1,0.5,5025,372939.91279713996,8.6149229868341,-5.9019639500612655,1814,5025,0.3434825870646766,-9.690641136546619,-12.803293568050538,-7.412805649219486,-9.28366561098808,-10.316425408086356,1.8829898690859899,5.172870868593077,-2.781654596001855
eabc711b,ridge_pseudo_e011_a1__w0.50,ridge_pseudo_e011_a1,0.5,5348,1077460.3957741538,14.194005153807415,8.29492242848372,1966,5348,0.43324607329842935,0.8074286418091031,6.23936025181483,2.3696665663674055,7.698977166784664,6.315434646066851,0.3197690374833388,-28.469062521722016,12.104212403214772
eac10e86,ridge_pseudo_e011_a1__w0.50,ridge_pseudo_e011_a1,0.5,6067,303741.47784663487,7.075629001721853,6.193326095202578,1434,6067,0.2685017306741388,3.4015784454912827,0.12297779938219637,3.7802310056260255,0.44379940076584196,-3.5061302500633684,-6.144460768368843,-7.713966188119677,-0.7474113591508107
eafb863e,ridge_pseudo_e011_a1__w0.50,ridge_pseudo_e011_a1,0.5,3568,186049.25362720742,7.221069803759303,-5.671606569806545,1749,3568,0.33548206278026904,3.4269082661917616,5.008839519259784,7.234961311587026,15.826672243577743,9.543424045434744,15.579839183314665,6.472498315221957,30.029369020172474
eb06a4e7,ridge_pseudo_e011_a1__w0.50,ridge_pseudo_e011_a1,0.5,4535,276236.953440571,7.804628619034479,3.4659641112164183,1844,4535,0.033958103638368244,14.180917188542242,0.5256968576287783,-6.740546112316727,4.238431591016938,7.242063643039021,5.076918517968056,-14.376736077918732,-14.292933433330234
eb640a35,ridge_pseudo_e011_a1__w0.50,ridge_pseudo_e011_a1,0.5,6037,469618.3564359286,8.819865131820507,2.0652670939260935,1745,6037,0.5042239522941858,9.589945786346476,3.3285474423631802,2.432452748450713,3.598826490685223,21.814320845056418,-5.525508047749991,-4.862741675888299,-5.147375488280357
eb934281,ridge_pseudo_e011_a1__w0.50,ridge_pseudo_e011_a1,0.5,5971,80927.06955786553,3.6814878511505014,1.739277510048461,1841,5971,0.17300284709428906,-5.7653179135091,2.057888106613171,5.939503902426129,-0.8046851390681946,-3.021644814672301,-4.135984537691009,0.679521141600584,0.48832932075970115
eba6605e,ridge_pseudo_e011_a1__w0.50,ridge_pseudo_e011_a1,0.5,4410,1268356.489405861,16.959044232242874,-14.949567047268527,1309,4410,0.22630385487528346,-5.36797105638143,-14.443609152510664,-6.713058342266746,-3.3069741552991423,14.039256774881531,-2.868310385427019,22.805930217851312,26.268545811867234
ebe69318,ridge_pseudo_e011_a1__w0.50,ridge_pseudo_e011_a1,0.5,4976,498355.2368056402,10.007585916962086,-7.764898221443349,1742,4976,0.23512861736334406,-7.56495628658528,-12.596415764449038,-10.922478435350817,-12.654498467755563,-5.245364426268115,-1.2821879139360848,0.7934759837002174,10.439597915497123
ec0d597b,ridge_pseudo_e011_a1__w0.50,ridge_pseudo_e011_a1,0.5,4616,875937.1053368758,13.77537917252408,-7.040404368535956,1836,4616,0.06737435008665511,7.001507826314482,6.827957505419695,4.989363287677152,-7.178966072050142,-2.6695917340286877,17.322275823724073,31.727133609612068,-10.947091246581111
ec13af42,ridge_pseudo_e011_a1__w0.50,ridge_pseudo_e011_a1,0.5,5462,464196.4511061196,9.218814155793316,-5.423016261658909,1900,5462,0.5510801904064445,2.7945107294423277,0.24919958184473928,-2.6419260894931704,-3.559885018027289,23.367333002376366,1.2983081460415873,0.8403930754722099,-5.959180478140133
ecdab904,ridge_pseudo_e011_a1__w0.50,ridge_pseudo_e011_a1,0.5,6147,1001729.6212521589,12.765671117412904,-10.96841497496817,2029,6147,0.07027818448023426,10.82585611396087,8.449654274667656,2.0986637289577095,-5.959082722819727,28.001290542658218,17.610606219499086,5.031781526266547,17.618107633556523
ecdaf714,ridge_pseudo_e011_a1__w0.50,ridge_pseudo_e011_a1,0.5,6592,1115469.982322501,13.008294021037425,-8.580132314577797,1648,6592,0.043234223300970875,7.8087687804034,4.2391044296903235,4.381883480112343,5.167022226595735,8.470148637446279,27.671582333250697,-0.4150608774977539,25.568902418760942
ed6436d6,ridge_pseudo_e011_a1__w0.50,ridge_pseudo_e011_a1,0.5,2945,10641.331673920442,1.9008827967825148,-0.8585785427416825,2082,2945,0.03395585738539898,0.35277814267645624,-2.5884140466420855,-0.04374503471308309,1.416464852069209,-0.12597637821621882,1.7242242454672667,1.8441292207929059,1.1230495934897433
ed6e6e54,ridge_pseudo_e011_a1__w0.50,ridge_pseudo_e011_a1,0.5,6048,695173.4570825672,10.72113339331234,-0.05272795795271202,1337,6048,0.08349867724867725,6.619086048166404,4.661622534557891,13.8028487594536,2.2458782968014495,-4.489759802133223,28.1556291091934,-2.604740949299544,5.398020555123898
edf885a3,ridge_pseudo_e011_a1__w0.50,ridge_pseudo_e011_a1,0.5,3117,705595.8457822292,15.04560328822938,-11.822006449786212,1746,3117,0.1206288097529676,-5.720537616517154,-4.8653574058075755,-5.292704846515039,-2.3105665781007505,14.071525344246986,21.44766269731593,4.40701609842271,-5.820867164327476
ee0300f7,ridge_pseudo_e011_a1__w0.50,ridge_pseudo_e011_a1,0.5,4544,1216163.9804602994,16.359759199083662,-15.021176532681832,1617,4544,0.3686179577464789,10.829402855088357,12.916435293789629,12.101332699526056,5.3930590791947965,29.389138083182452,21.8918112804096,27.261007199137904,37.747437088256
ee288beb,ridge_pseudo_e011_a1__w0.50,ridge_pseudo_e011_a1,0.5,4638,1332946.713913998,16.952783743457474,-12.114483593993508,1552,4638,0.32621819749892195,-6.777077019160773,11.191405420309732,18.676006121397233,17.97076810218712,-3.2737398709768972,24.64069088365714,35.76493646462137,48.0369446019052
ee4aecac,ridge_pseudo_e011_a1__w0.50,ridge_pseudo_e011_a1,0.5,5265,79074.40195840863,3.8754199468161095,-2.1364658525239872,1331,5265,0.17834757834757833,10.212605852021843,9.374308016800544,7.4365256062161675,10.296591654529523,13.212002786735171,8.560727857177433,9.193167128331883,17.164703482537558
eeda36f5,ridge_pseudo_e011_a1__w0.50,ridge_pseudo_e011_a1,0.5,4797,111729.24008058314,4.826124966591611,2.202164682580949,1401,4797,0.03731498853450073,5.514891900616282,0.5113957804406745,-9.235520540437289,-6.077981743413812,-2.6876054633372095,-4.204477530596916,-6.012453677719746,-6.532476404372217
eeed308d,ridge_pseudo_e011_a1__w0.50,ridge_pseudo_e011_a1,0.5,3899,217971.04151326368,7.476920829585267,-1.5470372928422436,1604,3899,0.565016670941267,1.4570020536486092,0.07210278184475553,6.731296017718732,4.174344165309311,-8.64182374248855,3.5848689393154713,17.299177064779194,9.50955330228253
ef04658e,ridge_pseudo_e011_a1__w0.50,ridge_pseudo_e011_a1,0.5,4104,178289.28702935207,6.591115894167614,-3.293497935813146,1560,4104,0.1695906432748538,6.505356822702599,14.998802658380907,14.290991594340397,15.381752340891378,12.658818026129946,5.720759512436987,23.744521839934947,22.897055875477868
ef8e3ed0,ridge_pseudo_e011_a1__w0.50,ridge_pseudo_e011_a1,0.5,5224,1249065.2739568981,15.462901275041261,12.713856290755881,1413,5224,0.4971286370597244,0.7293109846717851,-0.39102433090775734,2.8696164644855586,-2.789717903925672,-19.70789831976704,1.4085928571708741,-21.189831502385857,-14.406576258823511
efde6ac3,ridge_pseudo_e011_a1__w0.50,ridge_pseudo_e011_a1,0.5,4559,237125.66023723775,7.211979448282988,4.141035949823164,1661,4559,0.4073261680193025,-2.753424093411327,-2.1266497968392635,-1.1368627450775015,-8.847215702938064,-5.841707618213354,-2.7573840274093144,-4.406081378705928,-28.636812106498034
efe96181,ridge_pseudo_e011_a1__w0.50,ridge_pseudo_e011_a1,0.5,4012,90594.07305558003,4.751923393331036,-0.6313490951229486,1452,4012,0.1719840478564307,-32.93082778637628,-31.54213873576132,-32.113646711644435,-40.047585405067444,-35.726275099313746,-25.271274449191846,-31.07439758468356,-25.969622127337594
f0188a48,ridge_pseudo_e011_a1__w0.50,ridge_pseudo_e011_a1,0.5,4170,295076.3585818696,8.411998376503627,4.495890234741106,1969,4170,0.01342925659472422,-3.806455758909768,2.435515744232338,9.972291515116268,11.042472716217738,-7.241671286130765,10.158944608029255,-5.571698177578334,0.9403690096595855
f021b650,ridge_pseudo_e011_a1__w0.50,ridge_pseudo_e011_a1,0.5,3739,72870.69468480506,4.4146748488508765,-0.0771167937503902,1871,3739,0.3944905054827494,-7.741826701079776,-3.328891610427397,-10.435273587099228,-1.8036180196011133,-9.188345210246853,-9.887901505084962,-1.1005014899266807,-5.126368526003575
f03f10fe,ridge_pseudo_e011_a1__w0.50,ridge_pseudo_e011_a1,0.5,4145,173221.85215012392,6.464561501303179,-2.036942201475753,1678,4145,0.2287092882991556,-12.362087743540863,-9.406570380375708,-7.148982255980606,-13.63070768661918,-14.006590897476128,-10.88795840028099,3.614807476019202,-8.65477176127043
f053a1b9,ridge_pseudo_e011_a1__w0.50,ridge_pseudo_e011_a1,0.5,4108,1011613.3857380182,15.692497430093164,14.407306983260042,1844,4108,0.23369036027263876,5.50771913492583,15.902407930866058,7.921164540807167,2.9082299527000863,-7.177850121747238,-7.541824921972957,-14.793016819156533,-6.810700179103541
f074d277,ridge_pseudo_e011_a1__w0.50,ridge_pseudo_e011_a1,0.5,2453,170016.38907902018,8.325237273129302,-6.596002029372388,1415,2453,0.27435792906644924,5.524829134267233,12.004396947564976,2.714459070560769,5.311401539091257,5.6135404465560885,19.901171394772028,10.20231444872003,12.107830337802499
f07d7037,ridge_pseudo_e011_a1__w0.50,ridge_pseudo_e011_a1,0.5,5563,351520.29710053443,7.949149655439157,-6.833415678954769,2125,5563,0.043321948588890886,2.545962886528989,0.9184641847056408,-5.523460293596971,0.7587795422784057,6.122658701027789,8.35976544621204,4.798519526071558,14.844561333931908
f08774c3,ridge_pseudo_e011_a1__w0.50,ridge_pseudo_e011_a1,0.5,3900,222361.50451345122,7.55087878250369,-3.447138035388412,1745,3900,0.0758974358974359,-12.070177515372933,-8.166026828615987,0.20266254745126475,12.29939339959748,-14.314453517686893,-11.296946090340784,13.692419409031396,15.866536264317954
f140c2fa,ridge_pseudo_e011_a1__w0.50,ridge_pseudo_e011_a1,0.5,4082,533178.7219700572,11.428780833922861,9.493531876982894,1942,4082,0.21362077413032826,-5.338007454239507,-2.7665244528118045,-3.035513533155825,-3.4588016424557066,-9.324071356403621,-12.029730704462292,-14.664165879646532,-22.65728245827584
f16e25e3,ridge_pseudo_e011_a1__w0.50,ridge_pseudo_e011_a1,0.5,4651,142941.38534384317,5.543777910459572,-4.792606664531288,1934,4651,0.44356052461836165,-3.021649092570237,-1.9266875495557216,-8.05526639461532,-4.405313055156051,4.256269525044424,0.20281381387762565,-1.9481945781105738,1.6682876819795336
f2d4c8c9,ridge_pseudo_e011_a1__w0.50,ridge_pseudo_e011_a1,0.5,6249,142686.65061816352,4.778442995547821,1.3635719726457676,1659,6249,0.5621699471915507,4.929506335973259,6.565582749389938,-1.0684178256694223,6.478807568917974,2.1889098364170168,-2.0560115882456462,6.6028080741539545,4.33130116339102
f321a31c,ridge_pseudo_e011_a1__w0.50,ridge_pseudo_e011_a1,0.5,5141,769902.853365671,12.237541079163071,6.13383864242713,1414,5141,0.039291966543474034,-2.6652497414901593,-2.517521277522829,8.845747822090274,-2.7054025977111715,-4.467682423818585,-12.754963980388892,6.104990871370539,-29.8857234589258
f40cd091,ridge_pseudo_e011_a1__w0.50,ridge_pseudo_e011_a1,0.5,5166,820723.3396693906,12.604371385495508,-9.088860674478584,1610,5166,0.6624080526519551,-10.884037466779393,-8.178211312555387,-6.795354503798636,-10.729990555269962,-0.9876555048234233,2.1281776942555735,5.040098806173781,11.269581214246502
f439a621,ridge_pseudo_e011_a1__w0.50,ridge_pseudo_e011_a1,0.5,2821,183647.06403284325,8.068456311476831,2.6985449943943727,1874,2821,0.4984048209854661,2.5039258447119854,5.447843977848503,-5.0483846042887155,-9.749588721362239,0.5486307846031647,-12.779939801967503,9.051235258423278,-15.480110416420127
f49fdea3,ridge_pseudo_e011_a1__w0.50,ridge_pseudo_e011_a1,0.5,5391,202450.8310337142,6.128089732983586,0.49428599612627516,1636,5391,0.05639028009645706,5.932633227015093,20.782179672555706,18.68956119399453,10.240645868791834,14.004299024458891,7.48258204416532,16.21698281821146,15.11795816264115
f4d12d23,ridge_pseudo_e011_a1__w0.50,ridge_pseudo_e011_a1,0.5,3701,993980.1372314583,16.388126606139725,15.409155579501554,1747,3701,0.28776006484733857,5.467373631620082,-6.000282513510535,-3.673615226854183,7.1951011422028985,-18.296831794280838,-23.641439920348976,-11.2049098465851,-13.10264138200049
f56d3ace,ridge_pseudo_e011_a1__w0.50,ridge_pseudo_e011_a1,0.5,5432,189130.6569051876,5.900666709684197,-4.0924393046001635,1951,5432,0.3959867452135493,4.694304197724488,0.7589121822792065,2.5997434572575164,-0.4338816112274064,9.56744717490492,5.524401601881887,5.947619127049291,1.811409110791865
f5859199,ridge_pseudo_e011_a1__w0.50,ridge_pseudo_e011_a1,0.5,5790,665223.487866214,10.718758981556595,-8.444817618704565,1648,5790,0.6721934369602763,7.169957719754211,9.051762311588593,10.98476280218333,5.48710000885783,20.920290700468744,18.317225803801172,10.996580582348852,11.3096003343427
f5d8aab6,ridge_pseudo_e011_a1__w0.50,ridge_pseudo_e011_a1,0.5,4444,1326149.4181847542,17.274647910669945,15.74200420127706,2132,4444,0.15864086408640865,-0.07336304034551126,4.609181458379381,4.257753061632824,0.23585396984430274,-15.472746136458033,-11.617315234408709,-20.156823948369553,-20.60750494720902
f631da6e,ridge_pseudo_e011_a1__w0.50,ridge_pseudo_e011_a1,0.5,4093,173549.36736016144,6.511643940418016,-3.51165055014454,1511,4093,0.5665770828243343,-11.590906233629735,-17.82362149425783,-10.828837493934117,-12.094604255116243,-9.831223971573616,-6.067994922795358,-13.880726525476373,4.81556815674138
f6824bb0,ridge_pseudo_e011_a1__w0.50,ridge_pseudo_e011_a1,0.5,5015,1199692.9472307833,15.46676846229225,13.246777126299758,1849,5015,0.15154536390827517,-1.7434060746786197,-3.785115502992221,-11.653206413847432,-13.333528969789398,-12.306576748354157,-19.32177577063163,-31.984329784751235,-20.115301849149855
f6bc699b,ridge_pseudo_e011_a1__w0.50,ridge_pseudo_e011_a1,0.5,3752,217892.6223366593,7.620611959388182,-4.241828554150556,1749,3752,0.3382196162046908,8.336030762562194,4.101637089628951,-4.401985996725413,4.60759537890512,16.568317357379442,10.053810699910619,-4.506968460468217,13.90835456011661
f6d009f4,ridge_pseudo_e011_a1__w0.50,ridge_pseudo_e011_a1,0.5,6715,7880805.745235504,34.258023491253155,-24.75686626125837,1288,6715,0.3231571109456441,3.762577946907534,-7.534889915525346,16.16978415202677,42.60044118756823,59.848195903291014,37.21759978093832,12.560714414616186,80.0
f72b268f,ridge_pseudo_e011_a1__w0.50,ridge_pseudo_e011_a1,0.5,6404,348531.2806887475,7.377262202816916,2.7387339590566477,1514,6404,0.046845721424109935,14.390142261191215,13.304223252124242,14.950236052953636,16.66460457941852,1.2319129831648998,8.70832634390907,20.50623494414155,18.056961178608663
f8662c22,ridge_pseudo_e011_a1__w0.50,ridge_pseudo_e011_a1,0.5,5429,792331.0749634182,12.080736832852903,-7.924490219876388,1528,5429,0.5074599373733653,13.738083905908018,8.327310383397514,-4.38310108380181,7.150153245755961,18.429163375892625,10.504936356708319,22.46674544892449,2.090683191502669
f88ddb26,ridge_pseudo_e011_a1__w0.50,ridge_pseudo_e011_a1,0.5,4990,3237007.5775265675,25.469568377418128,20.061520839583594,1595,4990,0.03727454909819639,-26.350030295515882,-32.04319711683179,-37.5975860588679,-36.433618356812055,-30.31509733860107,-80.0,-54.54471434936799,-41.32832492700435
f8afa78a,ridge_pseudo_e011_a1__w0.50,ridge_pseudo_e011_a1,0.5,6032,625114.9644949086,10.180035238448465,-8.358802233941658,1335,6032,0.4923740053050398,4.461407585628434,8.835150801161321,7.66324417809079,14.59976539934524,24.228416566391907,10.196641433605112,7.674640211339606,23.166769904586225
f8f59188,ridge_pseudo_e011_a1__w0.50,ridge_pseudo_e011_a1,0.5,4807,151156.192666872,5.607585590700867,-1.5934419826051618,1933,4807,0.6432286249219887,6.381049375894337,2.793275083149711,1.8300781824401837,-1.8150509422607626,3.157519876008571,0.7511488816337233,15.328114526869308,-0.11272984983934232
f9fc81aa,ridge_pseudo_e011_a1__w0.50,ridge_pseudo_e011_a1,0.5,5598,435227.71971085854,8.817426067126524,-3.0298455319564797,1515,5598,0.06555912826009289,-3.1828816757957874,-1.9223483564724089,-2.6056841272752167,-5.827008485941352,-1.7663062854531888,16.43766395419852,-9.609507494564632,-10.832740563615312
fa16d114,ridge_pseudo_e011_a1__w0.50,ridge_pseudo_e011_a1,0.5,5686,5072030.857383068,29.86671899480144,25.990554055252915,1242,5686,0.5116074569117129,12.657178459113112,12.412419418716324,14.5373001064093,6.578781107648181,-0.6889013404076691,-30.007903920160654,-27.569575586077804,-16.10534069963026
fa31da94,ridge_pseudo_e011_a1__w0.50,ridge_pseudo_e011_a1,0.5,5027,610310.2285250314,11.018459550695216,8.745600729990763,1654,5027,0.695046747563159,5.213266991231021,9.120630284590597,8.525328862360206,14.445092656164496,-1.2643152962804076,2.3558073520690757,-9.340933394722718,-2.1928588924290513
fa667be2,ridge_pseudo_e011_a1__w0.50,ridge_pseudo_e011_a1,0.5,7296,449985.475527837,7.853384037114668,7.062015452185327,1502,7296,0.12541118421052633,3.412716433352871,2.708406608619223,-2.968385860113404,-10.406618887446765,-8.086367190821045,-2.8526315619350546,-4.948522551930024,-23.507656244923165
fae0c593,ridge_pseudo_e011_a1__w0.50,ridge_pseudo_e011_a1,0.5,4403,316750.4812911662,8.481727179961375,3.416421715747742,1744,4403,0.03202362025891438,-2.6396375995264934,7.701049886033664,10.014832390624951,-0.5503348915666848,-22.619088294546568,10.741006138310832,9.149481747238688,2.8405318715015233
fb03ae90,ridge_pseudo_e011_a1__w0.50,ridge_pseudo_e011_a1,0.5,6431,1489783.253181542,15.220267635968762,14.08322945379651,1698,6431,0.16902503498678276,-33.09274157125232,-33.85889783467013,-40.936473816713395,-36.75892406947162,-51.13541157263414,-48.68981167322636,-44.78706903084031,-39.58713039528185
fb0904bd,ridge_pseudo_e011_a1__w0.50,ridge_pseudo_e011_a1,0.5,3181,18970.260773044796,2.442051485608056,0.18114137291347127,1906,3181,0.5422823011631562,2.460088656559516,-3.889468469351578,-6.279248678637303,-7.754412839118691,-1.1832522452094816,0.1421679044116986,-3.0328487311457497,-1.646693519093617
fb3848a1,ridge_pseudo_e011_a1__w0.50,ridge_pseudo_e011_a1,0.5,5919,387726.29389719624,8.093538873576271,-5.010224197999948,1940,5919,0.6058455820239905,7.730061624525651,2.587590442194009,1.5775678356740932,-2.359139920910522,12.173055232619577,8.231927224773713,2.457808545319294,18.25075649866662
fb73b13a,ridge_pseudo_e011_a1__w0.50,ridge_pseudo_e011_a1,0.5,5640,784299.0586718902,11.79237536655767,-9.138703722592552,1825,5640,0.4015957446808511,-0.7057589703854429,-12.899730452513746,-7.16210568109763,-1.4007036949038187,6.969834272061511,-10.171178949143403,6.376291732131336,16.418288781308085
fba7683c,ridge_pseudo_e011_a1__w0.50,ridge_pseudo_e011_a1,0.5,407,464083.0971306035,33.767637019833096,8.678688712560131,1651,407,0.0171990171990172,70.58537475986907,17.330954743808245,-37.85934638471069,-35.08684470284231,-0.5813510874395635,-4.398422091708011,-2.338685524732883,4.814259123663614
fbd68d27,ridge_pseudo_e011_a1__w0.50,ridge_pseudo_e011_a1,0.5,6829,3121667.1809292394,21.380346677127438,20.35287852884992,1723,6829,0.2525992092546493,9.455093004914074,-3.622725821629964,-4.8016493284598845,-5.013837661542526,-11.01720456874136,-31.315566763909786,-23.712937014156257,-25.860002500877172
fc03f21f,ridge_pseudo_e011_a1__w0.50,ridge_pseudo_e011_a1,0.5,4803,396081.11271983455,9.081043862617179,-1.1945998659312562,1399,4803,0.07287112221528212,-4.958891728412459,-18.97721896776136,-21.32864167056142,-13.847679993859543,-10.408463231810925,-12.404058021963506,-1.5056083979475678,-33.24902424802637
fc0d20b2,ridge_pseudo_e011_a1__w0.50,ridge_pseudo_e011_a1,0.5,3954,1285219.9334149281,18.028948321965068,14.646085368828878,1354,3954,0.47774405665149217,3.5879447324986495,10.452825479929862,9.28600301836382,9.746552501908289,-5.025043718168966,3.9391461324322807,-17.884387283367168,-23.84311657502036
fcfcc902,ridge_pseudo_e011_a1__w0.50,ridge_pseudo_e011_a1,0.5,2791,143492.92556059716,7.1702669834263615,6.4479634933036785,1874,2791,0.04693658187029739,0.25625861093158986,2.5646581712593597,-6.101958987468173,-10.926154777497015,-9.83874623284349,-8.404642123583455,-7.2477465178491505,-14.96953860666108
fd3b4faa,ridge_pseudo_e011_a1__w0.50,ridge_pseudo_e011_a1,0.5,5022,281270.51670102344,7.483827202307061,-2.979244926987208,1934,5022,0.5503783353245719,2.738372612555501,5.348779398676056,-5.827632355619187,-13.66148584298927,17.499046139997393,-4.920876663761081,1.9988065112865119,-2.1502671368720914
fd710aea,ridge_pseudo_e011_a1__w0.50,ridge_pseudo_e011_a1,0.5,4217,118515.53915398642,5.301342310678798,3.7326677084182682,1743,4217,0.25752904908702867,9.812975966240934,10.809890559743346,11.77346938752942,12.131872713074046,-0.038262581200565596,10.216901249109611,8.759677463505279,5.293246137915287
fd8f77fa,ridge_pseudo_e011_a1__w0.50,ridge_pseudo_e011_a1,0.5,5272,1831732.5149916378,18.63988920191638,-16.467456351266915,1484,5272,0.5058801213960546,8.164501418555522,21.145989912798175,10.553146249589592,18.43501161210192,18.63381717921284,33.9811806470244,37.351740789542845,14.672109581844902
fde20ecf,ridge_pseudo_e011_a1__w0.50,ridge_pseudo_e011_a1,0.5,4667,186485.440875781,6.321258714593875,-4.316531328054403,1719,4667,0.2989072209127919,9.617260837401137,11.743412063673839,19.412029961810795,12.710515462967368,14.166575786605732,20.446589215136534,16.389208576579684,19.31162787038353
fdfd57da,ridge_pseudo_e011_a1__w0.50,ridge_pseudo_e011_a1,0.5,5236,66180.9611126632,3.5552219287540274,0.7042375060270544,2128,5236,0.5544308632543926,4.174012463914182,5.686812676211188,0.8309087750279194,5.674389278877077,-3.424001221937165,7.612469278487942,4.293119540065984,2.0079014212295596
febb4411,ridge_pseudo_e011_a1__w0.50,ridge_pseudo_e011_a1,0.5,4247,89409.78627913242,4.588295688997782,0.7353225392507083,2028,4247,0.035083588415352016,-6.91592461107413,-15.316557921424153,-13.05396119224522,-14.743582813884966,-6.827461873684992,-14.30553597783587,-20.972246093496548,-5.569034657040348
fef8af96,ridge_pseudo_e011_a1__w0.50,ridge_pseudo_e011_a1,0.5,3826,3006090.4456340354,28.03035117404734,23.092114772699052,1242,3826,0.34892838473601673,-5.841409532318515,-17.841889581111424,-26.65519112306872,-34.5278839178127,-21.273831873104395,-31.780187203923838,-52.59391493325011,-80.0
ff0aea78,ridge_pseudo_e011_a1__w0.50,ridge_pseudo_e011_a1,0.5,3261,349303.69535775436,10.349662568852173,-7.281926253505029,1715,3261,0.4563017479300828,21.357984027164814,28.027288742456072,35.50059158306357,34.36732829127807,33.579812190357586,37.413890964213664,33.62605367627477,24.08344598145145
ff8bb73a,ridge_pseudo_e011_a1__w0.50,ridge_pseudo_e011_a1,0.5,5927,460677.40801963414,8.816191065664299,-0.6603603028806921,1743,5927,0.05230302007761093,-3.999796079350715,-7.162503590822084,-3.8943544580944986,-7.837685855954378,7.266700095932061,-11.990999756629996,-5.299548134949891,-5.293054188747131
ffefef30,ridge_pseudo_e011_a1__w0.50,ridge_pseudo_e011_a1,0.5,4570,340657.1217550649,8.633773205925031,8.286368178004029,1851,4570,0.28687089715536107,15.721323191197314,9.376320293157857,0.5856289343463694,-4.783979887805691,7.084403204720365,-1.7740816304608453,-9.98035611474327,-11.491074329643789
