outer_context,stage,train_wells,validation_wells,test_wells,train_sha256,validation_sha256,test_sha256,pass
repeated:v1:0,outer_t025_fit,614,0,159,faf9a83dd3e45fbb189ccb1737a17d798a88238ebafdbbaf68245fd03af27c6e,,45b5632de79d3b7d4f1ea975fe9748f2a2c22b42c7dd5684aa8a859ec6136358,True
repeated:v1:0,outer_t027_fit,614,0,159,faf9a83dd3e45fbb189ccb1737a17d798a88238ebafdbbaf68245fd03af27c6e,,45b5632de79d3b7d4f1ea975fe9748f2a2c22b42c7dd5684aa8a859ec6136358,True
repeated:v1:0,outer_t016_selection,614,0,159,faf9a83dd3e45fbb189ccb1737a17d798a88238ebafdbbaf68245fd03af27c6e,,45b5632de79d3b7d4f1ea975fe9748f2a2c22b42c7dd5684aa8a859ec6136358,True
repeated:v1:0,inner_t025_fit,458,156,159,68166f1c3a1c7c2ceff91c4b03278f4973f628c72c0550d7b2a8ee474aeaefe8,2779e24c3615e8c27deb0e6bc98a6e238fcdc4e77e5ab0f428e0925d7d26efac,45b5632de79d3b7d4f1ea975fe9748f2a2c22b42c7dd5684aa8a859ec6136358,True
repeated:v1:0,inner_t027_fit,458,156,159,68166f1c3a1c7c2ceff91c4b03278f4973f628c72c0550d7b2a8ee474aeaefe8,2779e24c3615e8c27deb0e6bc98a6e238fcdc4e77e5ab0f428e0925d7d26efac,45b5632de79d3b7d4f1ea975fe9748f2a2c22b42c7dd5684aa8a859ec6136358,True
repeated:v1:0,inner_t016_selection,458,156,159,68166f1c3a1c7c2ceff91c4b03278f4973f628c72c0550d7b2a8ee474aeaefe8,2779e24c3615e8c27deb0e6bc98a6e238fcdc4e77e5ab0f428e0925d7d26efac,45b5632de79d3b7d4f1ea975fe9748f2a2c22b42c7dd5684aa8a859ec6136358,True
repeated:v1:0,inner_t025_fit,460,154,159,1c0800101ae37e9f32faba1a58b11a577c3f303354791fe5dc71953258082825,a02f4724feb39b59448e07dc696ea7457a96328a5812ebc776d6e0110574eec8,45b5632de79d3b7d4f1ea975fe9748f2a2c22b42c7dd5684aa8a859ec6136358,True
repeated:v1:0,inner_t027_fit,460,154,159,1c0800101ae37e9f32faba1a58b11a577c3f303354791fe5dc71953258082825,a02f4724feb39b59448e07dc696ea7457a96328a5812ebc776d6e0110574eec8,45b5632de79d3b7d4f1ea975fe9748f2a2c22b42c7dd5684aa8a859ec6136358,True
repeated:v1:0,inner_t016_selection,460,154,159,1c0800101ae37e9f32faba1a58b11a577c3f303354791fe5dc71953258082825,a02f4724feb39b59448e07dc696ea7457a96328a5812ebc776d6e0110574eec8,45b5632de79d3b7d4f1ea975fe9748f2a2c22b42c7dd5684aa8a859ec6136358,True
repeated:v1:0,inner_t025_fit,463,151,159,4e4118f339183c698dcd2b8044df2c739b87dd175930137c7fef4205e76be016,c8a619860abbe1d2bce5c98fbd932cb6be78557a5baf58e7b67621c061d8a3e3,45b5632de79d3b7d4f1ea975fe9748f2a2c22b42c7dd5684aa8a859ec6136358,True
repeated:v1:0,inner_t027_fit,463,151,159,4e4118f339183c698dcd2b8044df2c739b87dd175930137c7fef4205e76be016,c8a619860abbe1d2bce5c98fbd932cb6be78557a5baf58e7b67621c061d8a3e3,45b5632de79d3b7d4f1ea975fe9748f2a2c22b42c7dd5684aa8a859ec6136358,True
repeated:v1:0,inner_t016_selection,463,151,159,4e4118f339183c698dcd2b8044df2c739b87dd175930137c7fef4205e76be016,c8a619860abbe1d2bce5c98fbd932cb6be78557a5baf58e7b67621c061d8a3e3,45b5632de79d3b7d4f1ea975fe9748f2a2c22b42c7dd5684aa8a859ec6136358,True
repeated:v1:0,inner_t025_fit,461,153,159,9c157e6e5ecfcffdc94c5b34a30839be7aa5b7c5613eb09e18d846cac7b78855,0b3e47073b6e7f448fc0ad188f4c459bcc03cab637f70f111ef3ac49ae65298a,45b5632de79d3b7d4f1ea975fe9748f2a2c22b42c7dd5684aa8a859ec6136358,True
repeated:v1:0,inner_t027_fit,461,153,159,9c157e6e5ecfcffdc94c5b34a30839be7aa5b7c5613eb09e18d846cac7b78855,0b3e47073b6e7f448fc0ad188f4c459bcc03cab637f70f111ef3ac49ae65298a,45b5632de79d3b7d4f1ea975fe9748f2a2c22b42c7dd5684aa8a859ec6136358,True
repeated:v1:0,inner_t016_selection,461,153,159,9c157e6e5ecfcffdc94c5b34a30839be7aa5b7c5613eb09e18d846cac7b78855,0b3e47073b6e7f448fc0ad188f4c459bcc03cab637f70f111ef3ac49ae65298a,45b5632de79d3b7d4f1ea975fe9748f2a2c22b42c7dd5684aa8a859ec6136358,True
repeated:v1:1,outer_t025_fit,617,0,156,d899d8f6522d53c088a846fe9c6efd1c1706c5ce878fc9e7d8459e8871a647c9,,2779e24c3615e8c27deb0e6bc98a6e238fcdc4e77e5ab0f428e0925d7d26efac,True
repeated:v1:1,outer_t027_fit,617,0,156,d899d8f6522d53c088a846fe9c6efd1c1706c5ce878fc9e7d8459e8871a647c9,,2779e24c3615e8c27deb0e6bc98a6e238fcdc4e77e5ab0f428e0925d7d26efac,True
repeated:v1:1,outer_t016_selection,617,0,156,d899d8f6522d53c088a846fe9c6efd1c1706c5ce878fc9e7d8459e8871a647c9,,2779e24c3615e8c27deb0e6bc98a6e238fcdc4e77e5ab0f428e0925d7d26efac,True
repeated:v1:1,inner_t025_fit,458,159,156,68166f1c3a1c7c2ceff91c4b03278f4973f628c72c0550d7b2a8ee474aeaefe8,45b5632de79d3b7d4f1ea975fe9748f2a2c22b42c7dd5684aa8a859ec6136358,2779e24c3615e8c27deb0e6bc98a6e238fcdc4e77e5ab0f428e0925d7d26efac,True
repeated:v1:1,inner_t027_fit,458,159,156,68166f1c3a1c7c2ceff91c4b03278f4973f628c72c0550d7b2a8ee474aeaefe8,45b5632de79d3b7d4f1ea975fe9748f2a2c22b42c7dd5684aa8a859ec6136358,2779e24c3615e8c27deb0e6bc98a6e238fcdc4e77e5ab0f428e0925d7d26efac,True
repeated:v1:1,inner_t016_selection,458,159,156,68166f1c3a1c7c2ceff91c4b03278f4973f628c72c0550d7b2a8ee474aeaefe8,45b5632de79d3b7d4f1ea975fe9748f2a2c22b42c7dd5684aa8a859ec6136358,2779e24c3615e8c27deb0e6bc98a6e238fcdc4e77e5ab0f428e0925d7d26efac,True
repeated:v1:1,inner_t025_fit,463,154,156,1159a95818409f0d7235d32861e93f83c6a236bfd7b642bb303b69c630f99bdf,a02f4724feb39b59448e07dc696ea7457a96328a5812ebc776d6e0110574eec8,2779e24c3615e8c27deb0e6bc98a6e238fcdc4e77e5ab0f428e0925d7d26efac,True
repeated:v1:1,inner_t027_fit,463,154,156,1159a95818409f0d7235d32861e93f83c6a236bfd7b642bb303b69c630f99bdf,a02f4724feb39b59448e07dc696ea7457a96328a5812ebc776d6e0110574eec8,2779e24c3615e8c27deb0e6bc98a6e238fcdc4e77e5ab0f428e0925d7d26efac,True
repeated:v1:1,inner_t016_selection,463,154,156,1159a95818409f0d7235d32861e93f83c6a236bfd7b642bb303b69c630f99bdf,a02f4724feb39b59448e07dc696ea7457a96328a5812ebc776d6e0110574eec8,2779e24c3615e8c27deb0e6bc98a6e238fcdc4e77e5ab0f428e0925d7d26efac,True
repeated:v1:1,inner_t025_fit,466,151,156,2a04294ce20b610da65c207bd68a63336323b06014561779fc62cc4981714d53,c8a619860abbe1d2bce5c98fbd932cb6be78557a5baf58e7b67621c061d8a3e3,2779e24c3615e8c27deb0e6bc98a6e238fcdc4e77e5ab0f428e0925d7d26efac,True
repeated:v1:1,inner_t027_fit,466,151,156,2a04294ce20b610da65c207bd68a63336323b06014561779fc62cc4981714d53,c8a619860abbe1d2bce5c98fbd932cb6be78557a5baf58e7b67621c061d8a3e3,2779e24c3615e8c27deb0e6bc98a6e238fcdc4e77e5ab0f428e0925d7d26efac,True
repeated:v1:1,inner_t016_selection,466,151,156,2a04294ce20b610da65c207bd68a63336323b06014561779fc62cc4981714d53,c8a619860abbe1d2bce5c98fbd932cb6be78557a5baf58e7b67621c061d8a3e3,2779e24c3615e8c27deb0e6bc98a6e238fcdc4e77e5ab0f428e0925d7d26efac,True
repeated:v1:1,inner_t025_fit,464,153,156,69beed83a6e51c847995711466102d11b9fae1f1ebb3e985364a8505e7085e47,0b3e47073b6e7f448fc0ad188f4c459bcc03cab637f70f111ef3ac49ae65298a,2779e24c3615e8c27deb0e6bc98a6e238fcdc4e77e5ab0f428e0925d7d26efac,True
repeated:v1:1,inner_t027_fit,464,153,156,69beed83a6e51c847995711466102d11b9fae1f1ebb3e985364a8505e7085e47,0b3e47073b6e7f448fc0ad188f4c459bcc03cab637f70f111ef3ac49ae65298a,2779e24c3615e8c27deb0e6bc98a6e238fcdc4e77e5ab0f428e0925d7d26efac,True
repeated:v1:1,inner_t016_selection,464,153,156,69beed83a6e51c847995711466102d11b9fae1f1ebb3e985364a8505e7085e47,0b3e47073b6e7f448fc0ad188f4c459bcc03cab637f70f111ef3ac49ae65298a,2779e24c3615e8c27deb0e6bc98a6e238fcdc4e77e5ab0f428e0925d7d26efac,True
repeated:v1:2,outer_t025_fit,619,0,154,6907385fbb70ae909c65840f3ef2067b7b2b49a91bdc01b1b5364513fb837668,,a02f4724feb39b59448e07dc696ea7457a96328a5812ebc776d6e0110574eec8,True
repeated:v1:2,outer_t027_fit,619,0,154,6907385fbb70ae909c65840f3ef2067b7b2b49a91bdc01b1b5364513fb837668,,a02f4724feb39b59448e07dc696ea7457a96328a5812ebc776d6e0110574eec8,True
repeated:v1:2,outer_t016_selection,619,0,154,6907385fbb70ae909c65840f3ef2067b7b2b49a91bdc01b1b5364513fb837668,,a02f4724feb39b59448e07dc696ea7457a96328a5812ebc776d6e0110574eec8,True
repeated:v1:2,inner_t025_fit,460,159,154,1c0800101ae37e9f32faba1a58b11a577c3f303354791fe5dc71953258082825,45b5632de79d3b7d4f1ea975fe9748f2a2c22b42c7dd5684aa8a859ec6136358,a02f4724feb39b59448e07dc696ea7457a96328a5812ebc776d6e0110574eec8,True
repeated:v1:2,inner_t027_fit,460,159,154,1c0800101ae37e9f32faba1a58b11a577c3f303354791fe5dc71953258082825,45b5632de79d3b7d4f1ea975fe9748f2a2c22b42c7dd5684aa8a859ec6136358,a02f4724feb39b59448e07dc696ea7457a96328a5812ebc776d6e0110574eec8,True
repeated:v1:2,inner_t016_selection,460,159,154,1c0800101ae37e9f32faba1a58b11a577c3f303354791fe5dc71953258082825,45b5632de79d3b7d4f1ea975fe9748f2a2c22b42c7dd5684aa8a859ec6136358,a02f4724feb39b59448e07dc696ea7457a96328a5812ebc776d6e0110574eec8,True
repeated:v1:2,inner_t025_fit,463,156,154,1159a95818409f0d7235d32861e93f83c6a236bfd7b642bb303b69c630f99bdf,2779e24c3615e8c27deb0e6bc98a6e238fcdc4e77e5ab0f428e0925d7d26efac,a02f4724feb39b59448e07dc696ea7457a96328a5812ebc776d6e0110574eec8,True
repeated:v1:2,inner_t027_fit,463,156,154,1159a95818409f0d7235d32861e93f83c6a236bfd7b642bb303b69c630f99bdf,2779e24c3615e8c27deb0e6bc98a6e238fcdc4e77e5ab0f428e0925d7d26efac,a02f4724feb39b59448e07dc696ea7457a96328a5812ebc776d6e0110574eec8,True
repeated:v1:2,inner_t016_selection,463,156,154,1159a95818409f0d7235d32861e93f83c6a236bfd7b642bb303b69c630f99bdf,2779e24c3615e8c27deb0e6bc98a6e238fcdc4e77e5ab0f428e0925d7d26efac,a02f4724feb39b59448e07dc696ea7457a96328a5812ebc776d6e0110574eec8,True
repeated:v1:2,inner_t025_fit,468,151,154,bf9ee1ff4e6c107d2e6a7824456e23179fb24ff32491d43507bf36deb20687b6,c8a619860abbe1d2bce5c98fbd932cb6be78557a5baf58e7b67621c061d8a3e3,a02f4724feb39b59448e07dc696ea7457a96328a5812ebc776d6e0110574eec8,True
repeated:v1:2,inner_t027_fit,468,151,154,bf9ee1ff4e6c107d2e6a7824456e23179fb24ff32491d43507bf36deb20687b6,c8a619860abbe1d2bce5c98fbd932cb6be78557a5baf58e7b67621c061d8a3e3,a02f4724feb39b59448e07dc696ea7457a96328a5812ebc776d6e0110574eec8,True
repeated:v1:2,inner_t016_selection,468,151,154,bf9ee1ff4e6c107d2e6a7824456e23179fb24ff32491d43507bf36deb20687b6,c8a619860abbe1d2bce5c98fbd932cb6be78557a5baf58e7b67621c061d8a3e3,a02f4724feb39b59448e07dc696ea7457a96328a5812ebc776d6e0110574eec8,True
repeated:v1:2,inner_t025_fit,466,153,154,52c06ca6e30a252be9dc02dd1a31373f7d0e12819975b7ae82117f8daeeb4d1a,0b3e47073b6e7f448fc0ad188f4c459bcc03cab637f70f111ef3ac49ae65298a,a02f4724feb39b59448e07dc696ea7457a96328a5812ebc776d6e0110574eec8,True
repeated:v1:2,inner_t027_fit,466,153,154,52c06ca6e30a252be9dc02dd1a31373f7d0e12819975b7ae82117f8daeeb4d1a,0b3e47073b6e7f448fc0ad188f4c459bcc03cab637f70f111ef3ac49ae65298a,a02f4724feb39b59448e07dc696ea7457a96328a5812ebc776d6e0110574eec8,True
repeated:v1:2,inner_t016_selection,466,153,154,52c06ca6e30a252be9dc02dd1a31373f7d0e12819975b7ae82117f8daeeb4d1a,0b3e47073b6e7f448fc0ad188f4c459bcc03cab637f70f111ef3ac49ae65298a,a02f4724feb39b59448e07dc696ea7457a96328a5812ebc776d6e0110574eec8,True
repeated:v1:3,outer_t025_fit,622,0,151,916825459cd384a02107ff74e1921636f51196a5c5440a41649b58b8585b6a70,,c8a619860abbe1d2bce5c98fbd932cb6be78557a5baf58e7b67621c061d8a3e3,True
repeated:v1:3,outer_t027_fit,622,0,151,916825459cd384a02107ff74e1921636f51196a5c5440a41649b58b8585b6a70,,c8a619860abbe1d2bce5c98fbd932cb6be78557a5baf58e7b67621c061d8a3e3,True
repeated:v1:3,outer_t016_selection,622,0,151,916825459cd384a02107ff74e1921636f51196a5c5440a41649b58b8585b6a70,,c8a619860abbe1d2bce5c98fbd932cb6be78557a5baf58e7b67621c061d8a3e3,True
repeated:v1:3,inner_t025_fit,463,159,151,4e4118f339183c698dcd2b8044df2c739b87dd175930137c7fef4205e76be016,45b5632de79d3b7d4f1ea975fe9748f2a2c22b42c7dd5684aa8a859ec6136358,c8a619860abbe1d2bce5c98fbd932cb6be78557a5baf58e7b67621c061d8a3e3,True
repeated:v1:3,inner_t027_fit,463,159,151,4e4118f339183c698dcd2b8044df2c739b87dd175930137c7fef4205e76be016,45b5632de79d3b7d4f1ea975fe9748f2a2c22b42c7dd5684aa8a859ec6136358,c8a619860abbe1d2bce5c98fbd932cb6be78557a5baf58e7b67621c061d8a3e3,True
repeated:v1:3,inner_t016_selection,463,159,151,4e4118f339183c698dcd2b8044df2c739b87dd175930137c7fef4205e76be016,45b5632de79d3b7d4f1ea975fe9748f2a2c22b42c7dd5684aa8a859ec6136358,c8a619860abbe1d2bce5c98fbd932cb6be78557a5baf58e7b67621c061d8a3e3,True
repeated:v1:3,inner_t025_fit,466,156,151,2a04294ce20b610da65c207bd68a63336323b06014561779fc62cc4981714d53,2779e24c3615e8c27deb0e6bc98a6e238fcdc4e77e5ab0f428e0925d7d26efac,c8a619860abbe1d2bce5c98fbd932cb6be78557a5baf58e7b67621c061d8a3e3,True
repeated:v1:3,inner_t027_fit,466,156,151,2a04294ce20b610da65c207bd68a63336323b06014561779fc62cc4981714d53,2779e24c3615e8c27deb0e6bc98a6e238fcdc4e77e5ab0f428e0925d7d26efac,c8a619860abbe1d2bce5c98fbd932cb6be78557a5baf58e7b67621c061d8a3e3,True
repeated:v1:3,inner_t016_selection,466,156,151,2a04294ce20b610da65c207bd68a63336323b06014561779fc62cc4981714d53,2779e24c3615e8c27deb0e6bc98a6e238fcdc4e77e5ab0f428e0925d7d26efac,c8a619860abbe1d2bce5c98fbd932cb6be78557a5baf58e7b67621c061d8a3e3,True
repeated:v1:3,inner_t025_fit,468,154,151,bf9ee1ff4e6c107d2e6a7824456e23179fb24ff32491d43507bf36deb20687b6,a02f4724feb39b59448e07dc696ea7457a96328a5812ebc776d6e0110574eec8,c8a619860abbe1d2bce5c98fbd932cb6be78557a5baf58e7b67621c061d8a3e3,True
repeated:v1:3,inner_t027_fit,468,154,151,bf9ee1ff4e6c107d2e6a7824456e23179fb24ff32491d43507bf36deb20687b6,a02f4724feb39b59448e07dc696ea7457a96328a5812ebc776d6e0110574eec8,c8a619860abbe1d2bce5c98fbd932cb6be78557a5baf58e7b67621c061d8a3e3,True
repeated:v1:3,inner_t016_selection,468,154,151,bf9ee1ff4e6c107d2e6a7824456e23179fb24ff32491d43507bf36deb20687b6,a02f4724feb39b59448e07dc696ea7457a96328a5812ebc776d6e0110574eec8,c8a619860abbe1d2bce5c98fbd932cb6be78557a5baf58e7b67621c061d8a3e3,True
repeated:v1:3,inner_t025_fit,469,153,151,2ff1763c39beb156791c259a423e65138b2eee1b36320f13dc8b5289dc54f8c3,0b3e47073b6e7f448fc0ad188f4c459bcc03cab637f70f111ef3ac49ae65298a,c8a619860abbe1d2bce5c98fbd932cb6be78557a5baf58e7b67621c061d8a3e3,True
repeated:v1:3,inner_t027_fit,469,153,151,2ff1763c39beb156791c259a423e65138b2eee1b36320f13dc8b5289dc54f8c3,0b3e47073b6e7f448fc0ad188f4c459bcc03cab637f70f111ef3ac49ae65298a,c8a619860abbe1d2bce5c98fbd932cb6be78557a5baf58e7b67621c061d8a3e3,True
repeated:v1:3,inner_t016_selection,469,153,151,2ff1763c39beb156791c259a423e65138b2eee1b36320f13dc8b5289dc54f8c3,0b3e47073b6e7f448fc0ad188f4c459bcc03cab637f70f111ef3ac49ae65298a,c8a619860abbe1d2bce5c98fbd932cb6be78557a5baf58e7b67621c061d8a3e3,True
repeated:v1:4,outer_t025_fit,620,0,153,a73754d67325aef951fe5fa55587419ddea11d0bdbb9d3cdad128a7b99c97780,,0b3e47073b6e7f448fc0ad188f4c459bcc03cab637f70f111ef3ac49ae65298a,True
repeated:v1:4,outer_t027_fit,620,0,153,a73754d67325aef951fe5fa55587419ddea11d0bdbb9d3cdad128a7b99c97780,,0b3e47073b6e7f448fc0ad188f4c459bcc03cab637f70f111ef3ac49ae65298a,True
repeated:v1:4,outer_t016_selection,620,0,153,a73754d67325aef951fe5fa55587419ddea11d0bdbb9d3cdad128a7b99c97780,,0b3e47073b6e7f448fc0ad188f4c459bcc03cab637f70f111ef3ac49ae65298a,True
repeated:v1:4,inner_t025_fit,461,159,153,9c157e6e5ecfcffdc94c5b34a30839be7aa5b7c5613eb09e18d846cac7b78855,45b5632de79d3b7d4f1ea975fe9748f2a2c22b42c7dd5684aa8a859ec6136358,0b3e47073b6e7f448fc0ad188f4c459bcc03cab637f70f111ef3ac49ae65298a,True
repeated:v1:4,inner_t027_fit,461,159,153,9c157e6e5ecfcffdc94c5b34a30839be7aa5b7c5613eb09e18d846cac7b78855,45b5632de79d3b7d4f1ea975fe9748f2a2c22b42c7dd5684aa8a859ec6136358,0b3e47073b6e7f448fc0ad188f4c459bcc03cab637f70f111ef3ac49ae65298a,True
repeated:v1:4,inner_t016_selection,461,159,153,9c157e6e5ecfcffdc94c5b34a30839be7aa5b7c5613eb09e18d846cac7b78855,45b5632de79d3b7d4f1ea975fe9748f2a2c22b42c7dd5684aa8a859ec6136358,0b3e47073b6e7f448fc0ad188f4c459bcc03cab637f70f111ef3ac49ae65298a,True
repeated:v1:4,inner_t025_fit,464,156,153,69beed83a6e51c847995711466102d11b9fae1f1ebb3e985364a8505e7085e47,2779e24c3615e8c27deb0e6bc98a6e238fcdc4e77e5ab0f428e0925d7d26efac,0b3e47073b6e7f448fc0ad188f4c459bcc03cab637f70f111ef3ac49ae65298a,True
repeated:v1:4,inner_t027_fit,464,156,153,69beed83a6e51c847995711466102d11b9fae1f1ebb3e985364a8505e7085e47,2779e24c3615e8c27deb0e6bc98a6e238fcdc4e77e5ab0f428e0925d7d26efac,0b3e47073b6e7f448fc0ad188f4c459bcc03cab637f70f111ef3ac49ae65298a,True
repeated:v1:4,inner_t016_selection,464,156,153,69beed83a6e51c847995711466102d11b9fae1f1ebb3e985364a8505e7085e47,2779e24c3615e8c27deb0e6bc98a6e238fcdc4e77e5ab0f428e0925d7d26efac,0b3e47073b6e7f448fc0ad188f4c459bcc03cab637f70f111ef3ac49ae65298a,True
repeated:v1:4,inner_t025_fit,466,154,153,52c06ca6e30a252be9dc02dd1a31373f7d0e12819975b7ae82117f8daeeb4d1a,a02f4724feb39b59448e07dc696ea7457a96328a5812ebc776d6e0110574eec8,0b3e47073b6e7f448fc0ad188f4c459bcc03cab637f70f111ef3ac49ae65298a,True
repeated:v1:4,inner_t027_fit,466,154,153,52c06ca6e30a252be9dc02dd1a31373f7d0e12819975b7ae82117f8daeeb4d1a,a02f4724feb39b59448e07dc696ea7457a96328a5812ebc776d6e0110574eec8,0b3e47073b6e7f448fc0ad188f4c459bcc03cab637f70f111ef3ac49ae65298a,True
repeated:v1:4,inner_t016_selection,466,154,153,52c06ca6e30a252be9dc02dd1a31373f7d0e12819975b7ae82117f8daeeb4d1a,a02f4724feb39b59448e07dc696ea7457a96328a5812ebc776d6e0110574eec8,0b3e47073b6e7f448fc0ad188f4c459bcc03cab637f70f111ef3ac49ae65298a,True
repeated:v1:4,inner_t025_fit,469,151,153,2ff1763c39beb156791c259a423e65138b2eee1b36320f13dc8b5289dc54f8c3,c8a619860abbe1d2bce5c98fbd932cb6be78557a5baf58e7b67621c061d8a3e3,0b3e47073b6e7f448fc0ad188f4c459bcc03cab637f70f111ef3ac49ae65298a,True
repeated:v1:4,inner_t027_fit,469,151,153,2ff1763c39beb156791c259a423e65138b2eee1b36320f13dc8b5289dc54f8c3,c8a619860abbe1d2bce5c98fbd932cb6be78557a5baf58e7b67621c061d8a3e3,0b3e47073b6e7f448fc0ad188f4c459bcc03cab637f70f111ef3ac49ae65298a,True
repeated:v1:4,inner_t016_selection,469,151,153,2ff1763c39beb156791c259a423e65138b2eee1b36320f13dc8b5289dc54f8c3,c8a619860abbe1d2bce5c98fbd932cb6be78557a5baf58e7b67621c061d8a3e3,0b3e47073b6e7f448fc0ad188f4c459bcc03cab637f70f111ef3ac49ae65298a,True
repeated:v2:0,outer_t025_fit,622,0,151,79234ce974cacf20181bd95e610108e357f0de58af4fdc720f9a8619d60cee7b,,0bfaffac4255babef3758071c6bb6171a5fe0e1a182aa5e6026a8898bf6f6ad7,True
repeated:v2:0,outer_t027_fit,622,0,151,79234ce974cacf20181bd95e610108e357f0de58af4fdc720f9a8619d60cee7b,,0bfaffac4255babef3758071c6bb6171a5fe0e1a182aa5e6026a8898bf6f6ad7,True
repeated:v2:0,outer_t016_selection,622,0,151,79234ce974cacf20181bd95e610108e357f0de58af4fdc720f9a8619d60cee7b,,0bfaffac4255babef3758071c6bb6171a5fe0e1a182aa5e6026a8898bf6f6ad7,True
repeated:v2:0,inner_t025_fit,468,154,151,710dd0e0aaefe870b7760d0f821c96bd9bac87152114a1c0a4c7cfb46b31c385,326faa701a79b1e1acfc0b56800c0068d440e4ce446b45cdb3ab6570346189d4,0bfaffac4255babef3758071c6bb6171a5fe0e1a182aa5e6026a8898bf6f6ad7,True
repeated:v2:0,inner_t027_fit,468,154,151,710dd0e0aaefe870b7760d0f821c96bd9bac87152114a1c0a4c7cfb46b31c385,326faa701a79b1e1acfc0b56800c0068d440e4ce446b45cdb3ab6570346189d4,0bfaffac4255babef3758071c6bb6171a5fe0e1a182aa5e6026a8898bf6f6ad7,True
repeated:v2:0,inner_t016_selection,468,154,151,710dd0e0aaefe870b7760d0f821c96bd9bac87152114a1c0a4c7cfb46b31c385,326faa701a79b1e1acfc0b56800c0068d440e4ce446b45cdb3ab6570346189d4,0bfaffac4255babef3758071c6bb6171a5fe0e1a182aa5e6026a8898bf6f6ad7,True
repeated:v2:0,inner_t025_fit,462,160,151,0a74f2abdb2ddbb1162668ee6531fe8f60bb99267dbf4841d0ce01104b26bccf,2dda24e444c9e1de122faed3d22eca1c8333ce742dd9ca976a74e91237cd7dba,0bfaffac4255babef3758071c6bb6171a5fe0e1a182aa5e6026a8898bf6f6ad7,True
repeated:v2:0,inner_t027_fit,462,160,151,0a74f2abdb2ddbb1162668ee6531fe8f60bb99267dbf4841d0ce01104b26bccf,2dda24e444c9e1de122faed3d22eca1c8333ce742dd9ca976a74e91237cd7dba,0bfaffac4255babef3758071c6bb6171a5fe0e1a182aa5e6026a8898bf6f6ad7,True
repeated:v2:0,inner_t016_selection,462,160,151,0a74f2abdb2ddbb1162668ee6531fe8f60bb99267dbf4841d0ce01104b26bccf,2dda24e444c9e1de122faed3d22eca1c8333ce742dd9ca976a74e91237cd7dba,0bfaffac4255babef3758071c6bb6171a5fe0e1a182aa5e6026a8898bf6f6ad7,True
repeated:v2:0,inner_t025_fit,466,156,151,96036374f14357e0b292a43bcbce262b906fc9f82dbf54cd0c17a0328bc1720f,d9b94c7c9e5f21fc15da52c70181274a0f893a93b61f2fa1f21346ddee031fe1,0bfaffac4255babef3758071c6bb6171a5fe0e1a182aa5e6026a8898bf6f6ad7,True
repeated:v2:0,inner_t027_fit,466,156,151,96036374f14357e0b292a43bcbce262b906fc9f82dbf54cd0c17a0328bc1720f,d9b94c7c9e5f21fc15da52c70181274a0f893a93b61f2fa1f21346ddee031fe1,0bfaffac4255babef3758071c6bb6171a5fe0e1a182aa5e6026a8898bf6f6ad7,True
repeated:v2:0,inner_t016_selection,466,156,151,96036374f14357e0b292a43bcbce262b906fc9f82dbf54cd0c17a0328bc1720f,d9b94c7c9e5f21fc15da52c70181274a0f893a93b61f2fa1f21346ddee031fe1,0bfaffac4255babef3758071c6bb6171a5fe0e1a182aa5e6026a8898bf6f6ad7,True
repeated:v2:0,inner_t025_fit,470,152,151,ced7a2602cc48f5da2b8514ac41b8e59556faf9335352fdde6d1c5a9a13bcab0,2773ee8d328af5be95e4a77daed4b47eccba7a8c24ff419a8e84311a84093b03,0bfaffac4255babef3758071c6bb6171a5fe0e1a182aa5e6026a8898bf6f6ad7,True
repeated:v2:0,inner_t027_fit,470,152,151,ced7a2602cc48f5da2b8514ac41b8e59556faf9335352fdde6d1c5a9a13bcab0,2773ee8d328af5be95e4a77daed4b47eccba7a8c24ff419a8e84311a84093b03,0bfaffac4255babef3758071c6bb6171a5fe0e1a182aa5e6026a8898bf6f6ad7,True
repeated:v2:0,inner_t016_selection,470,152,151,ced7a2602cc48f5da2b8514ac41b8e59556faf9335352fdde6d1c5a9a13bcab0,2773ee8d328af5be95e4a77daed4b47eccba7a8c24ff419a8e84311a84093b03,0bfaffac4255babef3758071c6bb6171a5fe0e1a182aa5e6026a8898bf6f6ad7,True
repeated:v2:1,outer_t025_fit,619,0,154,a0bda4d5ee0adf3a40e36d9bee1b1e82ab0b74b115013a8d965dc4273dd914a7,,326faa701a79b1e1acfc0b56800c0068d440e4ce446b45cdb3ab6570346189d4,True
repeated:v2:1,outer_t027_fit,619,0,154,a0bda4d5ee0adf3a40e36d9bee1b1e82ab0b74b115013a8d965dc4273dd914a7,,326faa701a79b1e1acfc0b56800c0068d440e4ce446b45cdb3ab6570346189d4,True
repeated:v2:1,outer_t016_selection,619,0,154,a0bda4d5ee0adf3a40e36d9bee1b1e82ab0b74b115013a8d965dc4273dd914a7,,326faa701a79b1e1acfc0b56800c0068d440e4ce446b45cdb3ab6570346189d4,True
repeated:v2:1,inner_t025_fit,468,151,154,710dd0e0aaefe870b7760d0f821c96bd9bac87152114a1c0a4c7cfb46b31c385,0bfaffac4255babef3758071c6bb6171a5fe0e1a182aa5e6026a8898bf6f6ad7,326faa701a79b1e1acfc0b56800c0068d440e4ce446b45cdb3ab6570346189d4,True
repeated:v2:1,inner_t027_fit,468,151,154,710dd0e0aaefe870b7760d0f821c96bd9bac87152114a1c0a4c7cfb46b31c385,0bfaffac4255babef3758071c6bb6171a5fe0e1a182aa5e6026a8898bf6f6ad7,326faa701a79b1e1acfc0b56800c0068d440e4ce446b45cdb3ab6570346189d4,True
repeated:v2:1,inner_t016_selection,468,151,154,710dd0e0aaefe870b7760d0f821c96bd9bac87152114a1c0a4c7cfb46b31c385,0bfaffac4255babef3758071c6bb6171a5fe0e1a182aa5e6026a8898bf6f6ad7,326faa701a79b1e1acfc0b56800c0068d440e4ce446b45cdb3ab6570346189d4,True
repeated:v2:1,inner_t025_fit,459,160,154,495be0de9ded7a0c11f9ec6e98d54c3da3e235ec8ee600136ccafbe206b4dc5b,2dda24e444c9e1de122faed3d22eca1c8333ce742dd9ca976a74e91237cd7dba,326faa701a79b1e1acfc0b56800c0068d440e4ce446b45cdb3ab6570346189d4,True
repeated:v2:1,inner_t027_fit,459,160,154,495be0de9ded7a0c11f9ec6e98d54c3da3e235ec8ee600136ccafbe206b4dc5b,2dda24e444c9e1de122faed3d22eca1c8333ce742dd9ca976a74e91237cd7dba,326faa701a79b1e1acfc0b56800c0068d440e4ce446b45cdb3ab6570346189d4,True
repeated:v2:1,inner_t016_selection,459,160,154,495be0de9ded7a0c11f9ec6e98d54c3da3e235ec8ee600136ccafbe206b4dc5b,2dda24e444c9e1de122faed3d22eca1c8333ce742dd9ca976a74e91237cd7dba,326faa701a79b1e1acfc0b56800c0068d440e4ce446b45cdb3ab6570346189d4,True
repeated:v2:1,inner_t025_fit,463,156,154,7330558717d47024e76e63a79e2afe61e5854c80d37ec1a83ae624a11b08b4b2,d9b94c7c9e5f21fc15da52c70181274a0f893a93b61f2fa1f21346ddee031fe1,326faa701a79b1e1acfc0b56800c0068d440e4ce446b45cdb3ab6570346189d4,True
repeated:v2:1,inner_t027_fit,463,156,154,7330558717d47024e76e63a79e2afe61e5854c80d37ec1a83ae624a11b08b4b2,d9b94c7c9e5f21fc15da52c70181274a0f893a93b61f2fa1f21346ddee031fe1,326faa701a79b1e1acfc0b56800c0068d440e4ce446b45cdb3ab6570346189d4,True
repeated:v2:1,inner_t016_selection,463,156,154,7330558717d47024e76e63a79e2afe61e5854c80d37ec1a83ae624a11b08b4b2,d9b94c7c9e5f21fc15da52c70181274a0f893a93b61f2fa1f21346ddee031fe1,326faa701a79b1e1acfc0b56800c0068d440e4ce446b45cdb3ab6570346189d4,True
repeated:v2:1,inner_t025_fit,467,152,154,adb22f814dd9f958ff862bfcb89918c467e97feacafdacfc0932722d458f2325,2773ee8d328af5be95e4a77daed4b47eccba7a8c24ff419a8e84311a84093b03,326faa701a79b1e1acfc0b56800c0068d440e4ce446b45cdb3ab6570346189d4,True
repeated:v2:1,inner_t027_fit,467,152,154,adb22f814dd9f958ff862bfcb89918c467e97feacafdacfc0932722d458f2325,2773ee8d328af5be95e4a77daed4b47eccba7a8c24ff419a8e84311a84093b03,326faa701a79b1e1acfc0b56800c0068d440e4ce446b45cdb3ab6570346189d4,True
repeated:v2:1,inner_t016_selection,467,152,154,adb22f814dd9f958ff862bfcb89918c467e97feacafdacfc0932722d458f2325,2773ee8d328af5be95e4a77daed4b47eccba7a8c24ff419a8e84311a84093b03,326faa701a79b1e1acfc0b56800c0068d440e4ce446b45cdb3ab6570346189d4,True
repeated:v2:2,outer_t025_fit,613,0,160,17e8a8c72bd2ea4fa18de23454c3f771545665c1f36b7916d5899b7281b11a82,,2dda24e444c9e1de122faed3d22eca1c8333ce742dd9ca976a74e91237cd7dba,True
repeated:v2:2,outer_t027_fit,613,0,160,17e8a8c72bd2ea4fa18de23454c3f771545665c1f36b7916d5899b7281b11a82,,2dda24e444c9e1de122faed3d22eca1c8333ce742dd9ca976a74e91237cd7dba,True
repeated:v2:2,outer_t016_selection,613,0,160,17e8a8c72bd2ea4fa18de23454c3f771545665c1f36b7916d5899b7281b11a82,,2dda24e444c9e1de122faed3d22eca1c8333ce742dd9ca976a74e91237cd7dba,True
repeated:v2:2,inner_t025_fit,462,151,160,0a74f2abdb2ddbb1162668ee6531fe8f60bb99267dbf4841d0ce01104b26bccf,0bfaffac4255babef3758071c6bb6171a5fe0e1a182aa5e6026a8898bf6f6ad7,2dda24e444c9e1de122faed3d22eca1c8333ce742dd9ca976a74e91237cd7dba,True
repeated:v2:2,inner_t027_fit,462,151,160,0a74f2abdb2ddbb1162668ee6531fe8f60bb99267dbf4841d0ce01104b26bccf,0bfaffac4255babef3758071c6bb6171a5fe0e1a182aa5e6026a8898bf6f6ad7,2dda24e444c9e1de122faed3d22eca1c8333ce742dd9ca976a74e91237cd7dba,True
repeated:v2:2,inner_t016_selection,462,151,160,0a74f2abdb2ddbb1162668ee6531fe8f60bb99267dbf4841d0ce01104b26bccf,0bfaffac4255babef3758071c6bb6171a5fe0e1a182aa5e6026a8898bf6f6ad7,2dda24e444c9e1de122faed3d22eca1c8333ce742dd9ca976a74e91237cd7dba,True
repeated:v2:2,inner_t025_fit,459,154,160,495be0de9ded7a0c11f9ec6e98d54c3da3e235ec8ee600136ccafbe206b4dc5b,326faa701a79b1e1acfc0b56800c0068d440e4ce446b45cdb3ab6570346189d4,2dda24e444c9e1de122faed3d22eca1c8333ce742dd9ca976a74e91237cd7dba,True
repeated:v2:2,inner_t027_fit,459,154,160,495be0de9ded7a0c11f9ec6e98d54c3da3e235ec8ee600136ccafbe206b4dc5b,326faa701a79b1e1acfc0b56800c0068d440e4ce446b45cdb3ab6570346189d4,2dda24e444c9e1de122faed3d22eca1c8333ce742dd9ca976a74e91237cd7dba,True
repeated:v2:2,inner_t016_selection,459,154,160,495be0de9ded7a0c11f9ec6e98d54c3da3e235ec8ee600136ccafbe206b4dc5b,326faa701a79b1e1acfc0b56800c0068d440e4ce446b45cdb3ab6570346189d4,2dda24e444c9e1de122faed3d22eca1c8333ce742dd9ca976a74e91237cd7dba,True
repeated:v2:2,inner_t025_fit,457,156,160,5972ad9384eb6fffb28b5d99bcbf2e839466ffe25ea07b2cdbb35f96371d358b,d9b94c7c9e5f21fc15da52c70181274a0f893a93b61f2fa1f21346ddee031fe1,2dda24e444c9e1de122faed3d22eca1c8333ce742dd9ca976a74e91237cd7dba,True
repeated:v2:2,inner_t027_fit,457,156,160,5972ad9384eb6fffb28b5d99bcbf2e839466ffe25ea07b2cdbb35f96371d358b,d9b94c7c9e5f21fc15da52c70181274a0f893a93b61f2fa1f21346ddee031fe1,2dda24e444c9e1de122faed3d22eca1c8333ce742dd9ca976a74e91237cd7dba,True
repeated:v2:2,inner_t016_selection,457,156,160,5972ad9384eb6fffb28b5d99bcbf2e839466ffe25ea07b2cdbb35f96371d358b,d9b94c7c9e5f21fc15da52c70181274a0f893a93b61f2fa1f21346ddee031fe1,2dda24e444c9e1de122faed3d22eca1c8333ce742dd9ca976a74e91237cd7dba,True
repeated:v2:2,inner_t025_fit,461,152,160,59a93be911db4a546c2aa10c6105ca2097024226d0c8f923517c60b1b6962e84,2773ee8d328af5be95e4a77daed4b47eccba7a8c24ff419a8e84311a84093b03,2dda24e444c9e1de122faed3d22eca1c8333ce742dd9ca976a74e91237cd7dba,True
repeated:v2:2,inner_t027_fit,461,152,160,59a93be911db4a546c2aa10c6105ca2097024226d0c8f923517c60b1b6962e84,2773ee8d328af5be95e4a77daed4b47eccba7a8c24ff419a8e84311a84093b03,2dda24e444c9e1de122faed3d22eca1c8333ce742dd9ca976a74e91237cd7dba,True
repeated:v2:2,inner_t016_selection,461,152,160,59a93be911db4a546c2aa10c6105ca2097024226d0c8f923517c60b1b6962e84,2773ee8d328af5be95e4a77daed4b47eccba7a8c24ff419a8e84311a84093b03,2dda24e444c9e1de122faed3d22eca1c8333ce742dd9ca976a74e91237cd7dba,True
repeated:v2:3,outer_t025_fit,617,0,156,912533721b629536fdce81fb384e347711bebbb04f01e001e77f1c8242ffa093,,d9b94c7c9e5f21fc15da52c70181274a0f893a93b61f2fa1f21346ddee031fe1,True
repeated:v2:3,outer_t027_fit,617,0,156,912533721b629536fdce81fb384e347711bebbb04f01e001e77f1c8242ffa093,,d9b94c7c9e5f21fc15da52c70181274a0f893a93b61f2fa1f21346ddee031fe1,True
repeated:v2:3,outer_t016_selection,617,0,156,912533721b629536fdce81fb384e347711bebbb04f01e001e77f1c8242ffa093,,d9b94c7c9e5f21fc15da52c70181274a0f893a93b61f2fa1f21346ddee031fe1,True
repeated:v2:3,inner_t025_fit,466,151,156,96036374f14357e0b292a43bcbce262b906fc9f82dbf54cd0c17a0328bc1720f,0bfaffac4255babef3758071c6bb6171a5fe0e1a182aa5e6026a8898bf6f6ad7,d9b94c7c9e5f21fc15da52c70181274a0f893a93b61f2fa1f21346ddee031fe1,True
repeated:v2:3,inner_t027_fit,466,151,156,96036374f14357e0b292a43bcbce262b906fc9f82dbf54cd0c17a0328bc1720f,0bfaffac4255babef3758071c6bb6171a5fe0e1a182aa5e6026a8898bf6f6ad7,d9b94c7c9e5f21fc15da52c70181274a0f893a93b61f2fa1f21346ddee031fe1,True
repeated:v2:3,inner_t016_selection,466,151,156,96036374f14357e0b292a43bcbce262b906fc9f82dbf54cd0c17a0328bc1720f,0bfaffac4255babef3758071c6bb6171a5fe0e1a182aa5e6026a8898bf6f6ad7,d9b94c7c9e5f21fc15da52c70181274a0f893a93b61f2fa1f21346ddee031fe1,True
repeated:v2:3,inner_t025_fit,463,154,156,7330558717d47024e76e63a79e2afe61e5854c80d37ec1a83ae624a11b08b4b2,326faa701a79b1e1acfc0b56800c0068d440e4ce446b45cdb3ab6570346189d4,d9b94c7c9e5f21fc15da52c70181274a0f893a93b61f2fa1f21346ddee031fe1,True
repeated:v2:3,inner_t027_fit,463,154,156,7330558717d47024e76e63a79e2afe61e5854c80d37ec1a83ae624a11b08b4b2,326faa701a79b1e1acfc0b56800c0068d440e4ce446b45cdb3ab6570346189d4,d9b94c7c9e5f21fc15da52c70181274a0f893a93b61f2fa1f21346ddee031fe1,True
repeated:v2:3,inner_t016_selection,463,154,156,7330558717d47024e76e63a79e2afe61e5854c80d37ec1a83ae624a11b08b4b2,326faa701a79b1e1acfc0b56800c0068d440e4ce446b45cdb3ab6570346189d4,d9b94c7c9e5f21fc15da52c70181274a0f893a93b61f2fa1f21346ddee031fe1,True
repeated:v2:3,inner_t025_fit,457,160,156,5972ad9384eb6fffb28b5d99bcbf2e839466ffe25ea07b2cdbb35f96371d358b,2dda24e444c9e1de122faed3d22eca1c8333ce742dd9ca976a74e91237cd7dba,d9b94c7c9e5f21fc15da52c70181274a0f893a93b61f2fa1f21346ddee031fe1,True
repeated:v2:3,inner_t027_fit,457,160,156,5972ad9384eb6fffb28b5d99bcbf2e839466ffe25ea07b2cdbb35f96371d358b,2dda24e444c9e1de122faed3d22eca1c8333ce742dd9ca976a74e91237cd7dba,d9b94c7c9e5f21fc15da52c70181274a0f893a93b61f2fa1f21346ddee031fe1,True
repeated:v2:3,inner_t016_selection,457,160,156,5972ad9384eb6fffb28b5d99bcbf2e839466ffe25ea07b2cdbb35f96371d358b,2dda24e444c9e1de122faed3d22eca1c8333ce742dd9ca976a74e91237cd7dba,d9b94c7c9e5f21fc15da52c70181274a0f893a93b61f2fa1f21346ddee031fe1,True
repeated:v2:3,inner_t025_fit,465,152,156,7dbf18edd0f5285481186a465108cd546924e3811f6a5b817cf14f1af274b4c6,2773ee8d328af5be95e4a77daed4b47eccba7a8c24ff419a8e84311a84093b03,d9b94c7c9e5f21fc15da52c70181274a0f893a93b61f2fa1f21346ddee031fe1,True
repeated:v2:3,inner_t027_fit,465,152,156,7dbf18edd0f5285481186a465108cd546924e3811f6a5b817cf14f1af274b4c6,2773ee8d328af5be95e4a77daed4b47eccba7a8c24ff419a8e84311a84093b03,d9b94c7c9e5f21fc15da52c70181274a0f893a93b61f2fa1f21346ddee031fe1,True
repeated:v2:3,inner_t016_selection,465,152,156,7dbf18edd0f5285481186a465108cd546924e3811f6a5b817cf14f1af274b4c6,2773ee8d328af5be95e4a77daed4b47eccba7a8c24ff419a8e84311a84093b03,d9b94c7c9e5f21fc15da52c70181274a0f893a93b61f2fa1f21346ddee031fe1,True
repeated:v2:4,outer_t025_fit,621,0,152,4f11a49bdf82640dd9559c9667e583203e0ec44c4d623ebcff628895213693d9,,2773ee8d328af5be95e4a77daed4b47eccba7a8c24ff419a8e84311a84093b03,True
repeated:v2:4,outer_t027_fit,621,0,152,4f11a49bdf82640dd9559c9667e583203e0ec44c4d623ebcff628895213693d9,,2773ee8d328af5be95e4a77daed4b47eccba7a8c24ff419a8e84311a84093b03,True
repeated:v2:4,outer_t016_selection,621,0,152,4f11a49bdf82640dd9559c9667e583203e0ec44c4d623ebcff628895213693d9,,2773ee8d328af5be95e4a77daed4b47eccba7a8c24ff419a8e84311a84093b03,True
repeated:v2:4,inner_t025_fit,470,151,152,ced7a2602cc48f5da2b8514ac41b8e59556faf9335352fdde6d1c5a9a13bcab0,0bfaffac4255babef3758071c6bb6171a5fe0e1a182aa5e6026a8898bf6f6ad7,2773ee8d328af5be95e4a77daed4b47eccba7a8c24ff419a8e84311a84093b03,True
repeated:v2:4,inner_t027_fit,470,151,152,ced7a2602cc48f5da2b8514ac41b8e59556faf9335352fdde6d1c5a9a13bcab0,0bfaffac4255babef3758071c6bb6171a5fe0e1a182aa5e6026a8898bf6f6ad7,2773ee8d328af5be95e4a77daed4b47eccba7a8c24ff419a8e84311a84093b03,True
repeated:v2:4,inner_t016_selection,470,151,152,ced7a2602cc48f5da2b8514ac41b8e59556faf9335352fdde6d1c5a9a13bcab0,0bfaffac4255babef3758071c6bb6171a5fe0e1a182aa5e6026a8898bf6f6ad7,2773ee8d328af5be95e4a77daed4b47eccba7a8c24ff419a8e84311a84093b03,True
repeated:v2:4,inner_t025_fit,467,154,152,adb22f814dd9f958ff862bfcb89918c467e97feacafdacfc0932722d458f2325,326faa701a79b1e1acfc0b56800c0068d440e4ce446b45cdb3ab6570346189d4,2773ee8d328af5be95e4a77daed4b47eccba7a8c24ff419a8e84311a84093b03,True
repeated:v2:4,inner_t027_fit,467,154,152,adb22f814dd9f958ff862bfcb89918c467e97feacafdacfc0932722d458f2325,326faa701a79b1e1acfc0b56800c0068d440e4ce446b45cdb3ab6570346189d4,2773ee8d328af5be95e4a77daed4b47eccba7a8c24ff419a8e84311a84093b03,True
repeated:v2:4,inner_t016_selection,467,154,152,adb22f814dd9f958ff862bfcb89918c467e97feacafdacfc0932722d458f2325,326faa701a79b1e1acfc0b56800c0068d440e4ce446b45cdb3ab6570346189d4,2773ee8d328af5be95e4a77daed4b47eccba7a8c24ff419a8e84311a84093b03,True
repeated:v2:4,inner_t025_fit,461,160,152,59a93be911db4a546c2aa10c6105ca2097024226d0c8f923517c60b1b6962e84,2dda24e444c9e1de122faed3d22eca1c8333ce742dd9ca976a74e91237cd7dba,2773ee8d328af5be95e4a77daed4b47eccba7a8c24ff419a8e84311a84093b03,True
repeated:v2:4,inner_t027_fit,461,160,152,59a93be911db4a546c2aa10c6105ca2097024226d0c8f923517c60b1b6962e84,2dda24e444c9e1de122faed3d22eca1c8333ce742dd9ca976a74e91237cd7dba,2773ee8d328af5be95e4a77daed4b47eccba7a8c24ff419a8e84311a84093b03,True
repeated:v2:4,inner_t016_selection,461,160,152,59a93be911db4a546c2aa10c6105ca2097024226d0c8f923517c60b1b6962e84,2dda24e444c9e1de122faed3d22eca1c8333ce742dd9ca976a74e91237cd7dba,2773ee8d328af5be95e4a77daed4b47eccba7a8c24ff419a8e84311a84093b03,True
repeated:v2:4,inner_t025_fit,465,156,152,7dbf18edd0f5285481186a465108cd546924e3811f6a5b817cf14f1af274b4c6,d9b94c7c9e5f21fc15da52c70181274a0f893a93b61f2fa1f21346ddee031fe1,2773ee8d328af5be95e4a77daed4b47eccba7a8c24ff419a8e84311a84093b03,True
repeated:v2:4,inner_t027_fit,465,156,152,7dbf18edd0f5285481186a465108cd546924e3811f6a5b817cf14f1af274b4c6,d9b94c7c9e5f21fc15da52c70181274a0f893a93b61f2fa1f21346ddee031fe1,2773ee8d328af5be95e4a77daed4b47eccba7a8c24ff419a8e84311a84093b03,True
repeated:v2:4,inner_t016_selection,465,156,152,7dbf18edd0f5285481186a465108cd546924e3811f6a5b817cf14f1af274b4c6,d9b94c7c9e5f21fc15da52c70181274a0f893a93b61f2fa1f21346ddee031fe1,2773ee8d328af5be95e4a77daed4b47eccba7a8c24ff419a8e84311a84093b03,True
repeated:v3:0,outer_t025_fit,625,0,148,39ec2207f9d3ab01826a9a933a21e6ceef901d93b782303fcbff5ff1ebb214f1,,237e0068d5ceedb7ed03b1f28aed229626c2b2e5b4e506568bfa2d11ad88ace3,True
repeated:v3:0,outer_t027_fit,625,0,148,39ec2207f9d3ab01826a9a933a21e6ceef901d93b782303fcbff5ff1ebb214f1,,237e0068d5ceedb7ed03b1f28aed229626c2b2e5b4e506568bfa2d11ad88ace3,True
repeated:v3:0,outer_t016_selection,625,0,148,39ec2207f9d3ab01826a9a933a21e6ceef901d93b782303fcbff5ff1ebb214f1,,237e0068d5ceedb7ed03b1f28aed229626c2b2e5b4e506568bfa2d11ad88ace3,True
repeated:v3:0,inner_t025_fit,472,153,148,d8df44659dd704b76191890e5b55e3a6971a24a6ca7c719dc879880b874e131e,52a1e7f88f3828ff5f02c613fc3e2f8c84ec51df4ed2110a8764511b45e4a21b,237e0068d5ceedb7ed03b1f28aed229626c2b2e5b4e506568bfa2d11ad88ace3,True
repeated:v3:0,inner_t027_fit,472,153,148,d8df44659dd704b76191890e5b55e3a6971a24a6ca7c719dc879880b874e131e,52a1e7f88f3828ff5f02c613fc3e2f8c84ec51df4ed2110a8764511b45e4a21b,237e0068d5ceedb7ed03b1f28aed229626c2b2e5b4e506568bfa2d11ad88ace3,True
repeated:v3:0,inner_t016_selection,472,153,148,d8df44659dd704b76191890e5b55e3a6971a24a6ca7c719dc879880b874e131e,52a1e7f88f3828ff5f02c613fc3e2f8c84ec51df4ed2110a8764511b45e4a21b,237e0068d5ceedb7ed03b1f28aed229626c2b2e5b4e506568bfa2d11ad88ace3,True
repeated:v3:0,inner_t025_fit,470,155,148,688a1871f06ef4631ea3ac011603eba0f48b49d8462b2345664d7915b1f88555,a9098b6fcd93fbe455b155803e2828858fdd5a286ea4bca32d99c36e2b0d1f36,237e0068d5ceedb7ed03b1f28aed229626c2b2e5b4e506568bfa2d11ad88ace3,True
repeated:v3:0,inner_t027_fit,470,155,148,688a1871f06ef4631ea3ac011603eba0f48b49d8462b2345664d7915b1f88555,a9098b6fcd93fbe455b155803e2828858fdd5a286ea4bca32d99c36e2b0d1f36,237e0068d5ceedb7ed03b1f28aed229626c2b2e5b4e506568bfa2d11ad88ace3,True
repeated:v3:0,inner_t016_selection,470,155,148,688a1871f06ef4631ea3ac011603eba0f48b49d8462b2345664d7915b1f88555,a9098b6fcd93fbe455b155803e2828858fdd5a286ea4bca32d99c36e2b0d1f36,237e0068d5ceedb7ed03b1f28aed229626c2b2e5b4e506568bfa2d11ad88ace3,True
repeated:v3:0,inner_t025_fit,467,158,148,c6a5b99f72d364ce35c975b85eb55d585f8e595f4f34e557079407aba2dc81dd,7aa14bf9e93008425bc926db47769c7a2c2e80bb1fee0ee8900161e659c64104,237e0068d5ceedb7ed03b1f28aed229626c2b2e5b4e506568bfa2d11ad88ace3,True
repeated:v3:0,inner_t027_fit,467,158,148,c6a5b99f72d364ce35c975b85eb55d585f8e595f4f34e557079407aba2dc81dd,7aa14bf9e93008425bc926db47769c7a2c2e80bb1fee0ee8900161e659c64104,237e0068d5ceedb7ed03b1f28aed229626c2b2e5b4e506568bfa2d11ad88ace3,True
repeated:v3:0,inner_t016_selection,467,158,148,c6a5b99f72d364ce35c975b85eb55d585f8e595f4f34e557079407aba2dc81dd,7aa14bf9e93008425bc926db47769c7a2c2e80bb1fee0ee8900161e659c64104,237e0068d5ceedb7ed03b1f28aed229626c2b2e5b4e506568bfa2d11ad88ace3,True
repeated:v3:0,inner_t025_fit,466,159,148,3126ec4f5a377036194a5e9da8044a7f5a4ff61d74ffdc979385b50d6ab3e806,7fc8bd92245eda5b8b935bcac14ca1ee99c9e395b7ee4badd132907190f14ba9,237e0068d5ceedb7ed03b1f28aed229626c2b2e5b4e506568bfa2d11ad88ace3,True
repeated:v3:0,inner_t027_fit,466,159,148,3126ec4f5a377036194a5e9da8044a7f5a4ff61d74ffdc979385b50d6ab3e806,7fc8bd92245eda5b8b935bcac14ca1ee99c9e395b7ee4badd132907190f14ba9,237e0068d5ceedb7ed03b1f28aed229626c2b2e5b4e506568bfa2d11ad88ace3,True
repeated:v3:0,inner_t016_selection,466,159,148,3126ec4f5a377036194a5e9da8044a7f5a4ff61d74ffdc979385b50d6ab3e806,7fc8bd92245eda5b8b935bcac14ca1ee99c9e395b7ee4badd132907190f14ba9,237e0068d5ceedb7ed03b1f28aed229626c2b2e5b4e506568bfa2d11ad88ace3,True
repeated:v3:1,outer_t025_fit,620,0,153,57b770e2d91233ac34e462bd90822bfad89e158aa97c757e45e085ec3657f91f,,52a1e7f88f3828ff5f02c613fc3e2f8c84ec51df4ed2110a8764511b45e4a21b,True
repeated:v3:1,outer_t027_fit,620,0,153,57b770e2d91233ac34e462bd90822bfad89e158aa97c757e45e085ec3657f91f,,52a1e7f88f3828ff5f02c613fc3e2f8c84ec51df4ed2110a8764511b45e4a21b,True
repeated:v3:1,outer_t016_selection,620,0,153,57b770e2d91233ac34e462bd90822bfad89e158aa97c757e45e085ec3657f91f,,52a1e7f88f3828ff5f02c613fc3e2f8c84ec51df4ed2110a8764511b45e4a21b,True
repeated:v3:1,inner_t025_fit,472,148,153,d8df44659dd704b76191890e5b55e3a6971a24a6ca7c719dc879880b874e131e,237e0068d5ceedb7ed03b1f28aed229626c2b2e5b4e506568bfa2d11ad88ace3,52a1e7f88f3828ff5f02c613fc3e2f8c84ec51df4ed2110a8764511b45e4a21b,True
repeated:v3:1,inner_t027_fit,472,148,153,d8df44659dd704b76191890e5b55e3a6971a24a6ca7c719dc879880b874e131e,237e0068d5ceedb7ed03b1f28aed229626c2b2e5b4e506568bfa2d11ad88ace3,52a1e7f88f3828ff5f02c613fc3e2f8c84ec51df4ed2110a8764511b45e4a21b,True
repeated:v3:1,inner_t016_selection,472,148,153,d8df44659dd704b76191890e5b55e3a6971a24a6ca7c719dc879880b874e131e,237e0068d5ceedb7ed03b1f28aed229626c2b2e5b4e506568bfa2d11ad88ace3,52a1e7f88f3828ff5f02c613fc3e2f8c84ec51df4ed2110a8764511b45e4a21b,True
repeated:v3:1,inner_t025_fit,465,155,153,29036d5d9c89135295721bb837f640b6e92117de3dd1969a0f12c0a7323a0158,a9098b6fcd93fbe455b155803e2828858fdd5a286ea4bca32d99c36e2b0d1f36,52a1e7f88f3828ff5f02c613fc3e2f8c84ec51df4ed2110a8764511b45e4a21b,True
repeated:v3:1,inner_t027_fit,465,155,153,29036d5d9c89135295721bb837f640b6e92117de3dd1969a0f12c0a7323a0158,a9098b6fcd93fbe455b155803e2828858fdd5a286ea4bca32d99c36e2b0d1f36,52a1e7f88f3828ff5f02c613fc3e2f8c84ec51df4ed2110a8764511b45e4a21b,True
repeated:v3:1,inner_t016_selection,465,155,153,29036d5d9c89135295721bb837f640b6e92117de3dd1969a0f12c0a7323a0158,a9098b6fcd93fbe455b155803e2828858fdd5a286ea4bca32d99c36e2b0d1f36,52a1e7f88f3828ff5f02c613fc3e2f8c84ec51df4ed2110a8764511b45e4a21b,True
repeated:v3:1,inner_t025_fit,462,158,153,ca26fdd39ae60a2a9870f3e6e93aa2efc7491d04daa52c4a6eff1951c564bacb,7aa14bf9e93008425bc926db47769c7a2c2e80bb1fee0ee8900161e659c64104,52a1e7f88f3828ff5f02c613fc3e2f8c84ec51df4ed2110a8764511b45e4a21b,True
repeated:v3:1,inner_t027_fit,462,158,153,ca26fdd39ae60a2a9870f3e6e93aa2efc7491d04daa52c4a6eff1951c564bacb,7aa14bf9e93008425bc926db47769c7a2c2e80bb1fee0ee8900161e659c64104,52a1e7f88f3828ff5f02c613fc3e2f8c84ec51df4ed2110a8764511b45e4a21b,True
repeated:v3:1,inner_t016_selection,462,158,153,ca26fdd39ae60a2a9870f3e6e93aa2efc7491d04daa52c4a6eff1951c564bacb,7aa14bf9e93008425bc926db47769c7a2c2e80bb1fee0ee8900161e659c64104,52a1e7f88f3828ff5f02c613fc3e2f8c84ec51df4ed2110a8764511b45e4a21b,True
repeated:v3:1,inner_t025_fit,461,159,153,d189997c34647726337938a11e86c9fab6985304c676110ac18ce7405110e510,7fc8bd92245eda5b8b935bcac14ca1ee99c9e395b7ee4badd132907190f14ba9,52a1e7f88f3828ff5f02c613fc3e2f8c84ec51df4ed2110a8764511b45e4a21b,True
repeated:v3:1,inner_t027_fit,461,159,153,d189997c34647726337938a11e86c9fab6985304c676110ac18ce7405110e510,7fc8bd92245eda5b8b935bcac14ca1ee99c9e395b7ee4badd132907190f14ba9,52a1e7f88f3828ff5f02c613fc3e2f8c84ec51df4ed2110a8764511b45e4a21b,True
repeated:v3:1,inner_t016_selection,461,159,153,d189997c34647726337938a11e86c9fab6985304c676110ac18ce7405110e510,7fc8bd92245eda5b8b935bcac14ca1ee99c9e395b7ee4badd132907190f14ba9,52a1e7f88f3828ff5f02c613fc3e2f8c84ec51df4ed2110a8764511b45e4a21b,True
repeated:v3:2,outer_t025_fit,618,0,155,eb23c1809933be9ce74184c2b72f016b83749616bd4b313890a7d106689b5a6d,,a9098b6fcd93fbe455b155803e2828858fdd5a286ea4bca32d99c36e2b0d1f36,True
repeated:v3:2,outer_t027_fit,618,0,155,eb23c1809933be9ce74184c2b72f016b83749616bd4b313890a7d106689b5a6d,,a9098b6fcd93fbe455b155803e2828858fdd5a286ea4bca32d99c36e2b0d1f36,True
repeated:v3:2,outer_t016_selection,618,0,155,eb23c1809933be9ce74184c2b72f016b83749616bd4b313890a7d106689b5a6d,,a9098b6fcd93fbe455b155803e2828858fdd5a286ea4bca32d99c36e2b0d1f36,True
repeated:v3:2,inner_t025_fit,470,148,155,688a1871f06ef4631ea3ac011603eba0f48b49d8462b2345664d7915b1f88555,237e0068d5ceedb7ed03b1f28aed229626c2b2e5b4e506568bfa2d11ad88ace3,a9098b6fcd93fbe455b155803e2828858fdd5a286ea4bca32d99c36e2b0d1f36,True
repeated:v3:2,inner_t027_fit,470,148,155,688a1871f06ef4631ea3ac011603eba0f48b49d8462b2345664d7915b1f88555,237e0068d5ceedb7ed03b1f28aed229626c2b2e5b4e506568bfa2d11ad88ace3,a9098b6fcd93fbe455b155803e2828858fdd5a286ea4bca32d99c36e2b0d1f36,True
repeated:v3:2,inner_t016_selection,470,148,155,688a1871f06ef4631ea3ac011603eba0f48b49d8462b2345664d7915b1f88555,237e0068d5ceedb7ed03b1f28aed229626c2b2e5b4e506568bfa2d11ad88ace3,a9098b6fcd93fbe455b155803e2828858fdd5a286ea4bca32d99c36e2b0d1f36,True
repeated:v3:2,inner_t025_fit,465,153,155,29036d5d9c89135295721bb837f640b6e92117de3dd1969a0f12c0a7323a0158,52a1e7f88f3828ff5f02c613fc3e2f8c84ec51df4ed2110a8764511b45e4a21b,a9098b6fcd93fbe455b155803e2828858fdd5a286ea4bca32d99c36e2b0d1f36,True
repeated:v3:2,inner_t027_fit,465,153,155,29036d5d9c89135295721bb837f640b6e92117de3dd1969a0f12c0a7323a0158,52a1e7f88f3828ff5f02c613fc3e2f8c84ec51df4ed2110a8764511b45e4a21b,a9098b6fcd93fbe455b155803e2828858fdd5a286ea4bca32d99c36e2b0d1f36,True
repeated:v3:2,inner_t016_selection,465,153,155,29036d5d9c89135295721bb837f640b6e92117de3dd1969a0f12c0a7323a0158,52a1e7f88f3828ff5f02c613fc3e2f8c84ec51df4ed2110a8764511b45e4a21b,a9098b6fcd93fbe455b155803e2828858fdd5a286ea4bca32d99c36e2b0d1f36,True
repeated:v3:2,inner_t025_fit,460,158,155,7afdabd5a136a9c425702f11ce3c7da422fae0e0ed147b9beebc420f506d6f99,7aa14bf9e93008425bc926db47769c7a2c2e80bb1fee0ee8900161e659c64104,a9098b6fcd93fbe455b155803e2828858fdd5a286ea4bca32d99c36e2b0d1f36,True
repeated:v3:2,inner_t027_fit,460,158,155,7afdabd5a136a9c425702f11ce3c7da422fae0e0ed147b9beebc420f506d6f99,7aa14bf9e93008425bc926db47769c7a2c2e80bb1fee0ee8900161e659c64104,a9098b6fcd93fbe455b155803e2828858fdd5a286ea4bca32d99c36e2b0d1f36,True
repeated:v3:2,inner_t016_selection,460,158,155,7afdabd5a136a9c425702f11ce3c7da422fae0e0ed147b9beebc420f506d6f99,7aa14bf9e93008425bc926db47769c7a2c2e80bb1fee0ee8900161e659c64104,a9098b6fcd93fbe455b155803e2828858fdd5a286ea4bca32d99c36e2b0d1f36,True
repeated:v3:2,inner_t025_fit,459,159,155,b37a58a254741bd286cd01d9cf24cd23ac60e50ed8ec71fd70afa9dbe1403d5a,7fc8bd92245eda5b8b935bcac14ca1ee99c9e395b7ee4badd132907190f14ba9,a9098b6fcd93fbe455b155803e2828858fdd5a286ea4bca32d99c36e2b0d1f36,True
repeated:v3:2,inner_t027_fit,459,159,155,b37a58a254741bd286cd01d9cf24cd23ac60e50ed8ec71fd70afa9dbe1403d5a,7fc8bd92245eda5b8b935bcac14ca1ee99c9e395b7ee4badd132907190f14ba9,a9098b6fcd93fbe455b155803e2828858fdd5a286ea4bca32d99c36e2b0d1f36,True
repeated:v3:2,inner_t016_selection,459,159,155,b37a58a254741bd286cd01d9cf24cd23ac60e50ed8ec71fd70afa9dbe1403d5a,7fc8bd92245eda5b8b935bcac14ca1ee99c9e395b7ee4badd132907190f14ba9,a9098b6fcd93fbe455b155803e2828858fdd5a286ea4bca32d99c36e2b0d1f36,True
repeated:v3:3,outer_t025_fit,615,0,158,0cc5e5add60585f509f0ba0b929eb3b94d0a280a6c9392ca490b97d75c7b8402,,7aa14bf9e93008425bc926db47769c7a2c2e80bb1fee0ee8900161e659c64104,True
repeated:v3:3,outer_t027_fit,615,0,158,0cc5e5add60585f509f0ba0b929eb3b94d0a280a6c9392ca490b97d75c7b8402,,7aa14bf9e93008425bc926db47769c7a2c2e80bb1fee0ee8900161e659c64104,True
repeated:v3:3,outer_t016_selection,615,0,158,0cc5e5add60585f509f0ba0b929eb3b94d0a280a6c9392ca490b97d75c7b8402,,7aa14bf9e93008425bc926db47769c7a2c2e80bb1fee0ee8900161e659c64104,True
repeated:v3:3,inner_t025_fit,467,148,158,c6a5b99f72d364ce35c975b85eb55d585f8e595f4f34e557079407aba2dc81dd,237e0068d5ceedb7ed03b1f28aed229626c2b2e5b4e506568bfa2d11ad88ace3,7aa14bf9e93008425bc926db47769c7a2c2e80bb1fee0ee8900161e659c64104,True
repeated:v3:3,inner_t027_fit,467,148,158,c6a5b99f72d364ce35c975b85eb55d585f8e595f4f34e557079407aba2dc81dd,237e0068d5ceedb7ed03b1f28aed229626c2b2e5b4e506568bfa2d11ad88ace3,7aa14bf9e93008425bc926db47769c7a2c2e80bb1fee0ee8900161e659c64104,True
repeated:v3:3,inner_t016_selection,467,148,158,c6a5b99f72d364ce35c975b85eb55d585f8e595f4f34e557079407aba2dc81dd,237e0068d5ceedb7ed03b1f28aed229626c2b2e5b4e506568bfa2d11ad88ace3,7aa14bf9e93008425bc926db47769c7a2c2e80bb1fee0ee8900161e659c64104,True
repeated:v3:3,inner_t025_fit,462,153,158,ca26fdd39ae60a2a9870f3e6e93aa2efc7491d04daa52c4a6eff1951c564bacb,52a1e7f88f3828ff5f02c613fc3e2f8c84ec51df4ed2110a8764511b45e4a21b,7aa14bf9e93008425bc926db47769c7a2c2e80bb1fee0ee8900161e659c64104,True
repeated:v3:3,inner_t027_fit,462,153,158,ca26fdd39ae60a2a9870f3e6e93aa2efc7491d04daa52c4a6eff1951c564bacb,52a1e7f88f3828ff5f02c613fc3e2f8c84ec51df4ed2110a8764511b45e4a21b,7aa14bf9e93008425bc926db47769c7a2c2e80bb1fee0ee8900161e659c64104,True
repeated:v3:3,inner_t016_selection,462,153,158,ca26fdd39ae60a2a9870f3e6e93aa2efc7491d04daa52c4a6eff1951c564bacb,52a1e7f88f3828ff5f02c613fc3e2f8c84ec51df4ed2110a8764511b45e4a21b,7aa14bf9e93008425bc926db47769c7a2c2e80bb1fee0ee8900161e659c64104,True
repeated:v3:3,inner_t025_fit,460,155,158,7afdabd5a136a9c425702f11ce3c7da422fae0e0ed147b9beebc420f506d6f99,a9098b6fcd93fbe455b155803e2828858fdd5a286ea4bca32d99c36e2b0d1f36,7aa14bf9e93008425bc926db47769c7a2c2e80bb1fee0ee8900161e659c64104,True
repeated:v3:3,inner_t027_fit,460,155,158,7afdabd5a136a9c425702f11ce3c7da422fae0e0ed147b9beebc420f506d6f99,a9098b6fcd93fbe455b155803e2828858fdd5a286ea4bca32d99c36e2b0d1f36,7aa14bf9e93008425bc926db47769c7a2c2e80bb1fee0ee8900161e659c64104,True
repeated:v3:3,inner_t016_selection,460,155,158,7afdabd5a136a9c425702f11ce3c7da422fae0e0ed147b9beebc420f506d6f99,a9098b6fcd93fbe455b155803e2828858fdd5a286ea4bca32d99c36e2b0d1f36,7aa14bf9e93008425bc926db47769c7a2c2e80bb1fee0ee8900161e659c64104,True
repeated:v3:3,inner_t025_fit,456,159,158,6216cc0720a671649e9127c5d44f4e5162d81e62dae68a89c567bff55c58ba7d,7fc8bd92245eda5b8b935bcac14ca1ee99c9e395b7ee4badd132907190f14ba9,7aa14bf9e93008425bc926db47769c7a2c2e80bb1fee0ee8900161e659c64104,True
repeated:v3:3,inner_t027_fit,456,159,158,6216cc0720a671649e9127c5d44f4e5162d81e62dae68a89c567bff55c58ba7d,7fc8bd92245eda5b8b935bcac14ca1ee99c9e395b7ee4badd132907190f14ba9,7aa14bf9e93008425bc926db47769c7a2c2e80bb1fee0ee8900161e659c64104,True
repeated:v3:3,inner_t016_selection,456,159,158,6216cc0720a671649e9127c5d44f4e5162d81e62dae68a89c567bff55c58ba7d,7fc8bd92245eda5b8b935bcac14ca1ee99c9e395b7ee4badd132907190f14ba9,7aa14bf9e93008425bc926db47769c7a2c2e80bb1fee0ee8900161e659c64104,True
repeated:v3:4,outer_t025_fit,614,0,159,54d5899b88b3dd4cd690490030b5a81a7c1b9614f76f519d22e32b07bde12be9,,7fc8bd92245eda5b8b935bcac14ca1ee99c9e395b7ee4badd132907190f14ba9,True
repeated:v3:4,outer_t027_fit,614,0,159,54d5899b88b3dd4cd690490030b5a81a7c1b9614f76f519d22e32b07bde12be9,,7fc8bd92245eda5b8b935bcac14ca1ee99c9e395b7ee4badd132907190f14ba9,True
repeated:v3:4,outer_t016_selection,614,0,159,54d5899b88b3dd4cd690490030b5a81a7c1b9614f76f519d22e32b07bde12be9,,7fc8bd92245eda5b8b935bcac14ca1ee99c9e395b7ee4badd132907190f14ba9,True
repeated:v3:4,inner_t025_fit,466,148,159,3126ec4f5a377036194a5e9da8044a7f5a4ff61d74ffdc979385b50d6ab3e806,237e0068d5ceedb7ed03b1f28aed229626c2b2e5b4e506568bfa2d11ad88ace3,7fc8bd92245eda5b8b935bcac14ca1ee99c9e395b7ee4badd132907190f14ba9,True
repeated:v3:4,inner_t027_fit,466,148,159,3126ec4f5a377036194a5e9da8044a7f5a4ff61d74ffdc979385b50d6ab3e806,237e0068d5ceedb7ed03b1f28aed229626c2b2e5b4e506568bfa2d11ad88ace3,7fc8bd92245eda5b8b935bcac14ca1ee99c9e395b7ee4badd132907190f14ba9,True
repeated:v3:4,inner_t016_selection,466,148,159,3126ec4f5a377036194a5e9da8044a7f5a4ff61d74ffdc979385b50d6ab3e806,237e0068d5ceedb7ed03b1f28aed229626c2b2e5b4e506568bfa2d11ad88ace3,7fc8bd92245eda5b8b935bcac14ca1ee99c9e395b7ee4badd132907190f14ba9,True
repeated:v3:4,inner_t025_fit,461,153,159,d189997c34647726337938a11e86c9fab6985304c676110ac18ce7405110e510,52a1e7f88f3828ff5f02c613fc3e2f8c84ec51df4ed2110a8764511b45e4a21b,7fc8bd92245eda5b8b935bcac14ca1ee99c9e395b7ee4badd132907190f14ba9,True
repeated:v3:4,inner_t027_fit,461,153,159,d189997c34647726337938a11e86c9fab6985304c676110ac18ce7405110e510,52a1e7f88f3828ff5f02c613fc3e2f8c84ec51df4ed2110a8764511b45e4a21b,7fc8bd92245eda5b8b935bcac14ca1ee99c9e395b7ee4badd132907190f14ba9,True
repeated:v3:4,inner_t016_selection,461,153,159,d189997c34647726337938a11e86c9fab6985304c676110ac18ce7405110e510,52a1e7f88f3828ff5f02c613fc3e2f8c84ec51df4ed2110a8764511b45e4a21b,7fc8bd92245eda5b8b935bcac14ca1ee99c9e395b7ee4badd132907190f14ba9,True
repeated:v3:4,inner_t025_fit,459,155,159,b37a58a254741bd286cd01d9cf24cd23ac60e50ed8ec71fd70afa9dbe1403d5a,a9098b6fcd93fbe455b155803e2828858fdd5a286ea4bca32d99c36e2b0d1f36,7fc8bd92245eda5b8b935bcac14ca1ee99c9e395b7ee4badd132907190f14ba9,True
repeated:v3:4,inner_t027_fit,459,155,159,b37a58a254741bd286cd01d9cf24cd23ac60e50ed8ec71fd70afa9dbe1403d5a,a9098b6fcd93fbe455b155803e2828858fdd5a286ea4bca32d99c36e2b0d1f36,7fc8bd92245eda5b8b935bcac14ca1ee99c9e395b7ee4badd132907190f14ba9,True
repeated:v3:4,inner_t016_selection,459,155,159,b37a58a254741bd286cd01d9cf24cd23ac60e50ed8ec71fd70afa9dbe1403d5a,a9098b6fcd93fbe455b155803e2828858fdd5a286ea4bca32d99c36e2b0d1f36,7fc8bd92245eda5b8b935bcac14ca1ee99c9e395b7ee4badd132907190f14ba9,True
repeated:v3:4,inner_t025_fit,456,158,159,6216cc0720a671649e9127c5d44f4e5162d81e62dae68a89c567bff55c58ba7d,7aa14bf9e93008425bc926db47769c7a2c2e80bb1fee0ee8900161e659c64104,7fc8bd92245eda5b8b935bcac14ca1ee99c9e395b7ee4badd132907190f14ba9,True
repeated:v3:4,inner_t027_fit,456,158,159,6216cc0720a671649e9127c5d44f4e5162d81e62dae68a89c567bff55c58ba7d,7aa14bf9e93008425bc926db47769c7a2c2e80bb1fee0ee8900161e659c64104,7fc8bd92245eda5b8b935bcac14ca1ee99c9e395b7ee4badd132907190f14ba9,True
repeated:v3:4,inner_t016_selection,456,158,159,6216cc0720a671649e9127c5d44f4e5162d81e62dae68a89c567bff55c58ba7d,7aa14bf9e93008425bc926db47769c7a2c2e80bb1fee0ee8900161e659c64104,7fc8bd92245eda5b8b935bcac14ca1ee99c9e395b7ee4badd132907190f14ba9,True
repeated:v4:0,outer_t025_fit,619,0,154,1ed10567f36af29008a2ac82396726f640d41fef481c613b179965ba4c0f3357,,2532e26fb700043fb00be5563b5a05cec055c578bb4087be1553811276c8184f,True
repeated:v4:0,outer_t027_fit,619,0,154,1ed10567f36af29008a2ac82396726f640d41fef481c613b179965ba4c0f3357,,2532e26fb700043fb00be5563b5a05cec055c578bb4087be1553811276c8184f,True
repeated:v4:0,outer_t016_selection,619,0,154,1ed10567f36af29008a2ac82396726f640d41fef481c613b179965ba4c0f3357,,2532e26fb700043fb00be5563b5a05cec055c578bb4087be1553811276c8184f,True
repeated:v4:0,inner_t025_fit,463,156,154,a466bf19906bf8bf5d86c9b7c7bfddf6abb8aeee34f92fa1472e9d2f862b389f,93333814178e8c359596f4591459ba87a700758357a91392d7db4b8a475a30e4,2532e26fb700043fb00be5563b5a05cec055c578bb4087be1553811276c8184f,True
repeated:v4:0,inner_t027_fit,463,156,154,a466bf19906bf8bf5d86c9b7c7bfddf6abb8aeee34f92fa1472e9d2f862b389f,93333814178e8c359596f4591459ba87a700758357a91392d7db4b8a475a30e4,2532e26fb700043fb00be5563b5a05cec055c578bb4087be1553811276c8184f,True
repeated:v4:0,inner_t016_selection,463,156,154,a466bf19906bf8bf5d86c9b7c7bfddf6abb8aeee34f92fa1472e9d2f862b389f,93333814178e8c359596f4591459ba87a700758357a91392d7db4b8a475a30e4,2532e26fb700043fb00be5563b5a05cec055c578bb4087be1553811276c8184f,True
repeated:v4:0,inner_t025_fit,466,153,154,c2b3fa8e39230e9a8759a3128c482f7a0dc644ae9cd52f2b83769abe2824724a,ba10abee65c0374139d6853509c5ab030f95949bae7730d07103deee2b4be3cd,2532e26fb700043fb00be5563b5a05cec055c578bb4087be1553811276c8184f,True
repeated:v4:0,inner_t027_fit,466,153,154,c2b3fa8e39230e9a8759a3128c482f7a0dc644ae9cd52f2b83769abe2824724a,ba10abee65c0374139d6853509c5ab030f95949bae7730d07103deee2b4be3cd,2532e26fb700043fb00be5563b5a05cec055c578bb4087be1553811276c8184f,True
repeated:v4:0,inner_t016_selection,466,153,154,c2b3fa8e39230e9a8759a3128c482f7a0dc644ae9cd52f2b83769abe2824724a,ba10abee65c0374139d6853509c5ab030f95949bae7730d07103deee2b4be3cd,2532e26fb700043fb00be5563b5a05cec055c578bb4087be1553811276c8184f,True
repeated:v4:0,inner_t025_fit,467,152,154,65dfdf99ba520a4b42da6de17e9b47d24867a4d23053167e561371ffd6e64010,d4cd21a8f6a8506c130200de6bd29259213dd77bfceecb308ab5a3dc429671e2,2532e26fb700043fb00be5563b5a05cec055c578bb4087be1553811276c8184f,True
repeated:v4:0,inner_t027_fit,467,152,154,65dfdf99ba520a4b42da6de17e9b47d24867a4d23053167e561371ffd6e64010,d4cd21a8f6a8506c130200de6bd29259213dd77bfceecb308ab5a3dc429671e2,2532e26fb700043fb00be5563b5a05cec055c578bb4087be1553811276c8184f,True
repeated:v4:0,inner_t016_selection,467,152,154,65dfdf99ba520a4b42da6de17e9b47d24867a4d23053167e561371ffd6e64010,d4cd21a8f6a8506c130200de6bd29259213dd77bfceecb308ab5a3dc429671e2,2532e26fb700043fb00be5563b5a05cec055c578bb4087be1553811276c8184f,True
repeated:v4:0,inner_t025_fit,461,158,154,44daab9542e71bdd3003d4786413c486ac9a5a2ff39766783c7268d8d793da73,df4713625898ee5bf28d4886701325825686788eae4e78c2558f3fce1c74a41d,2532e26fb700043fb00be5563b5a05cec055c578bb4087be1553811276c8184f,True
repeated:v4:0,inner_t027_fit,461,158,154,44daab9542e71bdd3003d4786413c486ac9a5a2ff39766783c7268d8d793da73,df4713625898ee5bf28d4886701325825686788eae4e78c2558f3fce1c74a41d,2532e26fb700043fb00be5563b5a05cec055c578bb4087be1553811276c8184f,True
repeated:v4:0,inner_t016_selection,461,158,154,44daab9542e71bdd3003d4786413c486ac9a5a2ff39766783c7268d8d793da73,df4713625898ee5bf28d4886701325825686788eae4e78c2558f3fce1c74a41d,2532e26fb700043fb00be5563b5a05cec055c578bb4087be1553811276c8184f,True
repeated:v4:1,outer_t025_fit,617,0,156,db50438f26e0ced050b88bd29efa4e408554763b8222f638dfe9985a65456e5e,,93333814178e8c359596f4591459ba87a700758357a91392d7db4b8a475a30e4,True
repeated:v4:1,outer_t027_fit,617,0,156,db50438f26e0ced050b88bd29efa4e408554763b8222f638dfe9985a65456e5e,,93333814178e8c359596f4591459ba87a700758357a91392d7db4b8a475a30e4,True
repeated:v4:1,outer_t016_selection,617,0,156,db50438f26e0ced050b88bd29efa4e408554763b8222f638dfe9985a65456e5e,,93333814178e8c359596f4591459ba87a700758357a91392d7db4b8a475a30e4,True
repeated:v4:1,inner_t025_fit,463,154,156,a466bf19906bf8bf5d86c9b7c7bfddf6abb8aeee34f92fa1472e9d2f862b389f,2532e26fb700043fb00be5563b5a05cec055c578bb4087be1553811276c8184f,93333814178e8c359596f4591459ba87a700758357a91392d7db4b8a475a30e4,True
repeated:v4:1,inner_t027_fit,463,154,156,a466bf19906bf8bf5d86c9b7c7bfddf6abb8aeee34f92fa1472e9d2f862b389f,2532e26fb700043fb00be5563b5a05cec055c578bb4087be1553811276c8184f,93333814178e8c359596f4591459ba87a700758357a91392d7db4b8a475a30e4,True
repeated:v4:1,inner_t016_selection,463,154,156,a466bf19906bf8bf5d86c9b7c7bfddf6abb8aeee34f92fa1472e9d2f862b389f,2532e26fb700043fb00be5563b5a05cec055c578bb4087be1553811276c8184f,93333814178e8c359596f4591459ba87a700758357a91392d7db4b8a475a30e4,True
repeated:v4:1,inner_t025_fit,464,153,156,464124b670457669e10b1cf680babee081db5cea71892d529ee167e772d33436,ba10abee65c0374139d6853509c5ab030f95949bae7730d07103deee2b4be3cd,93333814178e8c359596f4591459ba87a700758357a91392d7db4b8a475a30e4,True
repeated:v4:1,inner_t027_fit,464,153,156,464124b670457669e10b1cf680babee081db5cea71892d529ee167e772d33436,ba10abee65c0374139d6853509c5ab030f95949bae7730d07103deee2b4be3cd,93333814178e8c359596f4591459ba87a700758357a91392d7db4b8a475a30e4,True
repeated:v4:1,inner_t016_selection,464,153,156,464124b670457669e10b1cf680babee081db5cea71892d529ee167e772d33436,ba10abee65c0374139d6853509c5ab030f95949bae7730d07103deee2b4be3cd,93333814178e8c359596f4591459ba87a700758357a91392d7db4b8a475a30e4,True
repeated:v4:1,inner_t025_fit,465,152,156,ff9b6f3ed129652e3dde15ecf509278afc8818b104c2a7e0d73ed501b303e3ff,d4cd21a8f6a8506c130200de6bd29259213dd77bfceecb308ab5a3dc429671e2,93333814178e8c359596f4591459ba87a700758357a91392d7db4b8a475a30e4,True
repeated:v4:1,inner_t027_fit,465,152,156,ff9b6f3ed129652e3dde15ecf509278afc8818b104c2a7e0d73ed501b303e3ff,d4cd21a8f6a8506c130200de6bd29259213dd77bfceecb308ab5a3dc429671e2,93333814178e8c359596f4591459ba87a700758357a91392d7db4b8a475a30e4,True
repeated:v4:1,inner_t016_selection,465,152,156,ff9b6f3ed129652e3dde15ecf509278afc8818b104c2a7e0d73ed501b303e3ff,d4cd21a8f6a8506c130200de6bd29259213dd77bfceecb308ab5a3dc429671e2,93333814178e8c359596f4591459ba87a700758357a91392d7db4b8a475a30e4,True
repeated:v4:1,inner_t025_fit,459,158,156,87cf5479d28c2ad38dc4e3253a75063764b53631774dc4dfea547ed70b317116,df4713625898ee5bf28d4886701325825686788eae4e78c2558f3fce1c74a41d,93333814178e8c359596f4591459ba87a700758357a91392d7db4b8a475a30e4,True
repeated:v4:1,inner_t027_fit,459,158,156,87cf5479d28c2ad38dc4e3253a75063764b53631774dc4dfea547ed70b317116,df4713625898ee5bf28d4886701325825686788eae4e78c2558f3fce1c74a41d,93333814178e8c359596f4591459ba87a700758357a91392d7db4b8a475a30e4,True
repeated:v4:1,inner_t016_selection,459,158,156,87cf5479d28c2ad38dc4e3253a75063764b53631774dc4dfea547ed70b317116,df4713625898ee5bf28d4886701325825686788eae4e78c2558f3fce1c74a41d,93333814178e8c359596f4591459ba87a700758357a91392d7db4b8a475a30e4,True
repeated:v4:2,outer_t025_fit,620,0,153,ab6c685ec2ac0da75eeed50e7249a87af439ff05c437f0e9c584503a6ce0edf1,,ba10abee65c0374139d6853509c5ab030f95949bae7730d07103deee2b4be3cd,True
repeated:v4:2,outer_t027_fit,620,0,153,ab6c685ec2ac0da75eeed50e7249a87af439ff05c437f0e9c584503a6ce0edf1,,ba10abee65c0374139d6853509c5ab030f95949bae7730d07103deee2b4be3cd,True
repeated:v4:2,outer_t016_selection,620,0,153,ab6c685ec2ac0da75eeed50e7249a87af439ff05c437f0e9c584503a6ce0edf1,,ba10abee65c0374139d6853509c5ab030f95949bae7730d07103deee2b4be3cd,True
repeated:v4:2,inner_t025_fit,466,154,153,c2b3fa8e39230e9a8759a3128c482f7a0dc644ae9cd52f2b83769abe2824724a,2532e26fb700043fb00be5563b5a05cec055c578bb4087be1553811276c8184f,ba10abee65c0374139d6853509c5ab030f95949bae7730d07103deee2b4be3cd,True
repeated:v4:2,inner_t027_fit,466,154,153,c2b3fa8e39230e9a8759a3128c482f7a0dc644ae9cd52f2b83769abe2824724a,2532e26fb700043fb00be5563b5a05cec055c578bb4087be1553811276c8184f,ba10abee65c0374139d6853509c5ab030f95949bae7730d07103deee2b4be3cd,True
repeated:v4:2,inner_t016_selection,466,154,153,c2b3fa8e39230e9a8759a3128c482f7a0dc644ae9cd52f2b83769abe2824724a,2532e26fb700043fb00be5563b5a05cec055c578bb4087be1553811276c8184f,ba10abee65c0374139d6853509c5ab030f95949bae7730d07103deee2b4be3cd,True
repeated:v4:2,inner_t025_fit,464,156,153,464124b670457669e10b1cf680babee081db5cea71892d529ee167e772d33436,93333814178e8c359596f4591459ba87a700758357a91392d7db4b8a475a30e4,ba10abee65c0374139d6853509c5ab030f95949bae7730d07103deee2b4be3cd,True
repeated:v4:2,inner_t027_fit,464,156,153,464124b670457669e10b1cf680babee081db5cea71892d529ee167e772d33436,93333814178e8c359596f4591459ba87a700758357a91392d7db4b8a475a30e4,ba10abee65c0374139d6853509c5ab030f95949bae7730d07103deee2b4be3cd,True
repeated:v4:2,inner_t016_selection,464,156,153,464124b670457669e10b1cf680babee081db5cea71892d529ee167e772d33436,93333814178e8c359596f4591459ba87a700758357a91392d7db4b8a475a30e4,ba10abee65c0374139d6853509c5ab030f95949bae7730d07103deee2b4be3cd,True
repeated:v4:2,inner_t025_fit,468,152,153,206637969b8ce7c97655aab1e1354738dcce49c30c4ddb918a56f53ed8c10d6b,d4cd21a8f6a8506c130200de6bd29259213dd77bfceecb308ab5a3dc429671e2,ba10abee65c0374139d6853509c5ab030f95949bae7730d07103deee2b4be3cd,True
repeated:v4:2,inner_t027_fit,468,152,153,206637969b8ce7c97655aab1e1354738dcce49c30c4ddb918a56f53ed8c10d6b,d4cd21a8f6a8506c130200de6bd29259213dd77bfceecb308ab5a3dc429671e2,ba10abee65c0374139d6853509c5ab030f95949bae7730d07103deee2b4be3cd,True
repeated:v4:2,inner_t016_selection,468,152,153,206637969b8ce7c97655aab1e1354738dcce49c30c4ddb918a56f53ed8c10d6b,d4cd21a8f6a8506c130200de6bd29259213dd77bfceecb308ab5a3dc429671e2,ba10abee65c0374139d6853509c5ab030f95949bae7730d07103deee2b4be3cd,True
repeated:v4:2,inner_t025_fit,462,158,153,d90e6c6556d35107d5554de80f5fe5fd08fb91cf21e2c163a922c36694c86cc7,df4713625898ee5bf28d4886701325825686788eae4e78c2558f3fce1c74a41d,ba10abee65c0374139d6853509c5ab030f95949bae7730d07103deee2b4be3cd,True
repeated:v4:2,inner_t027_fit,462,158,153,d90e6c6556d35107d5554de80f5fe5fd08fb91cf21e2c163a922c36694c86cc7,df4713625898ee5bf28d4886701325825686788eae4e78c2558f3fce1c74a41d,ba10abee65c0374139d6853509c5ab030f95949bae7730d07103deee2b4be3cd,True
repeated:v4:2,inner_t016_selection,462,158,153,d90e6c6556d35107d5554de80f5fe5fd08fb91cf21e2c163a922c36694c86cc7,df4713625898ee5bf28d4886701325825686788eae4e78c2558f3fce1c74a41d,ba10abee65c0374139d6853509c5ab030f95949bae7730d07103deee2b4be3cd,True
repeated:v4:3,outer_t025_fit,621,0,152,0d3b4054e341e5d37233369d3e03417ca5cc3ebaeb7901f6a132cf7b507418a3,,d4cd21a8f6a8506c130200de6bd29259213dd77bfceecb308ab5a3dc429671e2,True
repeated:v4:3,outer_t027_fit,621,0,152,0d3b4054e341e5d37233369d3e03417ca5cc3ebaeb7901f6a132cf7b507418a3,,d4cd21a8f6a8506c130200de6bd29259213dd77bfceecb308ab5a3dc429671e2,True
repeated:v4:3,outer_t016_selection,621,0,152,0d3b4054e341e5d37233369d3e03417ca5cc3ebaeb7901f6a132cf7b507418a3,,d4cd21a8f6a8506c130200de6bd29259213dd77bfceecb308ab5a3dc429671e2,True
repeated:v4:3,inner_t025_fit,467,154,152,65dfdf99ba520a4b42da6de17e9b47d24867a4d23053167e561371ffd6e64010,2532e26fb700043fb00be5563b5a05cec055c578bb4087be1553811276c8184f,d4cd21a8f6a8506c130200de6bd29259213dd77bfceecb308ab5a3dc429671e2,True
repeated:v4:3,inner_t027_fit,467,154,152,65dfdf99ba520a4b42da6de17e9b47d24867a4d23053167e561371ffd6e64010,2532e26fb700043fb00be5563b5a05cec055c578bb4087be1553811276c8184f,d4cd21a8f6a8506c130200de6bd29259213dd77bfceecb308ab5a3dc429671e2,True
repeated:v4:3,inner_t016_selection,467,154,152,65dfdf99ba520a4b42da6de17e9b47d24867a4d23053167e561371ffd6e64010,2532e26fb700043fb00be5563b5a05cec055c578bb4087be1553811276c8184f,d4cd21a8f6a8506c130200de6bd29259213dd77bfceecb308ab5a3dc429671e2,True
repeated:v4:3,inner_t025_fit,465,156,152,ff9b6f3ed129652e3dde15ecf509278afc8818b104c2a7e0d73ed501b303e3ff,93333814178e8c359596f4591459ba87a700758357a91392d7db4b8a475a30e4,d4cd21a8f6a8506c130200de6bd29259213dd77bfceecb308ab5a3dc429671e2,True
repeated:v4:3,inner_t027_fit,465,156,152,ff9b6f3ed129652e3dde15ecf509278afc8818b104c2a7e0d73ed501b303e3ff,93333814178e8c359596f4591459ba87a700758357a91392d7db4b8a475a30e4,d4cd21a8f6a8506c130200de6bd29259213dd77bfceecb308ab5a3dc429671e2,True
repeated:v4:3,inner_t016_selection,465,156,152,ff9b6f3ed129652e3dde15ecf509278afc8818b104c2a7e0d73ed501b303e3ff,93333814178e8c359596f4591459ba87a700758357a91392d7db4b8a475a30e4,d4cd21a8f6a8506c130200de6bd29259213dd77bfceecb308ab5a3dc429671e2,True
repeated:v4:3,inner_t025_fit,468,153,152,206637969b8ce7c97655aab1e1354738dcce49c30c4ddb918a56f53ed8c10d6b,ba10abee65c0374139d6853509c5ab030f95949bae7730d07103deee2b4be3cd,d4cd21a8f6a8506c130200de6bd29259213dd77bfceecb308ab5a3dc429671e2,True
repeated:v4:3,inner_t027_fit,468,153,152,206637969b8ce7c97655aab1e1354738dcce49c30c4ddb918a56f53ed8c10d6b,ba10abee65c0374139d6853509c5ab030f95949bae7730d07103deee2b4be3cd,d4cd21a8f6a8506c130200de6bd29259213dd77bfceecb308ab5a3dc429671e2,True
repeated:v4:3,inner_t016_selection,468,153,152,206637969b8ce7c97655aab1e1354738dcce49c30c4ddb918a56f53ed8c10d6b,ba10abee65c0374139d6853509c5ab030f95949bae7730d07103deee2b4be3cd,d4cd21a8f6a8506c130200de6bd29259213dd77bfceecb308ab5a3dc429671e2,True
repeated:v4:3,inner_t025_fit,463,158,152,6e3eb2efb7c935d7c68424fde6e055d85ad7ce6d04f03fba83185b03fc98198c,df4713625898ee5bf28d4886701325825686788eae4e78c2558f3fce1c74a41d,d4cd21a8f6a8506c130200de6bd29259213dd77bfceecb308ab5a3dc429671e2,True
repeated:v4:3,inner_t027_fit,463,158,152,6e3eb2efb7c935d7c68424fde6e055d85ad7ce6d04f03fba83185b03fc98198c,df4713625898ee5bf28d4886701325825686788eae4e78c2558f3fce1c74a41d,d4cd21a8f6a8506c130200de6bd29259213dd77bfceecb308ab5a3dc429671e2,True
repeated:v4:3,inner_t016_selection,463,158,152,6e3eb2efb7c935d7c68424fde6e055d85ad7ce6d04f03fba83185b03fc98198c,df4713625898ee5bf28d4886701325825686788eae4e78c2558f3fce1c74a41d,d4cd21a8f6a8506c130200de6bd29259213dd77bfceecb308ab5a3dc429671e2,True
repeated:v4:4,outer_t025_fit,615,0,158,2062e7565e69cc43fe01f816ade15c4619f0505641de1e6e25e882bf79bff8e9,,df4713625898ee5bf28d4886701325825686788eae4e78c2558f3fce1c74a41d,True
repeated:v4:4,outer_t027_fit,615,0,158,2062e7565e69cc43fe01f816ade15c4619f0505641de1e6e25e882bf79bff8e9,,df4713625898ee5bf28d4886701325825686788eae4e78c2558f3fce1c74a41d,True
repeated:v4:4,outer_t016_selection,615,0,158,2062e7565e69cc43fe01f816ade15c4619f0505641de1e6e25e882bf79bff8e9,,df4713625898ee5bf28d4886701325825686788eae4e78c2558f3fce1c74a41d,True
repeated:v4:4,inner_t025_fit,461,154,158,44daab9542e71bdd3003d4786413c486ac9a5a2ff39766783c7268d8d793da73,2532e26fb700043fb00be5563b5a05cec055c578bb4087be1553811276c8184f,df4713625898ee5bf28d4886701325825686788eae4e78c2558f3fce1c74a41d,True
repeated:v4:4,inner_t027_fit,461,154,158,44daab9542e71bdd3003d4786413c486ac9a5a2ff39766783c7268d8d793da73,2532e26fb700043fb00be5563b5a05cec055c578bb4087be1553811276c8184f,df4713625898ee5bf28d4886701325825686788eae4e78c2558f3fce1c74a41d,True
repeated:v4:4,inner_t016_selection,461,154,158,44daab9542e71bdd3003d4786413c486ac9a5a2ff39766783c7268d8d793da73,2532e26fb700043fb00be5563b5a05cec055c578bb4087be1553811276c8184f,df4713625898ee5bf28d4886701325825686788eae4e78c2558f3fce1c74a41d,True
repeated:v4:4,inner_t025_fit,459,156,158,87cf5479d28c2ad38dc4e3253a75063764b53631774dc4dfea547ed70b317116,93333814178e8c359596f4591459ba87a700758357a91392d7db4b8a475a30e4,df4713625898ee5bf28d4886701325825686788eae4e78c2558f3fce1c74a41d,True
repeated:v4:4,inner_t027_fit,459,156,158,87cf5479d28c2ad38dc4e3253a75063764b53631774dc4dfea547ed70b317116,93333814178e8c359596f4591459ba87a700758357a91392d7db4b8a475a30e4,df4713625898ee5bf28d4886701325825686788eae4e78c2558f3fce1c74a41d,True
repeated:v4:4,inner_t016_selection,459,156,158,87cf5479d28c2ad38dc4e3253a75063764b53631774dc4dfea547ed70b317116,93333814178e8c359596f4591459ba87a700758357a91392d7db4b8a475a30e4,df4713625898ee5bf28d4886701325825686788eae4e78c2558f3fce1c74a41d,True
repeated:v4:4,inner_t025_fit,462,153,158,d90e6c6556d35107d5554de80f5fe5fd08fb91cf21e2c163a922c36694c86cc7,ba10abee65c0374139d6853509c5ab030f95949bae7730d07103deee2b4be3cd,df4713625898ee5bf28d4886701325825686788eae4e78c2558f3fce1c74a41d,True
repeated:v4:4,inner_t027_fit,462,153,158,d90e6c6556d35107d5554de80f5fe5fd08fb91cf21e2c163a922c36694c86cc7,ba10abee65c0374139d6853509c5ab030f95949bae7730d07103deee2b4be3cd,df4713625898ee5bf28d4886701325825686788eae4e78c2558f3fce1c74a41d,True
repeated:v4:4,inner_t016_selection,462,153,158,d90e6c6556d35107d5554de80f5fe5fd08fb91cf21e2c163a922c36694c86cc7,ba10abee65c0374139d6853509c5ab030f95949bae7730d07103deee2b4be3cd,df4713625898ee5bf28d4886701325825686788eae4e78c2558f3fce1c74a41d,True
repeated:v4:4,inner_t025_fit,463,152,158,6e3eb2efb7c935d7c68424fde6e055d85ad7ce6d04f03fba83185b03fc98198c,d4cd21a8f6a8506c130200de6bd29259213dd77bfceecb308ab5a3dc429671e2,df4713625898ee5bf28d4886701325825686788eae4e78c2558f3fce1c74a41d,True
repeated:v4:4,inner_t027_fit,463,152,158,6e3eb2efb7c935d7c68424fde6e055d85ad7ce6d04f03fba83185b03fc98198c,d4cd21a8f6a8506c130200de6bd29259213dd77bfceecb308ab5a3dc429671e2,df4713625898ee5bf28d4886701325825686788eae4e78c2558f3fce1c74a41d,True
repeated:v4:4,inner_t016_selection,463,152,158,6e3eb2efb7c935d7c68424fde6e055d85ad7ce6d04f03fba83185b03fc98198c,d4cd21a8f6a8506c130200de6bd29259213dd77bfceecb308ab5a3dc429671e2,df4713625898ee5bf28d4886701325825686788eae4e78c2558f3fce1c74a41d,True
repeated:v5:0,outer_t025_fit,620,0,153,ff90d49e6aa176e314d1ca2544b57fad68ec5442a08ff82a78060c4dd2b57cfd,,88b933452148abb5e0bcaf1a18f1b03f814930d3ee84d5a5ba2127c2c94fc371,True
repeated:v5:0,outer_t027_fit,620,0,153,ff90d49e6aa176e314d1ca2544b57fad68ec5442a08ff82a78060c4dd2b57cfd,,88b933452148abb5e0bcaf1a18f1b03f814930d3ee84d5a5ba2127c2c94fc371,True
repeated:v5:0,outer_t016_selection,620,0,153,ff90d49e6aa176e314d1ca2544b57fad68ec5442a08ff82a78060c4dd2b57cfd,,88b933452148abb5e0bcaf1a18f1b03f814930d3ee84d5a5ba2127c2c94fc371,True
repeated:v5:0,inner_t025_fit,463,157,153,f0028130ad2a67bd9fc78a6a40dcb3e6ec6144df3a6e798c97a913a255bf2fdc,0cb3de84546157df9c913bdf498e75dad4a018271d1d519ffa4a57ed397a010f,88b933452148abb5e0bcaf1a18f1b03f814930d3ee84d5a5ba2127c2c94fc371,True
repeated:v5:0,inner_t027_fit,463,157,153,f0028130ad2a67bd9fc78a6a40dcb3e6ec6144df3a6e798c97a913a255bf2fdc,0cb3de84546157df9c913bdf498e75dad4a018271d1d519ffa4a57ed397a010f,88b933452148abb5e0bcaf1a18f1b03f814930d3ee84d5a5ba2127c2c94fc371,True
repeated:v5:0,inner_t016_selection,463,157,153,f0028130ad2a67bd9fc78a6a40dcb3e6ec6144df3a6e798c97a913a255bf2fdc,0cb3de84546157df9c913bdf498e75dad4a018271d1d519ffa4a57ed397a010f,88b933452148abb5e0bcaf1a18f1b03f814930d3ee84d5a5ba2127c2c94fc371,True
repeated:v5:0,inner_t025_fit,461,159,153,0fac30f4f5c3944f6bc1b105c2696bf299ca606ccad8a788ec0d8907e5ac54be,555a6729599ca795e3ada4dae6524c4b4c6b2396f72f998e2292848c3c1891a7,88b933452148abb5e0bcaf1a18f1b03f814930d3ee84d5a5ba2127c2c94fc371,True
repeated:v5:0,inner_t027_fit,461,159,153,0fac30f4f5c3944f6bc1b105c2696bf299ca606ccad8a788ec0d8907e5ac54be,555a6729599ca795e3ada4dae6524c4b4c6b2396f72f998e2292848c3c1891a7,88b933452148abb5e0bcaf1a18f1b03f814930d3ee84d5a5ba2127c2c94fc371,True
repeated:v5:0,inner_t016_selection,461,159,153,0fac30f4f5c3944f6bc1b105c2696bf299ca606ccad8a788ec0d8907e5ac54be,555a6729599ca795e3ada4dae6524c4b4c6b2396f72f998e2292848c3c1891a7,88b933452148abb5e0bcaf1a18f1b03f814930d3ee84d5a5ba2127c2c94fc371,True
repeated:v5:0,inner_t025_fit,469,151,153,dc221ca95c1f8f958270d992a0938a355f597cc8521b15bacd4a36ca090c0ef6,937aa5685e72bce47e29b2d93e42b7e29fed80eca57221caf5064b500c10b342,88b933452148abb5e0bcaf1a18f1b03f814930d3ee84d5a5ba2127c2c94fc371,True
repeated:v5:0,inner_t027_fit,469,151,153,dc221ca95c1f8f958270d992a0938a355f597cc8521b15bacd4a36ca090c0ef6,937aa5685e72bce47e29b2d93e42b7e29fed80eca57221caf5064b500c10b342,88b933452148abb5e0bcaf1a18f1b03f814930d3ee84d5a5ba2127c2c94fc371,True
repeated:v5:0,inner_t016_selection,469,151,153,dc221ca95c1f8f958270d992a0938a355f597cc8521b15bacd4a36ca090c0ef6,937aa5685e72bce47e29b2d93e42b7e29fed80eca57221caf5064b500c10b342,88b933452148abb5e0bcaf1a18f1b03f814930d3ee84d5a5ba2127c2c94fc371,True
repeated:v5:0,inner_t025_fit,467,153,153,9382812fb62fa2c2a9e982655cd73ecb6f20cb631bd3857645befe93a5fdb0a6,42363d505ac21e0acd8d670f19c74bc5939f72b0b6f632b7c9a46e9f5d4b52e7,88b933452148abb5e0bcaf1a18f1b03f814930d3ee84d5a5ba2127c2c94fc371,True
repeated:v5:0,inner_t027_fit,467,153,153,9382812fb62fa2c2a9e982655cd73ecb6f20cb631bd3857645befe93a5fdb0a6,42363d505ac21e0acd8d670f19c74bc5939f72b0b6f632b7c9a46e9f5d4b52e7,88b933452148abb5e0bcaf1a18f1b03f814930d3ee84d5a5ba2127c2c94fc371,True
repeated:v5:0,inner_t016_selection,467,153,153,9382812fb62fa2c2a9e982655cd73ecb6f20cb631bd3857645befe93a5fdb0a6,42363d505ac21e0acd8d670f19c74bc5939f72b0b6f632b7c9a46e9f5d4b52e7,88b933452148abb5e0bcaf1a18f1b03f814930d3ee84d5a5ba2127c2c94fc371,True
repeated:v5:1,outer_t025_fit,616,0,157,df0dc2edbe4bf492b13cea43cfb34cd7a4db11e6f12ee9ff6bb927d412627826,,0cb3de84546157df9c913bdf498e75dad4a018271d1d519ffa4a57ed397a010f,True
repeated:v5:1,outer_t027_fit,616,0,157,df0dc2edbe4bf492b13cea43cfb34cd7a4db11e6f12ee9ff6bb927d412627826,,0cb3de84546157df9c913bdf498e75dad4a018271d1d519ffa4a57ed397a010f,True
repeated:v5:1,outer_t016_selection,616,0,157,df0dc2edbe4bf492b13cea43cfb34cd7a4db11e6f12ee9ff6bb927d412627826,,0cb3de84546157df9c913bdf498e75dad4a018271d1d519ffa4a57ed397a010f,True
repeated:v5:1,inner_t025_fit,463,153,157,f0028130ad2a67bd9fc78a6a40dcb3e6ec6144df3a6e798c97a913a255bf2fdc,88b933452148abb5e0bcaf1a18f1b03f814930d3ee84d5a5ba2127c2c94fc371,0cb3de84546157df9c913bdf498e75dad4a018271d1d519ffa4a57ed397a010f,True
repeated:v5:1,inner_t027_fit,463,153,157,f0028130ad2a67bd9fc78a6a40dcb3e6ec6144df3a6e798c97a913a255bf2fdc,88b933452148abb5e0bcaf1a18f1b03f814930d3ee84d5a5ba2127c2c94fc371,0cb3de84546157df9c913bdf498e75dad4a018271d1d519ffa4a57ed397a010f,True
repeated:v5:1,inner_t016_selection,463,153,157,f0028130ad2a67bd9fc78a6a40dcb3e6ec6144df3a6e798c97a913a255bf2fdc,88b933452148abb5e0bcaf1a18f1b03f814930d3ee84d5a5ba2127c2c94fc371,0cb3de84546157df9c913bdf498e75dad4a018271d1d519ffa4a57ed397a010f,True
repeated:v5:1,inner_t025_fit,457,159,157,323082e597cc9f803ca7d40383b5f6b0e641215a1c1158ec53fc83d5f7aa3313,555a6729599ca795e3ada4dae6524c4b4c6b2396f72f998e2292848c3c1891a7,0cb3de84546157df9c913bdf498e75dad4a018271d1d519ffa4a57ed397a010f,True
repeated:v5:1,inner_t027_fit,457,159,157,323082e597cc9f803ca7d40383b5f6b0e641215a1c1158ec53fc83d5f7aa3313,555a6729599ca795e3ada4dae6524c4b4c6b2396f72f998e2292848c3c1891a7,0cb3de84546157df9c913bdf498e75dad4a018271d1d519ffa4a57ed397a010f,True
repeated:v5:1,inner_t016_selection,457,159,157,323082e597cc9f803ca7d40383b5f6b0e641215a1c1158ec53fc83d5f7aa3313,555a6729599ca795e3ada4dae6524c4b4c6b2396f72f998e2292848c3c1891a7,0cb3de84546157df9c913bdf498e75dad4a018271d1d519ffa4a57ed397a010f,True
repeated:v5:1,inner_t025_fit,465,151,157,04e986ee06b9e67c83415aecd13395bedf5e5801f3869019469f4699f1a235df,937aa5685e72bce47e29b2d93e42b7e29fed80eca57221caf5064b500c10b342,0cb3de84546157df9c913bdf498e75dad4a018271d1d519ffa4a57ed397a010f,True
repeated:v5:1,inner_t027_fit,465,151,157,04e986ee06b9e67c83415aecd13395bedf5e5801f3869019469f4699f1a235df,937aa5685e72bce47e29b2d93e42b7e29fed80eca57221caf5064b500c10b342,0cb3de84546157df9c913bdf498e75dad4a018271d1d519ffa4a57ed397a010f,True
repeated:v5:1,inner_t016_selection,465,151,157,04e986ee06b9e67c83415aecd13395bedf5e5801f3869019469f4699f1a235df,937aa5685e72bce47e29b2d93e42b7e29fed80eca57221caf5064b500c10b342,0cb3de84546157df9c913bdf498e75dad4a018271d1d519ffa4a57ed397a010f,True
repeated:v5:1,inner_t025_fit,463,153,157,e2da6780549d30ee980fd91830d9b247f725d25bb13cf66d6465da342d7722fb,42363d505ac21e0acd8d670f19c74bc5939f72b0b6f632b7c9a46e9f5d4b52e7,0cb3de84546157df9c913bdf498e75dad4a018271d1d519ffa4a57ed397a010f,True
repeated:v5:1,inner_t027_fit,463,153,157,e2da6780549d30ee980fd91830d9b247f725d25bb13cf66d6465da342d7722fb,42363d505ac21e0acd8d670f19c74bc5939f72b0b6f632b7c9a46e9f5d4b52e7,0cb3de84546157df9c913bdf498e75dad4a018271d1d519ffa4a57ed397a010f,True
repeated:v5:1,inner_t016_selection,463,153,157,e2da6780549d30ee980fd91830d9b247f725d25bb13cf66d6465da342d7722fb,42363d505ac21e0acd8d670f19c74bc5939f72b0b6f632b7c9a46e9f5d4b52e7,0cb3de84546157df9c913bdf498e75dad4a018271d1d519ffa4a57ed397a010f,True
repeated:v5:2,outer_t025_fit,614,0,159,31b931fed119cd21a058816998b3256cbdcab1e7e4b7f67e80bb9a71fdbd4069,,555a6729599ca795e3ada4dae6524c4b4c6b2396f72f998e2292848c3c1891a7,True
repeated:v5:2,outer_t027_fit,614,0,159,31b931fed119cd21a058816998b3256cbdcab1e7e4b7f67e80bb9a71fdbd4069,,555a6729599ca795e3ada4dae6524c4b4c6b2396f72f998e2292848c3c1891a7,True
repeated:v5:2,outer_t016_selection,614,0,159,31b931fed119cd21a058816998b3256cbdcab1e7e4b7f67e80bb9a71fdbd4069,,555a6729599ca795e3ada4dae6524c4b4c6b2396f72f998e2292848c3c1891a7,True
repeated:v5:2,inner_t025_fit,461,153,159,0fac30f4f5c3944f6bc1b105c2696bf299ca606ccad8a788ec0d8907e5ac54be,88b933452148abb5e0bcaf1a18f1b03f814930d3ee84d5a5ba2127c2c94fc371,555a6729599ca795e3ada4dae6524c4b4c6b2396f72f998e2292848c3c1891a7,True
repeated:v5:2,inner_t027_fit,461,153,159,0fac30f4f5c3944f6bc1b105c2696bf299ca606ccad8a788ec0d8907e5ac54be,88b933452148abb5e0bcaf1a18f1b03f814930d3ee84d5a5ba2127c2c94fc371,555a6729599ca795e3ada4dae6524c4b4c6b2396f72f998e2292848c3c1891a7,True
repeated:v5:2,inner_t016_selection,461,153,159,0fac30f4f5c3944f6bc1b105c2696bf299ca606ccad8a788ec0d8907e5ac54be,88b933452148abb5e0bcaf1a18f1b03f814930d3ee84d5a5ba2127c2c94fc371,555a6729599ca795e3ada4dae6524c4b4c6b2396f72f998e2292848c3c1891a7,True
repeated:v5:2,inner_t025_fit,457,157,159,323082e597cc9f803ca7d40383b5f6b0e641215a1c1158ec53fc83d5f7aa3313,0cb3de84546157df9c913bdf498e75dad4a018271d1d519ffa4a57ed397a010f,555a6729599ca795e3ada4dae6524c4b4c6b2396f72f998e2292848c3c1891a7,True
repeated:v5:2,inner_t027_fit,457,157,159,323082e597cc9f803ca7d40383b5f6b0e641215a1c1158ec53fc83d5f7aa3313,0cb3de84546157df9c913bdf498e75dad4a018271d1d519ffa4a57ed397a010f,555a6729599ca795e3ada4dae6524c4b4c6b2396f72f998e2292848c3c1891a7,True
repeated:v5:2,inner_t016_selection,457,157,159,323082e597cc9f803ca7d40383b5f6b0e641215a1c1158ec53fc83d5f7aa3313,0cb3de84546157df9c913bdf498e75dad4a018271d1d519ffa4a57ed397a010f,555a6729599ca795e3ada4dae6524c4b4c6b2396f72f998e2292848c3c1891a7,True
repeated:v5:2,inner_t025_fit,463,151,159,90773e86960ddfebb701922540360b0c1cc813e808f41a4d9b166a35bce40479,937aa5685e72bce47e29b2d93e42b7e29fed80eca57221caf5064b500c10b342,555a6729599ca795e3ada4dae6524c4b4c6b2396f72f998e2292848c3c1891a7,True
repeated:v5:2,inner_t027_fit,463,151,159,90773e86960ddfebb701922540360b0c1cc813e808f41a4d9b166a35bce40479,937aa5685e72bce47e29b2d93e42b7e29fed80eca57221caf5064b500c10b342,555a6729599ca795e3ada4dae6524c4b4c6b2396f72f998e2292848c3c1891a7,True
repeated:v5:2,inner_t016_selection,463,151,159,90773e86960ddfebb701922540360b0c1cc813e808f41a4d9b166a35bce40479,937aa5685e72bce47e29b2d93e42b7e29fed80eca57221caf5064b500c10b342,555a6729599ca795e3ada4dae6524c4b4c6b2396f72f998e2292848c3c1891a7,True
repeated:v5:2,inner_t025_fit,461,153,159,28eec6bca520c6ce50dfc98a2052f30457420d385e6165e55e7bfc35de02292b,42363d505ac21e0acd8d670f19c74bc5939f72b0b6f632b7c9a46e9f5d4b52e7,555a6729599ca795e3ada4dae6524c4b4c6b2396f72f998e2292848c3c1891a7,True
repeated:v5:2,inner_t027_fit,461,153,159,28eec6bca520c6ce50dfc98a2052f30457420d385e6165e55e7bfc35de02292b,42363d505ac21e0acd8d670f19c74bc5939f72b0b6f632b7c9a46e9f5d4b52e7,555a6729599ca795e3ada4dae6524c4b4c6b2396f72f998e2292848c3c1891a7,True
repeated:v5:2,inner_t016_selection,461,153,159,28eec6bca520c6ce50dfc98a2052f30457420d385e6165e55e7bfc35de02292b,42363d505ac21e0acd8d670f19c74bc5939f72b0b6f632b7c9a46e9f5d4b52e7,555a6729599ca795e3ada4dae6524c4b4c6b2396f72f998e2292848c3c1891a7,True
repeated:v5:3,outer_t025_fit,622,0,151,c1b3b807e866ac4cf7cbb9b5d560caf6e7ee56e533f14d16abfb3ac5d3dc5743,,937aa5685e72bce47e29b2d93e42b7e29fed80eca57221caf5064b500c10b342,True
repeated:v5:3,outer_t027_fit,622,0,151,c1b3b807e866ac4cf7cbb9b5d560caf6e7ee56e533f14d16abfb3ac5d3dc5743,,937aa5685e72bce47e29b2d93e42b7e29fed80eca57221caf5064b500c10b342,True
repeated:v5:3,outer_t016_selection,622,0,151,c1b3b807e866ac4cf7cbb9b5d560caf6e7ee56e533f14d16abfb3ac5d3dc5743,,937aa5685e72bce47e29b2d93e42b7e29fed80eca57221caf5064b500c10b342,True
repeated:v5:3,inner_t025_fit,469,153,151,dc221ca95c1f8f958270d992a0938a355f597cc8521b15bacd4a36ca090c0ef6,88b933452148abb5e0bcaf1a18f1b03f814930d3ee84d5a5ba2127c2c94fc371,937aa5685e72bce47e29b2d93e42b7e29fed80eca57221caf5064b500c10b342,True
repeated:v5:3,inner_t027_fit,469,153,151,dc221ca95c1f8f958270d992a0938a355f597cc8521b15bacd4a36ca090c0ef6,88b933452148abb5e0bcaf1a18f1b03f814930d3ee84d5a5ba2127c2c94fc371,937aa5685e72bce47e29b2d93e42b7e29fed80eca57221caf5064b500c10b342,True
repeated:v5:3,inner_t016_selection,469,153,151,dc221ca95c1f8f958270d992a0938a355f597cc8521b15bacd4a36ca090c0ef6,88b933452148abb5e0bcaf1a18f1b03f814930d3ee84d5a5ba2127c2c94fc371,937aa5685e72bce47e29b2d93e42b7e29fed80eca57221caf5064b500c10b342,True
repeated:v5:3,inner_t025_fit,465,157,151,04e986ee06b9e67c83415aecd13395bedf5e5801f3869019469f4699f1a235df,0cb3de84546157df9c913bdf498e75dad4a018271d1d519ffa4a57ed397a010f,937aa5685e72bce47e29b2d93e42b7e29fed80eca57221caf5064b500c10b342,True
repeated:v5:3,inner_t027_fit,465,157,151,04e986ee06b9e67c83415aecd13395bedf5e5801f3869019469f4699f1a235df,0cb3de84546157df9c913bdf498e75dad4a018271d1d519ffa4a57ed397a010f,937aa5685e72bce47e29b2d93e42b7e29fed80eca57221caf5064b500c10b342,True
repeated:v5:3,inner_t016_selection,465,157,151,04e986ee06b9e67c83415aecd13395bedf5e5801f3869019469f4699f1a235df,0cb3de84546157df9c913bdf498e75dad4a018271d1d519ffa4a57ed397a010f,937aa5685e72bce47e29b2d93e42b7e29fed80eca57221caf5064b500c10b342,True
repeated:v5:3,inner_t025_fit,463,159,151,90773e86960ddfebb701922540360b0c1cc813e808f41a4d9b166a35bce40479,555a6729599ca795e3ada4dae6524c4b4c6b2396f72f998e2292848c3c1891a7,937aa5685e72bce47e29b2d93e42b7e29fed80eca57221caf5064b500c10b342,True
repeated:v5:3,inner_t027_fit,463,159,151,90773e86960ddfebb701922540360b0c1cc813e808f41a4d9b166a35bce40479,555a6729599ca795e3ada4dae6524c4b4c6b2396f72f998e2292848c3c1891a7,937aa5685e72bce47e29b2d93e42b7e29fed80eca57221caf5064b500c10b342,True
repeated:v5:3,inner_t016_selection,463,159,151,90773e86960ddfebb701922540360b0c1cc813e808f41a4d9b166a35bce40479,555a6729599ca795e3ada4dae6524c4b4c6b2396f72f998e2292848c3c1891a7,937aa5685e72bce47e29b2d93e42b7e29fed80eca57221caf5064b500c10b342,True
repeated:v5:3,inner_t025_fit,469,153,151,412ac6a5495c127dcef4ee2aee9a18f060be6789f1d8ff4924c9db0836f44266,42363d505ac21e0acd8d670f19c74bc5939f72b0b6f632b7c9a46e9f5d4b52e7,937aa5685e72bce47e29b2d93e42b7e29fed80eca57221caf5064b500c10b342,True
repeated:v5:3,inner_t027_fit,469,153,151,412ac6a5495c127dcef4ee2aee9a18f060be6789f1d8ff4924c9db0836f44266,42363d505ac21e0acd8d670f19c74bc5939f72b0b6f632b7c9a46e9f5d4b52e7,937aa5685e72bce47e29b2d93e42b7e29fed80eca57221caf5064b500c10b342,True
repeated:v5:3,inner_t016_selection,469,153,151,412ac6a5495c127dcef4ee2aee9a18f060be6789f1d8ff4924c9db0836f44266,42363d505ac21e0acd8d670f19c74bc5939f72b0b6f632b7c9a46e9f5d4b52e7,937aa5685e72bce47e29b2d93e42b7e29fed80eca57221caf5064b500c10b342,True
repeated:v5:4,outer_t025_fit,620,0,153,fe255dd3b8bfe999ce72b9fe70718527f90665cde42186af2445e7a48c2a0c96,,42363d505ac21e0acd8d670f19c74bc5939f72b0b6f632b7c9a46e9f5d4b52e7,True
repeated:v5:4,outer_t027_fit,620,0,153,fe255dd3b8bfe999ce72b9fe70718527f90665cde42186af2445e7a48c2a0c96,,42363d505ac21e0acd8d670f19c74bc5939f72b0b6f632b7c9a46e9f5d4b52e7,True
repeated:v5:4,outer_t016_selection,620,0,153,fe255dd3b8bfe999ce72b9fe70718527f90665cde42186af2445e7a48c2a0c96,,42363d505ac21e0acd8d670f19c74bc5939f72b0b6f632b7c9a46e9f5d4b52e7,True
repeated:v5:4,inner_t025_fit,467,153,153,9382812fb62fa2c2a9e982655cd73ecb6f20cb631bd3857645befe93a5fdb0a6,88b933452148abb5e0bcaf1a18f1b03f814930d3ee84d5a5ba2127c2c94fc371,42363d505ac21e0acd8d670f19c74bc5939f72b0b6f632b7c9a46e9f5d4b52e7,True
repeated:v5:4,inner_t027_fit,467,153,153,9382812fb62fa2c2a9e982655cd73ecb6f20cb631bd3857645befe93a5fdb0a6,88b933452148abb5e0bcaf1a18f1b03f814930d3ee84d5a5ba2127c2c94fc371,42363d505ac21e0acd8d670f19c74bc5939f72b0b6f632b7c9a46e9f5d4b52e7,True
repeated:v5:4,inner_t016_selection,467,153,153,9382812fb62fa2c2a9e982655cd73ecb6f20cb631bd3857645befe93a5fdb0a6,88b933452148abb5e0bcaf1a18f1b03f814930d3ee84d5a5ba2127c2c94fc371,42363d505ac21e0acd8d670f19c74bc5939f72b0b6f632b7c9a46e9f5d4b52e7,True
repeated:v5:4,inner_t025_fit,463,157,153,e2da6780549d30ee980fd91830d9b247f725d25bb13cf66d6465da342d7722fb,0cb3de84546157df9c913bdf498e75dad4a018271d1d519ffa4a57ed397a010f,42363d505ac21e0acd8d670f19c74bc5939f72b0b6f632b7c9a46e9f5d4b52e7,True
repeated:v5:4,inner_t027_fit,463,157,153,e2da6780549d30ee980fd91830d9b247f725d25bb13cf66d6465da342d7722fb,0cb3de84546157df9c913bdf498e75dad4a018271d1d519ffa4a57ed397a010f,42363d505ac21e0acd8d670f19c74bc5939f72b0b6f632b7c9a46e9f5d4b52e7,True
repeated:v5:4,inner_t016_selection,463,157,153,e2da6780549d30ee980fd91830d9b247f725d25bb13cf66d6465da342d7722fb,0cb3de84546157df9c913bdf498e75dad4a018271d1d519ffa4a57ed397a010f,42363d505ac21e0acd8d670f19c74bc5939f72b0b6f632b7c9a46e9f5d4b52e7,True
repeated:v5:4,inner_t025_fit,461,159,153,28eec6bca520c6ce50dfc98a2052f30457420d385e6165e55e7bfc35de02292b,555a6729599ca795e3ada4dae6524c4b4c6b2396f72f998e2292848c3c1891a7,42363d505ac21e0acd8d670f19c74bc5939f72b0b6f632b7c9a46e9f5d4b52e7,True
repeated:v5:4,inner_t027_fit,461,159,153,28eec6bca520c6ce50dfc98a2052f30457420d385e6165e55e7bfc35de02292b,555a6729599ca795e3ada4dae6524c4b4c6b2396f72f998e2292848c3c1891a7,42363d505ac21e0acd8d670f19c74bc5939f72b0b6f632b7c9a46e9f5d4b52e7,True
repeated:v5:4,inner_t016_selection,461,159,153,28eec6bca520c6ce50dfc98a2052f30457420d385e6165e55e7bfc35de02292b,555a6729599ca795e3ada4dae6524c4b4c6b2396f72f998e2292848c3c1891a7,42363d505ac21e0acd8d670f19c74bc5939f72b0b6f632b7c9a46e9f5d4b52e7,True
repeated:v5:4,inner_t025_fit,469,151,153,412ac6a5495c127dcef4ee2aee9a18f060be6789f1d8ff4924c9db0836f44266,937aa5685e72bce47e29b2d93e42b7e29fed80eca57221caf5064b500c10b342,42363d505ac21e0acd8d670f19c74bc5939f72b0b6f632b7c9a46e9f5d4b52e7,True
repeated:v5:4,inner_t027_fit,469,151,153,412ac6a5495c127dcef4ee2aee9a18f060be6789f1d8ff4924c9db0836f44266,937aa5685e72bce47e29b2d93e42b7e29fed80eca57221caf5064b500c10b342,42363d505ac21e0acd8d670f19c74bc5939f72b0b6f632b7c9a46e9f5d4b52e7,True
repeated:v5:4,inner_t016_selection,469,151,153,412ac6a5495c127dcef4ee2aee9a18f060be6789f1d8ff4924c9db0836f44266,937aa5685e72bce47e29b2d93e42b7e29fed80eca57221caf5064b500c10b342,42363d505ac21e0acd8d670f19c74bc5939f72b0b6f632b7c9a46e9f5d4b52e7,True
spatial:0,outer_t025_fit,618,0,155,2dee5cd766981b4c6655afea3b89c0244f11a60ccffb833493c0cdfcec49c9fe,,866340b06ac43d03b71a2d5365a081dab327a32b7c476fbb7e342e8e4f9a0b15,True
spatial:0,outer_t027_fit,618,0,155,2dee5cd766981b4c6655afea3b89c0244f11a60ccffb833493c0cdfcec49c9fe,,866340b06ac43d03b71a2d5365a081dab327a32b7c476fbb7e342e8e4f9a0b15,True
spatial:0,outer_t016_selection,618,0,155,2dee5cd766981b4c6655afea3b89c0244f11a60ccffb833493c0cdfcec49c9fe,,866340b06ac43d03b71a2d5365a081dab327a32b7c476fbb7e342e8e4f9a0b15,True
spatial:0,inner_t025_fit,482,136,155,435feba626efe90682d84445c3d227cd3ed5115c4be4c3bdf695337853cbe2fd,d2befd5aeb56b6ef50021cfd89b77a7ec7183aa5d499f98c61db7da5b870cf1e,866340b06ac43d03b71a2d5365a081dab327a32b7c476fbb7e342e8e4f9a0b15,True
spatial:0,inner_t027_fit,482,136,155,435feba626efe90682d84445c3d227cd3ed5115c4be4c3bdf695337853cbe2fd,d2befd5aeb56b6ef50021cfd89b77a7ec7183aa5d499f98c61db7da5b870cf1e,866340b06ac43d03b71a2d5365a081dab327a32b7c476fbb7e342e8e4f9a0b15,True
spatial:0,inner_t016_selection,482,136,155,435feba626efe90682d84445c3d227cd3ed5115c4be4c3bdf695337853cbe2fd,d2befd5aeb56b6ef50021cfd89b77a7ec7183aa5d499f98c61db7da5b870cf1e,866340b06ac43d03b71a2d5365a081dab327a32b7c476fbb7e342e8e4f9a0b15,True
spatial:0,inner_t025_fit,491,127,155,e813afdca98e2ca7c7f43eb2d4a57e46830b13bdd870e8ae76d1fc70daf6430c,052b828b1145818b29752f5dc7469b4033118459c24669703f813a652c668518,866340b06ac43d03b71a2d5365a081dab327a32b7c476fbb7e342e8e4f9a0b15,True
spatial:0,inner_t027_fit,491,127,155,e813afdca98e2ca7c7f43eb2d4a57e46830b13bdd870e8ae76d1fc70daf6430c,052b828b1145818b29752f5dc7469b4033118459c24669703f813a652c668518,866340b06ac43d03b71a2d5365a081dab327a32b7c476fbb7e342e8e4f9a0b15,True
spatial:0,inner_t016_selection,491,127,155,e813afdca98e2ca7c7f43eb2d4a57e46830b13bdd870e8ae76d1fc70daf6430c,052b828b1145818b29752f5dc7469b4033118459c24669703f813a652c668518,866340b06ac43d03b71a2d5365a081dab327a32b7c476fbb7e342e8e4f9a0b15,True
spatial:0,inner_t025_fit,503,115,155,ee9068ca309b43ee9db2f5196ed38c1b739dbe4dfa86440c5212961e9addffbb,b2cb4d87a17a0bb9213fc8b4cd8a50315162a8fe70837e14c036bfcc2f40c482,866340b06ac43d03b71a2d5365a081dab327a32b7c476fbb7e342e8e4f9a0b15,True
spatial:0,inner_t027_fit,503,115,155,ee9068ca309b43ee9db2f5196ed38c1b739dbe4dfa86440c5212961e9addffbb,b2cb4d87a17a0bb9213fc8b4cd8a50315162a8fe70837e14c036bfcc2f40c482,866340b06ac43d03b71a2d5365a081dab327a32b7c476fbb7e342e8e4f9a0b15,True
spatial:0,inner_t016_selection,503,115,155,ee9068ca309b43ee9db2f5196ed38c1b739dbe4dfa86440c5212961e9addffbb,b2cb4d87a17a0bb9213fc8b4cd8a50315162a8fe70837e14c036bfcc2f40c482,866340b06ac43d03b71a2d5365a081dab327a32b7c476fbb7e342e8e4f9a0b15,True
spatial:0,inner_t025_fit,499,119,155,17cac4c529f0692f4102af5ebdcd64568f91cd30090ea4a1ba8a4fcbda4f0277,b06a87ba778e28ab35e35ac18a75ad12212391873d0c1fb014784c3a1977fdfc,866340b06ac43d03b71a2d5365a081dab327a32b7c476fbb7e342e8e4f9a0b15,True
spatial:0,inner_t027_fit,499,119,155,17cac4c529f0692f4102af5ebdcd64568f91cd30090ea4a1ba8a4fcbda4f0277,b06a87ba778e28ab35e35ac18a75ad12212391873d0c1fb014784c3a1977fdfc,866340b06ac43d03b71a2d5365a081dab327a32b7c476fbb7e342e8e4f9a0b15,True
spatial:0,inner_t016_selection,499,119,155,17cac4c529f0692f4102af5ebdcd64568f91cd30090ea4a1ba8a4fcbda4f0277,b06a87ba778e28ab35e35ac18a75ad12212391873d0c1fb014784c3a1977fdfc,866340b06ac43d03b71a2d5365a081dab327a32b7c476fbb7e342e8e4f9a0b15,True
spatial:0,inner_t025_fit,497,121,155,9ea8260685caa04fcf632407c5962ad6b2181e0f4f0bac555cd292cc711707de,6ab925e873d3896b3af55633f042a63ae0a4ab5115eda4cafad56fb0c7fa2c21,866340b06ac43d03b71a2d5365a081dab327a32b7c476fbb7e342e8e4f9a0b15,True
spatial:0,inner_t027_fit,497,121,155,9ea8260685caa04fcf632407c5962ad6b2181e0f4f0bac555cd292cc711707de,6ab925e873d3896b3af55633f042a63ae0a4ab5115eda4cafad56fb0c7fa2c21,866340b06ac43d03b71a2d5365a081dab327a32b7c476fbb7e342e8e4f9a0b15,True
spatial:0,inner_t016_selection,497,121,155,9ea8260685caa04fcf632407c5962ad6b2181e0f4f0bac555cd292cc711707de,6ab925e873d3896b3af55633f042a63ae0a4ab5115eda4cafad56fb0c7fa2c21,866340b06ac43d03b71a2d5365a081dab327a32b7c476fbb7e342e8e4f9a0b15,True
spatial:1,outer_t025_fit,618,0,155,07bc8d4c6562e8423f6b9566ce9d93c953e43b21d463c3348ee5ef0974823491,,82e996b073a796d02cba734673a51529aea690fa6f37a6a2e3ffa027794daabb,True
spatial:1,outer_t027_fit,618,0,155,07bc8d4c6562e8423f6b9566ce9d93c953e43b21d463c3348ee5ef0974823491,,82e996b073a796d02cba734673a51529aea690fa6f37a6a2e3ffa027794daabb,True
spatial:1,outer_t016_selection,618,0,155,07bc8d4c6562e8423f6b9566ce9d93c953e43b21d463c3348ee5ef0974823491,,82e996b073a796d02cba734673a51529aea690fa6f37a6a2e3ffa027794daabb,True
spatial:1,inner_t025_fit,497,121,155,94649443b19485334bf4534f9b1fd5c61c08fb07d0ca1eb4c29773bb1643d5e2,049487551693f53c72967935a5668e18bd840c871143cba1c6f8e35839b0a287,82e996b073a796d02cba734673a51529aea690fa6f37a6a2e3ffa027794daabb,True
spatial:1,inner_t027_fit,497,121,155,94649443b19485334bf4534f9b1fd5c61c08fb07d0ca1eb4c29773bb1643d5e2,049487551693f53c72967935a5668e18bd840c871143cba1c6f8e35839b0a287,82e996b073a796d02cba734673a51529aea690fa6f37a6a2e3ffa027794daabb,True
spatial:1,inner_t016_selection,497,121,155,94649443b19485334bf4534f9b1fd5c61c08fb07d0ca1eb4c29773bb1643d5e2,049487551693f53c72967935a5668e18bd840c871143cba1c6f8e35839b0a287,82e996b073a796d02cba734673a51529aea690fa6f37a6a2e3ffa027794daabb,True
spatial:1,inner_t025_fit,483,135,155,21058231a22e95808f1b5f692422502993759092afdc02cee172aad5be2f1952,50acd70c9398f53a62db8d454ff2e4d6115fb63878c6bc7674a8e3320f5efac8,82e996b073a796d02cba734673a51529aea690fa6f37a6a2e3ffa027794daabb,True
spatial:1,inner_t027_fit,483,135,155,21058231a22e95808f1b5f692422502993759092afdc02cee172aad5be2f1952,50acd70c9398f53a62db8d454ff2e4d6115fb63878c6bc7674a8e3320f5efac8,82e996b073a796d02cba734673a51529aea690fa6f37a6a2e3ffa027794daabb,True
spatial:1,inner_t016_selection,483,135,155,21058231a22e95808f1b5f692422502993759092afdc02cee172aad5be2f1952,50acd70c9398f53a62db8d454ff2e4d6115fb63878c6bc7674a8e3320f5efac8,82e996b073a796d02cba734673a51529aea690fa6f37a6a2e3ffa027794daabb,True
spatial:1,inner_t025_fit,496,122,155,ba4db24e55ebbdcf1b63f58ff28efd5a9e26f9c74eb50066526d6d5a041093c8,be14155bf8e8c5b9b3b9b397420f596cad8ad9cb541e1a04ba4952cb90b95579,82e996b073a796d02cba734673a51529aea690fa6f37a6a2e3ffa027794daabb,True
spatial:1,inner_t027_fit,496,122,155,ba4db24e55ebbdcf1b63f58ff28efd5a9e26f9c74eb50066526d6d5a041093c8,be14155bf8e8c5b9b3b9b397420f596cad8ad9cb541e1a04ba4952cb90b95579,82e996b073a796d02cba734673a51529aea690fa6f37a6a2e3ffa027794daabb,True
spatial:1,inner_t016_selection,496,122,155,ba4db24e55ebbdcf1b63f58ff28efd5a9e26f9c74eb50066526d6d5a041093c8,be14155bf8e8c5b9b3b9b397420f596cad8ad9cb541e1a04ba4952cb90b95579,82e996b073a796d02cba734673a51529aea690fa6f37a6a2e3ffa027794daabb,True
spatial:1,inner_t025_fit,494,124,155,fa8aae9e9c8a811ba099640e5a752c2382c290d45e1b7f97e06c8692c67162cc,d9a175c15981c88b0d0ec5f022a906d6e3b014fb51ba358a2a9446a6c6b7be16,82e996b073a796d02cba734673a51529aea690fa6f37a6a2e3ffa027794daabb,True
spatial:1,inner_t027_fit,494,124,155,fa8aae9e9c8a811ba099640e5a752c2382c290d45e1b7f97e06c8692c67162cc,d9a175c15981c88b0d0ec5f022a906d6e3b014fb51ba358a2a9446a6c6b7be16,82e996b073a796d02cba734673a51529aea690fa6f37a6a2e3ffa027794daabb,True
spatial:1,inner_t016_selection,494,124,155,fa8aae9e9c8a811ba099640e5a752c2382c290d45e1b7f97e06c8692c67162cc,d9a175c15981c88b0d0ec5f022a906d6e3b014fb51ba358a2a9446a6c6b7be16,82e996b073a796d02cba734673a51529aea690fa6f37a6a2e3ffa027794daabb,True
spatial:1,inner_t025_fit,502,116,155,66a2fe203be1023604557c6300db553d85863134a65bf41fb4f1c0878f0bd738,9eca324bc4bf9424bf23552a8b55ef361f52efa53ff589379ec8598271f06a22,82e996b073a796d02cba734673a51529aea690fa6f37a6a2e3ffa027794daabb,True
spatial:1,inner_t027_fit,502,116,155,66a2fe203be1023604557c6300db553d85863134a65bf41fb4f1c0878f0bd738,9eca324bc4bf9424bf23552a8b55ef361f52efa53ff589379ec8598271f06a22,82e996b073a796d02cba734673a51529aea690fa6f37a6a2e3ffa027794daabb,True
spatial:1,inner_t016_selection,502,116,155,66a2fe203be1023604557c6300db553d85863134a65bf41fb4f1c0878f0bd738,9eca324bc4bf9424bf23552a8b55ef361f52efa53ff589379ec8598271f06a22,82e996b073a796d02cba734673a51529aea690fa6f37a6a2e3ffa027794daabb,True
spatial:2,outer_t025_fit,619,0,154,c9311ef1d166a4a640927729fbbebe81d92a45f9b4374173c700136050cdf806,,1cba2025868c3f81cc620001f9a182d924e2f8f7331ff0857506b1e758ac5a8a,True
spatial:2,outer_t027_fit,619,0,154,c9311ef1d166a4a640927729fbbebe81d92a45f9b4374173c700136050cdf806,,1cba2025868c3f81cc620001f9a182d924e2f8f7331ff0857506b1e758ac5a8a,True
spatial:2,outer_t016_selection,619,0,154,c9311ef1d166a4a640927729fbbebe81d92a45f9b4374173c700136050cdf806,,1cba2025868c3f81cc620001f9a182d924e2f8f7331ff0857506b1e758ac5a8a,True
spatial:2,inner_t025_fit,490,129,154,2f7c7c1e8107c6ae86211b6189e913eb947a864cdb24b20fbed299fdf105c603,c5e8ff07acf3c719ed1729d3fa29833a45158a6d409a610f7307d620754cc2f0,1cba2025868c3f81cc620001f9a182d924e2f8f7331ff0857506b1e758ac5a8a,True
spatial:2,inner_t027_fit,490,129,154,2f7c7c1e8107c6ae86211b6189e913eb947a864cdb24b20fbed299fdf105c603,c5e8ff07acf3c719ed1729d3fa29833a45158a6d409a610f7307d620754cc2f0,1cba2025868c3f81cc620001f9a182d924e2f8f7331ff0857506b1e758ac5a8a,True
spatial:2,inner_t016_selection,490,129,154,2f7c7c1e8107c6ae86211b6189e913eb947a864cdb24b20fbed299fdf105c603,c5e8ff07acf3c719ed1729d3fa29833a45158a6d409a610f7307d620754cc2f0,1cba2025868c3f81cc620001f9a182d924e2f8f7331ff0857506b1e758ac5a8a,True
spatial:2,inner_t025_fit,494,125,154,e0f9283fc7b497622a94f63951decaf81a4c5176ef25cb38b1df360f63e88c80,369f574ed98715dbf28c83d4fe01ba951ac626a833c8dc9d81bcf0eb7a890dcb,1cba2025868c3f81cc620001f9a182d924e2f8f7331ff0857506b1e758ac5a8a,True
spatial:2,inner_t027_fit,494,125,154,e0f9283fc7b497622a94f63951decaf81a4c5176ef25cb38b1df360f63e88c80,369f574ed98715dbf28c83d4fe01ba951ac626a833c8dc9d81bcf0eb7a890dcb,1cba2025868c3f81cc620001f9a182d924e2f8f7331ff0857506b1e758ac5a8a,True
spatial:2,inner_t016_selection,494,125,154,e0f9283fc7b497622a94f63951decaf81a4c5176ef25cb38b1df360f63e88c80,369f574ed98715dbf28c83d4fe01ba951ac626a833c8dc9d81bcf0eb7a890dcb,1cba2025868c3f81cc620001f9a182d924e2f8f7331ff0857506b1e758ac5a8a,True
spatial:2,inner_t025_fit,494,125,154,2b4a88c82af6e02d50549919378f628aa9493a5c36378bd02700ed191856f4c7,aeb591f6883a3cdb56683012341f36361263841d63e1b6919b95a9ec83e70555,1cba2025868c3f81cc620001f9a182d924e2f8f7331ff0857506b1e758ac5a8a,True
spatial:2,inner_t027_fit,494,125,154,2b4a88c82af6e02d50549919378f628aa9493a5c36378bd02700ed191856f4c7,aeb591f6883a3cdb56683012341f36361263841d63e1b6919b95a9ec83e70555,1cba2025868c3f81cc620001f9a182d924e2f8f7331ff0857506b1e758ac5a8a,True
spatial:2,inner_t016_selection,494,125,154,2b4a88c82af6e02d50549919378f628aa9493a5c36378bd02700ed191856f4c7,aeb591f6883a3cdb56683012341f36361263841d63e1b6919b95a9ec83e70555,1cba2025868c3f81cc620001f9a182d924e2f8f7331ff0857506b1e758ac5a8a,True
spatial:2,inner_t025_fit,505,114,154,ec3cc541aa54888d1d43d6706bb32998de3aeb8327d134ee165916df3887c7a4,1b1552123c95cc58ade00e53d0dfc2636c9bc5393bf7dcc0ef48f465f4705d46,1cba2025868c3f81cc620001f9a182d924e2f8f7331ff0857506b1e758ac5a8a,True
spatial:2,inner_t027_fit,505,114,154,ec3cc541aa54888d1d43d6706bb32998de3aeb8327d134ee165916df3887c7a4,1b1552123c95cc58ade00e53d0dfc2636c9bc5393bf7dcc0ef48f465f4705d46,1cba2025868c3f81cc620001f9a182d924e2f8f7331ff0857506b1e758ac5a8a,True
spatial:2,inner_t016_selection,505,114,154,ec3cc541aa54888d1d43d6706bb32998de3aeb8327d134ee165916df3887c7a4,1b1552123c95cc58ade00e53d0dfc2636c9bc5393bf7dcc0ef48f465f4705d46,1cba2025868c3f81cc620001f9a182d924e2f8f7331ff0857506b1e758ac5a8a,True
spatial:2,inner_t025_fit,493,126,154,5f3d728e0ebdca02b01a5b6019b43b470317a2624761fd171fc80fcc4d4ce5b5,811d85516ae16a68c78e04fc8721bda03dbc81b49308d6437a2adc692180e331,1cba2025868c3f81cc620001f9a182d924e2f8f7331ff0857506b1e758ac5a8a,True
spatial:2,inner_t027_fit,493,126,154,5f3d728e0ebdca02b01a5b6019b43b470317a2624761fd171fc80fcc4d4ce5b5,811d85516ae16a68c78e04fc8721bda03dbc81b49308d6437a2adc692180e331,1cba2025868c3f81cc620001f9a182d924e2f8f7331ff0857506b1e758ac5a8a,True
spatial:2,inner_t016_selection,493,126,154,5f3d728e0ebdca02b01a5b6019b43b470317a2624761fd171fc80fcc4d4ce5b5,811d85516ae16a68c78e04fc8721bda03dbc81b49308d6437a2adc692180e331,1cba2025868c3f81cc620001f9a182d924e2f8f7331ff0857506b1e758ac5a8a,True
spatial:3,outer_t025_fit,618,0,155,6197e1fd74bb730c7fc79c540d3d41fad98dcd5d6ccd1b0da8910ef540e43ebf,,c96f304ab186074a05c6aea000776a0f85b3e8d74835379741463113c41365eb,True
spatial:3,outer_t027_fit,618,0,155,6197e1fd74bb730c7fc79c540d3d41fad98dcd5d6ccd1b0da8910ef540e43ebf,,c96f304ab186074a05c6aea000776a0f85b3e8d74835379741463113c41365eb,True
spatial:3,outer_t016_selection,618,0,155,6197e1fd74bb730c7fc79c540d3d41fad98dcd5d6ccd1b0da8910ef540e43ebf,,c96f304ab186074a05c6aea000776a0f85b3e8d74835379741463113c41365eb,True
spatial:3,inner_t025_fit,490,128,155,b7a2f0bcb37d0b3d7354ead77090077b9bc8d196c57163e3c3e8796690e5d8b8,491ad542c43d9dccab4aeabc86c9a35dd32152a146af327f9445e1e73f089bfe,c96f304ab186074a05c6aea000776a0f85b3e8d74835379741463113c41365eb,True
spatial:3,inner_t027_fit,490,128,155,b7a2f0bcb37d0b3d7354ead77090077b9bc8d196c57163e3c3e8796690e5d8b8,491ad542c43d9dccab4aeabc86c9a35dd32152a146af327f9445e1e73f089bfe,c96f304ab186074a05c6aea000776a0f85b3e8d74835379741463113c41365eb,True
spatial:3,inner_t016_selection,490,128,155,b7a2f0bcb37d0b3d7354ead77090077b9bc8d196c57163e3c3e8796690e5d8b8,491ad542c43d9dccab4aeabc86c9a35dd32152a146af327f9445e1e73f089bfe,c96f304ab186074a05c6aea000776a0f85b3e8d74835379741463113c41365eb,True
spatial:3,inner_t025_fit,499,119,155,7a057057d7998e42ccfdff09178cbdf58f051b6afaa22eee9ea51c6f5af1863a,039806f02486995f70419e6846168a1d8f90af8c98b52e8a516a0be27bad074b,c96f304ab186074a05c6aea000776a0f85b3e8d74835379741463113c41365eb,True
spatial:3,inner_t027_fit,499,119,155,7a057057d7998e42ccfdff09178cbdf58f051b6afaa22eee9ea51c6f5af1863a,039806f02486995f70419e6846168a1d8f90af8c98b52e8a516a0be27bad074b,c96f304ab186074a05c6aea000776a0f85b3e8d74835379741463113c41365eb,True
spatial:3,inner_t016_selection,499,119,155,7a057057d7998e42ccfdff09178cbdf58f051b6afaa22eee9ea51c6f5af1863a,039806f02486995f70419e6846168a1d8f90af8c98b52e8a516a0be27bad074b,c96f304ab186074a05c6aea000776a0f85b3e8d74835379741463113c41365eb,True
spatial:3,inner_t025_fit,486,132,155,7cfe006f5eb7cb49e12ba2d658a957d97322e42633bc6343af7b72e742d0630a,c54aac017138ef3e22e50cdbadd93d3966692db3b1007caed6b6147b30b22c22,c96f304ab186074a05c6aea000776a0f85b3e8d74835379741463113c41365eb,True
spatial:3,inner_t027_fit,486,132,155,7cfe006f5eb7cb49e12ba2d658a957d97322e42633bc6343af7b72e742d0630a,c54aac017138ef3e22e50cdbadd93d3966692db3b1007caed6b6147b30b22c22,c96f304ab186074a05c6aea000776a0f85b3e8d74835379741463113c41365eb,True
spatial:3,inner_t016_selection,486,132,155,7cfe006f5eb7cb49e12ba2d658a957d97322e42633bc6343af7b72e742d0630a,c54aac017138ef3e22e50cdbadd93d3966692db3b1007caed6b6147b30b22c22,c96f304ab186074a05c6aea000776a0f85b3e8d74835379741463113c41365eb,True
spatial:3,inner_t025_fit,498,120,155,0b61c6f00af8b441b4c270679a33e1a69aa4bbe6151d6f8085cddc4e83cfb2e2,3447acce12f9806ec3988a555caa85c3340f73add9807e37fe15bc847206516f,c96f304ab186074a05c6aea000776a0f85b3e8d74835379741463113c41365eb,True
spatial:3,inner_t027_fit,498,120,155,0b61c6f00af8b441b4c270679a33e1a69aa4bbe6151d6f8085cddc4e83cfb2e2,3447acce12f9806ec3988a555caa85c3340f73add9807e37fe15bc847206516f,c96f304ab186074a05c6aea000776a0f85b3e8d74835379741463113c41365eb,True
spatial:3,inner_t016_selection,498,120,155,0b61c6f00af8b441b4c270679a33e1a69aa4bbe6151d6f8085cddc4e83cfb2e2,3447acce12f9806ec3988a555caa85c3340f73add9807e37fe15bc847206516f,c96f304ab186074a05c6aea000776a0f85b3e8d74835379741463113c41365eb,True
spatial:3,inner_t025_fit,499,119,155,dc658d8032c73ea04fa478d4c85a576335da5d073ab0c1c0988d4941d768de86,66aae11c24a5c96e0260591fa8cf72f682f0b854bb30213696599d101672583a,c96f304ab186074a05c6aea000776a0f85b3e8d74835379741463113c41365eb,True
spatial:3,inner_t027_fit,499,119,155,dc658d8032c73ea04fa478d4c85a576335da5d073ab0c1c0988d4941d768de86,66aae11c24a5c96e0260591fa8cf72f682f0b854bb30213696599d101672583a,c96f304ab186074a05c6aea000776a0f85b3e8d74835379741463113c41365eb,True
spatial:3,inner_t016_selection,499,119,155,dc658d8032c73ea04fa478d4c85a576335da5d073ab0c1c0988d4941d768de86,66aae11c24a5c96e0260591fa8cf72f682f0b854bb30213696599d101672583a,c96f304ab186074a05c6aea000776a0f85b3e8d74835379741463113c41365eb,True
spatial:4,outer_t025_fit,619,0,154,3715b3b4cc960ed61f265feaf9a94055128910826048c7daacb0a97cee23fa26,,e08e4c554d3091901210b0b109183ea108c00f59613aecaa8e6197943f3daa8d,True
spatial:4,outer_t027_fit,619,0,154,3715b3b4cc960ed61f265feaf9a94055128910826048c7daacb0a97cee23fa26,,e08e4c554d3091901210b0b109183ea108c00f59613aecaa8e6197943f3daa8d,True
spatial:4,outer_t016_selection,619,0,154,3715b3b4cc960ed61f265feaf9a94055128910826048c7daacb0a97cee23fa26,,e08e4c554d3091901210b0b109183ea108c00f59613aecaa8e6197943f3daa8d,True
spatial:4,inner_t025_fit,497,122,154,179591fdf61b15b00c9a892ff0fbeaadfbc39759219b91a5beb1fc7831d82d2a,04b255b93ab32deb8ba78dac77aa64a76d65756b05f8fcdff2b2d8b660bcd49d,e08e4c554d3091901210b0b109183ea108c00f59613aecaa8e6197943f3daa8d,True
spatial:4,inner_t027_fit,497,122,154,179591fdf61b15b00c9a892ff0fbeaadfbc39759219b91a5beb1fc7831d82d2a,04b255b93ab32deb8ba78dac77aa64a76d65756b05f8fcdff2b2d8b660bcd49d,e08e4c554d3091901210b0b109183ea108c00f59613aecaa8e6197943f3daa8d,True
spatial:4,inner_t016_selection,497,122,154,179591fdf61b15b00c9a892ff0fbeaadfbc39759219b91a5beb1fc7831d82d2a,04b255b93ab32deb8ba78dac77aa64a76d65756b05f8fcdff2b2d8b660bcd49d,e08e4c554d3091901210b0b109183ea108c00f59613aecaa8e6197943f3daa8d,True
spatial:4,inner_t025_fit,501,118,154,8e58394b775987f789b0219c6cba2e9ed96bf36e3b755c474848c5dc1786d94f,85a3a989d48ca6658102ad62447c677a683ddf93b55f28c8ca3de5e6b3edd9b9,e08e4c554d3091901210b0b109183ea108c00f59613aecaa8e6197943f3daa8d,True
spatial:4,inner_t027_fit,501,118,154,8e58394b775987f789b0219c6cba2e9ed96bf36e3b755c474848c5dc1786d94f,85a3a989d48ca6658102ad62447c677a683ddf93b55f28c8ca3de5e6b3edd9b9,e08e4c554d3091901210b0b109183ea108c00f59613aecaa8e6197943f3daa8d,True
spatial:4,inner_t016_selection,501,118,154,8e58394b775987f789b0219c6cba2e9ed96bf36e3b755c474848c5dc1786d94f,85a3a989d48ca6658102ad62447c677a683ddf93b55f28c8ca3de5e6b3edd9b9,e08e4c554d3091901210b0b109183ea108c00f59613aecaa8e6197943f3daa8d,True
spatial:4,inner_t025_fit,497,122,154,5bd7b19425da87102328463481307aa166cab3f98b6828234a41c12f354d3c68,575855b276227658a5f94e1030c47a40cdf65cf32f71994182ebaa258c7f489c,e08e4c554d3091901210b0b109183ea108c00f59613aecaa8e6197943f3daa8d,True
spatial:4,inner_t027_fit,497,122,154,5bd7b19425da87102328463481307aa166cab3f98b6828234a41c12f354d3c68,575855b276227658a5f94e1030c47a40cdf65cf32f71994182ebaa258c7f489c,e08e4c554d3091901210b0b109183ea108c00f59613aecaa8e6197943f3daa8d,True
spatial:4,inner_t016_selection,497,122,154,5bd7b19425da87102328463481307aa166cab3f98b6828234a41c12f354d3c68,575855b276227658a5f94e1030c47a40cdf65cf32f71994182ebaa258c7f489c,e08e4c554d3091901210b0b109183ea108c00f59613aecaa8e6197943f3daa8d,True
spatial:4,inner_t025_fit,492,127,154,d856a2f1a6c09583f33069eaebbd4d4d217e2b16251f9ec29d9640cca7552463,ef4ce74f99c23afd0452213137a02a8e3f7d712680eb3b13c1b9ec0534a00141,e08e4c554d3091901210b0b109183ea108c00f59613aecaa8e6197943f3daa8d,True
spatial:4,inner_t027_fit,492,127,154,d856a2f1a6c09583f33069eaebbd4d4d217e2b16251f9ec29d9640cca7552463,ef4ce74f99c23afd0452213137a02a8e3f7d712680eb3b13c1b9ec0534a00141,e08e4c554d3091901210b0b109183ea108c00f59613aecaa8e6197943f3daa8d,True
spatial:4,inner_t016_selection,492,127,154,d856a2f1a6c09583f33069eaebbd4d4d217e2b16251f9ec29d9640cca7552463,ef4ce74f99c23afd0452213137a02a8e3f7d712680eb3b13c1b9ec0534a00141,e08e4c554d3091901210b0b109183ea108c00f59613aecaa8e6197943f3daa8d,True
spatial:4,inner_t025_fit,489,130,154,83ddd21bcdc29d8703425878a6923679e0092c4dfde885a3104a02e937ee8eea,e90c0c8bf886af34fb3b51d9bb6c5fec32464dce665727166b355b5d5d364c72,e08e4c554d3091901210b0b109183ea108c00f59613aecaa8e6197943f3daa8d,True
spatial:4,inner_t027_fit,489,130,154,83ddd21bcdc29d8703425878a6923679e0092c4dfde885a3104a02e937ee8eea,e90c0c8bf886af34fb3b51d9bb6c5fec32464dce665727166b355b5d5d364c72,e08e4c554d3091901210b0b109183ea108c00f59613aecaa8e6197943f3daa8d,True
spatial:4,inner_t016_selection,489,130,154,83ddd21bcdc29d8703425878a6923679e0092c4dfde885a3104a02e937ee8eea,e90c0c8bf886af34fb3b51d9bb6c5fec32464dce665727166b355b5d5d364c72,e08e4c554d3091901210b0b109183ea108c00f59613aecaa8e6197943f3daa8d,True
typewell:0,outer_t025_fit,618,0,155,88babdadd2ba14d0f2737f7936642d02a3f1264d8a0950d2c218e48d9d0e708a,,821ce88abee6546ff461b20f504e9324cfc71cbc43c80acaa823e2804a09e8c4,True
typewell:0,outer_t027_fit,618,0,155,88babdadd2ba14d0f2737f7936642d02a3f1264d8a0950d2c218e48d9d0e708a,,821ce88abee6546ff461b20f504e9324cfc71cbc43c80acaa823e2804a09e8c4,True
typewell:0,outer_t016_selection,618,0,155,88babdadd2ba14d0f2737f7936642d02a3f1264d8a0950d2c218e48d9d0e708a,,821ce88abee6546ff461b20f504e9324cfc71cbc43c80acaa823e2804a09e8c4,True
typewell:0,inner_t025_fit,492,126,155,4def91007d205c6fd39b7d3d7faa8942fc3f06004a9b8ad66eaf5990233684e1,969aeec2519597554a5c5e4c9c6bd9073bb9465d362f19c724b3e0979bf055f4,821ce88abee6546ff461b20f504e9324cfc71cbc43c80acaa823e2804a09e8c4,True
typewell:0,inner_t027_fit,492,126,155,4def91007d205c6fd39b7d3d7faa8942fc3f06004a9b8ad66eaf5990233684e1,969aeec2519597554a5c5e4c9c6bd9073bb9465d362f19c724b3e0979bf055f4,821ce88abee6546ff461b20f504e9324cfc71cbc43c80acaa823e2804a09e8c4,True
typewell:0,inner_t016_selection,492,126,155,4def91007d205c6fd39b7d3d7faa8942fc3f06004a9b8ad66eaf5990233684e1,969aeec2519597554a5c5e4c9c6bd9073bb9465d362f19c724b3e0979bf055f4,821ce88abee6546ff461b20f504e9324cfc71cbc43c80acaa823e2804a09e8c4,True
typewell:0,inner_t025_fit,495,123,155,ccac25a7f4a369bd9022fd866668be2c56c8cb498e735481f705668f658a4c1b,355aa4dcaaeda79c5da5589bbba45322344037463270f6800c06d6b5b32caa62,821ce88abee6546ff461b20f504e9324cfc71cbc43c80acaa823e2804a09e8c4,True
typewell:0,inner_t027_fit,495,123,155,ccac25a7f4a369bd9022fd866668be2c56c8cb498e735481f705668f658a4c1b,355aa4dcaaeda79c5da5589bbba45322344037463270f6800c06d6b5b32caa62,821ce88abee6546ff461b20f504e9324cfc71cbc43c80acaa823e2804a09e8c4,True
typewell:0,inner_t016_selection,495,123,155,ccac25a7f4a369bd9022fd866668be2c56c8cb498e735481f705668f658a4c1b,355aa4dcaaeda79c5da5589bbba45322344037463270f6800c06d6b5b32caa62,821ce88abee6546ff461b20f504e9324cfc71cbc43c80acaa823e2804a09e8c4,True
typewell:0,inner_t025_fit,491,127,155,144acc001d67124ea16a2c8f6363c55491f3e1d2d0f47d34d89454c602d3a9fb,b261a3c4a0b7d9ee81a6c803cc9a048922e95f0349a0b406160240e10bf1046b,821ce88abee6546ff461b20f504e9324cfc71cbc43c80acaa823e2804a09e8c4,True
typewell:0,inner_t027_fit,491,127,155,144acc001d67124ea16a2c8f6363c55491f3e1d2d0f47d34d89454c602d3a9fb,b261a3c4a0b7d9ee81a6c803cc9a048922e95f0349a0b406160240e10bf1046b,821ce88abee6546ff461b20f504e9324cfc71cbc43c80acaa823e2804a09e8c4,True
typewell:0,inner_t016_selection,491,127,155,144acc001d67124ea16a2c8f6363c55491f3e1d2d0f47d34d89454c602d3a9fb,b261a3c4a0b7d9ee81a6c803cc9a048922e95f0349a0b406160240e10bf1046b,821ce88abee6546ff461b20f504e9324cfc71cbc43c80acaa823e2804a09e8c4,True
typewell:0,inner_t025_fit,494,124,155,4cee3da97ae73232aca90f381ff0c108b32dec4adebe94342d2bd62d44761308,104afdc94882c632323f6ef5a6be89336f75135ff443db18d9cf3617a7e16f31,821ce88abee6546ff461b20f504e9324cfc71cbc43c80acaa823e2804a09e8c4,True
typewell:0,inner_t027_fit,494,124,155,4cee3da97ae73232aca90f381ff0c108b32dec4adebe94342d2bd62d44761308,104afdc94882c632323f6ef5a6be89336f75135ff443db18d9cf3617a7e16f31,821ce88abee6546ff461b20f504e9324cfc71cbc43c80acaa823e2804a09e8c4,True
typewell:0,inner_t016_selection,494,124,155,4cee3da97ae73232aca90f381ff0c108b32dec4adebe94342d2bd62d44761308,104afdc94882c632323f6ef5a6be89336f75135ff443db18d9cf3617a7e16f31,821ce88abee6546ff461b20f504e9324cfc71cbc43c80acaa823e2804a09e8c4,True
typewell:0,inner_t025_fit,500,118,155,fb89049eb0f9b688df315b1048b0809e8733326355580ba4c1d866a04cc7ec42,a9040fca4481ec8c7b0baf81cf05406a296dd2e1452fc3450b0a529b5278ac48,821ce88abee6546ff461b20f504e9324cfc71cbc43c80acaa823e2804a09e8c4,True
typewell:0,inner_t027_fit,500,118,155,fb89049eb0f9b688df315b1048b0809e8733326355580ba4c1d866a04cc7ec42,a9040fca4481ec8c7b0baf81cf05406a296dd2e1452fc3450b0a529b5278ac48,821ce88abee6546ff461b20f504e9324cfc71cbc43c80acaa823e2804a09e8c4,True
typewell:0,inner_t016_selection,500,118,155,fb89049eb0f9b688df315b1048b0809e8733326355580ba4c1d866a04cc7ec42,a9040fca4481ec8c7b0baf81cf05406a296dd2e1452fc3450b0a529b5278ac48,821ce88abee6546ff461b20f504e9324cfc71cbc43c80acaa823e2804a09e8c4,True
typewell:1,outer_t025_fit,618,0,155,a2ae571d4604f1aa1fe012bb4934779ffde3f1c5b0747c8dd0f8f8781981fc50,,9ef75c9d4a84e6213ded2189cf740d0392b4db932a362e9b60a29e1b83fac9ae,True
typewell:1,outer_t027_fit,618,0,155,a2ae571d4604f1aa1fe012bb4934779ffde3f1c5b0747c8dd0f8f8781981fc50,,9ef75c9d4a84e6213ded2189cf740d0392b4db932a362e9b60a29e1b83fac9ae,True
typewell:1,outer_t016_selection,618,0,155,a2ae571d4604f1aa1fe012bb4934779ffde3f1c5b0747c8dd0f8f8781981fc50,,9ef75c9d4a84e6213ded2189cf740d0392b4db932a362e9b60a29e1b83fac9ae,True
typewell:1,inner_t025_fit,489,129,155,21a757be386615af184af53b82a64771195b15bdffd926b03483c6003afbff56,321c3d3653bd231196e637ea92eb24b7cb8ed03cb51d37ce11efaa930b0ca0a6,9ef75c9d4a84e6213ded2189cf740d0392b4db932a362e9b60a29e1b83fac9ae,True
typewell:1,inner_t027_fit,489,129,155,21a757be386615af184af53b82a64771195b15bdffd926b03483c6003afbff56,321c3d3653bd231196e637ea92eb24b7cb8ed03cb51d37ce11efaa930b0ca0a6,9ef75c9d4a84e6213ded2189cf740d0392b4db932a362e9b60a29e1b83fac9ae,True
typewell:1,inner_t016_selection,489,129,155,21a757be386615af184af53b82a64771195b15bdffd926b03483c6003afbff56,321c3d3653bd231196e637ea92eb24b7cb8ed03cb51d37ce11efaa930b0ca0a6,9ef75c9d4a84e6213ded2189cf740d0392b4db932a362e9b60a29e1b83fac9ae,True
typewell:1,inner_t025_fit,482,136,155,b29ffee8843358d9ec0f4e631cb1bd0b68e31572860d30b9c0ba033138466303,8b47f6a7fe8bd1caabe9dd6174ffd6a7613c1621b276d032de3c310204c7a4bb,9ef75c9d4a84e6213ded2189cf740d0392b4db932a362e9b60a29e1b83fac9ae,True
typewell:1,inner_t027_fit,482,136,155,b29ffee8843358d9ec0f4e631cb1bd0b68e31572860d30b9c0ba033138466303,8b47f6a7fe8bd1caabe9dd6174ffd6a7613c1621b276d032de3c310204c7a4bb,9ef75c9d4a84e6213ded2189cf740d0392b4db932a362e9b60a29e1b83fac9ae,True
typewell:1,inner_t016_selection,482,136,155,b29ffee8843358d9ec0f4e631cb1bd0b68e31572860d30b9c0ba033138466303,8b47f6a7fe8bd1caabe9dd6174ffd6a7613c1621b276d032de3c310204c7a4bb,9ef75c9d4a84e6213ded2189cf740d0392b4db932a362e9b60a29e1b83fac9ae,True
typewell:1,inner_t025_fit,501,117,155,f8ec00786576badf9f6f37787bdb163cbf7d68646263d498bb433e2b7aa0690c,c5c180782dfe9e1d3a967567f4aa8f19eeb3ad62a8c0c9980081f4efe8bf5189,9ef75c9d4a84e6213ded2189cf740d0392b4db932a362e9b60a29e1b83fac9ae,True
typewell:1,inner_t027_fit,501,117,155,f8ec00786576badf9f6f37787bdb163cbf7d68646263d498bb433e2b7aa0690c,c5c180782dfe9e1d3a967567f4aa8f19eeb3ad62a8c0c9980081f4efe8bf5189,9ef75c9d4a84e6213ded2189cf740d0392b4db932a362e9b60a29e1b83fac9ae,True
typewell:1,inner_t016_selection,501,117,155,f8ec00786576badf9f6f37787bdb163cbf7d68646263d498bb433e2b7aa0690c,c5c180782dfe9e1d3a967567f4aa8f19eeb3ad62a8c0c9980081f4efe8bf5189,9ef75c9d4a84e6213ded2189cf740d0392b4db932a362e9b60a29e1b83fac9ae,True
typewell:1,inner_t025_fit,507,111,155,936231fe45a8d00dae1db6299e516bfbf2a5789b635db5d836a500f265cc95fd,85f5fb12eca675aac665db777f6a6acdcd66cdcd030a8ed752a66467b2446917,9ef75c9d4a84e6213ded2189cf740d0392b4db932a362e9b60a29e1b83fac9ae,True
typewell:1,inner_t027_fit,507,111,155,936231fe45a8d00dae1db6299e516bfbf2a5789b635db5d836a500f265cc95fd,85f5fb12eca675aac665db777f6a6acdcd66cdcd030a8ed752a66467b2446917,9ef75c9d4a84e6213ded2189cf740d0392b4db932a362e9b60a29e1b83fac9ae,True
typewell:1,inner_t016_selection,507,111,155,936231fe45a8d00dae1db6299e516bfbf2a5789b635db5d836a500f265cc95fd,85f5fb12eca675aac665db777f6a6acdcd66cdcd030a8ed752a66467b2446917,9ef75c9d4a84e6213ded2189cf740d0392b4db932a362e9b60a29e1b83fac9ae,True
typewell:1,inner_t025_fit,493,125,155,057cf2fa02a1bb33368d785350544d9f9d8b989c0777401740fe98e753c3a820,968c7270694245131703a0ea8afe24cd5ab8de9e96cf40cbf7d43d566751098a,9ef75c9d4a84e6213ded2189cf740d0392b4db932a362e9b60a29e1b83fac9ae,True
typewell:1,inner_t027_fit,493,125,155,057cf2fa02a1bb33368d785350544d9f9d8b989c0777401740fe98e753c3a820,968c7270694245131703a0ea8afe24cd5ab8de9e96cf40cbf7d43d566751098a,9ef75c9d4a84e6213ded2189cf740d0392b4db932a362e9b60a29e1b83fac9ae,True
typewell:1,inner_t016_selection,493,125,155,057cf2fa02a1bb33368d785350544d9f9d8b989c0777401740fe98e753c3a820,968c7270694245131703a0ea8afe24cd5ab8de9e96cf40cbf7d43d566751098a,9ef75c9d4a84e6213ded2189cf740d0392b4db932a362e9b60a29e1b83fac9ae,True
typewell:2,outer_t025_fit,619,0,154,447ba8716b04c8d5ffc246a2075b636a4aba3e6efe2d512e5872f606b0230d67,,7dbbd0d1cd5661ee211ea8f3224a7670b7a6d196e6d9352acedfefdd4f7f0fd2,True
typewell:2,outer_t027_fit,619,0,154,447ba8716b04c8d5ffc246a2075b636a4aba3e6efe2d512e5872f606b0230d67,,7dbbd0d1cd5661ee211ea8f3224a7670b7a6d196e6d9352acedfefdd4f7f0fd2,True
typewell:2,outer_t016_selection,619,0,154,447ba8716b04c8d5ffc246a2075b636a4aba3e6efe2d512e5872f606b0230d67,,7dbbd0d1cd5661ee211ea8f3224a7670b7a6d196e6d9352acedfefdd4f7f0fd2,True
typewell:2,inner_t025_fit,496,123,154,5852850e7c6bf288c89288c524ef4cc80db157c60615102206fb387d3357bb96,21ae1fcd14ceccc0eb2889f93ab43ea4bae6b0490ca2165f5e257ce147015662,7dbbd0d1cd5661ee211ea8f3224a7670b7a6d196e6d9352acedfefdd4f7f0fd2,True
typewell:2,inner_t027_fit,496,123,154,5852850e7c6bf288c89288c524ef4cc80db157c60615102206fb387d3357bb96,21ae1fcd14ceccc0eb2889f93ab43ea4bae6b0490ca2165f5e257ce147015662,7dbbd0d1cd5661ee211ea8f3224a7670b7a6d196e6d9352acedfefdd4f7f0fd2,True
typewell:2,inner_t016_selection,496,123,154,5852850e7c6bf288c89288c524ef4cc80db157c60615102206fb387d3357bb96,21ae1fcd14ceccc0eb2889f93ab43ea4bae6b0490ca2165f5e257ce147015662,7dbbd0d1cd5661ee211ea8f3224a7670b7a6d196e6d9352acedfefdd4f7f0fd2,True
typewell:2,inner_t025_fit,497,122,154,ebfca9c5122d2ba582b24a6db8f92f5bd3c48d5be93dd933b91bc512084dc6d6,f73d1aaa5bcbc2e3b4117f6a828f40fbb7254211f226ea2686fd1e1579207987,7dbbd0d1cd5661ee211ea8f3224a7670b7a6d196e6d9352acedfefdd4f7f0fd2,True
typewell:2,inner_t027_fit,497,122,154,ebfca9c5122d2ba582b24a6db8f92f5bd3c48d5be93dd933b91bc512084dc6d6,f73d1aaa5bcbc2e3b4117f6a828f40fbb7254211f226ea2686fd1e1579207987,7dbbd0d1cd5661ee211ea8f3224a7670b7a6d196e6d9352acedfefdd4f7f0fd2,True
typewell:2,inner_t016_selection,497,122,154,ebfca9c5122d2ba582b24a6db8f92f5bd3c48d5be93dd933b91bc512084dc6d6,f73d1aaa5bcbc2e3b4117f6a828f40fbb7254211f226ea2686fd1e1579207987,7dbbd0d1cd5661ee211ea8f3224a7670b7a6d196e6d9352acedfefdd4f7f0fd2,True
typewell:2,inner_t025_fit,493,126,154,fbda85e68563214bfa9764f429ba9d6f6da94368ab896399a9cb2cd548c094fc,30b7ba850f7bd586a48966f1665495069cdc661c41c47ec9f814a9ab952ca915,7dbbd0d1cd5661ee211ea8f3224a7670b7a6d196e6d9352acedfefdd4f7f0fd2,True
typewell:2,inner_t027_fit,493,126,154,fbda85e68563214bfa9764f429ba9d6f6da94368ab896399a9cb2cd548c094fc,30b7ba850f7bd586a48966f1665495069cdc661c41c47ec9f814a9ab952ca915,7dbbd0d1cd5661ee211ea8f3224a7670b7a6d196e6d9352acedfefdd4f7f0fd2,True
typewell:2,inner_t016_selection,493,126,154,fbda85e68563214bfa9764f429ba9d6f6da94368ab896399a9cb2cd548c094fc,30b7ba850f7bd586a48966f1665495069cdc661c41c47ec9f814a9ab952ca915,7dbbd0d1cd5661ee211ea8f3224a7670b7a6d196e6d9352acedfefdd4f7f0fd2,True
typewell:2,inner_t025_fit,500,119,154,180d83cb29c5b6de855083dfc4822e2d23ad8945a4db3d0d3cb7eec6ae2192d1,d56d803ea7e4fadf2f1cb5482d6edbaedc7c1119b45017564c3acbbd980d6311,7dbbd0d1cd5661ee211ea8f3224a7670b7a6d196e6d9352acedfefdd4f7f0fd2,True
typewell:2,inner_t027_fit,500,119,154,180d83cb29c5b6de855083dfc4822e2d23ad8945a4db3d0d3cb7eec6ae2192d1,d56d803ea7e4fadf2f1cb5482d6edbaedc7c1119b45017564c3acbbd980d6311,7dbbd0d1cd5661ee211ea8f3224a7670b7a6d196e6d9352acedfefdd4f7f0fd2,True
typewell:2,inner_t016_selection,500,119,154,180d83cb29c5b6de855083dfc4822e2d23ad8945a4db3d0d3cb7eec6ae2192d1,d56d803ea7e4fadf2f1cb5482d6edbaedc7c1119b45017564c3acbbd980d6311,7dbbd0d1cd5661ee211ea8f3224a7670b7a6d196e6d9352acedfefdd4f7f0fd2,True
typewell:2,inner_t025_fit,490,129,154,0c981cacab8b2843cab12a81748ee974f239af8555045103ed25847c42f60d90,c987344055e9f2301b571557afd95baab828e0f39f298063d4b321086016e365,7dbbd0d1cd5661ee211ea8f3224a7670b7a6d196e6d9352acedfefdd4f7f0fd2,True
typewell:2,inner_t027_fit,490,129,154,0c981cacab8b2843cab12a81748ee974f239af8555045103ed25847c42f60d90,c987344055e9f2301b571557afd95baab828e0f39f298063d4b321086016e365,7dbbd0d1cd5661ee211ea8f3224a7670b7a6d196e6d9352acedfefdd4f7f0fd2,True
typewell:2,inner_t016_selection,490,129,154,0c981cacab8b2843cab12a81748ee974f239af8555045103ed25847c42f60d90,c987344055e9f2301b571557afd95baab828e0f39f298063d4b321086016e365,7dbbd0d1cd5661ee211ea8f3224a7670b7a6d196e6d9352acedfefdd4f7f0fd2,True
typewell:3,outer_t025_fit,618,0,155,0020bfa68ea37b030d155dc04ead20a6d96b17e7666c317ba20e302194bbc0f0,,66f0367bddde9e6a210a5b62cc1e65daec4c42794eae559e6c975762b79f6fb1,True
typewell:3,outer_t027_fit,618,0,155,0020bfa68ea37b030d155dc04ead20a6d96b17e7666c317ba20e302194bbc0f0,,66f0367bddde9e6a210a5b62cc1e65daec4c42794eae559e6c975762b79f6fb1,True
typewell:3,outer_t016_selection,618,0,155,0020bfa68ea37b030d155dc04ead20a6d96b17e7666c317ba20e302194bbc0f0,,66f0367bddde9e6a210a5b62cc1e65daec4c42794eae559e6c975762b79f6fb1,True
typewell:3,inner_t025_fit,492,126,155,8258799a73b3822ab4f4e67fd304851ded2637de1b445ddcf6acd9355ce0993e,80966c7de33ff4936897eeb1b8262af615962c7870ca7f3060f041c6abe17069,66f0367bddde9e6a210a5b62cc1e65daec4c42794eae559e6c975762b79f6fb1,True
typewell:3,inner_t027_fit,492,126,155,8258799a73b3822ab4f4e67fd304851ded2637de1b445ddcf6acd9355ce0993e,80966c7de33ff4936897eeb1b8262af615962c7870ca7f3060f041c6abe17069,66f0367bddde9e6a210a5b62cc1e65daec4c42794eae559e6c975762b79f6fb1,True
typewell:3,inner_t016_selection,492,126,155,8258799a73b3822ab4f4e67fd304851ded2637de1b445ddcf6acd9355ce0993e,80966c7de33ff4936897eeb1b8262af615962c7870ca7f3060f041c6abe17069,66f0367bddde9e6a210a5b62cc1e65daec4c42794eae559e6c975762b79f6fb1,True
typewell:3,inner_t025_fit,497,121,155,9b399529464e08c66b1b937ab21d9da5ccce6a4cd0f49a37fa91528e691ac076,05a5a9cfc750fca7217837a969c5d4d42a7fb438d61b2d86415b027487e72c18,66f0367bddde9e6a210a5b62cc1e65daec4c42794eae559e6c975762b79f6fb1,True
typewell:3,inner_t027_fit,497,121,155,9b399529464e08c66b1b937ab21d9da5ccce6a4cd0f49a37fa91528e691ac076,05a5a9cfc750fca7217837a969c5d4d42a7fb438d61b2d86415b027487e72c18,66f0367bddde9e6a210a5b62cc1e65daec4c42794eae559e6c975762b79f6fb1,True
typewell:3,inner_t016_selection,497,121,155,9b399529464e08c66b1b937ab21d9da5ccce6a4cd0f49a37fa91528e691ac076,05a5a9cfc750fca7217837a969c5d4d42a7fb438d61b2d86415b027487e72c18,66f0367bddde9e6a210a5b62cc1e65daec4c42794eae559e6c975762b79f6fb1,True
typewell:3,inner_t025_fit,492,126,155,7d931f0cbfdbba8abbb08d633d5dc6ed57ed0bb0ce9d91a2e12c44265dcef001,0cdcfe31a730cdaae56f4cae1e818179c7e9e64ceb6d6c3d95ab7bd014269f4f,66f0367bddde9e6a210a5b62cc1e65daec4c42794eae559e6c975762b79f6fb1,True
typewell:3,inner_t027_fit,492,126,155,7d931f0cbfdbba8abbb08d633d5dc6ed57ed0bb0ce9d91a2e12c44265dcef001,0cdcfe31a730cdaae56f4cae1e818179c7e9e64ceb6d6c3d95ab7bd014269f4f,66f0367bddde9e6a210a5b62cc1e65daec4c42794eae559e6c975762b79f6fb1,True
typewell:3,inner_t016_selection,492,126,155,7d931f0cbfdbba8abbb08d633d5dc6ed57ed0bb0ce9d91a2e12c44265dcef001,0cdcfe31a730cdaae56f4cae1e818179c7e9e64ceb6d6c3d95ab7bd014269f4f,66f0367bddde9e6a210a5b62cc1e65daec4c42794eae559e6c975762b79f6fb1,True
typewell:3,inner_t025_fit,495,123,155,2547dc1eb52075517d634696367c002eff5a701ade06105dc5861527ccc62108,e5fac1e9a1433745d4929b0436ef18c1222e5a9ffce2b911ba1f025ee7f00e2b,66f0367bddde9e6a210a5b62cc1e65daec4c42794eae559e6c975762b79f6fb1,True
typewell:3,inner_t027_fit,495,123,155,2547dc1eb52075517d634696367c002eff5a701ade06105dc5861527ccc62108,e5fac1e9a1433745d4929b0436ef18c1222e5a9ffce2b911ba1f025ee7f00e2b,66f0367bddde9e6a210a5b62cc1e65daec4c42794eae559e6c975762b79f6fb1,True
typewell:3,inner_t016_selection,495,123,155,2547dc1eb52075517d634696367c002eff5a701ade06105dc5861527ccc62108,e5fac1e9a1433745d4929b0436ef18c1222e5a9ffce2b911ba1f025ee7f00e2b,66f0367bddde9e6a210a5b62cc1e65daec4c42794eae559e6c975762b79f6fb1,True
typewell:3,inner_t025_fit,496,122,155,daf801626c6de97ad0c0e7dd167a2ed703b99fcaef9a55b9a96f5789b2636b34,abca315abc81be625133e2811a27949bca8cad9d4400b5924c1b2792de5fd9f0,66f0367bddde9e6a210a5b62cc1e65daec4c42794eae559e6c975762b79f6fb1,True
typewell:3,inner_t027_fit,496,122,155,daf801626c6de97ad0c0e7dd167a2ed703b99fcaef9a55b9a96f5789b2636b34,abca315abc81be625133e2811a27949bca8cad9d4400b5924c1b2792de5fd9f0,66f0367bddde9e6a210a5b62cc1e65daec4c42794eae559e6c975762b79f6fb1,True
typewell:3,inner_t016_selection,496,122,155,daf801626c6de97ad0c0e7dd167a2ed703b99fcaef9a55b9a96f5789b2636b34,abca315abc81be625133e2811a27949bca8cad9d4400b5924c1b2792de5fd9f0,66f0367bddde9e6a210a5b62cc1e65daec4c42794eae559e6c975762b79f6fb1,True
typewell:4,outer_t025_fit,619,0,154,656c152c1592bb9e92ba6ecbd1416ab5c125483213ab6937f766d26226ba697d,,d412c84dc0f1bd8e19cf0f1b3cade44c6d65ff365b68a61ad50f0f457addc886,True
typewell:4,outer_t027_fit,619,0,154,656c152c1592bb9e92ba6ecbd1416ab5c125483213ab6937f766d26226ba697d,,d412c84dc0f1bd8e19cf0f1b3cade44c6d65ff365b68a61ad50f0f457addc886,True
typewell:4,outer_t016_selection,619,0,154,656c152c1592bb9e92ba6ecbd1416ab5c125483213ab6937f766d26226ba697d,,d412c84dc0f1bd8e19cf0f1b3cade44c6d65ff365b68a61ad50f0f457addc886,True
typewell:4,inner_t025_fit,487,132,154,3b6e026771491cb21b9979870448abee46433a519b43a0875978170c92c3e4d5,224e1735e56da67ec311643a44af2e943a7e674945e5d62980a1e5498eacc49e,d412c84dc0f1bd8e19cf0f1b3cade44c6d65ff365b68a61ad50f0f457addc886,True
typewell:4,inner_t027_fit,487,132,154,3b6e026771491cb21b9979870448abee46433a519b43a0875978170c92c3e4d5,224e1735e56da67ec311643a44af2e943a7e674945e5d62980a1e5498eacc49e,d412c84dc0f1bd8e19cf0f1b3cade44c6d65ff365b68a61ad50f0f457addc886,True
typewell:4,inner_t016_selection,487,132,154,3b6e026771491cb21b9979870448abee46433a519b43a0875978170c92c3e4d5,224e1735e56da67ec311643a44af2e943a7e674945e5d62980a1e5498eacc49e,d412c84dc0f1bd8e19cf0f1b3cade44c6d65ff365b68a61ad50f0f457addc886,True
typewell:4,inner_t025_fit,497,122,154,ba77473b8335798647ec177c5315cd896957c8665c213247fa3d7977830c6c3f,5dba9e7db89a47b1d67388af863f3f1d57a8d736caaf4d70db6330381c83e251,d412c84dc0f1bd8e19cf0f1b3cade44c6d65ff365b68a61ad50f0f457addc886,True
typewell:4,inner_t027_fit,497,122,154,ba77473b8335798647ec177c5315cd896957c8665c213247fa3d7977830c6c3f,5dba9e7db89a47b1d67388af863f3f1d57a8d736caaf4d70db6330381c83e251,d412c84dc0f1bd8e19cf0f1b3cade44c6d65ff365b68a61ad50f0f457addc886,True
typewell:4,inner_t016_selection,497,122,154,ba77473b8335798647ec177c5315cd896957c8665c213247fa3d7977830c6c3f,5dba9e7db89a47b1d67388af863f3f1d57a8d736caaf4d70db6330381c83e251,d412c84dc0f1bd8e19cf0f1b3cade44c6d65ff365b68a61ad50f0f457addc886,True
typewell:4,inner_t025_fit,499,120,154,495ab782147f08d6758bcdcafd570b70ccafc1b4d39ab5f5b4703c7031efc8e9,bbde2b3cdafe98530d96f31a47a1c3d18809c9462646a9bda1d8aee6743ba6d2,d412c84dc0f1bd8e19cf0f1b3cade44c6d65ff365b68a61ad50f0f457addc886,True
typewell:4,inner_t027_fit,499,120,154,495ab782147f08d6758bcdcafd570b70ccafc1b4d39ab5f5b4703c7031efc8e9,bbde2b3cdafe98530d96f31a47a1c3d18809c9462646a9bda1d8aee6743ba6d2,d412c84dc0f1bd8e19cf0f1b3cade44c6d65ff365b68a61ad50f0f457addc886,True
typewell:4,inner_t016_selection,499,120,154,495ab782147f08d6758bcdcafd570b70ccafc1b4d39ab5f5b4703c7031efc8e9,bbde2b3cdafe98530d96f31a47a1c3d18809c9462646a9bda1d8aee6743ba6d2,d412c84dc0f1bd8e19cf0f1b3cade44c6d65ff365b68a61ad50f0f457addc886,True
typewell:4,inner_t025_fit,492,127,154,b2c1b6eaff500dcf4a6723356f16395d098fb3c3db0dd50c2d0a9f855b471eb3,49bed772ac014e0d0f8198aff0a9d71aed2bb800c8f00f61fa196eabcf20647f,d412c84dc0f1bd8e19cf0f1b3cade44c6d65ff365b68a61ad50f0f457addc886,True
typewell:4,inner_t027_fit,492,127,154,b2c1b6eaff500dcf4a6723356f16395d098fb3c3db0dd50c2d0a9f855b471eb3,49bed772ac014e0d0f8198aff0a9d71aed2bb800c8f00f61fa196eabcf20647f,d412c84dc0f1bd8e19cf0f1b3cade44c6d65ff365b68a61ad50f0f457addc886,True
typewell:4,inner_t016_selection,492,127,154,b2c1b6eaff500dcf4a6723356f16395d098fb3c3db0dd50c2d0a9f855b471eb3,49bed772ac014e0d0f8198aff0a9d71aed2bb800c8f00f61fa196eabcf20647f,d412c84dc0f1bd8e19cf0f1b3cade44c6d65ff365b68a61ad50f0f457addc886,True
typewell:4,inner_t025_fit,501,118,154,3f1c9c0b41e2e4509a4260c19c1fe347f7c4696fb7984dcd132c79011835e02e,1e919fd370bed3768586c0fde3326da7de52c38ff2a3011fb9a9a2c8f031bc2f,d412c84dc0f1bd8e19cf0f1b3cade44c6d65ff365b68a61ad50f0f457addc886,True
typewell:4,inner_t027_fit,501,118,154,3f1c9c0b41e2e4509a4260c19c1fe347f7c4696fb7984dcd132c79011835e02e,1e919fd370bed3768586c0fde3326da7de52c38ff2a3011fb9a9a2c8f031bc2f,d412c84dc0f1bd8e19cf0f1b3cade44c6d65ff365b68a61ad50f0f457addc886,True
typewell:4,inner_t016_selection,501,118,154,3f1c9c0b41e2e4509a4260c19c1fe347f7c4696fb7984dcd132c79011835e02e,1e919fd370bed3768586c0fde3326da7de52c38ff2a3011fb9a9a2c8f031bc2f,d412c84dc0f1bd8e19cf0f1b3cade44c6d65ff365b68a61ad50f0f457addc886,True
