well_id,split,rows_scored,rmse,mean_error,sse,regime,uncertainty,datum_sse,trend_sse,shape_sse,trend_per_row,fold_v1,fold_v2,fold_v3,fold_v4,fold_v5
000d7d20,cv,3836,10.1049152378,-8.66278134909,391691.320688,short_hidden,0.326626957872,287867.942774,82568.5431859,21254.8347286,-0.00418967225783,0,4,2,0,4
00bbac68,cv,6014,14.4041776828,-13.0054166315,1247786.733,long_hidden,0.265693537464,1017213.14262,66262.97554,164310.614837,-0.00191196950133,2,4,3,4,3
00e12e8b,cv,4301,25.618311852,18.0675090785,2822737.27713,short_hidden,0.00464293840759,1403996.43738,1310297.54878,108443.29097,0.0140579319019,4,0,0,1,2
015fe0d2,cv,4296,9.03112510009,3.65723592556,350387.003584,short_hidden,0.107512416956,57460.6093468,119552.53636,173373.857877,0.00425376626692,2,2,3,1,2
01869cd4,cv,5557,29.5750736748,26.8514261812,4860624.4498,long_hidden,0.455273999157,4006591.93183,783726.615008,70305.9029607,0.0074030781263,4,0,0,3,4
01982c1d,cv,3941,36.669532616,32.6158918034,5299283.86638,short_hidden,1.70481788228,4192421.60502,1025233.41555,81628.8458066,0.0141772618615,4,4,2,1,3
028d7b28,cv,6234,52.1803807558,44.4804859157,16973886.1747,long_hidden,0.103356148272,12334053.9525,1368583.30492,3271248.91725,0.00823334000787,4,0,4,2,3
02e7fe5a,cv,5108,11.1104693193,4.5192109083,630544.435552,medium_hidden,0.571510697447,104322.04903,405483.391584,120738.994938,0.00604227981912,2,1,2,4,2
0390d174,cv,4411,21.6955419778,19.4499853814,2076242.44549,medium_hidden,0.556026229252,1668689.81912,211002.640258,196549.98611,0.00543161516668,0,3,2,1,4
03a935ae,cv,2786,25.267684964,-19.8313700473,1778738.14698,short_hidden,1.0989118934,1095687.10093,716.521206295,682334.524844,-0.000630570293514,1,2,4,0,1
044af7d1,cv,4519,15.2775285486,-13.6216537787,1054747.60818,medium_hidden,0.00616784625324,838497.972083,180929.410867,35320.2252302,-0.00485044636012,2,0,1,1,3
0498acab,cv,4798,9.81998489214,-9.21613007674,462681.231547,medium_hidden,0.107676899268,407527.983132,41157.6313532,13995.6170615,-0.00211458649129,2,4,3,0,0
052d64df,cv,2445,9.10420771574,7.88949364246,202657.732431,short_hidden,0.528491600361,152186.84879,36102.0336577,14368.8499838,0.00544425172677,2,2,1,4,4
05948241,cv,3879,8.14090637796,7.69971543422,257078.229464,short_hidden,1.51958957328,229968.911322,2226.6051045,24882.7130374,0.000676600895469,0,0,1,1,4
059c8f24,cv,6258,58.3371354621,-34.0465677694,21297359.358,long_hidden,3.15719409839,7254078.2057,10175142.1095,3868139.04281,-0.0223206856955,4,3,0,2,4
05a0ee4d,cv,4348,39.2937401595,32.2065352225,6713303.37237,medium_hidden,0.00450950417229,4510010.44121,2071555.8815,131737.049656,0.0173902032527,1,0,1,1,1
060ab2b8,cv,6258,8.54168482549,-7.60300738024,456586.0559,long_hidden,1.17132661503,361748.20342,20657.6505537,74180.2019261,-0.00100572154449,3,4,4,1,2
06df5958,cv,3509,11.8398588921,-10.8984462973,491899.54537,short_hidden,0.449290416692,416785.446118,67281.9751352,7832.12411721,-0.00432279812495,2,1,3,1,1
071d7b45,cv,3211,19.5888535186,-16.8837573738,1232135.13796,short_hidden,1.01595912195,915331.715675,312558.94751,4244.47477369,-0.0106437864763,2,3,1,1,0
0849b4e2,cv,5537,13.8083856439,11.6198984372,1055748.17351,long_hidden,0.00433552861547,747617.033762,258699.151731,49431.9880199,0.00427638056549,4,1,1,3,2
084d66f9,cv,3885,9.66630683665,2.8213060161,363004.640337,short_hidden,0.311984844591,30923.6972676,83071.5205196,249009.42255,0.00412315994848,0,2,4,3,0
08fecf00,cv,5574,40.4192021752,35.4982769379,9106310.15556,long_hidden,0.825413208188,7023951.60784,1909307.97615,173050.571566,0.0115021274857,0,1,4,4,1
09053135,cv,5907,5.36749190339,1.60199513429,170180.48885,long_hidden,0.934410479302,15159.6563396,10936.2907583,144084.541752,0.000797949114306,4,2,0,3,0
09441b8d,cv,5488,11.8026387504,9.76278235403,764490.920721,long_hidden,0.535748068802,523071.813075,85595.7102047,155823.397441,0.00249284614937,3,1,0,4,1
0955cd6c,cv,5195,21.8773379436,-20.4556055879,2486420.07101,medium_hidden,0.592899756977,2173753.20084,280960.964162,31705.9060092,-0.00490382875048,0,4,1,0,4
09ec2ca9,cv,5885,46.7784068803,-38.7937026824,12877670.8763,long_hidden,0.00488795200613,8856638.79957,3936267.98576,84764.0909765,-0.0152234560425,1,3,0,2,2
0a57a29c,cv,5821,49.6645188381,45.9207980171,14357871.5553,long_hidden,0.0820457650584,12274857.3186,1917560.20948,165454.027271,0.010801118608,2,0,0,4,2
0bbf5e67,cv,4298,3.142501377,-2.72541980579,42444.1034593,short_hidden,0.660041559427,31925.1705804,2990.89154111,7528.04133785,-0.000672343716222,4,1,2,1,2
0be01c24,cv,4738,30.5922395698,26.3345813832,4434223.70755,medium_hidden,0.417890488985,3285851.21687,1071278.91837,77093.572311,0.0109938378549,3,2,1,3,0
0c1b160c,cv,5054,34.0771659581,-30.133971467,5868973.87364,medium_hidden,0.270726735395,4589316.21865,1188269.8386,91387.816394,-0.0105098208232,3,1,1,2,3
0d99f8e4,cv,5823,12.1158159101,10.2213866907,854775.610861,long_hidden,0.00526458955564,608368.091269,20997.7243139,225409.795278,0.00112968291063,4,4,0,0,0
0dc5e64d,cv,4879,67.9480192768,-57.3123277496,22526017.686,medium_hidden,0.0358654808374,16026065.508,6090341.62752,409610.550459,-0.0250850650834,2,2,0,2,4
0dc835f3,cv,4428,17.3543045534,15.6716513906,1333589.11356,medium_hidden,1.47351494412,1087519.71056,1236.83484433,244832.568159,0.000413461495994,4,1,3,2,1
0dd99dc5,cv,7342,17.480804006,12.936928995,2243557.41086,long_hidden,0.00452232636718,1228787.45584,635205.370215,379564.584801,0.00438860140027,4,3,2,0,1
0e5e560d,cv,3253,24.275887033,18.5108805595,1917053.70261,short_hidden,0.893737385567,1114649.23014,780655.072975,21749.3994964,0.0164965885187,2,3,0,0,2
109d9d70,cv,4215,72.9641062615,-62.3975509077,22439651.7827,short_hidden,1.06674510807,16410910.1243,5994566.34402,34175.3143462,-0.0309936805395,1,1,2,2,3
10a1281a,cv,5609,18.512905584,12.6495307747,1922359.51876,long_hidden,1.24190597269,897499.617046,827511.972037,197347.929679,0.00750152589436,3,1,0,0,3
10b89021,cv,5414,53.2963593047,40.5165449858,15378477.3685,long_hidden,0.231646778318,8887570.5208,6072999.20338,417907.644363,0.0214296395084,2,1,0,4,2
10be2420,cv,3271,3.85588768214,-2.38591155726,48632.8021724,short_hidden,0.173224110225,18620.4094201,24098.8314188,5913.56133351,-0.00287453644299,3,0,3,3,4
113011eb,cv,3272,27.597044523,21.4880984957,2491944.94688,short_hidden,0.525833319529,1510807.96941,925379.82353,55757.1539406,0.0178045382046,4,1,4,3,4
1131525f,cv,4159,23.0643613454,19.9693578004,2212441.45461,short_hidden,0.974268924584,1658506.26874,524093.179075,29842.0067977,0.00934999780224,2,0,1,4,4
11d0f5ac,cv,4883,25.083077523,22.1080746517,3072192.0791,medium_hidden,0.231745438723,2386649.08914,639012.74408,46530.2458791,0.00811550043714,3,4,4,2,1
12203f2a,cv,3261,16.0893366478,12.9515067421,844164.484028,short_hidden,0.608487071835,547005.119192,275673.149483,21486.2153536,0.00976701105341,1,1,4,0,0
122bd617,cv,4570,21.8765681744,18.5133879492,2187129.95436,medium_hidden,0.722571288267,1566347.08744,578928.247228,41854.6196943,0.00853156499123,2,2,2,1,0
125be846,cv,6510,59.5559500507,50.886363437,23090391.8238,long_hidden,0.126785975555,16857137.1148,6193914.03213,39340.676815,0.0164135201234,3,1,0,4,4
1285a37b,cv,5597,9.88495633227,-7.52341429387,546896.088384,long_hidden,0.139898576103,316800.065481,219399.823079,10696.1998238,-0.00387503657596,4,1,4,4,3
1295a25b,cv,5551,70.1532627163,-62.1225824156,27319136.9773,long_hidden,0.373212889968,21422503.8305,5448673.82335,447959.323515,-0.0195514600205,4,0,3,1,0
12f0cd90,cv,5947,74.9948156661,-62.0622248171,33447250.4748,long_hidden,0.799319894531,22906177.3487,10493183.1969,47889.9291672,-0.0244679367393,3,2,3,0,0
137d1e44,cv,4554,11.0567466762,7.06370291537,556734.000721,medium_hidden,0.18322184416,227225.923484,164313.642829,165194.434408,-0.0045691762014,0,3,2,4,4
13ce113d,cv,2966,15.9855412677,12.2613466503,757924.312861,short_hidden,0.00584483682992,445910.2839,298699.458089,13314.5708726,0.0117206350947,1,0,3,1,2
13f598d9,cv,7306,17.6753804845,13.5525910748,2282533.76394,long_hidden,0.00565394607822,1341912.92768,747753.464154,192867.372106,0.00479678598334,2,1,2,2,0
14a53cb3,cv,6919,51.9222217105,-45.3412459184,18653050.4658,long_hidden,0.270879041346,14224277.9549,4342833.98811,85938.5227787,-0.0125433125985,4,0,4,1,3
14ab73fb,cv,3649,43.0671454871,35.068878095,6768088.64546,short_hidden,0.544492791512,4487635.84337,2256707.47025,23745.3318426,0.0236084501578,2,1,3,1,3
14ad5efb,cv,5842,63.5192957815,-53.9124402598,23570722.8715,long_hidden,0.783370069035,16980072.1967,6547913.52388,42737.1509054,-0.0198517943706,3,0,3,2,1
14fee784,cv,4910,14.3728464936,-5.47362234619,1014301.49717,medium_hidden,0.318732740801,147106.2592,541506.984024,325688.253949,-0.00740918476383,3,2,0,4,2
153552f5,cv,4695,5.72356671384,-4.79027103068,153804.518781,medium_hidden,0.07694689179,107734.74029,128.802808492,45940.9756828,-0.000122208075315,0,0,3,1,1
1550491d,cv,4563,16.1321207755,13.453215819,1187499.39842,medium_hidden,0.0816330294081,825852.87943,271003.371624,90643.1473687,0.00585062519866,2,0,1,0,0
155887bb,cv,5585,65.0562318963,-58.5295146287,23637469.8282,long_hidden,0.849252279674,19132557.3017,4374253.74277,130658.783716,-0.0173583263769,4,0,3,2,0
1590af81,cv,3799,12.4401120102,-11.6828582433,587919.513555,short_hidden,0.347732461212,518522.382412,59411.4133473,9985.71779509,-0.00360596610142,1,1,0,0,0
15e154a1,cv,6068,49.8310085391,-44.6426631891,15067629.2722,long_hidden,0.392875336848,12093326.0413,2861184.70866,113118.522168,-0.0123963896401,1,0,4,4,2
1619e2ca,cv,4443,19.2466138577,17.4392499034,1645830.02017,medium_hidden,0.544781604511,1351238.20345,283011.196554,11580.6201679,0.00622268723387,1,3,1,3,0
16e4a047,cv,4131,11.7163811183,10.476793701,567077.185874,short_hidden,1.23698435622,453431.805033,434.110531839,113211.270309,-0.000271836646821,3,0,4,3,2
173ed841,cv,4883,86.0016542237,-76.8676394315,36116057.3561,medium_hidden,1.07508851143,28851859.7818,6965875.38958,298322.184735,-0.0267946689898,1,2,3,1,4
1770d7c6,cv,7240,23.7354759409,20.5846814327,4078819.20334,long_hidden,0.00587182522081,3067798.75411,911642.128158,99378.3210714,0.00536901937278,2,4,1,2,4
177622d7,cv,3154,21.6165491632,19.2085752983,1473785.97362,short_hidden,0.267016340793,1163729.37718,297919.085696,12137.5107479,0.0106744934384,3,3,2,4,2
18d24f7b,cv,4558,36.7784487083,31.1504491282,6165398.25103,medium_hidden,0.00447287717374,4422857.49188,1714375.74026,28165.0188922,0.0147394798745,3,0,2,0,4
19137a89,cv,6267,48.9586212567,-41.6158588358,15021664.3131,long_hidden,0.128620868822,10853690.1215,4055008.88793,112965.303652,-0.0140603778475,4,3,0,1,2
1944513c,cv,4722,25.6334727557,18.1218897577,3102707.79829,medium_hidden,0.566388185454,1550718.43897,1378347.21016,173642.149155,0.0125337484552,3,3,3,1,0
197f8a5a,cv,6310,10.867101369,-4.42467593947,745172.459549,long_hidden,0.711267272752,123535.647739,303329.984945,318306.826866,0.00380631092414,4,3,4,0,2
19871e7f,cv,5293,11.3003370613,7.70515187762,675903.490486,medium_hidden,0.00459507416253,314242.051365,328959.204276,32702.2348449,0.00515951418768,3,2,2,2,1
198a5607,cv,6251,4.83683565393,2.38293982361,146242.014623,long_hidden,0.00777602271609,35495.6921706,14888.5922701,95857.7301828,0.00085525022794,2,1,1,0,2
19fb4f7b,cv,5620,16.1399265941,-10.9474248315,1463994.4352,long_hidden,0.0585095524216,673535.140676,704006.148524,86453.1460043,-0.00689881315147,3,1,2,2,3
1a518997,cv,4606,79.9362691426,67.0708945273,29431451.6151,medium_hidden,1.08248206518,20720113.5357,8691856.76989,19481.3095054,0.0326708936079,4,0,4,3,2
1a68190b,cv,4474,46.9150119164,-42.1381414062,9847356.06709,medium_hidden,0.404830767913,7944137.12828,1695244.59339,207974.345421,-0.0150717210738,0,4,1,3,1
1a730ac2,cv,4605,9.95392413127,-9.24157761074,456266.188839,medium_hidden,1.59674334758,393298.114766,41145.8176611,21822.2564113,-0.00224858355457,3,3,2,4,3
1aaf1da0,cv,4804,18.0853652854,-14.3793426966,1571294.42177,medium_hidden,0.178697136304,993301.444636,522678.018258,55314.9588786,-0.00752147908562,1,0,3,0,1
1b08ed48,cv,5618,7.45453262837,-6.489487302,312192.578583,long_hidden,0.146968682484,236593.336498,59539.8741655,16059.3679195,-0.00200734483015,4,2,4,4,1
1b1c5372,cv,4261,17.3199179371,13.8632232019,1278212.89386,short_hidden,0.56537873495,818917.148104,432458.456337,26837.2894237,0.00819021930095,0,0,0,0,4
1b1eba53,cv,4655,45.840553418,30.7315588882,9781813.75184,medium_hidden,0.752236603636,4396315.65296,4247467.72362,1138030.37525,0.0224789565959,2,0,3,0,0
1b6ba517,cv,6597,50.319566544,44.7151367629,16703991.753,long_hidden,0.439059910477,13190328.4774,3003766.34165,509896.933971,0.011204796547,4,1,1,1,4
1b82b665,cv,3806,32.0603116647,-26.1182412835,3912048.80084,short_hidden,0.0049393169001,2596310.58059,1300051.14558,15687.0746709,-0.0168216147011,4,3,1,4,1
1bcb2fcf,cv,4524,23.018815873,-19.107100556,2397113.2601,medium_hidden,0.00456951765481,1651627.76346,677106.734596,68378.7620405,-0.00936775029916,4,2,0,1,2
1beca81d,cv,5036,39.2736153427,33.0103132538,7767611.31748,medium_hidden,0.54990692026,5487632.41368,2210859.93423,69118.9695659,0.0144126109682,4,3,1,2,0
1d3fbf02,cv,2694,9.51307848558,-8.1232654965,243803.396163,short_hidden,0.473923729542,177770.169628,57176.2304964,8856.99603866,-0.005923822348,0,2,0,0,1
1d78281a,cv,4949,29.613603671,-25.5003005458,4340102.37028,medium_hidden,0.105095364041,3218163.10791,1057704.55503,64234.7073425,-0.0102328507188,0,0,3,0,2
1e30dedf,cv,4071,6.19411846045,5.21070491867,156192.478357,short_hidden,0.213962174023,110533.535646,30257.8938318,15401.0488792,0.00231984158857,0,3,0,0,3
1e5e3573,cv,5480,36.2717804667,-33.3523988864,7209718.47907,long_hidden,0.521295657522,6095856.16288,1026249.65911,87612.6570751,-0.00865060148531,3,1,2,1,0
1f9afacb,cv,5328,9.25262937964,-7.36356737722,456136.209528,medium_hidden,0.00580123422545,288895.479436,150972.626172,16268.1039203,-0.00346093474821,1,4,0,3,0
1fdbba44,cv,4911,34.9731217075,-27.1846690112,6006738.59731,medium_hidden,0.580830971167,3629259.59183,2131319.60282,246159.402658,-0.0146946761923,0,4,2,2,0
1fee2b62,cv,4641,5.16210923021,2.9077525976,123670.452081,medium_hidden,0.00519948816735,39239.7718087,34028.2269343,50402.4533383,0.00202112391407,0,4,1,2,3
20096916,cv,5133,41.9586451051,-33.6199018504,9036789.70584,medium_hidden,0.798869120585,5801818.60962,3137767.61003,97203.4861872,-0.0166856881573,1,2,0,1,4
200d233d,cv,3926,19.9538436044,-15.6368813269,1563159.96364,short_hidden,0.491004447342,959954.338265,547171.782507,56033.8428718,-0.0104166252605,2,3,1,3,1
201661b5,cv,5955,44.1502663763,-33.9077990757,11607760.0556,long_hidden,1.01786583118,6846694.78123,4353156.07628,407909.198113,-0.0157278768388,3,1,1,4,1
203721ab,cv,5730,5.99140153554,-0.86921238004,205689.193223,long_hidden,0.592272203382,4329.18782605,134907.189469,66452.8159281,0.00293343347762,2,4,2,3,3
20402d71,cv,6372,18.778206587,14.4931371444,2246901.2836,long_hidden,0.474929375033,1338445.12675,742901.187656,165554.969195,0.00587005950868,2,3,2,0,4
2043abc5,cv,6958,6.87043708051,-5.55662096386,328437.817702,long_hidden,0.0433431555001,214835.462217,6.70665093508,113595.648834,1.54567022994e-05,4,4,1,1,3
204cc64b,cv,4805,23.7083208671,17.9841461759,2700815.91842,medium_hidden,0.0143888223669,1554078.81321,1102278.81314,44458.2920755,0.0109193371182,1,1,2,4,3
206b6193,cv,6535,9.37903444606,7.07767051917,574859.686462,long_hidden,0.203136536914,327360.499555,213426.761395,34072.4255115,0.00302933063906,3,1,0,3,0
2075c696,cv,3188,4.76807924142,-1.95320463712,72477.839932,short_hidden,1.19813814662,12162.246634,19864.6815193,40450.9117787,-0.00271240151708,1,2,3,1,0
22c5f93f,cv,5172,15.9302210297,-11.1515842766,1312508.48431,medium_hidden,0.426430031739,643178.706476,559203.522995,110126.254842,-0.00696446573862,4,3,1,3,3
230eaaa3,cv,4690,23.1908709806,-17.7971318605,2522359.37018,medium_hidden,0.00601831042171,1485500.76253,1009701.3733,27157.2343513,-0.0108374683533,0,3,3,4,1
2364716c,cv,4316,16.3834103446,9.47888171447,1158484.03659,short_hidden,0.00472680604246,387789.140972,600074.985718,170619.909898,0.00946392396433,2,2,4,0,1
23b9beb0,cv,7340,27.7911037251,21.8368498524,5669015.57555,long_hidden,0.44429032311,3500064.40423,2035943.64816,133007.523151,0.00786012429571,4,0,1,2,0
24d8997e,cv,3442,8.731156858,-6.95586335485,262394.330472,short_hidden,0.00530603568576,166537.848509,78290.8390337,17565.6429292,-0.00479987376852,1,1,1,2,1
25050f63,cv,6124,57.938831686,51.7144356187,20557705.9218,long_hidden,1.2478704692,16377920.5817,3983550.0452,196235.294835,0.0144268991052,1,1,0,4,3
25939962,cv,4319,6.77581147704,3.3867751969,198292.291843,short_hidden,0.327224968639,49539.9934861,33284.5582542,115467.740103,-0.00222657448129,0,2,4,3,0
25fd32b3,cv,2885,13.0707007532,-10.5159134857,492882.684446,short_hidden,0.455919586805,319036.099126,171446.701157,2399.88416325,-0.0092562801285,4,3,3,0,4
261785ee,cv,3646,36.4272566445,31.7793679213,4838041.56714,short_hidden,0.110476645195,3682198.3101,1093904.08719,61939.1698427,0.0164571741694,3,3,1,1,0
264feceb,cv,5665,8.17675654902,-1.47661877737,378758.204505,long_hidden,0.194037431634,12351.9830725,79705.1104931,286701.11094,0.00229368535986,4,0,2,4,3
26623a50,cv,5735,42.7230531809,35.6330829108,10467861.9312,long_hidden,0.181266429871,7281824.68798,3081393.48205,104643.761188,0.014001161853,0,4,2,0,4
26d3a96a,cv,4721,47.6781031111,-43.6099989766,10731784.3583,medium_hidden,0.56336113815,8978548.92269,1592732.48046,160502.955195,-0.0134775530654,4,3,3,3,4
272abef3,cv,4135,28.1164385776,21.6409053196,3268858.57912,short_hidden,0.363122894991,1936539.51792,1289704.945,42614.1161973,0.0147952581567,4,4,3,1,4
27300fd5,cv,5467,23.1545359017,-20.002691451,2931036.55693,long_hidden,0.428829464236,2187388.60611,702878.079783,40769.871044,-0.00718467320756,0,4,2,4,3
276b012a,cv,4837,31.8518093939,-11.5032752733,4907319.15316,medium_hidden,1.69828349529,640057.67932,3585300.99515,681960.478695,-0.0194979661485,2,0,4,2,3
27c3155b,cv,4958,77.4363678422,67.087653714,29730106.8983,medium_hidden,1.02284686646,22314734.7664,7147186.96011,268185.171721,0.0265276280515,0,2,0,1,0
27ebb9b9,cv,5766,55.60098701,-39.0350939631,17825414.6159,long_hidden,0.659085072641,8785876.54104,7548320.9787,1491217.09618,-0.0217372125609,2,0,1,3,0
283269ac,cv,2626,6.41808407928,-5.01597307753,108169.675331,short_hidden,0.0731044938979,66070.1230116,36815.740483,5283.81183651,-0.00493929928354,1,3,0,2,2
28473855,cv,4290,14.1641031831,9.12346420627,860667.603433,short_hidden,0.301264672915,357089.300238,433401.949872,70176.3533232,0.0081161511598,0,1,2,4,3
28f4eda9,cv,5266,27.4596541799,-23.4407009508,3970735.71204,medium_hidden,0.200692245438,2893490.38397,1062545.03328,14700.2947868,-0.00934421928111,4,4,2,2,3
29b24409,cv,5587,22.1118319187,-18.4491634505,2731669.29005,long_hidden,0.551231229656,1901656.3081,775285.650043,54727.3318997,-0.0073038777538,2,2,2,1,0
29de15c8,cv,3431,11.4289515762,9.96276634797,448160.425007,short_hidden,0.201725745951,340549.783347,101181.272606,6429.3690534,0.00548289126413,1,0,0,4,2
2ab29395,cv,1852,2.04392287437,-0.738840416981,7736.9535667,short_hidden,2.42002928904,1010.97931959,3319.14936195,3406.82488516,-0.00250404777679,1,0,4,4,2
2ac7cb6b,cv,4990,24.5875249092,-18.7903307118,3016686.44198,medium_hidden,0.400301999999,1761851.876,972118.339403,282716.226574,-0.00968945570018,3,3,1,1,3
2acc78d4,cv,4266,12.4353072983,-4.63888511058,659680.87719,short_hidden,0.100719048447,91801.142125,328569.248245,239310.486821,-0.00712644299188,4,0,4,2,2
2b034622,cv,5203,10.5787225595,9.17943019174,582264.457268,medium_hidden,0.00883758066566,438414.86677,109487.879122,34361.7113755,0.00305416793857,2,0,1,3,1
2b06ad65,cv,4256,8.48482582811,7.41946318509,306399.098283,short_hidden,0.271986858564,234286.134912,63301.5082084,8811.45516276,0.00313902832706,1,3,1,2,1
2b547943,cv,3480,23.2563350959,-20.2122284671,1882182.78489,short_hidden,0.28323899245,1421698.94503,442108.078454,18375.7613973,-0.0112198228622,4,1,3,0,3
2be5c96a,cv,4210,6.87219034707,-5.52184972679,198825.670701,short_hidden,0.00436477142246,128366.370746,5176.88572297,65282.4142315,-0.000912434673665,3,1,3,1,3
2bff06cf,cv,7624,74.8821013242,-65.6014506743,42750277.0487,long_hidden,0.788936718105,32810267.7203,8989762.08865,950247.239724,-0.0156023635989,4,0,2,0,4
2c0c4a4e,cv,4790,3.55874885105,2.88835121048,60663.8813134,medium_hidden,0.115892532686,39960.9233052,6117.32593996,14585.6320682,0.000817274922004,4,1,0,0,4
2cee0cba,cv,5500,27.9381025019,-21.0370861245,4292956.64273,long_hidden,0.51533787787,2434074.45935,1669555.77747,189326.405913,-0.0109735478661,2,1,3,1,1
2d0c268a,cv,4550,8.26549320808,6.57767502994,310848.619776,medium_hidden,0.317710297699,196859.430038,72444.8802492,41544.3094893,0.00303792737921,4,1,4,4,0
2d179ded,cv,7008,63.1669954999,-54.2419274932,27962405.798,long_hidden,0.0295662661771,20618844.3808,6691509.12894,652052.288195,-0.0152743073451,4,3,0,2,3
2d196986,cv,6474,29.481966692,-25.8587202119,5627112.49481,long_hidden,1.10465123829,4328991.66279,1253543.03545,44577.7965772,-0.00744562586828,0,2,4,4,2
2d2d0c6b,cv,5045,2.23976468968,0.508262317385,25308.4738896,medium_hidden,0.00428182459584,1303.27779262,6630.89883335,17374.2972636,0.000787199984177,0,0,0,1,0
2d35f86d,cv,4896,42.2561570681,-33.4513165074,8742213.43858,medium_hidden,0.00637419323369,5478577.86047,3149156.8967,114478.681401,-0.0179442647261,3,4,2,3,2
2d9f6cb9,cv,7338,55.7186085324,-49.282251915,22781285.7653,long_hidden,0.374476728531,17822096.7163,4606547.32893,352641.720096,-0.0118280141313,2,1,1,2,0
2ddad940,cv,5331,27.5566753034,17.1041987326,4048203.356,medium_hidden,0.678052879111,1559603.31775,2120041.30864,368558.729616,0.0129583518668,1,1,4,0,4
2e29e833,cv,5428,37.3436482579,-33.0824239827,7569606.89795,long_hidden,0.226162701462,5940657.10324,1504491.86182,124457.932883,-0.0106249230488,4,0,2,3,4
2e43c2ea,cv,5698,18.7317911317,-16.480115176,1999314.23431,long_hidden,0.220895748149,1547543.73003,428837.775719,22932.7285557,-0.00527416217466,3,3,3,1,1
2e63d9de,cv,4699,15.1592254423,-7.83179943115,1079840.14313,medium_hidden,1.12279000455,288222.949867,643248.024265,148369.168995,-0.00862525007924,3,2,3,0,2
2ee0235b,cv,5556,21.4557284563,-19.046757456,2557695.06363,long_hidden,0.0623556978598,2015599.95502,321033.755569,221061.353036,-0.00473939192362,2,3,4,2,0
2f19d536,cv,3088,12.5957047382,9.42753531543,489916.690005,short_hidden,0.75984301914,274456.567518,202919.539032,12540.5834548,0.00909361664318,2,2,3,4,2
2f8e53c3,cv,2594,8.11164348537,6.45983297123,170681.983528,short_hidden,0.188442639147,108246.17259,59907.7304638,2528.08047399,0.00641766629929,1,0,1,4,2
2fa01aa6,cv,2174,29.9673352139,23.9479340187,1952341.52494,short_hidden,0.550580274487,1246796.70415,672235.752538,33309.0682547,0.0280196149334,3,3,0,3,2
2fd68f7b,cv,4730,27.9913859656,-25.5316036566,3706038.66553,medium_hidden,0.00806803293284,3083310.97436,522891.82268,99835.8684921,-0.00770025037698,1,4,2,0,0
2fe023be,cv,4221,10.8036877945,7.05303704183,492673.726909,short_hidden,0.10236288084,209975.044318,213730.985082,68967.6975088,0.00583984540853,2,2,3,2,3
30d75030,cv,3404,24.5937508448,19.0451424221,2058918.18442,short_hidden,1.19263712438,1234690.19938,794884.723622,29343.2614148,0.0155510024562,3,2,4,4,3
310c71a5,cv,5245,6.03479719274,-1.44622198185,191016.486191,medium_hidden,0.814324875848,10970.221819,61723.3233989,118322.940973,0.00226567202909,2,1,0,4,3
32fe84c9,cv,6408,149.026061905,129.573149303,142313779.749,long_hidden,3.05569129009,107585200.137,34705585.5824,22994.0296933,0.0397838273933,3,0,2,1,2
33c40295,cv,4169,51.1561896635,-40.3737858845,10910088.4837,short_hidden,0.00580976535442,6795647.54374,4020916.94522,93523.9947916,-0.0258050879804,3,1,3,2,0
3407f5bf,cv,3638,8.60698063548,-0.109199727277,269503.460769,short_hidden,0.0418507479504,43.3816236312,57060.6565128,212399.422633,0.00377107334644,1,0,2,4,2
3417285d,cv,5449,42.635083525,30.3647693375,9904921.64181,long_hidden,1.21289263619,5024082.713,4295534.26175,585304.667066,0.017849416033,2,4,0,4,4
347242c8,cv,3595,55.91522349,-49.1000318648,11239811.4235,short_hidden,0.382556759913,8666873.19921,2517021.79145,55916.4328043,-0.025496806352,1,2,1,1,3
353e5502,cv,6062,64.3230758781,-54.4022596326,25081270.9442,long_hidden,0.680847500478,17941130.6817,7076898.36511,63241.8973744,-0.0195248726615,4,0,4,0,2
357c12f9,cv,4079,18.3245085416,16.1487401768,1369677.67461,short_hidden,0.188228403469,1063729.00012,297764.762906,8183.91158229,0.0072559909003,3,2,2,1,0
3584a6eb,cv,4494,14.5271488274,12.7102572888,948405.010422,medium_hidden,0.115612934271,726008.577727,2168.17358707,220228.259108,-0.000535411945446,4,0,4,1,1
35b30c7f,cv,9579,29.1590582341,22.5072447737,8144551.23594,long_hidden,0.885847137635,4852492.1487,3009190.39283,282868.694405,0.0064096630374,2,4,2,0,1
35b3ef6a,cv,3904,9.150248841,8.53251675003,326870.418239,short_hidden,0.228554702446,284226.199517,10613.7684657,32030.4502563,0.00146305525548,3,4,3,1,1
367456ce,cv,5569,15.4345579088,11.7459251934,1326678.24299,long_hidden,0.518498573254,768336.87891,528038.260354,30303.1037275,0.00605699895845,1,0,0,4,4
368131f9,cv,4991,17.0801105365,-8.19378386825,1456025.30811,medium_hidden,0.576297509495,335086.227551,955502.28664,165436.793917,-0.00960340273892,3,1,0,2,2
368fe682,cv,4936,22.7912734195,-20.3482951296,2563966.42319,medium_hidden,0.398176508196,2043766.17406,211254.361814,308945.88732,-0.00459124795319,4,1,4,4,4
3690a146,cv,4073,22.8815410408,-18.3140490761,2132479.9208,short_hidden,0.928841576126,1366102.09498,748095.702955,18282.1228726,-0.0115265038871,3,0,2,0,4
37344c2a,cv,5197,10.165700139,-4.55426518587,537065.564069,medium_hidden,0.00447043027821,107792.699199,327876.688685,101396.176185,-0.00529440092899,3,2,3,1,4
373ef48b,cv,3509,20.351037977,-18.2911174735,1453304.09631,short_hidden,0.513015857946,1173988.50931,269409.092405,9906.49459131,-0.00865011164322,3,2,2,3,4
374be387,cv,9965,72.9963751956,-63.1456603732,53098211.4393,long_hidden,1.26753127219,39734186.1348,12904912.1212,459113.183337,-0.0125098527104,1,4,1,3,0
37d36812,cv,4367,45.6733804689,-39.0846359974,9109813.90367,medium_hidden,1.565179852,6671067.50319,2420653.40985,18092.990635,-0.0186759263352,3,2,2,2,3
38991fd4,cv,4798,46.8982858977,39.6534518129,10552957.3582,medium_hidden,0.250870397958,7544357.16276,2964313.05291,44287.142564,0.0179457783813,0,4,2,0,0
389ae58f,cv,6463,16.6302664408,-15.4357499556,1787444.5191,long_hidden,1.39803896217,1539889.74056,107805.165858,139749.612686,0.00218906763665,3,3,2,4,0
3932faa6,cv,5452,18.3504160534,-1.31704229293,1835894.3184,long_hidden,0.522000216432,9457.04138822,717420.642364,1109016.63465,-0.00728859458131,1,1,2,4,0
398dce4b,cv,3166,3.06365600603,-1.78357718137,29716.0383982,short_hidden,0.36115044317,10071.513181,13673.9248302,5970.60038702,-0.00227389744118,1,2,0,2,4
39b51819,cv,4231,8.15310988931,-7.33230204667,281248.112869,short_hidden,0.417135458623,227469.786127,36675.292469,17103.0342729,-0.00241053193852,4,3,4,2,2
3a0af893,cv,2927,11.1989021873,-10.3405297684,367090.90566,short_hidden,0.627690351773,312974.029095,39717.8262926,14399.0502721,-0.00435962667043,1,4,0,3,0
3a223519,cv,4583,11.6579479525,-2.56982807619,622865.220368,medium_hidden,0.368440022057,30266.2068917,388444.328268,204154.685208,-0.00695873406498,1,1,0,3,0
3a7dd95d,cv,3072,23.4337803339,21.056523688,1686964.41059,short_hidden,1.04613228944,1362054.72714,299567.678049,25342.005397,0.0111354123958,2,0,0,0,3
3a824aa7,cv,4201,36.173840087,-27.9442626546,5497204.71459,short_hidden,0.422473217398,3280484.50612,2135733.36223,80986.8462396,-0.0185923860708,2,2,2,3,4
3a86fe8d,cv,5118,30.3384911247,25.9674876661,4710730.25578,medium_hidden,0.672445345185,3451120.70749,1235751.13977,23858.4085207,0.0105173352778,2,3,3,2,4
3aaa2b30,cv,4711,5.32773685039,-3.55954623013,133720.69833,medium_hidden,0.218756755022,59690.110076,35272.2437779,38758.3444765,-0.00201204421481,0,2,3,1,2
3ac16ad0,cv,5649,6.8416136034,-2.85978013043,264416.565668,long_hidden,0.0957292572969,46199.4561859,141492.119387,76724.9900955,-0.00306901770354,3,3,1,4,4
3b21ea64,cv,7376,8.13626000171,0.906539323546,488281.80899,long_hidden,0.263304710302,6061.69670891,22602.1635616,459617.94872,0.000822118216936,2,2,2,4,2
3bbe1f5d,cv,6918,9.75400046364,-6.66742589663,658182.15226,long_hidden,0.615814001857,307536.702026,127505.6711,223139.779134,0.00214973309158,4,3,3,1,1
3bfee975,cv,3603,17.059991676,-14.1325988091,1048629.0675,short_hidden,0.182071557196,719628.447799,312565.556051,16435.0636464,-0.00895498382297,3,3,2,3,2
3c3dbcbc,cv,5069,9.06234669181,-3.49118394795,416297.340615,medium_hidden,0.0793693363577,61782.8240018,257121.808461,97392.7081522,-0.0048671715259,1,1,3,1,4
3d96d897,cv,5659,36.6339734174,26.1589402704,7594649.67924,long_hidden,0.00436867796018,3872397.99319,3226231.31026,496020.375786,0.0146160102778,4,1,4,0,3
3df4b19e,cv,4988,74.8542411249,62.6370202817,27948549.1829,medium_hidden,1.13030792497,19569900.7931,8242442.98562,136205.404203,0.0282311741072,0,2,2,2,1
3e011332,cv,2723,38.4325533255,-28.4034468724,4022037.52539,short_hidden,0.180381329326,2196796.02769,1663485.9585,161755.539202,-0.0314433463835,0,4,3,4,3
3e678ea7,cv,6858,35.6497484632,-30.4845023238,8715863.5101,long_hidden,1.14754515345,6373172.88026,2270587.20175,72103.4280987,-0.00919101551619,3,4,1,1,4
3ef6372a,cv,4727,61.8734569591,-51.5703889986,18096490.7438,medium_hidden,0.907787897778,12571480.2365,5506981.16983,18029.3374882,-0.025013186718,1,3,3,3,2
3ef98781,cv,3892,18.7965104567,16.6461690956,1375077.87041,short_hidden,0.0184332223413,1078453.52811,289143.969133,7480.37317054,0.00767164431451,1,3,2,1,4
3f603129,cv,5051,68.2041656408,-60.7359247755,23496283.2725,medium_hidden,0.013837534518,18632394.2722,4700035.78611,163853.214231,-0.0209206493864,2,2,4,0,2
404c4384,cv,911,3.07415588593,-2.30889208408,8609.3457484,short_hidden,0.835792649593,4856.52519956,3488.03481323,264.785735613,-0.00744052747397,4,1,1,3,0
4121c517,cv,3723,9.95119744907,5.24105193538,368675.029086,short_hidden,0.00522361705491,102265.692324,204712.778706,61696.5580557,0.00689959439984,1,2,3,0,0
41fb0192,cv,2973,10.8149400939,6.62405879356,347730.788614,short_hidden,0.756202781031,130449.754519,195122.919563,22158.1145309,0.0094395746775,3,4,0,3,3
42669188,cv,4282,14.5739177889,-13.6571363851,909492.859354,short_hidden,1.86150133722,798667.396499,15.1555649822,110810.30729,-4.81289853399e-05,3,1,0,0,4
42c538a1,cv,3279,36.2776742411,-29.2631399065,4315392.37692,short_hidden,0.141583385474,2807910.52021,1456800.57969,50681.2770233,-0.0222678645541,3,3,2,2,4
43b06c70,cv,4846,28.732057123,-23.2560132668,4000523.7422,medium_hidden,0.498208999792,2620921.07375,986499.778141,393102.890305,-0.0101991508097,0,2,4,1,0
43c7f85a,cv,5978,38.9168064634,30.0891238256,9053787.5597,long_hidden,0.00450530048851,5412214.41734,3510982.90447,130590.237895,0.0140433629547,3,3,0,0,2
43e16325,cv,3720,17.1287850471,15.8339137018,1091430.43115,short_hidden,1.5490279416,932651.701992,67812.1867312,90966.5424285,0.00397585102942,2,4,1,1,0
44441e54,cv,4357,11.3963459379,-9.58376451847,565872.785104,medium_hidden,0.423684901666,400184.098999,158766.990293,6921.69581166,-0.00479942711278,4,0,4,3,1
445af6c2,cv,6041,72.5692149858,64.2567283504,31813663.7114,long_hidden,0.11620789683,24942848.8424,6760236.90643,110577.96257,0.0191826380889,0,0,0,4,4
4463446c,cv,3256,13.9272851667,-11.0949550085,631563.950003,short_hidden,0.349919792835,400807.174739,206000.89845,24755.8768137,-0.00846249853347,4,3,4,0,1
44a94013,cv,4903,6.55997879511,-3.32717030515,210992.376748,medium_hidden,0.0103173108503,54276.5151602,90387.5852837,66328.2763038,-0.00303355717233,4,1,3,3,3
45fb3e21,cv,3649,15.3971377472,11.8605365436,865075.183596,short_hidden,0.354925939723,513313.321593,334698.448879,17063.4131239,0.009091942786,1,0,4,2,2
460f859e,cv,3336,14.4887255277,9.02413405375,700303.686499,short_hidden,0.538645375509,271667.144721,342439.874637,86196.6671416,0.0105206783795,3,2,2,4,3
4630ab92,cv,3373,7.37822033274,6.27497800102,183619.830294,short_hidden,0.808092460391,132813.051885,20777.0904168,30029.6879927,0.00254893344149,1,2,4,0,0
463c38f2,cv,4460,28.2340548844,23.8672507689,3555341.87425,medium_hidden,0.418396383592,2540619.64033,843273.248789,171448.985135,0.0106800308595,3,3,3,2,0
4654e7de,cv,5373,16.2939717983,9.964384835,1426496.66664,medium_hidden,0.173996071049,533479.609697,656172.307745,236844.749198,0.0071248269201,4,3,4,2,1
466fc788,cv,6197,24.9230673768,22.9748321114,3849324.10443,long_hidden,0.284095985394,3271042.51666,212005.88446,366275.703314,0.00326958281589,3,0,0,2,2
46a301e9,cv,8226,7.33461955683,6.42802166368,442531.193901,long_hidden,0.0058485070537,339893.898597,54996.4024382,47640.8928666,0.00108886668196,3,1,2,2,1
46a7190b,cv,4215,29.1133174549,-23.3723154423,3572571.84238,short_hidden,0.166358734842,2302507.5193,1203216.08497,66848.2381068,-0.0138856457494,0,0,4,4,3
46d24a09,cv,4449,83.9689052368,-71.5240272136,31368907.0807,medium_hidden,0.345948609967,22759689.0999,8359691.33307,249526.647681,-0.0337514275492,4,0,2,2,3
46d41ff6,cv,7901,29.4672435217,-26.9993422919,6860584.00049,long_hidden,0.656101615817,5759548.38964,1065598.60451,35437.0063443,-0.0050917181488,0,3,0,0,1
46dfcfca,cv,3606,4.4462525885,-0.616620039931,71287.598463,short_hidden,0.665837630499,1371.07430676,29407.0898121,40509.4343442,-0.00274333017254,3,4,3,4,2
47222616,cv,4406,52.6482770151,-40.9529021494,12212731.7661,medium_hidden,0.800313029771,7389479.69677,4719215.18038,104036.888984,-0.0257311256218,2,4,2,3,4
47ee27ab,cv,6397,14.3979113085,12.2612869275,1326097.14075,long_hidden,0.165430849243,961719.588093,333452.046853,30925.5058004,0.00390969425444,2,1,1,0,1
481de5fc,cv,5952,29.6178957585,25.5818858336,5221211.94701,long_hidden,0.00436855186786,3895184.51843,134399.719919,1191627.70866,0.00276563859466,2,3,4,1,4
48c1f673,cv,2917,2.64820782791,-2.44499443234,20456.9347093,short_hidden,0.233632129536,17437.8195073,1830.14975536,1188.96544665,-0.000940652727109,0,2,3,2,4
4936af16,cv,3991,16.9090966107,13.3862418473,1141096.93482,short_hidden,0.00617731618575,715153.159943,392806.707054,33137.0678268,0.00861107738853,1,2,1,2,3
493b5b31,cv,4671,39.3984454018,33.3442832049,7250501.36288,medium_hidden,0.748640579098,5193410.35006,1171780.63408,885310.378749,0.0117462432457,2,2,3,3,0
49dbc14c,cv,3872,6.23558596377,-5.91705085134,150553.16511,short_hidden,0.312873984767,135564.49229,5562.76775602,9425.90506409,-0.0010723414141,4,3,2,3,3
4a035ec2,cv,2588,14.6144372814,11.9065799785,552749.639012,short_hidden,0.00489056437347,366892.081876,183904.53379,1953.02334643,0.0112834125012,4,4,4,0,4
4a335117,cv,5015,5.80665850441,2.53242181857,169092.174179,medium_hidden,0.00580781641861,32161.9987398,77650.6331096,59279.5423295,0.00271804552251,2,1,4,1,2
4a8ecc0b,cv,5809,27.5877758337,25.817770037,4421144.94601,long_hidden,0.59877303776,3872031.06342,522421.3387,26692.5438812,0.00565521367204,0,4,0,2,3
4b462989,cv,3106,7.02825547365,-4.59909423604,153425.140759,short_hidden,0.509828561215,65697.0801619,64054.6764545,23673.3841426,-0.00506481852963,4,3,4,3,4
4b831d20,cv,7312,55.8653317829,-47.0414091227,22820278.8786,long_hidden,0.436574552042,16180682.1875,6536112.78455,103483.906618,-0.0141643327859,0,4,1,2,2
4c2208f5,cv,5384,69.5106269684,51.1200351211,26014019.5762,medium_hidden,0.867605376598,14069781.0224,11282703.9845,661534.569286,0.0294536858735,3,3,1,4,1
4c3168cf,cv,4334,39.7709681808,33.8375705124,6855217.43012,medium_hidden,1.54786155302,4962348.42624,1877642.59294,15226.4109422,0.0166365679543,3,2,0,1,2
4c3df468,cv,5392,12.6702397754,3.7272999438,865604.590415,medium_hidden,0.295003678722,74909.7881845,468437.523331,322257.2789,0.00598813583435,2,0,0,2,2
4caa7289,cv,5396,23.3672799488,18.8595552443,2946376.65082,long_hidden,0.449439447553,1919264.51838,889220.570831,137891.561609,0.00824114336763,4,4,3,1,3
4cd1ac61,cv,4489,10.8709680256,9.58158541816,530500.79876,medium_hidden,0.554515441798,412120.631494,5358.89286519,113021.274401,-0.000843147900766,1,0,3,3,2
4cecf7b3,cv,6019,42.6388838987,-35.2095307754,10942989.9347,long_hidden,0.433132048533,7461820.85462,3287063.9234,194105.156709,-0.0134495634766,2,3,3,3,1
4ddde4c1,cv,4472,35.217625864,32.1281289215,5546537.39893,medium_hidden,0.378197192008,4616072.93929,898141.00515,32323.4544949,0.0109776708256,1,0,0,2,3
4e050c92,cv,3705,64.9255591064,55.2493875929,15617791.0746,short_hidden,2.14848952146,11309493.3429,4273751.05781,34546.6739367,0.0317550595145,1,1,1,0,4
4ed93db6,cv,4657,16.2363244881,-15.0197789716,1227670.11053,medium_hidden,0.419771191076,1050590.14197,44203.7295589,132876.239001,-0.00229171566166,1,3,4,0,2
4f3eb9e9,cv,4697,15.1847805591,-11.7495326557,1083022.80227,medium_hidden,0.228724666693,648427.978291,279369.814732,155225.009243,-0.00568786830706,3,4,3,1,4
4f4ac5ce,cv,5162,3.2525635632,0.609361691554,54609.6741599,medium_hidden,0.611540029762,1916.76246639,26553.7874583,26139.1242352,-0.00152204281131,1,2,4,1,0
4f4afcc6,cv,5645,18.7112792796,11.5893979051,1976382.08352,long_hidden,0.149638055019,758203.341761,940705.246579,277473.495183,0.0079217565854,0,0,0,4,1
4f69febf,cv,5460,16.2713995964,-11.1955380469,1445581.10875,long_hidden,0.354523758963,684356.793995,675367.670561,85856.6441924,-0.00705621491619,3,0,1,2,0
4fbe9c06,cv,6287,72.4761649711,63.1028159269,33024318.9519,long_hidden,0.144800223559,25034616.3309,7844665.34461,145037.276411,0.0194631284386,4,1,2,3,4
504c8b08,cv,6367,37.447150891,-30.1640710283,8928374.76245,long_hidden,0.121086718483,5793149.80944,2934730.33831,200494.6147,-0.0116807964085,2,4,3,3,4
511e1db0,cv,3821,4.93780115006,0.0946228240599,93163.1642347,short_hidden,0.387563457582,34.2112426212,76595.7209312,16533.2320609,0.00405907742584,4,0,4,0,0
512943b2,cv,5029,13.1691560077,6.84025251622,872162.723203,medium_hidden,0.524393069838,235302.155008,454808.560185,182052.00801,0.00655062130362,1,0,2,3,1
5138a660,cv,3559,85.8164300079,76.0057728607,26210111.9274,short_hidden,0.0119840883152,20559907.0515,5602123.68514,48081.1907779,0.0386166863429,4,1,3,3,3
516088b7,cv,6645,37.220029109,30.517056468,9205521.6169,long_hidden,0.570088359287,6188426.93719,2962055.15094,55039.5287606,0.0110063855074,1,0,4,2,0
521a7819,cv,5200,73.6770525048,62.2205883867,28227201.9422,medium_hidden,3.40613719407,20131288.4198,8014185.48917,81728.0332308,0.026152626449,1,3,0,0,3
5254b6db,cv,3274,24.1820804536,20.5133295911,1914546.85132,short_hidden,0.0290785354092,1377688.36605,530632.324005,6226.16126526,0.0134700584933,4,1,2,4,2
529e88ca,cv,3417,36.8857668764,-28.2907864377,4649032.82997,short_hidden,0.00459193240757,2734859.49684,1808541.39207,105631.941059,-0.0233231604439,1,4,1,0,1
52f1e77a,cv,4442,6.7947195445,-3.6408937052,205079.205204,medium_hidden,0.159769356677,58883.6271722,93603.8358539,52591.7421779,0.00357988953582,0,4,1,0,1
5305524b,cv,4898,35.9215415341,-31.5867261303,6320169.30204,medium_hidden,0.401586203964,4886838.76886,1265187.42217,168143.110999,-0.011366843844,1,1,4,1,3
53134831,cv,5126,57.4400007032,49.1695323825,16912486.9677,medium_hidden,2.14429748416,12392837.5808,4443715.88658,75933.5002906,0.0198973789184,1,4,0,3,4
5397ceb1,cv,5255,9.8993207519,-8.3984980353,514971.877339,medium_hidden,0.64610102909,370660.212404,107492.365969,36819.2989666,-0.00298140078427,3,2,1,3,2
53f23031,cv,8550,17.5822815734,12.9007018882,2643118.14653,long_hidden,0.147244528217,1422960.33373,701976.380486,518181.432306,0.00367115485159,2,1,3,3,0
543198e8,cv,6503,36.1736192165,-32.9493298885,8509375.31913,long_hidden,0.519340643314,7060036.18567,1042971.66936,406367.46411,-0.00674615403142,4,4,3,4,0
54753541,cv,4026,11.5898401879,-4.03235869837,540790.016608,short_hidden,0.337056092859,65462.4245227,338001.479966,137326.112119,-0.00788386686134,4,4,4,2,2
54a7e3c2,cv,6155,6.69153343116,4.72484059478,275600.094009,long_hidden,0.483833330124,137404.950266,61267.7847819,76927.3589607,0.00177567970881,3,3,4,3,0
5542c301,cv,3591,8.33608497072,-7.46261789817,249539.712687,short_hidden,0.285726347979,199985.181226,29392.145937,20162.3855243,-0.00275983539271,3,1,0,4,0
5567d551,cv,6889,25.1057934404,-18.6118602562,4342142.65398,long_hidden,0.00805793895504,2386358.84639,1551831.95677,403951.850817,-0.00754707552331,4,3,1,2,4
55efee7f,cv,4801,46.5470462446,38.7284771905,10401978.6952,medium_hidden,0.514853019999,7200995.63331,3092129.12818,108853.933704,0.0183114141177,3,2,2,3,2
5663b2b7,cv,4972,20.6167090697,7.74883965738,2113342.10092,medium_hidden,0.20823756012,298541.33373,328504.306778,1486296.46041,-0.00566323372619,0,1,1,1,0
5693dde2,cv,3488,9.38138259944,-7.2786192802,306980.064096,short_hidden,0.602159039612,184788.305608,10544.4921273,111647.266361,0.00172678695822,0,0,1,0,2
56b00794,cv,6065,64.9074595159,-53.5159315364,25551713.3944,long_hidden,0.383941401774,17369886.6396,8015326.89685,166499.857945,-0.0207637141201,1,3,3,3,2
57796579,cv,5890,27.0146052796,20.9433273663,4298456.61165,long_hidden,0.760021552322,2583489.24131,1637894.72532,77072.6450164,0.00980755335055,2,2,2,1,2
577eec7c,cv,4539,26.2355361434,-25.0883561827,3124208.93621,medium_hidden,1.36337022843,2856962.87079,82368.9612195,184877.104199,-0.0032511136683,2,2,4,0,3
57f05c51,cv,4771,38.4325549422,33.6797897737,7047059.36393,medium_hidden,0.380512175579,5411880.02921,936225.90654,698953.428178,0.0101710744893,4,4,0,1,3
58850d2c,cv,4995,19.5756853481,-15.6459486536,1914121.24696,medium_hidden,0.0594770812827,1222754.56782,669045.094784,22321.584364,-0.00802629445522,1,2,1,4,1
58fa8486,cv,4475,27.7944881917,23.4810379257,3457087.74292,medium_hidden,0.271953490271,2467332.16074,965424.898388,24330.6837876,0.011369996263,3,3,4,3,3
591cc951,cv,4609,39.271842313,33.5032734914,7108357.4522,medium_hidden,0.545892982294,5173461.16335,1912315.53797,22580.7508838,0.0153094767638,2,3,3,3,3
593876b6,cv,4842,18.185202656,14.1459622695,1601257.12609,medium_hidden,0.0128246159784,968924.139377,602539.185177,29793.8015377,0.00798079402898,3,0,3,1,3
59f8b2e8,cv,3747,10.603935435,8.61438375264,421325.594825,short_hidden,0.00433173499199,278055.905069,37482.0941508,105787.595605,0.00292399767167,0,2,2,2,0
5a1a8fd8,cv,5260,16.8000997996,-11.2334567892,1484600.03823,medium_hidden,0.578701023329,663762.300553,744407.46891,76430.2687714,-0.00783460987469,4,0,1,1,0
5a5269a9,cv,6513,22.1126876697,-20.1699293718,3184667.83628,long_hidden,0.224793596255,2649658.06929,7463.92453362,527545.842457,0.000569380554105,0,4,4,3,2
5a5d1982,cv,3894,5.81550483189,-3.61579832385,131695.455575,short_hidden,0.00442524719116,50910.1463381,57321.5690276,23463.7402093,-0.0034131529583,2,4,3,1,3
5a63b5d1,cv,6217,60.0480756831,54.3771067317,22417080.7518,long_hidden,0.369228275388,18382859.1519,3553022.95621,481198.643687,0.0133204327515,3,2,1,4,3
5aa03df7,cv,4871,11.0339436823,7.3892457288,593034.085122,medium_hidden,0.543777331491,265961.239338,278444.754493,48628.0912906,0.00537691236483,3,1,2,2,4
5aa403d0,cv,3118,19.0824032311,-16.4593514116,1135382.63657,short_hidden,0.446727661497,844698.15604,287066.766509,3617.7140202,-0.0106602634539,2,2,0,2,1
5aef5c6c,cv,3121,17.3399872637,15.6156806754,938407.169071,short_hidden,1.20019029585,761054.236302,124663.236826,52689.6959419,0.00701486296947,0,4,0,0,2
5b7b6324,cv,6564,75.547372235,-64.535996609,37463409.3844,long_hidden,1.12763395203,27338369.85,10000785.1799,124254.354548,-0.020599411761,1,0,3,0,0
5bd25f59,cv,4210,27.8782928039,-22.9643882891,3272008.67267,short_hidden,0.520514770559,2220198.77516,1014937.78267,36872.1148425,-0.012775773439,0,2,0,0,1
5beded95,cv,3057,4.40407328754,0.982229556739,59293.1486728,short_hidden,0.623751281812,2949.31687581,37172.3746556,19171.4571414,-0.00395146046418,0,4,3,4,0
5cb483ac,cv,3852,14.6628552428,-12.7613452361,828177.395547,short_hidden,0.35290178577,627305.642969,167355.864886,33515.8876926,-0.00592763820166,3,0,2,2,2
5cdd8dbc,cv,4010,10.053222243,-3.31154628365,405279.782644,short_hidden,0.82402182378,43975.0185428,309674.38323,51630.3808714,-0.00759148465042,0,3,4,1,3
5d11dfb5,cv,5895,39.5887871464,-34.3205688157,9239068.83923,long_hidden,0.00434261812132,6943729.01139,2085875.7064,209464.121433,-0.0110537370224,0,2,0,4,0
5d7198fd,cv,3368,6.59581702402,-3.7290568583,146524.173858,short_hidden,1.28335381038,46834.9534965,14579.7999038,85109.4204578,0.0021399730289,1,2,4,1,3
5def1ce5,cv,6443,44.4485781258,34.4674254798,12729281.0956,long_hidden,0.34970643011,7654306.02996,4791607.99044,283367.075165,0.0146621977129,3,0,1,3,2
5eae34a8,cv,4904,7.96830458974,-6.5438878687,311373.977883,medium_hidden,0.0998157381753,210001.385221,38993.5784237,62379.0142383,-0.00199187227099,2,1,3,4,1
5f4d2a52,cv,5225,38.5499898704,-29.9000368125,7764881.4818,medium_hidden,0.0980884538256,4671213.75225,2994327.67459,99340.0549638,-0.0158712397059,2,4,4,2,3
5f6756c5,cv,5931,58.1330669564,-49.3101282838,20043538.5528,long_hidden,0.611514039763,14421159.7844,5590365.30556,32013.4629151,-0.0179315915218,4,1,0,2,4
5f75f796,cv,5562,15.7697778544,-13.2647722853,1383190.94008,long_hidden,0.0711328741941,978657.170187,373851.52458,30682.2453111,-0.00510615191222,0,3,4,3,0
5fb1c15f,cv,2860,32.1211941183,-27.428131629,2950865.37913,short_hidden,0.80860476003,2151584.87732,793308.799171,5971.70264033,-0.0201726398783,2,1,2,2,3
5fffa282,cv,4201,29.367333596,23.8803316468,3623111.62695,short_hidden,0.254794496616,2395705.27639,1175845.022,51561.3285602,0.0137954749032,1,2,1,0,1
60e37807,cv,2699,44.4348927703,-33.5412825841,5329066.71818,short_hidden,1.11950097496,3036422.60331,2141453.02131,151191.093565,-0.0361526887071,4,3,2,4,3
61f27424,cv,6220,2.84435528422,0.519506057755,50322.0204335,long_hidden,0.328878616498,1678.69430395,17923.647785,30719.6783445,0.000945405777779,2,0,0,1,4
62569ae3,cv,3588,40.2769852006,33.6001576142,5820581.10622,short_hidden,1.69448290825,4050746.48302,1744863.76954,24970.8536589,0.021290837774,2,1,4,4,0
62a6f539,cv,3693,4.20237357079,3.12921068605,65218.1718199,short_hidden,0.00568449131396,36161.7064987,15109.1629045,13947.3024166,0.00189732565582,2,4,1,2,0
633774dc,cv,6233,43.2014193116,-36.977808551,11633038.2761,long_hidden,0.282773627136,8522744.44118,3078632.57515,31661.2597952,-0.0123516184758,1,2,4,0,4
63559d57,cv,4069,26.5198779521,-20.8851527421,2861743.6773,short_hidden,1.55578384615,1774855.50299,1031205.7766,55682.3977068,-0.0135528855216,0,1,2,3,1
647f2a41,cv,3881,3.20456750215,-1.4308738189,39854.9704112,short_hidden,0.178182225421,7945.95895607,10921.5593401,20987.4521151,0.00149732990402,0,3,0,4,4
65156b96,cv,3221,5.26320271465,-1.65398036404,89225.8963687,short_hidden,0.0981495812625,8811.53201479,49427.4851816,30986.8791723,-0.00421297434038,0,1,0,1,0
653612bc,cv,4605,16.5900696705,12.1979509163,1267436.04575,medium_hidden,0.261021812476,685177.980196,486184.830743,96073.2348078,0.00772941959308,2,3,1,3,0
656a067b,cv,3051,6.49566232686,-2.17593920952,128732.762276,short_hidden,0.641479305111,14445.6046141,48027.6896868,66259.4679752,0.00450477581639,1,0,1,4,4
65a5466a,cv,4683,36.4891840059,-34.1675919967,6235229.75291,medium_hidden,0.401708073253,5467048.19757,606508.604039,161672.951306,-0.0084182705536,4,3,0,2,3
660d9546,cv,4732,31.1765195224,25.1878759198,4599387.44862,medium_hidden,0.828884626003,3002118.46975,1525962.54409,71306.434783,0.0131460556261,0,2,4,4,4
6767c111,cv,6783,9.65548193968,6.72045736796,632367.77248,long_hidden,0.814119448772,306351.123892,24807.7175683,301208.93102,0.000976677778238,2,4,1,0,4
67847288,cv,7429,85.1787499075,73.229767014,53900510.9886,long_hidden,0.950019909836,39838746.3138,13966115.0784,95649.5963528,0.0202177535158,0,1,3,2,0
67a8da4a,cv,4911,76.3469629278,-67.0713762782,28625525.3129,medium_hidden,0.321610487528,22092474.8924,6394734.57359,138315.846932,-0.0254534697324,2,4,4,0,2
684a6fc1,cv,9818,91.622535311,-77.2417691818,82419056.3744,long_hidden,0.417646765096,58577044.1183,22738553.578,1103458.67808,-0.016979992782,4,0,4,2,3
698930d1,cv,4741,35.9442130984,30.5268100482,6125307.78441,medium_hidden,0.0745804000143,4418072.15047,1702746.87691,4488.75702242,0.0138471611326,4,4,4,2,0
699ea575,cv,4120,12.024980598,10.5766056941,595752.652534,short_hidden,0.190946365191,460882.102598,4803.58948906,130066.960447,0.000907878548614,2,1,3,3,2
69c1bdad,cv,2714,4.48853025381,-0.802910958611,54678.6970201,short_hidden,0.768258923018,1749.62354424,32361.7893801,20567.2840958,-0.00440749827544,3,2,3,4,1
69e41fa6,cv,5772,38.2805513135,32.2775750782,8458292.31439,long_hidden,0.0130707080036,6013511.17509,2294520.33178,150260.807512,0.0119659477208,0,3,0,1,3
6a0ff78e,cv,6465,65.405348839,52.655545394,27656362.6809,long_hidden,0.401430279238,17924900.7687,9677915.53535,53546.3768257,0.0207314055828,1,3,0,1,4
6a8fa194,cv,3017,21.9620819573,-12.0706190297,1455198.79345,short_hidden,0.296622337595,439576.428626,767801.548467,247820.816357,-0.018316908394,4,3,3,4,0
6ae68655,cv,4204,14.8450998804,11.5890570597,926464.867892,short_hidden,0.639619609486,564623.447809,261285.341606,100556.078477,0.00649612087419,4,0,0,0,1
6d1d74e1,cv,5830,17.1189925585,-15.3154085942,1708539.25325,long_hidden,0.492675262003,1367494.94657,11021.8100744,330022.496602,0.00081698533097,3,4,1,1,1
6d590e26,cv,6096,10.5782188074,-6.00497707263,682134.55529,long_hidden,0.311904084407,219820.233823,269021.715984,193292.605483,0.00377499917148,3,0,3,2,4
6d6d93af,cv,3595,39.6704063778,35.9891424773,5657599.40613,short_hidden,1.42439171666,4656310.06263,792089.021571,209200.321926,0.0143030710086,3,4,0,4,3
6dbe4b60,cv,4648,41.8687151196,33.7290459525,8147894.29322,medium_hidden,0.174182799231,5287790.41794,2764794.21091,95309.6643697,0.0181770273102,0,3,2,4,2
6e6d122c,cv,5632,39.9199837361,30.9982718272,8975183.93159,long_hidden,0.165927580614,5411748.56654,3429889.8674,133545.497641,0.0151787758721,1,0,1,3,3
6e9ccd38,cv,8282,16.5971130881,5.25574504116,2281394.19681,long_hidden,0.00444520059337,228772.492876,1412036.70214,640585.001799,0.00546148543181,4,3,3,3,1
6ea22614,cv,5971,25.6072913679,21.753104386,3915383.95943,long_hidden,0.672964012807,2825462.5736,945703.323337,144218.062493,0.00730125438282,1,2,1,2,1
6ede926a,cv,4938,18.6746039317,-16.6742279113,1722082.22845,medium_hidden,0.504002682101,1372911.52985,297349.402955,51821.2956463,-0.00544374206045,4,4,4,0,2
708caea9,cv,6548,86.5706262037,-74.3722066488,49073811.3078,long_hidden,0.41300971774,36218462.0976,12719376.7322,135972.478083,-0.0233163484703,1,3,0,2,4
70925e23,cv,5947,26.0729511229,6.29775497561,4042763.3462,long_hidden,0.189588558182,235868.235357,3279113.90448,527781.206367,0.013677980265,1,4,3,1,3
70e1788b,cv,9285,37.787301026,-33.2825534847,13257866.9033,long_hidden,0.665984784878,10285257.8826,2364162.60266,608446.418053,-0.00595328172537,0,4,0,4,3
71642c7d,cv,4648,65.7822347747,-55.7935924467,20113301.6108,medium_hidden,0.00594194192891,14468875.2053,5538977.93931,105448.466186,-0.0257280144934,1,2,0,3,1
71ccf778,cv,2698,21.2567383797,-13.0573137624,1219088.40382,short_hidden,0.188629956497,459991.308374,574569.702448,184527.392995,-0.0187369585318,2,3,1,3,0
7224331b,cv,6063,47.8730575946,38.9546897453,13895363.1282,long_hidden,0.626143772878,9200407.59366,4557904.50014,137051.034448,0.0156654143789,2,0,0,4,4
722cf0d8,cv,5143,7.94270351071,3.34000847465,324454.070381,medium_hidden,0.0336508339828,57373.5419492,174256.642105,92823.8863263,-0.00392067203728,3,2,3,0,2
7256229b,cv,5415,11.2161862614,9.17443547774,681222.347471,long_hidden,0.447229856995,455781.992205,167553.887818,57886.4674473,0.00355852641282,3,3,4,3,2
726f3dc2,cv,6723,45.275698015,37.6726910347,13781402.6091,long_hidden,0.00897797840298,9541494.38159,4082765.61109,157142.616453,0.0126976451186,4,4,1,4,0
7271dd80,cv,4340,17.8908237582,-14.1779628641,1389154.0344,medium_hidden,0.19748474819,872403.49844,458189.420312,58561.1156503,-0.00820122201438,3,2,2,2,3
727a3a10,cv,4397,56.9041934444,-48.8351456716,14237869.5572,medium_hidden,0.757988129134,10486279.7778,3654069.23108,97520.5483001,-0.0227114217143,1,1,0,0,1
729665c0,cv,4263,22.5549438141,17.9979176468,2168696.76582,short_hidden,0.791928736236,1380892.44391,722159.701629,65644.6202803,0.0105763121715,1,0,2,3,0
729e9750,cv,5919,56.0313898391,46.497741312,18582799.0354,long_hidden,0.00840248935195,12797114.447,5733750.15906,51934.4293538,0.0182153492208,2,4,4,1,2
729f4217,cv,6195,39.0308178131,34.1799533863,9437492.35911,long_hidden,0.0140253882436,7237427.77755,2040383.36083,159681.220728,0.0101480955859,3,0,1,0,1
72dd8501,cv,5193,15.5820045602,13.6775532158,1260854.51173,medium_hidden,0.481119205207,971482.874013,263433.345452,25938.2922685,0.00475114758123,1,2,0,4,2
73348914,cv,4221,14.3130775518,-1.03755912137,864731.74178,short_hidden,0.459618327854,4544.02861498,435968.222824,424219.490341,-0.0083405564218,1,1,2,1,0
739a914f,cv,5505,12.4463867279,9.38970775966,852793.546904,long_hidden,0.473848733263,485357.198024,335581.790903,31854.5579762,0.00491308003508,2,1,1,2,3
73b1447d,cv,5670,18.6187106491,8.75200998521,1965541.70996,long_hidden,0.145767636752,434308.838689,1172586.23059,358646.640685,0.00878594411417,2,1,0,4,0
74b6186b,cv,3405,4.56044555207,4.06111736148,70816.0446718,short_hidden,0.0054674242962,56157.5557317,772.746253337,13885.7426868,0.000484655807804,4,0,1,3,1
75c20ec7,cv,5361,44.9285632427,-38.9301487358,10821584.8373,medium_hidden,0.787897950872,8124898.29244,2671165.91703,25520.6277984,-0.0144235562335,1,3,3,0,3
75cd5f11,cv,4946,74.5976079951,60.4454675613,27523516.2246,medium_hidden,1.0398639727,18070975.3979,9395821.28122,56719.5454086,0.0305264876453,2,3,1,2,1
75d20a82,cv,5067,21.4174941012,4.17675757513,2324278.77446,medium_hidden,0.148180581391,88395.3545643,655985.841869,1579897.57803,-0.0077787803436,0,1,3,1,3
76201745,cv,4448,5.40791629218,-3.60294832002,130084.244756,medium_hidden,0.447827424567,57740.5403823,7346.77087429,64996.9334994,-0.00100090236156,4,4,3,2,3
764072a5,cv,2949,3.97995834201,2.45823630628,46712.3617238,short_hidden,1.01487733714,17820.5879999,1873.19446251,27018.5792614,-0.000936202770063,3,0,3,4,0
77b0d905,cv,4174,63.6400147738,-53.5230132164,16904914.8792,short_hidden,0.467413725002,11957311.8273,4888727.32087,58875.7311071,-0.0284027162761,2,2,4,1,3
77e4821c,cv,5393,55.5337449507,49.8122590565,16631994.8947,medium_hidden,0.85702318595,13381441.3944,3193240.3267,57313.1735858,0.0156300656685,3,4,4,2,2
7850c72e,cv,5497,108.965362055,93.7495551359,65268355.3523,long_hidden,0.286329101549,48313018.0477,16162040.6008,793296.703865,0.0341704046247,4,2,4,3,2
78a4a386,cv,5119,9.01115574399,7.47209341404,415667.549626,medium_hidden,0.062987432236,285804.929359,104496.061272,25366.5589938,0.00305747487951,2,0,3,4,1
79507629,cv,5302,11.1911739556,-10.4048550823,664035.069622,medium_hidden,0.135432172777,573999.871221,29218.0251322,60817.1732692,-0.00153375670675,3,0,2,4,3
796dbd4c,cv,6248,6.99320566384,0.636106506243,305557.974254,long_hidden,1.33295855908,2528.13753255,256050.449141,46979.3875804,0.00354929312842,4,4,1,2,2
7987f2f2,cv,3705,8.96178149521,-5.48618641145,297561.619639,short_hidden,0.00515015023886,111513.984169,144670.231239,41377.404231,-0.00584248906449,0,0,0,0,2
7993a768,cv,5487,19.2076414211,14.780939208,2024338.05393,long_hidden,0.00596507915331,1198778.71116,786109.143534,39450.1992357,0.00755665532909,2,2,1,4,3
7a5660b0,cv,4998,5.63106939765,-0.6252959324,158481.29492,medium_hidden,0.00450496763451,1954.19302538,98649.1212018,57877.9806932,-0.00307923521207,1,3,4,3,2
7acda2df,cv,3091,11.8532992663,-9.02593347126,434287.67451,short_hidden,0.0926686365945,251815.96531,172984.967195,9486.74200545,-0.00838390444701,0,2,0,1,3
7b2c7b3c,cv,2584,20.3472787384,-14.1873927569,1069806.36732,short_hidden,0.00591861632883,520112.980607,485518.335477,64175.0512323,-0.0183761577054,1,1,2,3,1
7b38844c,cv,3749,7.65277813196,5.51512799648,219560.234251,short_hidden,0.365958996728,114031.971429,97464.3357292,8063.92709237,0.00471129546419,1,4,0,0,1
7bb17b96,cv,3922,3.05784716157,2.25863048403,36672.3835716,short_hidden,0.127036560689,20007.7365438,8423.81500386,8240.83202389,0.00129444518235,0,0,3,4,1
7c607683,cv,5328,76.7584369534,67.596903421,31391817.5247,medium_hidden,1.46945548434,24345450.724,6925600.64793,120766.15281,0.0234408323614,0,2,2,1,4
7cbbd047,cv,5121,13.9868863085,-11.9808350002,1001836.53466,medium_hidden,0.730287094293,735070.425795,192040.190259,74725.9186019,-0.00414242382888,1,3,0,3,3
7cd4bb31,cv,6439,40.7147355349,33.2300706476,10673863.9118,long_hidden,0.0745824577458,7110185.87578,3508886.79901,54791.2370325,0.0125587862668,4,3,1,0,2
7d50373e,cv,5122,18.166603181,15.7634766544,1690390.46316,medium_hidden,0.641778949678,1272751.4191,345088.493261,72550.5507925,0.00555132315394,2,0,4,4,0
7d57c75d,cv,4405,13.9359359225,11.7313614069,855496.415712,medium_hidden,0.468753348808,606237.422224,43239.9491191,206019.044369,0.00246385049872,2,2,2,4,1
7e208414,cv,4226,6.79032116489,4.13003979022,194854.358394,short_hidden,0.205458217861,72083.8483543,76189.7347168,46580.7753226,0.00348052395212,0,2,2,2,4
7e721392,cv,6174,61.8766891127,56.0204056405,23638546.0233,long_hidden,0.344826692288,19375776.8263,4029897.91397,232871.283044,0.014334670458,1,1,3,0,2
7ff89f8f,cv,7337,28.2140146764,-24.5937986693,5840476.68946,long_hidden,0.00414300213166,4437820.64331,628910.526738,773745.519412,-0.00437126645805,4,0,0,0,3
8050c789,cv,3077,22.5955045921,16.6279687512,1570983.35905,short_hidden,0.246316131518,850757.713925,685483.093553,34742.5515724,0.0168034235951,0,3,2,0,1
807f0298,cv,3747,9.38428232762,2.34300901758,329978.636252,short_hidden,0.36173062395,20569.873138,98238.7444195,211170.018695,-0.0047337628869,0,4,0,2,0
811f52b3,cv,4836,9.23676153295,-7.70813489156,412596.704849,medium_hidden,0.0947375399636,287332.601198,68017.1147575,57246.9888944,-0.00268639763694,2,0,4,1,4
81bf5923,cv,4543,49.3828775272,-42.1156712918,11078871.4174,medium_hidden,1.04307340471,8058054.33766,2988826.89188,31990.1878615,-0.0195581111257,4,0,1,0,0
81fc01c6,cv,5909,29.5081323371,-22.7326151897,5145142.82559,long_hidden,0.00466063522072,3053604.52699,1995783.04281,95755.2557958,-0.0107739835578,0,1,3,0,0
8255c867,cv,3589,30.9939967614,-27.7411511681,3447693.30069,short_hidden,0.433541754869,2761991.99912,669423.614979,16277.6865985,-0.013181989663,1,1,1,1,1
82aab6d2,cv,6140,6.08251608416,1.55355617786,227161.591753,long_hidden,0.0978910190902,14819.1159383,1997.59176475,210344.88405,-0.000321804002587,2,0,2,4,3
82fcf37c,cv,6014,8.11738596427,-4.825108043,396274.216726,long_hidden,0.00523817607205,140015.949106,23870.9459977,232387.321622,0.00114757296533,4,0,2,2,3
833af382,cv,3628,39.7626490416,-33.0968819216,5736115.64294,short_hidden,0.227603970958,3974124.23516,1743848.96226,18142.4455191,-0.0209336112869,2,0,4,3,1
8382f4b6,cv,4967,20.2635287765,13.2755503609,2039502.84262,medium_hidden,0.863718117796,875385.259095,1067800.76373,96316.8197946,0.0102257343316,3,1,2,1,1
84633df4,cv,4972,27.7275465203,-21.5981591257,3822557.30878,medium_hidden,0.697689243721,2319340.93472,1467807.41997,35408.9540939,-0.0119709465377,3,2,3,2,4
8478df29,cv,4857,6.50863673515,0.849633086707,205753.944393,medium_hidden,0.0799048427832,3506.1535875,106983.968416,95263.8223901,-0.00334732459604,4,4,4,3,3
84815d5a,cv,3647,9.6348478784,7.70928103237,338552.080905,short_hidden,0.00634895773144,216752.202189,102978.699411,18821.1793046,0.00504731832378,0,0,0,4,2
84c3b497,cv,5312,10.3429566175,0.302119898296,568260.504457,medium_hidden,0.336286038417,484.860411813,200390.435151,367385.208894,-0.00400536432529,2,0,0,2,3
85380836,cv,6618,86.6223683679,-74.8930662777,49657730.8557,long_hidden,0.166480401455,37120172.5695,12367472.9573,170085.328862,-0.0226277289823,0,3,3,3,3
8612b37f,cv,5165,72.6801271488,-60.4890598783,27283600.5574,medium_hidden,0.937823021432,18898354.6751,8217563.64094,167682.241452,-0.0267520261611,4,2,3,2,4
861e71df,cv,4700,4.06451422522,-0.792129170322,77645.296669,medium_hidden,0.0717154505517,2949.10252563,18722.9918503,55973.2022931,-0.00147106366994,1,1,1,2,1
86454a6f,cv,7964,66.6533324665,-60.3394529657,35381397.8289,long_hidden,0.770206166678,28995726.0885,5916369.80319,469301.937177,-0.0118555417787,4,1,2,1,4
8648abae,cv,4244,3.08863991035,0.148088592521,40486.4719283,short_hidden,0.57646913626,93.0719013606,1068.27058612,39325.1294409,-0.000409513485194,0,3,2,2,0
865033f8,cv,3557,11.0185259627,9.95462562664,431847.951485,short_hidden,0.248920937605,352479.390351,60434.2593857,18934.3017484,0.00401426874969,4,3,1,2,4
87695469,cv,7003,13.7131260907,7.2431659132,1316912.93973,long_hidden,0.18097774521,367401.557481,657555.052155,291956.330093,0.00479325459621,1,4,2,0,3
877ed19c,cv,3708,8.35008082871,7.14477025872,258536.035229,short_hidden,0.30202315876,189285.027521,47250.8631795,22000.1445283,0.00333492386748,1,1,3,4,2
87aa3730,cv,5607,53.9443354064,43.6259251378,16316321.3449,long_hidden,0.00523449982387,10671362.0765,5443103.39112,201855.877273,0.0192494394694,1,2,2,1,4
884ecb5f,cv,6724,171.2470677,145.558400571,197185053.309,long_hidden,0.310767108932,142463055.397,54622843.1508,99154.7617052,0.0464340133079,3,1,1,4,0
8902c3f6,cv,4959,17.3965604273,-9.93343377011,1500793.3206,medium_hidden,0.993225439282,489319.93496,632888.173321,378585.212316,-0.0078915617565,2,1,4,3,1
896d15b9,cv,4279,93.2177691317,-73.4553324943,37182595.07,short_hidden,0.855921769928,23088139.8457,13868499.2788,225955.945513,-0.0460884326674,2,0,4,3,4
8995c945,cv,6724,86.9299915709,-73.1630144775,50812080.7736,long_hidden,0.3115523336,35992406.6463,14438861.8633,380812.263984,-0.0238734701813,1,4,3,0,3
89969c7a,cv,4947,7.46709130956,3.14035081688,275832.118137,medium_hidden,0.171909896007,48786.3406929,44639.8269198,182405.950525,-0.00210348305284,4,2,1,2,3
89f1085d,cv,5994,107.586075068,88.7995546017,69379132.7104,long_hidden,0.230733824365,47264853.2194,21919825.3661,194454.124901,0.034948944661,0,2,1,1,2
89f36adf,cv,5292,8.06813585017,4.31492841977,344481.766784,medium_hidden,0.285585995864,98529.6696611,160626.360975,85325.7361481,0.00360636174643,2,1,0,0,2
89fdb2f2,cv,2031,1.91936774131,-1.67243375344,7482.14820109,short_hidden,0.0417461950247,5680.77739375,212.33035338,1589.04045396,-0.000551482622097,0,4,4,1,4
8a3da6d1,cv,4593,52.6131347034,-38.4028955942,12714075.9457,medium_hidden,0.292763773428,6773675.51737,5633270.34518,307130.083128,-0.0264135188307,4,4,1,3,1
8a89da23,cv,3935,11.7382151236,9.1058626515,542186.707021,short_hidden,0.0435394558282,326277.350761,198589.484404,17319.8718562,0.00625391041922,2,4,2,0,4
8a9c8932,cv,4663,16.2852621463,8.6079730414,1236673.12569,medium_hidden,0.318923648439,345515.243047,574004.439238,317153.443401,0.0082423325987,0,4,4,1,2
8ac2f237,cv,5319,25.0409658837,20.0967567572,3335278.80313,medium_hidden,0.762854307968,2148235.76344,1137351.62176,49691.4179268,0.00952342181794,3,4,0,2,2
8b12bab6,cv,5234,17.3805995427,16.1189700505,1581114.14858,medium_hidden,0.826718180423,1359904.13719,171660.296494,49549.7148979,0.0037903121938,1,4,1,3,2
8b5be31b,cv,5672,13.6322539937,-11.5117322243,1054075.11524,long_hidden,0.377782967914,751653.319779,275330.856735,27090.9387262,-0.00425513888341,0,3,4,0,3
8b95d6d1,cv,1731,3.64731546648,2.97641269481,23027.3374039,short_hidden,0.0359996077989,15334.9853092,1010.18172761,6682.17036709,-0.00152877949132,4,3,2,2,2
8b9d8326,cv,6163,10.2569104205,-8.9819394676,648373.5547,long_hidden,0.00484194629934,497201.483164,12732.9645908,138439.106946,-0.000807917737178,2,1,2,3,0
8bb9c1e6,cv,4546,29.2684855647,-26.0875761465,3894304.748,medium_hidden,0.47657662249,3093833.16635,735450.879726,65020.70192,-0.00969222131409,1,3,0,2,3
8bda1a11,cv,5981,31.4977231824,26.1212545823,5933789.36929,long_hidden,0.167850239748,4080955.56684,1771005.10792,81828.6945238,0.00996643485506,1,2,0,2,0
8bfa881d,cv,4089,55.4156512753,-47.0843883478,12556887.2272,short_hidden,0.350114037341,9065066.13106,3457874.75108,33946.3451022,-0.0246359661913,1,2,2,1,1
8c167025,cv,5368,41.9391550102,-29.9654624198,9441736.13691,medium_hidden,0.165522071932,4820082.53934,4297713.06343,323940.534135,-0.0182595713482,0,1,1,1,0
8c8348e8,cv,3888,33.4872555335,-28.8447576956,4359988.74894,short_hidden,2.78668737945,3234893.94086,1088837.79919,36257.0088894,-0.0149101786654,1,4,4,2,2
8cc21f01,cv,4044,31.1282131048,-26.6351664617,3918497.09304,short_hidden,0.649777080686,2868943.38184,954684.945442,94868.7657662,-0.0131614565087,0,1,2,2,4
8cc800b3,cv,6576,63.2419234647,52.9286223323,26300980.85,long_hidden,0.396107030824,18422263.2717,7611619.88274,267097.69551,0.0179219997609,3,1,2,3,4
8d5d46d7,cv,5755,39.7600190294,-36.4998346966,9097844.19656,long_hidden,0.00555806940315,7667029.30373,1212023.12049,218791.772342,-0.0087353053331,2,3,3,2,3
8d92cb49,cv,3589,7.0202777608,-3.11466065761,176881.352122,short_hidden,0.442179547965,34817.2874222,94355.0121845,47709.0525149,0.0049489485621,4,2,1,4,2
8f201368,cv,6349,146.518849312,-129.029839735,136298892.071,long_hidden,1.82874797426,105702593.392,30452229.8997,144068.778495,-0.037786980346,2,0,3,1,0
90386ee4,cv,3840,8.69068309277,-6.8803520028,290027.414857,short_hidden,0.167199762483,181782.695741,91996.5132718,16248.2058443,-0.00441549589152,4,2,3,0,0
91abc4c7,cv,5848,3.49796181258,0.0794966992058,71554.5890534,long_hidden,0.005664788305,36.9577528797,27710.0204309,43807.6108697,-0.00128943070103,0,2,4,1,1
91b301ce,cv,6570,53.5433296866,31.6221291022,18835455.1713,long_hidden,0.0114583972037,6569730.95163,9594118.55606,2671605.66361,0.020148611088,4,3,0,0,3
91db7070,cv,4073,8.43591182414,-1.0926946734,289853.449625,short_hidden,0.00459322160431,4863.08725748,15508.7314237,269481.630944,0.00165961426274,1,2,1,3,0
925a7cd1,cv,4517,3.9930065556,-3.34326414565,72019.5058117,medium_hidden,1.50235160537,50488.3842216,12740.4663926,8790.65519751,-0.00128797715843,4,4,3,2,4
9283ae69,cv,3371,3.59166451911,-1.22727033285,43486.0820942,short_hidden,0.259318541004,5077.37481599,16791.4296782,21617.2776,0.00229348735937,3,4,3,4,1
9298ad5b,cv,3964,8.24801714628,3.03255611835,269670.075055,short_hidden,0.0847880357302,36454.5161657,33932.0076219,199283.551267,0.00255678933486,4,4,3,1,0
9314ff13,cv,2748,23.7518085172,-16.7335819158,1550279.82474,short_hidden,0.583426889633,769475.074739,599958.715997,180846.034007,-0.0186262849531,4,1,3,3,2
93209a3d,cv,4697,24.0103749524,-18.3555867123,2707811.60085,medium_hidden,0.14308046902,1582548.76601,992750.954904,132511.879935,-0.0107221023691,0,4,1,1,3
939d9c34,cv,5101,63.3546143244,-55.4319310122,20474430.3038,medium_hidden,1.46637282491,15673837.4753,4618464.75891,182128.069573,-0.0204341446389,1,3,1,1,3
93f5d2e6,cv,3691,18.0498190407,13.8492638095,1202512.91568,short_hidden,0.193201068252,707941.580871,379350.371759,115220.963054,0.00951469405639,4,4,2,1,2
940a48d9,cv,3963,36.0578401306,28.5829712524,5152565.12964,short_hidden,0.779502775329,3237716.49137,1876007.19302,38841.4452423,0.0190183036856,0,2,0,0,1
940e709a,cv,3348,11.5237298904,9.47337692863,444602.181765,short_hidden,0.00552082401827,300465.826206,133673.772993,10462.5825658,0.00653785932427,0,1,1,0,4
9426ec1e,cv,2532,9.79844503524,6.4519869178,243096.117575,short_hidden,1.25135698842,105402.438295,122158.066765,15535.6125154,0.00950290046523,3,4,1,3,1
94467f50,cv,3035,2.9676790236,1.39561077633,26729.6055188,short_hidden,0.40200151327,5911.3588474,10711.349945,10106.8967264,0.00214424648863,2,0,1,1,1
944f36b9,cv,4630,20.4636458681,-17.1289093419,1938862.51426,medium_hidden,0.0220085417755,1358439.84817,512505.845064,67916.821022,-0.0078717004312,3,1,2,4,1
94d813a4,cv,4847,19.067982337,15.0702629691,1762310.79561,medium_hidden,1.25746271305,1100815.86741,557565.889929,103929.038267,0.00766530078694,4,1,4,4,4
95b559e7,cv,2887,4.6911756643,0.890169223934,63534.5817502,short_hidden,0.264028681765,2287.66240078,12220.027857,49026.8914924,0.00246863323305,2,3,1,2,4
95c8427f,cv,6335,37.2949104685,34.2735170217,8811417.04732,long_hidden,0.00584380154749,7441559.59386,1320927.83861,48929.6148555,0.00789605647957,1,4,3,4,1
96936c22,cv,3346,17.1805854671,-13.5788068329,987647.241855,short_hidden,1.4282199589,616948.847286,345681.773263,25016.6213064,-0.0105230098774,2,4,0,2,1
96ae5806,cv,9839,39.5865340294,-33.1863481342,15418634.6827,long_hidden,0.208884990516,10836022.2988,4391723.65241,190888.731539,-0.00743843695814,4,0,0,3,2
96b7eea1,cv,4332,64.6992326638,55.7096519609,18133711.7439,medium_hidden,0.339363181964,13444644.9732,4629217.42508,59849.3456943,0.0261403713135,4,3,1,0,1
9719aa04,cv,4871,29.0786522655,-23.818762565,4118761.81362,medium_hidden,0.00705880032725,2763481.23558,1324172.40544,31108.1726022,-0.0117256169998,3,1,4,0,1
974802e7,cv,5843,27.4543995633,-23.7030841765,4404126.51559,long_hidden,1.31241510895,3282808.91356,1078175.6095,43141.9925326,-0.00805344229901,2,2,1,4,1
97cd5bf9,cv,3449,5.41552611597,-3.79178079162,101152.006816,short_hidden,0.21549312299,49588.3478208,39065.2445573,12498.4144378,-0.00338022900055,4,3,4,0,4
98177ced,cv,4772,20.29173107,16.9084813991,1964891.75733,medium_hidden,0.686317229233,1364299.25867,141591.890032,459000.608628,0.00395420489631,4,4,1,2,3
9896fc0b,cv,3595,11.6294184275,-3.14213163729,486199.925796,short_hidden,0.895855440051,35493.4034578,67001.6232653,383704.899073,0.00415991982101,0,1,0,0,3
98bc6f66,cv,6063,8.49177606425,-3.68734839213,437204.510778,long_hidden,0.233967186903,82435.810894,139765.487667,215003.212217,0.0027432112216,0,3,4,3,1
992c99e8,cv,4904,29.3745707484,23.2349745772,4231491.95422,medium_hidden,0.227223534217,2647493.26984,1467586.21672,116412.467652,0.0122198746766,3,4,2,0,4
992ce078,cv,2879,23.8627397871,-15.8908772898,1639389.97808,short_hidden,0.295786035235,727005.025412,774051.755636,138333.197029,-0.0197293670183,1,3,4,4,0
99529c45,cv,5840,28.2861933078,-22.1266669637,4672634.99398,long_hidden,0.777938489408,2859202.04298,1500856.27923,312576.671771,-0.00950913278701,2,2,0,3,4
995ff498,cv,4526,6.00928886452,-3.25701808184,163440.887327,medium_hidden,0.470664224667,48012.5628708,4925.51558834,110502.808868,0.000798444361164,4,2,3,4,0
999daf80,cv,3564,10.2996862982,8.70493946124,378081.728866,short_hidden,0.20213520039,270065.560729,104467.50297,3548.66516739,0.0052622891052,4,3,3,1,2
9a6b0392,cv,4255,26.311038262,20.9728899058,2945611.97498,short_hidden,0.00799226594992,1871613.28231,1054397.4601,19601.2325683,0.0128157333863,4,0,0,1,4
9a8ae0d6,cv,6294,30.4207834091,-23.1598725321,5824619.05394,long_hidden,1.08378150653,3375973.80476,2198798.61945,249846.629729,-0.0102871067947,0,3,2,1,0
9a95e33f,cv,6447,25.1211541303,22.28691223,4068523.66506,long_hidden,0.991726199964,3202266.52665,3806.27016186,862450.868248,0.000412861064653,1,3,4,3,0
9ab94eeb,cv,4442,7.84633798208,-5.43900911916,273471.817637,medium_hidden,0.827392165605,131406.887321,114740.964417,27323.9658981,-0.00396352909585,0,0,2,0,2
9ad5410a,cv,4205,25.7563438601,-17.5806316142,2789551.79222,short_hidden,0.586025798181,1299675.54645,1365959.71543,123916.530338,-0.0148477477552,1,0,4,3,1
9ae248be,cv,5271,49.391153066,-40.0182111733,12858530.7123,medium_hidden,0.0444167900554,8441281.03566,4251902.69962,165346.97698,-0.0186656348372,1,1,4,4,1
9af1ffd0,cv,3525,3.86122356798,1.38698360233,52554.3922327,short_hidden,0.269069998742,6781.12538383,29165.6800213,16607.5868275,0.00282675397737,4,4,4,4,1
9b5b61c1,cv,5532,5.25441821858,4.07441244245,152732.494633,long_hidden,0.289858389786,91835.8289074,48974.1502662,11922.5154592,0.00186316289959,3,4,1,3,4
9b9e3b49,cv,5118,9.17984987015,-8.02236994053,431292.036142,medium_hidden,0.397578253043,329386.39081,27149.5656583,74756.0796741,-0.00155891218634,3,0,2,3,2
9bd2bba3,cv,7439,29.536596539,-26.9012001359,6489861.97068,long_hidden,0.915742001284,5383415.11693,905334.463409,201112.390335,-0.00513716263874,0,1,1,1,0
9c211c53,cv,7265,21.8364669772,-19.0437262794,3464179.32218,long_hidden,0.440331530398,2634750.40453,576241.647097,253187.270552,-0.00424658206042,1,1,1,1,4
9c350a6a,cv,6052,19.4591510117,-16.207757694,2291641.5936,long_hidden,0.00446471727775,1589808.4101,658170.019918,43663.1635821,-0.00596913358121,2,1,3,3,1
9c8375f7,cv,3674,5.29831641377,2.82765560239,103137.104158,short_hidden,0.0640243754266,29375.9674198,11877.9359372,61883.2008013,-0.00169532279094,1,3,4,0,3
9d072e4c,cv,5107,30.3457029309,28.3311001825,4702840.63228,medium_hidden,1.54804509675,4099139.87016,480272.576663,123428.185458,0.00657787686222,1,1,1,3,2
9d3ec64c,cv,3480,3.39309830491,-2.78078742601,40065.6440515,short_hidden,0.664600701592,26910.0699062,1099.08065362,12056.4934917,0.000559418155159,3,3,4,4,1
9d4272e3,cv,4030,23.3579494727,-18.9971397147,2198743.02839,short_hidden,0.33530042393,1454392.00888,584443.713303,159907.306205,-0.0103515268486,3,1,2,0,1
9d5e14d4,cv,5400,18.4477008924,16.3732860777,1837715.40836,long_hidden,0.429434405464,1447656.2837,368282.507989,21776.6166752,0.00529773873577,2,2,4,1,4
9da441ba,cv,5783,70.7386257653,-60.0037330253,28937861.2119,long_hidden,0.515819701424,20821390.6508,8096224.23801,20246.3230991,-0.0224131090996,1,4,4,4,4
9dede370,cv,6297,7.00905943368,3.66622332875,309352.17837,long_hidden,0.166229035414,84639.1954459,7563.50270559,217149.480219,0.00060290872921,1,4,3,4,0
9def2eb2,cv,6003,49.5344775535,41.506914174,14729347.7924,long_hidden,0.00455801327883,10342112.0173,4283867.44372,103368.331373,0.015415447126,1,0,2,2,4
9df1b1f9,cv,4701,21.913934187,-17.9337573074,2257516.62481,medium_hidden,0.300599439271,1511933.98011,730920.488387,14662.1563083,-0.00918840911434,0,3,0,3,1
9dfff011,cv,4319,27.7669088983,25.2042407178,3329954.31136,short_hidden,0.922301634881,2743660.94694,500833.052229,85460.3121983,0.00863698806943,2,0,2,0,3
9e3e364d,cv,4290,46.3370824769,-38.0474162183,9211167.16148,short_hidden,0.496604482437,6210229.22902,2905486.1103,95451.8221601,-0.0210142598585,4,3,3,0,2
9efc812e,cv,4450,29.8388906079,-21.5073721519,3962099.29756,medium_hidden,0.389839696286,2058423.40312,1725754.42657,177921.467862,-0.0153299280149,4,2,3,2,3
9f0c7bae,cv,2542,21.5064008009,-19.8912835038,1175739.25009,short_hidden,1.03585644529,1005775.75126,157861.089181,12102.4096424,-0.0107390257758,0,4,2,0,4
9ffce529,cv,5212,41.4019431159,36.240618263,8933998.09834,medium_hidden,0.516202282182,6845349.1318,1969710.0922,118938.874338,0.0129206741941,0,2,3,4,4
a0383629,cv,5832,56.1809120983,49.4054074583,18407511.7647,long_hidden,0.499575370063,14235295.4767,4054041.95924,118174.328754,0.015660602851,1,0,2,3,1
a056d01e,cv,6557,126.071710013,109.587579679,104217456.763,long_hidden,2.23958931528,78745882.4739,25276177.1584,195397.130394,0.0328011105489,3,2,0,4,4
a08d9e63,cv,3685,65.502663352,-57.5698188264,15810856.9693,short_hidden,1.30043542925,12213136.6863,3440529.54756,157190.735462,-0.0287241407878,4,1,0,4,4
a0b83014,cv,5035,2.97416192561,1.04777632428,44537.7931694,medium_hidden,0.353743194759,5527.60036149,2878.50147974,36131.6913282,0.000520205150488,2,3,0,3,2
a0e92ed6,cv,4897,39.5342745801,-36.0949874929,7653809.56963,medium_hidden,1.10475039069,6380047.25397,1209233.31544,64529.0002226,-0.0111160509321,2,4,4,4,3
a15bc102,cv,3236,18.7093071111,-15.6533925118,1132723.52646,short_hidden,0.705083146874,792912.863912,329649.610659,10161.0518938,-0.0108044871651,1,2,4,3,4
a247e7cf,cv,5674,9.40028957398,8.27634044988,501385.52968,long_hidden,0.157338480372,388656.580989,78981.3821367,33747.566554,0.00227781787796,2,4,3,0,0
a2e8e7f6,cv,4760,30.4284180066,-23.5652256268,4407229.84254,medium_hidden,0.590127699539,2643322.52809,1684733.80403,79173.5104151,-0.0136913366275,0,4,3,3,2
a3518960,cv,4967,29.0471808091,25.9793086935,4190850.18726,medium_hidden,0.0816814144677,3352349.89311,761104.882101,77395.4120549,0.00863319689173,3,3,4,4,4
a3f71395,cv,5543,20.4161928074,-11.9462172561,2310438.40805,long_hidden,1.02689978388,791053.207609,657622.83457,861762.365868,-0.00680709410516,2,4,1,2,1
a4719920,cv,5884,6.963883836,-4.6165768952,285348.56983,long_hidden,0.632941987826,125404.410637,60187.2988764,99756.8603166,-0.0018829295009,0,0,4,3,3
a48640d9,cv,4532,63.9587006977,-46.8124316565,18539122.1699,medium_hidden,1.28060872822,9931441.82942,8270478.33741,337202.003033,-0.0326528502074,1,3,2,4,4
a4cdbb0f,cv,5204,17.2840641697,16.1291616806,1554637.10146,medium_hidden,0.317035053555,1353819.85332,56682.4097493,144134.838385,0.00219689273065,4,0,4,0,2
a4f989c2,cv,5385,39.5372095155,34.8873764675,8417783.19184,medium_hidden,0.473132213307,6554239.8631,1811048.90755,52494.4211915,0.0117971515457,0,2,4,2,1
a5aa7973,cv,4616,40.0943037107,32.8571268824,7420465.52524,medium_hidden,1.46461891077,4983391.07264,2348989.69782,88084.7547872,0.0169290461542,0,4,3,2,4
a5e6f7dc,cv,5649,29.8567032657,26.6997924833,5035647.0012,long_hidden,0.362848089368,4027053.01145,734430.142599,274163.847151,0.00699211422118,0,1,1,4,4
a612d5a0,cv,5329,5.41703436218,-4.76865243375,156375.568367,medium_hidden,0.158050112359,121181.705315,12936.8682505,22256.9948018,-0.00101283016629,2,2,1,4,3
a622ce4d,cv,6298,17.8286568149,-16.772103587,2001888.60208,long_hidden,0.433432293027,1771649.1831,17922.4764457,212316.94254,-0.00092786683778,1,0,1,3,0
a645da9a,cv,5153,5.54583075236,-4.30832828658,158486.898195,medium_hidden,0.0230143535935,95648.4020964,273.655268112,62564.8408307,0.00015491815784,3,0,2,3,1
a692b17e,cv,3566,28.5112700175,-20.8273589359,2898774.71922,short_hidden,1.30407740268,1546855.48695,1303838.81307,48080.4191985,-0.0185750753602,0,4,2,4,1
a6b8ac67,cv,5453,21.2334266856,13.6121072778,2458530.90326,long_hidden,0.45146473403,1010383.45015,852874.099109,595273.354004,0.00794474288189,0,2,2,4,4
a6ed2eff,cv,5275,5.15338288802,-2.02385610826,140090.04863,medium_hidden,0.508118331731,21606.3659601,64972.8804027,53510.802267,0.00230474560312,4,1,3,0,3
a6f967fb,cv,4670,15.5020311049,10.6703551912,1122261.56232,medium_hidden,0.00649567829817,531709.761167,167634.086394,422917.714763,0.00444422950265,4,0,4,4,2
a76db406,cv,4672,34.0967077752,-26.929973214,5431599.36775,medium_hidden,0.273870534548,3388243.99254,1976131.52446,67223.8507394,-0.0152491032499,4,4,0,0,0
a7744f5b,cv,4377,7.69594645276,-2.83819364543,259239.169325,medium_hidden,0.151821435535,35258.2370507,153576.357888,70404.5743862,-0.00468800424658,2,4,4,2,2
a783cc24,cv,1889,9.22123902034,-7.61066483792,160624.029494,short_hidden,0.306959976799,109415.072211,48879.2130471,2329.74423566,-0.00932835036766,3,3,2,2,2
a79fd2e7,cv,4404,41.5213942535,-31.0680252021,7592611.30005,medium_hidden,1.25133047736,4250838.52456,3154337.56925,187435.206229,-0.021051049529,4,3,3,4,3
a7fc3e6b,cv,4764,14.8476377706,-4.68761900931,1050234.98286,medium_hidden,0.743289294097,104683.049696,191795.618438,753756.314725,0.0046137317905,2,1,4,0,0
a85bb86f,cv,3099,30.8869691557,-25.7713233764,2956461.07238,short_hidden,0.23680335848,2058235.27547,863617.75549,34608.0414241,-0.0186603189482,0,1,1,2,0
a85e4bc3,cv,4581,18.3792108275,-15.1440285659,1547440.68453,medium_hidden,0.95949668263,1050613.87512,13601.668254,483225.141156,0.00130300560773,2,1,3,1,0
a87433c9,cv,5721,12.0199813202,-10.146669087,826569.799318,long_hidden,0.527259658555,589004.946058,190356.119039,47208.7342204,-0.00349273896284,0,0,4,1,1
a8ed028a,cv,5538,66.2280162371,-62.6082040046,24290499.446,long_hidden,0.32985995345,21707781.5617,1477717.42293,1105000.46138,-0.010217788289,1,0,4,1,2
a959858c,cv,4404,41.7511272342,35.2139717567,7676861.77792,medium_hidden,1.12403378866,5461064.84551,2157570.39207,58226.5403433,0.0174101356794,1,3,3,1,2
a9c9b150,cv,3986,14.864550878,12.9489153153,880726.123005,short_hidden,0.4153815528,668350.189661,187744.56834,24631.3650032,0.00596442230641,3,3,1,4,0
aa95015b,cv,4300,10.6705847092,-8.27409380202,489603.925556,short_hidden,0.299764250682,294380.701452,159026.03327,36197.1908343,-0.00489916497791,3,3,0,0,0
aaaf3c03,cv,2997,34.0063561229,-9.61675886937,3465827.47351,short_hidden,0.45788075937,277168.707301,2402543.69001,786115.076195,-0.0327262451843,4,0,4,3,0
aaeffccb,cv,2712,3.76925700783,2.25408717677,38530.1932366,short_hidden,0.188406289781,13779.4252093,11795.3598201,12955.4082072,0.00266386199333,4,1,3,4,0
ab112491,cv,5185,17.1671825776,-14.0182391665,1528082.53743,medium_hidden,0.785294787482,1018909.68707,235266.936493,273905.913874,-0.00450036707514,0,3,0,2,3
ab18d3fc,cv,5694,69.2449872547,56.1611312948,27301979.8719,long_hidden,1.37842195156,17959289.7734,9202638.2253,140051.873168,0.0244579813884,0,3,0,3,3
ab3ced07,cv,4250,40.6072211187,-33.2225394827,7008022.22967,short_hidden,0.204780602873,4690882.80114,2230352.92383,86786.5046976,-0.018672137417,0,2,3,0,2
ab6fe95d,cv,5491,6.26812747076,5.39585814887,215738.216146,long_hidden,0.455859142989,159872.030829,9548.03438678,46318.15093,0.000831898711963,3,2,4,0,0
ab94878e,cv,6004,15.6469588748,9.47158551098,1469943.24147,long_hidden,1.38998172659,538624.436279,869875.183381,61443.6218143,0.00694477331119,3,2,1,4,0
abf460d2,cv,3217,7.07007509663,-3.32318316295,160804.839342,short_hidden,0.473341552177,35527.0885581,111456.677918,13821.072866,-0.00633821693968,4,3,4,2,1
ac6f01d5,cv,5004,5.58696637168,1.2809481239,156195.822964,medium_hidden,0.163353431755,8210.70379304,23665.0123729,124320.106798,0.00150545593483,0,0,2,3,2
ad2133a8,cv,5729,39.8592096491,35.6641005496,9101986.52615,long_hidden,1.7029675571,7286875.90164,1348280.38528,466830.239237,0.00927603768837,2,1,1,0,2
add9c322,cv,3932,9.8887584578,8.72097315654,384500.622366,short_hidden,0.460021226096,299049.725838,74784.1874789,10666.7090492,0.0038421583786,2,4,4,1,0
ae069086,cv,4770,36.6178572594,30.0016231765,6395937.8332,medium_hidden,0.5836224396,4293464.5657,1998040.80808,104432.459424,0.0148632999099,0,3,0,2,2
ae0784a8,cv,7823,78.8396903508,69.3884376085,48625395.8677,long_hidden,0.220843280162,37665830.5066,10574329.0825,385236.278669,0.0162800990237,1,0,0,0,0
ae35f33a,cv,4450,17.5895425839,-11.5504018945,1376794.43699,medium_hidden,0.00438616098384,593682.43846,627259.94778,155852.050745,-0.00924217944132,4,1,2,2,4
ae8959c3,cv,4518,24.8149277119,-21.6609696238,2782096.91954,medium_hidden,0.0286127811475,2119834.77958,629816.735563,32445.4043957,-0.00905270549617,4,0,2,2,2
aed44918,cv,2719,11.8447772483,-10.8795554155,381472.295982,short_hidden,0.0586554655367,321833.690098,30646.1584449,28992.4474393,-0.00427725223906,1,2,1,3,2
aee6393a,cv,5865,87.9306208317,-75.8045080566,45346972.2783,long_hidden,1.16926765517,33702186.9856,11593358.9736,51426.3190708,-0.0262599107906,2,4,1,3,3
af7a59ce,cv,3024,3.03651230901,2.320828059,27882.5107763,short_hidden,0.36813267512,16287.9984675,341.225301355,11253.2870075,-0.000384803115447,0,2,3,2,1
aff4e561,cv,6026,12.7317305099,-11.5679186165,976796.291659,long_hidden,0.132999200487,806379.681972,12713.2475565,157703.362131,-0.000834978301949,2,4,1,0,1
b04b58a3,cv,3402,12.641461932,11.8563213018,543661.916362,short_hidden,0.77916141912,478227.151067,53102.0149426,12332.7503526,0.00402295040084,2,4,4,2,4
b0d42b0d,cv,4971,23.6745809028,-23.01799469,2786174.81698,medium_hidden,0.707807040698,2633775.38345,77529.8995815,74869.5339496,-0.00275207077105,0,2,3,3,1
b0f53bf4,cv,2755,3.95856472829,2.88508798375,43171.4966208,short_hidden,0.393387997394,22931.8835168,12955.5067636,7284.10634034,0.00272668801696,3,3,4,3,1
b19b0395,cv,5813,61.8414509057,53.6289093291,22231034.0364,long_hidden,0.0439001789808,16718536.2907,5499934.59784,12563.1477923,0.0183302719218,1,2,3,3,4
b1efb8a4,cv,5998,15.9783240641,-12.8380203125,1531330.4257,long_hidden,0.635816992241,988558.963731,337173.531523,205597.930445,-0.00433019719427,3,3,4,3,1
b32902c0,cv,3808,31.9857744391,-26.296880239,3895925.83071,short_hidden,0.88958029532,2633330.66645,1205521.91427,57073.2499852,-0.0161857483246,1,4,3,2,2
b32e4903,cv,5770,23.9991226957,18.0355554233,3323277.02625,long_hidden,0.00647771090092,1876872.86689,1259643.8204,186760.338956,0.00887055493956,0,4,3,0,0
b3388334,cv,6080,74.6652730022,67.7886121038,33895410.1944,long_hidden,2.09788012098,27939399.2602,4812057.59347,1143953.34066,0.0160287873876,2,2,1,2,3
b37fd114,cv,8161,27.4551110324,24.6086544133,6151624.05704,long_hidden,1.44951195177,4942186.30168,530632.396079,678805.359286,0.00342272841223,3,2,0,3,0
b38e3116,cv,6211,26.9688691037,-23.2858520864,4517383.90344,long_hidden,0.00459990606934,3367796.16579,1041548.77325,108038.964398,-0.00722250981423,0,2,1,2,1
b4d8dd4f,cv,4259,4.76330295685,-1.74773629226,96632.6854951,short_hidden,0.948130204306,13009.4653653,38342.9184426,45280.3016871,-0.00244046035949,3,2,4,3,0
b4f37e6e,cv,2992,3.35773460406,1.14416535661,33732.9499605,short_hidden,0.725194596007,3916.87017492,12368.0608137,17448.0189719,-0.00235395994978,4,2,0,4,3
b56bc0aa,cv,5602,50.9573656358,-44.7956514352,14546450.7364,long_hidden,0.00515932299379,11241255.4708,3274399.64089,30795.6247829,-0.0149500214306,4,4,0,2,0
b585b4fa,cv,4294,15.9295632761,13.8203382326,1089606.7346,short_hidden,0.14519719522,820161.509625,230743.755246,38701.4697305,0.00591374444074,3,2,4,1,2
b5aa9634,cv,7326,26.3898766738,-22.5953945066,5102013.87863,long_hidden,0.801284439692,3740302.87442,1080358.53136,281352.472854,-0.00574214570641,0,0,3,1,2
b7974e66,cv,5558,11.8212133249,-9.7098790801,776680.947502,long_hidden,0.00452746626857,524017.976227,233748.91957,18914.0517048,-0.0040419191532,3,1,0,4,0
b7cdcecb,cv,6168,37.1006003557,27.8697065613,8489971.64438,long_hidden,0.365777385728,4790812.31422,3497359.55993,201799.770221,0.0133734735518,1,0,0,3,2
b7fea9ef,cv,3866,4.18593615162,-2.29340604261,67740.2896253,short_hidden,0.329783622033,20334.043794,7203.49197823,40202.7538531,-0.0012231209401,4,2,0,2,1
b85f7b06,cv,3803,3.53763770842,-1.92628653053,47594.0907545,short_hidden,0.710110158792,14111.3349706,21401.857022,12080.8987618,-0.00216086123804,2,4,3,1,4
b881d27e,cv,4009,7.77991549355,-5.77963750024,242653.084113,short_hidden,0.465309844712,133917.476424,88036.0293491,20699.57834,-0.0040491771315,0,1,4,0,3
b8c49c1a,cv,4319,9.61775414328,-5.85170233481,399512.660171,short_hidden,0.0332480944032,147893.01291,229374.165363,22245.4818986,-0.0058450479633,3,4,0,0,0
b95e7121,cv,6306,22.1618587357,-15.7688505041,3097179.17842,long_hidden,0.0337851077468,1568028.81107,1486009.6548,43140.7125426,-0.00843277464294,4,3,2,4,1
b977be4a,cv,5917,14.8613127579,-1.72918686059,1306820.43613,long_hidden,1.03252958495,17692.3459555,924380.608722,364747.48145,0.00731751613192,1,4,0,0,1
ba48188d,cv,4166,2.541002241,0.834698933011,26898.5804917,short_hidden,0.400185553542,2902.54513834,1135.26074881,22860.7746045,0.000434069777149,3,0,1,4,1
bb2cdd83,cv,3825,28.7275432894,25.1664678325,3156664.41868,short_hidden,0.433864502841,2422567.9696,730086.704436,4009.74463651,0.0125121141662,3,3,1,1,0
bb337fa0,cv,6873,47.9884001109,-40.6116622796,15827739.2252,long_hidden,0.621160678007,11335687.7884,4259531.53277,232519.904001,-0.0125473505215,0,1,3,3,1
bb682ebd,cv,4139,11.9841875779,-10.1056694738,594446.292128,short_hidden,0.417807382118,422693.535275,107696.172596,64056.5842564,-0.00426921110769,2,1,4,3,2
bc4381e2,cv,4955,47.7606646381,32.9899653036,11302756.7845,medium_hidden,1.5101643189,5392713.85217,5340237.56638,569805.36594,0.022951201845,3,0,0,1,0
bcebcc5f,cv,6258,51.4930828227,-46.0099364659,16593322.1668,long_hidden,0.392657579731,13247649.399,3229020.83364,116651.934114,-0.0125739785138,3,3,4,1,3
bd2c2f34,cv,9823,27.1431663663,-22.2831340229,7237109.79183,long_hidden,0.752527241588,4877493.38188,2133952.44916,225663.960801,-0.00519776664818,3,4,0,2,1
bd4ae5da,cv,5006,7.6554530109,4.16173822579,293381.439776,medium_hidden,0.00548096853392,86704.2456905,137695.889202,68981.3048829,0.00362923300053,1,3,2,4,1
bd6f0e19,cv,5140,50.6240311026,39.6899282129,13172753.5789,medium_hidden,0.936319101861,8096992.66394,4987215.9992,88544.9157744,0.0209930259122,1,2,3,3,1
bd8f847e,cv,4961,37.9107020049,-29.0262083561,7130055.0008,medium_hidden,0.0505458067389,4179745.54757,2756889.32555,193420.127683,-0.0164606301594,1,2,3,1,1
be063506,cv,4500,31.1210617892,-25.985667517,4358342.19099,medium_hidden,0.00477147585228,3038647.12337,1208173.60118,111521.46644,-0.0126135267954,4,3,2,4,0
be35c8f2,cv,4226,13.4659013601,6.96357117599,766302.690629,short_hidden,0.00582282289237,204924.333209,322197.416258,239180.941163,0.00715743516719,4,2,2,0,1
be83e781,cv,3221,3.76175965069,-1.23877616639,45579.8416917,short_hidden,0.680320725052,4942.8383435,22979.7835957,17657.2197525,-0.00287261566203,4,4,4,2,2
beda8696,cv,5912,39.0824430643,26.9700379478,9030209.64791,long_hidden,0.20426445248,4300287.98212,4134072.40332,595849.262476,0.0154945165572,4,2,4,3,3
bf39bc20,cv,3303,5.92064275687,-4.28178754516,115783.397192,short_hidden,0.00669214541829,60556.2262339,532.61199653,54694.5589614,0.00042114655696,1,3,2,3,1
bf70b410,cv,6347,18.8807869777,-0.426080929565,2262604.68994,long_hidden,0.138721366472,1152.26585185,752001.374783,1509451.04931,0.00594083100177,1,4,2,0,3
bffe3082,cv,5723,42.6765406774,-37.1125280268,10423226.2117,long_hidden,0.00560405344172,7882515.31223,2498863.01084,41847.8886657,-0.0126481275049,2,3,4,4,2
c03b9305,cv,4255,7.68987759277,-7.2824320042,251616.095002,short_hidden,0.146442406289,225658.886636,16361.1941954,9596.01417048,-0.00159642598473,2,4,3,2,0
c03d4aed,cv,4641,44.4351248493,-37.1990722224,9163563.16685,medium_hidden,0.0218277465425,6422081.09129,2653767.39421,87714.6813557,-0.0178486226272,1,2,1,3,1
c03fba65,cv,3699,14.7137902783,-11.455435877,800817.314489,short_hidden,0.277834952799,485408.714177,268490.423336,46918.1769755,-0.0079786339706,4,2,4,2,2
c07fd0cd,cv,4191,12.1362083388,4.19881469522,617282.133964,short_hidden,0.192608553188,73887.5179447,11704.0415528,531690.574466,-0.00138128110703,0,1,3,4,2
c1708b88,cv,6315,134.078199697,109.002500426,113524525.348,long_hidden,0.143817150976,75031957.3007,37951417.3718,541150.675331,0.042525026821,1,2,2,3,0
c1d046f4,cv,5513,15.0744714578,-14.1755882945,1252772.40949,long_hidden,0.420952180907,1107822.48417,58469.5702672,86480.3550573,-0.00204632020497,3,2,2,1,3
c2717d4f,cv,4721,7.49030980002,-1.80636080556,264870.48179,medium_hidden,0.733351903516,15404.3367179,92037.9017166,157428.243356,0.00323983570011,1,2,4,3,2
c2c4db09,cv,6039,11.2098751228,-5.8396960084,758868.592325,long_hidden,0.107086316161,205942.276753,248447.491729,304478.823842,0.00367925927067,4,3,2,2,4
c2c6fc71,cv,7119,35.5568595523,-29.8037392186,9000482.36964,long_hidden,0.00489076901899,6323543.38159,2505900.81505,171038.173005,-0.009129438694,4,1,1,0,4
c36625df,cv,4742,35.6953818846,30.2827289639,6042068.08516,medium_hidden,0.593911965644,4348621.09975,1681777.9552,11669.0302042,0.0137572818826,2,2,1,1,3
c3957531,cv,5316,6.11403281211,3.8372544661,198719.507662,medium_hidden,0.462536310515,78275.5580887,35924.7893318,84519.1602413,-0.00169398783543,1,0,1,4,4
c42fe306,cv,5095,24.3487792158,22.3176007978,3020637.23618,medium_hidden,1.34210932482,2537693.68086,307813.310329,175130.244991,0.00528467211172,3,2,2,2,4
c43812e2,cv,5527,64.1265961924,53.1262519259,22728241.8149,long_hidden,1.66070661427,15599397.3037,6964147.12414,164697.387043,0.022247970601,3,2,0,0,4
c472c0b5,cv,3054,5.78059353747,4.83523857387,102050.209065,short_hidden,0.00458920256262,71401.0909303,26838.147739,3810.97039596,0.00336250831424,3,2,4,1,4
c47e0767,cv,4356,63.7808028922,-56.2375918406,17720168.0013,medium_hidden,0.846230387996,13776576.3022,3870083.17704,73508.5221306,-0.0237038547578,1,4,3,2,2
c50b42f6,cv,6014,7.44392041933,5.89016318235,333247.474573,long_hidden,0.146836417238,208649.850201,52514.9066249,72082.7177469,0.00170210674295,3,0,1,1,4
c593337f,cv,5208,25.0847415066,14.6259497002,3277104.0876,medium_hidden,0.272382854451,1114087.05133,1994256.35616,168760.680112,0.0130159136921,4,3,0,1,2
c59b6c4a,cv,5499,18.551908079,13.2369087306,1892608.94025,long_hidden,0.00446261004337,963511.424335,810172.591945,118924.923966,0.00764634385285,2,2,2,3,2
c66be2b8,cv,4154,51.3837759163,41.2909558533,10967774.7435,short_hidden,0.616256295248,7082333.36856,3799138.81193,86302.5629937,0.0252193261545,0,2,4,1,2
c6797dd7,cv,4664,54.5370767349,-45.1207150658,13872101.3337,medium_hidden,0.190392352727,9495339.32041,4340896.14012,35865.8732015,-0.0226590927921,1,2,4,2,0
c6b782a4,cv,4877,50.7148490439,43.5767024168,12543624.0703,medium_hidden,0.00778777290104,9261076.7014,3197091.82796,85455.5409918,0.0181860781895,3,2,2,1,4
c6c96179,cv,4004,6.81609108561,4.78451543904,186022.22714,short_hidden,0.00447043683085,91657.9182978,84889.4106338,9474.89820875,0.00398360521787,0,0,3,1,2
c70c0e01,cv,4312,33.4471558807,26.8881732522,4823887.16381,short_hidden,0.494626230498,3117463.28794,1601039.3942,105384.481667,0.0154800912171,3,3,1,0,2
c84c65be,cv,8496,15.1466584757,-12.7764273735,1949163.05027,long_hidden,0.359639795246,1386862.37127,23691.2956101,538609.383389,-0.00068086855335,4,2,0,1,2
c8d9680c,cv,6281,12.4840093329,-10.9943580714,978896.921553,long_hidden,0.171580332512,759221.586952,3971.46331777,215703.871283,0.000438553636158,0,3,3,1,4
c908edd0,cv,5293,37.5453594533,-32.7987001441,7461298.70923,medium_hidden,0.405094388894,5693969.79195,1733870.98263,33457.9346555,-0.0118453031276,1,1,3,0,3
c9578d27,cv,4487,68.705832518,-59.2272428304,21180845.0105,medium_hidden,0.00515765762415,15739796.058,5209950.75742,231098.195021,-0.026307121995,3,2,1,1,3
c96c018a,cv,6236,13.9842912509,-11.5733472858,1219514.66556,long_hidden,0.397277565087,835264.603097,190931.918595,193318.143872,-0.00307376553812,1,4,1,4,3
c99f9fae,cv,6361,4.39226769482,-1.24257921614,122716.510614,long_hidden,0.60362565549,9821.4037724,11548.7240924,101346.38275,0.000733786196694,4,0,2,3,1
c9e6734f,cv,4735,25.7002477073,-20.6275274597,3127480.43704,medium_hidden,1.14804377038,2014718.29989,1100500.03741,12262.0997471,-0.0111533591848,3,3,0,1,4
c9e980e8,cv,4359,24.6917205709,-22.0594733841,2657599.76125,medium_hidden,0.4694935701,2121178.17533,493987.091335,42434.4945874,-0.00845995652145,1,1,4,0,0
c9fedcf3,cv,3517,1.92850688182,-0.536137453534,13080.2111358,short_hidden,0.202341142571,1010.93832906,534.154449002,11535.1183577,-0.000383853507268,0,0,4,0,0
cad13e8f,cv,4848,15.2064635378,9.85943443103,1121034.71356,medium_hidden,0.00792291651898,471266.552509,236318.707841,413449.453213,0.00498879625143,3,4,1,4,3
cb34231f,cv,5609,34.522239792,24.8802079562,6684722.29081,long_hidden,1.8758516594,3472109.81121,2637436.05498,575176.42462,0.0133922466523,1,1,4,0,2
cb879f40,cv,6315,11.236526663,-9.21106636515,797328.941095,long_hidden,0.0045301889863,535788.240728,78.322189503,261462.378177,-6.1090405236e-05,0,1,1,4,4
cbb406b5,cv,6328,9.63098784555,-8.27314029993,586959.505304,long_hidden,0.940014032611,433119.013473,104106.344588,49734.1472436,-0.00222039132326,3,0,0,4,1
cbe51de1,cv,3963,4.76226641433,3.68880643761,89877.5958923,short_hidden,0.198300314539,53925.7018979,9700.18430231,26251.7096921,0.00136755411699,0,4,4,1,1
cbe62450,cv,6258,15.0895706805,-12.9871493066,1424916.20692,long_hidden,1.17690837657,1055512.12282,52077.3127236,317326.771375,0.0015968406263,1,2,1,4,0
cc08aa63,cv,3274,23.7711142426,-20.0477832466,1850025.66602,short_hidden,0.285034787818,1315865.1693,525349.041585,8811.45514229,-0.0134028328927,1,4,0,2,2
cc8a1d57,cv,6638,49.430567129,41.1437049219,16219162.8569,long_hidden,0.00430305458119,11236835.9703,4560550.90109,421775.985553,0.0136786554251,4,2,0,3,4
ccedb12b,cv,4401,39.7118004909,32.4763498175,6940496.25929,medium_hidden,0.639196167801,4641793.22215,2175429.50073,123273.536412,0.0174999210025,1,4,4,4,4
cd7f1687,cv,4232,24.2798399649,19.148704393,2494808.98075,short_hidden,0.132456038222,1551759.62787,880337.246168,62712.1067099,0.0118058343432,1,0,0,2,4
cda7eb37,cv,5973,59.2058891819,-40.5752393167,20937379.7754,long_hidden,0.00455943822069,9833648.82241,9486463.09755,1617267.85546,-0.0231128775162,0,2,3,3,4
cdc31d65,cv,4840,22.1101760684,18.1201573935,2366081.84715,medium_hidden,1.0559882366,1589166.10319,723907.148715,53008.5952451,0.00875314297845,0,4,1,1,4
cdc60a53,cv,5878,21.9220523091,-16.2532682486,2824827.94661,long_hidden,0.350995366737,1552783.78765,1210249.78318,61794.3757829,-0.00845636584521,3,0,4,1,4
ce55ba43,cv,4104,8.20931002912,-6.85668014458,276579.932817,short_hidden,0.853082907125,192945.712931,44126.1251255,39508.0947602,-0.00276775410674,1,2,4,1,1
ce8399b7,cv,1615,3.77621292991,-3.51608883309,23029.5513086,short_hidden,0.130901809637,19966.0523017,291.493345824,2772.00566107,-0.000911268249636,0,1,1,2,0
cf50c9d1,cv,4858,62.9263852917,54.4993723334,19236368.1742,medium_hidden,0.127120809293,14429142.1386,4767934.97298,39291.0626077,0.0223392983515,0,3,2,4,0
d00e7eb9,cv,5704,72.9205515241,63.9316502764,30330488.5844,long_hidden,0.0708268227519,23313707.6939,6944934.17746,71846.7130442,0.0211911937096,4,2,3,4,4
d011f41b,cv,2267,11.6930453607,9.92849966195,309960.811335,short_hidden,0.64030146225,223469.764253,80109.8772798,6381.16980235,0.00908356688355,2,2,3,3,2
d07aed8f,cv,2957,14.4422863688,-11.2341495323,616769.982344,short_hidden,0.308816775705,373191.48417,229772.465156,13806.0330179,-0.0103267259741,2,2,3,3,1
d085e611,cv,6191,30.129797315,25.8607603339,5620218.81254,long_hidden,0.527253514385,4140410.32496,1400580.19748,79228.2901046,0.00841595517146,0,4,2,2,0
d0a0e7b5,cv,3816,4.64727827461,3.27504904572,82414.8975002,short_hidden,0.0693293243825,40930.2108972,2346.49252142,39138.1940815,0.000711848666946,0,2,3,3,0
d0a43760,cv,4041,56.6988259976,-45.2917868711,12990832.5097,short_hidden,0.00794949468034,8289489.0162,4545982.16321,155361.330248,-0.0287522095085,1,0,3,4,0
d0cb63ae,cv,5223,18.5698001155,16.2285187599,1801086.13886,medium_hidden,0.451812606501,1375554.46082,48057.6339519,377474.044088,0.00201183233855,1,4,3,4,1
d114d9c2,cv,6206,12.4457324186,3.31768046933,961286.161227,long_hidden,0.0247271217649,68309.4649409,423413.510481,469563.185805,0.00461057751092,0,0,2,3,3
d1457cc5,cv,6920,60.6538768988,50.6078297722,25457938.0574,long_hidden,0.416975176657,17723174.845,7165510.39156,569252.820796,0.0161084981276,3,0,2,1,4
d1ecf309,cv,6168,4.02243570453,1.00831176244,99798.1721339,long_hidden,0.00817771362437,6270.96002013,15977.5262484,77549.6858654,0.000903917617643,2,3,1,4,3
d1ee630d,cv,6290,52.6221854931,-49.003868857,17417603.8142,long_hidden,0.47690050595,15104674.935,1957112.28383,355816.595405,-0.00971454650714,1,3,2,3,4
d217e0c5,cv,3838,14.8867189101,-12.8304607176,850556.066847,short_hidden,0.339984719352,631814.331908,205286.240754,13455.4941849,-0.00660105122756,2,1,3,4,1
d24ff243,cv,5641,10.7701018011,7.842947654,654328.318514,long_hidden,0.42504453785,346988.221203,180782.347532,126557.749779,0.00347643802096,3,0,2,0,2
d273674e,cv,3899,6.91566506711,-4.65686535388,186475.224526,short_hidden,0.847454955832,84555.2538093,60461.7995886,41458.1711283,-0.00349865661213,0,2,0,3,2
d2f3b1ab,cv,5581,24.8444368147,16.1977507613,3444850.15281,long_hidden,0.413687387451,1464270.951,1537775.53184,442803.669973,0.0103031273864,0,1,2,4,2
d3df146b,cv,5787,54.8435741358,-47.4662203422,17406240.5901,long_hidden,0.29243175415,13038354.4798,4311308.21635,56577.8939162,-0.016338603811,4,2,3,0,1
d40f61d5,cv,4039,3.51206372837,1.47429353263,49819.4156021,short_hidden,0.310259991935,8778.93379676,21329.4062048,19711.0756005,-0.00197092110107,0,2,4,4,1
d41beaf2,cv,4753,37.8110950759,32.4257532985,6795263.86322,medium_hidden,0.306306954159,4997444.30406,1744895.74754,52923.8116175,0.013964444146,0,4,2,0,2
d463e527,cv,4767,50.9506101643,-41.5289820824,12374963.6111,medium_hidden,0.510329189256,8221436.83381,4085153.99889,68372.7783485,-0.0212729206982,2,4,3,1,1
d4f60a28,cv,4501,33.8846309403,30.5980812266,5167905.13103,medium_hidden,1.34129837617,4214027.82895,897431.833467,56445.4686153,0.010867454978,0,3,1,3,1
d50c649a,cv,4873,46.7086772229,-40.2089925036,10631426.6725,medium_hidden,0.465693263761,7878486.47985,2734153.69123,18786.5014395,-0.0168386580164,0,3,2,2,0
d543916f,cv,4799,25.2703040178,-21.5036620092,3064585.08447,medium_hidden,0.41236558772,2219093.49559,764968.744326,80522.8445526,-0.00911352423791,2,3,4,3,1
d5df0ff5,cv,4032,12.1050434074,10.3366083618,590817.330006,short_hidden,0.00585177554837,430800.944821,125777.63763,34238.7475548,0.00479856705476,1,0,3,0,0
d60430e6,cv,2511,17.7160371648,13.3917317656,788097.369766,short_hidden,0.918555219171,450318.922479,280605.61986,57172.8274275,0.0145837352196,2,0,0,1,3
d63196fe,cv,4510,54.1342505704,47.5050613758,13216632.0526,medium_hidden,0.150567595378,10177856.162,2891040.16808,147735.722504,0.0194470120714,2,1,3,1,1
d6c320d9,cv,5452,15.7479440518,-12.7391680179,1352083.68862,long_hidden,0.138531580771,884785.462553,26328.1986617,440970.027402,0.00139626365287,2,3,2,3,3
d6dd7330,cv,6193,61.0192629997,-53.3235876466,23058709.3804,long_hidden,0.480986123007,17609207.162,5237988.46059,211513.757818,-0.0162675173027,0,0,2,3,2
d7ba4f9d,cv,6023,58.3775812824,50.391346482,20526034.6442,long_hidden,0.00650357771879,15294130.421,2869554.88471,2362349.33844,0.0125538981854,3,0,4,3,4
d7eb0be8,cv,5401,28.4611603176,-16.0641309068,4375013.3294,long_hidden,0.985323980228,1393762.08596,1188766.75319,1792484.49026,0.0095154140286,2,1,3,4,2
d84b621b,cv,3994,22.0807546892,17.0851963966,1947313.55222,short_hidden,0.971898915276,1165864.32002,680387.097247,101062.13495,0.0113202646579,2,4,2,0,2
d90aa14c,cv,10018,12.7194919259,11.1734020272,1620766.88708,long_hidden,0.575216611806,1250696.33704,4648.22077598,365422.329269,0.000235538799884,0,3,3,2,2
d924e971,cv,3184,21.6303152996,-14.9694641508,1489699.79923,short_hidden,0.0887758605293,713486.184566,701965.589453,74248.025208,-0.0161543306385,0,0,3,1,4
d9ae59b2,cv,3648,9.33008778614,-5.73132795064,317560.362978,short_hidden,0.571251397719,119829.942044,130657.176213,67073.2447213,-0.00568296562115,4,1,2,2,3
d9d6d94d,cv,4919,28.1333888078,-23.8525311116,3893327.33623,medium_hidden,0.279917633872,2798631.79967,622806.721041,471888.815515,-0.00792413824155,0,0,0,0,1
d9eca87b,cv,6373,55.1383350329,40.3965931503,19375423.9656,long_hidden,0.152756740032,10400001.4362,7988547.9775,986874.551852,0.0192445905113,2,1,1,3,4
da2d4d7c,cv,2114,13.7701738922,-12.0762756859,400851.794593,short_hidden,0.548447945192,308298.222411,90542.3373614,2011.23482063,-0.0107240553785,2,3,2,3,1
da3bfe4e,cv,5549,5.6470534813,3.08673406541,176953.243052,long_hidden,0.137453783788,52870.4679806,7451.49154014,116631.283531,-0.000723419396873,2,0,0,1,2
da3cf798,cv,5844,3.60178131475,-1.46192061873,75813.2105681,long_hidden,0.222397747556,12489.8663171,45026.4000225,18296.9442285,-0.00164535240816,2,0,1,2,0
da940160,cv,5132,7.87452422937,2.16191302363,318225.732598,medium_hidden,0.110971491318,23986.2901743,196399.693611,97839.7488127,0.00417571704848,2,2,4,1,0
dafc88c3,cv,5572,22.5517401781,-19.9791398786,2833813.24875,long_hidden,1.8001109793,2224153.12077,555766.326464,53893.8015168,-0.00620897745903,1,0,1,3,4
dbee6c86,cv,7369,25.613471156,19.2573767358,4834431.74745,long_hidden,0.253274422792,2732768.29139,1796165.99307,305497.462989,0.00733923893997,1,4,0,0,3
dc5fbe29,cv,5203,8.04340609081,6.25140620116,336615.273161,medium_hidden,0.760177451245,203333.653596,17475.5083545,115806.11121,0.00122018252589,3,3,1,4,1
dc7da28f,cv,4774,50.9316196534,-41.0516274927,12383898.6496,medium_hidden,0.191938731844,8045317.23592,4248538.53134,90042.882316,-0.0216464554147,2,0,0,4,2
dc7f9757,cv,4360,48.4093775911,-40.0332789274,10217519.777,medium_hidden,1.6543083548,6987612.51852,3206897.81856,23009.4399169,-0.0215478260853,0,3,4,0,3
dd168de0,cv,3304,4.49191249581,-3.78329662729,66665.7260825,short_hidden,0.722386592205,47291.2534548,13240.8273655,6133.64526222,-0.00209888259692,2,3,3,1,2
dd64382d,cv,3124,6.81671976858,-5.54564336925,145164.996092,short_hidden,0.964008123179,96075.9970237,39364.7162643,9724.2828041,-0.00393620465121,0,4,1,3,2
dd6bc5b2,cv,3602,25.428460839,22.0742960772,2329077.04755,short_hidden,0.865845288667,1755162.91938,568408.530108,5505.59806362,0.0120810691571,2,4,3,1,4
dd7d638e,cv,4301,21.8039568252,-18.2586609381,2044749.30544,short_hidden,0.321645983093,1433861.78548,603739.483244,7148.03671505,-0.00954248004152,1,2,1,1,2
ddc790ff,cv,4726,14.2070370884,11.8314287245,953895.380784,medium_hidden,0.667272462651,661558.266964,278117.27972,14219.8340996,0.00562294768911,4,1,0,2,3
df71d1ff,cv,6228,75.1427528003,63.2768501347,35165986.5825,long_hidden,0.721082881515,24936661.4038,10067465.6755,161859.50316,0.022362883512,0,2,0,1,1
df73b8f3,cv,5311,33.0685403583,24.0821848509,5807729.12755,medium_hidden,0.103578903811,3080123.09203,2211704.72906,515901.306462,0.0133103584689,3,1,0,0,3
df8290be,cv,3972,33.2331683704,-23.1026929109,4386849.5023,short_hidden,0.260182493495,2119993.11519,2131528.365,135328.022103,-0.0202033010452,4,0,1,2,3
e0079ed1,cv,3471,28.6086183194,23.3262289968,2840850.50929,short_hidden,0.431641788906,1888616.08142,940438.828364,11795.599506,0.0164275953421,3,3,0,4,3
e03b45fd,cv,5342,45.655277919,-39.1974832928,11134888.3148,medium_hidden,0.472822079334,8207676.88465,2430873.12193,496338.30819,-0.0138329864313,2,1,2,3,3
e0f36d98,cv,4976,11.5021182386,5.39998323185,658318.450503,medium_hidden,0.176019018416,145099.258868,333371.543944,179847.647692,0.00569815603414,2,2,1,0,3
e149204f,cv,6097,8.87663249904,1.78646689402,480410.703777,long_hidden,0.412060329695,19458.3557851,365425.962331,95526.3856607,0.0043986158618,1,1,4,4,4
e14d641e,cv,3184,17.4275716839,-13.0572512612,967045.291273,short_hidden,0.00466221057983,542845.924622,384590.155299,39609.2113522,-0.0119572177281,2,2,2,1,1
e161bd0c,cv,2949,19.4466614789,16.7561649207,1115231.12325,short_hidden,1.14678724559,827987.966339,285087.932784,2155.22412744,0.0115496256134,0,4,2,0,4
e201fd6d,cv,5070,28.9307826931,-19.1707057632,4243540.24927,medium_hidden,0.538429991224,1863305.91446,1912995.30907,467239.025744,-0.0132719777522,2,4,4,4,3
e25f1537,cv,3177,11.8365150402,6.56310188463,445107.51152,short_hidden,0.0979376886649,136847.071268,246609.878187,61650.5620651,0.00960660771388,0,0,1,4,4
e2fc7745,cv,3692,10.4064477786,5.76689614305,399822.02162,short_hidden,0.358271684217,122785.180433,206184.715117,70852.1260706,0.00701174855927,0,2,4,3,3
e32da4ec,cv,4689,12.3644253951,10.7916753794,716849.702979,medium_hidden,0.00449183918887,546082.147391,100739.628781,70027.9268074,0.00342428936381,2,3,3,2,1
e3b34f5b,cv,5455,7.10246727993,-6.81818745863,275177.701177,long_hidden,1.09968534075,253590.295605,2033.89058491,19553.5149872,-0.000387759360884,0,4,0,4,3
e45a2a62,cv,5007,75.0248057932,-63.484938039,28183008.4719,medium_hidden,1.10520392679,20179899.1506,7720704.07041,282405.250911,-0.0271676890513,2,0,2,4,2
e46f4ef4,cv,7195,81.4234978951,-69.8857198466,47701310.3381,long_hidden,0.753868252215,35140479.5679,12496439.5626,64391.207635,-0.0200649266463,3,0,2,2,0
e4726608,cv,4733,36.5225473827,31.85588428,6313331.97983,medium_hidden,0.759115004427,4803035.92031,1467685.63768,42610.4218339,0.0128885006626,1,1,4,2,4
e5864244,cv,4469,58.63734338,49.1674950678,15365932.6948,medium_hidden,0.389660670593,10803550.8509,4448366.28877,114015.555167,0.0244554338803,1,2,4,4,4
e5c92e59,cv,4295,56.9744909345,-49.6423962858,13941967.7911,short_hidden,0.289372885344,10584458.4511,3282452.89027,75056.4496705,-0.0222969332367,2,0,3,1,1
e5ff9fd2,cv,2354,8.08818181913,-5.74135006943,153995.584818,short_hidden,0.126262084467,77595.138859,47546.0201221,28854.4258367,-0.00661360205191,2,1,3,4,2
e6c55748,cv,4472,11.0749831536,-7.11924122775,548514.286283,medium_hidden,0.493948080612,226657.039787,270101.369133,51755.8773641,-0.00602006713349,1,3,2,4,4
e730c32b,cv,4728,23.0695525932,-19.628168852,2516261.72639,medium_hidden,0.61773351768,1821532.97902,589890.850949,104837.896422,-0.00818389900313,1,0,0,0,2
e737965a,cv,5955,16.4676539479,14.243242898,1614898.49609,long_hidden,0.00429696434273,1208090.66094,363228.081913,43579.7532368,0.00454315641317,0,3,3,0,3
e748dd88,cv,4812,32.4940792182,-26.1976040197,5080823.26656,medium_hidden,0.813188737087,3302545.16406,1753265.87184,25012.2306606,-0.0137412453486,0,0,4,2,0
e7818f7a,cv,5371,23.8346095553,19.1705144618,3051203.93857,medium_hidden,0.406549292853,1973888.82342,1032793.05795,44522.0571999,0.00894364509474,2,0,2,0,2
e7c36e81,cv,3531,2.42746853821,1.83247810247,20806.7829726,short_hidden,0.194591587342,11857.013242,3959.42027767,4990.34945294,0.00103886679572,4,1,2,0,1
e7d0c1de,cv,4711,33.3225494802,26.970743,5231058.14347,medium_hidden,0.716815646668,3426880.22722,1737194.50591,66983.4103435,0.0141203414935,3,0,1,3,3
e85074c5,cv,5675,34.2070272823,-27.9315344383,6640435.0604,long_hidden,0.133688015628,4427468.24624,2163068.32599,49898.4881709,-0.011917274693,4,4,1,0,2
e97032ad,cv,3530,2.25369625709,-1.5526390375,17929.3882718,short_hidden,0.32439997929,8509.72857213,562.984066192,8856.67563348,0.000391901236819,3,2,0,1,4
e9949a23,cv,4559,22.9614704992,19.4714630406,2403637.5922,medium_hidden,0.351503544064,1728489.56275,565757.741274,109390.288183,0.00846450367209,0,3,0,1,4
ea0b99b7,cv,9239,53.6745364324,46.0892031385,26617151.2019,long_hidden,1.05470066722,19625619.1139,6704712.38379,286819.704254,0.010100508794,3,4,4,1,0
ea3a0e38,cv,10052,74.4478750267,-61.2132752916,55713070.2369,long_hidden,1.19871266022,37665498.103,17296649.955,750922.178927,-0.0142952878085,2,4,0,2,3
ea41324e,cv,5025,16.2258486236,7.81062409609,1322972.77187,medium_hidden,0.329848253661,306554.390071,739857.369116,276561.012687,0.00836489578053,4,1,2,0,4
eabc711b,cv,5348,25.0981002702,18.6777294547,3368783.47959,medium_hidden,0.00524024954274,1865690.32491,1402829.09975,100264.05493,0.0104907349778,1,1,1,1,3
eac10e86,cv,6067,32.969490827,28.1206643761,6594752.10316,long_hidden,0.137463458522,4797612.29796,1750024.71947,47115.0857277,0.00969732002402,0,3,3,0,0
eafb863e,cv,3568,12.2269891869,-10.4146271307,533413.376012,short_hidden,0.990065703923,387001.187114,99285.5933649,47126.5955332,-0.00512149189011,3,4,1,0,0
eb06a4e7,cv,4535,34.2763451483,26.2944165352,5328025.63954,medium_hidden,0.501667902406,3135482.40611,2034980.73344,157562.499984,0.0161809809801,0,4,3,0,3
eb640a35,cv,6037,31.5931311696,21.9478879648,6025686.28228,long_hidden,0.00578246495319,2908081.97879,2872418.43671,245185.866775,0.0125164946481,2,1,3,0,1
eb934281,cv,5971,13.6725886376,-12.6114731184,1116216.8296,long_hidden,0.549580240822,949683.09693,153603.108675,12930.6239947,-0.0029425240758,2,2,4,4,0
eba6605e,cv,4410,72.4731563639,56.4935988919,23162900.5146,medium_hidden,0.578549547885,14074632.8165,8920981.15155,167286.546588,0.0353296276976,1,0,4,4,1
ebe69318,cv,4976,6.38239175935,5.95049807461,202696.98466,medium_hidden,0.143054598984,176192.334424,9436.73837604,17067.9118601,0.000958696256813,3,3,4,2,0
ec0d597b,cv,4616,35.1246463177,-23.6755029335,5694947.43559,medium_hidden,0.321733641123,2587403.89114,2783789.52119,323754.023261,-0.0184293547891,1,3,2,4,1
ec13af42,cv,5462,9.1216428818,-6.21679725471,454462.26273,long_hidden,0.360143357369,211098.478996,115814.189555,127549.594179,0.00292041098131,1,1,2,0,2
ecdab904,cv,6147,15.6309909552,-13.9854347871,1501883.46755,long_hidden,0.768470574529,1202306.39787,226677.1453,72899.9243742,-0.0034221550017,3,4,4,3,3
ecdaf714,cv,6592,43.1015544402,-38.3134025819,12246248.4161,long_hidden,0.455431187624,9676507.66032,1268636.07244,1301104.68336,-0.00729009785641,3,2,2,4,3
ed6436d6,cv,2945,15.4136422741,14.1265064799,699674.184217,short_hidden,0.0728968917608,587698.855791,60559.3627741,51415.9656522,0.00533400413147,4,2,0,1,2
ed6e6e54,cv,6048,5.72723264511,-0.454798089551,198381.619928,long_hidden,0.692281996468,1250.97619607,13093.1869425,184037.45679,0.000842743942512,0,4,3,4,4
edf885a3,cv,3117,8.43963755041,-6.82293324681,222016.061339,short_hidden,0.150140815549,145103.887188,0.0057429054225,76912.1684082,1.5085207002e-06,1,4,4,2,3
ee0300f7,cv,4544,51.2006112081,-43.7293299666,11912107.7602,medium_hidden,0.653772618453,8689283.53616,3202264.15107,20560.073017,-0.0202377266791,3,3,4,3,1
ee288beb,cv,4638,95.9057803509,-80.0008185634,42659946.9525,medium_hidden,0.196500121146,29683807.4426,12936674.689,39464.8208591,-0.0394462611261,0,1,1,4,3
ee4aecac,cv,5265,35.4593318028,-33.4513064683,6620022.57567,medium_hidden,1.68124863906,5891481.84685,427258.181914,301282.546903,-0.00592704550616,3,4,1,3,1
eeda36f5,cv,4797,28.3790972749,-21.6175487037,3863375.05877,medium_hidden,0.841552847029,2241726.42215,1527982.95378,93665.6828419,-0.0128882902906,0,3,3,0,1
eeed308d,cv,3899,10.2708486928,9.77327561346,411306.807858,short_hidden,0.00455372715975,372420.456329,31135.1175275,7751.23400215,0.00251064922312,0,2,3,2,4
ef04658e,cv,4104,5.84845621917,-5.28335347006,140375.022366,short_hidden,0.00459246874762,114558.333243,23858.7329394,1957.95618324,-0.00203518220075,0,0,4,4,1
ef8e3ed0,cv,5224,35.2831103534,-29.0665490289,6503346.50534,medium_hidden,0.00643603483572,4413570.95928,1949204.06646,140571.479594,-0.0128089795697,3,4,3,2,4
efde6ac3,cv,4559,25.9522024178,22.2793248465,3070563.1383,medium_hidden,0.575568665153,2262943.15089,776334.490499,31285.4969134,0.0099154102021,0,1,0,1,0
efe96181,cv,4012,34.2419708268,-29.0415932783,4704120.41522,short_hidden,1.53042940703,3383777.53024,1311887.17528,8455.70969966,-0.0156134002588,4,1,3,0,0
f0188a48,cv,4170,30.2580676153,-20.7891523332,3817846.23475,short_hidden,0.0216070069857,1802227.52424,1936181.65086,79437.0596398,-0.0179002708786,0,1,4,2,1
f021b650,cv,3739,12.1714766088,-8.67559866859,553913.567373,short_hidden,0.837143773688,281419.619835,227287.865137,45206.0824006,-0.00722346487872,4,1,1,1,3
f03f10fe,cv,4145,14.6846005945,-11.070278101,893817.415201,short_hidden,0.00528446939261,507974.132229,348873.674102,36969.60887,-0.00766722013971,0,0,0,3,2
f053a1b9,cv,4108,13.7301354899,-5.64648094946,774426.277309,short_hidden,0.704028757705,130974.325139,565443.514599,78008.4375718,-0.00989326397332,0,4,2,0,1
f074d277,cv,2453,17.5733441403,14.6031475146,757541.406744,short_hidden,0.548808340194,523106.953215,228369.372019,6065.08151013,0.0136258393929,0,1,4,1,3
f07d7037,cv,5563,3.96174091937,-2.27337519514,87313.4607573,long_hidden,0.150319219339,28750.8900692,23410.2960437,35152.2746443,-0.00127741053348,1,3,0,1,0
f08774c3,cv,3900,14.5763288215,-7.69200163351,828630.511464,short_hidden,0.228533291873,230750.867607,442050.798245,155828.845612,-0.00945648670542,1,1,4,1,0
f140c2fa,cv,4082,57.4683439188,48.4713457285,13481256.2764,short_hidden,0.909245756518,9590542.0782,3882005.05874,8709.13947692,0.0261703290952,0,0,2,3,0
f16e25e3,cv,4651,19.9035652731,17.4957891536,1842502.53611,medium_hidden,0.613669081793,1423683.36984,407896.034427,10923.1318469,0.00697502655467,3,4,4,3,3
f2d4c8c9,cv,6249,20.9929670665,-18.9304014806,2753963.45943,long_hidden,0.48873042706,2239392.26626,277571.99816,236999.195015,-0.00369455951966,1,3,1,3,1
f321a31c,cv,5141,36.8961425704,28.5594029271,6998573.55535,medium_hidden,0.093395225441,4193202.64664,1779581.10198,1025789.80673,0.0125365523353,0,1,3,3,0
f40cd091,cv,5166,29.1320505833,27.7322066009,4384262.13357,medium_hidden,0.131529657074,3973042.91175,273286.610243,137932.611577,0.00487717349901,3,2,0,2,1
f439a621,cv,2821,12.1790194091,-9.98120090307,418434.737339,short_hidden,0.105911773582,281040.35191,127835.601607,9558.78382183,-0.00826631462311,0,2,1,4,2
f49fdea3,cv,5391,21.8482939134,-19.1381957947,2573382.78187,medium_hidden,0.455754217655,1974564.47185,470487.578837,128330.731186,-0.00600289454324,3,4,0,2,2
f4d12d23,cv,3701,14.7577738453,-11.5455083797,806047.780706,short_hidden,0.324126671234,493338.724623,283414.378343,29294.6777401,-0.00819073642868,0,4,4,0,0
f56d3ace,cv,5432,28.6263069375,-26.7590287789,4451336.31831,long_hidden,0.436648511393,3889559.81431,164623.10928,397153.39472,-0.00351072157737,2,1,2,0,4
f5859199,cv,5790,60.9561586029,-55.7584844548,21513632.4427,long_hidden,0.371364891849,18001159.7286,3224382.77154,288089.942597,-0.0141187445264,0,4,1,3,4
f5d8aab6,cv,4444,13.5649465161,12.3385849375,817730.547592,medium_hidden,0.00806179579685,676557.574188,98608.5506994,42564.4227043,0.00367186619203,4,4,1,2,0
f631da6e,cv,4093,32.5694705416,27.7009112593,4341733.2937,short_hidden,0.942978243885,3140724.60344,1187547.78055,13460.9097119,0.0144162918301,3,3,0,1,4
f6824bb0,cv,5015,89.9047080679,78.0145042753,40535525.5119,medium_hidden,0.230756343054,30522608.3297,9977457.14444,35460.0376665,0.0308101747207,1,1,3,1,4
f6bc699b,cv,3752,4.81800030398,2.15051133027,87095.6522383,short_hidden,0.157409784363,17351.870579,7538.93407607,62204.8475832,-0.00130873394422,2,1,2,4,1
f6d009f4,cv,6715,200.433832821,-172.201228718,269766538.793,long_hidden,1.77100918423,199121662.201,69781073.2793,863803.312876,-0.0525884565682,4,3,1,2,3
f72b268f,cv,6404,26.5260714434,-15.3096697392,4506062.31367,long_hidden,0.988354908116,1501007.86409,2645575.14364,359479.305946,-0.0109944547001,0,1,3,0,2
f8662c22,cv,5429,19.348639377,10.7940564373,2032453.89253,long_hidden,1.08932477616,632541.771581,951505.613423,448406.507528,0.0084472732975,1,4,1,3,4
f88ddb26,cv,4990,35.8903223237,-32.498776105,6427695.03013,medium_hidden,1.188267301,5270290.53714,1067683.97555,89720.51744,-0.0101545615332,4,2,3,4,0
f8afa78a,cv,6032,21.5447249728,12.3904367229,2799904.65048,long_hidden,0.356993322808,926050.266619,1604992.0682,268862.31566,0.00936774531652,1,3,0,3,3
f8f59188,cv,4807,19.8373638065,18.1861143393,1891655.46041,medium_hidden,0.019680132062,1589841.96614,216337.893599,85475.6006778,0.00483443524731,4,3,1,1,4
f9fc81aa,cv,5598,42.9606688898,33.653115488,10331775.562,long_hidden,0.325856736043,6339915.1551,3659860.35779,332000.049126,0.015822443238,3,4,1,1,4
fa16d114,cv,5686,24.4649386175,-19.743585612,3403259.89778,long_hidden,0.434938049291,2216454.95665,1116560.04404,70244.8970926,-0.00853731661596,3,1,3,2,4
fa31da94,cv,5027,16.0415359063,-12.8289826628,1293602.30477,medium_hidden,0.0794250323278,827357.716314,435531.443234,30713.1452187,-0.00641411970778,0,3,3,0,2
fa667be2,cv,7296,11.7657676268,7.53573807812,1010009.26815,long_hidden,0.855258832828,414320.493795,185314.292241,410374.48211,0.00239286306809,2,2,4,0,0
fae0c593,cv,4403,29.8771334795,-20.4454589526,3930307.59109,medium_hidden,0.0185628004702,1840527.93422,1947398.17961,142381.477264,-0.0165460748979,3,0,2,2,1
fb03ae90,cv,6431,92.7234447766,-66.4291078138,55291404.9055,long_hidden,1.28309004957,28378886.3529,25411037.6513,1501480.90129,-0.033859774678,1,3,0,0,2
fb0904bd,cv,3181,5.42525753629,1.97033494553,93627.7069047,short_hidden,0.375361057133,12349.341176,44130.726489,37147.6392397,-0.00405616561667,4,0,3,4,0
fb3848a1,cv,5919,22.8096734969,19.3311393022,3079544.45261,long_hidden,0.0144738153473,2211888.55165,768487.627901,99168.2730601,0.00666862903963,4,1,0,4,1
fb73b13a,cv,5640,38.6639270972,-28.1015854086,8431231.81836,long_hidden,0.801682946072,4453902.93797,3041826.51666,935502.363726,-0.0142639298598,4,3,2,4,1
fba7683c,cv,407,3.0948646787,2.63638030503,3898.32226345,short_hidden,0.490389180989,2828.8539529,993.980992259,75.4873182939,0.0133011551674,2,3,2,2,4
fbd68d27,cv,6829,148.434625817,127.585253376,150462251.667,long_hidden,0.877766157455,111162440.687,39275280.9746,24530.0055865,0.0384693287985,3,1,4,2,1
fc03f21f,cv,4803,8.51024317337,1.68558421525,347853.619292,medium_hidden,0.729964139305,13646.2554866,24418.2212975,309789.142508,-0.00162621800506,2,2,3,1,2
fc0d20b2,cv,3954,5.43469482812,4.48907657895,116784.979737,short_hidden,0.0354917066202,79680.2509341,32040.9401233,5063.78867953,0.00249395299969,2,2,2,0,2
fcfcc902,cv,2791,46.0096377964,-38.6745239,5908230.97552,short_hidden,1.07025458547,4174551.1677,1717141.3432,16538.4646159,-0.0307860463252,3,1,1,0,1
fd3b4faa,cv,5022,8.92829449497,-7.8251970723,400325.930681,medium_hidden,0.276552944585,307515.687704,67801.9716096,25008.2713675,-0.00253452588204,3,1,0,3,1
fd710aea,cv,4217,40.6034756924,-35.6429792145,6952324.31893,short_hidden,0.21505279264,5357369.43604,1563108.18773,31846.6951594,-0.0158153844217,2,4,1,2,0
fd8f77fa,cv,5272,18.1614089451,10.7376053385,1738899.47712,medium_hidden,0.574660637434,607841.399837,819384.488961,311673.588324,0.00819165017939,1,2,2,1,3
fde20ecf,cv,4667,4.50132090762,-2.68630375979,94562.2402259,medium_hidden,0.328667179007,33678.1355619,10256.3681922,50627.7364718,0.00110034970977,3,2,0,4,1
fdfd57da,cv,5236,7.45084259163,-1.07195297643,290676.829683,medium_hidden,0.00450912905857,6016.59954976,91997.0117804,192663.218353,-0.00277317984143,4,4,2,0,3
febb4411,cv,4247,120.202279993,105.708164649,61363153.7261,short_hidden,2.92862794041,47456895.664,13345140.9887,561117.073413,0.0457223797897,4,3,4,0,2
fef8af96,cv,3826,9.5148674723,-4.43158617652,346378.121737,short_hidden,0.765153594659,75138.6458088,12009.0158193,259230.460109,0.00160408322741,1,0,1,4,2
ff0aea78,cv,3261,27.6880694549,-24.2545545417,2499977.78905,short_hidden,0.983952946706,1918392.21963,551701.048406,29884.521019,-0.0138170824729,0,4,2,2,1
ff8bb73a,cv,5927,26.2352463047,18.7213507494,4079483.85715,long_hidden,0.00451172696161,2077348.14819,1855832.16506,146303.543905,0.0103420727192,1,1,4,2,1
ffefef30,cv,4570,7.81734852643,0.40804816683,279276.986586,medium_hidden,0.378745845695,760.92011049,139932.64826,138583.418216,-0.00419445809576,3,1,2,1,3
