well_id,split,candidate,rows_scored,rmse,mean_error,sse,regime,uncertainty,datum_sse,trend_sse,shape_sse,trend_per_row
000d7d20,oof,pf_gr_path,3836,10.5064032181,9.1609698909,423434.974919,gr_active,17.1073142387,321930.044796,85288.2267438,16216.7033795,0.00425811398169
00bbac68,oof,pf_gr_path,6014,24.8267922606,18.1206679403,3706846.85829,gr_active,89.3690983877,1974748.66012,1086051.39236,646046.805808,0.00774052970706
00e12e8b,oof,pf_gr_path,4301,8.62726313499,4.32301730181,320122.007231,gr_active,121.242422697,80379.146423,77945.8048577,161797.05595,0.00342872649871
015fe0d2,oof,pf_gr_path,4296,13.5484160929,-6.6029266711,788571.949775,gr_active,76.0251028767,187299.76012,336281.220897,264990.968758,-0.00713420416137
01869cd4,oof,pf_gr_path,5557,9.50160177482,1.16846750141,501688.384448,gr_active,1331.26772397,7587.06268937,228038.35161,266062.970149,-0.00399331878737
01982c1d,oof,pf_gr_path,3941,7.53874973388,4.9870287463,223977.858095,gr_active,28.1618464862,98014.4659785,14023.6403389,111939.751777,0.00165810247361
028d7b28,oof,pf_gr_path,6234,12.3699598339,10.1119703951,953901.159819,gr_active,144.373837962,637438.626827,9765.71703111,306696.815961,-0.000695492578025
02e7fe5a,oof,pf_gr_path,5108,9.44784876271,-7.99873563347,455949.510609,gr_active,296.896114088,326808.674018,176.687994652,128964.148597,0.000126129832589
0390d174,oof,pf_gr_path,4411,14.1167406969,11.4632106321,879034.524817,gr_active,80.4973780463,579628.328365,854.517113013,298551.67934,-0.00034565705847
03a935ae,oof,pf_gr_path,2786,45.7143002169,42.0738890414,5822175.12267,gr_active,5006.88266918,4931811.01946,822966.714549,67397.3886705,0.021370275351
044af7d1,oof,pf_gr_path,4519,6.59326376646,2.88280901071,196446.023338,gr_active,285.729527514,37555.5462332,19484.4677209,139406.009384,-0.00159173730479
0498acab,oof,pf_gr_path,4798,6.08360961167,3.08269150194,177575.447743,gr_active,37.3948569932,45595.3311277,18888.9640358,113091.152579,0.0014325320159
052d64df,oof,pf_gr_path,2445,14.2630615311,-12.1498765027,497398.389765,gr_active,80.4450493042,360929.675129,45737.4147963,90731.2998397,-0.00612785063448
05948241,oof,pf_gr_path,3879,4.58290540757,-1.73552054037,81470.7222401,gr_active,55.8558071588,11683.6703671,16539.4177247,53247.6341483,-0.00184404313675
059c8f24,oof,pf_gr_path,6258,7.98222466443,1.72757901087,398734.168494,gr_active,1861.63053847,18677.1839765,168744.864088,211312.120429,-0.0028744355281
05a0ee4d,oof,pf_gr_path,4348,13.5103654111,4.57889918787,793640.324956,gr_active,1621.67673181,91161.5496756,450971.175022,251507.600258,0.00811392003417
060ab2b8,oof,pf_gr_path,6258,12.9230059707,-11.2329196117,1045111.55342,gr_active,87.902180309,789624.946632,53211.6203617,202274.986423,-0.00161413751885
06df5958,oof,pf_gr_path,3509,4.95226424598,-3.64879919756,86057.9483575,gr_active,43.426941267,46717.8981647,9046.1466088,30293.9035841,-0.00158506617869
071d7b45,oof,pf_gr_path,3211,9.39021055467,-8.03537974734,283133.310232,gr_active,311.995708794,207325.689193,178.898555199,75628.7224838,0.00025464409069
0849b4e2,oof,pf_gr_path,5537,14.7971159931,9.68044541007,1212351.85116,gr_active,48.2769091065,518877.936219,506526.852047,186947.062893,0.00598384150007
084d66f9,oof,pf_gr_path,3885,9.88332144674,2.9058755152,379486.966354,gr_active,117.562554065,32805.3771008,10326.1758583,336355.413395,0.00145369688954
08fecf00,oof,pf_gr_path,5574,5.80349332587,-3.07607309734,187735.300883,gr_active,107.496283044,52742.4460528,38498.003091,96494.851739,-0.00163327488888
09053135,oof,pf_gr_path,5907,15.2188022814,-14.3552394482,1368131.74659,gr_active,88.4108790304,1217272.61802,205.599782839,150653.528786,-0.000109408609562
09441b8d,oof,pf_gr_path,5488,10.7483840032,4.22217695051,634016.339634,gr_active,84.8468259251,97833.3587695,21001.0826948,515181.89817,-0.00123478208177
0955cd6c,oof,pf_gr_path,5195,16.0752346763,14.8716878945,1342456.41763,gr_active,73.5903082919,1148963.08881,94886.3435362,98606.9852797,0.00284979853515
09ec2ca9,oof,pf_gr_path,5885,6.80398404344,-5.03765738351,272441.360311,gr_active,115.504640415,149349.482412,42377.6992629,80714.1786361,0.00157957268797
0a57a29c,oof,pf_gr_path,5821,4.33764856558,0.767638359053,109523.250552,gr_active,51.7127354782,3430.13281334,59726.7358426,46366.381896,-0.00190624457519
0bbf5e67,oof,pf_gr_path,4298,17.4925942375,16.3490801493,1315148.68687,gr_active,544.935461307,1148822.82859,58395.8432867,107930.014989,0.00297085862388
0be01c24,oof,pf_gr_path,4738,4.515523449,0.163539426391,96607.5926636,gr_active,35.7369054164,126.718492198,260.213833007,96220.6603384,0.000171341765726
0c1b160c,oof,pf_gr_path,5054,9.03795027613,-5.04652293618,412833.691409,gr_active,311.740585648,128712.207989,14.9570223866,284106.526398,-3.72872493495e-05
0d99f8e4,oof,pf_gr_path,5823,7.03175046708,0.0478043839973,287921.231698,gr_active,97.4244154838,13.3070639103,3052.19942859,284855.725205,0.000430702009095
0dc5e64d,oof,pf_gr_path,4879,15.2712074666,4.28577980041,1137830.50437,gr_active,154.120570784,89617.0255598,123274.579525,924938.899283,-0.00356887362665
0dc835f3,oof,pf_gr_path,4428,16.3309836565,15.0130229115,1180952.14839,gr_active,100.698356492,998030.71454,3255.41620995,179666.017635,0.000670783662758
0dd99dc5,oof,pf_gr_path,7342,11.7038597969,9.21353763641,1005709.6133,gr_active,84458.1889974,623257.062759,650.570670588,381801.979869,0.00014044823859
0e5e560d,oof,pf_gr_path,3253,11.0604546923,-9.25994637065,397951.389478,gr_active,140.482504797,278933.711879,36085.0546058,82932.6229932,0.00354673084613
109d9d70,oof,pf_gr_path,4215,7.97607953333,-2.59403557146,268149.215503,gr_active,20.2209079798,28362.8216014,184627.062567,55159.3313345,-0.00543928665177
10a1281a,oof,pf_gr_path,5609,16.5112863669,-16.3130830635,1529140.03713,gr_active,123.217112298,1492648.45271,109.817520166,36381.766904,-8.64168210414e-05
10b89021,oof,pf_gr_path,5414,9.67862069466,8.39090256074,507160.231956,gr_active,55.6718442183,381184.828674,7269.66266438,118705.740618,0.00074143038923
10be2420,oof,pf_gr_path,3271,2.4156350236,-0.515047068986,19087.2419875,gr_active,474.390739541,867.709563778,3735.30698397,14484.2254397,0.00113170432874
113011eb,oof,pf_gr_path,3272,5.54275972545,-1.11099691243,100522.990544,gr_active,65.7954374395,4038.67586418,40456.5855828,56027.7290969,0.00372276235997
1131525f,oof,pf_gr_path,4159,15.2250311527,-12.96272999,964062.744605,gr_active,469.310899809,698846.621811,162390.47886,102825.643934,-0.00520460214366
11d0f5ac,oof,pf_gr_path,4883,19.8604119679,-16.6898371218,1926030.80995,gr_active,96.7741438089,1360162.88816,344030.759782,221837.162,-0.00595469035466
12203f2a,oof,pf_gr_path,3261,5.77471995327,1.19595169889,108745.840547,gr_active,65.7636950876,4664.20981986,9813.64919982,94267.9815269,0.00184280639213
122bd617,oof,pf_gr_path,4570,13.0940000601,-8.05430784492,783539.467711,gr_active,649.168189475,296464.468114,22.4028372014,487052.596759,-5.30722921394e-05
125be846,oof,pf_gr_path,6510,24.6446019321,23.3270844603,3953890.19259,gr_active,188.850629527,3542435.1799,190707.006713,220748.005976,0.00288006619818
1285a37b,oof,pf_gr_path,5597,11.0228636546,10.6351048002,680055.219061,gr_active,124.2136672,633051.226658,20705.0237564,26298.9686462,0.00119040717585
1295a25b,oof,pf_gr_path,5551,9.77026868811,4.80131774669,529888.191971,gr_active,214.462521706,127965.271833,85779.8178563,316143.102281,0.00245316267887
12f0cd90,oof,pf_gr_path,5947,9.93160889941,5.76698970206,586593.378652,gr_active,142.510882484,197786.33832,19518.6138866,369288.426445,0.00105528121638
137d1e44,oof,pf_gr_path,4554,33.1789577254,-25.7930752685,5013240.09558,gr_active,119.326413596,3029697.56066,1474763.30821,508779.22671,-0.0136887015882
13ce113d,oof,pf_gr_path,2966,4.33947151491,-0.491290223958,55852.7846432,gr_active,142.376439793,715.89180561,39700.4597341,15436.4331035,-0.00427298822111
13f598d9,oof,pf_gr_path,7306,7.1945057449,-4.29633369303,378165.229746,gr_active,370.785501843,134857.678273,7654.43043167,235653.121041,0.000485319303226
14a53cb3,oof,pf_gr_path,6919,4.9245434515,1.82452486771,167793.556055,gr_active,157.533719795,23032.5967797,10.652451464,144750.306824,1.96449267456e-05
14ab73fb,oof,pf_gr_path,3649,7.60429266407,-2.48420454089,211004.398994,gr_active,269.13851394,22518.9722614,6559.4833487,181925.943384,-0.00127281317258
14ad5efb,oof,pf_gr_path,5842,7.44995052049,-3.04457272515,324241.298031,gr_active,93.8495279384,54151.969626,146028.826716,124060.501689,-0.00296461019895
14fee784,oof,pf_gr_path,4910,21.9710784231,14.1350968729,2370195.88954,gr_active,485.582717473,981022.731308,30979.772609,1358193.38563,-0.00177217867668
153552f5,oof,pf_gr_path,4695,3.99590888677,0.630187358105,74966.4163682,gr_active,115.802049758,1864.55401915,54411.8729167,18689.9894324,0.00251179432857
1550491d,oof,pf_gr_path,4563,12.9693492753,11.2741139775,767514.946109,gr_active,256.915861998,579983.062601,24093.8497567,163438.033751,0.00174448817216
155887bb,oof,pf_gr_path,5585,18.6467631506,-17.4626794226,1941914.41893,gr_active,305.57290419,1703118.78906,77312.5580991,161483.071775,-0.00230770815873
1590af81,oof,pf_gr_path,3799,5.34543223619,1.62472284616,108551.280363,gr_active,170.179015141,10028.3127176,16576.1532655,81946.8143795,0.00190470873973
15e154a1,oof,pf_gr_path,6068,10.5321406654,-7.54789863894,673098.889092,gr_active,263.52744052,345698.655805,6306.66627275,321093.567014,0.000581998942939
1619e2ca,oof,pf_gr_path,4443,10.0034451458,-6.81743763488,444606.188393,gr_active,1045.8276316,206499.336588,9837.83818633,228269.013619,-0.00116018167531
16e4a047,oof,pf_gr_path,4131,4.48768839661,1.97111809334,83195.6430563,gr_active,35.0581555294,16050.2013081,46104.33613,21041.1056182,0.00280142325661
173ed841,oof,pf_gr_path,4883,8.94470752846,0.856125904262,390678.052094,gr_active,119.685017949,3579.00248676,13388.4485142,373710.601093,-0.00117469649282
1770d7c6,oof,pf_gr_path,7240,9.8874728854,2.31702521338,707797.74923,gr_active,114.038663021,38868.7062776,194929.733248,473999.309705,0.00248268615365
177622d7,oof,pf_gr_path,3154,11.0796771458,-10.059567319,387182.660798,gr_active,115.907953546,319168.697714,17950.4146984,50063.5483854,0.00262020550355
18d24f7b,oof,pf_gr_path,4558,7.56160567055,-6.70206266553,260616.778484,gr_active,189.91284758,204734.621227,12939.3667937,42942.7904631,0.00128051793096
19137a89,oof,pf_gr_path,6267,6.95062346169,-3.73828188937,302766.080494,gr_active,75.7434170909,87579.7675525,3164.40175938,212021.911182,-0.000392777765534
1944513c,oof,pf_gr_path,4722,6.544832856,-5.14331065811,202266.100847,gr_active,133.712127184,124914.109451,273.685348738,77078.3060476,0.000176614937948
197f8a5a,oof,pf_gr_path,6310,18.2829120509,-13.2948726891,2109211.34901,gr_active,123.511617213,1115315.46727,154229.078896,839666.802847,-0.00271412422922
19871e7f,oof,pf_gr_path,5293,10.5825660714,7.00748376571,592766.799743,gr_active,27.0580608572,259911.85845,263541.786154,69313.1551379,0.00461809148725
198a5607,oof,pf_gr_path,6251,10.4394783374,8.30258989532,681250.90744,gr_active,160.595102616,430900.17656,15556.2082508,234794.522629,0.000874215000969
19fb4f7b,oof,pf_gr_path,5620,10.0158644199,-1.19116110035,563784.575238,gr_active,86.5693146821,7974.01999044,31166.2126207,524644.342627,-0.0014515372024
1a518997,oof,pf_gr_path,4606,16.0322510104,-15.7203425435,1183894.33175,gr_active,10068.5687957,1138276.95556,24547.9949566,21069.3812331,-0.00173625194602
1a68190b,oof,pf_gr_path,4474,19.3381158784,-16.9636928808,1673109.23489,gr_active,50.3551144395,1287469.00391,8886.13307542,376754.097904,-0.0010911967671
1a730ac2,oof,pf_gr_path,4605,7.63411503962,-2.37014950657,268378.075778,gr_active,113.382656509,25869.0879875,10763.0318888,231745.955901,0.00115004145374
1aaf1da0,oof,pf_gr_path,4804,5.42369278889,0.121703473591,141316.594421,gr_active,138.180064714,71.1555772658,79690.4775648,61554.9612794,-0.00293690128352
1b08ed48,oof,pf_gr_path,5618,16.3233278,15.3038677376,1496921.88915,gr_active,2932.17840691,1315782.60991,108110.64648,73028.6327578,0.00270490651404
1b1c5372,oof,pf_gr_path,4261,13.5647875987,-4.94129507513,784038.754124,gr_active,184.15487941,104038.2677,486641.443514,193359.04291,0.00868816138642
1b1eba53,oof,pf_gr_path,4655,59.7753757843,-55.1840116974,16632759.786,gr_active,162.090592273,14175755.8094,2010167.10526,446836.871372,-0.0154641903203
1b6ba517,oof,pf_gr_path,6597,4.55719024806,3.02865935077,137006.383567,gr_active,187.060864815,60512.8129233,3309.89630102,73183.6743429,0.00037194446108
1b82b665,oof,pf_gr_path,3806,9.83563476145,-7.53891385467,368191.340677,gr_active,6103.16631147,216314.855344,73876.0466749,78000.4386586,-0.0040099530299
1bcb2fcf,oof,pf_gr_path,4524,5.25785182895,2.91878355025,125066.006489,gr_active,7905.51969623,38541.3014973,31903.510256,54621.1947354,-0.00203341477197
1beca81d,oof,pf_gr_path,5036,8.99463863817,3.4445554714,407430.148029,gr_active,83.2287835367,59751.950624,167090.081611,180588.115794,0.0039622090445
1d3fbf02,oof,pf_gr_path,2694,5.97589786624,4.00152411099,96206.391199,gr_active,137.85770274,43136.8538979,12815.2990074,40254.2382937,-0.00280452062132
1d78281a,oof,pf_gr_path,4949,24.8972104944,-23.2423330785,3067742.0264,gr_active,2221.92867629,2673479.72626,73022.3031506,321239.996992,-0.00268869917854
1e30dedf,oof,pf_gr_path,4071,18.6496552693,17.4311175173,1415933.05121,gr_active,250.622203989,1236948.34552,41757.3251829,137227.380505,0.00272524353694
1e5e3573,oof,pf_gr_path,5480,7.60769048765,1.87511171334,317165.710966,gr_active,207.360353327,19267.9207776,101259.423735,196638.366453,0.00271729955884
1f9afacb,oof,pf_gr_path,5328,1.96613408866,1.05756622596,20596.3603806,gr_active,45.918808273,5959.0820052,126.404447799,14510.8739276,0.000100144126847
1fdbba44,oof,pf_gr_path,4911,5.64557711959,2.28720527507,156526.048916,gr_active,39.8648394998,25690.9534422,44031.976959,86803.118515,-0.00211212600296
1fee2b62,oof,pf_gr_path,4641,12.7791646925,-8.97100650668,757908.020158,gr_active,272.554401174,373502.842885,210506.780583,173898.396691,-0.00502697036697
20096916,oof,pf_gr_path,5133,7.36004384648,-5.64636689279,278055.869752,gr_active,33.6928481427,163647.529499,7464.37980887,106943.960444,-0.000813824199321
200d233d,oof,pf_gr_path,3926,9.61532181937,-8.35817867515,362976.028147,gr_active,39.2679483057,274267.025906,9653.46990302,79055.5323378,-0.00138358841731
201661b5,oof,pf_gr_path,5955,13.1378701705,7.47406505935,1027854.63223,gr_active,155.836224296,332656.116886,497518.426145,197680.089199,-0.00531707229551
203721ab,oof,pf_gr_path,5730,13.4477861916,-10.8714131403,1036230.1233,gr_active,354.013937539,677215.083608,16200.1465015,342814.893185,-0.00101652524275
20402d71,oof,pf_gr_path,6372,12.7040777299,11.5927637142,1028399.96165,gr_active,104.61110167,856346.910645,4501.00801325,167552.042991,0.000456911270431
2043abc5,oof,pf_gr_path,6958,23.0179275146,-20.9757182712,3686522.26002,gr_active,155.404053706,3061386.10716,2617.23531899,622518.917541,-0.000305341178223
204cc64b,oof,pf_gr_path,4805,8.03401603555,4.15468850837,310140.712634,gr_active,726.401004809,82941.2028705,174249.713637,52949.7961256,0.00434146776673
206b6193,oof,pf_gr_path,6535,36.633688715,31.5954249312,8770147.41785,gr_active,84.7534866683,6523700.17849,2181642.9479,64804.2914676,0.00968532230287
2075c696,oof,pf_gr_path,3188,24.7235886267,-20.9237736518,1948683.60065,gr_active,166.158851489,1395720.12062,449158.781426,103804.698607,-0.0128977252943
22c5f93f,oof,pf_gr_path,5172,7.94382201506,-4.1717833812,326375.482046,gr_active,250.664470982,90012.3324699,701.648385953,235661.50119,-0.00024669629215
230eaaa3,oof,pf_gr_path,4690,28.220949269,-17.5760329504,3735219.07515,gr_active,94.4313826235,1448820.42174,1800289.22139,486109.432018,-0.014471132149
2364716c,oof,pf_gr_path,4316,20.2256724756,-18.1740119807,1765579.90173,gr_active,54.7218713992,1425551.97472,179772.054629,160255.872376,-0.00517999775691
23b9beb0,oof,pf_gr_path,7340,6.09771898447,3.47472363396,272917.177812,gr_active,575.009362867,88620.9897999,30453.61475,153842.573262,0.000961315537811
24d8997e,oof,pf_gr_path,3442,10.9075803514,9.33826704078,409513.013996,gr_active,136.9515735,300153.52222,10637.3113829,98722.1803927,0.0017692543765
25050f63,oof,pf_gr_path,6124,14.2610676885,-12.6535438671,1245487.1881,gr_active,2344.31024332,980526.943754,64015.9317079,200944.312639,-0.00182886602112
25939962,oof,pf_gr_path,4319,12.7287035131,-8.00626822695,699763.918403,gr_active,117.032444176,276849.329252,126278.949735,296635.639416,-0.00433691898225
25fd32b3,oof,pf_gr_path,2885,3.61798251779,-2.17838856706,37764.0657847,gr_active,65.8502456779,13690.4119211,21694.5417005,2379.11216306,-0.00329266208578
261785ee,oof,pf_gr_path,3646,16.7396316742,13.296154309,1021664.86927,gr_active,247.006139362,644568.024961,46894.9336119,330201.910694,0.00340744304641
264feceb,oof,pf_gr_path,5665,2.62314898263,-0.00529237448642,38980.3584645,gr_active,552.712103565,0.158672274946,952.525359129,38027.6744331,0.000250743123678
26623a50,oof,pf_gr_path,5735,18.6046216877,16.7971666604,1985066.7226,gr_active,320.162123917,1618100.47284,2554.30761129,364411.942153,0.000403113270164
26d3a96a,oof,pf_gr_path,4721,8.98591821493,-6.42196478783,381205.294227,gr_active,228.744779923,194701.743426,44651.0035508,141852.54725,0.00225660343176
272abef3,oof,pf_gr_path,4135,7.10044659282,2.19055294448,208471.573415,gr_active,219.324654676,19841.8893075,2348.85936075,186280.824747,0.000631401881726
27300fd5,oof,pf_gr_path,5467,8.90984624909,-6.53600492411,433999.764117,gr_active,111.613472762,233546.743132,2598.51042401,197854.510561,0.000436846892914
276b012a,oof,pf_gr_path,4837,11.7808736172,-3.28126635453,671322.311666,gr_active,111.476531027,52078.5708977,21093.1104773,598150.630291,0.00149553580444
27c3155b,oof,pf_gr_path,4958,6.28011533966,3.7041105555,195542.769753,gr_active,53.1149937398,68025.9167664,17661.425602,109855.427384,0.00131869307737
27ebb9b9,oof,pf_gr_path,5766,7.82468282986,-3.26560474346,353027.163563,gr_active,336.230249567,61489.6292475,2064.42898923,289473.105326,0.000359483239692
283269ac,oof,pf_gr_path,2626,5.06655688519,4.93313508839,67409.4165097,gr_active,115.042866024,63905.8680475,1051.34139019,2452.20707196,0.000834680856675
28473855,oof,pf_gr_path,4290,4.37163778717,-0.401349330178,81987.1206821,gr_active,40.7948132406,691.038711938,3290.87541638,78005.2065538,-0.000707229580677
28f4eda9,oof,pf_gr_path,5266,6.67853032452,1.01380252599,234878.172578,gr_active,115.614804946,5412.37142793,57328.9543452,172136.846805,-0.00217048285164
29b24409,oof,pf_gr_path,5587,12.3307735999,-10.8238138749,849492.050701,gr_active,35.8126319553,654544.687768,83253.4104907,111693.952442,-0.00239344603385
29de15c8,oof,pf_gr_path,3431,6.44433828599,5.34586533254,142487.700585,gr_active,77.8684067271,98052.0654831,32263.8288969,12171.8062046,0.00309611809296
2ab29395,oof,pf_gr_path,1852,4.93156787334,4.65165701597,45041.3098488,gr_active,1478.49254663,40073.4148652,101.963051491,4865.93193202,0.000438884885782
2ac7cb6b,oof,pf_gr_path,4990,15.5361716149,2.30551314815,1204449.41595,gr_active,41.1668056266,26523.8004728,265432.744806,912492.870668,0.00506310649637
2acc78d4,oof,pf_gr_path,4266,11.6396613563,-7.05708553887,577965.002542,gr_active,289.971424423,212457.278588,172041.327009,193466.396945,-0.00515674611608
2b034622,oof,pf_gr_path,5203,5.04594764611,-2.32796444711,132476.640529,gr_active,25.7954098225,28197.2342838,61051.4813861,43227.9248589,-0.00228064660763
2b06ad65,oof,pf_gr_path,4256,8.74431137844,-8.5189405374,325426.449192,gr_active,57.0477870484,308867.912576,1055.5102318,15503.0263838,-0.000405339968933
2b547943,oof,pf_gr_path,3480,6.29247250294,2.22945044685,137791.331497,gr_active,283.844994352,17297.1635465,44855.5326906,75638.6352596,-0.0035737962133
2be5c96a,oof,pf_gr_path,4210,5.78231583036,3.69290281234,140762.092484,gr_active,46.2993608546,57414.0062736,42071.4992115,41276.586999,0.002601126572
2bff06cf,oof,pf_gr_path,7624,20.5932435133,-18.0587898317,3233198.7161,gr_active,72.0656046456,2486338.04278,317720.652506,429140.020814,-0.00293318204731
2c0c4a4e,oof,pf_gr_path,4790,4.80813129831,-0.456006390095,110735.826327,gr_active,534.690353471,996.041355198,20490.2312695,89249.553702,-0.00149575613383
2cee0cba,oof,pf_gr_path,5500,8.0788805118,-3.46793386256,358975.706782,gr_active,63.513757782,66146.1090128,40488.9391218,252340.658647,-0.00170889270087
2d0c268a,oof,pf_gr_path,4550,9.50551777963,4.42229281994,411114.650578,gr_active,529.254036597,88982.8657229,11720.6333524,310411.151503,0.00122193774111
2d179ded,oof,pf_gr_path,7008,7.9855481593,2.62522248215,446893.007666,gr_active,276.725936662,48297.6859101,6742.54040556,391852.781351,0.000484854316734
2d196986,oof,pf_gr_path,6474,8.69683482473,2.81752104664,489660.575461,gr_active,95.2580807659,51393.3624675,331201.108071,107066.104923,0.00382716755428
2d2d0c6b,oof,pf_gr_path,5045,4.25579921209,2.89347601822,91374.1668801,gr_active,57.9982866997,42237.7664961,5871.16354984,43265.2368342,-0.000740731758015
2d35f86d,oof,pf_gr_path,4896,10.8662636434,-0.61475331756,578098.556544,gr_active,60.1974708348,1850.30435654,327941.210797,248307.041391,-0.00579063933713
2d9f6cb9,oof,pf_gr_path,7338,7.29809854102,-2.32533435843,390838.334103,gr_active,238.326205443,39677.8859484,235985.876531,115174.571623,-0.00267711527345
2ddad940,oof,pf_gr_path,5331,17.6409113653,16.1820661352,1659016.5495,gr_active,38.016558715,1395971.73854,131861.065657,131183.745302,0.00323173615921
2e29e833,oof,pf_gr_path,5428,4.98358262351,-2.42168440113,134810.327814,gr_active,30.4910856831,31832.8063782,13427.3244264,89550.1970098,0.00100375012662
2e43c2ea,oof,pf_gr_path,5698,8.10700375217,-4.83243605827,374492.559055,gr_active,159.683924806,133062.19319,98973.9153995,142456.450465,-0.00253377086475
2e63d9de,oof,pf_gr_path,4699,15.0007029511,7.33772606874,1057374.09733,gr_active,695.656049519,253004.609918,602880.707294,201488.780121,0.00835022462691
2ee0235b,oof,pf_gr_path,5556,4.74605762953,0.544139657281,125149.250155,gr_active,620.744271163,1645.06474257,6259.88140332,117244.304009,-0.000661805431505
2f19d536,oof,pf_gr_path,3088,7.92797411924,-7.16629032985,194089.364986,gr_active,89.4237478817,158586.454379,26562.0000937,8940.91051274,0.00329006967491
2f8e53c3,oof,pf_gr_path,2594,7.33505947573,6.75338947272,139565.234947,gr_active,200.484340308,118307.850747,7875.24203774,13382.1421632,0.00232684606388
2fa01aa6,oof,pf_gr_path,2174,12.5471664029,10.6576479723,342255.830429,gr_active,122.285474692,246934.790696,75280.6498975,20040.3898354,0.00937654925239
2fd68f7b,oof,pf_gr_path,4730,48.428671678,-43.5339787191,11093440.4175,gr_active,70.6530669346,8964330.54375,726063.800948,1403046.07283,-0.00907373965047
2fe023be,oof,pf_gr_path,4221,10.5989577451,-7.3463763796,474178.298193,gr_active,160.671070137,227804.186989,8784.11265722,237589.998547,0.00118390418427
30d75030,oof,pf_gr_path,3404,26.7906975254,22.0070939093,2443191.97714,gr_active,167.841034111,1648598.66867,761547.235387,33046.0730893,0.0152214048625
310c71a5,oof,pf_gr_path,5245,7.6668830483,-4.48546741979,308306.846822,gr_active,53.391224163,105526.347273,10014.0573337,192766.442215,0.00091259362132
32fe84c9,oof,pf_gr_path,6408,23.6040140182,21.9336052153,3570213.85357,gr_active,68.6873133265,3082780.10584,137965.498666,349468.249056,0.00250837302193
33c40295,oof,pf_gr_path,4169,7.65785956115,3.27246020613,244481.88764,gr_active,45.9202693484,44645.8034931,124235.438919,75600.6452275,-0.00453592162787
3407f5bf,oof,pf_gr_path,3638,18.2905040372,9.81233100033,1217065.75301,gr_active,46.5062002726,350273.332683,584944.728465,281847.691863,0.0120740789994
3417285d,oof,pf_gr_path,5449,23.782556132,-21.5221221676,3082008.76015,gr_active,2907.93799794,2523986.29541,7002.99645757,551019.468283,-0.000720704729104
347242c8,oof,pf_gr_path,3595,3.81168080827,2.87264749392,52231.43355,gr_active,235.456461421,29666.3125294,5645.88421883,16919.2368018,0.00120755878459
353e5502,oof,pf_gr_path,6062,7.10254733501,-4.35859294985,305804.734952,gr_active,103.645410961,115161.82963,32175.8588318,158467.04649,-0.00131653316755
357c12f9,oof,pf_gr_path,4079,4.19141664981,-0.772367388123,71659.7640384,gr_active,132.52179195,2433.33308814,2103.44240176,67122.9885485,-0.000609853316937
3584a6eb,oof,pf_gr_path,4494,17.9613214379,16.9890765592,1449805.15067,gr_active,925.239649322,1297097.47817,138755.757202,13951.9153014,0.00428318208675
35b30c7f,oof,pf_gr_path,9579,21.8864380422,20.8805524319,4588495.89412,gr_active,318.987626578,4176419.76379,109097.071375,302979.058955,0.00122044134465
35b3ef6a,oof,pf_gr_path,3904,13.254463538,9.63926630049,685857.857565,gr_active,240.505160607,362741.935585,210954.405061,112161.516919,0.0065225921442
367456ce,oof,pf_gr_path,5569,6.40482957275,-1.40406830854,228450.637296,gr_active,312.31286388,10978.770122,242.722152884,217229.145021,-0.000129861229677
368131f9,oof,pf_gr_path,4991,20.4690324443,-16.1877087071,2091135.61442,gr_active,126.741468816,1307851.18871,667292.857363,115991.56835,-0.00802541529046
368fe682,oof,pf_gr_path,4936,17.1494361671,-14.9729285413,1451693.20195,gr_active,45.2877623053,1106594.87582,58285.024396,286813.301739,-0.00241160622759
3690a146,oof,pf_gr_path,4073,14.9609232058,-11.8160380811,911656.425974,gr_active,682.645327183,568667.192922,278355.062214,64634.1708388,-0.00703102404116
37344c2a,oof,pf_gr_path,5197,12.8016473795,2.50421147755,851695.666746,gr_active,56.1091175521,32590.7774209,436661.808417,382443.080909,-0.00610990081739
373ef48b,oof,pf_gr_path,3509,6.8918571731,-5.76047001296,166669.412788,gr_active,43676.8925921,116439.198829,2163.03363691,48067.1803226,-0.000775081239119
374be387,oof,pf_gr_path,9965,8.7256986506,6.32164040194,758713.345819,gr_active,166.005866567,398232.663906,17250.6221819,343230.05973,0.000457379875985
37d36812,oof,pf_gr_path,4367,21.0760774561,-19.162172637,1939825.94576,gr_active,64.1469134829,1603513.75236,114784.873288,221527.320112,-0.00406685020353
38991fd4,oof,pf_gr_path,4798,11.8448954937,9.44796579684,673166.833337,gr_active,3832.98930084,428288.948836,126850.56627,118027.31823,0.00371232912098
389ae58f,oof,pf_gr_path,6463,40.4839125684,-38.1482564059,10592515.604,gr_active,189.185790263,9405535.82401,871872.673429,315107.106531,-0.00622538087808
3932faa6,oof,pf_gr_path,5452,16.6435910988,10.9547423604,1510253.74767,gr_active,490.817292173,654274.784757,1547.68488157,854431.278027,0.000338530754927
398dce4b,oof,pf_gr_path,3166,10.0747005077,-8.7638269309,321347.702956,gr_active,2445.62112496,243163.561395,22214.431167,55969.7103938,-0.0028982902603
39b51819,oof,pf_gr_path,4231,17.7447381585,-17.5699699734,1332239.22343,gr_active,703.830476735,1306125.96764,5687.98466945,20425.2711206,-0.000949303988909
3a0af893,oof,pf_gr_path,2927,23.542431716,-21.5145736808,1622278.30866,gr_active,69.9033043217,1354840.62971,211581.709376,55855.9695762,-0.0100622620977
3a223519,oof,pf_gr_path,4583,11.9668945992,9.65636545618,656315.693574,gr_active,92.7097181853,427343.639892,197797.828482,31174.225199,0.00496565573759
3a7dd95d,oof,pf_gr_path,3072,12.9294721302,10.1448522439,513550.078663,gr_active,107.879428301,316164.179097,9202.55966546,188183.339901,-0.00195170039468
3a824aa7,oof,pf_gr_path,4201,15.5767585652,15.020118867,1019311.34648,gr_active,43.5131127359,947762.281241,8164.6404016,63384.4248325,-0.00114955602998
3a86fe8d,oof,pf_gr_path,5118,6.8634143665,5.09400373377,241090.84573,gr_active,301.653752437,132806.337335,18013.5559329,90270.9524618,0.00126981348603
3aaa2b30,oof,pf_gr_path,4711,14.276058478,-11.6147402643,960129.338935,gr_active,254.199807581,635524.223718,249044.496789,75560.6184273,-0.00534637541658
3ac16ad0,oof,pf_gr_path,5649,8.44633342401,-1.5104594665,403002.757401,gr_active,194.663155839,12888.1245819,2333.84527735,387780.787541,0.000394157049425
3b21ea64,oof,pf_gr_path,7376,6.7775606273,-0.148563502633,338818.979746,gr_active,78.9098842365,162.796539184,8435.70231093,330220.480896,-0.000502249933209
3bbe1f5d,oof,pf_gr_path,6918,18.4622615398,-17.711558091,2358035.58986,gr_active,229.389397677,2170171.68831,14529.8582543,173334.043302,-0.000725688899301
3bfee975,oof,pf_gr_path,3603,8.85014784926,-3.87172278822,282205.396384,gr_active,90.1753313953,54009.8251679,7462.24579247,220733.325424,-0.00138365883804
3c3dbcbc,oof,pf_gr_path,5069,8.8170350058,-1.94357038227,394064.598802,gr_active,298.028288736,19147.9742965,195608.24439,179308.380116,-0.00424522557819
3d96d897,oof,pf_gr_path,5659,3.71644438037,-1.41509673666,78161.8750324,gr_active,115.990395262,11332.1405626,9034.96127992,57794.7731899,-0.000773471358963
3df4b19e,oof,pf_gr_path,4988,5.75518298514,2.65951690227,165213.190388,gr_active,132.149615941,35280.2744055,34135.2520382,95797.6639443,0.00181678075776
3e011332,oof,pf_gr_path,2723,18.4048245643,-10.6431267794,922382.395597,gr_active,114.396014472,308450.950031,244399.835323,369531.610243,-0.0120522919906
3e678ea7,oof,pf_gr_path,6858,15.8975078543,-14.6326218957,1733227.52449,gr_active,49.8565854894,1468391.23025,14298.2598581,250538.034384,-0.000729350020219
3ef6372a,oof,pf_gr_path,4727,9.60574334707,-6.72681575433,436161.732916,gr_active,108.277329878,213896.987261,83987.4340647,138277.31159,0.00308901050944
3ef98781,oof,pf_gr_path,3892,9.39374466188,8.25379421563,343439.571703,gr_active,542.298637858,265142.962969,1207.6906733,77088.9180606,0.000495803109462
3f603129,oof,pf_gr_path,5051,16.9144898222,-12.3630595992,1445090.92799,gr_active,2455.37145746,772021.320636,9216.22341907,663853.383934,-0.000926405395848
404c4384,oof,pf_gr_path,911,14.2044661779,-13.5683085321,183809.608912,gr_active,96.4391498102,167714.185741,15138.1327384,957.290432588,-0.0155006344237
4121c517,oof,pf_gr_path,3723,9.12389146383,-3.65662660737,309922.607237,gr_active,433.83122998,49779.9282566,77997.3013881,182145.377592,0.00425883557145
41fb0192,oof,pf_gr_path,2973,6.12427996979,5.81005302514,111507.731706,gr_active,16.2366863527,100358.717128,842.936061122,10306.0785164,-0.000620434016084
42669188,oof,pf_gr_path,4282,17.4984942801,15.3206362126,1311136.84746,gr_active,191.344883976,1005079.14994,100912.665594,205145.03193,0.00392729459165
42c538a1,oof,pf_gr_path,3279,32.802613882,-28.821828883,3528241.63469,gr_active,3217.15066277,2723858.15231,509499.20375,294884.278629,-0.0131689234462
43b06c70,oof,pf_gr_path,4846,8.18677932784,7.05170873589,324795.182027,gr_active,136.790252897,240975.08468,15848.7892991,67971.3080472,0.00129274707392
43c7f85a,oof,pf_gr_path,5978,6.11554938102,1.17293970314,223576.866617,gr_active,1293.99702569,8224.45795722,1195.4712485,214156.937411,0.000259135152781
43e16325,oof,pf_gr_path,3720,34.3920187552,-25.2736116113,4400056.74909,gr_active,73.7610111589,2376170.25123,2000450.40988,23436.0879833,-0.0215943493902
44441e54,oof,pf_gr_path,4357,12.1134012189,-11.5150553927,639322.168964,gr_active,196.583896987,577722.953537,5747.54367355,55851.6717531,-0.000913167475154
445af6c2,oof,pf_gr_path,6041,28.0002683747,25.0093039353,4736234.79052,gr_active,157.984249156,3778435.77658,607537.959667,350261.054271,0.00575061224203
4463446c,oof,pf_gr_path,3256,19.8629316244,-17.550649054,1284609.38765,gr_active,99.9124331469,1002930.31889,207098.334034,74580.7347182,-0.00848500986988
44a94013,oof,pf_gr_path,4903,24.9916662963,22.4244411607,3062332.33305,gr_active,127.829969852,2465500.81739,71783.6063285,525047.909323,0.00270340074224
45fb3e21,oof,pf_gr_path,3649,16.5277496441,10.3049192565,996784.588783,gr_active,502.405897927,387492.27586,489869.428111,119422.884812,0.010999425756
460f859e,oof,pf_gr_path,3336,20.9698311305,4.91395242465,1466952.01565,gr_active,28.7546033675,80554.1532483,691577.125676,694820.736728,0.0149510567425
4630ab92,oof,pf_gr_path,3373,8.50276085887,3.16221572251,243857.586118,gr_active,402.914145046,33728.6787139,114171.784952,95957.1224523,0.00597510478311
463c38f2,oof,pf_gr_path,4460,15.8171323213,-12.1179779636,1115810.26992,gr_active,37.4831891343,654930.439076,296898.969813,163980.861035,-0.00633713109245
4654e7de,oof,pf_gr_path,5373,15.5970834899,14.8263401616,1307084.40896,gr_active,101.053050674,1181094.80818,404.927980729,125584.672797,0.000176992255442
466fc788,oof,pf_gr_path,6197,14.7001319211,-11.3816442922,1339133.76505,gr_active,512.609204573,802770.700643,70585.1369993,465777.927411,-0.00188657908495
46a301e9,oof,pf_gr_path,8226,15.1232825663,14.4556120932,1881398.69532,gr_active,618.904015224,1718943.79485,113.693617857,162341.206843,-4.95080261532e-05
46a7190b,oof,pf_gr_path,4215,12.1951900701,-7.443657788,626866.015469,gr_active,138.807837432,233544.893932,294982.113246,98339.0082911,-0.00687530720264
46d24a09,oof,pf_gr_path,4449,25.3459063622,-23.3313941995,2858104.19851,gr_active,178.163463198,2421830.74709,25111.3432636,411162.108159,-0.00184983076379
46d41ff6,oof,pf_gr_path,7901,6.47986291305,-1.0011264977,331752.113262,gr_active,120.278015116,7918.810943,1225.42824158,322607.874077,0.00017266784799
46dfcfca,oof,pf_gr_path,3606,11.4687605214,-9.62873127432,474306.079235,gr_active,67.5367423978,334321.152227,50140.3500856,89844.5769226,-0.00358216624437
47222616,oof,pf_gr_path,4406,9.46474734279,-4.96373047211,394695.83461,gr_active,212.396176034,108557.7606,157102.772124,129035.301887,-0.0046947861982
47ee27ab,oof,pf_gr_path,6397,8.02365470402,-3.35110675764,411832.685676,gr_active,81.2267284642,71837.7758576,97424.3704046,242570.539413,0.00211329393282
481de5fc,oof,pf_gr_path,5952,21.3371162627,20.3125342154,2709782.10099,gr_active,145.135078128,2455789.5233,18248.4325686,235744.145127,0.00101908176103
48c1f673,oof,pf_gr_path,2917,25.9245917093,-23.8119534979,1960470.35609,gr_active,176.941757417,1653965.63043,172337.231346,134167.494317,-0.00912799851281
4936af16,oof,pf_gr_path,3991,12.6824590388,11.3792600739,641931.466173,gr_active,82.7435420165,516784.851282,71190.8786544,53955.7362365,0.003665896688
493b5b31,oof,pf_gr_path,4671,30.5980326879,-26.3176443795,4373175.19201,gr_active,265.891068324,3235220.57297,988944.934862,149009.684182,-0.0107910048386
49dbc14c,oof,pf_gr_path,3872,12.3872140768,11.6720536697,594131.577049,gr_active,42.868047659,527509.03235,43816.2115521,22806.3331463,0.00300957400436
4a035ec2,oof,pf_gr_path,2588,17.1635062077,13.5405175615,762388.426544,gr_active,781.619553834,474498.453776,258404.487988,29485.4847806,0.0133750148713
4a335117,oof,pf_gr_path,5015,11.3604222648,-0.40928390663,647231.85808,gr_active,302.635271823,840.079280874,46944.2671881,599447.511611,0.00211336985133
4a8ecc0b,oof,pf_gr_path,5809,20.3817838694,-17.1823250306,2413158.01347,gr_active,131.458888165,1715004.39269,222041.572478,476112.048294,-0.00368685206512
4b462989,oof,pf_gr_path,3106,7.91524899866,-3.97636652225,194594.523804,gr_active,234.998177418,49110.4901739,74355.0515208,71128.9821089,-0.0054568712597
4b831d20,oof,pf_gr_path,7312,8.83733989223,-1.88385237038,571056.790423,gr_active,274.987758143,25949.5549969,77865.9897636,467241.245663,0.00154600273244
4c2208f5,oof,pf_gr_path,5384,24.0246901074,-21.2565004075,3107567.99594,gr_active,111.894484309,2432700.15074,8270.77203506,666597.07316,-0.000797454804674
4c3168cf,oof,pf_gr_path,4334,5.50526026409,3.35122181569,131354.397753,gr_active,266.486052834,48673.8003096,46796.8059397,35883.7915041,0.00262642727625
4c3df468,oof,pf_gr_path,5392,19.0607087233,-16.7757207987,1958970.84705,gr_active,184.596542295,1517442.56645,23425.4713558,418102.809248,0.00133909063982
4caa7289,oof,pf_gr_path,5396,33.0958087942,-31.1800441552,5910414.49239,gr_active,21.8306819336,5245965.0484,610220.327229,54229.1167537,-0.00682693950061
4cd1ac61,oof,pf_gr_path,4489,14.806150082,-14.4098025391,984087.918248,gr_active,420.506693169,932106.774972,33909.0694379,18072.0738379,-0.00212091938497
4cecf7b3,oof,pf_gr_path,6019,13.3163638531,10.3170575781,1067322.46298,gr_active,205.40713564,640672.454277,20396.4071957,406253.601508,0.00105945118451
4ddde4c1,oof,pf_gr_path,4472,3.98614525863,-1.58534770723,71057.1911903,gr_active,52.7217802914,11239.5999218,24166.3478654,35651.2434032,-0.00180070865884
4e050c92,oof,pf_gr_path,3705,7.9849905645,6.24960661023,236231.075338,gr_active,459.521747536,144708.34421,48691.9247499,42830.8063779,0.00338950900037
4ed93db6,oof,pf_gr_path,4657,6.59123346241,0.275422913517,202320.377795,gr_active,83.7363462894,353.269687469,182804.892191,19162.2159163,0.00466042135019
4f3eb9e9,oof,pf_gr_path,4697,24.3783776819,-12.8355919185,2791451.9866,gr_active,253.274477046,773842.116261,1711371.5289,306238.341436,-0.0140777077107
4f4ac5ce,oof,pf_gr_path,5162,7.4764665733,-0.682752425274,288543.165601,gr_active,288.87025949,2406.27081271,157593.507726,128543.387062,-0.00370794080218
4f4afcc6,oof,pf_gr_path,5645,9.60450051432,-4.60594701997,520731.098081,gr_active,1664.43698718,119757.252182,172596.459138,228377.386761,0.00339320932123
4f69febf,oof,pf_gr_path,5460,8.70693123637,-7.73899861035,413926.15749,gr_active,26.9078523338,327010.863221,39559.1707678,47356.1235011,-0.00170775378263
4fbe9c06,oof,pf_gr_path,6287,10.3550499262,5.04584828536,674136.519774,gr_active,205.026254316,160070.697385,3444.05369606,510621.768693,0.000407812370026
504c8b08,oof,pf_gr_path,6367,22.2146417916,20.3804129471,3142052.80332,gr_active,191.617594492,2644604.96348,381910.559619,115537.280215,0.00421375408795
511e1db0,oof,pf_gr_path,3821,6.41915965735,-5.8748438148,157446.63851,gr_active,113.171209546,131877.19101,11758.2701085,13811.1773907,-0.00159036495678
512943b2,oof,pf_gr_path,5029,7.28544461793,5.7801003519,266927.7698,gr_active,220.587131582,168016.677633,59898.7396301,39012.3525371,0.00237726184652
5138a660,oof,pf_gr_path,3559,5.47697220154,-2.7988532604,106760.121983,gr_active,325.781594968,27879.7097012,50284.8139769,28595.5983048,0.00365861812935
516088b7,oof,pf_gr_path,6645,6.08610826858,-1.70635922836,246135.543579,gr_active,61.8395752519,19347.9927687,10995.1236239,215792.427186,0.000670576312625
521a7819,oof,pf_gr_path,5200,32.8162873181,31.3519512599,5599925.30938,gr_active,150.802992529,5111313.20856,178222.046219,310390.054591,0.00390001545823
5254b6db,oof,pf_gr_path,3274,17.8146428701,-17.5128442044,1039041.55293,gr_active,36.595439398,1004134.8575,20474.0315421,14432.6638839,-0.0026459054124
529e88ca,oof,pf_gr_path,3417,15.7382704027,-9.1957505048,846367.511553,gr_active,239.614291198,288947.764043,315597.828338,241821.919172,-0.00974294333019
52f1e77a,oof,pf_gr_path,4442,9.54770579935,5.40052642269,404926.883349,gr_active,50.2956763354,129553.975623,11030.3541641,264342.553562,0.0012289027929
5305524b,oof,pf_gr_path,4898,22.2095560995,20.8211271792,2416008.94371,gr_active,148.697778423,2123377.71268,166183.73024,126447.500793,0.00411961577462
53134831,oof,pf_gr_path,5126,32.1650077228,31.7821731627,5303296.66199,gr_active,31.5265300527,5177806.07763,70090.9141875,55399.6701638,0.00249892712247
5397ceb1,oof,pf_gr_path,5255,8.55824649221,-2.95802408644,384895.028778,gr_active,187.868785359,45980.7586363,193495.551301,145418.718841,-0.0040000649451
53f23031,oof,pf_gr_path,8550,7.17883306578,-2.36537699427,440629.757793,gr_active,61.3837520709,47837.3211788,271135.986972,121656.449642,-0.00228157650433
543198e8,oof,pf_gr_path,6503,20.7520200351,-9.37098899613,2800493.12001,gr_active,1217.60925257,571063.77228,325060.956705,1904368.39102,0.00376619152506
54753541,oof,pf_gr_path,4026,19.3612895403,-8.38354049283,1509184.4785,gr_active,235.188423584,282962.382311,738346.369808,487875.726386,-0.0116522569406
54a7e3c2,oof,pf_gr_path,6155,14.7332565374,-13.8186247995,1336058.76065,gr_active,39.6388038685,1175324.27876,7.38407709614,160727.09781,-1.94938066453e-05
5542c301,oof,pf_gr_path,3591,9.42525915331,-7.45365813654,319008.316794,gr_active,1008.27210908,199505.257442,44602.2171629,74900.8421892,0.00339974040006
5567d551,oof,pf_gr_path,6889,8.99620268328,4.23092756597,557538.224469,gr_active,86.6200011955,123318.253444,148248.345545,285971.62548,-0.00233265911862
55efee7f,oof,pf_gr_path,4801,21.1724773054,9.54163258147,2152162.49097,gr_active,28.4149805891,437096.253888,154785.121426,1560281.11566,-0.00409692184865
5663b2b7,oof,pf_gr_path,4972,20.3990592603,15.1659360049,2068956.68821,gr_active,458.990314438,1143587.91731,406280.552767,519088.218133,-0.00629806254438
5693dde2,oof,pf_gr_path,3488,6.64431550453,5.4325077927,153984.486691,gr_active,56.468020785,102938.347521,7584.76048921,43461.3786804,0.0014645252443
56b00794,oof,pf_gr_path,6065,17.003971898,-12.3530854886,1753604.14077,gr_active,115.822814938,925511.243405,549517.00803,278575.889339,-0.00543669526102
57796579,oof,pf_gr_path,5890,32.3763107872,-30.9071914974,6174048.19613,gr_active,157.287416244,5626448.92405,264546.496649,283052.77543,-0.00394156501395
577eec7c,oof,pf_gr_path,4539,12.0138903697,-2.00222882078,655130.037074,gr_active,282.417368884,18196.4890182,274778.573283,362154.974772,0.00593802185333
57f05c51,oof,pf_gr_path,4771,44.9020261273,-41.3956595367,9619251.79504,gr_active,132.747531308,8175588.59847,639093.584552,804569.612015,-0.00840347160043
58850d2c,oof,pf_gr_path,4995,18.8082588664,17.6143599782,1766984.25492,gr_active,491.26949013,1549777.05882,107873.839359,109333.356745,0.00322288983671
58fa8486,oof,pf_gr_path,4475,11.8050901968,8.354475359,623636.691628,gr_active,47.042542804,312342.731896,235212.180696,76081.7790364,0.00561217207616
591cc951,oof,pf_gr_path,4609,22.2841602271,20.2012318508,2288754.72049,gr_active,76.8195824175,1880885.74204,307130.29142,100738.687032,0.00613538608431
593876b6,oof,pf_gr_path,4842,12.0241303869,-10.4036516957,700054.963384,gr_active,65.0313472838,524078.559983,18023.1915977,157953.211804,0.00138028670355
59f8b2e8,oof,pf_gr_path,3747,10.9566119567,9.79247347345,449817.403847,gr_active,107.580626108,359309.33512,1139.39404312,89368.6746834,-0.000509802629458
5a1a8fd8,oof,pf_gr_path,5260,14.8856829458,12.812558327,1165529.50858,gr_active,372.812668009,863490.283644,1603.87458973,300435.350344,-0.000363661409857
5a5269a9,oof,pf_gr_path,6513,5.73273780339,0.624153585654,214045.073371,gr_active,61.2515444918,2537.25442023,53236.4890039,158271.329947,0.00152063055814
5a5d1982,oof,pf_gr_path,3894,7.57691982059,-0.476269018185,223553.42619,gr_active,404.531710432,883.284499897,161583.025858,61087.1158319,-0.00573052728739
5a63b5d1,oof,pf_gr_path,6217,14.68788321,11.8796743259,1341217.73831,gr_active,625.501947613,877384.458215,15810.9678236,448022.312275,0.000888584135088
5aa03df7,oof,pf_gr_path,4871,5.912650059,-0.905785589984,170287.387038,gr_active,14.8585949262,3996.39994309,11162.9075858,155128.079509,-0.00107659436539
5aa403d0,oof,pf_gr_path,3118,21.648489003,-20.0696203982,1461272.76332,gr_active,206.457929849,1255898.16901,129121.817862,76252.7764537,-0.0071495102797
5aef5c6c,oof,pf_gr_path,3121,9.45832105362,-0.680319230106,279204.151756,gr_active,530.820191245,1444.50570939,209.882767034,277549.763279,0.00028783154105
5b7b6324,oof,pf_gr_path,6564,18.9788589808,-14.8669709661,2364333.68703,gr_active,37.1347020311,1450820.08395,713628.500222,199885.10286,-0.00550267499218
5bd25f59,oof,pf_gr_path,4210,15.0280432074,14.7001657834,950795.167935,gr_active,129.320910856,909759.41979,450.202074342,40585.546071,0.000269073691743
5beded95,oof,pf_gr_path,3057,16.2486059448,14.8137903572,807100.565568,gr_active,188.827805833,670853.712172,5283.05086755,130963.802528,0.00148966935714
5cb483ac,oof,pf_gr_path,3852,5.85973426745,2.74885396547,132264.142859,gr_active,208.608829716,29106.4751716,39794.9294739,63362.7382137,-0.002890514083
5cdd8dbc,oof,pf_gr_path,4010,16.7767400458,-9.42205361025,1128650.61633,gr_active,268.950097803,355988.12788,721474.205071,51188.283376,-0.011587359514
5d11dfb5,oof,pf_gr_path,5895,11.9607483611,-6.91874941649,843335.760498,gr_active,76.9216705946,282188.306113,168.763457218,560978.690928,-9.94269510579e-05
5d7198fd,oof,pf_gr_path,3368,12.5932795766,7.32062937198,534133.445588,gr_active,323.188333435,180496.557306,253898.923393,99737.9648896,0.00893023623489
5def1ce5,oof,pf_gr_path,6443,8.63786105105,4.11526448623,480729.262311,gr_active,274.054725379,109114.793743,258.558881336,371355.909686,0.000107705569466
5eae34a8,oof,pf_gr_path,4904,6.69714071808,1.86297021668,219952.706385,gr_active,233.010711376,17020.1069705,37038.9951897,165893.604224,0.00194130841912
5f4d2a52,oof,pf_gr_path,5225,48.3609535044,-37.9933039275,12220135.0297,gr_active,587.849009006,7542241.22389,4088736.29164,589157.514117,-0.0185462341842
5f6756c5,oof,pf_gr_path,5931,8.22715411555,5.36732720623,401446.050572,gr_active,141.391090019,170861.44214,93391.5381514,137193.070281,0.00231767484564
5f75f796,oof,pf_gr_path,5562,6.58455797068,-3.45529145194,241148.317208,gr_active,1050.12102693,66404.9350172,108269.173211,66474.2089803,-0.00274787240905
5fb1c15f,oof,pf_gr_path,2860,27.8105770443,-26.7406958391,2212004.63924,gr_active,157.522796245,2045085.36793,56871.9276818,110047.343623,-0.00540120392227
5fffa282,oof,pf_gr_path,4201,11.6355576955,-11.3150414547,568757.438318,gr_active,240.168075366,537854.715278,3047.59886972,27855.1241698,-0.0007023288603
60e37807,oof,pf_gr_path,2699,19.794643949,-10.7082539575,1057543.58056,gr_active,122.900723374,309485.430905,609099.938032,138958.211619,-0.0192810465728
61f27424,oof,pf_gr_path,6220,3.25141288963,0.183061619629,65755.8855446,gr_active,159.148605267,208.441881936,22097.648715,43449.7949476,0.00104973114881
62569ae3,oof,pf_gr_path,3588,5.28376012456,1.21004865248,100170.218341,gr_active,99.0975907883,5253.61325607,53604.4587627,41312.1463225,0.00373174917958
62a6f539,oof,pf_gr_path,3693,10.7609487276,8.95122991723,427642.078693,gr_active,161.81559403,295899.841396,13559.1695885,118183.067708,-0.00179737304268
633774dc,oof,pf_gr_path,6233,15.9916339028,-12.1349805304,1593979.76798,gr_active,726.557969741,917857.571171,435005.876903,241116.319907,-0.00464293389597
63559d57,oof,pf_gr_path,4069,4.43136424147,2.78115867939,79902.908406,gr_active,314.035885597,31473.0786081,1174.55283531,47255.2769626,-0.00045739917837
647f2a41,oof,pf_gr_path,3881,10.062339302,7.56503724454,392953.858921,gr_active,5679.77927253,222108.809212,77164.1420821,93680.9076263,0.00397999878362
65156b96,oof,pf_gr_path,3221,5.81120493553,-1.68565464904,108773.501128,gr_active,121.000918365,9152.25117022,36542.5367701,63078.7131873,-0.0036224625394
653612bc,oof,pf_gr_path,4605,12.046610007,-11.5888414068,668281.342298,gr_active,141.772038157,618457.233929,33323.4588603,16500.6495084,-0.00202358391264
656a067b,oof,pf_gr_path,3051,13.8803644372,0.427900173482,587819.441088,gr_active,25.5897632875,558.633701879,281887.575841,305373.231545,0.0109135313995
65a5466a,oof,pf_gr_path,4683,13.1523540401,-8.35644351625,810086.023858,gr_active,63.7067427463,327014.584209,128008.412791,355063.026857,0.00386744060445
660d9546,oof,pf_gr_path,4732,13.60176528,11.7755900646,875457.944645,gr_active,9071.67108233,656160.515117,64431.6711928,154865.758336,0.00270130253895
6767c111,oof,pf_gr_path,6783,21.256591358,-19.3494096274,3064848.8724,gr_active,178.568355245,2539552.84581,82886.720654,442409.305935,-0.00178525550477
67847288,oof,pf_gr_path,7429,9.49235768981,7.48858893877,669388.964165,gr_active,260.447726143,416610.62574,29939.6233406,222838.715084,0.000936091400578
67a8da4a,oof,pf_gr_path,4911,10.1492029959,-6.27692339889,505864.044653,gr_active,718.47899492,193492.257483,1409.17955341,310962.607616,0.000377849539614
684a6fc1,oof,pf_gr_path,9818,12.069389322,-8.13902287269,1430189.6172,gr_active,62.6425829784,650380.581037,3088.83586533,776720.200294,0.000197903511105
698930d1,oof,pf_gr_path,4741,8.34456238672,-2.8922685123,330123.99128,gr_active,2731.18159802,39659.494495,157800.64905,132663.847735,-0.00421541262893
699ea575,oof,pf_gr_path,4120,7.82737890368,-4.26712355099,252423.585267,gr_active,2074.77482556,75018.3748056,89936.0261453,87469.1843165,-0.00392836342477
69c1bdad,oof,pf_gr_path,2714,11.6320121512,-6.81560062326,367214.259942,gr_active,54.1025823632,126071.845777,3097.31796507,238045.096201,-0.00136354282763
69e41fa6,oof,pf_gr_path,5772,5.53997477221,3.8839963864,177150.301791,gr_active,115.125111431,87073.0900095,1341.86460582,88735.3471761,0.000289371326257
6a0ff78e,oof,pf_gr_path,6465,12.8257425655,7.31797440237,1063490.38178,gr_active,274.572547865,346218.524572,471793.403516,245478.45369,0.00457734626097
6a8fa194,oof,pf_gr_path,3017,14.6819070905,-14.0765904423,650339.680174,gr_active,273.142985023,597819.752218,25074.9191893,27445.0087658,-0.00331014831023
6ae68655,oof,pf_gr_path,4204,5.47157977765,-1.72523789061,125860.130847,gr_active,320.779816359,12512.9780558,1.2818617126,113345.870929,-1.43885543719e-05
6d1d74e1,oof,pf_gr_path,5830,15.5847767718,9.3601620983,1416021.10677,gr_active,72.1505924209,510781.659173,768107.395495,137132.052105,0.00682022607197
6d590e26,oof,pf_gr_path,6096,8.32840450733,1.07264472612,422832.712703,gr_active,208.882723918,7013.85465484,96835.7459234,318983.112125,0.00226485833532
6d6d93af,oof,pf_gr_path,3595,23.6824924989,18.1282386659,2016293.3212,gr_active,318.862783157,1181435.76848,12285.3186894,822572.234038,0.00178129361493
6dbe4b60,oof,pf_gr_path,4648,6.94237129507,-1.90132884563,224017.421235,gr_active,76.8100740456,16802.7588106,6086.99858336,201127.663841,-0.000852890062716
6e6d122c,oof,pf_gr_path,5632,9.78367705311,-5.90828450063,539096.936179,gr_active,49.7953199014,196600.87457,105501.350312,236994.711298,-0.00266210799527
6e9ccd38,oof,pf_gr_path,8282,12.6724626385,5.13798852265,1330017.22382,gr_active,244.451144516,218635.90562,574736.000938,536645.317265,0.00348435172334
6ea22614,oof,pf_gr_path,5971,9.66992840877,6.8181934967,558333.374637,gr_active,176.625685738,277578.430236,30655.5476435,250099.396757,0.00131454228851
6ede926a,oof,pf_gr_path,4938,8.89451125718,6.77295508298,390656.688029,gr_active,643.591221008,226520.481706,62701.9486661,101434.257658,-0.00249979573415
708caea9,oof,pf_gr_path,6548,32.9575034611,-30.4481666467,7112418.18118,gr_active,2375.45378015,6070590.89984,466949.605418,574877.675924,-0.00446748011747
70925e23,oof,pf_gr_path,5947,12.2374133311,10.6608292693,890588.733112,gr_active,173.557898268,675896.060383,894.635298239,213798.037431,0.000225926272021
70e1788b,oof,pf_gr_path,9285,11.5286344459,10.1134042506,1234063.89217,gr_active,146.103963416,949678.579295,17286.8594142,267098.453456,-0.00050906801796
71642c7d,oof,pf_gr_path,4648,9.25990314503,-3.82522360209,398546.507475,gr_active,170.914379602,68011.0958968,95982.9009345,234552.510643,0.00338679094404
71ccf778,oof,pf_gr_path,2698,3.83323439877,-0.430250683879,39643.564709,gr_active,21.8930558172,499.44202634,12400.4064645,26743.7162181,0.00275261641401
7224331b,oof,pf_gr_path,6063,9.62857073381,8.18725443918,562096.936842,gr_active,120.947412993,406409.773032,48137.632324,107549.531485,0.00160991015303
722cf0d8,oof,pf_gr_path,5143,10.1305827916,0.33156232563,527819.443685,gr_active,212.942184464,565.388380222,199019.510615,328234.54469,-0.00418999661146
7256229b,oof,pf_gr_path,5415,6.51255118893,-2.11531164372,229668.143983,gr_active,99.5195978365,24229.6522405,1299.66827086,204138.823471,0.000313407364406
726f3dc2,oof,pf_gr_path,6723,8.83856462067,6.81219293994,525202.269675,gr_active,122.747399759,311987.354133,33150.9719831,180063.943559,-0.00114417932032
7271dd80,oof,pf_gr_path,4340,7.89784596756,-7.52201220998,270711.713825,gr_active,371.809515396,245560.097762,3445.39909317,21706.2169696,-0.000711173896927
727a3a10,oof,pf_gr_path,4397,14.6392321738,13.4726262098,942308.400648,gr_active,226.640673678,798106.755782,61050.6246545,83151.0202111,0.00293562780011
729665c0,oof,pf_gr_path,4263,9.4736906499,-6.40952701511,382607.722341,gr_active,150.754807809,175132.721844,23550.7534213,183924.247076,-0.00190994138272
729e9750,oof,pf_gr_path,5919,8.88437580623,-5.0159223047,467199.297988,gr_active,211.026877415,148918.941799,118.144068579,318162.21212,8.26844954531e-05
729f4217,oof,pf_gr_path,6195,27.0668808827,26.4855608596,4538556.37224,gr_active,307.011896483,4345699.16643,1711.97939751,191145.226409,-0.000293953022167
72dd8501,oof,pf_gr_path,5193,8.01265947978,-5.48447337639,333404.683098,gr_active,178.344521084,156202.574587,135904.471974,41297.6365368,-0.00341255783935
73348914,oof,pf_gr_path,4221,6.68504459431,-5.10319583619,188635.735403,gr_active,86.8495916122,109925.847281,27.6877627879,78682.2003588,6.64678360166e-05
739a914f,oof,pf_gr_path,5505,12.9780449207,-9.46356862217,927205.223054,gr_active,98.5619740291,493023.016522,206278.846092,227903.36044,0.0038519619803
73b1447d,oof,pf_gr_path,5670,22.8753811785,-18.4831375229,2967014.97324,gr_active,17.6239131289,1937021.53315,534644.138503,495349.301584,-0.0059326461576
74b6186b,oof,pf_gr_path,3405,6.81454437881,-6.39957715995,158121.441384,gr_active,113.558484282,139450.371548,2368.44561427,16302.6242215,-0.000848489897341
75c20ec7,oof,pf_gr_path,5361,13.8779727169,10.7048892379,1032518.55741,gr_active,79.6646416082,614341.937928,120752.459775,297424.159702,0.00306669025311
75cd5f11,oof,pf_gr_path,4946,4.35459716387,-1.72555102929,93788.6064091,gr_active,274.466778957,14726.8453503,39893.5050088,39168.25605,0.00198911806312
75d20a82,oof,pf_gr_path,5067,18.9903440986,12.1572040658,1827328.26723,gr_active,81.897395215,748890.493401,581549.200935,496888.572895,-0.00732415466397
76201745,oof,pf_gr_path,4448,11.3748692197,8.11171698242,575516.266152,gr_active,215.516130136,292678.188288,66660.9391581,216177.138706,0.00301494351554
764072a5,oof,pf_gr_path,2949,6.62649471723,-4.56507719497,129491.864668,gr_active,149.470726081,61456.9529686,718.642290364,67316.2694096,-0.000579875652972
77b0d905,oof,pf_gr_path,4174,2.54846184747,-0.140929809002,27108.7016071,gr_active,98.0790135879,82.9006949869,3738.85380797,23286.9471042,-0.00078547290849
77e4821c,oof,pf_gr_path,5393,8.61073066105,-2.19534149343,399862.272815,gr_active,80.3728546039,25991.6944032,165698.861399,208171.717012,-0.00356044894133
7850c72e,oof,pf_gr_path,5497,14.6731501512,-9.0858361827,1183511.44048,gr_active,23.7758781411,453790.648007,164665.705995,565055.086476,-0.00344908267835
78a4a386,oof,pf_gr_path,5119,6.40418301169,-3.1177040593,209948.413882,gr_active,94.9000446042,49757.0823604,15218.9124106,144972.419111,0.00116682236746
79507629,oof,pf_gr_path,5302,7.74479387934,4.69518413173,318023.674502,gr_active,412.109917494,116881.285872,176927.597839,24214.7907917,0.00377423411791
796dbd4c,oof,pf_gr_path,6248,8.30618744972,6.76937529684,431066.701687,gr_active,244.446199022,286311.113051,45533.0816378,99222.5069983,0.00149672709008
7987f2f2,oof,pf_gr_path,3705,15.779582571,11.7000369039,922527.312752,gr_active,50.6196690821,507180.649459,97665.0502583,317681.613035,-0.00480040533036
7993a768,oof,pf_gr_path,5487,8.76649391006,8.24181421956,421683.716712,gr_active,99.495266846,372718.201442,17456.4593944,31509.0558753,-0.00112607228891
7a5660b0,oof,pf_gr_path,4998,3.87146314896,1.48449963388,74911.158115,gr_active,3744.94223021,11014.2883367,21904.448218,41992.4215603,0.00145098329615
7acda2df,oof,pf_gr_path,3091,11.5649697734,-4.46819221424,413416.693432,gr_active,32.776131758,61711.0164817,311814.510245,39891.1667051,-0.011256161063
7b2c7b3c,oof,pf_gr_path,2584,4.92890973457,1.74289887051,62776.0866274,gr_active,185.164387415,7849.4076858,12187.7238591,42738.9550825,-0.00291147586564
7b38844c,oof,pf_gr_path,3749,15.0944560004,-13.3724936956,854181.914707,gr_active,79.7215141519,670409.630062,957.731468195,182814.553177,0.000467024169136
7bb17b96,oof,pf_gr_path,3922,15.7718115973,-13.2349589099,975597.661037,gr_active,174.712520335,686993.746676,182373.610634,106230.303726,-0.00602296377774
7c607683,oof,pf_gr_path,5328,13.7784980054,11.5685295164,1011504.85481,gr_active,925.581763065,713050.902914,68858.6033788,229595.348518,0.00233734818034
7cbbd047,oof,pf_gr_path,5121,13.0492446633,-9.64004451285,872018.148547,gr_active,218.057528355,475896.876492,213963.007025,182158.26503,-0.00437247982176
7cd4bb31,oof,pf_gr_path,6439,6.40672218321,-3.66379329704,264295.767926,gr_active,2505.51215816,86433.1523414,50462.4615107,127400.154074,0.00150607710385
7d50373e,oof,pf_gr_path,5122,7.52928509434,6.91317106656,290366.866512,gr_active,175.834612751,244790.286949,2610.48448062,42966.0950815,0.000482827311069
7d57c75d,oof,pf_gr_path,4405,11.1648027429,-4.43184248545,549095.673363,gr_active,96.177570001,86519.6085288,158503.196037,304072.868797,-0.00471727046153
7e208414,oof,pf_gr_path,4226,4.11780563049,3.59425234371,71657.4218876,gr_active,117.470559148,54594.2145209,6881.17448784,10182.0328788,0.0010459903584
7e721392,oof,pf_gr_path,6174,39.199416816,36.0132922655,9486933.07678,gr_active,50.0344505069,8007413.87504,1232163.34368,247355.858053,0.00792637898167
7ff89f8f,oof,pf_gr_path,7337,11.4501588737,-0.973746709095,961925.736223,gr_active,247.31634658,6956.81612853,63444.2882845,891524.63181,-0.00138838244387
8050c789,oof,pf_gr_path,3077,12.6121842212,-10.986888119,489449.746185,gr_active,166.267595323,371429.933329,64803.0654229,53216.7474325,0.0051665088378
807f0298,oof,pf_gr_path,3747,10.507348611,-2.91066625338,413685.192503,gr_active,390.292901684,31744.5017105,128000.320594,253940.370199,-0.00540344365965
811f52b3,oof,pf_gr_path,4836,3.747533691,-1.41401025245,67916.8263886,gr_active,83.985696824,9669.2192712,223.715620704,58023.8914967,0.000154066901603
81bf5923,oof,pf_gr_path,4543,35.2485948663,30.724920658,5644511.40815,gr_active,163.836206407,4288686.26471,1157173.53761,198651.605833,0.0121695851874
81fc01c6,oof,pf_gr_path,5909,14.975203558,-10.3164236155,1325132.96796,gr_active,554.127312953,628886.575031,187796.159985,508450.23294,-0.00330493557615
8255c867,oof,pf_gr_path,3589,27.1605060297,-25.1801528779,2647580.49208,gr_active,731.904710472,2275569.91516,142256.597651,229753.979272,-0.00607668411733
82aab6d2,oof,pf_gr_path,6140,6.99116894224,4.28921512235,300101.361119,gr_active,48.337202836,112959.829486,57254.6580432,129886.87359,-0.00172283420116
82fcf37c,oof,pf_gr_path,6014,8.13595383656,-6.84585393185,398089.181412,gr_active,183.140733862,281850.416362,31196.7891478,85041.9759018,-0.00131189912438
833af382,oof,pf_gr_path,3628,16.0190508276,13.2785998448,930981.041602,gr_active,340.55652293,639693.363808,172.690368181,291114.987426,-0.000208316552497
8382f4b6,oof,pf_gr_path,4967,26.7680875185,22.6511431354,3559007.04018,gr_active,149.489297256,2548439.97528,853887.994357,156679.070544,0.00914428694322
84633df4,oof,pf_gr_path,4972,5.17371783731,3.06351175743,133087.295325,gr_active,128.053226194,46662.7385194,54042.7483981,32381.8084078,-0.00229700883459
8478df29,oof,pf_gr_path,4857,3.85364812833,1.21819104434,72129.3831277,gr_active,112.528148503,7207.73661537,18453.4187948,46468.2277175,-0.00139019875756
84815d5a,oof,pf_gr_path,3647,10.3229060654,-6.18150427685,388633.035001,gr_active,59.4966375776,139355.49922,6265.55245496,243011.983326,0.00124499234033
84c3b497,oof,pf_gr_path,5312,16.3405634452,0.326482438962,1418378.44082,gr_active,612.159109338,566.210239032,938348.386513,479463.844063,-0.00866733508415
85380836,oof,pf_gr_path,6618,11.5528079055,-9.47418416364,883287.05798,gr_active,1490.28228221,594032.775719,231145.217883,58109.0643778,-0.00309344885558
8612b37f,oof,pf_gr_path,5165,17.2847561744,-9.89702268182,1543109.84138,gr_active,218.151440917,505917.214386,364038.563603,673154.063387,-0.00563065396598
861e71df,oof,pf_gr_path,4700,10.5215694426,-9.81738976268,520306.090617,gr_active,712.093605001,452991.366237,15367.5080303,51947.2163503,0.00133274042277
86454a6f,oof,pf_gr_path,7964,51.3055317442,-45.6217666227,20963299.4273,gr_active,61.1758543284,16575836.2769,2846433.62566,1541029.52464,-0.00822326488853
8648abae,oof,pf_gr_path,4244,8.50435122688,-7.04183307279,306943.012669,gr_active,154.969906008,210448.980878,2936.44242773,93557.5893632,-0.000678950820434
865033f8,oof,pf_gr_path,3557,7.31773373521,5.51599129263,190474.600508,gr_active,77.0714788241,108225.850908,716.489443683,81532.2601563,-0.00043708886265
87695469,oof,pf_gr_path,7003,8.41021375901,5.09307887056,495334.063392,gr_active,701.250559151,181653.985029,101558.122653,212121.95571,0.00188374351408
877ed19c,oof,pf_gr_path,3708,5.06629545721,3.67702139867,95174.5325385,gr_active,111.096534267,50133.9634461,6795.68304136,38244.886051,0.00126472938142
87aa3730,oof,pf_gr_path,5607,6.85847587234,-1.08855801365,263745.942071,gr_active,1034.5839427,6644.06258468,4796.69593636,252305.18355,-0.000571433754408
884ecb5f,oof,pf_gr_path,6724,28.892270955,-26.9152631591,5612948.56997,gr_active,231.969657819,4871076.67257,156333.508818,585538.388579,0.0024841345115
8902c3f6,oof,pf_gr_path,4959,5.62797902419,-2.03512942365,157072.09942,gr_active,364.631780115,20538.9470324,37413.5931885,99119.5591989,0.00191873138423
896d15b9,oof,pf_gr_path,4279,17.875088378,-8.11078623802,1367220.87896,gr_active,143.275978329,281493.387693,557901.373427,527826.117841,-0.00924391451144
8995c945,oof,pf_gr_path,6724,13.3212457235,-10.4913284817,1193211.37119,gr_active,37.733928732,740097.052547,282226.554617,170887.764026,-0.00333770544843
89969c7a,oof,pf_gr_path,4947,9.28969160093,-4.68960722028,426918.03659,gr_active,674.595778491,108796.481361,42532.6061247,275588.949104,-0.00205323549523
89f1085d,oof,pf_gr_path,5994,26.8896816467,25.5200376779,4333991.54449,gr_active,295.883916599,3903726.30455,155.292339297,430109.947601,-9.30230419363e-05
89f36adf,oof,pf_gr_path,5292,4.78826521931,-1.52496051177,121332.244325,gr_active,1353.82655878,12306.5701445,5966.83688625,103058.837294,0.000695077067876
89fdb2f2,oof,pf_gr_path,2031,3.09423999928,2.74784930551,19445.4463026,gr_active,50.4044774972,15335.4225616,22.5740762576,4087.44966477,-0.000179817015186
8a3da6d1,oof,pf_gr_path,4593,7.88989990995,-4.76120659,285916.641065,gr_active,712.244383168,104119.122069,77542.2122896,104255.306707,-0.00309895349417
8a89da23,oof,pf_gr_path,3935,26.3261808842,-24.8357533274,2727221.7928,gr_active,298.583415911,2427165.62153,162192.984679,137863.186591,-0.00565183617578
8a9c8932,oof,pf_gr_path,4663,3.26921766091,-2.22008393365,49837.1373255,gr_active,320.213029933,22982.8669717,5652.76504509,21201.5053087,-0.00081794288147
8ac2f237,oof,pf_gr_path,5319,18.0378252695,12.7029321583,1730606.54408,gr_active,181.638006547,858297.697944,731031.017186,141277.828947,0.00763507921557
8b12bab6,oof,pf_gr_path,5234,14.8622962179,-11.157021339,1156127.00098,gr_active,595.638488698,651523.741078,432897.858438,71705.4014593,-0.00601911681866
8b5be31b,oof,pf_gr_path,5672,14.87608699,10.793574864,1255202.05256,gr_active,377.645825186,660795.137333,19219.7543925,575187.160837,-0.00112424305472
8b95d6d1,oof,pf_gr_path,1731,6.55233030227,3.82647767995,74317.0790672,gr_active,257.726551568,25345.1833143,43678.4745905,5293.42116248,0.0100526097931
8b9d8326,oof,pf_gr_path,6163,7.04793364584,-1.6956402578,306136.971151,gr_active,64.9493072028,17719.8322324,210625.634594,77791.5043246,0.00328592760194
8bb9c1e6,oof,pf_gr_path,4546,3.61551874071,-0.579927296738,59425.2018251,gr_active,70.7422998394,1528.89103355,12297.3997943,45598.9109972,-0.00125329449665
8bda1a11,oof,pf_gr_path,5981,13.0067162759,0.886431794949,1011833.69099,gr_active,115.959220965,4699.63849736,443141.596786,563992.455706,-0.00498541349117
8bfa881d,oof,pf_gr_path,4089,16.3269106311,-12.8733182833,1089996.59598,gr_active,99.4994359379,677638.581293,373756.317686,38601.697005,-0.00809951923943
8c167025,oof,pf_gr_path,5368,20.9566428142,-16.9741204464,2357522.95332,gr_active,1978.14806744,1546632.26614,610491.331503,200399.355677,-0.00688195170632
8c8348e8,oof,pf_gr_path,3888,5.75508520871,-3.55516724418,128774.470393,gr_active,135.352283174,49141.2645534,11154.9064729,68478.2993668,-0.0015091562953
8cc21f01,oof,pf_gr_path,4044,5.0502633269,1.36186181699,103142.86571,gr_active,131.784288757,7500.27580913,5591.28285726,90051.3070433,0.0010072323076
8cc800b3,oof,pf_gr_path,6576,7.90013417626,6.74016664979,410422.101139,gr_active,265.495169352,298746.670367,1855.18279581,109820.247976,0.000279795854314
8d5d46d7,oof,pf_gr_path,5755,18.5170650834,-17.4606830641,1973284.17948,gr_active,70.6634838504,1754558.23238,342.940963752,218383.006135,-0.000146937389419
8d92cb49,oof,pf_gr_path,3589,5.6723373906,-0.443531811432,115477.551776,gr_active,245.667437577,706.029758764,80032.9414111,34738.5806061,0.00455790051553
8f201368,oof,pf_gr_path,6349,28.662693876,-27.0425967309,5216021.07844,gr_active,472.687733926,4643036.63894,98.7409122609,572885.698585,-6.80426478202e-05
90386ee4,oof,pf_gr_path,3840,14.3475900073,-12.9372995379,790476.821833,gr_active,160.729482971,642715.082241,22032.2867123,125729.45288,-0.00216084486533
91abc4c7,oof,pf_gr_path,5848,8.44330893291,-2.34418524468,416900.795628,gr_active,79.7133488893,32135.95569,152687.29246,232077.547477,-0.00302678121843
91b301ce,oof,pf_gr_path,6570,35.9595083141,16.0771054515,8495576.58492,gr_active,277.407520367,1698169.71042,5168214.96675,1629191.90774,0.0147881163351
91db7070,oof,pf_gr_path,4073,41.1759474048,-35.1474802788,6905603.05981,gr_active,43.655262152,5031561.69181,1699554.91543,174486.452574,-0.0173734721312
925a7cd1,oof,pf_gr_path,4517,3.1624783357,-0.405310595235,45175.7330837,gr_active,52.0899537741,742.037757279,22469.6738872,21964.0214393,-0.00171046378119
9283ae69,oof,pf_gr_path,3371,12.9897712904,-11.8154341112,568802.847212,gr_active,188.220003058,470606.712989,5456.10761806,92740.026605,0.00130735633991
9298ad5b,oof,pf_gr_path,3964,16.066833998,-12.1816621772,1023279.46531,gr_active,170.062420501,588229.429433,546.088241932,434503.947637,0.000324355734824
9314ff13,oof,pf_gr_path,2748,8.8846610083,-7.50248199664,216919.428986,gr_active,288.010308218,154677.32483,15384.3460629,46857.7580934,-0.0029826691307
93209a3d,oof,pf_gr_path,4697,16.4292491128,-15.3602953942,1267815.30344,gr_active,226.424969584,1108203.95458,9240.19181084,150371.157058,-0.00103442804359
939d9c34,oof,pf_gr_path,5101,14.931910149,-1.77015187385,1137328.8595,gr_active,116.518785554,15983.6654857,82324.2084638,1039020.98555,0.00272816999363
93f5d2e6,oof,pf_gr_path,3691,20.8201226115,14.1448981465,1599965.47301,gr_active,247.440752302,738488.427931,662556.216671,198920.82841,0.0125743613866
940a48d9,oof,pf_gr_path,3963,7.10101593817,-1.57590799722,199832.005604,gr_active,112.720805863,9842.05508021,67600.1085364,122389.841988,0.00361017475487
940e709a,oof,pf_gr_path,3348,11.506244201,-10.7824942198,443253.958991,gr_active,180.493204671,389245.783995,2841.13897215,51167.0360235,-0.000953144414305
9426ec1e,oof,pf_gr_path,2532,8.56368015785,6.66739854959,185688.316386,gr_active,723.093683735,112558.043057,57483.4004695,15646.8728594,0.00651878009071
94467f50,oof,pf_gr_path,3035,8.2108222597,-2.76433481985,204612.422617,gr_active,2474.25747428,23192.0951335,6091.37568226,175328.951802,0.00161700102828
944f36b9,oof,pf_gr_path,4630,11.6326577706,-11.1856090892,626525.705115,gr_active,695.262841055,579295.648722,2019.21619901,45210.8401944,-0.000494095111948
94d813a4,oof,pf_gr_path,4847,25.8364862088,18.4879177909,3235488.92308,gr_active,3419.26968458,1656719.64627,1342352.0671,236417.209715,0.011893627173
95b559e7,oof,pf_gr_path,2887,12.048322296,-10.3295076549,419082.896518,gr_active,401.715094915,308039.228868,15927.0878058,95116.5798435,-0.00281830934326
95c8427f,oof,pf_gr_path,6335,18.720167009,16.3674200485,2220066.87577,gr_active,69.6450177235,1697098.60134,1098.20625062,521870.068175,-0.000227673589783
96936c22,oof,pf_gr_path,3346,4.4634585163,-2.50531904131,66660.5576069,gr_active,35309.8906284,21001.5822269,7312.76112659,38346.2142534,-0.00153053205983
96ae5806,oof,pf_gr_path,9839,11.8493007108,10.6039513784,1381453.91904,gr_active,389.450284983,1106334.399,49234.5086466,225885.011391,0.000787587815053
96b7eea1,oof,pf_gr_path,4332,7.17787956172,-6.60904674843,223193.109071,gr_active,165.703062214,189219.589334,1690.58040222,32282.9393346,-0.000499546450837
9719aa04,oof,pf_gr_path,4871,7.50844442994,-4.13894943281,274611.089617,gr_active,120.729260301,83444.6256263,33488.7239166,157677.740074,-0.00186471617227
974802e7,oof,pf_gr_path,5843,15.2749761966,4.71647621378,1363317.37788,gr_active,85.7708322813,129978.399035,377034.141176,856304.837672,-0.00476241392086
97cd5bf9,oof,pf_gr_path,3449,12.2498368879,-5.95624889029,517551.779537,gr_active,47.7777705805,122359.831008,325108.185902,70083.7626268,-0.00975135129059
98177ced,oof,pf_gr_path,4772,9.92980960714,-8.19815554149,470524.539076,gr_active,59.2963140085,320724.947436,4506.80531283,145292.786327,-0.000705463224135
9896fc0b,oof,pf_gr_path,3595,14.9751374573,7.60500616049,806195.797006,gr_active,15.1332277069,207920.846731,315650.889427,282624.060848,0.00902912793085
98bc6f66,oof,pf_gr_path,6063,15.222030613,-13.844566953,1404859.0395,gr_active,148.339767834,1162107.54284,2917.35855208,239834.138107,0.000396327475385
992c99e8,oof,pf_gr_path,4904,11.6019874578,6.51432429721,660108.378005,gr_active,241.254069992,208108.208825,408689.423646,43310.7455334,0.00644854358047
992ce078,oof,pf_gr_path,2879,3.79058017527,-0.633163455201,41366.9059296,gr_active,438.429753841,1154.17947172,26915.904479,13296.8219789,0.00367902417067
99529c45,oof,pf_gr_path,5840,24.4338935663,23.4979670415,3486568.50408,gr_active,59.3641022727,3224582.01768,5795.48012366,256191.006278,-0.000590902828815
995ff498,oof,pf_gr_path,4526,7.53649086229,-3.04092106665,257070.891386,gr_active,206.894223016,41852.8314255,96736.5968757,118481.463084,0.00353845935814
999daf80,oof,pf_gr_path,3564,7.35029596441,-6.40098776258,192551.696124,gr_active,1527.86401958,146026.504416,20542.5493251,25982.6423831,0.00233351859669
9a6b0392,oof,pf_gr_path,4255,15.0990919075,13.8759601146,970065.862718,gr_active,107.713232179,819267.355024,88796.5516364,62001.9560574,0.00371911269741
9a8ae0d6,oof,pf_gr_path,6294,5.21977621579,2.44384039297,171486.725198,gr_active,306.097060943,37590.0078227,60850.118202,73046.599173,-0.00171132003075
9a95e33f,oof,pf_gr_path,6447,24.5352207925,21.5391364438,3880946.10155,gr_active,232.657403954,2990985.06869,201744.847354,688216.185503,0.00300576725333
9ab94eeb,oof,pf_gr_path,4442,6.09999157786,0.14965038822,165286.363584,gr_active,203.582306477,99.4796502804,62998.607916,102188.276018,0.00293689404845
9ad5410a,oof,pf_gr_path,4205,7.89069654323,4.53797297503,261816.301597,gr_active,30.7637565368,86594.4006263,73772.2883105,101449.61266,-0.00345054950442
9ae248be,oof,pf_gr_path,5271,9.15105209479,6.95150303408,441402.787662,gr_active,245.520095614,254712.612055,35651.1160672,151039.059539,-0.00170917948561
9af1ffd0,oof,pf_gr_path,3525,14.8700669422,9.3484589302,779444.090302,gr_active,453.609434108,308062.737403,373391.993459,97989.3594403,0.0101142680487
9b5b61c1,oof,pf_gr_path,5532,11.8127240848,-10.5993087126,771937.771082,gr_active,51.6130457086,621494.449568,5459.89425716,144983.427258,-0.000622098979361
9b9e3b49,oof,pf_gr_path,5118,8.69337111337,3.46969436047,386791.321329,gr_active,59.8194693824,61614.4706921,46167.7450074,279009.10563,0.00203286968858
9bd2bba3,oof,pf_gr_path,7439,14.6762432728,-13.7778680815,1602301.95542,gr_active,5494.4809819,1412142.75795,16404.4622822,173754.735188,-0.000691512107643
9c211c53,oof,pf_gr_path,7265,6.59888483233,-4.3019366847,316356.466686,gr_active,97.28853159,134450.879373,30043.3365475,151862.250766,0.000969641691703
9c350a6a,oof,pf_gr_path,6052,11.6685160232,-5.27481785504,824005.618949,gr_active,236.213723971,168389.053,75940.90956,579675.656389,-0.00202759003048
9c8375f7,oof,pf_gr_path,3674,12.8645676889,11.8566053655,608036.352097,gr_active,919.525867797,516487.579575,11808.8742364,79739.898285,-0.0016903870614
9d072e4c,oof,pf_gr_path,5107,10.2905363635,-4.14307604341,540806.473081,gr_active,91.0638619329,87662.0589713,299992.361743,153152.052366,-0.00519872617538
9d3ec64c,oof,pf_gr_path,3480,8.73481164036,6.70551733547,265513.331686,gr_active,125.717050115,156474.590322,7109.54941778,101929.191946,0.00142279658358
9d4272e3,oof,pf_gr_path,4030,9.99385532114,-8.43715018996,402504.891045,gr_active,87.6468897866,286877.578412,56101.077806,59526.2348271,-0.0032071455476
9d5e14d4,oof,pf_gr_path,5400,25.1241041579,21.7139515815,3408591.29259,gr_active,293.194766623,2546076.74374,738834.985658,123679.563189,0.0075036698383
9da441ba,oof,pf_gr_path,5783,8.23338803609,-4.44192484339,392021.928071,gr_active,115.193101817,114102.616786,12794.1155006,265125.195785,0.000890975936147
9dede370,oof,pf_gr_path,6297,16.7688723312,-14.052067279,1770685.4141,gr_active,36.3639080885,1243409.36554,276635.491894,250640.556666,-0.00364622981434
9def2eb2,oof,pf_gr_path,6003,9.67014746907,-7.00405548954,561351.047698,gr_active,59.4588238822,294487.930183,186.666948297,266676.450566,0.000101758765065
9df1b1f9,oof,pf_gr_path,4701,6.4021397171,-4.70889652166,192681.734292,gr_active,132.426304313,104238.594029,7675.78544882,80767.3548138,0.00094160047637
9dfff011,oof,pf_gr_path,4319,12.1214268788,-11.3668750419,634586.305988,gr_active,127.890393892,558040.058459,22917.0463583,53629.201171,-0.00184754553209
9e3e364d,oof,pf_gr_path,4290,6.39164368368,5.45842707159,175259.837521,gr_active,210.161672729,127818.087951,1.64359618101,47440.1059732,1.58052823385e-05
9efc812e,oof,pf_gr_path,4450,12.1359118179,-7.21165080593,655397.582652,gr_active,313.381225139,231435.187693,265283.709694,158678.685265,-0.00601043505133
9f0c7bae,oof,pf_gr_path,2542,12.7713982271,-12.1712168265,414622.093417,gr_active,111.347866956,376568.115394,10024.8794117,28029.0986116,-0.00270624378249
9ffce529,oof,pf_gr_path,5212,11.0255193281,4.85354649271,633581.542482,gr_active,276.689576103,122778.633458,361550.817564,149252.091459,0.00553565090552
a0383629,oof,pf_gr_path,5832,8.48021839603,6.71558615179,419403.054786,gr_active,145.285608109,263017.935816,23008.5992788,133376.519692,-0.00117980286552
a056d01e,oof,pf_gr_path,6557,14.3455488453,11.4669611424,1349396.31787,gr_active,90.5019207596,862187.784252,11965.8079823,475242.725634,0.000713680560188
a08d9e63,oof,pf_gr_path,3685,32.4891649385,-30.5473495671,3889686.4145,gr_active,284.512578849,3438622.98413,37628.1479162,413435.282454,0.00300393701252
a0b83014,oof,pf_gr_path,5035,14.7622725058,-13.1536525949,1097250.81181,gr_active,107.730854134,871148.533117,1768.37559747,224333.903098,-0.000407735641203
a0e92ed6,oof,pf_gr_path,4897,10.7900102702,-7.2780245354,570129.903031,gr_active,289.121952626,259392.332652,164960.484614,145777.085764,0.00410568322234
a15bc102,oof,pf_gr_path,3236,2.23564429464,-1.2766905054,16173.8691137,gr_active,39.4705269182,5274.48146029,3114.67104541,7784.71660804,-0.00105022890532
a247e7cf,oof,pf_gr_path,5674,3.90573815208,-1.38799516552,86555.6813686,gr_active,1941.50741524,10931.1345081,44759.9935057,30864.5533548,0.0017147532711
a2e8e7f6,oof,pf_gr_path,4760,9.52752439305,-2.06262422076,432082.912247,gr_active,219.153359311,20251.0328982,259938.077808,151893.801541,-0.00537793012376
a3518960,oof,pf_gr_path,4967,5.63731180063,-2.31227558402,157847.705304,gr_active,92.1601120394,26556.653476,23548.9918739,107742.059954,-0.00151857257281
a3f71395,oof,pf_gr_path,5543,13.6718174928,8.37243528566,1036089.76408,gr_active,172.312969191,388551.399292,33445.1963387,614093.168448,-0.00153511242598
a4719920,oof,pf_gr_path,5884,7.50436819894,2.16720527156,331360.649512,gr_active,1117.73647034,27635.8458067,126336.609856,177388.193849,-0.00272801178786
a48640d9,oof,pf_gr_path,4532,13.8541586985,-12.6648563564,869861.716417,gr_active,51.7149898475,726926.394148,17115.0466979,125820.275571,-0.00148540481042
a4cdbb0f,oof,pf_gr_path,5204,11.8417396797,2.77575315385,729740.260134,gr_active,303515.303527,40095.8081921,134022.576061,555621.875881,-0.0033781091649
a4f989c2,oof,pf_gr_path,5385,19.6122249601,18.8649628317,2071282.99606,gr_active,129.416308469,1916450.53993,3989.28216244,150843.173967,-0.00055368077817
a5aa7973,oof,pf_gr_path,4616,15.215635715,10.434863086,1068675.87209,gr_active,179.767816099,502619.472953,479584.220441,86472.1786967,0.00764934723246
a5e6f7dc,oof,pf_gr_path,5649,6.04746467858,3.77708274074,206594.26224,gr_active,56.2906959969,80590.6339177,2854.42801964,123149.200302,-0.00043590596865
a612d5a0,oof,pf_gr_path,5329,20.8867983201,-19.444787143,2324820.71551,gr_active,189.513093722,2014893.55196,136521.120814,173406.042739,-0.00329019753654
a622ce4d,oof,pf_gr_path,6298,7.57528268152,-2.57723731715,361410.148726,gr_active,167.311454913,41832.2744857,6517.36434386,313060.509896,0.00055952905612
a645da9a,oof,pf_gr_path,5153,9.931285496,-7.12669252341,508242.614051,gr_active,941.874810877,261719.562804,168174.608695,78348.4425521,0.00384043686968
a692b17e,oof,pf_gr_path,3566,14.1410853814,-10.8378091958,713094.074691,gr_active,441.390701558,418855.613712,33875.399521,260363.061457,-0.00299406238246
a6b8ac67,oof,pf_gr_path,5453,12.3512330488,-7.47018945281,831871.279023,gr_active,429.412905808,304297.742203,366125.74354,161447.79328,-0.00520538093519
a6ed2eff,oof,pf_gr_path,5275,9.57933250605,-5.87035850316,484053.049405,gr_active,675.520828677,181782.349741,220.258708789,302050.440955,0.000134191027826
a6f967fb,oof,pf_gr_path,4670,10.7022583925,-7.38806197601,534894.02305,gr_active,66.4838821155,254904.757085,163053.539245,116935.726719,-0.00438309039204
a76db406,oof,pf_gr_path,4672,12.2674529774,-11.8827535641,703091.160726,gr_active,315.105119089,659685.61634,19393.0839835,24012.460402,-0.00151063596785
a7744f5b,oof,pf_gr_path,4377,18.1360650731,-15.3296886092,1439669.08018,gr_active,177.047964446,1028592.16745,340447.185381,70629.72735,-0.00697992391267
a783cc24,oof,pf_gr_path,1889,24.9092483145,20.4426686536,1172069.06086,gr_active,180.155951999,789418.203479,368296.923279,14353.9341057,0.0256060030215
a79fd2e7,oof,pf_gr_path,4404,8.51967029984,0.26889418996,319663.380007,gr_active,114.917841452,318.427192077,4267.48699821,315077.465817,0.000774293782755
a7fc3e6b,oof,pf_gr_path,4764,11.6203604693,-6.21410185985,643296.151711,gr_active,63.6835914061,183962.155009,9508.73870053,449825.258002,-0.00102729331019
a85bb86f,oof,pf_gr_path,3099,4.76122402423,1.11425584828,70252.0187933,gr_active,115.526622366,3847.61332971,835.339398267,65569.0660653,0.00058034969941
a85e4bc3,oof,pf_gr_path,4581,14.1827480109,-9.5882787795,921469.712764,gr_active,35403.1412276,421154.647076,234752.347305,265562.718383,-0.00541321363991
a87433c9,oof,pf_gr_path,5721,6.73782052766,3.99373899114,259723.247874,gr_active,69.6718946602,91249.6704109,4375.14106335,164098.436399,-0.000529515574069
a8ed028a,oof,pf_gr_path,5538,11.1417338499,-8.30054951506,687477.535359,gr_active,146.058823291,381563.339031,2565.12209249,303349.074235,0.000425711344491
a959858c,oof,pf_gr_path,4404,19.4958517857,-12.494670025,1673908.59508,gr_active,114.65260811,687538.294866,459003.915191,527366.385025,-0.00803022776896
a9c9b150,oof,pf_gr_path,3986,7.76186340079,-7.65251827052,240142.642482,gr_active,85.0510949739,233424.28902,1945.0822098,4773.27125143,-0.000607090834217
aa95015b,oof,pf_gr_path,4300,9.18596290985,6.31550171457,362842.232699,gr_active,40.8455947587,171507.916199,16679.9520633,174654.364436,0.00158666539705
aaaf3c03,oof,pf_gr_path,2997,17.5908599043,-8.27948371851,927386.741458,gr_active,91.5490468323,205443.902383,455411.463975,266531.3751,-0.0142482823331
aaeffccb,oof,pf_gr_path,2712,14.0580872022,13.3679224603,535972.060404,gr_active,225.345584524,484638.063657,2272.23078126,49061.7659663,0.00116918260183
ab112491,oof,pf_gr_path,5185,34.544613189,-31.5016248709,6187417.60745,gr_active,985.079323247,5145347.03588,107283.297802,934787.273771,-0.00303901992483
ab18d3fc,oof,pf_gr_path,5694,11.9258454595,8.0380506464,809833.647825,gr_active,217.096307395,367890.810157,327859.665995,114083.171673,0.00461645314013
ab3ced07,oof,pf_gr_path,4250,21.1670082984,19.7463077885,1904179.5213,gr_active,137.146688728,1657145.85293,6152.08213172,240881.586236,0.00098065964112
ab6fe95d,oof,pf_gr_path,5491,9.85450467311,-8.53741362061,533237.941576,gr_active,198.73352626,400224.885429,35938.2481023,97074.8080449,-0.00161395683695
ab94878e,oof,pf_gr_path,6004,21.1147984046,-20.4238385984,2676791.60885,gr_active,58.1597408345,2504467.63129,40777.7784789,131546.199078,-0.00150363139453
abf460d2,oof,pf_gr_path,3217,11.1686353155,-9.32016595179,401283.480448,gr_active,96.9711649226,279446.292168,107489.599863,14347.5884171,-0.00622439687146
ac6f01d5,oof,pf_gr_path,5004,18.2549743084,15.6489162274,1667553.41136,gr_active,44.9449107509,1225422.44978,121211.58289,320919.378685,0.00340711459981
ad2133a8,oof,pf_gr_path,5729,35.5002692255,32.4012621012,7220081.76032,gr_active,42.5047962213,6014543.59057,101026.137049,1104512.0327,0.00253915533387
add9c322,oof,pf_gr_path,3932,7.69147395355,5.84356606086,232612.289845,gr_active,61.8662557306,134267.043257,31108.5800515,67236.6665365,0.00247805229656
ae069086,oof,pf_gr_path,4770,21.8053547611,18.3505353396,2268008.57714,gr_active,1343.86107422,1606260.04238,39366.730821,622381.803941,0.00208630471392
ae0784a8,oof,pf_gr_path,7823,8.53944097527,-5.27827315447,570469.214127,gr_active,215.807807917,217950.090299,106116.01947,246403.104357,-0.00163087661919
ae35f33a,oof,pf_gr_path,4450,5.20748437081,-3.00039840781,120674.625951,gr_active,259.961632224,40060.6381948,30223.9283845,50390.059372,0.00202873851053
ae8959c3,oof,pf_gr_path,4518,23.577818145,-22.0119861053,2511617.2313,gr_active,351.834622751,2189095.39094,278317.469823,44204.3705407,-0.00601785234457
aed44918,oof,pf_gr_path,2719,8.89841839299,-7.58147738931,215295.449869,gr_active,34.1336997082,156284.855581,12527.6358181,46482.95847,-0.00273471076955
aee6393a,oof,pf_gr_path,5865,5.73823280952,3.63241812219,193118.707028,gr_active,75.2085743079,77385.5161957,73816.7047323,41916.4860998,-0.00209539513663
af7a59ce,oof,pf_gr_path,3024,4.0686306355,2.50060514993,50058.5558703,gr_active,419.940369721,18909.1509743,17908.2121995,13241.1926965,0.00278768746617
aff4e561,oof,pf_gr_path,6026,10.0978586313,-8.79697784482,614451.629101,gr_active,124.955992179,466332.972513,49930.0166911,98188.6398976,-0.00165473248785
b04b58a3,oof,pf_gr_path,3402,15.2929092043,-9.59171502567,795636.190708,gr_active,758.399694473,312987.392249,46958.8789981,435689.919461,0.00378310189039
b0d42b0d,oof,pf_gr_path,4971,13.530958578,-10.9521136703,910124.681831,gr_active,23.3307427838,596265.454214,19748.7479971,294110.479621,0.00138897609424
b0f53bf4,oof,pf_gr_path,2755,9.14409272321,6.90686229016,230357.759418,gr_active,206.739882222,131426.577146,4201.01362278,94730.1686498,0.00155269191561
b19b0395,oof,pf_gr_path,5813,8.67597673337,-6.75355489774,437559.462652,gr_active,366.763492422,265133.858338,4464.67236496,167960.931949,0.000522257808595
b1efb8a4,oof,pf_gr_path,5998,8.96505445492,-6.61368008698,482072.463875,gr_active,27.5310166438,262357.104229,73470.5380729,146244.821573,-0.00202133151472
b32902c0,oof,pf_gr_path,3808,16.5331269161,-15.2790226643,1040895.03965,gr_active,613.923761222,888972.015857,111698.444752,40224.5790421,-0.00492684377562
b32e4903,oof,pf_gr_path,5770,9.69953260727,-7.66112823948,542846.982253,gr_active,59.0568724343,338657.951653,61245.698963,142943.331637,-0.00195598134081
b3388334,oof,pf_gr_path,6080,18.4244662546,12.9728302506,2063922.61715,gr_active,8686.11440871,1023229.49425,593707.420696,446985.702204,-0.00563016987336
b37fd114,oof,pf_gr_path,8161,16.1799216017,-10.2273860713,2136467.07226,gr_active,229.798171452,853635.914373,397514.417307,885316.740577,-0.00296245663496
b38e3116,oof,pf_gr_path,6211,8.74677608009,6.87275830311,475179.33614,gr_active,141.595998331,293375.38437,4457.60987376,177346.341896,-0.000472497334804
b4d8dd4f,oof,pf_gr_path,4259,16.748707202,1.01810830056,1194731.24272,gr_active,153.412288217,4414.64307522,633199.957887,557116.641762,-0.00991744072715
b4f37e6e,oof,pf_gr_path,2992,10.028904403,-1.61225082932,300932.139187,gr_active,216.917394257,7777.26338804,251072.064899,42082.8109,-0.0106058983568
b56bc0aa,oof,pf_gr_path,5602,7.12522426288,-5.94808070109,284406.934101,gr_active,59.7343309586,198196.877877,3651.81025377,82558.2459696,0.000499263796739
b585b4fa,oof,pf_gr_path,4294,9.74812760835,0.126160013917,408041.609084,gr_active,36.4031080659,68.3448030848,142744.799787,265228.464495,-0.00465133610323
b5aa9634,oof,pf_gr_path,7326,9.03888257281,-3.04494256392,598544.442957,gr_active,2346.89560339,67924.2926438,700.45912698,529919.691187,-0.000146211541149
b7974e66,oof,pf_gr_path,5558,11.4556286416,7.93363358367,729384.274451,gr_active,30.2977345992,349834.647547,119352.315821,260197.311084,0.00288820650277
b7cdcecb,oof,pf_gr_path,6168,13.4988605874,-11.5614019228,1123928.2548,gr_active,213.368670774,824451.976949,213356.2699,86120.0079482,-0.00330313851675
b7fea9ef,oof,pf_gr_path,3866,9.22592971093,8.23318349202,329065.333734,gr_active,581.562025299,262058.010058,801.964625045,66205.3590517,-0.00040810833899
b85f7b06,oof,pf_gr_path,3803,7.41084856021,7.05906472143,208863.332282,gr_active,241.014553202,189504.991201,6313.26977662,13045.0713043,-0.00117362222137
b881d27e,oof,pf_gr_path,4009,16.6033205088,-15.8600212403,1105162.03994,gr_active,46.0142619812,1008424.95744,11689.8811927,85047.2013038,-0.00147550810974
b8c49c1a,oof,pf_gr_path,4319,9.22222463793,4.82365197622,367328.47639,gr_active,93.519760648,100492.843816,129558.073194,137277.559379,-0.00439286714395
b95e7121,oof,pf_gr_path,6306,3.4829528157,-1.43588563842,76497.8357552,gr_active,131.629457192,13001.5062751,13362.6842905,50133.6451896,-0.000799662136193
b977be4a,oof,pf_gr_path,5917,18.6804334956,1.25398422425,2064788.01007,gr_active,214.569901396,9304.34306398,1286482.79188,769000.875125,0.00863257312801
ba48188d,oof,pf_gr_path,4166,54.1460752842,43.0208316755,12213868.2545,gr_active,202.260351286,7710399.29726,4320621.32183,182847.635453,0.0267784132484
bb2cdd83,oof,pf_gr_path,3825,11.4945503747,-10.8638668757,505376.932814,gr_active,154.048619053,451440.283359,34439.0693681,19497.5800873,-0.00271749768148
bb337fa0,oof,pf_gr_path,6873,22.1305465503,-20.2089642621,3366127.9758,gr_active,71.876050776,2806948.57179,139582.72794,419596.676068,-0.00227136512168
bb682ebd,oof,pf_gr_path,4139,21.8355282438,-19.7485199839,1973435.02556,gr_active,79.125177378,1614226.72799,241939.377692,117268.919877,-0.00639883299761
bc4381e2,oof,pf_gr_path,4955,18.4002596147,-17.8236968861,1677612.13952,gr_active,2792.06131369,1574125.06576,41500.1638594,61986.9099029,-0.00202325233082
bcebcc5f,oof,pf_gr_path,6258,11.0538499599,-7.8645552538,764649.994145,gr_active,36.7457244084,387064.99321,171.633859213,377413.367075,-9.1672436482e-05
bd2c2f34,oof,pf_gr_path,9823,6.77978969238,3.81754217804,451519.580685,gr_active,150.578531431,143156.750605,30.4114101656,308332.41867,-1.96219736669e-05
bd4ae5da,oof,pf_gr_path,5006,11.7213770761,10.275092259,687777.74688,gr_active,159.023108082,528521.06978,47805.3537136,111451.323386,0.0021384181493
bd6f0e19,oof,pf_gr_path,5140,3.31697118161,0.535684691383,56551.8107928,gr_active,54.0657267182,1474.96457531,10463.1836283,44613.6625892,-0.00096156329361
bd8f847e,oof,pf_gr_path,4961,9.68487811719,7.70220235536,465326.243023,gr_active,194.461735634,294305.972691,111252.175259,59768.0950729,-0.00330667145961
be063506,oof,pf_gr_path,4500,4.7246651251,3.04752225875,100451.072449,gr_active,67.4898072983,41793.263629,4184.4970846,54473.3117357,0.000742323993133
be35c8f2,oof,pf_gr_path,4226,5.41263753599,3.16322393527,123807.622176,gr_active,290.592726666,42285.2954188,40832.3362013,40689.9905557,0.00254799464187
be83e781,oof,pf_gr_path,3221,5.20702197095,-4.52368580587,87331.2236131,gr_active,3906.00441852,65913.6848634,52.2006703278,21365.3380793,-0.000136912341123
beda8696,oof,pf_gr_path,5912,10.1098078436,0.687742410276,604254.964914,gr_active,358.717848642,2796.31465054,207475.081998,393983.568265,0.00347113866819
bf39bc20,oof,pf_gr_path,3303,8.33717780696,-0.765111408389,229586.687092,gr_active,377.361823007,1933.56122832,11985.4823885,215667.643475,0.00199781625059
bf70b410,oof,pf_gr_path,6347,16.6643329768,9.81869014171,1762561.85915,gr_active,60.7706656705,611893.1732,688517.044848,462151.641097,0.0056845387196
bffe3082,oof,pf_gr_path,5723,13.4190878928,5.65465210958,1030551.59744,gr_active,203.386992772,182993.442819,665802.645044,181755.509573,-0.00652871587551
c03b9305,oof,pf_gr_path,4255,30.2089450175,-29.2396101798,3883029.42786,gr_active,4004.87500469,3637832.68876,161700.879369,83495.8597293,-0.0050187721487
c03d4aed,oof,pf_gr_path,4641,17.3121288083,-14.9988008422,1390953.19979,gr_active,57.4520138386,1044058.04793,24679.7809932,322215.370865,0.00172124991261
c03fba65,oof,pf_gr_path,3699,16.9003981017,14.5411631428,1056521.16373,gr_active,113.4200296,782136.629094,200314.421274,74070.1133625,0.00689160298208
c07fd0cd,oof,pf_gr_path,4191,3.80660468615,0.946656563653,60728.5926407,gr_active,118.094621899,3755.80090009,1388.94348519,55583.8482554,-0.000475835052919
c1708b88,oof,pf_gr_path,6315,19.1858562284,15.7359804676,2324533.05526,gr_active,346.21744078,1563727.12826,184584.176648,576221.750353,0.00296570418807
c1d046f4,oof,pf_gr_path,5513,8.18051811264,-4.64400380072,368934.792647,gr_active,65.8961932761,118897.610183,36838.3911106,213198.791354,0.00162427278871
c2717d4f,oof,pf_gr_path,4721,12.2765177532,-10.3943377145,711515.544935,gr_active,427.497699079,510067.493043,9.50629251026,201438.5456,3.29264734683e-05
c2c4db09,oof,pf_gr_path,6039,8.12879264065,-0.054754915616,399040.63229,gr_active,98.4436997319,18.1055306352,101758.198442,297264.328317,0.00235465773945
c2c6fc71,oof,pf_gr_path,7119,8.50313174014,-4.60021344463,514726.832408,gr_active,139.274456284,150652.019838,140429.557003,223645.255567,-0.00216118229399
c36625df,oof,pf_gr_path,4742,5.15867616654,3.19232545247,126193.81849,gr_active,104.76439064,48325.4459894,15549.8241952,62318.5483055,-0.00132285136523
c3957531,oof,pf_gr_path,5316,15.0969238496,-9.95191349945,1211607.35527,gr_active,5359.44119986,526499.735509,272040.127188,413067.492571,-0.00466154259454
c42fe306,oof,pf_gr_path,5095,17.8601118574,-15.1221032643,1625221.41937,gr_active,73.709935557,1165114.44635,343437.532323,116669.44069,-0.0055821078921
c43812e2,oof,pf_gr_path,5527,5.88399890935,-1.02535709116,191352.716374,gr_active,388.02896187,5810.85104757,1322.60251888,184219.262808,-0.000306599262598
c472c0b5,oof,pf_gr_path,3054,3.57478303405,3.14524236218,39027.2912035,gr_active,73.9322587539,30211.8462244,65.1078392261,8750.33713984,-0.000165616551875
c47e0767,oof,pf_gr_path,4356,12.7946628113,-10.1014213564,713091.994962,gr_active,191.223407324,444480.635657,179316.100764,89295.2585413,-0.00510232914655
c50b42f6,oof,pf_gr_path,6014,8.66719752439,-3.82108171649,451773.561942,gr_active,231.190231165,87808.4022215,101.529849238,363863.629871,-7.48414794638e-05
c593337f,oof,pf_gr_path,5208,32.473924654,26.5561656556,5492126.51493,gr_active,150.47871462,3672837.49799,1626830.76134,192458.255605,0.0117558857192
c59b6c4a,oof,pf_gr_path,5499,21.2932018691,17.4199347185,2493249.05166,gr_active,45.0212485815,1668694.23666,761208.009244,63346.8057493,0.00741168110803
c66be2b8,oof,pf_gr_path,4154,22.6120559663,17.2124996579,2123961.28164,gr_active,29.0616697648,1230706.18015,653694.15247,239560.949024,0.0104611203229
c6797dd7,oof,pf_gr_path,4664,6.31231137722,2.91815239174,185838.362241,gr_active,54.0429300006,39716.8208108,53926.6220221,92194.9194078,0.00252554103189
c6b782a4,oof,pf_gr_path,4877,8.64557263701,4.76131673509,364535.882184,gr_active,134.936314577,110562.258402,6044.28484742,247929.338935,-0.000790740458669
c6c96179,oof,pf_gr_path,4004,6.95798572199,-5.1778647575,193847.915491,gr_active,12198.9976139,107348.374922,360.641049874,86138.8995195,-0.000259649274045
c70c0e01,oof,pf_gr_path,4312,11.8196552906,8.43713890453,602404.731121,gr_active,165.197639842,306951.0692,138988.556056,156465.105864,0.00456102053938
c84c65be,oof,pf_gr_path,8496,8.45527112194,-3.53767726158,607392.716398,gr_active,417.151569891,106328.802819,17066.035423,483997.878156,0.000577876710296
c8d9680c,oof,pf_gr_path,6281,39.7577887353,-35.8433086099,9928262.16672,gr_active,52.9963675336,8069469.35159,981398.674738,877394.140392,-0.00689398242655
c908edd0,oof,pf_gr_path,5293,16.546180747,12.7729534357,1449096.88308,gr_active,184.998396326,863544.160816,493276.500807,92276.2214525,0.00631804919366
c9578d27,oof,pf_gr_path,4487,13.2205276333,-8.07142787484,784248.408505,gr_active,69.1675886469,292318.842401,78450.4846451,413479.081459,-0.00322815474528
c96c018a,oof,pf_gr_path,6236,6.81785260599,-2.41354807679,289868.699883,gr_active,511.998505144,36326.0364933,16398.2878845,237144.375505,-0.000900804863073
c99f9fae,oof,pf_gr_path,6361,13.8462639637,11.8446788002,1219524.72282,gr_active,1210.9388165,892425.501411,276735.235871,50363.9855347,0.00359198707321
c9e6734f,oof,pf_gr_path,4735,13.6395236212,8.92646270616,880883.322846,gr_active,159.041897916,377293.022065,379877.901158,123712.399623,-0.00655288690506
c9e980e8,oof,pf_gr_path,4359,8.36549419009,-6.68819646046,305049.328181,gr_active,104.060220522,194986.665484,66883.3744864,43179.2882102,0.00311293046114
c9fedcf3,oof,pf_gr_path,3517,3.56535144244,-1.9552266034,44707.1576039,gr_active,53.5228449173,13445.1782355,1202.69476229,30059.2846061,-0.000575983175601
cad13e8f,oof,pf_gr_path,4848,5.54022119123,3.53747278429,148804.75851,gr_active,34.4933208031,60666.4840157,46379.7158136,41758.5586809,0.00221009405898
cb34231f,oof,pf_gr_path,5609,15.2247743564,14.0570346198,1300131.16733,gr_active,98.0848933048,1108339.64689,55490.2650762,136301.255369,0.00194254402222
cb879f40,oof,pf_gr_path,6315,9.57378767927,4.04934568629,578816.547483,gr_active,90.5376874633,103548.321076,35110.5885805,440157.637827,0.00129345001761
cbb406b5,oof,pf_gr_path,6328,9.22537370657,-5.38188633469,538560.386724,gr_active,63.6396840173,183288.624887,36894.9281751,318376.833661,0.00132182590028
cbe51de1,oof,pf_gr_path,3963,8.74877294117,-1.4104497713,303332.093869,gr_active,229.024935981,7883.86759283,11290.4799819,284157.746295,-0.00147540323338
cbe62450,oof,pf_gr_path,6258,11.7962230697,1.55499207705,870806.198962,gr_active,348.52767159,15131.8462509,110162.222377,745512.130334,0.00232248883399
cc08aa63,oof,pf_gr_path,3274,7.09532414173,-3.24353907851,164825.02719,gr_active,53.8485205717,34444.2667981,35949.1142295,94431.6461624,-0.0035060388785
cc8a1d57,oof,pf_gr_path,6638,34.1889004351,31.9419109478,7759031.50025,gr_active,105.634665713,6772656.31063,73498.1189767,912877.070645,0.00173649232462
ccedb12b,oof,pf_gr_path,4401,8.47188881895,0.0731422601671,315872.533607,gr_active,61.0016329986,23.5444267686,145511.936882,170337.052298,0.00452598272696
cd7f1687,oof,pf_gr_path,4232,6.32534450984,2.64295750387,169322.248768,gr_active,77.5304843923,29561.4695223,2812.65564212,136948.123603,0.00066731429556
cda7eb37,oof,pf_gr_path,5973,9.38324414486,2.88226073849,525894.401784,gr_active,74.573059118,49620.2612599,172405.202376,303868.938148,-0.00311585357406
cdc31d65,oof,pf_gr_path,4840,9.1084945157,-7.07361514795,401549.014138,gr_active,201.55650378,242174.391305,15089.1070258,144285.515807,0.00126373018586
cdc60a53,oof,pf_gr_path,5878,14.2373824014,-9.69963993213,1191488.57283,gr_active,38.3839172978,553019.961071,465614.995769,172853.615987,-0.00524517202401
ce55ba43,oof,pf_gr_path,4104,13.3502504177,-11.4274778572,731452.580231,gr_active,145.404887603,535930.07473,13785.3502852,181737.155216,-0.00154699357775
ce8399b7,oof,pf_gr_path,1615,10.4384020982,-10.2200729911,175970.784958,gr_active,1071.62073429,168686.575489,921.566301771,6362.64316708,0.00162029916876
cf50c9d1,oof,pf_gr_path,4858,25.1214634933,23.0759533255,3065825.15444,gr_active,90.1068989163,2586883.1631,287743.285458,191198.705877,0.00548790981168
d00e7eb9,oof,pf_gr_path,5704,4.74804518657,2.04412283764,128590.594367,gr_active,59.310655922,23833.8113523,1843.15091166,102913.632103,-0.000345224653298
d011f41b,oof,pf_gr_path,2267,12.4198274699,10.8171781215,349689.543303,gr_active,33.5804686445,265264.713473,6986.44841606,77438.3814143,0.00268251162985
d07aed8f,oof,pf_gr_path,2957,11.5354966934,-11.0658735407,393481.141479,gr_active,1125.42123398,362095.168698,11956.2922664,19429.6805152,-0.0023556562838
d085e611,oof,pf_gr_path,6191,11.6332494748,-6.10672980714,837843.466283,gr_active,32.7768165975,230875.694072,51862.2865787,555105.485633,-0.00161947874705
d0a0e7b5,oof,pf_gr_path,3816,8.42107561756,-6.87108453685,270609.787549,gr_active,327.152087866,180160.239151,34528.620316,55920.9280815,-0.00273066045844
d0a43760,oof,pf_gr_path,4041,9.14573360637,-8.38823535066,338007.194966,gr_active,621.556819845,284334.831376,21735.8723325,31936.491257,-0.00198813512381
d0cb63ae,oof,pf_gr_path,5223,17.7307117979,13.1479980292,1641997.0297,gr_active,71.2337194735,902899.23791,1102.16308674,737995.628708,0.000304672687222
d114d9c2,oof,pf_gr_path,6206,5.44150239201,-0.0905611014025,183759.33904,gr_active,89.7243199501,50.8973490194,123404.545768,60303.8959224,0.0024890782546
d1457cc5,oof,pf_gr_path,6920,10.4287828802,-6.98850594984,752615.82554,gr_active,152.429114241,337967.370644,23245.5577599,391402.897137,-0.000917490278944
d1ecf309,oof,pf_gr_path,6168,11.0405067398,-7.18938530408,751834.722998,gr_active,800.886695262,318807.02616,353639.3705,79388.3263386,-0.00425259853835
d1ee630d,oof,pf_gr_path,6290,6.93490465663,4.71561081321,302504.357333,gr_active,80.1975826033,139870.637799,24305.8645542,138327.85498,0.00108260542009
d217e0c5,oof,pf_gr_path,3838,9.18422385123,-7.90081126556,323735.176222,gr_active,350.802732637,239578.777994,13862.0692823,70294.3289463,-0.00171532814962
d24ff243,oof,pf_gr_path,5641,10.8676553892,-10.3954456319,666235.571763,gr_active,539.904464478,609596.300242,358.190363714,56281.0811573,0.000154743861196
d273674e,oof,pf_gr_path,3899,3.88381236606,1.69958721178,58812.5101311,gr_active,116.948023583,11262.6384961,6232.33819544,41317.5334396,0.00112327551058
d2f3b1ab,oof,pf_gr_path,5581,16.085772115,-3.38660679178,1444095.27217,gr_active,39.2997836941,64009.0781423,625845.507778,754240.686248,0.00657288699752
d3df146b,oof,pf_gr_path,5787,6.73901179216,1.72850019524,262812.437983,gr_active,342.250182735,17289.8946966,49171.0721045,196351.471182,-0.00174487871432
d40f61d5,oof,pf_gr_path,4039,11.860872939,-10.8477626171,568207.759471,gr_active,40.2432819832,475285.099384,44291.4806799,48631.1794068,-0.00284014135862
d41beaf2,oof,pf_gr_path,4753,8.40780457101,0.304411359955,335995.167629,gr_active,34.958148087,440.442810159,53020.3894642,282534.335354,0.00243422303578
d463e527,oof,pf_gr_path,4767,8.38413555706,1.8823595763,335090.206329,gr_active,351.1232404,16890.8041976,187085.340532,131114.061599,-0.00455242483685
d4f60a28,oof,pf_gr_path,4501,7.60549300196,-5.36730761698,260353.700637,gr_active,49.8553336672,129664.76774,20593.5280153,110095.404882,-0.00164623750541
d50c649a,oof,pf_gr_path,4873,6.71068582989,5.09498094471,219447.29189,gr_active,201.943988931,126497.38262,10435.4477634,82514.4615069,0.0010402831387
d543916f,oof,pf_gr_path,4799,8.77783291252,-4.1080910029,369764.632722,gr_active,179.500361245,80989.8996911,110788.560148,177986.172883,-0.00346826255134
d5df0ff5,oof,pf_gr_path,4032,6.21723602486,3.09694605084,155853.023916,gr_active,173.661182721,38671.2137622,8436.01942949,108745.790725,0.0012427353063
d60430e6,oof,pf_gr_path,2511,8.66039736055,-6.2660287561,188331.233413,gr_active,221.390560171,98589.6852108,52144.2141354,37597.3340671,-0.00628671324944
d63196fe,oof,pf_gr_path,4510,24.4990992187,22.7099142557,2706928.44,gr_active,65.8280777299,2325988.3268,287390.405644,93549.7075555,0.00613143252865
d6c320d9,oof,pf_gr_path,5452,10.5940197724,-9.40189822507,611895.705918,gr_active,43.022151794,481933.303159,63078.9874803,66883.4152782,-0.00216122118695
d6dd7330,oof,pf_gr_path,6193,8.50032669344,0.237973784348,447478.645273,gr_active,42.0036234806,350.719015975,1406.83584859,445721.090408,0.000266600354062
d7ba4f9d,oof,pf_gr_path,6023,4.6736850288,3.2133694011,131562.387121,gr_active,126.192610096,62191.9495345,10.5694546969,69359.8681316,2.40933741583e-05
d7eb0be8,oof,pf_gr_path,5401,29.3271655,-22.8559374472,4645306.31846,gr_active,133.997485889,2821449.32745,306892.590037,1516964.40097,0.0048347337879
d84b621b,oof,pf_gr_path,3994,12.177856551,11.0474638047,592310.959569,gr_active,34.9914806249,487453.547326,1795.83385981,103061.578384,0.000581582893345
d90aa14c,oof,pf_gr_path,10018,11.5728332177,-5.88954493894,1341715.43528,gr_active,226.928427712,347491.75719,19004.7436239,975218.934462,-0.000476266562465
d924e971,oof,pf_gr_path,3184,26.0254196593,-16.2014348848,2156594.73952,gr_active,28.0054150862,835756.991569,1217259.71976,103578.028192,-0.0212727032283
d9ae59b2,oof,pf_gr_path,3648,3.42376754231,0.824489479106,42762.5279024,gr_active,65.5922608183,2479.84802342,21162.0717877,19120.6080913,0.00228711228414
d9d6d94d,oof,pf_gr_path,4919,9.85003672432,2.82118696325,477257.236251,gr_active,94.6666399062,39150.7926416,80281.4929483,357824.950661,0.00284500555208
d9eca87b,oof,pf_gr_path,6373,17.0185769121,10.2848348083,1845824.48181,gr_active,207.118321899,674122.091689,611430.664479,560271.725639,0.0053241264121
da2d4d7c,oof,pf_gr_path,2114,9.24431615812,8.91803523029,180656.903923,gr_active,132.019735145,168129.278907,203.339459563,12324.2855561,-0.00050821096338
da3bfe4e,oof,pf_gr_path,5549,18.6770406503,13.8340440762,1935667.92151,gr_active,235.165632843,1061971.92327,350003.333584,523692.664656,0.00495797843267
da3cf798,oof,pf_gr_path,5844,8.62185066675,-5.64399399035,434421.389327,gr_active,150.311650825,186158.680745,144627.013434,103635.695147,-0.00294883197801
da940160,oof,pf_gr_path,5132,11.6016005817,-10.7340491008,690752.502248,gr_active,58.4296036085,591308.065425,39893.9010492,59550.5357735,-0.00188197527207
dafc88c3,oof,pf_gr_path,5572,18.5555822882,-17.6699718546,1918493.28095,gr_active,441.357320773,1739733.88856,70282.3184299,108477.073956,-0.00220798952159
dbee6c86,oof,pf_gr_path,7369,5.58393380124,3.52720754708,229767.753737,gr_active,384.475911545,91679.1518076,37209.4986304,100879.103299,0.00105634237399
dc5fbe29,oof,pf_gr_path,5203,6.78512222349,-1.35914596925,239535.108307,gr_active,210.541080979,9611.38621507,30566.177111,199357.544981,-0.00161372844683
dc7da28f,oof,pf_gr_path,4774,12.9969796006,-9.73137274927,806431.139497,gr_active,376.782824258,452095.964804,311036.857559,43298.3171349,-0.00585696917442
dc7f9757,oof,pf_gr_path,4360,7.1934603018,-4.33068451341,225611.998055,gr_active,206.074654327,81771.0516266,74876.5768617,68964.3695668,0.0032925614669
dd168de0,oof,pf_gr_path,3304,8.32533232234,7.49059240839,229004.066948,gr_active,453.061075213,185384.052173,23522.5670941,20097.4476814,-0.0027975183436
dd64382d,oof,pf_gr_path,3124,4.91953919976,-3.24554383934,75606.6291903,gr_active,2375.04205146,32906.8252361,25111.0907085,17588.7132457,-0.00314381437842
dd6bc5b2,oof,pf_gr_path,3602,22.2108370854,-20.6238917951,1776943.26508,gr_active,2765.14211633,1532092.37581,154703.206048,90147.6832229,-0.00630267240124
dd7d638e,oof,pf_gr_path,4301,11.9475253856,10.5625245425,613939.203577,gr_active,43.7273252877,479849.343181,42775.6783853,91314.1820106,-0.00254000706047
ddc790ff,oof,pf_gr_path,4726,4.65469467917,2.34414449092,102394.378761,gr_active,176.792916661,25969.4333016,2045.07066937,74379.8747903,0.000482174475607
df71d1ff,oof,pf_gr_path,6228,19.0072650255,14.997918103,2250027.69871,gr_active,116.342496952,1400911.04536,277109.950432,572006.702915,0.00371016977499
df73b8f3,oof,pf_gr_path,5311,12.5559398951,2.68664093144,837287.789135,gr_active,37.6478858202,38335.0077554,524064.421449,274888.35993,0.00647915719685
df8290be,oof,pf_gr_path,3972,11.9586429129,-6.13509590008,568032.305344,gr_active,178.354185418,149503.703565,264023.092677,154505.509102,-0.00711046059566
e0079ed1,oof,pf_gr_path,3471,8.98159912819,-7.53756503321,280002.525584,gr_active,111.496575003,197204.471492,20659.5659003,62138.4881913,0.00243483376938
e03b45fd,oof,pf_gr_path,5342,15.2631568562,3.27301502185,1244493.45945,gr_active,94.1541434,57226.8552142,35221.6429394,1152044.9613,0.0016650972753
e0f36d98,oof,pf_gr_path,4976,11.5237626537,-7.24008760222,660798.397957,gr_active,56.2709656624,260836.289595,5119.94517821,394842.163183,0.000706159375761
e149204f,oof,pf_gr_path,6097,10.0077217359,8.99106680973,610641.952012,gr_active,479.404008765,492877.104653,5929.33023942,111835.51712,0.000560298108127
e14d641e,oof,pf_gr_path,3184,13.0288588921,-11.7961403024,540487.706272,gr_active,40.5369254871,443050.180488,4817.40136831,92620.1244152,0.00133825067673
e161bd0c,oof,pf_gr_path,2949,6.37350002154,5.06266933089,119792.810945,gr_active,40.6367252848,75584.7006034,5175.27594873,39032.834393,-0.00155612774111
e201fd6d,oof,pf_gr_path,5070,14.1514206582,-3.0441055728,1015331.92269,gr_active,51.6611834656,46981.5542035,92622.6553379,875727.713149,-0.00292036615172
e25f1537,oof,pf_gr_path,3177,12.2855226928,-7.58245298883,479517.533516,gr_active,1597.27565048,182657.146002,134288.302635,162572.084878,0.0070889826682
e2fc7745,oof,pf_gr_path,3692,10.8888424922,-5.48925246834,437748.960904,gr_active,130.827344606,111246.947705,78312.6467697,248189.36643,0.00432129635761
e32da4ec,oof,pf_gr_path,4689,10.0546399212,-5.39680244435,474038.130916,gr_active,351.865133762,136569.359887,30318.8655449,307149.905484,0.00187856729555
e3b34f5b,oof,pf_gr_path,5455,12.7823598298,9.80992029517,891285.482978,gr_active,126.262128561,524959.394958,281792.696296,84533.3917237,0.00456418631227
e45a2a62,oof,pf_gr_path,5007,31.5105282607,-27.6041510797,4971517.35009,gr_active,102.016767979,3815279.70826,267987.944952,888249.69688,-0.00506153068163
e46f4ef4,oof,pf_gr_path,7195,5.04973693967,-1.14769849318,183471.371535,gr_active,161.79617317,9477.33912585,628.101398689,173365.931011,0.000142252304282
e4726608,oof,pf_gr_path,4733,10.2124385757,-7.7810087075,493623.036569,gr_active,122.390888603,286555.208764,136479.672524,70588.1552814,-0.00393024715405
e5864244,oof,pf_gr_path,4469,33.4085109565,-31.5088377216,4987978.73275,gr_active,256.018413337,4436853.83307,449850.646224,101274.25346,-0.00777694945344
e5c92e59,oof,pf_gr_path,4295,15.1732063582,13.4747005105,988821.491151,gr_active,744.997761598,779832.643775,65614.4065975,143374.440779,0.00315243024317
e5ff9fd2,oof,pf_gr_path,2354,5.22350259904,-2.78493990147,64228.8415128,gr_active,15.6465261382,18257.3656597,5864.00877044,40107.4670826,-0.00232262063442
e6c55748,oof,pf_gr_path,4472,20.1983123338,-16.5731575275,1824449.9841,gr_active,351.373984735,1228322.22953,435285.796213,160841.958362,-0.00764231948939
e730c32b,oof,pf_gr_path,4728,13.9887347177,-12.7426579336,925197.256883,gr_active,31.9937321887,767710.565978,78961.4722949,78525.2186096,-0.00299420857417
e737965a,oof,pf_gr_path,5955,9.46490192153,-1.23897048288,533474.913728,gr_active,1606.21356142,9141.20999113,249316.948554,275016.755183,0.00376395031348
e748dd88,oof,pf_gr_path,4812,3.7838325311,-1.41410287253,68895.2740558,gr_active,324.958798685,9622.49352689,25127.7211685,34145.0593604,0.00164504868937
e7818f7a,oof,pf_gr_path,5371,10.0179919022,9.18682572959,539034.428775,gr_active,612.232373065,453300.406481,76.4563542516,85657.5659401,-7.69510755936e-05
e7c36e81,oof,pf_gr_path,3531,8.58674225613,6.41393039218,260348.195426,gr_active,123.607113221,145260.05436,31459.8466406,83628.2944252,0.00292834583162
e7d0c1de,oof,pf_gr_path,4711,3.86524171951,-0.470185473999,70382.7807152,gr_active,114.023291627,1041.48140399,2888.83237829,66452.4669329,0.000575813904711
e85074c5,oof,pf_gr_path,5675,11.4043664208,-10.6204232761,738088.079384,gr_active,395.244102149,640102.491445,3656.15056689,94329.4373721,-0.000489952374985
e97032ad,oof,pf_gr_path,3530,4.19522148677,-0.107377055566,62127.5881303,gr_active,85.9339639858,40.700307179,11788.1887241,50298.6990989,0.00179329658902
e9949a23,oof,pf_gr_path,4559,10.8763145984,2.95958605209,539303.345528,gr_active,207.458128347,39932.9630252,12376.9040641,486993.478439,-0.00125196520067
ea0b99b7,oof,pf_gr_path,9239,6.58591653484,-0.885909296854,400735.126323,gr_active,17664.0072251,7251.09317272,31048.6223853,362435.410765,-0.000687344311287
ea3a0e38,oof,pf_gr_path,10052,10.7388811159,6.42322538862,1159232.50174,gr_active,64.5886108533,414723.650799,435238.742518,309270.108422,0.00226764819564
ea41324e,oof,pf_gr_path,5025,5.11071987377,1.81204144843,131250.274581,gr_active,1818.7979422,16499.5584095,31050.5302533,83700.1859184,-0.00171364572954
eabc711b,oof,pf_gr_path,5348,13.5624905847,7.50292910329,983717.274804,gr_active,111.866125882,301060.01855,178379.820358,504277.435896,0.00374090253974
eac10e86,oof,pf_gr_path,6067,11.9463661176,11.5041346691,865855.929944,gr_active,90.168024526,802937.809583,1969.91485733,60948.205504,0.000325351912794
eafb863e,oof,pf_gr_path,3568,6.28841853826,-3.1790104522,141093.733118,gr_active,140.243102087,36058.5914001,27095.8260096,77939.315708,-0.00267549761999
eb06a4e7,oof,pf_gr_path,4535,9.08627879889,3.973216779,374411.697035,gr_active,52.2673775557,71591.5578833,211658.908403,91161.2307488,0.00521846737272
eb640a35,oof,pf_gr_path,6037,13.5870024301,7.63464232865,1114470.25572,gr_active,162.543455775,351883.228168,537306.223675,225280.803872,0.00541339603785
eb934281,oof,pf_gr_path,5971,6.61238458406,6.12032119373,261073.794059,gr_active,62.4691460267,223663.697472,1535.42244535,35874.6741407,0.000294194104092
eba6605e,oof,pf_gr_path,4410,26.1905808904,-24.1888843595,3025024.18573,gr_active,9278.2214899,2580300.37812,192209.774414,252514.033192,-0.00518585637383
ebe69318,oof,pf_gr_path,4976,6.10305299437,-3.09287312993,185342.34512,gr_active,14.5011262615,47599.7402485,60665.9985749,77076.6062967,-0.00243076374143
ec0d597b,oof,pf_gr_path,4616,17.9206050338,-12.4240583337,1482419.55933,gr_active,25.0250315886,712512.952816,144113.111331,625793.495187,-0.00419318168519
ec13af42,oof,pf_gr_path,5462,9.08567932926,2.02477153004,450885.74519,gr_active,140.338441524,22392.5600282,303430.018512,125063.16665,0.00472707353599
ecdab904,oof,pf_gr_path,6147,21.7654883749,-20.3107398968,2912058.16836,gr_active,190.622574208,2535798.27574,45531.6345722,330728.258049,0.00153374242183
ecdaf714,oof,pf_gr_path,6592,15.028672239,-11.0559682504,1488875.64125,gr_active,71.4830617837,805769.38863,103344.145901,579762.106717,-0.00208069186963
ed6436d6,oof,pf_gr_path,2945,12.3361638021,12.2775430802,448172.860504,gr_active,457.569499709,443923.598735,996.582564402,3252.67920477,-0.000684257146184
ed6e6e54,oof,pf_gr_path,6048,12.0637246323,-6.11218780155,880186.317725,gr_active,52.2589389608,225946.262635,4631.28387229,649608.771217,-0.000501214534085
edf885a3,oof,pf_gr_path,3117,16.7839283111,-14.6373105154,878059.677858,gr_active,510.042143524,667819.927886,2517.15565323,207722.594319,0.00099871248225
ee0300f7,oof,pf_gr_path,4544,25.4472274144,-24.3189037227,2942518.92471,gr_active,109.690273971,2687362.85167,165493.252561,89662.8204805,-0.00460069343541
ee288beb,oof,pf_gr_path,4638,26.4270447086,-19.7017839629,3239126.75363,gr_active,697.316375779,1800287.43115,1318906.03641,119933.286078,-0.0125950949153
ee4aecac,oof,pf_gr_path,5265,5.21209649338,3.9460562096,143028.725994,gr_active,352.977263594,81983.2083431,2012.06035851,59033.4572919,-0.000406736895929
eeda36f5,oof,pf_gr_path,4797,11.8928597735,-11.4424922012,678488.224899,gr_active,42.2708682915,628074.22143,7619.72467858,42794.2787909,-0.000910134745601
eeed308d,oof,pf_gr_path,3899,8.18746291099,2.05989041731,261367.706235,gr_active,394.26522621,16544.0361237,170591.332082,74232.3380286,-0.00587677772327
ef04658e,oof,pf_gr_path,4104,14.1453191137,-12.6299151806,821169.57681,gr_active,562.660120439,654648.564656,97006.1475172,69514.8646373,-0.00410373432134
ef8e3ed0,oof,pf_gr_path,5224,21.0874092391,18.8578039665,2323002.19964,gr_active,227.92517045,1857742.00877,109391.898353,355868.292523,0.00303443932562
efde6ac3,oof,pf_gr_path,4559,8.15517690468,2.58638031223,303205.004271,gr_active,241.852848931,30496.8064618,116436.609978,156271.587831,0.00383999820589
efe96181,oof,pf_gr_path,4012,11.8774019498,10.458023984,565983.580434,gr_active,738.383803058,438793.505791,37409.3586963,89780.7159463,0.00263657045782
f0188a48,oof,pf_gr_path,4170,5.61114849335,-0.175648078332,131292.397518,gr_active,845.097590267,128.653871749,292.560181441,130871.183465,0.000220036212798
f021b650,oof,pf_gr_path,3739,6.98851124101,6.01482083821,182610.102938,gr_active,94.5528644618,135269.802667,1041.28039279,46299.0198782,-0.000488923921228
f03f10fe,oof,pf_gr_path,4145,11.4927187216,-8.63100389218,547482.309075,gr_active,448.775459179,308778.575834,88625.4636519,150078.269589,-0.00386440907625
f053a1b9,oof,pf_gr_path,4108,4.78803797126,0.67535208654,94177.1636793,gr_active,121.622425989,1873.66061078,13804.9953456,78498.5077229,0.00154583492751
f074d277,oof,pf_gr_path,2453,20.1870287611,-19.0408301061,999637.067381,gr_active,47.4942815473,889343.026902,34138.4830842,76155.5573944,-0.00526825085905
f07d7037,oof,pf_gr_path,5563,4.69917140756,-3.60386694387,122843.344898,gr_active,94.9990584091,72251.4482079,14075.0080619,36516.8886278,-0.000990492898793
f08774c3,oof,pf_gr_path,3900,15.6135259797,-10.3879743392,950750.554721,gr_active,203.206595221,420849.042398,315350.130471,214551.381853,-0.00798712045725
f140c2fa,oof,pf_gr_path,4082,15.966726323,14.5930915547,1040650.17855,gr_active,99.4802789051,869295.866833,127961.273033,43393.0386808,0.00475138707009
f16e25e3,oof,pf_gr_path,4651,4.29997383426,-2.76427433304,85995.94341,gr_active,214.835796463,35539.2797482,13554.1090943,36902.5545675,0.0012714714482
f2d4c8c9,oof,pf_gr_path,6249,3.80026383699,2.09441427324,90248.0906867,gr_active,108.724914606,27411.6831036,8.85790637494,62827.5496767,2.08708618993e-05
f321a31c,oof,pf_gr_path,5141,11.5964822248,-4.18312551359,691353.45435,gr_active,447.881213032,89959.9893202,57142.2959691,544251.16906,0.00224645678541
f40cd091,oof,pf_gr_path,5166,14.4796666704,-10.6483619096,1083107.41841,gr_active,355.830611996,585760.400275,359488.575514,137858.442621,-0.00559373096728
f439a621,oof,pf_gr_path,2821,8.63618568101,5.78474017242,210400.626493,gr_active,486.231757591,94399.7404109,14224.0716818,101776.8144,0.00275738867281
f49fdea3,oof,pf_gr_path,5391,7.81181551638,-7.14633321621,328982.872819,gr_active,132.644458904,275318.792854,12161.3779964,41502.7019685,-0.000965112690723
f4d12d23,oof,pf_gr_path,3701,23.2561915995,22.1306711177,2001687.50699,gr_active,85.6813046221,1812626.20185,40281.6707675,148779.634379,0.00308791792835
f56d3ace,oof,pf_gr_path,5432,4.33503636047,-0.0503028540476,102081.07862,gr_active,63.6012669655,13.7450085448,57.5564167326,102009.777194,-6.56444271339e-05
f5859199,oof,pf_gr_path,5790,12.9398310823,-11.0561047785,969473.132656,gr_active,50.7299043982,707754.852139,238.539381467,261479.741136,-0.000121437502898
f5d8aab6,oof,pf_gr_path,4444,7.05744073056,4.22383660094,221344.395193,gr_active,210.661075583,79284.495786,77823.7285332,64236.1708736,0.00326201215974
f631da6e,oof,pf_gr_path,4093,10.4366555621,8.67555797545,445825.028765,gr_active,474.41048251,308060.898217,0.0414038410633,137764.089144,-2.69183437874e-06
f6824bb0,oof,pf_gr_path,5015,18.7023605621,16.0054861464,1754138.12734,gr_active,9737.35009922,1284720.56772,282162.518061,187255.041559,0.00518124211317
f6bc699b,oof,pf_gr_path,3752,9.37438528329,-4.3603660046,329722.381097,gr_active,268.610513993,71335.9944362,13539.452901,244846.93376,0.00175386819188
f6d009f4,oof,pf_gr_path,6715,27.3104369651,-8.57985331398,5008449.67991,gr_active,218.624496404,494317.223603,1090830.41648,3423302.03982,-0.00657506759483
f72b268f,oof,pf_gr_path,6404,9.67155423672,-2.60118143367,599023.50851,gr_active,206.263879219,43330.3916251,488679.413532,67013.7033535,-0.00472525951666
f8662c22,oof,pf_gr_path,5429,10.6244649305,-7.76728710872,612821.475719,gr_active,300.32324449,327535.63648,1007.66032313,284278.178916,-0.000274895700378
f88ddb26,oof,pf_gr_path,4990,38.7552721572,32.7540832658,7494835.8887,gr_active,119.17765284,5353421.55321,559225.292421,1582189.04307,0.00734908407713
f8afa78a,oof,pf_gr_path,6032,24.0083452237,-22.9947663239,3476848.66278,gr_active,152.817804301,3189475.96664,98225.8904035,189146.805743,-0.00231745663834
f8f59188,oof,pf_gr_path,4807,4.99855502669,-1.66602865175,120105.55017,gr_active,1552.59272429,13342.5566088,19634.2474092,87128.7461517,-0.00145641981441
f9fc81aa,oof,pf_gr_path,5598,9.03815666927,-2.1932105092,457290.968927,gr_active,853.667271199,26927.3447461,98641.7878605,331721.83632,0.00259759689406
fa16d114,oof,pf_gr_path,5686,25.2270730461,21.9111534017,3618600.04948,gr_active,2725.23211967,2729840.88633,418091.915418,470667.247739,0.0052241571371
fa31da94,oof,pf_gr_path,5027,15.0030021276,13.5358374738,1131527.79617,gr_active,69.2421250792,921041.390778,134335.680432,76150.7249639,0.00356223850315
fa667be2,oof,pf_gr_path,7296,12.4160311797,10.9762587126,1124735.52955,gr_active,65.7093134722,879009.350866,124334.007757,121392.170926,0.0019600103087
fae0c593,oof,pf_gr_path,4403,10.1431183047,2.28586778953,452993.183901,gr_active,151.717694553,23006.5184,198918.568191,231068.09731,-0.00528816829819
fb03ae90,oof,pf_gr_path,6431,46.535146965,44.904945408,13926458.4965,gr_active,67.9907528825,12967816.4592,351888.109855,606753.927499,0.00398451219286
fb0904bd,oof,pf_gr_path,3181,8.64934550256,8.54287682737,237974.356017,gr_active,609.404564279,232151.748215,1894.98552265,3927.62227981,0.000840520071936
fb3848a1,oof,pf_gr_path,5919,6.09505367338,-1.75444847579,219888.951667,gr_active,189.605612397,18219.2114794,950.540187189,200719.2,-0.000234532676979
fb73b13a,oof,pf_gr_path,5640,10.063863713,3.92243121743,571226.829978,gr_active,58.1195207298,86774.0319371,22127.006894,462325.791147,-0.00121655937399
fba7683c,oof,pf_gr_path,407,7.68544660718,-7.35451407926,24039.8984476,gr_active,860.246455598,22014.1730782,0.623023733495,2025.10234564,0.000333006427109
fbd68d27,oof,pf_gr_path,6829,27.5410744933,26.3711700433,5179870.14562,gr_active,136.885823575,4749150.26397,172122.184952,258597.696704,0.00254667417236
fc03f21f,oof,pf_gr_path,4803,17.92941667,15.7413954608,1543991.50616,gr_active,586.834332322,1190142.72364,134426.990056,219421.792463,0.00381561888594
fc0d20b2,oof,pf_gr_path,3954,25.5999173737,24.2687634106,2591276.71277,gr_active,156.75542996,2328798.75755,137220.04543,125257.909784,0.00516112548997
fcfcc902,oof,pf_gr_path,2791,9.24502923901,8.96641580438,238548.348674,gr_active,11718.036219,224386.945144,1610.98464134,12550.4188885,0.000942967220819
fd3b4faa,oof,pf_gr_path,5022,10.1809400052,6.11887544403,520538.030814,gr_active,132.765062696,188026.877505,179897.126163,152614.027146,0.00412845620443
fd710aea,oof,pf_gr_path,4217,5.60694005542,-3.60156714291,132573.104703,gr_active,138.957447679,54699.9125765,16410.4127845,61462.7793416,-0.00162048489196
fd8f77fa,oof,pf_gr_path,5272,25.3081864997,-23.3145937372,3376738.69018,gr_active,30.4670346239,2865702.52212,47660.8202917,463375.347765,-0.00197564215743
fde20ecf,oof,pf_gr_path,4667,14.0702064909,-12.5038251151,923929.306815,gr_active,32.2370908835,729665.113592,74187.2236915,120076.969532,-0.0029593647131
fdfd57da,oof,pf_gr_path,5236,5.67221612458,-4.38282914314,168463.25126,gr_active,159.788464716,100579.325636,22633.4336566,45250.4919672,-0.00137551837528
febb4411,oof,pf_gr_path,4247,6.93874551123,-4.22478960122,204476.865828,gr_active,116.675179351,75804.0539503,2872.12749168,125800.684386,0.0006707630033
fef8af96,oof,pf_gr_path,3826,43.5167376118,36.5242038648,7245320.8868,gr_active,70.4233712675,5103950.83241,2014692.16931,126677.885072,0.0207767463856
ff0aea78,oof,pf_gr_path,3261,35.8667193145,-34.2711379624,4195020.68884,gr_active,12.9693176578,3830080.03588,55409.2251851,309531.42777,-0.00437880377537
ff8bb73a,oof,pf_gr_path,5927,10.0763020831,3.59492663078,601779.35597,gr_active,1578.72854879,76597.5695681,77644.5656662,447537.220735,0.00211540618986
ffefef30,oof,pf_gr_path,4570,9.01685616356,6.98097512173,371557.88649,gr_active,81.4364335295,222714.442382,93803.8546683,55039.5894398,0.00343420863508
