well_id,rows,baseline_sse,candidate_sse,baseline_rmse,candidate_rmse,target_coefficient_1,predicted_coefficient_1,target_coefficient_2,predicted_coefficient_2,target_coefficient_3,predicted_coefficient_3,target_coefficient_4,predicted_coefficient_4,target_coefficient_5,predicted_coefficient_5,target_coefficient_6,predicted_coefficient_6,target_coefficient_7,predicted_coefficient_7
000d7d20,3836,536136.4646723069,491693.5089805259,11.822201951689213,11.321603425036454,0.9394623735217882,4.117209300773761,-6.411205729929975,-0.33618621374418967,-5.196095840402708,3.340085610256865,-6.042230941754257,4.5029399649077355,-14.817417707387271,2.031009334662887,-13.733589974559738,1.632279926536127,-12.71366615191855,4.613031487442698
00bbac68,6014,1668035.6013716909,1546138.2936504362,16.65409148271622,16.034021308351413,-0.832699840133974,-2.9595473027671133,4.360541356216931,-9.00310500172274,4.041115031581216,-2.813393450452659,0.7469494882466385,-5.003864476315671,-26.440645775462535,1.1699102205598588,-43.87197692684023,-11.155099932086674,-13.745265399297551,-13.809384209703248
00e12e8b,4301,196721.19115364645,207943.00933472122,6.763022798022843,6.953243541919725,7.140999455964004,-1.7084185474095683,3.156045175123829,-5.765454449364671,-16.205647999626784,-10.336913408757466,-9.59559086456565,-9.563095020803255,-8.66731535189188,-5.889302865141101,-9.483551491415803,-1.9708666344690902,-6.207632541287795,4.416648090308778
015fe0d2,4296,866175.9054636589,847445.6083414239,14.19943006324421,14.045065870698133,-5.023522680928498,0.8846595027000135,-4.123361854305577,0.4884342200344151,17.509201019813652,-1.6390208892510423,25.51602811831046,4.231863206286624,26.68995073493431,4.891957754857451,15.037258705825643,6.90436722608367,14.901349423457148,2.970418089521913
01869cd4,5557,499422.94354273827,507968.92488769104,9.480124625727969,9.560891156867067,-25.869505432141693,-6.245572731959302,-7.446333429755427,2.615701237963926,-3.9186612781620553,1.3300255347796672,10.850349016416395,5.6470084838106285,-7.815056267908087,0.46054901657512576,9.071823146408839,6.841898409495433,-10.287337672278277,9.971195954310431
01982c1d,3941,153032.63391245354,126237.63890188334,6.231445616106601,5.659671364558564,3.938177919512397,5.447280344001402,-9.349719715002669,-0.6050508039822525,-8.12809855457244,-3.4179835239588288,-10.843124196945187,-3.561162618081673,-4.749339054046426,-2.690171550292869,3.4198981341837777,-1.9160061283246062,-18.245753821403714,-4.855402114214299
028d7b28,6234,1198957.471471237,1483385.0544323185,13.868148717129818,15.425652746693887,-5.612350195488482,-0.48715275480499437,-12.439805724795868,-1.5175401622296572,-25.24324310691098,3.4566980536214396,-14.127436391891827,9.3233485495171,-1.7597254335545536,9.756431699257792,-5.768087084965103,0.5363499078460076,-7.567329332880819,1.152228013248879
02e7fe5a,5108,168275.8164352745,161987.61569385516,5.739649982153442,5.631388144863387,8.770048362691618,8.637159245459454,9.75504282203071,2.1657433205207557,2.6022001230527403,5.053392172019661,11.24492496341264,3.393940879832789,-5.773446961908904,-0.15596927803447597,5.329820486722091,-0.9243838222741069,18.976685382707448,3.5753126176981964
0390d174,4411,590353.0993340968,654243.5871427584,11.568775541117803,12.178707732986826,-16.43251087288913,0.2978469408177763,-14.203909252865543,1.9049977824438495,-17.497956979551432,-3.324777139839687,-5.664332928834261,-6.616487472311545,10.146994401404571,-6.455035382653575,-22.134698162034503,-6.4573359621383855,-14.551426854755631,-4.9567432472728115
03a935ae,2786,2435809.322437085,2361296.1119326237,29.568622185691854,29.112846462026774,-21.140559551543166,-3.429157836025999,-27.83789630873583,-6.110350607145453,-27.14639430990843,-13.959067485299505,-39.978835260181924,-12.425053336115607,-60.186560247927645,-13.040662910696629,-58.130158516339144,-19.290954549962095,-55.680173775059814,-19.80913623468322
044af7d1,4519,207446.42473893252,251949.19352205526,6.77535111786011,7.466813699333052,-0.08243598354395032,-4.281168590551852,-0.54169400212617,4.763122230331403,-11.301882739116078,3.29246559549703,-8.64512691034924,-0.7617073370018059,1.0922453178108882,-1.8967634718350488,5.06098887132645,-0.45416632708206084,4.1918494132664375,-2.845623890403776
0498acab,4798,120614.68974641027,144083.52973240748,5.013834336445115,5.479955701641806,-9.195962723534857,3.4692470749300313,7.477174669619016,3.2418687672475115,-1.0708524616711406,-0.02372742929698044,-9.659267263600299,-1.1409298775337078,-2.5507825721632145,-0.004651450844416016,-1.6131781167833523,-2.8244546011487497,-17.084230200939867,-8.336425846780871
052d64df,2445,108039.03103814578,90397.77752400862,6.647386159678693,6.080502129330176,8.629930101411194,3.5580595458555364,4.533978125161211,-0.8338001198294502,-2.0445676937500794,1.0518957288329347,-0.8039304398460811,4.23702009653355,5.15358457933543,7.810868204886714,21.752575502445147,8.26345059713238,17.55656134629944,10.028324490117289
05948241,3879,112871.6788360713,123331.35889459588,5.3942690325456635,5.638672467552819,1.8524504473726533,2.099534691190924,-3.825135596381547,3.3418677878961143,0.6105479031583632,4.336175205112551,0.8592832983270995,-0.9970975508355006,8.029933131188653,-4.484433533345131,0.6552398799256087,2.1209267191180716,3.01698953024202,2.3081336491014808
059c8f24,6258,1493949.375147137,2612849.7578546912,15.450771188543676,20.433343673848945,-10.524642013749617,13.134052837789516,-7.711466821478084,22.01556724716506,13.839279875645747,22.021030444656173,5.6513855986060015,21.228590097635625,8.969995973778675,28.85158441436182,-1.0509992531046368,31.12642409684481,21.163005141699703,27.271016859272873
05a0ee4d,4348,1099516.980565686,1293707.938257867,15.902163072314805,17.249374602064357,2.4636371386040077,9.73867231026781,0.015226285484324142,5.0741480910489365,4.640448466961257,3.866732607229838,-0.839083962285347,3.0143799638958764,-27.073131438305747,5.327837680343025,-26.517381471847706,3.96289043577231,-14.81106651987789,-0.3851164069554878
060ab2b8,6258,295953.555760073,772325.4413037281,6.876920467524861,11.109189914655337,6.655554522426634,13.538418570454121,6.720529135242828,20.588243095546638,9.128274060956107,25.087808498132322,9.05148206148611,18.03704805481844,-5.691519492073029,12.29765586213913,16.892253387647457,15.2605230475686,18.30558324929184,23.869174519642684
06df5958,3509,180083.58811518768,231204.28837675924,7.163831850426678,8.117200219676423,1.7633562674036418,4.042283174831784,-0.8565068632570527,6.2508135451324405,-5.814039423561855,7.765188289544909,0.9366736661339887,7.95641657244216,-7.4238115422950415,5.999930623422086,2.6190408273352066,5.13574390206423,1.774968440835937,8.670483655249182
071d7b45,3211,126200.19189280848,69083.84130045527,6.2691672308150626,4.638398805158368,11.056927167084806,6.804720284874965,13.957376933817521,14.423339345176519,13.31536337372314,8.854786964601,12.065449919224344,6.89867260949367,7.058476536584692,3.785031390272131,6.523510419835502,-0.6285264066259051,7.559036941860223,3.932773972961313
0849b4e2,5537,1009205.0183757704,878093.2631075683,13.500580381879946,12.593111853562027,-2.883200731893038,-0.4732735571141182,-1.3470714884264434,2.309947984222224,0.11799459796390277,1.7425034787035216,-5.205617607173844,2.7245362909582043,-17.35787031790006,-0.08095152975126982,-25.69750755317849,-4.281336477567295,-39.07371185085911,-15.540880767194128
084d66f9,3885,402859.9628741286,449974.0058493878,10.18313596786662,10.762129200537286,-5.302476777949176,1.9757291152128054,6.886130862218143,5.4337120799036125,-2.9876969541747354,8.333390669045363,3.772595483257229,6.975744696156032,16.221411185612375,6.0708347846894055,-1.468272328894991,4.2395074431533954,-32.49754766169278,7.020484463271967
08fecf00,5574,236282.24342732775,276060.1316503221,6.5107656069421695,7.03749927617273,1.216433653058006,1.3209973435784885,-7.567537884086713,0.3545777444018049,-7.823999805021583,2.964483850369346,0.28317376472411415,-1.6447203027844455,1.6830189347482705,-3.8529659518206714,8.42798454575586,-6.043105379645534,-5.888166978992211,-7.141871862681404
09053135,5907,1216552.9113960103,1333591.6812567192,14.350995087308014,15.025466116082358,20.505492777642154,0.4597849887530618,17.182998631161666,0.7414951589346721,17.576690312167074,-0.7051876237207398,11.795267870269422,-0.01909686397440439,10.943172763219824,-4.267742301977519,14.074783370342873,1.7513845973741557,13.510320897588702,-0.5979846064604581
09441b8d,5488,889602.3562237115,814790.9822655384,12.731832338885349,12.184734079244937,-1.9062596031528596,-2.3340865002627957,-11.57857200661263,-4.723179345781999,-29.919296019596647,-2.7472534650078386,-18.40787762608522,-1.9611810130198837,-9.600181748168142,-3.0391071011441952,1.2029071237095463,-2.513676548254973,-2.4902763596339312,-3.531740818769177
0955cd6c,5195,798414.7939534046,832805.3351370404,12.3971401740628,12.661319655778453,-9.813258350324649,-0.18229239097869038,-2.9909076689558933,2.750758900176535,-17.45353436662107,2.3194593160332513,-14.982463889770177,-2.158533495235858,-9.361665101015147,0.8243068287606989,-19.42849016319467,0.29301291514736905,-17.623313695718814,-16.142286724648507
09ec2ca9,5885,97459.08852852449,89646.80608297994,4.069470823472847,3.9029606887777417,2.881386682347535,4.620896715522823,0.9328235210328137,-2.7859178347060003,4.417028780706351,0.7607390222163174,5.536291651639203,1.9219920055136104,0.6804362389571872,-2.811226779830099,-8.681493125452715,-3.517263602254998,-7.0427871803525415,-5.713314231402601
0a57a29c,5821,88101.61805560274,263631.5391557063,3.8903900219029937,6.7297647490596075,-2.210166413151542,9.191290289870475,6.10919271422191,11.089206731554782,4.741777541071283,14.030841830139483,10.60577710877983,15.574405114146504,9.050019066934446,14.74597886425428,8.271860802335443,13.238684426917818,12.46371906010999,7.642411362265362
0bbf5e67,4298,88584.43747502538,60000.89295057673,4.539891882526664,3.736333650284548,-6.640887309886206,-8.07492162836886,-16.459733094226262,-15.471441470020832,-13.025414392801803,-11.778654593962354,-11.746799563029986,-12.73269292828403,-9.515902962552783,-15.962753762634188,-30.70283358963942,-22.5974598392651,-18.50505236344244,-22.231536560113764
0be01c24,4738,106861.47335706669,125762.65048160845,4.74911898601451,5.152029162542273,2.7439030963490443,4.974268372631978,-9.138501734428738,3.8520439283743206,4.020963311783299,4.034507112693698,8.011773341036426,3.242298061578667,0.4218267653499903,6.041725237131722,-5.8930675378666475,-1.8507464754502336,0.6090509832921103,-2.698386540206026
0c1b160c,5054,568903.0377277053,755050.8251747147,10.609661000934468,12.22279349745481,1.2706601292630952,-1.0317523764333651,1.647518461950746,-2.512992546178767,26.55006210034436,-2.5341015392390958,9.692381136949896,-3.340184625696311,3.247188517176995,-4.723097014160198,1.7369446352089244,-6.970514592061271,-0.13775933655102746,-4.868126332554722
0d99f8e4,5823,288864.02855898667,254025.35841752135,7.043253776542056,6.604883190026408,7.71421604247375,-0.3154558200166432,-12.139492587811176,-4.6990114151011255,-12.195893297453932,-3.62991137524009,-12.823840598630234,-1.1523910262920527,-1.8399354071713256,-0.31423734951200977,5.127040636635138,-0.96543281975432,-9.451381508571417,-9.189898955137934
0dc5e64d,4879,905014.6536569687,983999.2254307531,13.61953865195975,14.201426460506328,-6.949596910389751,-1.0526358845713955,8.072888171767262,0.7587901125995045,-14.218813458471399,-1.9450505455502445,-17.890732551237328,-1.224901006768286,-16.862206952921987,7.886954279230778,17.277072655643877,5.554939411240991,37.218542762804084,7.489247784616469
0dc835f3,4428,1178255.9263830138,1086147.5093584966,16.312330437312553,15.661761249546027,-5.368050446662444,-1.7266097039096209,-14.322170921991582,-5.81325823339735,-13.246671159133188,4.526885163797693,-18.387487168651596,10.060968300446143,0.2563852741894994,11.561507374804535,-2.7591389787754537,13.689391470968186,-19.142141157440108,-1.1958751244951615
0dd99dc5,7342,603181.0908236895,646847.2845134123,9.06393263466431,9.386283980166757,-11.173514442991507,0.4366275302902949,-4.458543254553502,3.170389098927754,-5.202222533669362,4.035921087964226,7.498721885277755,7.46329257863821,9.484574905038576,5.0926594939515075,-17.426227956022252,4.826639926087821,-3.3263198304738513,0.2615610511680363
0e5e560d,3253,192863.2054810997,178284.43262956195,7.699856983455106,7.403118140454422,17.24856001117628,6.700862100239107,7.415255191135465,1.661864079924588,7.266159062213354,0.7611183994712574,6.509269274859225,3.2079105756293678,14.958436005252825,0.9100927574505875,2.128284672163725,6.676436934504754,-9.553570328956166,1.5165363374496876
109d9d70,4215,114658.08326817203,78929.40991864557,5.215591264127372,4.327336207427204,-6.118871170643688,-1.8023168030770376,1.6744090760613035,4.129616499338686,9.263905847732868,6.346600322882997,2.197266283356848,3.6439939801340886,7.827225273248137,10.174928308082196,16.21070836083652,9.731948982775615,19.560592164373762,13.151052662713152
10a1281a,5609,274683.3477973336,181497.46083869063,6.997992068652842,5.688431815818049,20.871680774898184,10.797273630606991,8.261815811491454,7.868861388667301,12.362451702882648,5.658919523610905,12.169177370912411,5.749732146307731,11.778471334454045,13.864409016326604,14.402080077166701,8.412283250959387,15.361024513876023,19.107168557396854
10b89021,5414,222413.25916926004,312938.93328682974,6.409456602813002,7.602749357933759,-1.6370952268563599,-0.4686143217978126,-13.069854186296912,-6.0804073104943015,-11.293262618216078,-7.144040415357142,-12.056889034537594,-2.7377371789784797,-8.901078648846969,-5.014889713392603,-12.303352421547137,1.028698917969555,1.3835275003246537,13.295323246956457
10be2420,3271,128354.85032655012,135203.68600391923,6.2642036788825655,6.42915644423948,2.1142236013991713,3.6714225947971526,-7.0111863663366005,3.3400268705695475,-5.98471571287983,4.915274826648334,-4.522915104897021,0.9408645799265145,-5.519409713966279,-7.990836350055825,-12.003828223119417,-6.795669404379646,-8.145115032090258,-0.1667300953693066
113011eb,3272,131202.27693044426,138790.63233191482,6.332337277371607,6.512885299010484,3.980030660096965,5.129129705648631,12.603292091878021,2.2725050339391886,-1.6813582387165358,1.1295997162330287,-5.909147203309463,4.6685324401183035,-4.755116709283108,4.336415544052828,-4.297620016440858,2.3739143246508343,-0.621843800562305,-0.7351543912532132
1131525f,4159,467236.7219447228,313237.09550248465,10.599222865539893,8.67844936668244,-4.1345456181270785,3.6634974427537594,13.411050498580016,10.222339707652164,13.767518610229686,12.046558103368788,16.108149303292443,10.171427981484157,4.892102560848425,5.687611654916603,19.491226556776873,3.4110025635881884,21.693362504586904,0.3811473373865879
11d0f5ac,4883,1231832.179844892,1063122.4257720597,15.882995412760524,14.755307939321439,-0.7820839583174006,4.569471600183516,13.972923656556699,8.509989270145232,29.703149211778552,6.493753929697471,26.03250712031141,6.364054444066797,24.812413055131003,9.293084367612368,27.24743095204608,11.540853030006138,23.101813516257614,9.813215826288207
12203f2a,3261,168532.01922346986,188491.53123569608,7.1889557877657975,7.602746708173727,4.794006497822972,1.3542453026890933,-6.549470096433974,-1.6722203966535978,-8.646608411667426,-2.813725837296719,-12.808008766902411,-0.4824955950457669,-10.716307378421103,0.6072449777345006,-9.234307005461472,-1.1491748042732315,5.314089334027016,5.567546064931301
122bd617,4570,421982.3391475718,402634.3189328446,9.609239936375287,9.386361899098143,11.713703151703132,3.8765746599825794,23.072264658163956,5.512932123907845,-10.666870965900344,4.519995702821696,-7.917935768447306,0.0693048333975402,2.634503273477621,2.033134301292715,2.6162592159554228,2.9628429720028677,20.32761176653346,7.179030483372648
125be846,6510,2817648.507028431,3218354.8722266224,20.80429068880444,22.234454077280343,-9.35448629573577,1.0850469832521001,-16.522768731628855,-0.2713289307176542,-27.569889561012513,2.534001203960246,-19.041487772363944,0.4774474802142497,-25.825476209148565,6.803347563096817,-21.99675686476141,3.7857142242894475,-16.08791656128122,-1.3626493511166164
1285a37b,5597,407761.754610716,320920.3800635888,8.535433660148067,7.572181156872907,-13.153482299258915,-1.1960578811000833,-5.145426007041697,-1.584213872726473,-7.9467508163733545,0.10819171657928321,-8.082391512067282,1.3801210447291248,-10.8641320546944,0.09105791123459808,-12.26037043858149,-8.034346556846726,-9.817993306540435,-11.808684192904874
1295a25b,5551,343270.23493782704,315430.1157223583,7.863800007392419,7.538170635079431,-5.067003264809111,-5.554827874852371,8.29828566965964,5.068297584693215,4.6795690380956145,-1.3983000084394654,7.949491756157132,-3.7149146788714646,-17.547906121115645,-6.3251629576105515,-0.7966013651082342,-4.480393370054479,-20.07284201145106,1.272124421227294
12f0cd90,5947,688052.2717471817,695791.554858828,10.756271290641795,10.816595956425086,-8.448146803554142,-1.7757314976359413,-0.8373997012031897,8.002514089700053,-2.470653277673343,9.830246047480713,4.930533366623434,3.7151360560641082,2.5524752570847635,-0.012468618828400845,-8.208692168030458,-1.2205272558094098,-27.511135954011692,4.6084655986751155
137d1e44,4554,3122567.543409478,2848258.9840410757,26.185411760494425,25.008821386311425,-0.4942839278597063,4.919974074807929,-10.77005167830482,0.9369915431471773,17.629890742203163,2.9604722897837052,42.06851704412166,2.75076093000078,44.43917839736294,4.397691981000742,33.229598287396215,8.445778623050625,36.53669860841352,5.631260013651096
13ce113d,2966,25732.85329828909,35635.40989945471,2.945495738309522,3.4662134728447773,-5.239364057526478,-4.425781278850875,-5.511182643391534,-2.0732956651547276,-3.3871716948065553,-1.5664921970952566,-5.578318584403832,-0.9529398015539405,3.313762397655508,-4.465349499412304,1.336542627636602,0.4237460794025071,9.381685228758203,4.039581014748357
13f598d9,7306,548803.0873512541,239998.344218067,8.6669928642815,5.731447106259118,8.564871494016462,8.629492407203012,5.468296743471202,8.161614410336583,6.600004167064354,12.369984700028022,18.29782645780654,7.8119688652874855,0.9810338806849286,-3.9037434664843844,-1.0172188277040153,5.54444334127806,12.1368268959003,0.27853076100392304
14a53cb3,6919,234899.15953644976,296723.0357263349,5.826651808860573,6.548682974141723,3.4449846267786493,-4.320592175210754,15.282620770189002,3.8104852398071936,-0.016181457823612355,4.41232987182447,3.734937277482236,6.8623720250797335,0.65827633468286,7.892844834435779,1.6772232095015536,10.143300460918637,11.533078585429703,4.225479851088177
14ab73fb,3649,240359.71343481482,354280.60237039207,8.11603492261571,9.853414569121517,-5.576208098815178,-0.1208546199399811,6.521484911712662,-13.379503179922832,-12.174387419086047,-11.703009366701982,-5.5959743170598575,-2.4878822504779143,-3.7902140492655088,7.72088601243704,12.890007630228677,10.40072623251287,-16.168089933726073,12.224849902904662
14ad5efb,5842,290563.7050309186,297246.3755851142,7.0524482169389255,7.13308677984149,-16.078139351938482,-8.855875812110805,-8.057128718091006,1.740688069386962,-2.1246105553783763,2.025073617973869,2.755624762160881,-3.9989739371185378,1.1544211185569677,-5.788984803866365,1.9076090633342693,-10.067195062286263,-6.067964998097742,-3.419758704401102
14fee784,4910,1524191.5894345185,1436109.0952735874,17.618909887623907,17.102238960112672,1.1862509716598417,-6.351655647692345,-18.001688680968588,-5.08924528433119,-36.984768078412955,-7.120735399242766,-28.49058786776486,-8.443671957559452,-28.888165474954352,-4.550243958465448,14.3397260802331,-2.003611773170234,10.829239666269933,-0.8982196389248254
153552f5,4695,118953.07544363651,142654.1704495023,5.033499608160697,5.512193289075051,5.339107739911884,-2.9135366536698584,1.9956138515088213,-2.4124792985439867,-2.899371035641156,-2.8865126884837053,0.9607409803816681,-2.4393687963741852,-1.7350542962930975,0.47444623045676015,-8.330780834651705,1.9251030741215787,-6.381907191061929,0.9611659027679517
1550491d,4563,1334150.119944027,1336680.032118562,17.09925210401821,17.1154568462163,-9.014581843935382,0.2288797968759157,-20.195992194508477,-2.5238131669120643,-24.369120565520408,-6.136636348622296,-11.99206866249973,-0.21464024571506313,-24.075985434899543,1.594790750450924,-18.807152991705884,1.5583925699201127,-10.07442902256421,7.445108674937332
155887bb,5585,1532631.5739980354,3504220.082246658,16.565604765148187,25.048636958385412,6.737664130510622,-0.6526729944243195,14.083688356195097,-3.878242917873945,19.05532008534734,-7.930169083823668,23.950230417305626,-16.67787055482232,15.528918088526908,-17.93390946058195,8.579973512042727,-14.273324108396853,26.189653393440445,13.160598631500761
1590af81,3799,92994.69084809592,124764.47447043075,4.947598289679016,5.730741567457495,5.468325630495358,0.8983846372796874,5.367020683852914,4.237907709367736,-2.4123158972779124,-5.6211487729717575,-10.90615379397651,-6.37332702621098,-2.297032989780445,-8.725512112267245,1.4084240800368408,-8.579381541576279,0.7340189223156509,-9.502918938791204
15e154a1,6068,950364.5203415462,712211.3068274513,12.514754116251547,10.833820756615,15.0465226794981,5.6252205942495905,18.195477881349106,9.977675112595152,20.56441337065082,8.835088099491113,-3.5938811655504157,1.9302106297855357,8.118902900110696,2.5502088409237276,19.21537943364593,-0.6471619313721829,9.199515813917904,-7.484437493547061
1619e2ca,4443,165083.97754624824,146155.84451317298,6.095569755023998,5.735482206075457,-2.5374944426457695,-1.7948740142876793,12.112056351095315,5.006132007109063,-0.7558402160038717,9.86461054237032,22.917924730247584,10.366317719030446,-9.671925791273559,-0.32191413760468873,4.704312709319884,7.809095905419551,9.336242727542277,1.1602972413239547
16e4a047,4131,586254.4784666799,923445.6922720321,11.912844946510594,14.951269932372426,3.6987320916571385,4.829580494795521,-4.765270002809175,10.04996030667635,-3.533812048538786,15.958838772352602,-0.3753595189139576,8.864818953259268,-6.346231716481903,7.5641120572931895,-7.619293968947032,10.997856961774083,-8.397337261177743,19.498144141093587
173ed841,4883,341831.2533886663,275130.21940446313,8.366860374528898,7.506297709592282,-12.979727746873584,-5.848096404658437,3.475597829831746,2.9169864198758018,9.423784568701754,10.142316030076532,18.707358083287343,3.930896436704483,11.836797427046118,3.0579773313827396,-0.3017999699547218,2.0139357179819837,0.6624048045449533,-4.717923606300081
1770d7c6,7240,395653.2076054172,421986.8116089589,7.392444324759631,7.634492204246921,-0.1588548255429485,6.83956781076039,10.588039606215986,12.196876909467132,11.848344479840495,10.3028257340923,12.033744471764688,10.609349491823991,4.684444033227702,6.169690789027014,-8.434208669508878,5.290642979838056,-18.172828625140355,0.7783381586397737
177622d7,3154,94125.78775391454,86010.27982296034,5.462902726547422,5.222089800478479,7.2192413688306205,5.0994104582794835,4.218802491603887,2.9501272607562816,6.751033774806355,5.293655932855902,4.298429825324703,2.2574046139797126,-10.152584413499678,-0.3713925126594706,-8.327229320629652,2.1721705292797098,1.5712340290831275,2.2192580910320707
18d24f7b,4558,160179.62633865688,184816.952176225,5.928113057886612,6.367716820216073,0.5734083749746253,1.4455265741634926,10.746692944974786,-1.162632739724771,2.5748266859579982,3.173335560073757,0.6969381164649027,6.320014635404154,-2.4319259174207435,5.563801021435836,-4.629984032802605,3.236807890135245,-3.210600279605227,4.398076037914921
19137a89,6267,267654.9790782577,444451.42979366286,6.535183943941327,8.421361421664407,-1.7280018706420186,5.103039749665764,12.14245314603705,11.819939971116302,-2.0315005639790202,16.768198650409147,-0.7026848068194509,11.835595752480224,8.777292409361444,8.748440428647202,9.076649367820277,10.466661488323501,30.182197802912064,23.733628033074858
1944513c,4722,332089.55498677643,359361.16332463117,8.386188436869398,8.723737295592155,-0.6078499436516722,-1.3342590838995365,14.950050298075407,-0.4912179572680536,3.9385222498956267,-5.509645765327377,7.211850594278728,-4.5280766929470175,5.029282648803561,-5.749425677336159,-1.0987586871170318,-2.1253916763821783,7.7291333771185755,6.3475805401734915
197f8a5a,6310,2372046.012591297,2431091.6876051845,19.38861892947204,19.628449256696047,-13.031700495241697,1.0596971928010404,41.253569688103184,-1.7646978749018678,14.717937912776787,3.43600533389006,19.427489097458793,3.802680053356865,25.437298073056297,6.154062237852382,23.200811844938894,0.9888673984472829,13.307860375652105,2.698080161559213
19871e7f,5293,1154755.410096174,1581324.731305353,14.770461188762225,17.28460999119654,2.095303874106385,9.365414157297433,0.23114078840960106,13.195939628557472,6.6532352311200285,16.146748677950484,-12.398434092757201,15.623986734795348,-10.638983392774435,13.434870375563042,-12.977608407057254,7.9479825172734575,-12.989887214724364,-1.590577325379734
198a5607,6251,1308033.6371438238,1239969.5371771401,14.465541871590903,14.084153783820078,-3.6891293631990107,0.2166900202318951,0.41792803886726126,5.2537627415376225,-11.820957477127394,3.572862452621858,-14.056983100877384,2.3415341433759904,-14.699118454936356,6.104986327693266,-12.4838870029612,9.0746839821949,8.33658620274647,9.555038979045019
19fb4f7b,5620,462175.18558631703,377709.0868008873,9.068493673508412,8.198049924368323,-24.364169188764492,-3.5263730272494507,-2.1478071863743593,-1.7284579288391324,11.477198091327285,1.5360400863230632,10.752450444666149,3.7189632041202545,2.40091677089012,3.115862959303669,-6.148755315649574,-1.8629464639453441,-8.339433779119425,-3.846757603916118
1a518997,4606,746932.0564381931,625400.8016191582,12.73440279024781,11.65245005088059,12.603514472046854,5.663748057970073,9.166205914512613,5.141848836344563,12.514260619283707,2.542668627807059,7.341676268098741,-0.3921818664138044,13.131886522192382,-8.778559631031936,13.110764669235428,-2.579929947416327,13.149027055152533,2.8980926121477966
1a68190b,4474,967052.3583968976,1238900.781101324,14.702019834510041,16.640649511372196,0.821026060763967,-4.287225486022211,17.883475081607905,-1.4661699264224195,27.69065170276622,1.1502283986816313,21.69656219327403,-1.6289186899790429,9.71237178181105,-1.4669202019633356,5.0208924015711975,-2.9594506255231527,5.380888900573914,-12.292983109487453
1a730ac2,4605,894136.2254446739,1176402.180899878,13.93436004595352,15.983176421918625,-0.6869339357368274,-3.063042435188264,16.029359106173775,-5.822591958515916,11.856548441895209,-6.495571393191328,10.40818862943267,-13.988354283474468,-9.634813237794047,-10.120250544973697,6.002144394943579,-14.033633274364337,1.959303483532727,-16.29076404413401
1aaf1da0,4804,223320.74439339104,256988.9639715075,6.8180947779876,7.314013159931035,-9.521392866977665,-3.362117556004909,-0.11970829501127866,-1.590302414763631,-1.2080971449801314,-1.1431767214681996,11.106788867895505,-1.8168478630547997,3.157970339243902,-2.27590724478715,3.952523829285008,-2.9696530768300478,6.4334869335852485,-9.453270247515043
1b08ed48,5618,837988.6283305953,682380.2729567381,12.213164176302929,11.021034558220405,-6.334392580230184,-1.1215144488353914,-3.2198953434462005,-1.548184352240638,-14.907495961092119,-2.2651298879452555,-17.40403282567141,-4.38363223148106,-14.531196600442591,-0.8467337972886486,-17.04826577389389,-1.0513867999599136,-11.84623952778214,-0.7940811496064025
1b1c5372,4261,1110805.6304256688,1116257.8998018268,16.14593757773699,16.185514367324174,17.171280333623983,6.769507855901338,-3.57614448804019,6.150138888820685,4.48375919890176,8.664971945920396,0.7053327396549314,5.685756548203706,-29.60663424023212,2.8161939680817007,-22.002713100239816,2.368323551832069,-16.351285361335105,1.5785815342398755
1b1eba53,4655,5201969.655816646,2154415.425597338,33.42905229336247,21.51319344198968,32.90361590582801,23.04982703300195,36.946924797549556,30.18793182228439,70.38408298538454,36.65996868689752,65.8941992440346,52.21289296730098,80.17751933567675,56.03108716892696,96.35477471630028,59.12978915746196,70.7244320039283,57.33573974821284
1b6ba517,6597,317281.63223450497,659038.9401467512,6.935044042399257,9.994988437608749,-2.0844436781713496,-6.826116980887621,-2.3341092505601964,4.105185421012526,-1.2517705989119299,4.309228118559812,-6.190688580979317,8.248955753833513,-6.888468538317685,10.383933145912309,-7.095325795135423,5.713651036507889,7.36991047142016,-1.8380572599518796
1b82b665,3806,63029.298023645955,91211.27939789934,4.069460554203605,4.895419143024479,-2.5926336364781695,-0.40991045691805433,-5.531860124798398,5.262653537230862,2.015082285080671,5.8333043597808025,9.84847010926741,9.658461883829396,11.058802674255025,9.99486462563056,6.925585114038364,9.254294603679522,-2.1127364764982017,7.972198302307054
1bcb2fcf,4524,129149.99463018618,128230.11209023492,5.343008906143493,5.323946870166538,-4.691797179724868,-5.872722517109193,-4.893449722773218,-5.810433121885778,1.0466743928191666,-4.216036427122674,3.1687259084119197,-6.01237586087637,-3.0758682423252646,1.5162491578297097,-0.3411620743550232,-2.4024441021040617,14.70002881203795,-0.727511301780672
1beca81d,5036,191611.6284886397,193392.50415798154,6.168336678602078,6.196935241360833,-1.857055359902493,-1.8499972723808795,2.218555161696983,-5.344750438026644,5.152124694224983,-8.152073904930571,-16.267669145427963,-11.083082427452538,-11.0079432194975,-10.480252774600672,-15.496262212434653,-11.502326171233467,2.1967868861936086,-9.031512187255132
1d3fbf02,2694,22968.396810954047,25592.274783258385,2.919890368918178,3.082163331653797,-4.367798495736855,-10.272718265212424,-10.582960975983923,-9.812618330905146,-6.182076972723427,-5.580983957803092,-8.245344075900825,-6.001997075112163,-2.3384529424530616,3.0720460340644413,3.1269066537933634,4.282646300060238,2.8275887274970155,5.160620478032778
1d78281a,4949,238499.33681128017,208215.67465623294,6.942004022231022,6.486314215849806,-3.7733451862569627,-4.0447568891390135,7.100655662538916,3.7844384780065425,24.303501590372008,8.839094187039569,15.318993585518562,8.453430857852469,3.9065982401071473,1.2252547070203297,-0.006750835376682751,5.8222404757568,7.999399644897665,0.4660287738964623
1e30dedf,4071,1296506.2123065882,1110344.7426030908,17.845829929218368,16.514992054652637,-9.396452320167342,-2.522992241755881,-5.049947004474062,0.30828633976960695,-6.413794150450441,1.1535061299929483,-16.73267359547757,5.436042217854429,-20.316261022563015,7.345267883910779,-22.309013649202384,3.6434944807394665,4.336262656635501,1.546471624520149
1e5e3573,5480,255319.38014496953,276447.55401753285,6.825769389869582,7.102579386730237,4.166043386805694,-3.82571769857376,7.411524115691664,1.670672060166991,12.25422928038967,-0.1413515910685391,0.40128176545542305,-3.067252767395839,-6.634574739704911,-5.295927203593133,-12.449613178773419,-2.187780398589739,0.7059000116997094,-7.443534403549373
1f9afacb,5328,28724.522460932614,48381.52367936171,2.321904218658791,3.0134060971243994,0.597137875554104,-0.2193968261622512,-0.9615237153706664,-5.236959754282369,-2.422257289017873,-0.6641773182317744,-2.0153164152368674,3.303318504983803,0.9465206399998467,3.9469723234414724,2.635314281454414,-2.2789051847313955,-4.206217141297731,-5.233115669859762
1fdbba44,4911,158531.35429573554,112637.33179528869,5.681625678571413,4.789125412272621,-9.522405216411205,-3.626144354531823,-1.5850350786839855,-0.3231514541911998,0.5577283936583836,-0.029387662214990406,1.6776212483333524,3.3993036693345977,8.978483917551443,1.0711112373154077,-0.5033690717905879,4.7878975408831135,5.1691365049192015,8.589005255204658
1fee2b62,4641,625147.9347089881,591833.625972737,11.606081506130863,11.292602315172518,-1.3563695119314103,-5.240556405319497,-7.7561472946545695,-10.269509934342953,6.174590737369142,-6.341005305740318,18.536892784516212,-1.1593565459757644,13.008553514020743,-0.3348014780866382,11.78119844917107,2.7395138344544625,8.079933631613144,-1.0975872794187738
20096916,5133,312311.16097404767,422578.3363011203,7.8002427813930755,9.073356653125991,-1.55285325764912,0.5754161729105378,-4.367401506380878,7.588120029287907,-9.23672589258175,9.608262338356246,-4.380677958437934,1.50485931493924,8.2099941179268,1.9977761672883745,-0.8124009326053306,3.8760907265344864,-5.494991251954088,3.9916429076806694
200d233d,3926,40013.73687820234,71704.18785667949,3.1924889913368557,4.2736319054095135,0.012080261341224752,6.160343822934129,7.384284463327093,11.442101254532625,16.382199851762486,13.017689499475523,7.7990334656937765,15.2795604779385,10.094587014815788,15.097173164934208,8.901402291965669,9.565025372640317,1.9897335353438113,1.1988730408840649
201661b5,5955,875525.7509773012,1037242.1560062808,12.125330336302191,13.197728705733404,-17.869297436884292,-6.775537806788937,4.8636771617670185,-8.777659306106049,4.930519905216444,-7.70156122467816,9.65893266994713,-1.940721273279826,10.833896319117887,-3.610898915394311,16.783404878502424,-0.05630070716168376,13.995161999155453,-0.9957380318392202
203721ab,5730,451954.10863548255,418512.1977799354,8.881163357865312,8.546272753198643,19.106572407110203,4.693045614774596,-8.49337777166644,1.5695157187911573,-6.744532128834022,4.040318120706222,0.5517489218545097,3.7921047553887908,1.590958475800548,5.074231054378925,11.84439462983724,0.9378805848416704,12.158773801846003,-1.2806520584463377
20402d71,6372,336080.9232449611,346862.043008639,7.262464913321477,7.3780315038235145,-23.03317953232421,-1.8873817239419672,-6.396121477497061,-10.34296244612376,-7.30541264769418,-9.97480860037489,-9.512600068955841,-10.755465277620385,-18.812012890730355,-10.910692223296424,-9.725409673728969,-11.19375771566878,-15.968071790684172,-5.650247063996084
2043abc5,6958,1375173.6460989763,1270944.3915663124,14.05842143677244,13.515155979729263,30.045363078710466,9.738533661821885,16.958215889563327,11.327207624465942,21.052521449672923,15.117423153554318,-4.7711934240753795,14.773140918390448,20.114386075816302,10.344330001926716,14.165466070112771,4.240469850441877,33.93542581102054,3.36893139581842
204cc64b,4805,137105.73637517844,146675.84762506784,5.341719965560135,5.525004134079522,4.791205705433122,-1.6579666715451367,-0.6837817040269867,4.479139279518959,0.9811072529078226,-4.169203017022119,-4.786923814370292,-5.083254722419909,-12.840827084494794,-4.873182538619426,-6.491025511221032,-2.916183874171289,-18.85975992184236,-5.172020211482066
206b6193,6535,5383195.644220729,3863669.9833934344,28.701017004288335,24.31516472097875,-12.759273944108294,-6.5987824947948965,-20.246222181119723,-7.845317888427674,-30.155924756218333,-12.165626386874417,-31.366098719567326,-15.363867200115504,-44.409670650283,-14.612226759397895,-57.47303018269835,-16.63397803219608,-68.21714650199652,-26.861441117599828
2075c696,3188,161177.75874421882,269182.1058149219,7.110389634922966,9.18890870720092,1.0896102961865903,13.950882030041125,4.67598587989899,26.258299248281997,24.206495953529178,28.13887742962163,30.666031947443468,24.446047613657942,31.835484867457787,32.70572959781633,30.36911610395032,30.180377179426507,27.7968271060439,33.78018947426904
22c5f93f,5172,231359.2120272649,205698.52682478723,6.688275285954414,6.306469977561014,9.139917410831265,0.6880026735623792,-19.02303614335987,-2.840517308988583,7.529048041662524,-1.636347586481974,6.463940339901772,0.2976661047020281,2.2787234798658,0.4830202032271137,-2.001427625063833,-2.035535158024166,-5.28675214016114,2.4096173584555007
230eaaa3,4690,2261899.255333861,1716872.951711924,21.960903695339173,19.132981781108537,-12.98749337986312,0.8807866524764126,-15.09531756572153,-4.1819632432539935,8.014302243736303,0.6459539546872046,22.62695478708144,6.955697765303545,40.52256218483153,11.670007413238448,36.09207606061845,12.399391743615675,46.85273078261839,14.149280461739167
2364716c,4316,812915.6760692443,796348.9579165237,13.724041771172816,13.583478198242275,0.27979417542776197,1.5113039611311352,19.552536738459033,2.0286788444236543,26.07583138199671,3.9560051663400713,17.369182113699384,7.208839494314499,19.0683486661363,7.239213282218756,22.83804429451447,7.211073968155683,22.4896514529755,10.792867985676331
23b9beb0,7340,613101.5032549876,798257.2277839794,9.139410000506338,10.428537323434394,-6.144249497614299,4.784161169237647,-3.6730576882016113,8.4466744561857,-5.066842566565688,5.1094946337022344,2.2511562918860073,6.953878594030319,6.399265294294283,10.690052287510216,-5.988856890660946,9.501067046771004,-10.867503753140415,5.0183702223684135
24d8997e,3442,289709.7196359431,299879.395970966,9.17436680571819,9.334001808707365,-1.8728782734242961,-3.494307299575783,1.6870834074839918,-0.41814571959403357,-14.238463977027857,1.7891074089855425,-13.709905634484072,5.007297945641367,-0.41194514573018637,-0.8701286785517084,-2.1807020704012565,6.16188437953379,-4.358761416689353,3.316840332239059
25050f63,6124,1015485.1370616502,3342007.8039327986,12.877133396466528,23.36071541732841,16.776682358109234,7.821664248045721,8.909957683196112,60.06044470390775,16.18703999790664,58.79131556435741,26.256658371715123,21.07664738605306,22.394018803243803,14.568454931983046,16.428955131467987,23.336499852987743,14.435883641181505,34.35808297443822
25939962,4319,325218.39127848117,311002.34387085144,8.677526459192393,8.485749926247028,-1.6511705507465604,-6.115552291577997,-17.25135255322094,-4.149127299551911,17.490816438104673,1.2820057173798214,16.939648394370266,3.018574863924182,9.742709597503335,7.738055307802783,15.22527376233429,8.770678180694246,0.5070147771369946,-5.115808287250893
25fd32b3,2885,42811.52981508744,75862.57923234024,3.852187918010087,5.1279158922208925,-0.226665366827288,-3.832078339844112,2.036315131427118,-3.661678011819516,2.603076065475387,-1.7626316073952837,4.104074930862251,2.155998835618943,5.828896017742162,-4.614479228750442,6.418830402467924,1.4366897002224654,7.359772062381364,6.298458811603974
261785ee,3646,1214901.6278445914,1203252.867061393,18.25417563457204,18.166452198499304,-2.160357759566553,-1.9122162167266823,-19.187218416519137,-5.741453979301859,-24.46938199965227,-3.9959520113074847,-29.35195460711093,-1.7600464105042644,-27.796048207537694,-0.059372839878174724,-5.247877873689237,3.269883671277603,-18.644833463525952,1.3036673500093618
264feceb,5665,53578.546717824676,61608.919657582854,3.0753567870517777,3.297781212888706,-4.898092040749773,-1.5691376859492123,-4.063403709038253,-2.99854492002241,-5.418449556911114,-5.553697437772627,-11.15353901878915,-5.715657978230247,-6.298751459700265,-9.765870517872365,-5.338967657711526,-10.318962492504763,-4.876996353212429,-7.524222497760542
26623a50,5735,1053396.044831602,850850.3887766588,13.55280315578772,12.180353417570606,-13.602257368013701,-5.465950841092195,-30.353303452621898,-12.013106328952023,-25.963952329203398,-11.162716189156829,-19.429064800046103,-8.13809009329761,-12.297093833972582,-4.536225996437833,-17.871073935456344,-2.7731899514152243,-11.630378395742817,-4.520177986113831
26d3a96a,4721,170262.18001031998,163626.1472083893,6.005402143554425,5.887207619765666,7.13086418830423,0.751194745905889,14.597278544539101,3.5717712655569924,5.6802846368095805,3.4834091095374284,1.4562778370200595,1.1888272257016497,7.58180334071211,4.8945753250540776,3.8592891531779023,-3.428995867460747,-17.29931308297464,-3.83561668338154
272abef3,4135,200593.2915472588,203425.2480252661,6.964989169752264,7.01398237354935,3.391190603232675,-4.631982582824394,-3.78667246452179,-8.510509811202482,-14.51504465554371,-10.525545045693777,-17.245808562327362,-3.4140357783204083,-7.417721083960769,0.4971924298628602,-1.262248113155393,1.7105019048073182,-0.6914124708069238,-0.9459605546556388
27300fd5,5467,924308.6534490947,922698.5627256003,13.002712873138977,12.991382960577699,20.975388938520574,-7.9718421606797225,14.39474757489936,-6.092542516102045,5.43949887167326,3.850708477898744,16.29549424707045,9.412671937354716,17.75709415351499,15.692565297818627,8.434455551684014,6.729060767390216,7.8153445275614075,-0.6556963950692568
276b012a,4837,729552.6261414671,621400.4915818768,12.281184868999182,11.334379574708795,-2.7801824734118945,2.903206873377619,30.09270459919216,7.991056221316342,23.9730306235649,4.016839776579944,7.3982923289057165,14.613214258246026,2.6271250352677695,9.614446065309467,3.6744946778046037,8.741343497174167,4.52363450806817,2.5201953668341313
27c3155b,4958,189344.50816464183,276641.49231685564,6.179781150779468,7.469738496514057,-7.104369117603288,7.880148519659086,-10.671031633874485,-3.5083463640656847,-6.644837174400063,-5.198134939286931,-8.160940237507795,-3.0123369868072296,-7.700748424431541,-3.7946940280089763,-11.515131346196878,-6.270681594226987,-7.762180481829356,-4.359134437278715
27ebb9b9,5766,429176.4591935571,523194.9245165014,8.627413768359649,9.52564609316778,3.53077808233758,-1.916754254497976,8.930909814499,1.0613562877137794,-7.744797111045568,0.37075168531143676,13.433464972135631,-0.8798023227218013,15.315024689406012,-2.6171637949824893,-6.610667747391546,-10.208291427469117,-0.0006214870386578308,-11.05026920616773
283269ac,2626,20192.118984549215,34241.6549466086,2.7729598886392113,3.611020986028984,-1.105609408494404,-3.9927337201503805,1.3568610260508596,-6.239768174715175,0.20650345567283995,-2.1498557652014094,0.5859352425728344,-0.17189323102102888,-2.088167556966406,2.8938415222538953,-1.942228447845459,-0.10406111833710056,0.09757155257348638,3.876981843015133
28473855,4290,529791.710358858,924209.2335979021,11.112811128567829,14.677649259505378,0.4213237620699526,-5.8474376274310185,-4.561239527443373,-13.99690821922483,-1.2033366801836833,-19.0273516010822,-7.758044855291583,-17.242773203361395,4.736527129041699,-19.947751904861384,-5.560889289002803,-17.16997515912958,11.637092914880943,-13.42502978010587
28f4eda9,5266,319211.8489063457,417868.73582039995,7.785725260537781,8.907985721401058,6.478531188436198,4.361536694026732,-3.653002856870514,7.806236100746605,-6.971684509586663,5.785306669382263,-5.296725811394986,11.627372820283322,9.04193263141813,12.341470518470963,12.006290925608232,10.401489890330785,6.562225485375125,8.333900656345765
29b24409,5587,275793.5129500498,338385.2988819156,7.025911705058848,7.782451229652617,0.34834474237355106,3.9437365543931704,18.10855291402327,8.202389249924224,8.779639042026883,6.677591774307056,13.65077474017857,4.052927036834325,11.831118433246607,3.1957946424870007,9.872070011619623,2.3118131042113683,15.663896828995615,-0.1837861849904488
29de15c8,3431,143038.5596692863,270539.5748026023,6.45678321239352,8.879837995261703,1.6928238224147856,5.249487546163971,0.11994278613818261,12.248444970755411,-0.8687885987895729,9.398809745151727,-2.8332673320528334,6.30302230612046,-6.465103373356439,7.404650680611479,-7.089490587531174,-0.3752074269013479,0.3462936851846745,-4.437451513794767
2ab29395,1852,12823.767776634495,47408.7033750977,2.631402792605129,5.0595110366910285,-1.5675275049134147,-11.364733665821756,-1.8554635806337418,-8.643550300316926,-4.5675372414565825,-3.326789881528691,-4.588534210757213,-11.335357332864533,-1.0539843118981063,3.3245522269466745,-2.221168013284346,-6.122220948741549,1.5794210294635698,-5.744851824487711
2ac7cb6b,4990,1051475.7793643307,1140202.2478224651,14.516080361136337,15.116131927626189,-1.2558134235671798,-7.002509305637335,-13.032428255953315,-11.49788016294936,0.9186548308867191,-9.473668541633934,24.80782838297982,-13.8859766771435,-17.0238546602783,-13.251725897737211,-26.227688416959406,-13.75390721350551,-40.88376981593976,-20.41847947397799
2acc78d4,4266,335864.5385340593,307053.684860158,8.873023885226825,8.483923254493108,-3.1516770634555162,-3.1661660368458415,8.104850575523699,1.9855016081610881,-7.128868279686231,6.362660267193973,-0.2694036352635818,6.755563130196606,11.657107027008712,6.90391452536084,27.4764859009147,7.8653785061715835,2.1127216313691015,1.2292970641872465
2b034622,5203,95383.49315816676,128426.35537963227,4.281635559819255,4.968212532079484,-7.856673293399199,-5.217286454828201,-1.669487697769295,-7.954703419335681,-4.645622138354439,-5.631930180890391,-5.855391092565694,-8.622020337549033,4.44302162974161,-5.79273541631619,-0.7201750240380338,-4.120172490263192,2.0748341166696087,-5.021768492221057
2b06ad65,4256,517394.3679470401,586178.337835686,11.025798182057668,11.735837107414552,6.938620095516625,-0.4228250772109884,1.3353153014819004,-4.550099864087473,9.400727978993274,-5.705536294365991,7.2414764551686455,-8.367959531467358,7.585398219604155,-5.758222017876794,7.162572147152991,-7.510192892785793,2.755629253445983,-5.372232589858667
2b547943,3480,58798.02200077431,85160.30838166326,4.110472397858406,4.946852836221891,-8.46073381007528,-1.343204770997604,-0.5019294013410638,6.133307050678542,11.978728773547502,10.893587038346023,9.253817218991426,16.201279764209396,11.769648673795597,10.045945289081036,4.265362101021552,13.4783783323618,10.086919818603317,5.257096420908313
2be5c96a,4210,58610.91249192309,51765.94177221395,3.7311971196688285,3.506557879804833,2.970309814317309,-1.2437640202644185,0.02863846174316853,-5.354883592689469,-9.017100306591319,-3.978464562159003,-4.433339932398522,-3.120543117229269,-5.1757121548823575,-5.176928194419787,-9.160130672423698,-7.12534696863713,-6.409755861369429,-8.391467212872879
2bff06cf,7624,951933.9437354293,366543.15045628045,11.174084794922688,6.933796802446936,10.496762679441604,12.248432521387443,18.84134144031266,17.98194598649676,32.71499248756524,24.353989877374733,18.79321387243975,18.4818069154911,32.64431119122383,18.173880241641363,33.952492510450504,32.72760794968483,15.241879879548215,27.23460855461024
2c0c4a4e,4790,602264.733782937,1001880.8615445308,11.21310683448683,14.462397153616022,6.78686126735688,-2.334573290088616,2.168730133232311,-6.116152829399747,2.7587352012836694,-9.083890379472894,-1.73978303547652,-10.33953383902738,0.6574386888379458,-12.969319043983287,14.614552581809566,-10.926283953706577,6.592328335804732,-16.917718558431023
2cee0cba,5500,421119.3444442511,477635.20948466245,8.750265912263375,9.318946579997533,-3.1677488610818,1.8843207786386795,-1.1498943542914224,-1.6944934338548712,2.209825408157931,5.56050242250584,-12.661522358360672,5.238989195848179,-8.159648101220482,1.2452645911346867,6.591353293824582,-2.3402956529489107,14.714672244759399,-2.4325306375295366
2d0c268a,4550,266368.2678635986,251238.86182361055,7.651305539157232,7.430836579344576,0.4204410725293535,-2.4110058235917586,-19.896700547379204,-7.937565473977588,-10.341791427709245,-8.516699330693873,-5.175775103864783,-7.835008785794402,8.240743395349877,-8.75493889679508,-15.817127704001134,-8.852034672785702,-15.887987503276669,-14.600004828393898
2d179ded,7008,362898.69676060986,268816.9992334754,7.19607461290959,6.193431203563167,-9.02433624277787,-2.0083859572131493,-6.185285970137632,4.837140661384642,4.8593734730025115,4.991218194215987,8.725955673130168,0.5662482588121491,1.0587133519176786,-4.159251576166084,-16.98545391739218,-11.041670456330753,-10.099916292582945,-8.275215094929248
2d196986,6474,881956.1193139527,877691.1269380456,11.67178130074673,11.643525707789136,-1.000440737176869,-0.7603336948961321,1.0203451812825963,-3.353332325856825,-10.222214011046209,0.9257902267994511,-5.262311864762232,2.316594818933546,-11.52096333659451,-0.10684156357395133,-24.594998065509206,-0.9645749429151579,-17.91525902601443,-3.697865746075679
2d2d0c6b,5045,107122.09515362605,100418.35882793326,4.607962582128951,4.461449426666887,-6.499373158665318,-4.902186794188991,2.4015076239799344,-2.8719876634478476,-8.87189574635569,-0.9456975082147567,-4.483830731785304,0.3838126286455723,-2.8496443730068313,0.35520403836083636,-1.1474565992093695,5.486874113041312,4.466557599975953,5.104869594222362
2d35f86d,4896,809413.7351801995,813461.7230749329,12.85773824741712,12.889849795565231,-5.7995172233024075,-4.567452950624275,-13.228563312058013,-5.565888788714859,-11.44075004613134,-3.8068556888565923,16.135958113954143,-4.2410548355963495,14.167694246715103,-2.8092418153108816,12.900816945687884,-3.8697113667765564,11.334187160509428,-8.26492667466735
2d9f6cb9,7338,526670.2785757995,536013.9987432561,8.47189474814081,8.546714806270865,0.7841998575693919,-0.5720083844862472,-2.7376074126019834,1.1743690099342945,-3.092137645218229,0.5996228548461819,6.586327612042117,3.5903632645059154,7.827489217092529,0.6784337574303649,11.757795284591937,-5.0238096623582384,12.058118682475822,-1.0267757752731035
2ddad940,5331,289816.619722213,187003.58000233694,7.37322186179065,5.922712056322496,3.304165658933922,-1.9676184435727326,-6.400948220623754,-5.367968246102101,-7.990127418989992,-10.043860459204655,-19.777031733494727,-9.67269558848299,-16.358624667175345,-9.314190966316628,-6.661083639256505,-11.54441929985513,-19.947469897095118,-2.9945822280803274
2e29e833,5428,138255.27851926896,131708.58033751763,5.046856323937811,4.925917283017448,4.644351733818829,1.4601059063051467,5.271986526067189,2.4403649952126614,11.683522949228625,4.42339240624015,7.881390212768175,6.441764554008758,-3.5597606684201173,6.275277601580225,0.20637183635864798,-2.551859786800623,5.6381819578360135,-4.097814714774642
2e43c2ea,5698,374124.5116242107,424096.3601907482,8.103019032988039,8.627223518749352,-4.655571228273892,-9.020565914700812,7.878249089051562,-3.687486452612299,12.292646543321329,-2.394013270266066,11.17572861854153,1.9916399006098477,-0.05681077148157243,-0.06050310928298708,10.269390339136073,6.328347646214011,8.127555732230757,-2.6793293308178554
2e63d9de,4699,747446.2436010013,737838.7422441859,12.612095752417298,12.530777111790158,10.57052058442061,6.809428632012091,6.560031138452987,4.906756447710229,0.9140294386017707,2.621522914274986,-12.524811918188913,1.3416699133749739,-24.647900269661996,-0.9872469490194069,-21.212709797059347,-2.74431901801879,-15.844461529831587,-10.361374852259157
2ee0235b,5556,145123.0039482876,146349.46353599097,5.110777935559638,5.132328533208348,-10.215505127067987,-5.662681134964894,4.935416595321545,-3.899397800533503,-3.2093367383420617,-2.655845816761175,3.500055471703725,-1.323553904425704,-3.12320248610303,1.9882164064279002,-2.3574197663497425,3.703529281935707,4.836995211763435,4.263185475966276
2f19d536,3088,59579.78560063722,39976.55638128147,4.392490412161618,3.5980239062863006,10.676737929948565,5.688116076343279,1.3287768470192836,-2.2451390211996776,5.228766932021991,-0.12377262743730051,-0.6857029595291035,-0.2012134066659549,0.09382174257268794,1.1080960972147833,-0.8876444131675678,-0.9572247143145534,-1.3686770769142627,-2.4485765943308793
2f8e53c3,2594,72872.21939281186,63509.061530438164,5.300245822582582,4.9480361255535925,-2.605072801252136,-5.103244605210972,-4.973944159862544,-4.826031306468661,-4.328847969788374,-1.2039197745313635,-5.284828723393995,4.844154103907444,-0.13203765213552998,1.625687975554591,-10.330002976170956,-1.8337389090753564,-11.405204531699612,-7.578978922313172
2fa01aa6,2174,141073.76233948924,102979.12373046507,8.05551581357545,6.882477909585101,5.568530762140378,-5.399707189023164,-0.8161980163501203,-7.043983677002993,-14.738994669412323,-5.734179573828945,-17.422578061633715,-6.649508887755637,-19.611890497687178,-14.998450059094116,-20.351472363618047,-19.910899486648713,-28.609335654959,-20.714788987755703
2fd68f7b,4730,9472396.668838289,8300116.398385635,44.75065206474104,41.89011195466216,14.529700454990685,5.443280618272662,62.38359535409719,10.766477569958276,67.0724112526579,15.712700794469015,66.16566659101935,17.067023561031792,65.68563150149875,13.9833804886445,52.06296884805613,13.52599847896839,50.66741568093595,15.23009307280168
2fe023be,4221,327243.2471813033,302177.26023771946,8.804965743486536,8.461029583637595,4.722904350982178,2.022097395665281,18.12434953211866,4.627990525164985,14.238186509821029,4.724984319361145,16.300279961493832,10.36614396110261,8.944986782740601,10.91551550611339,10.572200131993396,18.596510437826282,-16.230177015497116,1.8425962945812955
30d75030,3404,255792.21569604502,181882.30213383888,8.668598456824128,7.309715018168539,-3.3301915014817176,-6.470156302540694,-7.548422059727864,-15.679180294076385,-16.39023828219862,-16.754287251983953,-21.94903356913821,-19.78994190394362,-27.211198498627034,-24.505303597040967,-38.04461857630118,-27.60813044944656,-51.209161636019104,-31.4030653462511
310c71a5,5245,719118.7067808727,942725.6740615803,11.709208705104274,13.406639179238178,4.694269449372582,1.2588327718997618,6.156073961749723,-1.5245685116803573,16.305494334248042,-3.7562412149683078,9.881768361047644,-7.901775820011662,4.328991919399901,-7.8423835834238655,6.357218987612811,-11.015621396378414,-10.513861855641164,-17.55927729236785
32fe84c9,6408,368779.1309164713,355637.6547413268,7.586158576859376,7.44976575410888,-17.070208654334902,-10.487373995033112,-17.101788013481304,-20.431767033665515,-27.088750967324025,-23.38536913599758,-26.856715012500917,-20.72135974409886,-39.637534331183105,-20.637562518794095,-11.03476568941442,-22.75743041700414,-29.31950221909468,-22.405497237990218
33c40295,4169,128406.89432630697,104325.81266353252,5.549811385148478,5.002417565298717,-12.728935125861568,-4.618719063001468,-3.997549223193401,6.787397387185004,9.287397807860339,4.399377585866946,4.784747386163936,5.428434754620161,4.819278937279915,4.974246755100647,7.119693196002284,3.374344065365856,5.248524421640707,5.758922199687573
3407f5bf,3638,907018.9354796035,811579.9704883081,15.789807286680963,14.936000269063598,0.3097713663099887,-6.820287693574204,-1.6634167572486382,-7.643735755281854,-3.699651565134202,-2.9253709274050452,-10.639739524926119,-1.1145780181258724,-13.039773493684791,-8.542256641753022,-25.555905882560673,-9.231946115313404,-69.30745175392646,-17.261860521972448
3417285d,5449,3138805.4951013746,2271770.9610967636,24.00069390590648,20.41850157727493,23.751072256266013,5.751688956613541,43.25233129527439,10.10533133547547,43.92303902896289,17.937023220613444,32.25958460685845,20.61116181041395,29.93014343422157,11.545751958970682,29.097487900995766,8.548908006430176,28.666172172349096,17.28352567380142
347242c8,3595,373265.4996591738,304820.4223017999,10.18965495271567,9.208154188598352,-1.679579660053819,-1.1258175470791083,-2.5705097409996536,0.9848391850337055,2.600338093923593,10.86231366903899,-1.4547630965141085,8.07815551011111,-1.4848600557027236,14.227206384842692,-6.100131823546867,6.433793707137821,-0.6580519638813245,6.075530904067885
353e5502,6062,365654.02037172846,428743.5344624576,7.766533331038971,8.409899887073571,-2.1390815823978966,-2.3197558366945437,-7.646916237216345,0.38411437018963557,12.108120666260985,0.12940399543635092,-5.18671736485543,-5.119418801541295,-6.7429428786920935,-6.9180224387082045,8.728175081079836,-7.948325679847718,2.308317902566574,-14.30324802948796
357c12f9,4079,103482.0727813824,98226.95450571647,5.0368116046090305,4.907253425974756,2.7724252741829876,-2.2658515900159513,2.7063876698634397,-1.9831673224954494,-5.120326182112193,1.56849211465279,10.328247602969116,3.729388810286765,6.048617076609666,3.0749956691658795,-2.460704965508978,4.48698024762545,0.5323685499282156,7.912306128043751
3584a6eb,4494,803253.108524888,736138.0646446695,13.369330928008026,12.798618783996776,-5.340059213877189,0.25356162943193117,-8.421755853406317,3.0067695152247094,-13.64535554311959,4.818222280956974,-16.15330271557102,-0.3983216447809621,-17.10467893176687,-2.029321298257941,-19.907197477151332,-6.927141496746058,-17.715864711378856,-11.071733246429606
35b30c7f,9579,1643924.5814943456,3204842.6397357155,13.100288443858082,18.291245066240176,-23.2524595129524,-8.807066660472817,-18.21910218618046,-25.247600092720695,-28.220521107631537,-35.695025708225,-28.72929138321083,-48.90046617903793,-15.938618962479758,-52.32310183977485,-31.007590732635492,-49.107835769379314,-21.38378252254844,-35.8924398438992
35b3ef6a,3904,517562.59347142716,571604.2519382619,11.514008234442256,12.10020758292021,-8.32860782947779,6.697539399603757,-7.03924323722036,-3.7056028543846167,-16.81331677782194,-7.618657597004628,-23.95352507473205,-9.159001002633385,-29.443216175011916,-8.044240069974506,-16.52256893532156,-11.241097974576482,-23.890990139515306,-10.127824237276226
367456ce,5569,289720.705638947,297520.5049287529,7.2127546296812515,7.309199944584027,9.411941772908076,4.306866787087861,-5.055887461566442,7.840276005323778,2.4179467733880946,4.427978601984419,13.64712311989355,1.8344185637071468,-5.139678226726485,4.005969750296289,1.419858716016683,-0.4584426109683646,16.07135801360468,2.5704571898370325
368131f9,4991,1526423.47956314,1268009.0258929564,17.48814453483606,15.93923183780932,-2.818735354037891,0.503985139764463,14.473406884753487,4.119298454994721,7.192636319148935,4.044186823659598,23.891164470663913,9.036925818685393,17.140674643890904,7.693400404325156,40.23914904044959,4.398473633904258,26.73441726579373,5.653330247347386
368fe682,4936,702232.0364138078,640139.4580794007,11.927591139529234,11.388059391026976,0.2257869254752256,3.3938636182486475,16.305702046668216,1.5732452184946915,22.595351729737075,3.7098088958450988,26.10068875521619,7.206557065328989,7.677089174652277,7.549617174060701,11.54478912634892,5.132617270759622,15.964699765906719,8.39695119406055
3690a146,4073,248053.19463699966,244447.4999105276,7.803963100747564,7.747036370701899,-8.479097584749582,3.5172879913096495,9.786302023580888,6.268511105703771,10.634670288823749,6.544496539683419,5.180252070002238,3.5456076243468617,9.373496463954107,0.045059165571590176,18.360343270641295,4.712929715064168,15.487509670286064,6.560731947368126
37344c2a,5197,817371.1673871472,1141378.4495174317,12.541032651990227,14.819668046217602,-7.621507192527953,0.8474887453860191,-7.012137527386809,7.616136844353052,-7.526951630352737,14.00920423250164,-7.196332652614702,19.124302668779176,16.740685584240786,19.59194501994147,29.120298178156943,19.134643848274443,3.8075751771431214,18.816093094932274
373ef48b,3509,53494.723975775814,78321.40675866594,3.904485293575147,4.724420611721846,0.045710373323607945,4.935750845682888,2.74890290734378,4.452090698165718,12.300310249994299,6.344623852235728,-3.208226027193753,9.448221015584878,8.492488067525217,7.5801006869041725,4.041290786410376,6.966447841807309,4.565215632958004,6.419516982392468
374be387,9965,705908.4573356361,582512.16350747,8.416577776549332,7.6456400446050194,-14.536245354249676,-7.2674599987185164,-4.6761313991349445,0.8842391134693077,1.7978472014553213,1.6886424560399866,-2.457143827357111,1.372876126869425,-7.5260077526404885,3.926326302313342,-12.506130176981745,-4.1687688020360865,-11.585144355976741,-1.6679710144535058
37d36812,4367,190873.23459328173,238801.5366913688,6.611209516717553,7.394809025573338,8.559503854864575,3.678446234011433,10.291614845163068,9.367579992269247,31.48914232841599,16.845204208638567,24.785053736519984,14.722390921693293,22.461128341258608,13.752910978059017,13.073709154050597,14.299758824008716,22.68934192633902,16.88627283782021
38991fd4,4798,758209.7661947928,855902.2699924338,12.57084771255849,13.356170894277891,-9.07848539328365,-1.931639620904123,-0.7780879332516673,-0.12832519298039635,-8.077046958005678,-1.4852531340420176,-10.48632545978092,-2.1092264272140313,-23.07851737231851,-1.619658835179988,-20.727243316751213,3.3867602457715136,-6.219955637598872,6.75797363615388
389ae58f,6463,2436166.796733131,1347215.126717843,19.414956951197563,14.43781249472937,28.485527971983153,15.697743322079765,41.75150378660079,24.28784943983731,36.953269429315164,29.60096445988223,40.54684355665488,30.514568092842076,51.57638069064065,37.676309833658095,62.38294676689773,36.47125180574359,45.48961573023861,35.698218112296146
3932faa6,5452,1258063.033098782,1329577.5475607663,15.190542252860718,15.616327659683908,-4.3766137950205675,-6.523687310727219,-33.01953164182543,0.20458574312452332,-17.231322964275947,-7.008962050266608,11.933652958914577,-1.899035289640095,8.578964413607942,-8.776505676399243,-19.24397211708096,-2.029483388664075,-8.45936686258361,12.665875868531268
398dce4b,3166,78717.32531408289,84812.42341875807,4.986314983785581,5.175761802832339,5.294006184344818,3.3083496781037196,5.290183015467637,0.4344478703904212,1.4983143526094098,-0.21846230737104494,-2.5581350100247056,-1.6132470880358962,3.829503420666584,-2.0739696351578685,6.222078581677922,-0.052047728760055964,19.034474060909755,6.312744340110044
39b51819,4231,142876.7581283143,237873.782175875,5.811112471469278,7.498109462754691,-0.7449324382937865,0.8427710151475182,7.706877698997808,1.2204520703085016,3.020018295632439,-2.508989894910056,3.3742032842900365,-3.3993247607290775,4.217996851454188,-8.391535826935879,3.9116270419718764,-3.529867875306917,3.843459853897074,-8.233849033858625
3a0af893,2927,881437.9485371254,888360.6969818808,17.353397339624777,17.421410208304415,-1.0622804790795624,-5.073901861958852,2.8062981711582085,-5.720887733823675,13.564006008031562,-7.0968118026644715,24.247583650645552,-1.086243722148605,21.978510787203433,4.375777909012626,23.07664683909445,4.549798931905819,19.030145023392976,-7.759484514834506
3a223519,4583,453926.88431989565,281081.791465885,9.952175454299464,7.831436444551548,-7.780918990537428,-4.921612732345713,-7.226300277061786,1.1322386398525048,-9.442206532792277,-0.9408844447445539,-8.86990919548125,-4.5455349503886335,-18.219743858119223,-7.565180841874868,-25.03691884999666,-12.110934109158881,-20.215700446840685,-17.265302956213834
3a7dd95d,3072,96581.16669654638,71089.28452881152,5.607065352514216,4.810513812566093,-11.36459023182208,-12.250364059801575,-20.79028264500791,-21.373990379408745,-19.71961068335449,-16.891534300559666,-8.944877242384047,-14.83064419768667,-0.0412460573962905,-2.6154118832978086,0.6940376373347341,-2.912803855192672,-16.037063741467446,0.6805624302513357
3a824aa7,4201,375900.29839065246,363583.73401918507,9.459321676376208,9.303061286606308,-10.676605101848736,-4.8513625135390654,-16.035347087986725,-0.9929261462392684,-9.886261139855796,0.6792011647476361,-10.426515286534855,2.1755328550079405,-2.8595661724088446,2.276884953050378,-4.511306902308648,1.573684185158784,-3.4089269649891403,2.957017160567476
3a86fe8d,5118,373062.31061878754,407728.84875018685,8.537693251735178,8.925562176693678,-2.000611614449347,2.657415327718502,-3.964175099892691,1.7686809398090335,0.34533384891646257,0.757727708329821,-12.04438528910751,0.9679175885594778,-13.443651452879852,1.4051030642761106,-9.091956069225116,2.403689973437729,0.36650986793325835,4.395810951230385
3aaa2b30,4711,247480.12694181048,315239.6392397871,7.24792370215899,8.180198809704379,-5.064733327415354,-5.74120875226743,15.340051920096382,3.8584506039870674,7.360931258276018,6.297186653043028,11.545103969646613,7.09027816256754,16.141761981388544,9.087798275003328,22.334388372367194,7.291918475540993,16.94404190762326,6.281847663254402
3ac16ad0,5649,619370.3197711875,805981.3644900211,10.471030092275628,11.944740326648402,-3.2744006932060192,3.582050623004632,-0.06924097830371245,3.9297915962475707,23.554593968219372,8.631519746289445,9.025003517338153,11.462217029822321,-6.944803851386343,13.720430100485936,-3.1691540009181693,17.517494398189772,3.6035174127654743,11.947259784218947
3b21ea64,7376,474398.57537619583,602516.9362022107,8.019757457480628,9.038038260720741,11.1577446922273,-4.699906789947482,-7.708601362056224,2.803788227921612,-0.9506988550510336,-1.840703929866787,4.7225011175545095,-4.457886426439326,7.889598509968946,-3.38777520394581,-1.4419136101306318,-5.460067921854834,11.784367949402949,6.805493405807857
3bbe1f5d,6918,3035074.331922548,2892572.270930762,20.945676277351463,20.448046800199702,20.693356764051174,-0.8975567227443143,15.273498104384885,-7.222731956535708,20.035192268841456,-5.59306864527219,8.038430395751064,-7.982055852244417,9.261164718871658,-7.22983211689935,19.22864276550689,-3.928847007322557,17.73615250834116,-6.71148304663632
3bfee975,3603,242070.66099749258,255072.04854577273,8.19669824128588,8.413937932106014,0.9268608257127462,0.16431289697040868,-12.824184960781729,1.2524457187906806,1.5921885230848147,1.6070927762748952,18.769364979486852,1.0256541121781002,4.354841082401139,-4.38633382030105,-6.358009349975017,-10.105749206417713,-4.791759509939228,-11.09387925871957
3c3dbcbc,5069,360608.637606607,638015.2400639071,8.434452891698776,11.219006011653004,-10.781089974151595,-4.717486980841751,-10.086608710005546,-6.569450865704672,-9.897882247970305,-4.679787576033531,-0.8463232313902982,-1.0553093677946275,17.48400316124737,17.958918015771832,7.188661018977568,25.03847156726632,7.061720883239451,40.73587863300878
3d96d897,5659,79524.51281482662,85512.4481392568,3.748699787901176,3.8872710416347536,3.113108008581273,3.401343300907283,-1.6255810071098373,-1.3057916051349738,-0.8038692780963999,-3.0718953572863463,-1.2630925995116908,2.843403800922637,-5.154738422372267,0.5991376831262161,1.977616872955336,-2.208153156592578,8.963722785243931,-1.1959528309200553
3df4b19e,4988,108761.02426024385,86940.52925154255,4.669532710862998,4.174917687906003,10.441494184180963,1.155024513678429,-5.828757213975151,-5.898360425853083,-9.010024050751529,-5.8108021167734325,-5.065146121377477,-6.907298715847841,-4.635001409816467,-11.127359774818819,-3.551633079752527,-6.4037367639818354,-4.057642131483112,-2.37192972135209
3e011332,2723,835447.1230095205,791579.2171189229,17.516029309745,17.04996025617146,-1.6030813383154536,-2.2408657283269706,-6.009266945338869,0.026977429123374995,-3.429880026527541,5.173866430918729,21.95967804078596,4.756960093450863,38.780605343408304,-0.27074284927924214,22.52462103189471,1.1571494854149194,-5.631424449397461,3.501512472902836
3e678ea7,6858,852896.186380404,1156092.163369783,11.151912311510381,12.983670585085994,18.37467885340532,-2.27636167585576,1.1878799261281259,-2.7841847841432927,18.147824714928767,-5.365363500417416,3.619902605464816,-1.4595300452439877,7.94067724765913,0.043681242192205524,15.470452958455116,0.7176362796781326,6.260000956667067,-2.664638576731013
3ef6372a,4727,172077.8309696201,212348.88370273705,6.033504770167961,6.702428504157262,4.068086340474168,2.8756058400797415,11.37948595802207,5.417997262113397,11.668329695623452,11.271590436102116,6.7740653174456735,8.342041743925686,-10.47018853457905,6.9920548678117145,1.3493803660463057,5.718608454281454,0.6002872435547205,2.6499036311720467
3ef98781,3892,110174.00049603164,157571.66016524757,5.3205085303559905,6.3628639832374025,-12.661515990110285,-4.614779920491208,-5.036500359952793,-9.347695869049073,-3.5102671082959844,-9.764781092698204,-13.36320155594618,-8.646351925780465,-15.873410394797569,-9.770463825380112,-5.664652462870988,-17.008049464394993,-3.193601150739254,-14.875016105305951
3f603129,5051,2347522.4496894483,2360778.495678013,21.558383477814136,21.619165989628602,1.3078339463847435,-0.6573991030025296,27.803765780327595,2.5091045774194702,26.819665920269955,-5.6441629701657945,-3.490909785080934,-10.362037179016824,27.751715023058686,-12.112515579430408,11.459465759122414,-7.849200264193979,-5.489887987255393,-5.276959554000618
404c4384,911,77976.36405155968,105338.2634339464,9.251716193572422,10.75310505453573,2.5028434363677485,-6.47996319279032,3.779137412531206,-8.388689977488424,5.433605330790309,-0.07712054255664143,4.927753969476985,19.848038964416695,7.072153066185699,7.591690059510144,10.456693238822648,2.155575514684319,14.327393568234834,-16.68943397887204
4121c517,3723,239351.15009957596,206812.28530868975,8.018095806015221,7.453180666245691,14.413979827236712,5.780980858871004,14.17574287818865,5.7156614420721805,1.9317805708437348,1.3388494746381063,14.185016758129738,0.34937245926399035,-5.182746304603998,-0.5825892989748638,-11.224411319871388,1.2283153376231388,12.85190812088538,4.097853867272003
41fb0192,2973,111997.35135249069,211739.70157949443,6.13771080256257,8.439246916828955,-3.830410343664396,-7.437445215489291,-1.3665462262471535,-6.7473273680429315,-6.0913936986085675,-8.434653783901178,-7.502852059643294,-6.202788415841281,-0.11313255260333044,-11.139428269037845,-4.823978653980923,-17.09412782516134,-3.2008835926920436,-23.706768473418602
42669188,4282,1246793.1375360724,910732.654773009,17.063726050863686,14.583847786087988,-7.462360339009146,-6.250582116221554,-19.40334959703029,-8.443314992135454,-17.288310394404103,-6.5902916902556825,-32.20500451905677,-11.459931033002546,-13.352804828352433,-6.353719700433722,-14.506085135944382,3.1383791167400124,-31.949051645722985,1.0190516771345615
42c538a1,3279,886915.007855508,576420.2871244252,16.446378977595337,13.25863821746594,-0.35831602683700936,3.3820985159586834,20.279699918850906,9.3891245607266,37.39315273586604,13.449310468517876,39.21719717549797,21.310155925012214,40.38893206397141,25.841001083973385,34.96068861806472,28.264743529453295,26.511003771452962,20.325609183681433
43b06c70,4846,98663.6581752382,149732.58647319442,4.512185047542743,5.55861325134258,-0.8120976819963701,-6.871809950264181,-1.1342603848789925,-1.9632650317998919,1.1278281115325426,-4.546782680569708,-4.568261686947921,-8.779119041682058,-7.1586734062965975,-15.067315942025667,-7.951678039539941,-7.74081297725763,-5.319520283560645,-11.998445766992214
43c7f85a,5978,198705.52262345125,194578.75571852608,5.765367736993483,5.70518531377004,-2.15184467890444,-4.313223312144941,-0.7146348477163871,-11.866447559793972,-13.005819762689834,-14.226067614820852,-20.847449890662634,-9.936986347879763,-14.512360322359559,-11.6665760918122,-4.93888959539701,-10.888213999944373,-7.2780458085900595,-7.929112747650121
43e16325,3720,1293476.882954568,892598.4730452574,18.64695255273408,15.490184830641459,2.31624294738475,-2.2974765706298803,12.388464137856479,4.706106087835218,24.547303866905484,11.71677696514632,35.162475673421675,23.402839961248354,52.9083613872418,31.38278801495801,61.221571345481344,40.13334461238617,73.84185361232127,45.20526468400663
44441e54,4357,71993.58579301243,56000.98293418443,4.064930480364129,3.5851228739274443,6.435641570299004,6.114442251996828,1.3701811155118007,3.2532887336727896,6.236876573601649,6.422209758818928,10.073612534260757,4.7025772179430545,3.9227036785732086,3.6831776318320713,7.850064558980033,5.29439389943897,-3.874119558542768,3.3803831911155484
445af6c2,6041,3790736.5979416976,3829095.11449126,25.049980160319386,25.17640169943367,-6.289144488865087,3.5955213634415557,-28.14084209363473,0.17064627571166074,-39.175603615858705,-3.739386135377971,-37.71268126633438,-10.743258682571511,-39.45179607448186,-14.431075374022432,-38.688941177816744,-13.225435288974328,-38.94515664962139,-12.796927494233499
4463446c,3256,553023.5132929909,585303.2242609209,13.032556018204033,13.407514031787095,5.717793057981861,0.5680040692644153,5.010595777754843,1.6740210214283286,2.1895974321984575,-2.227632045134308,14.437882976936828,1.0466981985435868,27.12113793425649,5.417821745592723,26.277313960744877,4.218875752357739,15.957701985819682,1.9910868113424112
44a94013,4903,1901617.5330150512,1716812.3926658328,19.69385063951263,18.712442254790272,-30.425547673498446,-5.452051580476404,-21.602060473764574,-10.363911678446176,-17.788801860650853,-7.165909226648884,-19.02069408930158,-3.417825786400904,-8.256202273930693,1.3590457877247828,-21.197450880069177,1.9606438201030412,-59.74282881467956,-17.698586973917788
45fb3e21,3649,857298.1113419064,700111.9973191745,15.327770945753956,13.851500698982571,-0.08931552893570105,3.4457040205909877,1.6612003734605056,-1.0966465801642824,-5.4118151002383765,-2.4457754732768633,-22.66112448366653,-3.5780680083053285,-36.397080262178235,-11.270050571326323,-32.217611607191884,-16.02942417045263,-28.595470775742058,-12.63900556238849
460f859e,3336,872467.6757423925,1033061.4321222119,16.171922515904825,17.597462688757087,-0.13515622620103596,10.717968882131599,11.914220621871252,14.476298374336247,26.46970498415974,9.454695551481636,10.384135763648853,4.849514474441493,-29.126178907534683,-3.948836232611856,-28.77904440894298,-1.950891425003419,-29.649234838404542,5.956612880619781
4630ab92,3373,310127.8957600485,248599.5323148538,9.588755516900829,8.585033279905952,1.469727042242175,-5.1554784920085375,-4.7983583322694106,-2.2826483230594374,-4.921777846404309,-4.776144125265171,-9.979619879726686,-5.935993747433097,-26.44564428485599,-5.501850752636915,-10.70486944290034,-1.4781315451908825,-7.155883879233741,-2.4251188189288295
463c38f2,4460,372029.4792435548,379787.5490667036,9.133163824477432,9.227901114747915,3.413084872693185,4.79158951077902,-5.189999317557863,-2.6497590326359335,-10.635039155007028,-3.897163409769486,6.638297262729551,-3.3487129770249737,15.64051196412726,-3.1376451660972817,9.04884986125857,2.1412067884445376,13.45955165194214,-1.7388478191090038
4654e7de,5373,250309.46379022734,361704.76159963466,6.825433106481443,8.20481310265132,-1.8841069124713492,-2.8445588433641205,1.0731401363124031,-11.583641201940683,-8.408405935318491,-11.589978797701217,-6.373489801806245,-9.84370624868863,-5.611865352475137,-12.034027734398279,-0.49306751952508043,-11.078278926446341,5.492548401133701,-9.070542042291233
466fc788,6197,474772.2093697769,652230.583224375,8.752898589674132,10.259113426523236,7.463671698066914,9.316841763961932,31.252403903096393,12.840326466783598,-0.13884266881731655,20.445226637246527,4.7984245831368995,19.33292670141781,22.339565806276287,26.5175287507358,21.839527827013804,18.35880193399461,17.553899284551328,26.44569581987283
46a301e9,8226,771540.5434459107,753512.7571814486,9.684674387779626,9.570859748806335,-17.317823678055632,-0.5604276947829715,-19.300172750701766,-6.905704976507605,-8.049486557924979,-20.79321465687956,-16.21039011793541,-16.64224052579068,-13.622173589839157,-16.358911977954772,-11.555939016136756,-10.207907378999789,-15.671399303263989,2.917240715847801
46a7190b,4215,545710.0054706556,562324.2815463628,11.378425459964177,11.550336291945165,-0.9129525549607207,-1.0624190608918938,14.037528354093416,1.45398092571562,1.91715801799063,3.233046046362312,6.20152953749302,6.383727905137315,20.942009600485587,1.7481843265706978,25.755748777626803,4.258209006891242,17.742729470405493,7.154223469529744
46d24a09,4449,542039.5829324966,412463.80054626684,11.037845182954497,9.628568328762425,21.054557848896295,11.678269274174824,11.667339385282373,15.727802951953336,6.965047641502068,16.467257626930643,39.664450935364584,16.157155095423157,21.635078173403365,14.707461986525473,7.578865628681513,14.35903931798378,23.548186059129833,21.83801179679991
46d41ff6,7901,559059.0805452007,835440.9985661344,8.411778379753441,10.282929567828234,7.618278839258653,-7.679486632753212,-7.211937304056294,-1.2051357111145886,-13.45153248638801,-12.250230690464317,-7.817339008426033,-10.130640322579211,-1.3699674801851387,-15.365703495822213,-8.168342586571626,-16.505814272718368,7.0665288212609685,-18.388343994531798
46dfcfca,3606,415192.8232953182,196617.67307059164,10.73030478301344,7.38411437178672,16.62989285761098,13.103910286401543,18.44549070797899,19.59931805125392,15.529707925866663,16.725513115418728,16.478040739415913,15.29011585828305,18.37550512940599,12.484614482092653,16.963277777767583,10.190378009151669,37.70216576584556,11.910790389768511
47222616,4406,212088.63410409156,324488.5707120998,6.938034437611842,8.581781559894104,0.984653046968778,-0.33958657811961324,8.972339061820799,12.548600593721343,0.11782258100406029,17.930163202128004,7.594669263724075,16.232914937018943,23.495749000603457,15.695721568883993,15.849731959336246,18.17587398786089,14.526766317577092,27.27671845213854
47ee27ab,6397,302267.2523358295,390795.28394306207,6.873965905838736,7.816034751761762,12.58047757172792,-1.6179186240899461,7.076939600557151,8.822853884133869,-3.906559384202292,7.337968449893774,9.875274666008531,3.4775150767062897,5.500968552054946,7.5988877250993285,-5.697125593572841,2.7781190224130463,-13.803450463159212,-2.0894740402999026
481de5fc,5952,1566895.4411865058,1615131.4412940661,16.225143526558103,16.472991505556852,-14.575461258085012,-2.314263099273386,-19.419858940926865,1.0100946812221587,-22.751273822403803,-1.1030520378214383,-16.217215916233865,2.144135806921748,-22.072780454570477,-2.7391266385594393,-5.245375208707607,1.3410338868343388,-26.0122087359531,-8.66424470454417
48c1f673,2917,1346534.124337729,1094433.3494243731,21.485252768024544,19.369858342607337,4.536215284553476,5.774495842467926,20.086205290447477,7.048098310152048,28.335859633214785,4.869078108052266,31.602588856944102,4.660645895501474,31.778834955837773,6.331438536244007,27.62290561362541,6.418047817038163,20.376669133167013,4.118012511333968
4936af16,3991,167738.2428837032,167169.96618256005,6.482987448314207,6.471996346045188,-4.484997886611243,-2.0203843468408786,-2.932648515936581,-4.151402139107991,-10.949760505004551,-1.6310636097701754,-7.71300530607521,-3.89806790247844,-11.127305785765696,-4.289725027956999,-19.000953242428377,-7.278965777787716,-6.024724925783049,-6.307045472488756
493b5b31,4671,1155025.5466135892,749651.4104772275,15.725007503173533,12.668486926618218,-3.876112435404795,7.312814159859228,19.586578373510662,6.836570258100534,27.753923218137967,12.980983400153928,32.698904195240345,26.783967380959854,40.063921226155436,25.13194841934891,41.613312403552754,23.896252065167793,40.49203003002084,22.933823019279394
49dbc14c,3872,63231.40259752395,29707.927966213756,4.041091959429671,2.769928168272585,-1.6355158456211067,-4.179719853863974,-7.667546269974927,-5.581488764323785,-10.267886890179408,-7.103332446383304,-9.619585232636734,-6.2231331205635,-7.918650609957464,-11.830778071187375,-11.839159444236959,-8.37530828400104,-11.268554934193975,-9.504169105870023
4a035ec2,2588,682163.1921086361,616035.0965431299,16.235363068078655,15.428389403681342,0.63919154735235,-4.768760071052293,-0.10460529455967826,-0.36165458517659255,-16.76627951120016,3.369984727105618,-21.96480340038645,-0.5875737588811873,-21.982904349429177,-3.343695186748697,-25.45779092607885,-7.034812685940279,-27.918340283000212,-9.712830460024525
4a335117,5015,713514.1829518297,696477.0390749106,11.927950727793602,11.784683767521328,9.253690533759936,0.503323712995018,5.995847389524318,3.6261082834077207,16.57724503224898,-1.4425168955955752,9.066199222399545,-0.5150562467814787,-14.331535021102734,2.750280275107003,-16.718110794132986,-3.3482436915679434,27.816300701520383,-0.10009753361091374
4a8ecc0b,5809,1997887.9473970612,3980209.168521152,18.545343218814875,26.1759383811307,3.1536463885153476,12.64603223198224,-8.52008273773998,17.15568835245937,30.694871906353555,34.06068596243104,25.644766711995647,47.55559048838428,16.065534778071992,53.50791173483642,18.16417583769683,55.54760847581129,14.48942006738558,58.15355278305249
4b462989,3106,153085.9479403956,145772.7057913441,7.0204821294876725,6.850738366006963,-3.9137601696276247,1.2749645200400095,-12.038351312856124,-2.2126193317035807,-7.156949639837571,-0.3210144301797618,-0.21894358638181388,2.9730439182568187,1.1812734463620251,-1.6727213639748186,12.390300227317551,-0.4373641592198748,1.6152957713259273,-3.0690014161140873
4b831d20,7312,719001.9421450698,809200.0248493784,9.916237968981822,10.519857387802704,-15.56102377019435,-7.305917885158206,2.588560743853928,-13.692056677887829,0.4230763551413048,-11.017111848813046,1.4004573124240993,-7.591039038201127,-13.192504774522943,-7.605433931842576,-22.110003178967894,-6.234422583648832,-26.683094063117636,-16.370065321272968
4c2208f5,5384,1069572.5956017359,738120.5298673795,14.094595217284674,11.708765733315186,16.524866218668535,10.065610217621934,47.04565649511066,18.95845810526259,29.637698566498187,21.660459027796364,24.975065881174935,23.983343663643247,35.7780357105179,23.909565855335032,24.217355915675597,18.640652878299743,16.275467391580253,25.27795765079955
4c3168cf,4334,752768.4530386329,777341.504231354,13.179115124273126,13.39249443899158,10.00786430956976,-4.728088356084261,5.3307437943408935,-6.610886935652829,4.524434734919196,-7.8229423918942675,1.316406317910877,-15.243641215637746,3.9848203508400117,-15.035343725975583,-2.6396915115181336,-11.702236285591463,1.6695189681080909,-9.758491255464104
4c3df468,5392,1124436.4213806223,922336.1438087508,14.440841802925423,13.078853408946857,9.05947190364935,1.1064606864704243,11.270084755024866,2.7174006683949607,22.368414447823266,-0.46142819725297635,22.33067893915431,1.8645748497524692,10.888182862636992,-0.8717945316604736,-3.8912487948757977,-1.214186613444994,-0.2573026628084616,7.040517281805103
4caa7289,5396,755108.4096700945,530592.064644342,11.829562496727883,9.916180073527274,13.680141256654945,8.421315260413454,8.686511521134888,5.95489766059579,14.227469155391308,6.5634062349411035,11.8502276950253,10.261770223644454,27.299592054402737,14.785601409912914,27.647917009282864,13.086004472886646,26.875026580961386,4.2576945369085895
4cd1ac61,4489,40310.307712865004,27497.37702914083,2.9966309036562757,2.4749750861861886,9.93223687350069,11.966049063409779,11.963658703816954,13.969671432677398,12.330438501798731,14.278913730767801,13.638054074825185,15.134850405623032,13.85817765852412,11.053577716562502,14.964887521432107,14.199150823739473,15.844835054924152,23.37197800051766
4cecf7b3,6019,1043692.6043169495,1160000.1847386018,13.168130787477415,13.882473640801187,-13.491322854267727,-3.0224513823647183,-0.5512838363301995,4.012846801213384,-14.360603046450537,6.408778863365425,-17.16349878979733,2.397476579264492,-20.820868359999118,-0.8543131266676015,5.469643757510125,-2.3648063252324385,-25.152060044291645,-20.886101390516014
4ddde4c1,4472,141290.4905830841,161424.49166002587,5.620896248680953,6.0080538458981465,-1.1409404169903608,3.184607879505154,-3.3013699993297023,-0.13066696261762797,-1.655403664787269,-4.10064553901707,2.1654171950084846,-3.352142438319325,0.8309068074843431,-6.757780170097763,3.719061200407385,-4.245217903746374,8.036742051514471,-1.5322171858540852
4e050c92,3705,54330.90742666416,110855.76216461475,3.8293880099584503,5.469971076723616,-6.3072864347116475,-1.0887388217267266,1.4018545871662416,-0.4407652012232545,-4.538448404058496,-6.9637077399110385,-4.048588096519822,-11.258711097856136,-3.9242250504165384,-15.323247728612852,-16.714827391524896,-15.81330687421748,-13.315881894558814,-22.060331277229558
4ed93db6,4657,186537.5953648446,309878.6352453247,6.328926732463613,8.157229822542742,8.120988846443991,-2.5515343713098098,2.5072417907520466,-8.644791605447327,-1.5265775338999363,-8.642326301003889,-7.0661530409119795,-7.6038968952591235,-9.131874921386698,-18.41411816601225,-10.994359849903809,-21.06700969092184,-11.888038051011383,-17.293194607388244
4f3eb9e9,4697,3000619.278917001,2838282.019031128,25.275232983433213,24.582015764549677,-4.692432574043508,-5.896248170929275,-2.6829871030515244,1.7210933741961731,4.9577994562736,2.1368450486923365,30.107212877715778,3.794712321240328,49.307477830607134,8.502744827690007,46.86108311971631,8.139703660078279,38.21480922099604,7.149413081873973
4f4ac5ce,5162,325503.3244974461,391192.1654930349,7.940881481394791,8.705346741702204,-9.84812744445896,-2.7004964875692847,-4.080898865185105,-3.484735247371387,-8.16083265727181,-3.471983615297294,14.82334171324237,-3.4093014722581403,3.5099045906350117,-0.8433689964586266,4.981142652596214,-2.3503853552498426,10.897579969050135,-7.257951381095566
4f4afcc6,5645,403440.80802124727,468377.2084617566,8.453916215798818,9.108899360375071,15.125826397966858,0.8141757096530687,9.102444818924113,-2.2728419808282085,3.490467330409253,-5.6703931543024835,-0.51534069915814,-5.65493847957017,-7.80258314072843,-10.786472645508056,-5.277440659553621,-10.596351318180854,-7.884114059019438,-10.409657559592251
4f69febf,5460,65487.615881919744,162682.45873839315,3.463245420532949,5.458509147492456,11.713467915616157,3.7044505352349164,10.887426333215604,14.560312918319458,8.924558305342961,17.188940252478577,11.88008900353051,19.213420541282353,17.01193032504399,22.424009941571477,15.3863370404129,16.06181521883938,14.491556469362205,16.31088380568337
4fbe9c06,6287,586187.2811657952,569673.5733771139,9.655982396934645,9.518999555275798,4.617666242580467,5.540120894067693,-3.4002268219413576,2.604552803722658,-16.885256119925437,-2.777035974649865,-14.429668015717182,-1.3066646771545496,-17.706969252808243,-5.134341283157967,-1.1848341828405466,-3.3113021564958443,11.6339432874844,-1.2815001545965135
504c8b08,6367,1501030.1420822681,843528.493252581,15.35420312646854,11.510188965265138,-15.950174583359084,-6.746898112236513,-17.583927125347486,-8.11710870154085,-17.01442889416655,-9.467961240026662,-28.901392741361985,-16.88651038119172,-14.492250643582565,-18.61544579102151,-32.467971135677004,-14.629527682996473,-32.130759975438984,-5.801545695013301
511e1db0,3821,566341.9085681853,839544.4183203529,12.174491510551189,14.82290483691817,0.08798401298471159,1.0729718988837367,5.225897182655082,-8.613064444335356,5.56344148891605,-6.849905091831748,5.380018932160334,-8.564099041301066,4.321884034285209,-10.9120915426374,4.778622907267934,-16.413641573538182,8.936054367655927,-17.328703077619586
512943b2,5029,435465.82683219574,518866.08793501614,9.305425187838846,10.157499875727094,-3.0208821040063367,-6.105624162601922,-3.0269687243603047,-2.6009273828887918,-2.9113010642838812,-4.621967440623399,-7.691378321970404,-1.36058263971644,-1.49947766809942,1.8520509769792883,-11.545139356911285,6.494135065044984,-15.315847237257202,12.318464918246459
5138a660,3559,63468.029592985375,52092.87232717529,4.222926414245976,3.825825506425066,0.15557731972882194,1.0021094079187818,4.196678547577332,-1.6184547221488814,3.5936500657358366,-3.995366787024048,0.7576444852379332,-0.06253453491593217,-8.278253813118026,-6.717378782996656,-6.315388871789119,-6.854762692914681,-10.188482607697438,-4.121736353572606
516088b7,6645,310767.362990536,336612.23567747435,6.8386473454555174,7.117335798981696,3.5254514319625168,1.6346372748737874,4.273635957944643,2.855667213111458,13.427791892215886,6.721996338576757,-7.437616506875892,6.331239993256494,8.734856528537364,9.484464035299604,-10.20056401450691,4.9824766980601165,7.18533965542538,9.723581147080333
521a7819,5200,1179550.4116531322,1313399.8942575671,15.061096162816382,15.892668207127457,-23.731698095506864,-3.6829645529887345,-30.034031087067017,-5.305269660131283,-32.46294667008475,-10.918490058742222,-34.94585679675599,-35.65937952834678,-45.360899154004755,-28.229258078603756,-32.4430654544129,-17.30825615678749,-23.306333596042485,-30.205057363039494
5254b6db,3274,185865.01558001805,173837.43716186256,7.534587637518457,7.286723962749267,11.656105463025884,4.703937958870204,7.734090389233003,0.5677372706103451,6.336848487153951,-0.5612779899229776,11.450338853298817,1.2759087223047634,12.094165100613708,0.08298120305271635,6.471790524758346,5.984440971780353,11.07383128536561,7.814701785060116
529e88ca,3417,738545.7497216056,629857.3358749284,14.701654496306515,13.576837079557551,-7.321900096657377,4.615028915471584,-10.354587837275943,1.2166008633240062,13.651509582575066,5.437065977538895,30.882804431263754,5.7705931518084865,19.33167623653891,4.925190996696986,20.337960548355866,6.468595710747306,15.395965297796163,4.5033449428298855
52f1e77a,4442,476735.445205606,435953.14263376495,10.35975403415872,9.906736898817261,1.4854371984279529,-2.6695579728180094,7.411468686375288,5.124309965922161,-1.6098024649996252,-3.8713582841343004,-15.74741260549671,-4.015654941497281,-13.349402387913756,-3.6356337498314786,0.671801439453378,-8.372674917807998,9.426057519775757,-21.273323210133167
5305524b,4898,873185.9742853186,835501.5441032555,13.351928105460454,13.06063335957398,-0.15832836568770858,0.3316287579146022,-15.488995701884416,-1.4904141827379376,-15.527363895940892,-1.9413989291332752,-18.943399527574673,-2.162749204762146,-17.82714607947723,-6.623434110776529,-13.369412523682929,-2.4587862475375304,-27.166686546183364,-2.9581959138974834
53134831,5126,2622891.685671407,2868269.669540366,22.620431091916032,23.654876736807314,-13.92975444147041,-5.1888897239573915,-19.96457526414716,6.855435768996105,-22.523579641338447,6.881123861257014,-22.62266109371789,0.4020413614288955,-24.682562773423037,2.1724782376543703,-23.787352927640548,4.156251100335304,-23.64320267230263,-1.3555999126216218
5397ceb1,5255,259624.2388524355,298024.4044879376,7.028882088658049,7.530772954465583,-18.258964540023868,-4.635643583517584,5.741714058283465,-2.6429878250323364,-0.17410189701229029,-10.566866408294235,-4.686360602689731,-5.025130170319072,-1.887859868490446,2.348282728074551,14.577592494215237,2.9170123063832203,8.262982017586593,3.3821948168055807
53f23031,8550,287102.13298131624,285999.7910446522,5.794755977599059,5.783620661699628,-4.674769816761511,1.2630986938533324,-3.110763468532623,3.0328173533320704,-2.0689604880977956,-3.765298014243401,8.296462970992275,2.3181837943594674,1.8033576573893484,8.365441464060492,17.24005670310536,5.926874432312189,5.031441841056502,1.580624757860227
543198e8,6503,3065156.3706921213,3532526.377637038,21.710480757770572,23.30697067399841,2.9639852306892767,-0.5191909530921773,33.68564334881164,-6.936166811498976,30.05110260197086,-8.015658242309001,-7.137508589820525,-7.770473399468995,9.159231858009619,-7.790411809216016,16.775126997961273,-10.682696666113895,-53.24752959984841,-19.52060205093182
54753541,4026,1185536.9758824022,1248654.1656642312,17.16013367518517,17.611007413893123,-6.442778109309656,-2.737570536957743,-16.46012407126014,-2.3588571746691342,-8.030514318052163,-3.1405085669305954,-1.2221749065871155,-0.6705375428981493,-1.8405145531941365,-7.036058483880396,17.32282533079558,-2.7019363619955827,56.378153740562325,-4.056930036489614
54a7e3c2,6155,436925.15587767086,312537.73442913947,8.425379977331353,7.125858614637147,17.235450325886138,4.0216802610490685,15.733770654770787,8.825684036867436,14.820936801708317,9.628919106612923,5.790381683046768,6.560271870944739,16.432179823517856,7.258451867395917,11.28948125067926,5.925364629129264,5.637006035509584,1.92276400125168
5542c301,3591,224970.81588019853,161630.40175586025,7.915081464301012,6.708938699022402,11.750407484137522,2.038534778675036,13.932549084202947,6.876331237332167,18.791867787593485,6.242818438318524,6.889530986948271,7.577855133599854,6.435419340769198,4.768585641129825,-1.4024665121285782,1.4370744286685295,9.82416784695791,4.620908620859099
5567d551,6889,1073855.9997545115,1460908.4518012353,12.485183553098144,14.562415167841293,-25.275652380047674,1.7900139893451175,0.15498818774584855,2.879203952344178,-1.0837224814329218,5.709946243469883,-4.3169850137766295,11.040182685710288,-10.739715871800692,14.497871966795312,1.382050128779357,10.733875383388884,10.798849631266563,7.1813700755832865
55efee7f,4801,1964961.930877117,2049172.8984672166,20.230714319832412,20.659673260807583,-8.70777809489363,0.37641052117466034,-13.13419289633503,-3.2062987976543313,-36.96120253786427,-4.7423859006126445,-39.37671635709478,-4.955095568446333,-20.517959826898224,3.611734638317081,10.832271015819357,2.690782588987274,25.510528539075114,4.87773444693295
5663b2b7,4972,1164640.9956774788,1072203.7045332128,15.304899307583216,14.684970949534053,-27.025645635636543,-11.543556404598933,-32.0056958567329,-5.945587303929015,-30.34592812959813,-3.507708592692265,-4.3874169679001565,-2.8679826658745755,0.012695228859741281,-0.3411400891680911,8.28203574624231,4.193799483043372,-10.140340701817003,-6.542381560207678
5693dde2,3488,124940.26053562257,128545.29577246791,5.984983610945505,6.070715155858864,-3.5058998134373027,-0.9197239860974236,-15.171281178529851,-3.5911323435787788,-9.148589131287189,-4.275410025447051,-5.791631949702289,-3.5578262618365715,-6.7174834697675045,-2.168377373607315,-14.682449871749355,-6.2222495659559245,-8.753164687572973,-2.5082009850917784
56b00794,6065,2934909.878564348,2862719.6000422575,21.99793844258406,21.725711248961435,10.700329227891478,-1.532129912955169,10.578803349104382,1.9341647762973082,14.041946223122196,0.8337142309647678,30.37627319866517,2.350692667842272,35.08428495894981,0.6902129372321092,28.872646787205667,1.3328596374343635,18.14236935001455,-2.3570228114354173
57796579,5890,3376901.3034411008,3242754.9131562538,23.944266439401932,23.46385767163358,31.55963017631968,4.734033084693901,15.090689292057721,0.16630285936018946,11.279672978136496,2.6405920877888094,13.73543766119585,2.696204877922745,29.708517867861246,1.9654547623219307,28.282434000789426,-5.942708788585148,31.63690802284135,-11.677140088324608
577eec7c,4539,631324.7671464708,580356.241687101,11.793598055235272,11.307516715788518,14.799023838586889,2.7811258073074994,20.407959455916114,5.4694615426795705,24.507570737698856,7.8484447100927515,0.8617022632572056,6.7970839948810475,2.7210177942249127,5.090553287870806,-7.3436319045457275,5.638091459280309,-14.319534887023622,2.4252042933189744
57f05c51,4771,3546192.9835799313,2177779.0676105805,27.263177733143607,21.364965767170283,27.961032394534946,17.9090110070379,25.46916288928704,14.024962482881904,30.767955893635026,27.014371060985205,60.86246300169874,28.782711405879855,69.53058467251962,32.46548148678169,51.371554687568974,29.05922991259511,29.882496994393733,31.560237648101673
58850d2c,4995,1519142.904226202,1572943.0661121998,17.439401181198832,17.745521033184094,-11.913337031151503,-7.701947122432304,-19.704284625898087,-9.84114269291366,-24.037150524691658,-2.156227706651257,-20.3818228092291,3.0296931610980726,-20.752900668302395,0.011425388537265624,-18.47074221347526,-0.6955682169470849,-21.02841395355674,5.190605925431444
58fa8486,4475,1243752.0085350915,1304896.327707454,16.671334971396625,17.07620990557026,5.492519364830646,4.29091291602054,0.6244856887866621,5.328456867416428,-7.676733250777615,8.990803106535466,-11.417487986899248,8.327734448025826,-19.559894432835243,4.75824876028212,-23.06187507798178,3.7823176621786687,-8.747383930006198,4.783688181875881
591cc951,4609,1313869.9441732,1354126.8710953842,16.88390247432985,17.14061199429673,-4.837854387200566,0.937375942061022,-5.844932430938048,5.1258926868703325,-12.9367530869476,-1.441108916277787,-17.307879681351928,1.073348705668191,-29.349759518314237,-0.6773298400118412,-20.799634795433352,0.003346216139834546,-16.312995377760515,2.9047114374362715
593876b6,4842,150837.0818480774,218256.17486597976,5.581380983409535,6.713838299673557,8.844268320549427,3.0825250190209914,7.095945113055272,11.932935588068666,6.966257700398145,10.240109466570054,7.7729929612279065,7.86204813671817,9.986833792309081,11.998044344442338,2.426061524961116,8.928454760040047,-17.864134340380012,4.848910857758452
59f8b2e8,3747,327780.94275272894,296597.77532211307,9.352979952288898,8.896969424351592,-5.637515068053487,-5.576655055223236,-14.176021217524166,-7.426106015574601,-16.860623341166743,-4.543691049036799,-11.09640021381676,1.7882998374121566,-6.397652938123064,4.047355476339684,-4.146446108564993,4.0214514062571425,-3.3299573325815013,1.7326635357027793
5a1a8fd8,5260,723371.0214834188,676906.1082962286,11.727020418102013,11.34413391144533,-12.934210457301672,-4.834010843087027,-35.54731033442398,-11.828617276920122,-16.211380829812764,-5.363805744466662,-16.543401016204406,-4.906904675033764,-11.19228888864048,-6.477795007808848,-17.607210332108586,-9.305465461498022,-12.836949550509031,-11.94258532578648
5a5269a9,6513,184755.13466376966,199704.3059129553,5.326080416792156,5.537365306907213,0.8531978404188806,-5.666738954703584,-1.7645598257838362,-2.809491848979509,5.020421921938284,-4.214130706532943,-11.320343247158977,-4.798989752556521,-0.44017885870014517,-7.673749341070004,-14.028208953506066,-11.471805677659974,-6.2480194384967245,-1.954136652998298
5a5d1982,3894,112632.58397640982,143708.74333222563,5.378164110348935,6.074962791269769,-6.186364967861994,0.19044294216658297,-7.201628359040908,0.7721139956555032,-7.664816267417816,1.9139576414875354,0.341714009913231,7.380823091157394,3.4005212964710787,7.461305732443381,8.739233505714559,8.174756512325773,14.323472499850185,12.836142655740725
5a63b5d1,6217,3709561.380735864,4462426.275427327,24.42704019860082,26.791380559614016,-8.04590718085315,5.323354033395497,-24.420034211912977,4.339967872378719,-6.353232069807721,9.67049677653441,-16.036472084140765,14.885205044126668,-30.116788255548258,14.687335109629572,-13.73957555265692,16.376511940144972,-1.727899853515627,10.270212528072957
5aa03df7,4871,330977.47081693006,441140.42678621586,8.243092089566295,9.516546296601485,0.7163746365488999,1.1220601191326234,-9.623297112294171,-3.297188302423398,6.692124942414478,-3.8106988327184057,2.829193641776995,-6.811579221415757,-0.6018471784203699,-7.046856095681756,-7.375572376675087,-10.673638477459212,21.898888829635123,-10.03468948702086
5aa403d0,3118,938030.5332290109,803677.8652327195,17.34484535626226,16.054727854316834,6.583736763699832,11.0280245744367,20.397399210264325,9.949766554514492,25.497528462575822,11.881920768343548,24.89580206164407,9.26904993666096,25.437206884759533,4.3329693757480925,25.584049872569086,1.9549539486919847,25.29847934016635,1.9981562940093034
5aef5c6c,3121,349141.8510738671,466811.2919578303,10.57679460570761,12.229924954345531,4.526637170406003,1.350713383981826,-13.837465632077464,4.192135195188118,-13.247150785835384,8.973487996617397,19.100523315006594,7.215897130037692,1.943083643844258,5.479210985855403,-1.5080655124770814,6.065696834828669,-19.829948109711854,6.5523347451740594
5b7b6324,6564,3356673.490669442,4081754.5001972076,22.61362901764263,24.936709955037347,6.311809516593334,-3.878326656128239,3.0828886932536284,-9.74163995007522,-1.8238509626649968,-7.767696790406944,24.74386077530217,-7.194071925815133,19.914086962671945,-7.108325919340073,26.860640823214794,-12.658477191034354,33.670090842019945,-7.814437497254763
5bd25f59,4210,715895.3558293435,823503.0201379647,13.040184155517908,13.985936439331736,-9.612808609870232,-7.193950481279688,-11.23011183785963,0.20024028617205342,-16.62025657803307,6.819003688149905,-3.4818856959390487,6.907517637710643,-9.491024672795376,9.014569860365,-6.815016246090433,7.924009558140699,-12.337170682598995,0.42084389414803985
5beded95,3057,706337.6482743851,1025485.5701500461,15.200520456139506,18.315427394712362,-4.455523280944236,-0.9382783579096893,-22.366943772245463,-0.4876587421223674,-22.90115194941203,5.070794467252826,-13.652539268808322,1.884943800580978,-12.652984251919737,6.5067683010647475,-9.734552786366542,5.924416127370024,-15.465579952956954,9.969940190674283
5cb483ac,3852,157471.1480869569,119302.6378942253,6.393775125453615,5.565214192356682,-8.64759405991703,-7.370212315086628,-7.357679856317421,1.126637773077083,-8.273784702679183,0.5317033783838367,4.501140493216261,5.365525717742962,6.690625413072341,6.497578112912561,-2.5482519848786045,6.5429702978066135,1.6587578647125922,5.238904418964571
5cdd8dbc,4010,1087872.9142744942,1271157.5653969604,16.47088350877767,17.80440673264589,-7.893125644671093,-9.893297112127033,0.03009598463619584,-8.17392952745415,2.1379116512826464,-4.653256286996491,14.654326769469655,-5.841272208652178,15.463529538104567,-3.0833154258663615,29.538583060353943,0.4683864119210284,36.710260254584064,5.014319708810478
5d11dfb5,5895,706011.0637512977,743674.7219383961,10.943691671680096,11.23180630010537,8.844276119105555,0.03382978111237659,1.1986391730337513,-2.6356545483634077,-4.956165183737201,1.1572942318840127,7.311282186892427,-0.22719864425531747,25.267392627109132,-0.5756396274106466,9.39247624846898,1.845054648740987,-22.913420228366732,0.5484954348717731
5d7198fd,3368,201100.1670922239,198840.95127802304,7.727164793116002,7.6836376278793015,0.8549026574644986,0.41334390864141274,3.3818090014431657,-2.91063913063254,2.3016411559687042,-8.688458100123384,-4.310862584130286,-4.176772342893938,-18.51736317412706,-10.481291870512376,-24.58342496168114,-12.06608087431513,-24.08512893826046,-13.256029202618965
5def1ce5,6443,444029.73144810117,523824.87139962486,8.301602980843187,9.01672847688286,-12.396553656912497,0.7134447045154173,17.815878657808653,-1.5005573715301714,3.4629625816613228,-5.216917052860362,-5.244949121651133,-3.4493771100647166,4.008203827173484,-1.8840215844872923,-6.675577140720275,-0.10038578044004298,-3.7649729524691766,7.057122287376548
5eae34a8,4904,281287.5975137057,292817.2076746577,7.573559838570403,7.727216255500393,-0.11371357427901185,2.097238895011107,3.3119914385534788,0.009717563074183921,2.6598945033518495,2.526675405435225,13.851204797621548,4.25991785987216,-11.489705775998333,-0.35221105802716723,-8.273108888674228,4.257258090353328,-6.821288025912307,7.956911210779938
5f4d2a52,5225,9117003.49396189,7194767.6122789215,41.77177338198559,37.107802639122944,2.471225974844044,-2.2130471540612406,12.002609561264919,7.54670299924493,42.25100402910909,8.253522036741966,63.287105438231286,16.120344362734716,69.60314908839511,23.307705257031664,88.97903820380093,30.599621227505235,54.02539510183911,12.509733931817994
5f6756c5,5931,133830.55045732725,105309.5361828467,4.750219412219448,4.213760890642482,2.147629376342518,3.328923345942998,7.092692050347395,13.062571748973221,7.232452921852179,9.901548231383284,5.900095138549765,6.728079694260306,-9.344512683244703,-0.031238314712165982,-3.0861213035281647,-2.6847284369204174,-8.67279221677448,-6.512111775354737
5f75f796,5562,1128806.7201639696,1419652.8088317951,14.246044639673809,15.976276961047628,4.682779311936347,-7.150869820289833,1.9988928868059603,-7.338581793552047,-0.041328852090138035,-6.764222824814743,5.958140370653478,-9.621833790318352,5.829090564285734,-12.216619422237798,11.559642084457304,-10.85985424705034,19.68420235739186,-10.917198453096812
5fb1c15f,2860,286414.6821104379,214416.3016284618,10.00724706125058,8.658564247906607,5.914955821865252,5.9469117670069025,24.218978095620848,8.971577688269422,19.650177018556235,11.569218267507637,21.404056584962756,13.43926904180692,22.511128073216817,11.183868889292729,21.07183832457552,12.678131070092583,12.917888148822598,11.49750160285614
5fffa282,4201,118702.65931251958,151080.23591467697,5.315619470735053,5.996909382430251,4.2540144254987755,5.4240430830702095,-2.5648445230031705,4.9282092791177785,1.6508698925268646,3.486763761642403,5.176369914154449,5.8047779001504445,5.49026987904073,11.685587502598757,1.1779413723981609,13.177080661838527,2.8320154954987844,7.813209491084331
60e37807,2699,1036158.7801780978,1121425.573948318,19.593486114071084,20.383735988038474,-7.549188732127654,-4.757290456449484,-3.90966996668747,-6.71290939431064,-3.229564855510762,-1.0967809743523387,8.185427154064751,1.8000477024920591,28.031876061987962,-0.9749172553533922,40.3099371461238,-1.6507872259997889,22.31405864603847,-6.01186655815298
61f27424,6220,195397.67680319847,224689.55008591813,5.60485659874324,6.0103013134754715,7.08202755606415,-4.094711829523871,3.513910515396186,2.9479757214297657,4.024212807392946,10.963938243384257,0.801719660171685,6.371389694073957,-4.063571885411724,4.808979845472864,1.1090055686747875,-5.359615873065833,7.162617682947709,2.3394626488251484
62569ae3,3588,63010.647157788684,29733.365454063372,4.190643848309562,2.8786960854163777,-3.1493308025843976,-0.8494019337981176,2.860898244799176,-2.659720533037639,-0.5347213396428905,-3.008888185713576,-4.98599766116874,-7.079732731016601,-11.052555967579938,-11.026361949622489,-16.232009200331255,-14.7208122550423,-16.38373760651288,-10.407003355189758
62a6f539,3693,229117.23395600298,149200.4176332479,7.876607868747044,6.356167971268,-4.0037128362933565,-3.311015378170147,-9.20819060565117,-3.526022388087499,-14.554707589023774,-3.691328155232122,-15.16202997426943,-3.6257517645543884,-7.978492210451214,-4.902225416845456,0.4703745851805299,2.6694437632277754,2.0458399964284006,1.8189942621428288
633774dc,6233,1245808.6262715412,1355306.8796748507,14.137646015453246,14.745865149732465,-6.325190086668767,3.202845133939468,2.54990735658395,1.3049800947595427,22.178173610660913,3.167537594604853,19.028114047060047,2.6608914103931225,17.03453759540201,1.491935541811031,14.264652613436489,1.1174126993413989,29.396245262222127,-1.588179881526385
63559d57,4069,161684.74769516333,184974.25043240568,6.303629535202029,6.7423577598865005,-2.0745755347519736,-0.3142217490256941,-8.085130642311222,3.0236413986140502,1.2604936733127676,3.8786158905419525,-1.2338088485147516,-3.719737805334853,-4.699172072953091,-9.275447425581852,-5.429222647328372,-13.668847425357734,4.921601179082387,-9.078313337295294
647f2a41,3881,208830.74723692526,250837.5160545039,7.335427006516196,8.039414565993102,-7.154952086801662,-13.4962205066852,-9.216115845846078,-14.223767722822874,-11.012827140236904,-13.614372825111683,-5.70640976909206,-10.430931014854284,-2.802960313397314,-11.174803315460958,-25.367315366279865,-6.172227632842429,-18.970247011119017,-8.79898711748959
65156b96,3221,109894.77116061676,145587.71469076973,5.841079968673588,6.723060230806394,-1.9637046549062642,3.3082894374854477,-6.505611119231659,0.8595749054558288,-0.3908292215871043,1.6045043690338505,-2.8737755658829283,3.4789764786811737,-4.008617341108931,9.381004389095516,0.8953214769513682,5.309586855617745,19.539294272669146,8.260501868908417
653612bc,4605,847721.7552939794,1204345.8900708747,13.567875415028587,16.171890802644402,7.773290774880554,-1.6898362257535862,4.806599029660816,-6.700378034900288,1.791734843294297,-9.103136698585207,2.8144945050228296,-9.94085980895029,6.393739249449132,-14.292103047016965,7.663863128705414,-17.621649948298355,6.801990869117335,-17.091097459660197
656a067b,3051,456113.47433742764,425057.7497030663,12.226871481025423,11.803284235709844,16.318629511703612,6.0137574870491415,11.69504759745611,6.846434568340579,17.242290785199426,0.2742238925522086,-7.363917683809122,0.19282952668069644,-25.35248884220451,-0.9491752264695826,-12.747752045740631,-2.1864040634683857,3.2054241014741436,6.029755014073247
65a5466a,4683,575451.7554688754,538856.5709891573,11.085170586569674,10.726906932976611,7.854664359652242,-1.7765856009877894,25.06727508780115,1.814175479584599,15.576320354300318,3.014590570965479,0.03520081480782267,-3.713913994038067,-3.527078644754922,-3.4800701508810774,-11.16477712788573,-3.329031135554911,13.889874579910359,0.05348389925118234
660d9546,4732,427930.0254686147,374496.0551714698,9.509638584496138,8.896132765702777,-11.383505376904747,-4.509997404649793,-9.111185074796705,1.423683262785004,-6.633784430311117,-1.5311470738130246,-5.462570335621107,-4.731605109983677,-23.24782318955077,-10.441856144296057,-23.916227488495878,-7.577627338273148,-3.135228002370688,-9.889930240859288
6767c111,6783,843925.2482937751,781442.2474681423,11.154268169936854,10.733405449819736,26.326551576651084,7.240147282314668,9.950803825094486,7.7827007969312705,11.69934005727226,5.741273333017877,10.76499311952253,11.65083701258932,14.964351499184513,22.491192423983122,16.5109027066086,23.73219880982952,46.05747734523943,12.563359763836264
67847288,7429,693486.4401370878,894373.4089036051,9.661705769213624,10.972213763990547,-4.821982881260255,7.587373218221158,-4.3813250275991695,5.756406802307891,-20.397373301667404,0.5955324070769158,-8.426819585804909,-1.5099398127015433,-6.82124120383201,-2.4379995467482396,-4.561700326739606,-0.6090212800642317,-13.80251599469884,-0.5241104682822266
67a8da4a,4911,1126585.1087876495,1178998.0840942513,15.145968042718787,15.494286517956208,-2.308205080040331,0.43891246617272656,16.011460530028604,-0.24631348085918478,19.119986485596993,-5.480798966461465,7.359799053937571,-8.524757568735719,-1.7144109863331054,-15.346232979435484,-1.3025863026064506,-14.991017534351347,7.1667676902656225,-13.550547284219945
684a6fc1,9818,728281.2939304399,1191313.3602257664,8.61267508534557,11.015430945118679,17.390213514590904,12.11462001886522,10.459675628814988,15.930840137638238,0.1748316191993542,23.339460335064388,28.02551128158327,17.444532942983844,11.615399929669756,22.672462653139924,20.617408423115386,25.359782601167744,-13.06357626847743,11.99460811274859
698930d1,4741,195219.72914384623,265431.06742321537,6.41692369862911,7.48239961734086,0.5944525976451014,6.417205409486641,-2.3752444795688397,11.685742699752696,1.003696274937273,9.18215484243026,1.6463844069234215,6.429108019288959,2.9393949381887214,8.853112702736933,17.20660128822464,15.670457467219823,27.604220939400516,18.06826704775309
699ea575,4120,97249.2146129826,64636.39327997039,4.858413146709736,3.960864169706732,-0.886698085324304,-0.4364614657659974,0.07094980680948115,-4.225575452288408,-7.7364968910542045,-0.17258570315363658,6.6573752522118745,3.042713825844864,12.165366685292737,8.556171846386224,14.745209017315734,7.470202672170134,2.0617985810381487,-0.1459223671241392
69c1bdad,2714,205134.73481212638,262447.3410225688,8.693900800673722,9.833682154950994,-4.132487513508854,6.675037533838994,1.3606031930055273,3.421228683006909,7.5483405420896155,8.74691645754427,15.684047666809436,12.187771466065168,21.819351092416078,17.183993091393216,1.201547685396232,16.276500824184385,-17.01688097439611,11.042659373832
69e41fa6,5772,121561.84132717426,83710.49564618127,4.5891840310171705,3.80826179162604,-5.695384221963502,-4.592545228634177,0.23301103505246612,-0.5648129486302428,-12.547010356431343,-3.7344643785828233,1.484669092399658,-3.3331721851299676,-1.16302268973934,-1.7551847684777093,-4.541386250209291,-1.6982086953994,-12.561883173677142,-5.60084590562896
6a0ff78e,6465,860576.5810254212,823849.5546703822,11.537467670655401,11.288589771818652,15.117300224873262,0.6009057979703473,-12.314175155311213,-0.4735884257584684,-13.095190733093823,-6.770827329013069,-9.70764192880075,-6.50365466680734,-7.243835801892786,-3.693386784781378,-23.940167529746226,-3.259908300328111,-21.69652906387759,-0.9239699535234106
6a8fa194,3017,437809.5925380231,372061.4009005158,12.046336245927968,11.105027884508718,5.333433824983346,1.3547165672056356,12.263479138903223,5.834062336137341,11.890851311342916,6.040318864589804,8.768525288531166,2.8009955761279306,18.048851859566074,3.1906917323746,17.47482519766799,-1.9987963887007083,8.59746805787662,-8.559738822676472
6ae68655,4204,98408.89759766308,75140.2519384663,4.838222420842698,4.227707863813139,-6.333856682265293,-5.188488109555065,5.445459893840887,0.2629554866390639,7.802384748383114,2.825189900116915,4.099081865873072,3.671690099367273,5.383120448958756,0.7243841073532692,3.363859369572721,-1.2108502837306883,-10.229921554141336,-5.240887936510363
6d1d74e1,5830,621403.1194181052,565475.0183519277,10.324105578178838,9.848553178884288,9.392493169138243,-6.072673214579062,0.03768976905185084,-6.817317963986923,-7.163637674678375,-10.4649522406958,-10.698537150640053,-10.230452504768234,-13.286694566698834,-14.85561974451,-30.495881200864886,-16.494343680193595,-32.58412459177201,-10.16824738298339
6d590e26,6096,442671.7996765707,435041.44224180677,8.521547103596125,8.44778467910661,21.277839361737502,-0.41361064214298293,-3.5605019571887224,-1.7346762919913878,-6.181304003891993,-0.38930540235842664,-9.20856468954446,-0.7243008135940276,-5.938058548339931,1.5583739955730478,1.1059815607353083,3.304672749902229,-0.29438884329399895,1.2252189413911467
6d6d93af,3595,2525314.8164516054,2087569.377364585,26.503810398379887,24.097445760365083,-7.819286327243752,-10.694688340065621,-39.90637720114673,-14.826244757820387,-53.43213268807807,-10.389728004207132,-38.41830544169772,-7.364223452865571,-22.70615939599434,-7.153480265579266,-24.78297566156529,-2.101224710679067,-11.692197454376917,2.291914876970184
6dbe4b60,4648,371530.0295300816,458950.0682437958,8.940543104333642,9.936871179119752,8.048184639323598,-4.045927181131395,-5.311828958915224,-4.310440177407704,-2.9164322017243167,-7.757445717165668,13.365570587119587,-5.438749913283273,10.114034307821,-3.602509473660649,-1.4513342373120124,-5.204281179106852,-5.886122686236117,-12.42245505031006
6e6d122c,5632,484814.30450825917,511411.03401521564,9.278043183641559,9.529140359067824,0.7687102954965488,2.063343888071631,-6.2499892031844775,1.8882166964405407,5.131888093525631,-0.9853328552347506,-2.0792346087660034,2.949119337815435,19.368760443919314,-0.807318654599585,17.508174046917052,-0.3459649873399722,-6.00906396740662,2.0321941837121984
6e9ccd38,8282,858477.1051908782,804650.4562219419,10.181147881232809,9.856801663168413,8.802253831128322,-0.37085844689695585,12.301347408247793,4.316550597602609,-9.956432907901014,-0.9354531671069676,0.6013985164451516,1.0694394115916368,4.785126185315818,-1.1275503855699835,-14.670661434693853,-4.105760482363735,-29.725088054090374,-0.9453961553271013
6ea22614,5971,384754.7540176774,496450.0220947092,8.027280921420695,9.118307449726196,4.707087423545707,1.5504695772982466,0.9517942465456972,5.832315883597346,-18.232943353565734,4.147884997541487,-4.749713441272868,-0.5727271201144596,-1.8088984227974798,3.8945495553608196,2.1691492764489233,-1.529629475060793,-16.257402904986243,-0.5377711842814121
6ede926a,4938,468002.78302029974,635681.6708931525,9.735285112892344,11.346039778261362,-7.482380076573509,0.25903162949290903,6.52748544261745,0.9258142016315581,5.275649456718852,-10.665367745147226,-8.142253575194427,-11.056040334079245,3.7642328228623922,-10.088104251957306,7.322080811674462,-10.520527539406999,4.906117196937102,-9.856254024709582
708caea9,6548,2702372.270037386,2311574.651754987,20.315066698085847,18.78882521408187,20.049951088807706,5.693604698002344,42.82053846595643,8.373465382017248,30.103796926797166,16.303273393382405,35.98401303060796,14.911680449777867,34.26397860039595,26.681016762091566,45.063626509739976,27.836308720495623,39.19649972826705,22.336252555920026
70925e23,5947,120686.7738007163,150768.25525224803,4.50485554980252,5.03507547876764,-3.7269013892066933,-14.606554908939838,-24.623489241625606,-13.630586110500825,-11.31691371034824,-15.43215593933014,-8.182104511390744,-9.58970063626687,-9.259988692579356,-8.460161909660112,-9.959769681562065,-9.41000068975395,-11.850975546534208,-2.6287018222457235
70e1788b,9285,788094.7610425074,887638.6127920533,9.212940496648034,9.777484563696753,-24.672035027364384,-7.065714965033496,-4.08124371181032,-3.4523631440583955,-16.88519041508537,-8.93884726522608,-8.92301765009258,-14.471825016089255,-6.773714454063878,-20.042089117018744,-21.116783240962903,-27.666167197007393,-0.5564956312027345,-15.233325292961151
71642c7d,4648,373798.1227554108,391240.469794537,8.96779141510112,9.174635648598747,5.119015499545423,-3.3069090831997214,16.859187273692434,-0.06711761492731239,5.259985452468962,4.8221185335223415,-14.596793038614152,1.9490711353005232,-1.1084878043697861,-1.2615129694019578,4.5541372545683885,-8.692300699585031,-14.353508342079357,-10.275399091899216
71ccf778,2698,97495.4428329195,120011.09072603237,6.011338521511442,6.669445357826615,8.834668886361253,-1.4267862991405866,-2.802889456692271,-3.8800588182167592,-5.289538098445137,-2.054357284818893,0.5387198389382348,-2.7825650192495597,-4.180480765243778,-4.385896768407749,-3.9538190694564435,-13.988071795575124,1.416136759463925,-15.100366094194555
7224331b,6063,784715.1515388562,1394565.235964694,11.376593355998011,15.16615999627482,-1.8681775398817189,-5.883323321955783,-4.501878132164009,6.606936513299701,4.378133301111599,8.247664809944828,4.304981344614578,15.57563173902173,-5.020621896606173,23.491138257058235,-4.871235308278398,19.059710625436814,-9.872597227792685,-0.0009500727696814204
722cf0d8,5143,473468.66976666625,483476.5284497119,9.594831692651942,9.695705940194902,-3.3775375086219794,-0.9186005154342526,-6.862089328027243,1.262145208462746,-14.749897218825517,0.5450131295298213,-11.588706104979828,1.6399179341842314,9.559464349730128,2.2412235019736735,15.829225873802077,5.343876944580692,14.081955510065244,0.4182078178691799
7256229b,5415,336687.78231391823,431278.374405037,7.88523149777968,8.924411978425898,-1.9176969314157009,5.391125040663958,8.070598285193096,7.638606746906079,3.7297386125652956,7.798101475777434,-10.157647861385563,8.910807062582478,15.83112587738603,8.93798851905508,-3.7120271658965036,7.842228772141297,-6.6240766638507385,10.019472274091225
726f3dc2,6723,246386.58018391035,204724.48899848442,6.053784668954936,5.518275035113239,-15.709985342378094,-6.312141301634719,5.341282574984729,-3.589037320662883,2.7696351367058356,-3.349687411651358,-7.630843651254684,-1.5562177877741128,2.054117833380117,1.7075225800983767,-0.013579915280399923,2.5783402505949953,1.2882673019913344,5.054403669197088
7271dd80,4340,933421.6714142921,1637105.3061629473,14.665405478110534,19.421977350028264,0.6119995365118883,19.326134977002802,-0.9140453695157298,14.39719313428086,1.799280999352263,26.32281456688944,-1.1295409667110468,22.20140618302564,2.2028578828780674,19.890889063103415,1.929136739245095,22.75448276197148,-1.8018304786903039,18.8415220284805
727a3a10,4397,609859.8487562345,648611.8257215993,11.777057299452052,12.145466445505274,-7.19921441901635,-1.0494035894463944,-15.165423895252031,-4.334731504171992,-20.89449949378819,-2.6994053196018344,-21.57547903210573,-1.3029402933958134,-17.690952432238078,-5.715819929507175,-16.455043726119527,-12.235477710400852,-20.69990891852861,-29.063978544197436
729665c0,4263,171762.17502165592,205557.41126853478,6.34754954134582,6.943987070246197,5.0949782277083955,7.156828618825867,13.986023996203302,2.536971600108253,8.444044514390084,10.558313543878944,3.153895881856103,10.266358198351998,-1.9733194512909487,9.336367820332056,17.17040714556719,13.084991364026497,12.978040271796939,19.08648617044988
729e9750,5919,268598.41408249433,324229.0650337825,6.736395112001662,7.401194236974986,0.6246711930201867,7.6918538506184975,12.52696094357834,5.09752178651409,10.355244468735547,3.283021717236443,4.79860341967668,7.84384433025898,-14.802620150994718,4.630885783264116,6.602401782619869,5.9859019447617605,14.311327891297882,10.460956861702448
729f4217,6195,1076641.8752380083,897969.3114970447,13.183022045659223,12.039545490128992,-24.44303073585815,-3.8574220563087147,-20.429189058683065,-9.673324041084609,-23.2645437189661,-14.35560932431692,-21.111739527067222,-7.998477651491418,-21.527160504312228,-8.077272859238022,-20.526423520943545,-7.746889899860529,-2.380689638318028,-12.127096122488688
72dd8501,5193,108621.6934359705,126490.75500657494,4.5735046326292705,4.935375843953655,-9.15455387420897,2.7862469563571763,0.06363498053462623,4.4490154249573015,6.2243624246448785,9.813905712494435,4.655332715513601,7.784925488004953,7.237003274525206,5.703564171577716,7.283574627472526,4.125972614664861,8.500973190885531,7.3412092344740145
73348914,4221,110289.65384711778,174484.72570945093,5.111633535881184,6.429408668968786,10.306793358740201,0.7134578824230264,10.775954763909755,12.943676066729168,-0.32700858512114106,10.723438403621937,4.8981853141132365,9.105880819373235,6.2089853480627575,4.488866134277306,5.629743409321321,-1.3042730912001426,2.936765928640538,-4.857314138968896
739a914f,5505,763860.9358769652,827082.1131544844,11.77954426932168,12.257323623357482,15.027409772064345,10.848281844614858,12.608625483621015,6.565335366021628,6.3001138817548545,7.56616403739271,-10.503464658373943,7.713194066753937,-16.555156072636947,5.106530543917236,-3.0824205693399183,6.0047130556599315,-4.595175944197164,12.87238234109503
73b1447d,5670,1021011.404258776,930400.8576958951,13.419111672176026,12.809834582362676,18.336249615717524,-7.285623777058413,-0.8606608522126105,-1.3704617605250387,-7.861185980497933,4.406916123750862,13.066488417284228,12.060430502677256,30.242462763544925,4.771805360717892,19.327355903441305,16.925670466346013,41.12932205158707,23.19015799572883
74b6186b,3405,112532.29057317242,145645.5356721923,5.748837348411773,6.540184958163451,5.700328017428791,4.8944206636095275,6.135377453152316,3.788372030612628,5.431296471612074,3.5384813034007303,7.267469439648561,-1.1541645514022587,0.8182105363554282,-4.812291529632371,6.18653551849796,-4.603165173281748,6.925078292246014,-5.685462457569856
75c20ec7,5361,458213.3572098501,587927.030784317,9.245086286551595,10.472221280052839,5.123905186035449,2.9547179058809787,6.543436605064729,6.171904090096237,-6.780369502700497,9.887327107552604,-2.5714583948053895,10.65801657354069,5.787814016806086,3.6722786231301754,-2.4488295264891446,3.525070532559126,-22.225644056377995,-2.51027408696446
75cd5f11,4946,128184.17888272111,144569.77419913516,5.090848311537075,5.406443830903223,6.908254813092526,6.176214977297915,6.108245415638349,5.200626251573582,-1.4411894826038345,3.747717922365336,-3.236527255704907,4.156467278232187,-1.8111497721956562,2.6882060978139544,0.07268759577453165,3.3080065695605567,-10.304757690188772,4.842426206853611
75d20a82,5067,1239548.395386331,1120213.6649502278,15.640703802274933,14.868767855441911,-26.829752345199587,-11.361534897303338,-31.894396445147123,-7.731871901420885,-29.897414467627122,-2.3204146069108753,-3.9994137053392027,-0.33826841738298075,-0.22267123186604287,0.34959299016185263,6.570674859182057,0.8017934627263029,4.051324638714561,-6.857891211313424
76201745,4448,243801.74605429126,223031.06188472424,7.403481858376752,7.081092812816675,-10.259056930318796,-1.8965261917842522,3.6175489694777183,-0.06935861461324588,-3.4818207854326597,-6.66071095654448,0.6801107792131829,-10.031830013358478,-9.197940917741665,-12.7577006402759,-26.44986295191946,-11.985534241781261,-1.877274069173243,-10.186368114874309
764072a5,2949,294689.48425229697,463776.5373058892,9.996430089343304,12.540562026194081,2.5142148420834722,11.053417581496012,-0.6888271147639604,11.106887796391003,9.124982486350426,13.883792454683052,9.362936202149168,9.940966670322569,11.395602637922853,22.385303313139826,-1.17443122334224,25.328121025097822,-3.13287216195459,12.935129680095756
77b0d905,4174,48811.27209823974,43123.110267393524,3.41966718350787,3.2142438091763275,7.421457612019914,4.01488398613152,6.2414118010890265,4.9047551717906845,4.097558457435479,8.848784337864654,5.617530675336423,7.2960330255531805,6.827808133289702,4.589940799206735,9.778416402350702,5.605096051163203,6.81207911078185,7.1249418544923815
77e4821c,5393,668851.2616624811,796371.5794613868,11.136521636469585,12.151857447849483,-0.2644821465853683,-1.4029914730633426,-0.9540307909681904,-12.308847134780306,3.13557994229192,-4.526834018953974,15.317573049912186,1.0142882819406946,8.095865593747579,4.279709160205724,31.503913186049658,10.732084520467994,8.173493367583792,-9.89841562027308
7850c72e,5497,679286.3683099574,742914.2875861253,11.116385043212272,11.625362044912848,-11.92213292937143,10.401450999640096,-10.496847494386774,6.0494554711650474,13.71269293591481,5.875560811814038,25.35234600079191,12.446055992380224,9.677518703027076,13.998946482502593,0.2544862431414696,10.764256142272895,11.61090609880184,11.25329150648448
78a4a386,5119,150339.16670651347,159422.65873236264,5.419303885350988,5.580620101161826,7.015463152317495,6.752825154419911,13.515721509683365,7.947577876462691,-4.47747865200385,4.068307003373019,-0.5352831016406008,4.680584834871825,5.773819216017721,-2.510296505305684,-4.413375107755637,-6.826587992144184,1.2504972408968769,-5.206204527850285
79507629,5302,440351.6059411059,440752.79451367114,9.113389467482735,9.11753996368406,1.6629052131578579,-4.598119503519246,1.3048749119796574,-7.608315009530327,-7.186879447684669,-0.5106574580398149,-11.426239196515047,2.84829828431187,-9.442403465803636,0.025892410728506787,-12.537945295457428,-3.261695821211233,-17.772551098301868,-4.545650753994361
796dbd4c,6248,490379.8821288882,602600.7407785789,8.859226638231068,9.820742413823478,-4.926210530174213,4.51488119191559,1.310016655461038,6.268497743633257,-5.6546984825760696,2.529397489262544,-13.563766056977896,-0.9047345612830497,-13.504766101743307,1.9086932702491601,-7.853553697487964,-2.8359614600585603,-7.494854922488372,5.982149809943001
7987f2f2,3705,493364.271592823,538652.6864639713,11.53957307350279,12.0575843549239,-2.918555541622455,-6.726766405808329,-31.45538173431335,-3.8120516146870473,-15.954138764388459,-0.597166773869741,2.561677624349757,-2.5191601503095047,-12.03819128516148,1.2720147889604534,1.0960236616871994,-6.06864557081518,9.128128295895092,-6.189527385827965
7993a768,5487,75263.42206325836,84388.93482051442,3.703603623515884,3.921708165738224,-2.97503339501831,-7.924369067071839,4.711077770624411,-1.0573476418982988,0.34231060342986686,2.1865962980165525,-0.14802384905033605,4.972267745929555,3.0025435948073484,6.866747470924054,7.372041806864365,6.059950971171548,1.874613559301662,4.141097336575165
7a5660b0,4998,152086.18881321384,112482.5695226219,5.516285845245272,4.743997903769432,-4.235827700225334,-0.13326997022049233,-5.4856442237818355,-6.542829985080209,-9.953672262132182,-1.3044335259400675,-5.7922838195188735,0.4124421083033877,-8.267001104816597,-3.8335391524111744,-8.833046728665739,-8.651727655917941,-18.976994251188696,-14.525266788992912
7acda2df,3091,239522.6106658646,238189.5850901187,8.802859206287174,8.778329562590644,-11.001428765108361,-12.430681502521324,-7.125481050786622,-8.641761557786385,4.436064106731729,-8.075065221762296,11.10910046474752,-0.1586762704668539,14.500331001394736,6.364479586791285,21.313004962377555,9.723491034686779,20.472907203196947,9.451931706475586
7b2c7b3c,2584,79690.37044037611,85917.96524757509,5.553370745863491,5.7662801311520715,-0.763710430512713,2.0067129798742975,0.7424966889153537,5.409104469384955,-2.6315855476283816,3.2060751989724166,10.417272454931451,6.8555533748242485,6.3359833455362295,2.9495581324022586,-4.676365685967423,-1.188074082074875,16.845183733457326,-6.178528814863253
7b38844c,3749,223872.4633181571,205242.12600349647,7.727564145158544,7.399042673859658,17.686666091939916,3.8279945862566245,6.460333781733995,3.665827731423353,-8.541749042928519,4.303605027953583,4.588168494772402,4.806537193986898,-3.5468583383383607,-0.171114510860426,2.4873940934182626,-1.5057636632669573,14.307593686297453,3.601947119630149
7bb17b96,3922,392812.92498392484,328952.53290727467,10.007810883517234,9.158256918632409,6.615940002172973,2.3618783979878906,6.080943221923058,3.5386682809694627,9.899820155932291,6.593965908033653,13.386443986573447,11.125665977688083,29.192537828396155,8.69733222216435,21.131487156589813,6.581766268197119,8.062399628247686,7.689130427879188
7c607683,5328,238971.50023502283,223510.4569555415,6.697164198552186,6.47689438234128,1.1191663243380232,-5.771020804227889,-6.089006073204391,-11.826366029236322,-8.834660463339086,-9.138646369333335,-16.701345949423832,-11.94798134804141,-17.1534574769546,-13.88647042940905,-17.428870984560298,-14.29696940678966,9.475958289623156,-14.793541517775372
7cbbd047,5121,336530.641554307,462054.3790108008,8.10652859183592,9.498809049911802,9.253401960376966,5.022355250792787,-7.106411076026026,6.809481015503676,-4.34237310301684,15.518577663605384,6.728679882155579,14.932332249186535,12.448451985170088,13.467210465988696,14.84120080852134,11.894096114355918,15.554340647822677,16.95033165240735
7cd4bb31,6439,261682.47006217198,297103.8557257456,6.374969373896598,6.792739056270957,11.804006610745052,8.125080147447425,5.759174823321973,6.243888794080273,5.706244898102176,6.659781909753169,-1.571240263039996,10.62108565930303,-8.91765572313313,5.579645749753437,3.922071256940648,2.8773773131189064,1.7314540461211616,1.4722167825179273
7d50373e,5122,506360.05990981363,557629.9662750775,9.94282817307176,10.434058443871606,-8.249450989505995,1.8079697032867585,-5.184157454145282,-3.328788700052269,-13.431822984083583,-1.5485464325202611,-10.85132960287282,-0.3652197498164761,-12.608714123889936,3.3915455328795856,-6.088110291296731,3.391119163882461,-10.913889602375946,4.242590358132615
7d57c75d,4405,493142.6411369532,463599.5817984219,10.580673718187793,10.25884720252363,5.956590473111988,-1.1227370459632222,-3.9380865924085553,0.806921635276322,5.191100716220347,-3.1170305370677247,-4.910674222471334,1.1316568861905063,-1.2505166146149307,0.6429348166269581,21.636719629436065,4.6473639083851515,28.782846304399094,2.835461028514941
7e208414,4226,64621.37317625611,27152.8353679829,3.910419454065456,2.534795029568832,-0.2811806912442574,-5.985856314668065,-3.5170436620181813,-4.7256524736256456,-7.91239461921085,-4.302097855814056,-5.06047826891886,-4.518579324738102,-5.974471876800697,-4.7678671145954485,-7.4005756607622235,-4.143519123314925,-6.482204920221792,-6.9562717096760265
7e721392,6174,5205906.785432836,4618960.207798374,29.037878330640236,27.351981739047474,-14.718987417624033,-4.596817130954579,-30.778487999760035,-13.424744778572599,-38.55992667341018,-8.828547601476838,-39.935261030728086,-7.15490170767671,-51.188598662441564,-12.241615997794352,-48.57139163071972,-16.947924516501843,-49.92406172279474,-21.99297698667425
7ff89f8f,7337,1114198.5881375917,1225500.6335909248,12.323158726121198,12.924016699871968,-9.297474030532062,-6.46183935877985,-2.3262600685731427,-2.5436268328157006,11.291833825083959,-2.5463445550952057,15.09127965170694,-2.782678627748502,20.198905273982955,-2.6666958935781353,5.437649724577113,-5.8414118907770884,-25.744843107102856,-6.951255151276169
8050c789,3077,99277.00767311604,82426.45579104357,5.6801602871961725,5.175705597682147,12.240736834962114,7.6417405026726595,18.490761974770248,6.18715567516263,5.062468978240928,2.8917709857262093,1.7553992973814005,0.015110844065983998,1.758241850100225,-2.5917611075557074,-4.32020989695314,-6.805852233884414,-10.047267593464706,-4.974405451782746
807f0298,3747,438321.6282293489,474664.05859349493,10.815699284310437,11.255151044371814,-0.6551156577256441,5.690647161715458,2.097715692446072,5.749193410283398,-10.3504737265704,6.644110016998889,-0.5126670250813068,5.768635917532276,-5.023943642498661,-1.3502643329094397,13.908491894270451,-1.0072205291815604,32.4134985162518,5.93790743470734
811f52b3,4836,129721.17429856595,122982.09895801831,5.179195320153731,5.042870368608969,11.320833672957953,2.9333598715822373,2.9575624393150886,2.0274036614571784,4.889772090312845,4.051870653071326,5.860060680682999,5.057410510549049,1.8218309652413636,1.5054145438759423,2.893194943796516,-4.301205112806967,3.3446791565539566,-5.6391498210179
81bf5923,4543,3474149.368364649,2647690.0760551775,27.65367630133888,24.14138629531368,-17.72228850598149,-8.450463556432577,-17.120155898141242,-13.5842910226746,-20.109884698340426,-9.732921731033535,-26.226569820147212,-14.86782023138023,-52.035010057107655,-13.621060103395283,-64.81463366679202,-20.80301092597081,-52.044046183551494,-20.8077111924922
81fc01c6,5909,1106567.9634401647,1050329.5381694797,13.68459822971713,13.332322015240656,11.219556553539505,3.131342230559171,1.9357825413738636,5.8931475390431896,8.466890187628781,6.6855527521802145,11.414912634628518,7.057147068630954,3.6347547929056088,8.316351278253379,12.541348477270198,2.795773285731579,49.30610851897295,1.5220102935213924
8255c867,3589,749998.3818077794,828923.4931388055,14.455843371484084,15.197442016312376,10.320888365316401,2.219635328077737,13.461245870954922,-2.844654344719065,35.18499167835756,7.781635257067661,13.993980847268986,13.504634106995548,14.44963413943782,3.3197141938438186,20.53991373069617,10.877673476989019,42.966920287849035,13.114770006360882
82aab6d2,6140,779022.1757204137,853081.6632392269,11.263950277333004,11.787212632130348,-6.417093243540592,-1.9998118485207321,-8.28113131878007,2.0123747151472946,-6.90053420409805,5.22516183541973,-6.244797945913305,12.563044230915922,5.108224899521735,14.75215203947848,0.4350081124037556,10.478558304991925,-3.7478376003831113,10.962194633762072
82fcf37c,6014,106431.4355174355,121995.66501141552,4.206813394410311,4.503918129661362,-0.3019634834110665,-0.08653925701660295,-3.503929710301769,0.02566741726588053,0.7485024506727411,-0.9198968459695684,9.444343686508963,-1.2001492457918668,-1.5199023215187455,-1.276231444952414,1.6046702512451718,-2.520695200838201,6.358418252204407,6.831541489915109
833af382,3628,788277.9872501382,713723.4455500467,14.740291099965596,14.0259195166779,-19.58602782005366,-5.45436044955248,-25.123713052312592,-7.799943546818251,-6.821476455948968,-6.412164857872446,0.44278110138863447,-7.602093773950125,-33.991110754425605,-4.322806896986514,-8.697535775877707,5.127883201123334,-11.660948692870717,1.5265945416631228
8382f4b6,4967,1923241.770830067,2151616.1704042614,19.677497297811758,20.813030457961254,-9.08728402517617,-0.9330931564450795,-14.545727061775398,-12.6715296743075,-32.51240652042327,-13.383054215774465,-37.642066707688215,-12.23180648565172,-39.70012489365715,-15.712864253230595,-43.85120990351054,-13.49899446774304,-42.848224269030815,-12.46780241086476
84633df4,4972,54821.925037118905,42360.69181238045,3.3205619016883676,2.9188781269156987,-8.13234469667901,-3.2677917965606467,-4.345365323182436,-0.7237911775707773,1.8833588229196883,6.2951635316759464,6.450863236153754,3.6584834631396754,4.04878625334671,4.926263095113269,4.508209732513665,2.6571621838756814,6.8108026746467445,4.280304857640997
8478df29,4857,359190.86001386365,496555.7666405019,8.599606648548038,10.111136262382752,-9.452163324094132,3.586005912379008,-5.757386904922432,1.540371997345268,-8.287261773015597,4.4741412353323575,-5.452459534233594,6.157622095881768,-1.861889903000871,7.523565221838095,-5.383436259640196,6.311973251621123,3.0665563159316367,5.179069130821402
84815d5a,3647,320640.69394388417,339884.6565009175,9.37651468716432,9.653791129110685,7.5477149958390815,6.9956444807346,21.111412212836512,12.909493749443621,29.98868717903912,13.71399635138884,6.149270880852413,13.283914150365268,5.64438893931837,20.588036364758057,6.609773149032005,18.89962140204887,11.647662604844278,16.88322292074449
84c3b497,5312,624306.4012465047,500134.12807392725,10.841012889745226,9.703182778759421,-5.667370832161524,-12.776910001404381,-14.296825479955281,-11.95776552437208,-1.9211849429405536,0.5215129192072977,14.548809886572242,12.718772861699026,2.4944546277147204,18.4357678818212,33.02303216033233,22.63269057693911,47.74134943133602,21.840862619932203
85380836,6618,506836.2858539455,462157.742879204,8.75125761245943,8.356640807444611,1.3324379633263197,-7.132500220397918,11.4254963392547,5.163068025230615,9.812044732214353,3.3365804623569915,8.175965479428065,3.66505507117713,16.5793401948395,6.049221872683613,16.701278290626902,7.706776178139553,18.839868246033394,3.356149814417436
8612b37f,5165,881949.0513937358,857622.9147450317,13.067321784671494,12.88584862630118,9.82276577336492,0.4751633566323094,-5.664230592127716,6.419311314847507,-5.513605065695838,9.37004702554717,12.440644154105236,6.530921248395808,40.3574927346491,11.471496867032801,25.92660945097116,15.253803864924464,-0.7763533217235015,14.676937841021736
861e71df,4700,209776.42538373417,219030.40408602927,6.680814471046115,6.826581401794414,7.381159866143964,4.981574921699172,-2.491182937053772,2.2505850388532034,-0.3495064412693578,5.143906003119713,-10.395179618169932,1.4835789633826424,-12.000161197292414,-4.576069022727351,-10.229021684593961,-2.0287325897268786,-4.052156240373266,1.6875552387363189
86454a6f,7964,24496896.057007268,15985571.042195952,55.4612819832215,44.80210832506841,28.85226116949958,0.7475378860039583,33.38061427590462,6.187681360219953,72.74560684543931,9.842527701720027,68.0015412862999,27.30274142781185,72.34960252083769,17.345786859516277,73.83483781134717,33.22866117691981,67.33545236265462,-4.62462372403955
8648abae,4244,218727.98207331073,240608.67362811207,7.179008797339552,7.529531454709075,0.5261472299729157,0.4827433463227906,3.9355398284417813,-3.402468242166472,17.598656945691232,-1.4923912706223672,6.877253630473312,1.9421269266257184,2.325976001421184,4.738577590389338,4.234772296129991,5.347140040096975,6.078156451760189,6.480298137413458
865033f8,3557,140186.0008947572,160945.28096215866,6.277842138047868,6.726624598004085,1.8515339978375942,-4.001642020293534,-11.22229585467893,-6.09457667565358,-11.179930899434003,1.4425667205878072,-2.970186151360113,4.873418613421874,3.820991770446603,-0.6756055111990922,0.41371452226524186,10.591645573655729,0.9147115627801718,5.809639775152472
87695469,7003,371971.12063187204,375557.84417028853,7.288070220075641,7.323123453037189,-8.294019384645155,-4.660114824173595,0.5220806505052704,-2.4269318894378964,5.690046657089111,-8.114586579909377,-15.671839911324993,-6.127698799253283,-10.516064901674302,-2.4492639844651283,-12.327981797015202,-4.549984628594904,-12.264999526079002,-8.498638706318614
877ed19c,3708,403138.2411270716,557694.7121912208,10.426946269279732,12.263894352537003,1.1893288143677707,-0.1413951689061336,-0.5804925589565446,6.926285946223901,-11.174921537748787,9.962000211014821,0.9437231244379971,8.31629584847531,-5.622046254160057,9.041560949945834,-5.344601056968881,10.387876467293712,-2.978303710088986,10.958284287028013
87aa3730,5607,654680.8563162991,884345.8926555732,10.805616321647479,12.558732308886636,-5.86049841196917,7.800352074719049,0.7455141238536411,5.826854056399112,-8.985123033558509,1.9375805755837732,-16.713919448580548,8.168505322865471,-9.111624420864622,6.1213092817111106,7.992653887735139,7.564522847062226,-0.3748867666434843,7.7537442757873265
884ecb5f,6724,1303811.8993898237,1438991.7486381251,13.924949145815116,14.629022215895956,51.19672203459222,14.033415832676585,20.79718494097977,24.909857195767596,32.73508568572464,24.635889256518713,31.497133571278063,26.838660007462558,16.21530763333947,33.36352879718484,14.88820123499007,31.1798081942646,16.36242081106025,24.90934104997254
8902c3f6,4959,123789.55504621641,155168.5725271006,4.996259037023259,5.593772870236621,4.87903733559275,3.5636791100660674,14.236197874703992,10.331041123681285,7.180960323131796,11.997806843681502,3.571014248927669,10.45864040293191,-5.060764121107273,5.783031811154041,-1.5368316967493922,4.003398416409668,1.6853033007181217,-1.534473483541739
896d15b9,4279,721269.4371153188,333414.4406531702,12.98307666792454,8.827161240594966,-7.684863318840296,1.9573433860734848,0.6059477986516626,6.522488786803825,29.626055969182705,19.45844243813493,41.05048583875445,27.008164518871702,40.0464493373032,30.399653901542358,32.14527341338622,23.939333143274684,20.19670353198242,18.22837913849352
8995c945,6724,289638.87872664345,224523.19002415705,6.563183946134956,5.77852171493864,-0.07918089044524201,6.546643733231487,8.533136298493725,7.085898605553827,20.896837747081303,18.711158292976545,11.201067089725658,14.20935429538871,28.9639246310361,20.633487651317726,16.432811729730346,21.65770463453186,23.82933430429698,2.534249971232176
89969c7a,4947,260758.21463990962,236422.1973324595,7.260190967220861,6.913105259167533,-0.281531251664106,4.668689001053023,-0.2925168042332764,1.7679328808889962,15.316104069679325,8.821162514084289,-10.273331254203782,7.207442925734324,17.60579436683524,11.10820152687796,15.10060501541641,15.80707302725898,-7.543292206648299,6.324548881583093
89f1085d,5994,496938.0749112496,548766.7310259424,9.105268716716266,9.568316179567292,-21.592579801054253,-7.275922016807209,-31.041386547933172,-18.668688097167763,-37.4066257144698,-26.107396954080535,-18.67649946571761,-20.38775720982928,-19.22705918778702,-11.85315696906549,-26.02861138133446,-12.47175086455707,-7.69075736600141,-11.203587892828683
89f36adf,5292,101875.46695826876,99109.912559146,4.387578386356496,4.327615112529868,0.5837451141481994,1.0885064059737009,-7.8542672712056465,2.0446663903304,13.167360505425012,2.0253114067265567,-3.605873553993744,1.0515569235465068,-0.7746560978213136,0.7566623845731411,-0.46602678829286637,-0.8894823259110008,-3.8514681214331308,-3.003574653288401
89fdb2f2,2031,40516.13835766516,59192.896968650064,4.466414873319884,5.398583661325068,-1.4823216243624748,-7.652392655691516,-1.5615542069766044,-11.171254619320028,-3.0276327512085865,-5.823616295168675,-2.500567858756432,-1.7144584065670923,-4.448736201489333,0.5447711066647644,0.8610883077099302,-5.119177031523688,-0.591545612824953,-9.79135289146647
8a3da6d1,4593,146395.99490474348,174010.38110955188,5.645681515127007,6.155160137849165,-6.336513851862191,0.2145223646483368,0.8511377488988199,0.04189470952496528,9.43398529380569,4.461764117326117,15.524175077301788,0.26665141623036936,-0.23262838780753547,0.573779617480122,12.270724114614627,7.623909611651266,9.576900383536948,5.999146303196108
8a89da23,3935,1088660.4389008868,972395.7115278787,16.63312503751376,15.71987719872659,15.503912798748749,3.9425540106509716,26.425129042492134,10.231128274787698,25.932249843872526,11.987970623099262,21.150676514955272,10.074883671044129,25.885033948315716,5.524015756512068,23.17034690581457,9.133537953155129,33.267055816601975,2.864512651202692
8a9c8932,4663,39517.94107912964,72961.09474728833,2.911149084815665,3.9556054187008556,-0.9827015439625872,0.47277451228793643,-2.2195187148108615,-3.3233211199214643,1.2097970678097587,-6.6745735549123975,-1.84724804874176,-3.1390158448660492,6.247695540743404,-0.35111251269564014,0.5446028431680494,-3.2437815856815932,-2.564379994428033,-3.953033472369703
8ac2f237,5319,2232361.4501945674,2439654.127554123,20.486476127345423,21.416531434363925,-0.16718147349051127,-2.493010740122302,-3.5842477912497426,1.705436058793418,-7.847078735953275,-0.30049485692156763,-8.997138804166642,7.039747107793042,-16.06081663834786,5.469181589522661,-28.38880524754137,7.194765077349811,-46.32625492032636,2.5845967878693585
8b12bab6,5234,550688.5325700492,444765.36211950646,10.257373207339414,9.218252918965199,1.494986719697032,7.374819988364183,1.3056412719330002,9.350663745816297,12.916266154242233,9.666883306151705,10.554517505561563,8.64340300920957,19.95327121416078,5.685258759379817,25.00807358674824,10.02559579727716,26.607195395174884,17.280800880427677
8b5be31b,5672,709119.7419120816,684877.1593524058,11.18128396278495,10.988495389062386,-3.378664850483559,-7.556038600118248,-17.38438355667849,-8.642652493705429,-5.60339604492046,-3.849634129872785,-25.08576750830612,-3.7669066968868776,-18.63162205917898,1.1235999932457588,12.523408283570818,1.0138201560354982,-6.477859420949158,-0.886699202482905
8b95d6d1,1731,50857.49219438363,86409.40209311072,5.420370045968291,7.065322107561657,1.9830438138927342,12.541945809276477,-4.0720210132973635,5.3500556230170515,-3.839866795507633,2.181935729475858,-10.52877498700578,-5.886143497539063,-11.773137172927242,-14.615661620452133,-12.594122223495042,-22.39552553773723,-12.07408085399864,-16.98644596608904
8b9d8326,6163,277370.68367979606,262029.16671708645,6.708635478647177,6.52046749116008,7.437233194034454,2.599189445765055,4.180925989260446,3.582480546567288,2.307529908965104,5.613058587728723,4.1869128380252505,6.169394808649498,0.9314181341770991,3.0620514670169166,-12.514695523777284,1.6854447652770752,-10.25640995273597,0.6491516944233908
8bb9c1e6,4546,150241.958767918,172786.25828578326,5.748849016728471,6.165096577749189,-6.287722424969132,0.7030393663442375,-7.766878984601505,-2.8266366945501815,-3.7363014915808628,1.376753729249725,-0.4863092175410175,4.930259876711378,-1.0986575071848845,3.8782762046705592,-4.492572349464442,4.232400986969131,-2.68152774876439,3.760347419809763
8bda1a11,5981,946313.8008928753,897457.2454967232,12.578553048954513,12.249545716281164,-6.96735852206683,-2.3934092485463223,-29.39303474389675,-10.46813482314332,-15.295462648533702,-15.922321451936279,-10.737761330887585,-13.335850157557317,-1.467044747371674,-10.734821023610234,11.1368856034645,-8.20312979462238,14.769266916177422,-9.112198012610785
8bfa881d,4089,617903.4130236808,632849.2770667835,12.29282620823163,12.440607515316723,1.867731400884284,0.15380881295869103,11.564298543772122,3.9797729805539435,9.750152381445094,13.472643801663096,15.84714487870686,12.70540601818908,23.542918092549044,14.162310687872946,31.71075798942457,12.14302678749616,43.9443401271989,8.716993494571359
8c167025,5368,359549.08506543055,455052.17197876703,8.184136051584657,9.207131420672502,6.246006108927444,-5.240301598238134,0.7376601924357402,2.218662678133914,4.818432666969224,8.327868546075198,14.463514599722915,10.597464082389447,30.10637309304711,8.470768256636378,22.991517506249007,13.29008477848547,9.886937782124356,11.530146238614279
8c8348e8,3888,333438.7288450744,499123.2552029737,9.260722970118946,11.330283440420677,-1.9195085957521534,4.438197798997834,-2.74507583909791,2.317828816978919,8.324599888268034,13.251015090292118,7.168845392485649,9.045185632973793,-0.19081576463530414,10.088356945485561,-5.629908930135869,15.960219762606389,4.460045613585288,27.414865158579346
8cc21f01,4044,214292.16393584333,314161.2484236347,7.279433311818136,8.81395306606238,8.289504004043962,-4.5169178811205235,-8.306729248711628,0.6957394918362786,-9.611472855403674,4.584891415477953,-6.010450302762137,-1.3730441657154082,-0.36239544625068065,7.252414729448525,-1.2235863338332083,4.61596036506238,-4.437979992954303,10.909136584708314
8cc800b3,6576,850301.494540902,786103.10779764,11.371180908444392,10.93349106437977,-14.36291328800408,0.025841906236352363,-10.893776394345503,-4.353118896526223,-11.852438956223684,-5.951188991695624,-21.799383348170295,-3.1329696221252776,-18.96478387315048,-3.3094439037441292,-9.881169682612292,-11.861541138153186,-15.388025332201257,0.10288141136404913
8d5d46d7,5755,983498.7404879006,961568.2054387243,13.072668249722987,12.926096190165659,16.806947801653916,4.821419244292389,16.295314374655835,5.612748242274068,21.90605927396867,8.474425414902864,18.913271344170226,5.359348768727572,16.319645028380258,0.38436462950316286,8.043415465576484,-0.9176899403370384,10.134309535860455,-8.388884856999088
8d92cb49,3589,121886.99274881968,111116.4872743274,5.827629752181348,5.564197318674996,8.950786649272512,1.5807990559697813,5.367762087233149,-2.184371044379333,2.7621556526518654,-1.3289754453038867,-4.03031453981051,-0.751096036008326,4.920312734218124,-4.267828795058232,-4.076005740300389,-2.545571930472401,-15.48984582498677,-5.623141696391878
8f201368,6349,6822766.342189431,8021103.155357111,32.78140668222029,35.54384343771718,36.19119167461935,-8.380782051436555,40.89355325432764,-5.92924302203633,28.41841518777652,-3.4126980149440937,14.265438164223841,-5.163386217460218,36.6609221682746,-5.407129787256862,27.65502545678732,-8.873839004949007,24.64657074349867,-10.298972877119954
90386ee4,3840,258947.07125069754,158109.1617214729,8.211828854658533,6.416717296637502,7.449036816530425,6.646647757104506,0.5647598679554999,4.570431972909845,24.895980480484354,7.051257052984259,12.058652762494193,12.094469152326178,7.504251295444178,6.345328859688374,9.635816560428239,6.140953793321864,9.120791014429416,-0.45292473507168596
91abc4c7,5848,482398.33763462177,454873.650317873,9.082370605732502,8.819454174844424,-13.691645218556133,-2.166084422881517,-20.231655806972785,1.4192043828373198,1.510972254435245,-1.190349080734733,-0.6703799923651526,-3.2865293936598237,-1.2842541366500317,-3.0120797499635525,3.293238767139597,-1.4127255820860867,-7.743277109194051,2.2434076457528738
91b301ce,6570,3690295.1053292416,2601530.872047482,23.699973685929177,19.899025438484248,25.72028595025141,5.970250677555393,-5.984301361070304,4.582767099272216,1.4273209601450656,-9.33533080185445,-2.8213192729828602,-28.925891056909393,-20.551077475015077,-27.476661188275266,-67.65677025837908,-38.56647690547324,-88.5954514762078,-43.108209585600925
91db7070,4073,3754192.2996878694,3114218.1265017046,30.359950018218623,27.65141173974681,4.128632038644633,9.22088508700162,11.049643689248686,0.44214626456996975,29.395479472160634,11.818609748645892,41.42553743492893,15.250595709749025,60.92951426768512,17.263515275517296,52.53493158082667,10.83403833985923,55.70253683074449,19.592576021134988
925a7cd1,4517,288619.22146525973,281095.66289537644,7.993511059205015,7.888637997281489,-8.84389603523124,2.17383872104948,-7.097309433043678,1.6838316879418755,-0.9476664839512283,-0.3553664434516984,-3.9925124802197676,2.9057174778891426,-0.4841545833936287,5.289627772672354,-3.0657277983791724,6.681315665685956,-5.315418855414128,8.514951416804491
9283ae69,3371,180544.85616392113,149917.79655468185,7.318350130975521,6.66879272188395,7.398714632705463,7.1851805060826734,17.327084183706475,2.740435108786673,13.348427508878993,8.546979164841463,16.681589693139948,5.784026312694026,4.038253712191262,5.514093967834415,5.114677988767349,1.4202274641223689,5.761745514794525,3.909508513314661
9298ad5b,3964,812259.0261537061,1004798.2987781197,14.314640651136411,15.92108359440114,8.033261802826502,-3.182808760767992,11.330595324197319,-2.2259372259408097,6.702223643864615,3.407715897175538,27.345556157251274,0.6638981013104124,26.395504522318614,-3.953397170431206,-6.29678766088461,3.563480338210715,-4.843209643796383,8.481581503162294
9314ff13,2748,425091.02647935494,883226.5498053059,12.437485986757885,17.927828686538334,4.611971668080775,6.817796604245683,-0.5486091049492337,10.086743993902449,-6.001896508839906,23.119606004847107,4.440077354319901,23.823069848545487,10.136789163232354,30.417184602288454,11.125590758616958,31.42789309510271,2.7430052813314507,20.708836429969562
93209a3d,4697,1079387.896816004,1160481.6779783005,15.159277110870597,15.718419091602668,15.901709090117748,3.4450530444528566,16.090830306227865,1.1074980913563526,3.401133019292242,1.2462126887615832,14.023201837201707,-1.5013777141400813,19.831993407932877,-5.858360295663985,17.426156692373407,-5.390049610865022,2.3633191025018103,-5.360417958961345
939d9c34,5101,761641.5683372315,683276.577263552,12.219337424113576,11.573656934986683,-0.07619619703459435,-1.2927619377570103,9.847794354482751,1.7165654731803837,15.779902329472051,0.11180624858619695,-5.807264164906299,-4.243504627948189,-25.713912200715612,-13.758296140946737,-26.829393326398872,-3.870397406210477,35.80273005425454,5.119136830294121
93f5d2e6,3691,1224012.1622222802,1127551.9006200014,18.210456967037604,17.478181627520815,-2.4890503378704776,-0.10010229829583439,-1.8320052109779352,1.6124708299800758,-9.593553832236035,1.5174295512978853,-4.15706880722956,-0.10651581249090789,-16.378325411596663,-3.894027257528395,-39.00320381284575,-5.612966242084016,-48.71635466765661,-8.647373694512105
940a48d9,3963,289752.7143103691,286960.0740033436,8.550700999788218,8.509395350803217,8.016780062099734,7.9476938071148595,5.283094535485939,0.23784215765971436,-6.730754409235798,1.9953929185804615,-16.33416246218138,-1.2451383419504924,0.823917401809446,4.375516203304917,-6.490905130962021,3.885180520490954,-8.156127548180278,4.303273683148204
940e709a,3348,353909.8164196402,366193.7875105197,10.281431343534619,10.458340116385578,13.443776355843257,-4.33925461611768,5.213518545633386,-3.159057574162646,9.286883621025016,4.724105317147705,15.850712220130358,4.508643716148933,16.00747739035937,1.2855902411904356,10.978335476500565,1.5556582476829068,2.175278701254813,1.4677062371309002
9426ec1e,2532,324335.21353545116,331831.97997604846,11.317883022891094,11.447937995583748,-4.15879518700317,1.3303866076746285,-6.455671677421111,3.3695809841906117,-3.5769444056061666,1.0780338531698548,-11.567332180913143,3.158320631726494,-16.973828899033897,-0.5334015314421601,-15.388881253580184,-1.9353412947770798,-13.89447257627534,1.6580599627542134
94467f50,3035,889421.7691933309,1201356.9019779442,17.11884776097302,19.89558329351287,3.2105942095519495,0.24962503465619573,-3.6043375908084982,4.5014279543018985,-6.668762014918091,13.568018843473151,7.143447626906667,24.980944224685516,5.293144565695762,27.09489330471399,5.055404585851248,28.42011912472369,-32.118989261533194,14.023463251170764
944f36b9,4630,56143.2177244622,82248.28229493744,3.4822356254693236,4.214760709587124,3.3632729223225994,6.2775416782137325,3.6376371039549937,12.757530274048687,8.470755924258231,10.971210228920938,6.232569800575273,6.004975556860755,2.223739744404799,5.4669661707173764,0.5993425904024363,1.3809614812538171,3.50602686783078,1.4631739250927311
94d813a4,4847,2307291.253868405,1701373.426712905,21.817988075100438,18.73541480294571,-2.454990206231857,3.038367473727001,-11.200495869779923,-3.532950034054051,-6.4341076820759895,-5.558333731299454,-29.195414853857308,-10.808963153016132,-50.835984519494716,-23.742339295275535,-51.08529194669058,-26.599235511608335,-50.108051797101545,-12.10955923589792
95b559e7,2887,248658.56721360967,166231.19599249307,9.280648440387097,7.588096980952642,7.677216816503197,-0.7611218003402067,11.354425883172807,-0.5587974749614169,14.520095156434973,7.714622908190398,17.27296693899597,10.987671229372015,21.871470410202832,12.328878598405927,18.292958868836042,12.748784513948303,-1.8312255148779535,-3.0351806215842068
95c8427f,6335,1916611.9569178782,1426413.8303393861,17.393772560942498,15.005465094082275,-24.79540390005336,-2.1807040929048958,-31.258086173068794,-9.984585492307016,-20.466435342962374,-12.880319286026971,-18.87991546942757,-10.85371985779952,-38.61017827955701,-11.629742522928703,-11.306178101093735,-8.858436139336957,-13.794775889796437,-13.237450487309804
96936c22,3346,85674.2220781882,67069.7652162655,5.060135150964012,4.477137420144705,1.1817351759252157,2.1698803359258467,-1.1708304444375366,1.6826221885551704,4.583089092810891,5.7179342834778035,5.653636900411972,7.197181547736719,-0.753922678260448,7.457675748397811,-1.4528663606785108,5.952993889457634,13.906172923191221,5.521400938419714
96ae5806,9839,890091.8808255537,1472925.87138091,9.51134510051309,12.235309650940046,-12.01145578315878,-0.9826876147854169,-12.339406028321495,-0.6746398478725799,-16.750230553710374,3.327260649291921,-7.793203993684919,-0.5122433191481435,-10.54033530270486,-0.7775297334380413,-13.849949136339859,0.760742831055239,-22.414811967586658,-17.215176265075065
96b7eea1,4332,164824.24202420493,163915.10765308636,6.168311814646418,6.151276764170913,9.336168235859446,2.1656013832281436,8.267792010351075,0.36836581756670145,7.293074299309119,-1.0871884200930357,2.2744316175283856,-4.474156898544223,5.985984150295159,1.0563244702027386,9.204268116862433,7.916571092424562,9.275469129417079,15.308479600831202
9719aa04,4871,674062.5313985744,819231.6399742167,11.763621128580256,12.968635790352977,0.7207955987680635,-3.3913301044970234,1.441337507241411,-6.494714065757565,-1.9095666829957771,-6.803200901774955,12.878023157608341,-6.432821809218728,6.044626628356621,-10.315783684597339,-3.5176877292711657,-8.21914326161985,18.838416199489593,-12.520057314770327
974802e7,5843,1202175.453959408,1341752.7042881919,14.343858257718162,15.153686436354773,1.9551852412135258,-7.095272236044795,-6.35251484807094,1.1350336420600073,-20.01743640825577,-1.4425150760964145,-12.377989213036209,-4.979190794373297,-6.451073595324757,-2.332332101299078,13.71111117423573,-6.840773364787177,34.033367079446926,-1.7919545236220358
97cd5bf9,3449,425910.8973456564,417357.51421497675,11.112525712115264,11.000375783862665,-2.8967163257057056,-2.822993327406459,-4.241898631516374,-8.620699089476659,-3.0812524849867406,-3.0867916994960405,8.2333127260966,1.2481140942798548,10.47214996122468,-0.22734122359835868,22.374011508439832,1.4139204888018064,21.3092278737494,-0.7776385772777065
98177ced,4772,204097.4564570363,212499.9186249149,6.5398619169615975,6.673123562896949,1.8718168784465528,2.747113228046019,8.442646028096037,1.319640850235492,10.267014496492266,4.13373376037884,15.102563480207127,5.056182605057258,12.86407492834075,1.9949062686251018,-0.12191551128861544,3.4628783196794837,1.0114293353707384,6.948340426351168
9896fc0b,3595,500938.1325215933,473719.2669935023,11.804364159869097,11.479185577735697,-3.594369971942447,0.016941821940543767,-2.525047969983845,-4.01080026401381,10.146855850161238,-7.70885297451341,-4.9387989042966565,-9.170002720793018,-6.132093752815955,-11.164579681015196,-23.1670345161589,-15.155065815329433,-47.091303699991954,-9.049785458607476
98bc6f66,6063,656458.2585467355,725860.8618425885,10.405423820608231,10.941652201638972,15.583973330001673,-1.6585419990506742,17.19606408625853,3.941024182570854,18.847787847530636,7.126874856668914,16.44423932804813,8.654232770167992,20.075887153164942,6.007593267867074,8.325060341373707,4.587575713012055,1.829440502698711,1.794995148420543
992c99e8,4904,881343.5084195302,790820.5668303985,13.405943177695145,12.698831101478682,3.697937175886621,3.722687922280527,2.596376701587647,1.1451077338205964,-9.889415546409754,1.9862808565978731,-8.271169983168967,4.133025421624907,-20.488024824164455,-4.779860369169012,-23.179177615645536,-3.6194843292423187,-21.19060788318582,0.12559590160579165
992ce078,2879,31895.53587723202,40970.39673865892,3.3284659547753606,3.7723697382019177,0.5443735110774539,-0.2861629873450977,1.2491174026789493,-4.816552468721697,2.8330877513129504,-1.3336109393160016,-1.6124026084701963,-0.8215093403963551,-5.3950718847127765,-6.643441163722121,-7.802451205264459,-13.696844406647966,-8.444705960324807,-12.912828062480667
99529c45,5840,2588379.9423490474,2415738.5041387375,21.052689698775286,20.33848208319426,-30.243366871004863,-9.698402728671756,-22.54149448897058,-8.352660345914966,-21.802395061202613,-1.7705710911776837,-30.60525709313405,-1.5271550897441624,-26.487408325221278,1.4674054170324953,-16.18575002349015,1.415107606149927,-10.424105969297273,-3.1585191206277075
995ff498,4526,131896.7020853031,94528.20879316976,5.398333282440407,4.570076179518676,9.067112711489415,2.7811115956844583,-1.9581978411216707,2.293733961416531,10.687097589753998,3.35695963341423,6.635731183641965,1.577743066742375,-4.711307591577873,-3.121653772364539,-10.457272528960578,-5.738885102104382,-15.000833211815165,-6.9397888838277
999daf80,3564,58215.803950959635,98830.5666218267,4.0415839295554346,5.265950773432254,4.51403661768037,2.9293210227738795,8.479294215527382,1.8792619404577686,7.36055173327473,-0.07867340726400887,0.6840467663519725,-2.522657526129419,1.9841258099688859,-4.760928473719219,-1.0265752019421084,-7.780310354295335,-2.840763837934185,-4.102759947537154
9a6b0392,4255,423977.27006782347,536216.8330702819,9.98209054385956,11.225881137000512,-14.527581354045392,-0.6932456925442183,-7.954302221693121,-2.733197692979215,-9.835896507413391,-9.802174346215937,-6.545647865956102,-10.89617670570094,-21.584567680652217,-5.546056487585792,-19.776428519111402,-5.757028281668402,-26.19673226267221,-1.330252506172314
9a8ae0d6,6294,195579.5278809542,175861.72656194583,5.574402547009828,5.285940825456085,-12.57803854760662,-6.952347416778062,-0.8145957105699848,-5.2341857521703385,1.0444819760799204,-2.0303554849595242,-0.6917371829114983,-3.7823818238972464,0.8101876928878597,-0.45246397259064974,-1.2897217964209644,-5.58426972465315,14.408910186150756,-1.988676181289102
9a95e33f,6447,3116312.927341457,2177110.877335339,21.985770767271976,18.37644244508136,-25.165229415092146,-4.345407105702704,-20.35624634864168,-13.2621215614124,-20.83893775611783,-9.475125615745048,-42.39577667465848,-10.704789857834545,-41.89342969304341,-15.674723689582816,-27.88554121044561,-12.772579739553908,-11.52469024324369,-13.240717036501488
9ab94eeb,4442,294494.48341953167,258255.35816131823,8.142341341210084,7.624921788060998,6.194327260151141,3.968557692236047,7.27252787502754,4.523258205322751,-8.093619050471485,5.260477714445226,-10.644816157517415,3.140662893836671,-4.570721151616435,1.9208299574393954,-1.3795156695192619,0.11315815511552385,-10.24355204962653,-3.3108952484881633
9ad5410a,4205,312924.6165909067,349423.55539203796,8.626544447578185,9.115764335883055,-1.3481330729218313,5.88678654792993,-5.353382264228525,1.077843347095434,-3.0490613743442907,-2.0282904134659345,-3.536922384662499,-4.8005531625720534,10.072986926277302,-5.165721285462479,14.767003221944323,-2.5128279757249716,-0.27015457267246745,-5.000823461298476
9ae248be,5271,246769.58226304053,248412.40200723615,6.842255775580958,6.864993478477613,-13.708747002633181,-2.370832162135919,-7.268658499746971,-5.087854999682707,-7.536897629514527,-6.481298606542856,-6.224629300797467,-1.0820246938819038,-6.354003807251157,-6.177985896142542,-1.8128616884800608,-4.859639867712458,16.62041718220375,-2.3703873401818165
9af1ffd0,3525,369085.8139592728,292808.82677014574,10.232555665592008,9.114073394235001,0.047866734040720726,-3.0569160862352165,2.1704108950661625,-7.483410592274238,1.3533036518360961,-6.50645734876638,-5.320089605980581,-5.544786530371329,-23.65306119298571,-12.885947695534512,-27.401881170447105,-14.010631654088252,-26.658120463105387,-8.914231376794206
9b5b61c1,5532,179738.47133314496,146748.04898170911,5.700060117738446,5.150448895165518,2.0089658524369325,7.966794462917699,10.419723046735069,8.838506228436401,12.07419726774685,2.1657538210221183,2.4571097864910065,3.527147735128471,1.9566691338665754,3.594257762784072,1.6595936665582238,5.871257479259221,20.565509356051287,8.696526035838403
9b9e3b49,5118,601738.0622587462,638518.3850951676,10.843103439326097,11.169572785582284,-1.1368877151731767,-6.001576512007926,2.039711401927182,-9.229647043066635,1.8305733267794562,-6.249545440243337,7.121256111933057,-8.126307197032606,9.08685525964352,-12.900324103418438,-15.554750575033204,-14.301963282054981,-14.237903132394745,-13.965631027687397
9bd2bba3,7439,756731.7270621816,563860.5293901506,10.085877569281891,8.7061985649362,13.182296547663292,5.586048857797495,6.656998825806813,10.55796191859913,8.721185572111601,7.6610651291254985,17.468962046505396,5.117274443285254,15.560104129385664,3.4418368108919686,10.641746058030034,0.5868797369762009,6.268349137493377,2.1362791409736133
9c211c53,7265,390831.41945099726,476074.0339023928,7.3346083012918175,8.095048182653143,10.052868091436657,-1.8068639127080695,2.2764823693695426,-1.0934969696826315,5.816334248146724,-1.2114664255158814,4.936539548987489,3.9282396234801227,8.765466930231014,10.749845061748418,-2.141241888333113,10.387062531134243,-1.1190885006670177,9.405742919431983
9c350a6a,6052,627830.6580276075,658949.4470124273,10.185252499461843,10.43461883159508,-7.103907029491118,-0.4967438306383115,-0.9978883758708035,1.1194004608278774,20.27311118946525,-2.2787554191279873,9.087257125920106,4.517898816094974,19.767385736150263,10.449311346713268,23.31656324864082,8.956053323756597,-19.489440535638852,2.691170027056493
9c8375f7,3674,285377.11435807054,258527.46467939048,8.813329254745366,8.38848954540683,-4.428162488872778,-6.279864381961041,-11.42888137023157,-9.469814959996198,-18.231106046510263,-3.059148571393865,-7.251013344336288,5.019057975396174,-5.408084790583585,2.0397420740578296,-1.2392376492804091,4.53194325456555,-5.192235144134576,4.885479574768816
9d072e4c,5107,316679.41419043305,299522.63750647183,7.874572530479236,7.658291565721081,-15.406630600089946,2.9155455601596003,-1.0683204063815945,3.6605998351660425,6.761930988871756,-2.7861604831699083,-10.308684737339584,-2.5084686856487415,9.83607097656692,3.970978411140397,14.494577778954895,9.95380168910191,9.960510400177466,11.891426741700702
9d3ec64c,3480,279853.72149554966,347758.3145017005,8.967593660617077,9.996526904088581,4.32232757766102,0.8892838046384599,-12.449398464066629,3.2000423911114417,-10.104095452009455,3.2108198236416863,-11.878431625184268,-1.8119858702509681,-6.7864798691364765,0.4461824279296497,-8.425571549690034,3.61642712409584,4.791387449216254,12.55338150686178
9d4272e3,4030,596418.9556455755,620491.5041148255,12.165310438941754,12.4083889028741,9.455278381914741,2.6806054780149724,9.029061978217976,0.9583940315797609,15.14887114271637,2.727737871672729,7.776878397484651,7.46745783181971,12.830862135296888,5.760128915553612,20.466248162358283,-2.2872953607141526,18.57793370320832,-4.983760379067017
9d5e14d4,5400,239118.3303481143,248767.0143878935,6.65440998787179,6.787338626250181,-13.525903498261629,-8.725133508488042,-10.552851968161304,-26.536355670963587,-18.126487112150887,-22.75973365392513,-37.385264632443196,-30.253293024683067,-38.530091775674805,-31.649511015462036,-37.97496468337497,-36.51470541518128,-38.28958963728624,-47.94216963288859
9da441ba,5783,275180.4213222231,250557.7164356632,6.898142624080171,6.582294283520886,6.027537011305809,-2.585715585979097,14.757811991919684,7.381782299393885,13.505190126934771,7.860266418789417,-2.758452762264778,7.0921124308052415,4.67560901110032,5.301816873134387,1.1539787958170482,-2.455457624421249,2.715801457643732,1.4468162811111536
9dede370,6297,1655964.7208430208,1394399.502880619,16.216558513578047,14.880816557775793,5.0633453045408405,5.786736225337269,8.653349005862152,4.571973572584812,12.85388223814946,5.913998461079158,34.76297286756825,8.988974278947484,20.58481021729478,-1.3289718049166084,16.866693620622193,3.920709589991121,26.80304256985278,5.646040765904891
9def2eb2,6003,361541.3519302748,437332.2628986277,7.760591382045546,8.53535496279646,9.518407318984023,-0.0021547171728107718,1.9633874414562449,0.9173455413909435,-10.997919229163946,-0.8940236622197322,2.5467635801618256,-3.4605087602927767,5.78893459880039,-4.993085487448341,-6.438427757612678,-6.016878832263731,12.205438613359759,-9.827340330657412
9df1b1f9,4701,235062.81897964445,326353.5013598233,7.071260627518552,8.331995230069182,7.744703132817709,0.02106829678317057,11.175613055387583,0.31543591430217705,9.34514554354249,-0.34848002495349834,9.439153006868336,-0.6178120650243218,4.979765765094607,-1.8502851556430868,5.283379690561507,-2.7599278675454424,-1.923226352161032,2.263145411349339
9dfff011,4319,131868.74790412094,130766.16849803727,5.525598680168629,5.502449905812226,5.805240628726087,3.1871516467232963,-0.7147049431451831,-5.619103284679873,1.1015123614096058,0.3660765816442745,-2.657499114723791,0.3482532972534095,10.832713980532038,-2.180420657481931,3.444605165367676,-2.800640427559447,6.4411300125246065,8.820368851384647
9e3e364d,4290,157159.19236412688,148991.60725362643,6.052589889784566,5.893214605018105,-8.117284886372937,-4.272932742540204,-2.3187151477084234,0.07146891664805032,-6.747534707738328,1.8896598795263393,-7.324786552024679,-0.7552414785749197,-3.8809177546376805,-3.8081901498257222,-13.01264270771551,-10.42253869747267,6.416471430801717,-10.827995438221105
9efc812e,4450,187062.3238925346,171963.54494094918,6.483554370807825,6.216389084119262,-4.237543591519257,-1.958517112216939,7.317684540376065,-2.9301809082538726,12.56009209127621,1.622151289425862,14.691423029384811,11.2510543580436,17.93367262335269,13.809895293683184,17.978988641044005,18.15997364718892,-3.2120154818739532,6.99805200718139
9f0c7bae,2542,35214.28661446958,55483.3683363557,3.7219597668547673,4.671901053713225,4.239574022473352,-0.5760880528698864,1.2601098455585555,6.865227234070422,8.398907074310092,6.604239878868337,13.116354053278638,5.775817095152673,6.229490107418137,4.507692526768606,2.378651094294799,0.7839238518624352,13.4667248099754,-0.31498666717007506
9ffce529,5212,387931.6130059239,382446.4381376993,8.627309583282772,8.566099343903714,2.647517428508737,2.5661401508287462,12.745322440902813,-0.6219008671412404,2.428354035698551,-1.318605758625856,-8.43609837340313,-4.800469619040459,-9.349692391737587,-5.318193463636407,-13.838422943327517,-2.462917003863752,-23.97514181640321,-3.792834227713901
a0383629,5832,143674.31847734223,180921.57397454535,4.963417586925914,5.569759219184946,-7.040044279397249,-4.636801119187799,-13.881422734055503,-11.645279102861744,-13.004131952725416,-10.99313141099514,-14.862344017165135,-10.19504078271333,-4.186140198227292,-10.445817951671392,-7.094918943944819,-12.041009527817687,3.1186949285284893,-13.809427858140841
a056d01e,6557,740994.1345837419,856042.4450147384,10.630526962007638,11.42602204262627,-10.026844848779078,0.024961396113251412,-11.44766544853093,-2.2906602340692648,-7.504411177213586,-4.19692018679506,-5.041592268851707,-10.878561908027166,9.895813831090946,-16.45294128343025,-10.055768978254468,-9.499757147942534,-35.02301343839565,-11.437049022793108
a08d9e63,3685,1921088.7120214454,1745915.1324024554,22.832578738232133,21.766711369752812,27.818319510878432,8.417347622050645,31.508203368577096,7.258101826837949,37.76669046062481,12.092171507529134,35.034076368444275,2.407676497370935,18.395739108372513,-3.984485866512132,6.074917286740156,-3.3578107524671252,14.076127838455164,-0.7241711893614575
a0b83014,5035,410816.71904134756,374659.4082019283,9.032839997439021,8.626181345655143,12.963856461142257,2.0237356284314294,13.740087992599783,8.381792443002736,20.674742696821404,7.508613532699544,16.99841044924659,8.36048963911012,21.259701735756444,8.182629551532338,8.958965378271717,8.944934510243304,0.4555191436245458,2.204945145436251
a0e92ed6,4897,249592.15045630536,254595.12458692768,7.139214150893845,7.2104104817465355,13.748894034758017,2.152771138108654,5.25344326037121,2.5605090287455035,14.713146830804966,9.553115315999415,8.481482092443873,5.556374494050285,4.072967686203738,7.572941625507657,-4.0792164714179595,5.435896951192137,-17.58898182422252,-4.532361346053532
a15bc102,3236,59790.30669366782,109533.20389622725,4.298442623861187,5.817931975986183,0.19969756198307442,0.7176027164168022,1.3303518362607403,-3.2926236642202205,-0.5509349523627244,-3.4248546476420536,2.274424084253505,-3.4773415942853645,-2.5407462432190697,-1.2270069828459251,3.560186323057623,-8.946371343864806,4.5269101703221954,-6.392774815760675
a247e7cf,5674,142777.32424846324,215630.66218102683,5.016316771581381,6.164680775970522,3.724072643050123,5.611213415710558,2.1747923790383643,3.737955010738196,3.109911171541798,2.0832296716998924,-2.0902329401503215,6.981180998745906,-7.136480389159719,4.4877342605561905,-2.7226257448217477,4.544090044646878,-2.5870568140633043,-1.2007835101098903
a2e8e7f6,4760,272051.99435625115,270154.05685842055,7.560011926375746,7.533595022421437,-5.309207808689147,2.5803966219526386,-11.863635591037031,-1.5724445296050154,-5.981077896374105,7.343735049803904,5.93979943097886,5.658118049200236,5.221339542308591,10.042482817403046,15.1348782263128,16.60927284619457,24.581118332840305,10.325825281508912
a3518960,4967,194311.30553977253,208713.19625668915,6.254634770978679,6.482281316044225,-0.28415420124846547,1.8329678505003806,-8.652886755170769,-3.7755804678516944,-1.816201169934333,-2.2612115094210545,6.474569868312749,-1.7803648199636986,-3.835677256556291,-3.4352970552259743,-0.9982355250755335,-5.716717068484554,13.21874134642902,-7.844102217676044
a3f71395,5543,844669.7268351474,764550.6397738596,12.34442954520486,11.74439606174397,-23.908101945209737,-7.124419898889153,-21.091417940817955,-9.317754767558345,-22.435885055112465,-5.239962809747341,11.670532119270424,-5.349019600098903,6.989300836669489,-4.813059856237691,-14.464617505412935,-3.882728167360336,-9.492466290625877,-4.568551739217567
a4719920,5884,266542.8251080278,326570.8120025217,6.730497483944106,7.449932725944227,-10.682246045861026,-3.6971217554456866,12.042904630417876,0.13675288895816748,-2.7560286003363133,-5.123030999718366,-6.513724513270381,-4.9774568725387365,6.739698050164614,-1.4367787092335116,8.949578988457555,-1.9664712386862935,4.888679221421661,-5.438678624984528
a48640d9,4532,957349.5046873217,783503.8097865683,14.534172417032934,13.148481682761256,7.967586781686528,3.8586144074843793,19.478364778589487,10.029079696354277,12.432820279876367,12.44108994346609,19.01367563044301,5.897046107794283,11.839508387783244,-4.28806081620251,19.478315314239843,-2.819523155873783,4.840539796068212,-14.96966085387837
a4cdbb0f,5204,699951.6841788178,722412.8006127122,11.597526872144712,11.782137111820402,5.1753283162821155,0.08445177664641701,-17.60472799031328,-2.5714869452582816,-13.866272335291391,-5.011533634536984,-6.40678077051286,-3.04624352220273,17.89182393002053,-5.078900919172449,13.654639970073493,-3.6017518424315673,-12.030227750500659,-10.714190428368
a4f989c2,5385,982829.901224504,1992599.342239028,13.509719333732697,19.236104933336144,-13.14038576768382,13.645628744580407,-25.85715568471891,-21.73149489560894,-15.21633268732084,-3.4528308626623243,-18.311723348615274,12.566715762782087,-13.126467349524358,8.858721818706849,-11.223584840081502,-4.83508348558141,-13.677086057716457,22.220388908658887
a5aa7973,4616,3073077.3426350392,3935055.1798563935,25.802028181582045,29.197287969129114,8.974374340759763,11.286151866144232,1.9531252282293217,12.290606047052552,-9.370963267270254,15.37417853943225,-12.685512486074296,18.896754966308457,-21.951397250702005,21.593287024771406,-19.13356449757697,18.465533218714263,-20.859229855671234,24.037820584179833
a5e6f7dc,5649,1050548.9278455528,1495439.0355689419,13.637110343380469,16.27041270341826,-7.9257476339517545,6.247453763491033,-5.328854875485698,9.35932003948908,-3.0736222036734007,7.755637076713969,2.0170806742375804,12.34350510715634,-1.340057104966113,19.07001334646979,-6.496185238534833,12.253026279240135,-12.058296401799318,16.714048692607502
a612d5a0,5329,572873.6187068128,610471.6455148982,10.368276047175447,10.703107525339842,6.692758502558577,9.279015913875767,20.786726866995437,10.690485405476762,12.7532545336215,12.283246103186054,26.235630580291193,9.843152995847937,26.01503387074519,3.1481469617508115,15.133558775003717,11.23670688157409,17.58591725886474,13.457605167190405
a622ce4d,6298,282715.5573079786,396726.6004461136,6.699980298241257,7.93677981753563,13.955996828275927,2.724535766042867,6.451753169285563,11.06726802505064,-1.8447136307743088,11.31377306281706,13.488589535952144,5.891789740540648,-0.9168299701288474,4.71639932860094,-1.8606361286604036,1.2490049035135846,-0.9402589573213491,8.818152432330027
a645da9a,5153,336541.75006794446,421977.9672811761,8.081452100410019,9.049296469799541,15.077515701326274,8.860482763221544,12.383987695070328,9.425170505204033,6.300348657842501,11.14367996117263,-2.9587818616148405,10.44978485986645,-8.434781612479584,4.2105206197889675,-8.953069601274041,-0.05025714077231278,-9.672058832986059,0.8397136002062295
a692b17e,3566,188574.90727391103,122609.47429953772,7.27195666202092,5.863694640277482,-0.06013904588008767,0.622355803295951,6.842378346179403,7.902169246156035,25.514850721230122,12.153640084627137,10.472258410717455,13.247764259177647,31.28057411912874,17.60468183757387,7.73539172559774,9.17384395568577,1.9641955886986882,6.744399893065941
a6b8ac67,5453,1170994.7256965383,1265040.559602035,14.654119225913242,15.231212461468814,-11.384765171270056,-3.2501082485105366,6.42366730766524,-6.658632156130935,11.00845703049874,-7.470769572930999,-2.0385147765028186,-2.4884578049329256,17.72510348507902,-5.6789560404171056,17.815980832681007,-3.941010573007717,17.06030608890766,-2.795251894863099
a6ed2eff,5275,576244.1424870861,805800.8014206039,10.451822603362011,12.359548768743101,10.234145677226069,0.7458572733724635,9.140232535431945,-7.316207244076293,0.9726676235955853,-8.015561171797547,7.8983727744950425,-7.990121256633662,-12.26772724979245,-7.104154797200168,3.4483025332950556,-8.268559319650764,19.838578022145555,-4.109039130509602
a6f967fb,4670,403010.9530736305,632937.331633521,9.289663536635961,11.641847756841413,-7.4053402909498125,-7.998224479613254,-15.869751131444719,-16.76329687373117,-5.701865731989937,-17.79478943863225,-5.450164526274388,-11.499411862805406,1.9034654836235352,-17.231863159463042,1.657843804701938,-17.32793958222863,-2.1791402957246166,-14.48476479340805
a76db406,4672,42356.275809564875,90138.38861109028,3.0109771988701226,4.392416132393822,1.7224144866883766,0.31324213933543277,1.6062814756271093,0.1711659237244538,2.9712920395084828,3.571239665767461,6.571944926775316,11.554925281820664,4.082554748057814,9.357210343832508,1.1551766154508494,11.23306020827651,14.4723364449669,7.171961711315421
a7744f5b,4377,604222.5789633853,501174.139311635,11.74925154226336,10.700548833144417,3.4866704580935712,4.021231290633147,3.5550947281994283,4.136582672423062,3.1610946095036665,6.231117805997999,10.074976259989764,8.656480810483288,24.0164888813368,4.057589194809775,24.021971948205568,6.843378589013649,21.124465316282052,4.674636671810483
a783cc24,1889,934773.5992867922,1045851.6021211976,22.245247400617053,23.52984433527212,-3.7839617603484417,4.0491278896121194,-10.46547913404185,8.736360589374618,-16.247220374539864,7.730488618540967,-20.818680736021108,1.4041894050981854,-27.96666777313677,-3.365734029807421,-39.134253914752215,-13.298493605744747,-54.309376796354776,-4.6698581146304265
a79fd2e7,4404,823305.2175906543,1115720.5994264667,13.672778514105643,15.91673811102701,4.38083859954952,9.300384395283086,-21.43743945693467,10.336945110154923,4.619218067037176,12.675351602859735,6.627459738091424,11.09345821994711,-15.822190892843935,8.296422328832628,-11.664167231901192,7.669710420641005,8.724577228115582,10.114343308908037
a7fc3e6b,4764,1510318.3882158755,1654848.2365567894,17.805262409825964,18.63773830028171,3.818236598038243,-2.551245468102846,-0.32876145364184595,-6.753968407485128,20.279538990847726,-6.922067735609208,25.614178983977066,-6.426229182263472,18.031950031110078,-4.839129185365425,6.289420037015105,-5.636379734245094,-5.9693720642346735,5.0830869233915115
a85bb86f,3099,151714.90807543427,114529.40092350997,6.996862526383669,6.079217845836566,2.3240881221175465,-3.011322352733518,4.409060323740544,5.944285893574308,13.972796804546137,15.215484026859508,2.526477938631418,10.527094061022291,4.979702148709508,10.487709107135725,-0.04197592953551488,9.921880383612995,-2.9405175618743202,4.784280612988622
a85e4bc3,4581,390514.73049534217,601949.6533640446,9.232909194915711,11.463043446889632,3.843489482086651,-7.6212441450224535,-12.130103757101836,-12.849808693761489,-13.26601940896564,-13.11152166311254,12.514829922934197,-12.466105527487997,-2.67267920716181,-7.111703036177573,6.5963710721701565,-9.738223374486605,15.524658658745679,6.400310705474851
a87433c9,5721,640710.5934028396,762888.600014311,10.58266329190039,11.54767596267064,-4.703427925016963,2.8499228825064855,-11.225850169517294,4.218923278910778,-10.554106539627817,6.099855747510167,-6.025081686064633,2.6156535142169117,-18.31237189184968,0.8827835172866136,-0.38026525146833823,-2.0910719659530033,1.5690129784539402,-5.545794615984288
a8ed028a,5538,906748.7526217161,927410.3188232789,12.79578716321697,12.94075116044177,12.186015023851656,-3.0609962948169636,31.128582565518663,-0.1338893419077264,0.3783678990953483,2.7006490859063863,13.600298714682552,4.997054972609342,14.33644446175131,4.510120845815564,10.571799479105724,3.5526136740742302,7.614843573103146,7.237931554773122
a959858c,4404,3581516.3851362625,47694372.18962923,28.5173926928505,104.0662518985037,10.551973195783763,-107.26746822977343,3.742832892665425,-101.67653051108327,-5.648779580211366,-110.72495196446297,3.406128360099877,-130.2496934982084,8.415133725317489,-124.26735824771072,38.29589634074415,-42.35253807783821,39.941416489216145,0.12272054278720237
a9c9b150,3986,122814.20291838536,138950.8921603597,5.550800896869274,5.9042130807118145,7.743758893206399,3.1661852427165265,2.2519219403639097,-1.1747611018225648,4.7747328086787455,-1.6801481978818753,3.959579476870701,-3.858456799006946,4.027373333540018,-2.9667890826161054,4.776915441036893,-1.428438348939193,5.330566210733426,-1.3709570477198234
aa95015b,4300,273456.1863065168,369300.09130207764,7.974613591375328,9.267348173197869,-4.477323912814614,-3.7705585609395813,0.12158108049370497,2.8278550566291805,14.973656610537965,7.216337407960377,6.489342212142175,12.375223438965087,-1.7770905017874297,16.606275518827037,-0.6452260678622479,10.94252685680495,-8.944755153740289,2.7640600320600712
aaaf3c03,2997,661610.8440750657,629453.2295794989,14.857917274327269,14.492334903807958,-8.357958336547867,-4.225799502768404,-19.980759965736986,-5.026860835672659,-7.684829039952059,2.718873450896202,7.412246719333377,5.814998869371518,22.179169524146253,1.6561254668499779,27.91550740318192,1.9520679025307597,7.894129478791285,-7.560448151124307
aaeffccb,2712,145959.8687793978,209200.0677976965,7.3362122796353395,8.782862179665422,-10.693951564656137,-5.596759082626991,5.53894432006569,-0.3277208664781546,-6.644225553130645,2.790647460237227,-9.490659706434958,5.746173942627897,-7.135332356640673,4.826630180431968,-2.8490766144520734,6.287153098796708,4.565217946861028,6.158772885251889
ab112491,5185,4853570.259609692,4624579.220212401,30.595410183915227,29.864945830077154,8.163187004143836,4.044561245973742,35.851811373365706,-1.0260788555105185,44.675090287980446,2.604320506717129,44.03803385620424,-0.2877131124109558,38.63149823472162,6.456255044642757,15.614021186700835,2.968636569523705,25.967540251647485,8.504466519126058
ab18d3fc,5694,440246.0415096557,414316.82922079513,8.79303898044961,8.530167433821754,7.378283496727219,0.6626965156190424,-3.7673965184983906,-4.959364679302972,-16.79683319494952,-8.217173926510526,-15.543857900161328,-10.781952629411803,-20.01108772746134,-10.408628354358566,-18.24356195177846,-7.98623066380878,-21.725465296286767,-2.025060439486186
ab3ced07,4250,536499.7544935624,602445.1311803249,11.2354455341756,11.905956306481272,-14.452205847156462,-2.5256651421800735,-13.20253074938272,-3.066723636028832,-10.636895037028179,-3.4611333124891814,-24.772425112645763,-5.123739466865441,-29.761731136397962,-10.353418734450832,-5.290805167971701,-9.101109284913626,-6.603368183251462,-8.722298230758199
ab6fe95d,5491,174763.76693760784,143036.2605976215,5.641569941720345,5.103843535060699,4.720347627401777,3.929454501150103,-6.767861523217295,5.153176501391959,7.083285256969914,1.5870314093325761,9.008290011872123,4.596371304385516,11.1622039373457,5.730055554292504,4.183474598105908,6.8503610790127585,10.588364262840773,4.818742988196684
ab94878e,6004,1259176.49595835,1492673.0640909919,14.4818139070019,15.767469738268106,13.268384663923761,4.680233619272921,5.022964465984231,-1.2584842262316864,0.38409207244496546,-0.009971904356919392,1.799001397866327,-5.149898718306726,13.280616075072643,-10.957974684932912,9.63456514563848,-13.786206980652565,11.039072028979449,-18.86076570609386
abf460d2,3217,229106.58751129045,325317.37172169413,8.439044128937931,10.056065582317165,-1.3380910906220351,7.2887203834611665,3.144679312623167,2.4294837858040466,7.008367999060687,3.6809042281059257,6.310057013172258,3.4199965302576514,13.512856152056763,-1.022615251377356,9.48762130298852,-5.335759545008218,19.170690760874344,-2.0933354717630395
ac6f01d5,5004,1809471.6791977326,2069876.027220926,19.015915749658443,20.3382469749036,-2.424172398230384,-2.2302686274898122,-18.705041980668707,-0.5721073165584881,-32.65024770085314,2.0325633293114853,-26.245404659925445,-1.290035169639296,-23.48929707795248,-1.7740085679037563,-19.66847525396436,-3.680565112377818,-19.695068702848122,-6.254231174917555
ad2133a8,5729,2705494.292071453,2209443.779553975,21.731209562050445,19.63821753578694,-22.022523160933655,-10.075988689093858,-27.008525622965454,-19.111787014356043,-34.090998903064154,-17.68089300900137,-48.946810522114845,-16.851402337184236,-50.17423252196375,-15.9544107462681,-28.68531462994666,-22.178621724230503,0.615066367558434,-24.227318164773273
add9c322,3932,1312542.5916753819,1969812.5284707446,18.27047960909437,22.382350537479084,-5.306362734290397,3.4282000539776876,-6.483101681555686,9.322879879278483,-0.45735957427583074,12.003809095688855,-20.416830807196362,9.659935651828011,-3.8859357568833293,14.878790702328047,-10.835772206089722,22.577799598561548,-10.389009385865943,28.86646375617866
ae069086,4770,272921.95941760956,228482.6801423023,7.56414857690006,6.92097774479003,-0.09960517713912775,3.394248739170203,-7.153569395437808,-12.391088668681466,-30.737055635636064,-19.42175596484959,-37.114994473013155,-26.453395177603987,-13.059655959797936,-17.74422549554909,-6.135843696965608,-11.029226408969269,-13.252090576919915,-25.07626835874374
ae0784a8,7823,384301.93203986675,616297.647049896,7.008896047645929,8.875822114548805,-0.008094873633756161,-1.138639974390599,2.2904020086452856,-3.5746371217449875,0.727896468529751,2.734137711754758,-1.2776780426123677,16.62745770835484,-3.328464262766254,12.557913584570091,19.84605583815178,17.62929299324444,12.250640423599465,17.70602208712829
ae35f33a,4450,105361.05762093351,170785.17976888333,4.865864996278415,6.1950538401934105,1.416523374088713,-2.7099569969670703,6.204084175904617,0.05929879902877033,5.019492078606653,-0.4903700270659801,0.05720819056828397,-1.3668096273576666,-0.33748308974321106,-3.386797451157714,-1.646356588561332,-14.871338362085003,-14.338069007954466,-21.406268272762087
ae8959c3,4518,1436496.4523282906,1262232.5435376617,17.831142288409154,16.71462253120615,11.942407322790382,-0.09514272710289626,19.34382142567683,1.72184954499182,15.842715097218928,4.765566202692775,25.896932038217162,5.065230940649284,28.8914802485615,8.190191759579019,29.059417905332307,12.897363413172872,36.72760384928883,12.422508259987007
aed44918,2719,556958.260331527,724061.5090067368,14.312210691995343,16.318608626285528,0.8080590005887625,-4.872330649406407,6.884779413727972,-10.436769508234592,9.317799194184222,-13.105337691532696,14.872529434323669,-9.445144560171236,11.234154733623894,-6.25140751443634,8.530026992069235,-3.7226970191413415,0.18262516733798417,-7.037102762648381
aee6393a,5865,122375.22254136227,127540.53260499374,4.56785951915802,4.663265096997523,-3.6104057636048394,-4.787454498447607,-0.8450902353929259,1.2910060602545668,-4.319070957566964,-0.22641806771227654,-3.029699865662824,3.660967128511184,2.0898410248221015,3.4448316733168864,4.291729430897517,3.4688397355935807,7.178020200128106,-5.1273385080722935
af7a59ce,3024,405647.9172283669,557682.7428388075,11.582004566191697,13.58009191579367,-3.52099704398886,2.3777113301572,-8.478485794848376,8.713466392430423,-7.160181130847534,7.942435902414516,-9.956696518477129,4.266465349959082,-6.886003827901714,6.188176368435724,-12.615223463918282,5.251583644256151,-2.986288987699803,9.262380303465267
aff4e561,6026,855335.7170329884,965323.8589253969,11.91389422945963,12.656742849150339,2.5621387615426103,-0.36644697350738487,10.587735002246454,-7.343337537956321,5.954560583538489,-5.755819346114855,10.406763485976363,-5.877533949156553,3.792663980999201,-5.4129742523931945,4.6503431857681825,-8.72641930163427,20.56559352128835,3.3007642128756287
b04b58a3,3402,398649.29781843926,426642.94667003216,10.825011018759868,11.198636048399496,-5.374946070464702,4.808619251152052,19.7715255866826,8.512601421308393,23.11288615783597,13.386942846523251,17.963753595391776,17.58054719997443,-4.188806930430665,8.327172684077665,-9.898706144238808,11.537429815410208,-5.067317127380368,7.750265459226666
b0d42b0d,4971,1031218.2976664236,1363561.7534096055,14.403015353413135,16.562104633144322,13.522191919980092,-4.172825725114288,17.361397914650354,-1.5065937990273852,18.084719488431436,0.1135246735478563,13.28490271048824,-4.77788021354025,17.236002596493407,-5.8973363928156415,3.220759833466137,-7.368592591848881,-7.896199912184521,-8.14942451245022
b0f53bf4,2755,90216.36026956583,91900.11081594176,5.722447925598399,5.775601439158341,-6.486034171529048,-7.854987181238847,-8.187101463572054,-7.940616366721332,-9.431582729091454,-15.09665119856042,-19.5153066464595,-9.587246896397602,-21.55945774209216,-8.18744184071715,-3.9519941483942986,-6.563977166367709,-3.523289284363214,0.4604826093367042
b19b0395,5813,324202.92107266624,473899.09691250627,7.468068628537183,9.029064990758826,-5.86215775006652,6.590929982289696,18.23993764540572,-5.838441530058896,0.09023718553236115,-5.156758542151476,2.321312381947666,-1.304081374166201,2.8061256457850883,5.337032696053354,-1.2780329340999208,5.665927745080492,-3.12162618106393,4.906810405393398
b1efb8a4,5998,202970.28873131706,201027.83518469398,5.817186720600742,5.78928416425501,2.485982320883803,-2.717335112853037,1.4208765548388664,1.2086573447879374,-2.4786824928486126,1.843591621220145,11.920426164144818,4.809785419497385,16.472748739596184,5.293703413917598,9.669680470320056,3.7958224290974285,1.627709769038077,3.940467502246224
b32902c0,3808,136472.6328038043,162607.02321001835,5.986518309634345,6.534632672330919,3.007903997533232,13.505982777898359,3.291108347348242,11.150535823356666,2.9683989992217867,10.369284479336466,12.918826154176223,3.8145495336913227,9.125518867426031,6.054223074591475,8.977281264187319,9.237897629335624,27.319372641787602,16.232420992285142
b32e4903,5770,528682.0732480274,570313.19707995,9.572147576611407,9.9418865754628,-0.21361376135409582,-6.897293867008085,3.466499078720629,-2.918451291231917,18.09651552560753,-6.481784627690935,7.063402385921378,1.2817094009952938,2.5534261100234907,6.841512939047398,8.25991784007011,1.8345900764003216,14.55739086213027,6.715997873069658
b3388334,6080,766161.6537169323,807551.7054623744,11.225570359124445,11.524799529184467,-20.40377195497734,-9.650739915885813,-26.20347402932846,-4.877956188261702,-8.935637047086578,-3.456600346571803,-14.10831177526213,0.9281985689106944,-2.242294874875012,5.826879781387534,11.50448837861009,14.503277171146971,18.222043012872476,6.531280229845654
b37fd114,8161,1324698.3299155645,1114548.992593839,12.740509777014775,11.686323194628727,-6.732159743043084,-1.2971161826433084,9.104061099960507,8.68852040988142,31.981780157007783,5.948846693409193,18.731090843207692,7.860510222866944,20.97784157152705,19.49883170452547,15.610796880246284,16.09392576667018,18.119319195891293,10.90613714838546
b38e3116,6211,193091.16467608899,206484.63703169156,5.5757133249158075,5.765846916701108,-4.357854664932571,-7.12314393815611,-9.5859447629459,-4.692156342468908,-3.6903477707509538,-4.519099618987917,-7.25463853320427,0.2835330680565454,10.349487803935109,-1.472810947327639,-4.973192855942525,1.9496000702696137,-12.839395867580752,-0.8696883194215882
b4d8dd4f,4259,426838.2041864103,307122.72530656727,10.011008312611422,8.491846915168502,-8.88536552158327,-7.064448330954228,-12.801392802935874,-5.696262122563968,-10.651638752298656,-3.7960914000782138,-5.504119063615741,-5.201046011692602,-7.320009796732502,3.9226284937802083,38.70475357817881,15.743665383597612,26.642935177324627,25.714986273240903
b4f37e6e,2992,727779.7197669644,996136.1505218855,15.596213801716484,18.246457338024022,-8.48596587216749,-3.15452733252261,5.017708476232398,-4.15507528909806,4.185523658859773,-7.372397071066419,1.7276737433652123,-6.5893908282998,10.673376729094205,-14.195069918977904,18.780321060471277,-8.275445511258223,31.24137062758191,-7.8436766143051475
b56bc0aa,5602,406219.68303889316,407320.0506322853,8.515475999361207,8.527001557250468,10.144126409668505,-5.239940874556207,13.726187645917214,-1.7427225243797408,5.673805541014918,3.914659278740218,10.980760214663706,2.4096889946461024,10.774741268083599,7.221222415875573,8.251719713239876,7.898286117294482,2.630169138931004,5.911307119328241
b585b4fa,4294,239212.08194890484,201971.6766136575,7.463809312440243,6.858264261827645,-15.708299426562158,-4.402999196422716,-3.79980932919522,-3.534631105996354,-1.1464331499484461,-0.4169750131096416,0.7401803622721417,-0.24878226991063998,13.605012003924067,4.847182915904843,16.788556860392706,2.505578320862218,-19.027419015653564,-6.335723827337344
b5aa9634,7326,661067.4462415549,769915.0839811714,9.499252425731664,10.25151276919382,-7.200973579515864,5.959602941413117,-2.364620794094928,-0.840028753510396,-3.1077972801340614,-5.592048282809717,7.661808914992919,-3.176564804513519,7.489543670241048,-2.4247849871749034,-5.597115329935853,-1.5737023555739615,-29.806634515115828,0.6543200093385034
b7974e66,5558,186911.72351214403,151147.39871220442,5.799078662539319,5.2148409524248,-6.326179928046599,-4.61032462096486,-3.9211902340014166,-0.29075105020535746,7.028606650472801,0.6220430235049605,8.681120968317217,2.2184810486678583,0.2657297821466571,0.9573185670400866,-14.054890757261582,-2.045800386076251,-13.438080833276372,-10.668542525415223
b7cdcecb,6168,130244.8945869232,134953.5818811448,4.595239715822181,4.677567091739174,-1.1809350281212965,2.9040258481603676,-0.6486442809684054,4.539254765169587,-0.15725838702090328,2.807474564180751,-1.8260029672646845,6.3131789912942,3.0190157062576866,0.5663116717774945,7.308179373193118,4.94269705810283,20.026638231508635,12.177550363999572
b7fea9ef,3866,171992.28099586375,143609.3472760354,6.66996497336796,6.094813618647545,-5.469449659050661,-4.528079694178732,-10.467382922909982,-3.876901091519327,-16.44919856959291,-3.5188865823000652,-7.4863105379446715,-5.939198769282369,-7.802110079938709,-0.2606441135382197,-8.229598002655347,-3.5746103519815735,-1.6384259558656877,0.405094604745179
b85f7b06,3803,407206.7551361145,631198.0600881081,10.347711795341597,12.883078854448843,-5.372092847137084,-0.41352695421172225,-9.200372563614508,5.57988923477678,-6.03689385005443,8.20484332002567,-3.2663072767120225,9.81209369826966,-6.26199510998138,11.160630044859278,-5.033315465186269,8.618393927933862,-1.8532643957885382,8.405008850588038
b881d27e,4009,765348.1580047805,645934.198749972,13.816927937552697,12.693345791236338,18.894824112987727,8.573051183239958,19.61761162820659,7.602415489574286,15.293142242435199,10.081857708656454,22.30695690996202,8.786481057196696,16.335248911124754,3.900849271134873,16.94938226746152,-1.9286473882416282,15.635236271348784,-3.5762117276551044
b8c49c1a,4319,344116.73402899184,409045.2766672348,8.926090673108769,9.73182048028213,-9.609255906338818,0.9187135454791557,-16.00088326732327,3.652588832340053,-5.05226349439044,3.3999497071738363,-6.089888334131196,4.460798673355986,5.057971214059533,4.603464327703793,7.256173796803014,5.348281139479561,-1.3677158545573036,2.4946806628965237
b95e7121,6306,325243.4881904361,634178.7059160791,7.18170103222158,10.028335259365214,-8.275751940437818,-4.778027911767848,0.31110718884948074,6.929847676801049,-6.23455116092103,9.645049043565006,-0.4745866052432435,4.232621952088846,-10.181950799962156,4.364124021334603,-7.820856426355045,1.4903157949387793,-5.7998554245131455,9.28399604178164
b977be4a,5917,1783966.8334498487,1899571.7704048208,17.36371317758612,17.917485794006886,23.736579009197374,1.5474996628214757,23.68763930955124,10.330294880507898,-11.212926777870514,6.616872776443657,-25.64731358668186,1.1229370952543944,-24.684183542086167,-4.295812196608945,-19.22261694479527,-6.226350660715757,-21.037024243670846,-0.04102511092443954
ba48188d,4166,6830899.220553408,5526800.646618061,40.49293964926044,36.423130264919045,-5.30441564290221,-4.956961677128651,-9.341750122183498,-9.87605736949478,-24.45542098666595,-11.092389446625491,-48.3126941892489,-14.1073935202636,-60.52032846722523,-22.616477531213192,-84.79569947009055,-26.13138369929494,-106.898956489313,-25.540594471413055
bb2cdd83,3825,145599.33148767008,143795.2853662403,6.169698915073477,6.131356999705742,1.4919863390929615,4.1875123466743664,7.104201797598485,0.7012283342203006,1.7687182790536626,0.6415213571356295,3.481136566575093,-0.3795589119993491,6.733971425748058,2.189132653438592,7.893698429097666,-0.46771578484647297,14.936000960185112,-1.2412550918089753
bb337fa0,6873,2254919.9853395475,1982641.07628731,18.113083781209557,16.984347927907066,26.32725209502511,2.396779286280709,3.73282035541952,4.076817751347979,33.4996890508121,4.759556858696665,6.946969808971968,5.208207659496098,31.236209240122843,8.111057564252077,18.636572317851915,6.867958327462105,37.58080859464225,7.374479947733576
bb682ebd,4139,1964169.377096206,1804461.0852382835,21.78420697697988,20.879786186306173,9.458239545953983,4.81286481678544,23.14752188889257,4.391781265823811,6.1658102018812855,1.0626276748558028,25.550692787345724,-1.5627308817864003,18.923751133615248,-5.4414060878463015,27.444421830789487,-2.181038797239484,34.110273680202745,1.2820878250316288
bc4381e2,4955,705193.180417414,544200.9189928132,11.929774167547386,10.479916105232766,16.555372586801145,10.078590090545239,17.893210227288414,6.02604392315064,17.439116960640252,7.414105546485144,12.468168203138124,6.075690281178639,25.386620196687126,5.501870864980491,13.938826955999396,6.82702515537998,22.93544494099424,13.273074475269947
bcebcc5f,6258,689120.2156484895,516842.2713218763,10.493725892236204,9.087851749903939,14.446806123120432,6.203822877433416,18.927060333512024,10.920854905292133,17.574746824776746,11.746229527029106,-4.658275341673924,8.810060307779251,10.864309773206097,9.072627091769295,15.704083785263077,6.76143099341122,25.50357811979766,4.554452426471537
bd2c2f34,9823,1114936.6897056147,1918275.9809611528,10.653763004761378,13.974409724443115,-4.63368377961586,6.981160906661829,-9.881048966668619,18.841052216845288,-3.573028439345102,15.365737566940243,7.592373710856591,11.677668224281987,-0.027243666561527213,8.30853558014239,-5.887108567537263,-2.0905528496088936,-12.681766617767376,-6.14049323821892
bd4ae5da,5006,168726.1572659995,139530.89773008128,5.805582288655246,5.279463255606151,-11.351006117206927,-4.695096494213783,-9.322441138955208,-6.03134533853274,0.904523591590193,-8.090152487732977,-15.994178594851848,-7.939644946596512,-15.60701545631925,-10.47543155175173,-11.373673599348074,-9.14487644374565,-12.535911309308377,-7.856127475845533
bd6f0e19,5140,194988.16890521656,286788.41449177236,6.159175384842386,7.469632613437039,-3.457296085847746,-4.9510250844346775,1.7939546108832833,-2.7200064550310117,3.4024029744674245,-5.575687302787174,7.631980824975007,-6.438182422043392,5.044738824751707,-0.6368523759886651,2.6659596956839184,-4.207240038176784,0.17728423146872085,-4.961360622525939
bd8f847e,4961,392404.5644402737,736773.511509675,8.893698686338382,12.186595279944637,-8.22017423041352,-8.784794404211466,-12.721379286104476,-12.670384219658079,-4.539876886864474,-10.942718033774778,-2.6775742868461796,-12.827165280280713,2.009875808979343,-14.063285946325664,6.069893512495488,-17.08448384517363,-2.270683013556682,-17.275260394804825
be063506,4500,712914.8621117476,402131.1087576848,12.586720180957455,9.453172409980622,-3.3501926938997384,-2.39928656031199,0.9699385024232545,4.676878360989979,-5.299493532555677,5.658600747379446,-5.211538023408577,8.322752692018842,-9.43483455765908,7.339516161242981,-2.4797671403007993,1.1126338422836917,2.511581250776472,10.854441299698543
be35c8f2,4226,124936.65827459483,150233.22035563304,5.437261198516079,5.962360650224001,0.08488587306907147,-3.308645252131459,1.79750442744146,-3.048805805334107,3.308059685634035,-3.7116470179526404,2.8540849893237477,-4.831916705572514,-5.903180334252209,-5.715590716790615,-5.956803620862951,-0.8103567264173162,-10.531460651520288,2.8444039796456515
be83e781,3221,27713.258549624832,55521.88656527819,2.9332456436672287,4.151803061748584,-1.426372707600415,1.1227083631209742,0.740428204928128,2.1218693525146666,-0.6699729608708586,3.7238088015277904,2.529390043463187,2.497590552462047,-4.169509186715086,2.451354435837863,-4.499387092645328,3.540104243897069,6.5008123821344155,5.253702463007682
beda8696,5912,721985.7468122403,781392.4654981906,11.050886012735893,11.496546412485952,9.003592817228093,-1.849004727314447,-4.237500678472088,-4.173295639087475,12.179680323289098,-7.400592458178009,11.756019669145381,-5.570003687001143,-3.7765179320037596,-8.013733468646503,-3.720781151620514,-9.295550651191453,-31.63334553598629,-8.309843633704833
bf39bc20,3303,228335.51071873508,235779.38102780213,8.314429252398392,8.448869940895765,-7.28607286286234,-1.3993896917232704,2.1646041479952203,2.214944310420222,21.904029844893874,-1.3451153249114605,-1.1335840871451173,-0.46672428595338833,-3.9391601070700837,-2.7177253812039757,-0.4476069158010816,-2.0446880633511757,-15.886607252986584,1.1652989265399447
bf70b410,6347,1990656.9951902567,1971265.466677606,17.709812696971632,17.62334356271654,-3.370956820592938,-0.4995876833921777,-2.0569032416599966,-3.0894827482654934,1.0075206230198415,-2.7733488650051763,0.7688847575596593,1.3209826762083758,-22.69122304526509,-3.6716452820799264,-32.5867688906892,-3.0593006834761445,-43.10725904852531,1.0429927030263533
bffe3082,5723,827496.1538400333,805172.6661174548,12.024613305680575,11.861309510716275,-12.890495989032832,0.3110622943609145,-11.5785334405622,0.1666011919262677,-8.526681427824006,1.7098504546332545,3.0644200464909956,6.591576523475109,10.93869519819777,8.328352508041567,22.73990821515115,2.620079115131288,22.47217113956635,3.0904727501540323
c03b9305,4255,550175.5466830751,318702.08275868284,11.3710576043678,8.654513677487314,13.131927555076638,10.44623569861458,9.924883897240644,6.344487192453063,10.747004694917814,8.164441694600578,23.004764290722793,8.86445856030615,15.941480029824042,12.53522842626764,18.741988326244016,13.235134116341445,39.347076653483576,15.588968504074478
c03d4aed,4641,215828.16470356478,194169.31787245185,6.81943312241488,6.468216058314842,0.05506157545178425,4.887869185641058,26.635707306444253,8.876203876833582,18.193421311451736,12.564555731784857,9.489377487013488,13.215207869893069,9.03919978509985,5.951358654517113,4.726289520030301,5.476543181955789,-6.996640976886043,-1.6073285816392204
c03fba65,3699,1002011.8194101376,973203.0343944203,16.45865176761471,16.220325365395475,-2.001599201340195,1.1516342235123478,-21.89029315267142,-2.0892292406269894,-14.948091592831432,-4.367619744595353,-23.635526344075622,-2.7837302614253003,-21.93785922933192,-4.556320483582889,-25.737960475376724,-3.7400517974261556,-31.06665528019987,-13.34094313762379
c07fd0cd,4191,121215.73151065971,186939.92984911718,5.377998328836901,6.678704173823696,1.6238541153159125,-8.595747681047644,-2.7397538324677044,-11.54070397496783,-10.646051001454257,-10.127612356209712,-2.428641108468243,-5.509031850017848,-1.7752668988978275,-3.1785611321393,0.6189386646460804,-4.682176626266582,3.1870006020701593,-13.416667624734396
c1708b88,6315,4312610.524974459,4947266.345441921,26.132649391291128,27.989553377089077,-0.3865233582380476,7.226578635742025,-24.399261337932145,8.00891601733523,-36.84004981287466,4.120183395732189,-13.551917461247093,4.326770108450511,-20.95158420994973,3.4395982230710103,-31.585663465449976,9.305189110134922,-9.74769321655285,16.27508032409317
c1d046f4,5513,426877.63460814813,365129.96385905665,8.799494100691582,8.138225901022984,11.148227269681705,1.4539087068673457,4.610501407835413,8.783882025711637,-4.300725729742158,5.862501405933962,11.339804513535633,6.79931970410532,12.243747295016663,12.242179840133538,-5.206225840024189,12.914105659867081,-6.298552772994463,2.303928266661032
c2717d4f,4721,1697865.0685592094,2136302.215742982,18.964202604360544,21.272294910641403,4.068220174542366,-6.129912732245094,13.42768677224301,-4.476922861190699,18.726679102660984,-12.20164350381286,12.951815726122742,-12.114124686465777,15.303717177111956,-14.207016218216662,-3.818365916062861,-16.599217712901794,10.787191676223173,-10.629144256619343
c2c4db09,6039,401352.91929232894,421412.91601183155,8.152310234610766,8.353556346155056,1.0421951223503663,-3.0059890127997493,10.005206412625327,-4.951113017371078,6.025531845327029,-3.474895597631233,-6.726330055323572,-5.805154125733969,-17.31007865438564,-3.1493815900363105,-10.035966463886123,-8.972521430990861,-0.2466402618633481,-1.7882564799973135
c2c6fc71,7119,585964.0763540723,630866.2147762924,9.07247957880503,9.413673655344299,-3.314227703251591,-0.9435312004123823,-6.787271003053343,-5.647235394758129,6.61348649388316,-8.073982043551833,15.183520732085643,-3.6749135719609556,6.414830708783946,2.4633530373655894,8.414714087940522,3.227813707303794,6.554085459372693,5.076083082219188
c36625df,4742,1874857.5687510837,1908245.4248891086,19.883982184722733,20.06024995339185,-7.628151025923888,6.792937135832349,-5.130394793878644,14.686643507578712,-3.6339212419792495,24.922152701948267,-2.229324627054866,6.0078055705630815,-4.110922916801828,13.825656684901649,8.769994862169721,21.275244231884596,-11.3643914769277,37.75433501409249
c3957531,5316,419719.8464482717,263841.7807836847,8.885610386623153,7.044972442548569,10.593024347369393,-2.807590235500412,-15.35854014762894,-6.857977353868191,2.901180028403833,2.1116055451809106,5.5631221727255316,8.401269962513124,21.501193899043333,15.649197044101745,25.88517059617723,13.76619954148067,5.323214524355006,9.442289536577004
c42fe306,5095,620618.0617368881,771938.820562891,11.036722196706743,12.30890293147306,3.113431210649624,3.2497833784897985,2.893919314571499,-1.9353802886270184,-1.5343590155693958,2.187917856880362,3.169445594839372,3.58053410812834,14.886709458323725,-1.1225219866460834,20.23884930607679,0.0612981847067009,27.994000255194106,-0.8467981120091584
c43812e2,5527,166293.1103356931,236442.3642031025,5.485199097883499,6.54060488407005,-6.80271804031049,6.584307650666867,8.9768344066089,1.617239604492264,-3.606368760986425,6.622513304749228,8.595793434966328,4.069691713033636,7.9549936568005615,2.5551282851803334,0.0669418085623531,1.6126383654067844,-9.106725639469728,2.345153909811931
c472c0b5,3054,158036.91110022744,367022.6493861366,7.193574570061251,10.962558314657729,0.39252160528917274,10.371486975928265,-1.3578191973511076,22.13057326192626,1.0820283050959238,15.291234759223375,1.8987605898829363,3.6407772307735455,2.077492856710447,11.122564465443851,6.940886993603822,6.539613003326407,2.3220177490352087,3.755499806441061
c47e0767,4356,536463.1191526343,476807.60605694924,11.097521616620844,10.462311630779233,0.023994186984278798,2.068220349131035,3.8120427987088927,5.012942816821431,21.598424578415973,5.925621521394036,14.891874048828203,4.697975467504897,17.614837983793304,5.824645807678715,14.805535239399632,4.334623318917285,22.585562888015804,2.066090635820059
c50b42f6,6014,620102.6604607997,711861.6467234507,10.15430222868022,10.879679092107063,12.34812181718375,1.467470910478149,3.2195795424701594,-3.2969289926488847,-6.553921353646274,-2.453719279736193,4.872849501916967,-5.122651419667268,24.158405695641434,-2.776827223166052,-8.885740764272612,3.878718879092039,16.603078121338328,-2.490134186521035
c593337f,5208,2213032.637672138,2038585.8626465502,20.613817257330417,19.784679359912044,5.654758765551452,-2.233774132083119,-12.814306131625433,-2.8069406045808964,-7.27317862391628,-7.605176152134179,-23.019503923995376,-5.612577021493577,-45.69648310425298,-9.233526185321676,-39.426749137983045,-13.740616138619028,-45.160980915299135,-16.018897320062464
c59b6c4a,5499,1660769.1941694887,1522985.8377126043,17.378519693817616,16.64202126373502,-1.0053614543469278,-3.836709336565074,-18.26132111430524,-8.252244469486893,-15.02573958505576,-8.016997688092921,-17.708991991961593,-7.105204959973483,-22.52589034721599,-4.183716921269185,-35.19359745452681,-6.408310160212882,-38.94653257503997,-5.642103724556516
c66be2b8,4154,2374699.601907878,3285297.527161813,23.909533002419934,28.12251177528833,-6.520765132642063,6.131964445542157,3.7464784785972176,3.9015129471527574,-2.1945707318821803,-0.8274660057861849,-19.486825203592527,9.404776224378503,-38.45242108289044,7.41319826253927,-34.858579159556236,9.091927333242792,-27.29302876981839,10.606961804177399
c6797dd7,4664,290421.77447870653,179242.70954457138,7.8910594707495525,6.1992832393013835,0.9113723761485507,-1.4049901741407311,-0.7205906428701745,8.431748961239236,11.157453626649833,-0.9619293345321382,-6.473256132590904,-5.86002288105515,-6.739458262857448,-14.754013865434638,-7.18533632686948,-15.845993667542832,-9.053918491921698,-12.858624439311342
c6b782a4,4877,776369.2826441977,947415.3582276148,12.617049131106192,13.93778729742752,-7.878404715010088,0.3223354859352703,4.598855204606544,8.271436584638717,-5.64633918554963,7.080113991828435,-10.922876857080379,6.699497052160507,-18.00874446980776,11.836992111250094,3.505600540154308,8.755906892544477,6.03969384213861,4.149100127749178
c6c96179,4004,369955.6231767172,342977.5948465463,9.612310299032924,9.255200698616152,1.7940474150340728,0.8825907660548212,14.781067462983527,-1.5219315915384173,11.604449932476742,-3.431115573182441,6.165696244787199,-0.8438360857896914,4.860748695521909,-0.7502543270465107,5.488355215012817,-0.625398592667976,4.684604881731822,-0.07156152895712334
c70c0e01,4312,266502.1427552095,265007.54450057895,7.861600606097853,7.839524883204522,-3.795415670929704,-4.129687824027921,-0.2388925441459353,-6.345943481398209,-12.064051296447976,-3.903596670219059,3.7202569762231366,-6.130512753519247,-2.119292961921925,-2.742129602837813,-24.179333428793907,-6.759502767672865,-18.05970877336128,-5.406222243200311
c84c65be,8496,592171.1165762368,526344.0523826045,8.348651997826884,7.870958236878832,13.080098619934494,0.936922700516958,-7.984995189778578,-2.929502480942137,14.682945119516106,1.1192168428593658,6.494681101703458,5.784633361330568,1.3317091844771536,6.5268724469778405,-5.164802332984449,0.5474201107044656,2.0585268481563936,-2.595154466296725
c8d9680c,6281,9321913.824615931,8989623.250673441,38.52460062694175,37.83174283467314,9.26330991910104,7.6120058741863685,46.69990241654098,7.787481358463554,47.212928115454396,3.5937244698859603,43.821074242499726,2.7682844100092105,46.928006942191374,5.112955358006252,57.014686397603796,3.5632809633951212,33.60547712672762,0.08941282822273448
c908edd0,5293,344893.0973700977,357845.0641430902,8.072188674469885,8.222361534111508,4.524230392403013,-11.72207876223511,5.193288774373103,-7.709202421135816,-5.371550243424748,-4.6435959269073965,0.008069853035637564,-6.430324750507713,-14.732729230167099,-9.54344925883827,-17.946939274994268,-13.401414932174404,-27.336315893843903,-17.73352865712773
c9578d27,4487,405617.66060173145,393281.7156092207,9.507807784681754,9.362112231993596,-16.40633603485907,-1.0683306866254487,-12.719776808564378,-1.809296388954947,12.315070704608573,3.156332703047084,17.106559602244566,-0.19836390079876604,-8.708248112450587,-2.3207237698420826,4.246581652822949,-4.548364308995795,-10.927081678433579,-6.025190992716889
c96c018a,6236,470901.8938708362,583076.2679563636,8.68984770605329,9.669624944190728,-8.017627064527627,1.3129571807949378,14.020666264608835,3.68443539365929,10.059101358417367,2.3086970987598083,5.1828507713382495,-3.5717364149499047,8.536435748483878,-5.855184884417841,2.486161065551709,-8.914870215748005,0.21341564513162936,-6.480764821788395
c99f9fae,6361,212254.25740718178,160697.56447693362,5.776509704144759,5.0262252728216446,-6.345161410770091,-2.7721113806242648,-3.229787520885516,-4.543952344788069,-7.60258731978926,-4.4060228728147335,-9.967186339719062,-4.1765586918395154,-7.609192617685899,-4.198739123041203,-18.778991994150708,-11.155614904672058,-20.30042061608555,-11.171331316374202
c9e6734f,4735,417171.6613058628,364089.6131705848,9.386364341163238,8.768880528158915,-21.956015974127766,-4.636445578031401,-7.0456344358295535,-3.5919168684110034,-14.18096839051027,-2.009551231525522,5.5498555006117565,-2.3344243398126183,8.825088322059084,0.30660613865158143,9.76145400385061,5.899822392880408,10.06825647699853,-1.8829244861690817
c9e980e8,4359,170380.4377470264,201846.1296001356,6.251963449277382,6.804822143503171,2.238569875155253,-6.131467838398971,0.5329237493593615,-10.980306666946115,3.2497126594112196,-7.14787570493301,-11.998365438010621,-6.105645761650545,-12.010902971914495,-9.813156003756339,-12.220968067762788,-11.700665663986864,-12.79860572792513,-4.709017629161767
c9fedcf3,3517,62888.10569016084,35450.0592279563,4.228614283368664,3.174843326413477,1.9124373543718822,0.4957221343552064,-0.7310124592658105,2.1593172181486686,7.909332530700889,2.6308227674578335,5.106854389122634,3.6847199941631117,-2.4806476458648525,-2.638867358193518,2.5030684530339076,-1.8994358786484995,4.735024018851101,-1.7990949073254456
cad13e8f,4848,574579.9794266878,869658.8814277414,10.886641936521094,13.393471648633595,-2.3191343270559557,6.2992178536172005,-4.717292206305771,-0.027785735831555948,-4.694440566954189,4.308683690356437,-2.6620863163684794,10.890249505685938,-7.5522174974359695,17.324863332477037,-7.043345099083533,2.3710350664719875,-13.12558049070563,9.022312681467215
cb34231f,5609,398507.57957509696,585840.6122333783,8.428990668074789,10.219908734413231,-0.053014704584382955,-6.068832846835709,-15.02434089485973,-10.803852379740132,-4.236249059879356,-15.143987930480497,3.233642157602042,-17.70894514907888,-2.5702602611402,-12.473706137985882,-5.535298387799924,-14.440641150854457,-2.9086548616525256,-7.822182292166206
cb879f40,6315,428884.6331919196,332923.15951787244,8.241069286906557,7.2608142462308995,12.427171597057377,2.664008455600638,-5.224026927348282,-1.2132755210307944,-12.870582616919982,-4.654077376795984,-14.203582234680988,-3.8651779586727644,9.012344923112277,-1.552645846072883,1.651600535350002,-0.8042970179683977,-16.590210138731262,-1.416043614287155
cbb406b5,6328,1602143.038347469,2332806.7535467804,15.911730273452728,19.200217425066967,4.749660805481118,-3.7819434374195176,19.49067870218795,-13.22827328386067,12.088343560856556,-6.192447242127694,-1.3702224984564788,-6.376760261430464,-4.050116979991308,-16.355021574251673,8.845032056726978,-19.461373564931794,3.093952331801555,-18.52899192389924
cbe51de1,3963,263830.67370791297,294106.3917192345,8.15925689341351,8.614700738642055,-9.462566828687265,-6.741648206520692,1.3067056000636823,-7.392811398864663,2.2286605263613692,-3.7595139649445457,19.188451267916438,2.5554083887719417,8.711361115086337,8.601399918347697,-2.5170377285115677,4.078658091019483,-13.20273766214267,4.3619098271118135
cbe62450,6258,1212019.1004617212,1280442.4210342113,13.916722023503583,14.304156318666546,11.561221274534617,-7.843863558388676,5.932512426098894,2.789534695989399,18.60309115162518,5.972069757401149,13.11653401567874,0.6446547141326121,22.087417220702676,0.6282451107722903,9.548860400909401,2.9541424918128185,-28.70116778626105,3.4177119403574237
cc08aa63,3274,180725.92004635322,178203.29516704773,7.4296932711482455,7.377658144473479,-5.564871009270746,3.7168006987811837,0.26014041464488447,5.956895371152046,14.697419423317777,5.801722404877953,12.687323788520489,1.8013089994787035,9.568178692356346,0.7116408299949069,4.983212363018446,0.08999606649787602,4.508350265306549,0.597603550028073
cc8a1d57,6638,3002693.294153489,2698577.5284105213,21.268500070115973,20.162706380705313,-24.650686065170955,-7.846023391101904,-26.02081547191474,-10.816943246922396,-42.024485027830494,-16.24668514995723,-38.89289026588247,-12.69667554249465,-42.71289538371743,-10.504932437241141,-22.47974307885244,-15.944481487822213,-5.814395929161691,-18.172331444503993
ccedb12b,4401,227988.95972124982,175691.48701917753,7.197492553000652,6.318291739226016,5.893617354705072,3.2386515841313845,12.488010267413951,1.2192700518145503,4.12973948100282,-0.5961327740114077,0.8452618454707275,-2.5994940504729316,6.431543620602829,-2.046218925356956,-5.239953383918127,-7.445319485796354,-24.841003895479524,-15.453283623211231
cd7f1687,4232,307100.85679125646,377158.1460026932,8.518589380072815,9.44036783693658,3.780468776015722,1.0209339546238771,-8.891785642223386,-3.0461279945525286,-12.079424687380616,0.1131975161197581,-6.701642347530532,2.3084819080606276,-10.188155011236935,3.796829943077431,-8.958765477518465,5.331231589387664,9.43170190422462,6.8414409702195655
cda7eb37,5973,572439.0450104515,621901.6028054035,9.789677088673258,10.203862099326571,-2.966413092573338,-8.846685886474251,-8.512334832903562,-5.048079716391797,-11.449853865405098,-5.124649982081855,-12.782148906728363,-3.3938101027507983,2.1166115387491695,-5.223802082067669,16.039093431790345,-3.986853836302793,3.817868014408962,-13.209386029284525
cdc31d65,4840,136727.25753288582,142127.06205240125,5.3150196024627405,5.418957045905804,5.131912410511304,6.540239174084694,20.64578523154113,8.07947821806044,-0.6073808393774991,7.270233950816322,3.267763192614319,0.15280307682406544,2.6359582528972636,-3.955411569064713,4.77660835307975,-1.1741519228567316,-6.187807958669476,-1.4845300871337468
cdc60a53,5878,530714.7581180632,509740.2903708809,9.502016745855968,9.312358572320042,-16.21921462417932,-2.3204609829265403,3.442840613882997,0.3749190928793865,10.841378737594132,-0.5461233686407854,0.7930591109017113,-0.5340805195522182,5.777961437305818,-2.60298946338579,15.506161746819078,2.356267398785698,17.442611202257982,2.5324308338795825
ce55ba43,4104,675743.5773038325,708480.0429521168,12.831791292103052,13.13893410491444,10.95780010360617,2.78079240905682,10.70681540951519,0.23269205575415736,22.46646979552993,0.160690765402909,7.211531040742839,4.341893500087216,4.54343259003906,0.5281653218299335,16.364427988100168,1.681250000219615,22.382470002031866,-1.4332490063344074
ce8399b7,1615,118194.31194218792,108364.05467116374,8.554842632798279,8.191366544386698,4.927338284167137,-4.776606203122246,-1.7302773300466352,-14.29260335549102,1.0186987249711517,-10.749169173863942,0.20145294124499613,-4.766068651031951,3.2135725016898515,6.612386495851436,-1.7231664897993184,6.084351851306272,-3.2922396402150396,-1.3267140658786991
cf50c9d1,4858,1831775.8632444856,1579686.86848476,19.418130294079393,18.03253354503612,-16.835142792358532,-9.096537529161122,-27.467397501352618,-9.826017316268308,-31.056289990642036,-15.658388088614952,-28.160321642098435,-13.857400513503137,-21.25977318979622,-9.337370609980525,-36.236822298166054,-2.6649784614612093,-38.0974661478343,-14.019432297162183
d00e7eb9,5704,239881.58228449593,320905.55221937643,6.484980790744733,7.500649249824637,-1.4482232174687342,6.720730837399211,-6.06813688253452,0.9795576849336733,-9.62154796838373,1.583991332394883,-6.4409249145267236,2.182165926984222,-9.113359088147725,-0.5888272920324814,1.9244409243231306,0.8940371278742241,-2.236184705116421,0.16569818756264307
d011f41b,2267,432079.89197642886,490230.9365164078,13.80563120654818,14.705323980849297,-8.855383104265282,0.24342083585090757,-0.8444621286812417,-2.5253843894454375,-12.752943084152204,-2.6540417496054425,-25.119012897173107,3.7348350110880055,-13.227272692292129,4.803841875088837,-12.769630934258496,4.474929794083083,-4.139011192784132,1.6610524425764193
d07aed8f,2957,29083.348784158265,84352.93947538018,3.1361479565646153,5.341023002004442,6.856242626895198,10.749539017212602,7.080483275555979,14.063588089356154,14.970924621415193,9.095415103915423,12.675008741307828,18.635230444191723,10.785683960201485,18.637399080928454,10.08757008514522,15.226601235988682,11.06636164598404,17.957775835897845
d085e611,6191,520808.7426225134,573493.7898548744,9.171887749782334,9.624628112225379,-4.492047846324663,8.889568383782645,3.343644960565441,6.865665969729072,-5.9408549920887594,7.922675635756162,24.90956204808429,8.371704855531977,15.61353426690172,9.942808208728255,4.485327344292713,8.331422839257092,-13.860851463199307,6.407489801752945
d0a0e7b5,3816,300423.90964329254,306048.04413105396,8.872848450975962,8.955516145168676,2.234660343780541,3.0024914760883745,12.714816240226202,-0.5074535410936313,6.704887562532484,-1.4624811388453627,1.411649562025092,3.0783576574281093,11.965505916084915,2.853909312713006,11.005737147098007,0.8280041352701139,14.506202037344385,-4.807137832887555
d0a43760,4041,811302.5508331509,1082820.645316283,14.169254323549007,16.36944060816896,1.9156139313806504,-2.331730012369081,-0.5181763735529246,-5.0517535417661525,8.432579994482577,-9.07363744402785,10.589903595755104,-10.40728064274052,9.367980802866038,-12.999809569736001,6.762341925617901,-11.302314089322289,5.402629451413973,-19.106975442028205
d0cb63ae,5223,1287853.4221755923,1128621.1576440677,15.702659203607384,14.699889861696958,-2.7029622015842616,0.8592266934753422,-27.883605875371334,-4.057991962355311,-25.16386190612804,-5.3169369469350105,-22.5863163582446,-8.592075211512672,1.784456473652023,-9.072359005098491,-4.929538531562374,-5.182311270339644,-24.096711010543164,-5.017771471310729
d114d9c2,6206,558118.9201447652,478081.2419022876,9.483256273877497,8.776977122525025,4.3173040378410334,-0.7609336550344199,-7.025422357370716,1.0990582451399795,-3.4071554084256688,-2.7812888261904676,-4.9321926685403366,-3.8945881107789653,-13.114369082838628,-3.9002871369702765,-17.274194553524303,-1.226233985289254,-12.168583827791402,4.631105538721866
d1457cc5,6920,642907.678266525,592400.3984651687,9.638762049845617,9.252404768375449,-26.211907973733645,-8.575575314438328,-16.215007205713547,-2.881816380648991,-0.5247390906714937,-2.861952906163457,-1.2560709144475304,-7.670534103352978,-14.024140478216946,-5.655679321530515,-15.189813364098661,-10.137085876663658,-7.486679578912954,-8.542744815963838
d1ecf309,6168,581231.4236746742,492508.0641314661,9.707387372360358,8.93582161488898,-3.7778725164072644,-4.883231728954682,-3.1742774316224778,-7.653539941786802,10.42400882686735,-4.143705368728562,12.545867098182843,-1.7726945770855511,6.476885958544063,1.9767298556455075,16.107733515126842,8.832616279505078,22.004701245866713,10.508740149979623
d1ee630d,6290,1062879.5918219087,1833132.9306501234,12.999202567091247,17.07149899700636,-4.951902641481266,6.904339827198221,5.7171365688813465,19.703012141291843,-0.6205638099198149,18.94758889183876,-0.3028167402388755,13.1311030260107,-5.506393355632615,14.73970154218215,-6.877442959279946,13.720176022670511,-6.131641824061329,16.27099481064892
d217e0c5,3838,57125.53047497452,67710.50654708435,3.8580036821399686,4.200253923782864,5.470088880518951,5.255218336400401,-2.017640184233213,1.9118600015281175,-3.641301847440218,1.250110876171293,-3.644900380516953,2.8381251427287246,-0.23326128270947177,4.634875878053223,4.102996787481494,4.619423717833591,14.510907617788558,6.701277484662567
d24ff243,5641,370534.59600602946,262875.6093665998,8.104688578564234,6.826484309519472,16.42860115637725,2.5555294099932406,4.84051257379497,2.183749872065067,2.3643222914826536,5.074574858364152,5.698128721843169,1.8161906821185059,6.496088240453062,3.2776876229865755,7.391114008828773,1.4855959583249916,5.915824874078345,-9.943893212120704
d273674e,3899,325342.09434172104,214427.90263172882,9.134683646958612,7.415902840183521,3.975523593679269,4.134090393412274,0.7232737454491988,4.648883463101846,-7.966108943325381,6.730422080977097,-4.613464988686064,6.9243632488782225,-1.097279012060917,4.335582411075872,-8.145278672248203,-4.248982225913306,3.328603092380866,2.300044033229382
d2f3b1ab,5581,826475.8906143397,784493.5183440993,12.169117467068597,11.856013047986798,12.440659166778385,7.815225785195065,9.720971818364422,9.737494011475128,26.129310392106134,3.893191309644093,14.178710264424646,1.8201636134136536,-1.2930271468198078,-4.425430642185527,-20.810240040160515,-5.0095588479403235,-23.450857278583513,-4.192589971371321
d3df146b,5787,259360.40165992855,220519.9368735844,6.694607101281358,6.17301295727822,-10.83906478159706,-3.251703602635712,11.251947044873251,4.776879035670871,5.3518452491788935,5.4618701362211795,-1.7783112658270634,5.753666294939842,0.7196285028597975,1.450330544247037,-2.6364246326034873,0.003207170206822951,17.132951199415892,-3.042514412800132
d40f61d5,4039,79247.2971866164,70190.25789044643,4.429506088249811,4.16870816048218,0.8180789315657788,2.999392414312805,1.1600150528806799,6.170917669973782,10.60065681184215,5.577644504913875,13.595989753416795,5.018898064309535,7.207561668842436,6.585337780133446,8.582987025842906,9.141527928834808,8.927746246278366,8.672040774442461
d41beaf2,4753,664240.5374062482,720737.6721346382,11.821668613719115,12.314157506573679,7.875232658471499,2.439040632965376,-10.759084240210807,3.0554183111506115,-21.864284047001185,1.4403615226081525,-14.235085080351077,-0.7617097129374756,-5.217024180905312,-0.20784319159896508,-8.083101752014969,3.186316035074013,-7.5046617709180605,1.2458619772361552
d463e527,4767,242323.90938832107,270579.13082724775,7.129770612616489,7.5339819039177724,-5.256333878320568,-3.7463647440920296,-1.8336406785618333,2.242575974837196,-10.241449669088068,6.803810851109864,7.426432925965989,10.51279236637522,7.701669414624552,10.284069296569049,19.05654980656272,11.966295623663367,3.501557181083779,22.045946789895417
d4f60a28,4501,101325.97073550918,101105.3046092021,4.744668560155199,4.739499311471593,2.2529151553155633,5.336498840808491,-3.9913450592340753,0.41917183786728984,6.854561956512659,0.05337242488119309,-4.77835414343306,2.5332374209210315,11.332926355427254,9.74411581189257,7.172013680049792,4.53577093731637,0.4153913400053133,4.778000856839088
d50c649a,4873,248694.548238455,325293.4104508357,7.143892764091716,8.170326785422615,9.276686602188995,5.619882591348157,-2.7119549000417007,8.556629685824607,-7.051495248152211,10.586538730328858,0.9214005519471438,6.3592396186001405,-1.0076566777120652,2.7916525112018546,0.3957319967130218,2.647216426815569,1.1594912866794875,5.983146611623222
d543916f,4799,195263.94016560933,180728.32764092472,6.378750998267399,6.136740231683741,-7.087683112992668,2.1250420856455676,-3.5380953521956306,0.6586796391028303,0.8313288223331883,6.5787124580969145,14.969109533906346,4.904516596306354,16.840435937712005,7.429027956668617,2.6021977962580163,5.381668424680525,3.791452460401838,2.733182292102391
d5df0ff5,4032,211305.4087292106,174896.2498954577,7.239274509158431,6.586125272497042,-8.624261702729308,1.1238724625075522,-17.592944246241238,-4.6222896328955745,-6.940786828322928,-8.289088840537293,-8.545564853657845,-7.191436027834906,-10.261470573060144,-5.307046811638752,-5.972711603743896,-6.432875151238934,-21.544823429191894,-12.841092491986254
d60430e6,2511,133877.536662769,194647.35163226127,7.301809529597366,8.804422869208476,0.6083596841443355,-3.6224694790209937,-6.640478203331677,-13.8511286814683,0.5235375294904534,-13.232888124662988,2.9099092040680103,-9.844416698579993,3.048706125776812,-1.999536045892978,12.051159774853819,3.379820160010503,10.61306581868992,4.955568667839126
d63196fe,4510,803482.552295583,838328.8243325967,13.347500760899528,13.633863087553523,-2.1004055053194683,-1.481971891859721,-19.882744759897818,-8.557760026483896,-19.68038838256719,-9.30315142069109,-19.76468161638275,-11.809979325647195,-19.335951074291287,-6.725995412661186,-25.227251695686057,-3.862947460922695,-33.30204722143007,-5.066964714959272
d6c320d9,5452,553454.9866218441,750523.8639361144,10.075421619153868,11.732871907044254,5.463891403854133,2.9473710364707655,12.416820989520126,-1.7240343724683647,2.996224359892259,-5.713247173025642,5.339026677205181,-2.978343031515169,10.007041223597653,-1.1695452960084207,14.260478386511464,-5.0450242654697455,13.341516205858357,-2.9549180069357694
d6dd7330,6193,354696.2699734324,328286.9452985639,7.567941576269592,7.280752473458894,0.35080784986473756,-0.9055035198026993,-5.00531626275132,3.0962460069618976,10.223472709916646,4.717636271299925,7.740930937701654,6.462339816801193,19.78317649585055,4.084042007271871,-1.5292616157117964,-0.7641431313567383,-13.641944480256043,-0.07602028861984375
d7ba4f9d,6023,199648.66795808647,171267.7304504032,5.757404950547035,5.33250584034755,-8.550897045301046,-0.4432079414634688,-7.527062705563944,-2.2043961941816725,4.591493272431069,-5.074047344322795,-9.472877181490137,1.6440625147835513,-5.396278415139828,-1.806661199218357,-6.4959829342495965,-8.050405728880163,-9.555068858220181,-7.940077020728488
d7eb0be8,5401,2787288.122615792,2608988.3294694717,22.71714988365559,21.97854708631699,21.64221221664419,9.657732809376812,40.23506997123906,13.049202118824226,49.761700360444294,9.202682768724562,36.343846545926084,8.649599626517105,16.246288123603996,11.329586715576188,1.899422208015772,8.136919956341423,-13.027900780802218,10.07776370217201
d84b621b,3994,474741.2935034115,433842.97119776974,10.902459300729307,10.42226838634075,-16.138248906715525,-3.7722802359539394,-20.202035407401112,-13.607059728415743,-20.1982563493934,-9.247469115516239,-19.892915816752012,-4.969588576884883,-16.10948998392894,-8.295769791158913,-18.483321050124946,-6.610190491282305,-11.964634836763459,-1.7051967455411894
d90aa14c,10018,952036.5576808548,681811.715998227,9.74846639699381,8.249767633153121,-8.336002611145823,-3.3806924883222544,13.395024979630932,4.321939542441912,8.864097202099149,0.7110822731006186,3.1888411563336714,5.19966024735589,18.942068042771933,6.349598321702753,-0.16138060572738633,-3.53399353109027,-13.007060294686958,-12.050979394232348
d924e971,3184,2225486.309109468,2037142.6128937758,26.43783780751351,25.294388646780472,-2.3865800130993007,-3.2423276062907815,-1.5098063271883773,-0.6770023687976854,2.099146307185407,4.9471573321543465,26.401076967306086,2.1926362906521053,32.09669829241429,2.2626421180861427,42.569440938719026,2.7586419417567662,64.02144671886336,7.762810567978232
d9ae59b2,3648,261499.06922678417,330463.77502765256,8.466573030980191,9.517754862791657,-2.240472993672304,-0.8924727044250158,-6.113200719975206,-0.5919400247949038,-6.159165595512922,-1.1160509227539868,-3.5013901556809746,1.0218927218987874,-6.664378477525284,3.9218106983472554,-14.415711865420779,4.947694443821368,-12.075904358679244,1.0781102289931892
d9d6d94d,4919,268187.2684726358,228842.4484909011,7.383812623161651,6.820714662258209,-3.3877662481322854,-4.44171166170176,-0.37971998784275507,-3.9461943189108295,8.237625824582466,0.6432554752173468,9.863349878683756,-1.194603943164985,-10.292766564820585,-8.265322741670428,-17.52548465073195,-12.200210369826758,-9.998841074183249,-9.767698795475464
d9eca87b,6373,1665619.5557349124,1806445.5532720839,16.16649775711741,16.836060547744317,-4.82206753311247,-12.485753430415059,-3.0983760690218816,-23.276802284101585,-20.302361293588184,-27.003588029834276,-9.221589811935544,-26.131658816037778,-12.706584411729658,-23.246496585014505,-31.37332723953714,-17.161628379121865,-69.1523309100763,-19.42074654759914
da2d4d7c,2114,189253.2284164974,223870.81082779804,9.461699630313522,10.290731444145921,-8.780921286532593,-2.9511905456826044,-8.638687488873938,1.2839454831536397,-3.9376636714736133,7.06888122981118,0.27127951705078557,9.783184254486095,-4.153677981338884,11.205003991939035,-3.0809024809851566,8.045889096113676,-6.796332251485429,2.944674052836895
da3bfe4e,5549,3681195.9956420176,3621922.4418320763,25.756515466198774,25.548311973563305,-1.2371517688118328,5.606463007789794,-24.139998570221145,-1.6123643608169456,-35.443176824369104,-0.7254026081635965,-17.60359390438952,0.4717221046345614,-44.60196409903365,-1.789219994804753,-22.920964547718484,1.3571803001441454,-22.48829457683828,1.1827180533925412
da3cf798,5844,808952.1300001388,773022.1285077699,11.765389458792551,11.501139190873468,4.128472043186803,4.061045743771959,7.653159968529607,2.5973129489395417,5.315648105104241,4.496167785228457,21.333798195772115,4.553520967862715,4.006830870986718,1.1158644194366363,19.798480274970593,-1.2337569178451955,15.229777156789606,-8.28730139115007
da940160,5132,482852.22687040415,508302.4082323935,9.69982268833775,9.95216940195558,7.517837589014581,1.9081001273250426,5.534597077342737,-1.3858402487011108,7.2595421308292405,-0.07135970698965313,19.325297695072592,0.3663185546171302,13.71840629614158,-1.761280133522575,10.843467973327368,7.65581722602244,10.710314637956152,12.558856414966248
dafc88c3,5572,2080122.4879476475,2399908.864128881,19.32141375322942,20.753522539504406,18.156506136858336,-1.734890540017934,-0.7368979253413492,-17.6277615266202,10.861547896553967,-11.265289751376296,11.845154419790196,-13.212064417831332,14.078259201542584,-7.332428898959428,19.65526684612091,-4.9480212663784435,19.27066018311754,0.3758449335811506
dbee6c86,7369,137917.41511393915,271936.9610326446,4.326186882845352,6.074770030027094,1.679691081284321,-1.292474111065204,-9.538252245808994,-7.129372540731924,-4.108304068958102,-10.058696583993848,-8.53612275552663,-9.762285371605632,-3.069626382792695,-11.867140775276294,-8.064208913117772,-17.71790692457758,-10.050523121617836,-14.241840949832161
dc5fbe29,5203,316171.8312025242,362050.71570917405,7.795333041077801,8.34176195107656,-3.5379506774346567,3.3762319241253187,-16.059964454692818,-0.46246097733957514,11.821826555259573,2.1725940229710377,-3.128667298721462,2.0891005170009076,9.176294380415118,6.311288299627804,2.2980665045148227,11.984273059636548,-6.617437217827578,11.63819194709966
dc7da28f,4774,524567.2788771695,550232.7686463809,10.48236773251517,10.735740814838898,-6.186576723320193,-2.5368242544980157,-3.3328343718366833,-1.2185101973950325,3.9112700353504763,2.2421885011686093,9.969274576750403,-0.1625865840387196,15.592393545766043,-0.26760672990148154,11.228004148670209,-2.702926756764264,16.53908023528022,-5.916073999040457
dc7f9757,4360,255605.36693876667,297045.36273601436,7.656701911415096,8.254069926545139,3.6924271143325282,-1.8896094369426073,6.62287153133289,-5.475485298319479,9.532838100625105,5.734886768298541,-7.742299987719458,6.624331840364311,-3.8897097591502616,0.3698435219834088,-9.847987203734363,-2.515112762481441,-9.53076882048236,3.7416710059155207
dd168de0,3304,43336.08096306933,57016.569459964754,3.621635992870003,4.154134199848691,-5.5287165080403575,-5.270905446170569,-7.764722591719872,0.2518439452562652,-4.98735277859223,0.9741031153908601,-1.4719958013358991,-2.5929431607372306,-0.935811149382404,-4.598580182431924,-2.7815095523510633,1.843320864299099,9.671247225956828,1.5488246149526672
dd64382d,3124,74067.23169311997,46824.564261485866,4.8691992210358075,3.8715186857219637,1.0368704695885311,1.0707579612216256,3.469891647620637,0.2875028569450425,2.4877592393378727,0.4349851604890855,3.2744389713818602,0.2959978325653835,3.0804812205496424,1.282060122373908,4.967991727883302,0.19647332365994036,17.81334677850035,6.500032205023317
dd6bc5b2,3602,374801.04603222176,420355.8551175717,10.200666356828187,10.802808967969279,10.793552329453854,-3.607764588604804,-0.9748460333274114,-2.185031189439227,22.120109679585376,3.3217160336386558,22.00174384614471,6.331253059363085,19.55403076043831,10.314385413547068,20.636003837513357,16.98823846562416,19.51048970690186,22.56965133493757
dd7d638e,4301,231098.40243518128,259731.24409037383,7.330164995705061,7.771008367709129,-5.879418687582693,-1.769723484458348,-10.895299963079863,0.45093482121918954,-12.172842509225498,-1.1097862356623227,-10.011429504416352,-1.3513226402635758,-3.026290519677678,-8.415466840254608,-0.621409539038527,-3.8769848338714894,9.884476241232676,-3.4185168446064047
ddc790ff,4726,114841.17446075064,91826.46386425522,4.92948959211335,4.407954181293065,0.21722979182642232,1.7010558598044916,-12.386900763713406,-6.179163751397509,-1.4640756079172759,-5.677471938487071,-5.361776084909987,-2.417440714573426,-4.3975818026536295,-4.189707438011299,-3.343603601216416,-0.544176095813946,-9.746957300783102,1.1803188409784882
df71d1ff,6228,1243168.734162179,1714448.718065893,14.128326983054498,16.591587725337632,2.6875336435265074,5.26983898835359,-11.255089129456266,2.0951185704347535,-13.819628319077196,-1.715578187681059,-20.38330111588753,2.4911604900430957,-38.895236969953075,-6.615569850488219,-17.161634221060535,-4.805019797751958,0.1400456732728017,-1.839143549563357
df73b8f3,5311,748307.480067678,751483.8341202518,11.870032075360859,11.895197866217059,-2.674764290160855,1.8770533692796776,1.0394395289001692,-12.229935445079159,6.005743544434027,-13.15897941397122,-8.092919185282096,-8.848498963186666,-10.791581079113332,-9.030684951696957,-28.382529276425853,-15.464453307224588,-38.48233575664416,-11.359562851578318
df8290be,3972,525878.6762981251,448340.805884311,11.506365376773763,10.624280153143795,-12.310890605164985,-1.6885875063050837,6.033190096698381,-0.3181194345373566,5.592670100715772,7.92341868689069,7.450296780445479,7.773960653344846,26.94055925643714,6.269416250102343,15.086705286557525,2.871687742400981,14.4964358640186,-3.3289213087313207
e0079ed1,3471,178831.6818747482,398968.95445923565,7.17785901256419,10.721171531271613,5.078090850661931,4.070209341113174,16.430973477648386,3.863741428012105,7.450073492241144,-0.16364290047538824,4.2206523299306795,-8.793226947953034,4.8474063633173525,-6.60870131670004,1.2943698495161235,-12.492627051891464,-5.642790921542267,-21.3434740728764
e03b45fd,5342,1086465.7391919289,1056654.4651004681,14.261200181742177,14.064184481086025,-5.4656298060598925,1.5350300390073879,-1.6981969939525863,2.425711595922169,34.092988855776596,3.087272007836358,-15.035603939741614,7.09335966453136,-13.795989315305707,-1.3485028973546318,22.574152641983247,1.2590708660551193,-39.9608042819996,-8.430385396193259
e0f36d98,4976,536026.2033972853,570083.162835262,10.378935771874165,10.703576599283657,16.057236284970607,1.7957009194875877,23.14777192795283,5.387424567601033,2.9425284479800027,5.167506235538268,-6.05429882815327,7.538628424327659,6.696858119178707,12.184886023348575,13.26087719548595,8.531326891978125,13.52898589798286,-0.724379802300258
e149204f,6097,963995.2282908388,951250.2717408476,12.57417049104803,12.490772528156423,-1.6912685214544116,2.086907247478231,-2.4243468453065775,3.984007306328582,-12.68668271888164,6.977884341179734,-5.5628581338083745,4.6607449604091205,-14.483252175979247,-6.12811509972413,0.8222648728981001,11.854691898991039,-8.989857231938522,20.338827280719677
e14d641e,3184,162168.14899059274,127669.37849495305,7.1366804326344875,6.3322323561866005,1.0313404238866692,10.114666478666635,0.9064565636840136,5.692239119980648,9.782901619065,7.640807747024451,5.739380835099001,7.385182701896975,9.437223520210338,5.120762291332487,-9.88846249489925,4.368648014043717,-5.028944105923892,-0.23063580524172583
e161bd0c,2949,28253.011368988224,60978.51471374628,3.0952446801569806,4.547273066470338,1.7896813712424517,-7.118176691578735,-7.00524357766891,-2.848882690682761,-8.363259757557122,-0.16774479227875858,4.023871889026118,-3.2318705159522443,-3.3538498393370766,0.41997510897388607,-0.24606927635381515,3.9727968617338307,6.380295957786247,3.4831742796298
e201fd6d,5070,1256525.7544717009,1379185.039623975,15.742790557296615,16.493289769506337,12.775562791512503,1.6870900596396663,-29.557192067779177,2.702879502368747,-22.36728718538319,2.49420143729854,-14.028967725281582,4.076020709109335,-2.6848106763412085,8.68854094349988,11.746313829810969,10.558217174929679,5.804984781548409,6.9167968265676025
e25f1537,3177,214566.8092053133,178924.82326571882,8.218123511262695,7.504585174127312,9.296050266264686,7.826892116543687,9.525827918106245,5.534391748338137,13.859374404250635,2.0230840928239537,12.261793472819008,-1.6676785047540368,-12.474077754963615,-6.890754201489562,-13.157837825673365,-7.971398608908717,-11.21646716477377,0.04048071772957913
e2fc7745,3692,287077.6730559502,223563.20171471307,8.817974985385822,7.781607369228986,10.963540237070024,5.38072226807288,17.670542934124605,9.201137852737931,26.883028391519144,9.545500204297587,7.037460105178102,7.859968438783265,2.4969126450670736,7.94336605540185,-2.0807641045241527,0.6610056653934033,1.25425971427289,8.546401816205766
e32da4ec,4689,303805.7703269555,300146.1444856225,8.049295900705317,8.000668351341925,10.153905647933549,4.746682591321763,18.305716022292085,6.946601698940897,14.012846983335342,10.254320347314538,0.10632999501198537,9.786824900707385,-3.395265528756194,8.689728501031597,1.749127117523118,7.157630860207496,25.701661441810934,14.300406773820876
e3b34f5b,5455,246335.3285420229,116334.766896013,6.719948940026094,4.61803674833635,5.856886543905667,1.5269527181204912,-2.8589793400397863,-2.6972387427637274,-7.323568974811088,-6.000772236675714,-12.156102222920163,-8.527562418367491,-21.54853547275856,-10.844292419195849,-11.5378431484665,-12.105315683364982,-19.416306932948,-15.641012089308973
e45a2a62,5007,2275703.0689620944,2311762.013286312,21.31910663610351,21.487345444175514,-0.8817293782097124,3.2837563103754435,19.54494988528718,4.1059818497127285,33.64220864418197,7.204455362295323,33.64750020288011,3.713219670494481,42.89131788110285,4.71882428231485,9.27065292817494,0.436695546838331,8.068937221671668,-2.727141559674503
e46f4ef4,7195,317966.2178052918,420133.9955370738,6.647756316623739,7.641498162517979,-1.3755390680076869,-6.664188707354873,4.702217353150017,-10.432628523983793,0.8443474780128286,-4.1515976072969725,-2.8836083537827806,-2.5550140968797264,2.388634965488612,2.691531772347825,2.7963289347903326,4.477729144074694,3.8836251720375237,-5.014843672631028
e4726608,4733,97678.49850268633,158037.08696787228,4.54287968844174,5.778448615889953,-6.463846443382808,9.882341418409528,-0.4527836873359975,0.04456634971210889,3.3092697207933393,4.633499824505803,0.4581437112057549,3.6874823611402574,6.384082653925541,4.2038899591589995,6.09173649136058,9.033411745227188,21.14236669947826,14.323238735590355
e5864244,4469,2824693.6996013704,2447782.856542643,25.140881631348375,23.40352457014451,19.68755448335391,3.8041021790536007,21.02255227696578,3.667153347773059,23.54981655060906,7.086052589014439,27.055790028752867,4.287832661904911,28.428139461021054,4.127183501176061,27.115893864474927,0.9096987325577629,56.474837420620325,4.248181251022979
e5c92e59,4295,237838.37963682527,246196.87291106366,7.441481126696582,7.571112197652627,-15.025964491463412,-5.209327634911261,-9.923233604036918,-3.7000859759308744,5.85456549546047,-0.47098036782799335,-13.335018292636896,0.16229318332049586,-6.871291937962475,-3.624879055657322,-16.330455926078756,-6.4036158012443,-19.42865937803504,-11.117343924641181
e5ff9fd2,2354,186034.67480492976,141900.93001460962,8.889835412646645,7.764069094888292,-0.2928284450937486,1.0339855195003422,3.6720457496823666,-2.666618443667475,6.747507389176466,-3.9356037053809154,13.07840935357816,-0.20249405008553367,9.889880189461335,0.32792042229485163,5.507671819050933,1.1805560859061357,-2.611364845779214,2.8862780697153303
e6c55748,4472,1098863.457683331,1265668.6878047225,15.675484329461014,16.823219853918932,5.046051903246601,3.7255394585983064,-6.4429519624863385,-1.5219578971672516,-3.674035023472934,-0.5582005780646233,20.05889202599034,-2.0909654295877367,14.17647313850377,-9.067960353001983,22.662027598997412,-4.622633861394636,19.056768367802665,-4.145922257478455
e730c32b,4728,668454.1808103003,860815.3313331807,11.890417063243861,13.493240547329645,1.1691813694510444,5.462979784711209,6.770766357754267,0.9223589045752909,14.054662142509104,-0.7604789203338352,14.94601988017644,-0.6661801722281273,10.759592021337433,-6.272846138220339,7.474941357958425,-9.830597298025998,10.749091110424137,-8.933184273234833
e737965a,5955,377997.2188131884,439646.7150005745,7.967157805332954,8.592331681683161,16.433655035147723,1.9301837449572905,10.14180983676321,0.8270726186569245,-14.70156621530474,-4.424787406647631,5.544395673240869,-5.652435796579295,-13.213480294177085,-6.350812896100549,3.3467437165011438,-13.546477556720896,-19.153455904607505,-15.053289315399951
e748dd88,4812,165228.13760468023,346780.05770067533,5.859751440996969,8.48915079094657,4.254595301801789,8.530795756806901,-1.1160115010514575,11.566728159013362,1.5066046990461304,10.422619832963141,2.2084148809899613,9.507877720660671,0.49881025977951,6.77322381275405,-4.998802981533135,5.893559699458487,-8.181745678470323,0.72275349500605
e7818f7a,5371,229652.39527823153,190679.69359978547,6.538948449215028,5.95833128577128,-14.072709206891357,-4.1021867586123175,-10.516678300056945,-7.273765105631893,-6.277090896260123,-9.030175795151251,-11.675693064518839,-6.5176932093750874,-9.845085130727721,-10.37650733989962,-16.93728722379093,-5.085568391254198,1.054590124583104,4.8877163055682855
e7c36e81,3531,255192.12976070205,287389.425346366,8.501288984856968,9.02166160848194,6.150048437073803,2.2714206929280607,-11.108305536483456,-1.0350282389084993,-11.110271766803747,1.1783015895930753,-12.451843950392595,-2.7960706470848686,-13.959884671312322,-3.027092747806661,-4.982532602732597,-0.454586693597692,-10.226463942418823,5.582616802521617
e7d0c1de,4711,182642.6167131009,198372.67624940063,6.226507394614932,6.489098613606441,-5.072690518961348,-0.9970041146650518,-8.835387640581647,-4.018426964795893,-2.381276135290937,-5.441083335129137,1.4798313085338046,-2.2154863048738336,-6.584038402288292,-1.304914780074585,-7.682615782352441,-2.9937995151042824,-16.945712884820942,5.402945245901739
e85074c5,5675,1527724.876057349,2321479.2038287427,16.407395324416715,20.225509272803784,12.490851604657976,-7.527447484008677,11.55286884436347,-8.797828674891612,11.095952657192987,-10.566346600204922,8.232006041133364,-11.551046281588253,1.4359014715650105,-15.69690943046416,14.047601916092187,-12.951904625297692,7.8753251068718715,-14.12639933850889
e97032ad,3530,159850.82176644678,146209.27431813546,6.729303003581246,6.435763970228525,5.522137285931922,-0.7636990426238379,8.222344809467067,3.2685652242013736,7.899596974584112,-2.9333560075629177,3.0832810091411096,-5.071212215887689,-0.2183917740175194,-6.08782651386334,-0.22302014688849028,-1.0023495411462524,-0.5166842943197631,-2.8678385571050033
e9949a23,4559,484090.1057649223,529765.4891547796,10.304532825217255,10.779708960853952,0.7290041170100447,-2.300879407765763,-7.287460874337661,-5.6713492006092965,3.979630448476051,-5.3347259129318765,-22.985487236768698,1.353234118084426,-12.021359860113984,-0.7560992315309809,8.213085015490577,0.7960050077985598,22.79850324890355,0.07723473158684709
ea0b99b7,9239,647483.473303984,765734.2117417115,8.371472603790258,9.103880365173955,-3.2817429979474664,5.211032657428788,-6.293471899809736,10.088964003213187,7.519073074982744,7.278238241566266,-3.6543201446711127,3.905416262383133,3.210385784054584,-2.886400672458503,5.107618677884122,-2.612952295115556,-1.5567262346274835,1.9437711209682043
ea3a0e38,10052,794812.6455453569,1403283.707892783,8.89213697793489,11.815347566241993,8.22083288731543,-8.027376321910886,3.4527844614863454,-13.280662684661081,-8.150252555162092,-15.127818484592272,-0.028648700052213982,-16.78254648781678,-8.893601480003463,-9.389613792148808,-17.71050928343596,-3.045906429123481,-9.71875058143804,-20.19150112408075
ea41324e,5025,294930.0909455074,628701.1850978492,7.661106670190755,11.185466628668852,-10.71874774056959,-11.710274679737333,-11.684849621656758,-11.935457030734337,0.36671101968757913,-16.6281083844901,-4.284702735963611,-17.9164206010803,3.1490533326203245,-13.621846586500743,-0.06938366679907793,-11.88740650323657,-8.48371803002322,-13.586069902670577
eabc711b,5348,1177885.1581571635,1169115.0182615276,14.840747479277217,14.78539462493123,-1.812697345060995,-0.643459770611225,3.1147954487980782,-0.36124907423598784,7.065294419698159,2.6383633239946795,-17.212108136162676,5.234956066417872,-27.443243206237874,0.4827420003661739,-19.00629357572969,1.717112988718388,10.748188889832846,7.59110513613241
eac10e86,6067,279640.63863437524,180483.73526932643,6.7891146869188335,5.454212291795221,-5.83376264438046,1.4447361805082053,-4.6542648861921325,-2.536338783319937,-4.351601162404149,-1.9229429195511822,-10.587604566710091,-3.209770674804715,-4.488975601631572,-0.006806662399229513,-10.64665616832314,-0.7599362789169456,4.821449556728636,-1.9594026351163467
eafb863e,3568,189666.194593827,185899.1185613288,7.290923518278804,7.218155643738462,0.51486834129715,-0.7399729640731436,4.19110832273577,-2.0932004132082653,9.002050641736847,-1.9545782999735075,5.753298939129846,-2.006654529195486,-2.3976816517109527,-1.410005375060483,5.627625068287165,-0.005702011767002646,21.078280054929266,5.06438032985171
eb06a4e7,4535,244831.278537389,191453.50559515256,7.34758814146982,6.497451041139685,6.171247635811148,6.721002754355905,-1.1577715147989935,4.362020546382256,1.0189624856724635,-3.4165267842199682,0.1733034665628761,-7.314858662738539,-14.603209297163001,-10.26222793118109,-19.394366624197644,-11.834756672659093,-14.101257797639846,1.5948985053199949
eb640a35,6037,529887.5349826082,525281.0178598561,9.368741663367217,9.32792972529573,13.574817596158935,1.3078255799261018,9.86219368443987,1.7428939771676972,-5.639372773963449,-0.8613982237308478,-13.105362637005685,-2.111162624249083,-10.599416192004647,-1.8530398097424599,-17.475156011493834,-4.827281352713281,-10.560832397222802,-4.466161079011438
eb934281,5971,61447.44061786369,64602.53006464215,3.207955710240578,3.2892829042040694,-4.792949762220702,-7.230241694575628,-4.807355842336651,-7.847744123058407,-2.2989722507689034,-5.270275621464689,-9.38656693483259,-1.837295965642842,-1.5119423934658967,-0.9769162122358905,-2.6473875514351257,-2.0864942282412335,-3.8709921126705127,-7.837716380683764
eba6605e,4410,837085.0104721755,533747.1686503624,13.77734354360111,11.00141372744202,27.787860940768763,15.587814911550234,7.2114338482972755,8.807084132348331,6.323806328985086,11.712443007137166,3.8078140813719408,10.631499769413363,23.106614274986114,2.439725519544795,25.18003189327633,8.44346054175478,26.918838019546115,17.752921227943137
ebe69318,4976,370508.8453524108,206176.58693915379,8.628972887972747,6.436940387738275,0.8646232970511609,3.821164375334658,-7.088757289893602,0.0715715551203137,-2.96966939592418,-3.400513670904483,4.009759010130961,-1.199936743202352,0.15126122982812085,-6.657610765880446,9.298981454547476,-2.166483950754647,11.884229431459005,5.745106985210547
ec0d597b,4616,883082.4798797754,756000.4802293439,13.831450735070892,12.79758832543974,2.138746089685622,7.412681690048312,3.0132446522132605,5.84419631127281,0.9278827491010961,8.129611075740296,35.7714453479588,10.29132050426238,30.522705927132932,8.155646234527918,14.822313895956778,3.359174728469467,-7.634603437143475,-4.100043643054223
ec13af42,5462,424679.3167415763,496307.7814941866,8.817687576488163,9.532343729922223,16.46225089231774,-5.516281139040681,11.587682337894988,-2.5168853864865164,-5.09349769247174,-3.837642163859278,0.7028729394942785,-4.135168859506201,-6.168713102689875,-6.609639955408443,-9.836525836917577,-2.6031035384108305,-9.730292875558218,-8.1107051494153
ecdab904,6147,1091636.1709251835,1201316.2471244982,13.326231459805738,13.979674799054182,21.38692590977837,5.630018117884167,24.644827107243756,5.888566482376548,12.978578101450143,2.8816798502999763,18.238255632802023,5.0429086926189814,4.197232329634369,0.6030332359782324,4.205840842480896,-5.746002807642879,19.718009598113245,-10.469633596670391
ecdaf714,6592,1363411.8474646052,1177829.6237441034,14.381524729998478,13.366959654239775,-0.5185593814190268,4.633630521787506,15.510197111149484,9.448333454984223,29.701994502937346,4.801688563657981,20.467758484492776,2.183495577224975,0.8556145532945507,7.802844525390947,15.50999967929851,-0.2554865964267433,24.370691323819088,7.648257999286099
ed6436d6,2945,9955.947124482554,14495.169086564378,1.8386482009767466,2.2185488371469853,1.3619461905200456,-0.9167618467617913,-3.0697391918537567,0.9750018348311886,-0.39712628837644337,-2.6204652026504385,0.32802443079111976,-3.7527094432568218,-1.2542960824951788,-3.1333028859149197,-0.9052120532681114,0.34458378998365846,-2.6653961530848385,-0.8426380199840757
ed6e6e54,6048,667170.9034752224,666028.2621707523,10.502982880312178,10.493984972212221,-5.570161238226289,3.371180739315873,0.2249416211837474,6.078195316707624,26.36710368521083,4.7140390265725545,18.905537135191175,6.227579559944853,-4.183044616505033,10.568281676611665,6.997521922360274,8.43141071168792,-2.711448460118838,-1.3624483175475341
edf885a3,3117,606937.1937100668,717197.3080480114,13.954152824255964,15.168789488360357,6.902829895753616,-3.2390185023692384,21.6383399728732,-1.6433876328345611,23.46356876362246,-0.307813029569055,20.02642282534987,0.577298914402658,10.333385133386757,0.784089520199181,1.7697091720216287,1.2955085573011285,-1.1872742107374035,2.9896948421812537
ee0300f7,4544,1225419.5215036992,854572.6236358285,16.42189367521954,13.713721536131644,16.70984261430415,7.4965507530581466,26.715122454878124,9.929950779479938,20.43338949722704,15.942244482547926,22.535661916614426,11.503990364175745,21.66846132391772,10.987665507021541,33.4390442612648,11.316712602293943,32.151940338491556,9.117003062989301
ee288beb,4638,1474552.5238986698,1217750.7399707986,17.830550478860353,16.203686381310114,-11.20975874913999,-6.101959168973442,13.563726661880557,2.3278619234699143,26.32896848853353,11.694304120562972,25.20110651527279,13.085148488451258,38.31003000522331,19.536559548689244,44.68530915396883,19.339274425460367,47.95420069093011,21.12099682857515
ee4aecac,5265,97845.9828704292,77538.9349919607,4.310943314877744,3.837609036025276,2.3545215322863062,-0.7654491284160942,4.606378127477967,3.7814056116455483,-1.6054095982618592,0.7346884143765504,3.900413421612821,2.202358733258414,2.7166803662890997,-1.776523613182097,0.0029343926241161,-1.5183326195986806,13.298146622063687,4.153515963382485
eeda36f5,4797,93824.0258414842,122206.97125410178,4.422544104984657,5.0473466292137115,-2.053069976334033,3.912264251921827,1.9971599879265167,4.393121312754966,-7.252589491916363,2.4858944516122747,3.1097735226771372,0.18023039671433755,-3.741166385440363,-7.063280231166739,-4.6659145899176355,-8.09022274736983,-1.0262880538194574,-7.9844314308785584
eeed308d,3899,242132.35649241583,262380.52270654147,7.880427842664109,8.203311042259134,-11.168204478068947,-5.301735679591532,-9.379010774011103,-3.0398792477233263,-10.563490991399572,-6.104811154931608,7.242819061541629,-4.899051873658794,8.535406054552206,-4.593294510011683,6.881369162822014,0.06373546763089691,3.017651513047136,-7.692741476256629
ef04658e,4104,197982.91372834248,248966.78811788396,6.94560657635701,7.788736871663762,7.565323555096456,4.472178392902251,11.989615526981524,3.02756780662385,7.066739895722668,6.9676436787870655,5.471661012638789,12.383814621611254,18.39923523202235,9.65001462154429,23.875443987536144,6.614562502417003,14.462255339587088,11.417778771657872
ef8e3ed0,5224,1297115.2446228198,1072196.2885826328,15.757513853558985,14.326350285952731,-21.67754642926503,-4.190426679881265,-23.822364229074033,-4.694892060692687,7.211321238414328,-4.556829138931753,-22.36394658259647,-4.874436658320056,-18.945705808813102,-4.900677210753693,-26.403107698295813,-5.775046794068027,-19.257814064205938,-9.11440781985787
efde6ac3,4559,235207.45197474243,261395.63254041743,7.182749862385453,7.572065593375937,-4.3233637062630415,4.550250748442613,3.617090988057736,-0.39647476253978414,-0.3259424306716377,0.23435049775456304,-1.8400811866148392,0.6696499551973725,1.9034116353223993,0.7746096533614313,-16.747915505343084,-2.0558119260282446,-24.59575570710726,-7.553118957671986
efe96181,4012,96820.01840141164,387311.0783887552,4.9124949648842255,9.825383205340819,-17.70448960108496,-7.871722077732931,-20.9948299178241,-27.12377251228827,-19.825345690458214,-28.260307382824703,-21.226638542193225,-42.484972983359825,-25.656833592218653,-24.031548342998825,-26.47535649090066,-36.17086210813156,-23.66627347552047,-37.08301445338465
f0188a48,4170,271208.396560256,295852.04102139943,8.064613120704063,8.423047646772991,-5.698200274580824,-0.9915382850012173,-2.038298876412671,1.0445297646456884,12.991410594463481,1.5005013354899095,0.7608685989934532,4.823333886653164,-5.1315800854331854,7.681144581536392,-7.548117121766343,5.378308781808155,-4.272801642628218,5.940982393708375
f021b650,3739,75336.36037790621,84638.61208208332,4.488741387652853,4.7578038562615435,-3.5808930189341397,-4.857340589132976,-8.80232747838304,-6.321140454339063,-7.6828063205873205,-3.3738665677744364,-6.501817145083681,-3.3924612964470016,3.9056952258962245,-9.27425952520812,-3.5645759206943146,-6.118575534566371,2.2921525669712555,1.3944495039379239
f03f10fe,4145,168185.47721109327,185956.23128177365,6.369890671584218,6.697968496035936,-0.7570439202068822,-1.370658187342437,-7.425453808231345,-0.9419626778453288,4.283775059358469,-1.1857947630395356,-6.667153919961976,2.7452290307473577,15.52743599352809,2.6924389684267864,7.3339978854116055,1.26743872587597,1.7428682623112213,-3.794921534630041
f053a1b9,4108,752447.8863965791,900707.2082287802,13.53390101661388,14.807324763691923,-9.36455534745875,6.701749661059921,3.757269045484823,8.819047062199862,-2.0620514788092863,15.088913947232395,-6.413073648076949,13.722584632810307,-14.47685690963485,7.617317942202578,-0.37109267956243386,8.376103834572469,-9.660354928579391,3.9956320212703873
f074d277,2453,258314.15111058133,159927.30780870613,10.261842037464213,8.074442369069535,5.519101221321482,11.305299261383288,15.798689755285803,12.336511874652093,28.178398369948546,13.788042326904451,20.63447057449212,12.85899412989259,19.970070999528524,10.343596137977041,18.427418481158604,12.538951157113383,20.397990382858413,14.837784722682011
f07d7037,5563,324457.31371203996,340054.3199713677,7.637025735910892,7.818431188804167,3.1837740242261656,2.907893786619852,8.408110523196854,3.421848546844829,10.06283426655385,2.138101600624237,4.825022371197048,0.7751464210131296,4.487977347619305,-4.2195568661105005,7.40968372741511,-4.857933165819847,12.725565688877111,-1.6580818840574403
f08774c3,3900,312957.0449137275,232044.59835248877,8.957979467029661,7.713534531080846,-1.2078086859692614,-0.4426558583314605,-11.056029387130291,-6.195577202858319,-4.829509235498698,-1.9750526671696462,-3.937486266600104,0.8167121466609888,20.463242817006822,3.4892082553261488,16.39643435320959,8.91936921731788,24.25499310068387,10.580884320470215
f140c2fa,4082,631945.0013064918,579671.053635242,12.442370842680814,11.91665337014362,-8.902801146711685,-6.225639877179894,-12.369210249993781,-7.737069969951475,-18.968300567837797,-8.268457138659578,-13.176726290964865,-4.640314905828852,-15.612705979738195,-6.757798969637655,-27.061057547886577,-1.7971923741055602,-21.197224426211037,-6.306536336757202
f16e25e3,4651,154302.7345766682,170453.1901045174,5.759882733415869,6.053818512114602,4.360884244897887,1.1368905561938427,6.678226715133345,-0.44627447748403204,7.434842350542672,-1.5298144966484752,-1.913076476953946,-4.458240395742756,-1.47799705308211,-4.771574051526742,4.482928883613971,-6.765598002304122,-1.1230580111520267,-2.8577925393384187
f2d4c8c9,6249,135706.73502496825,140425.9795018754,4.660102171879421,4.740437975614929,-1.537260792104012,-5.295822960873473,-8.256628022304051,-1.3118582326455483,-3.839581720482741,-2.561324405528071,-9.738506008594083,-3.7761495601193906,-2.633919147654784,-8.58789446669589,1.5195611162572575,-6.791918422569092,-7.778230278829124,-8.091036314561318
f321a31c,5141,756167.4465472795,737544.9372706129,12.127888246590238,11.977617533546837,9.300747513686034,4.3024107596378,-2.152433684769183,-1.5450934188424215,-18.26966080579935,-0.4021547033632881,5.018263532205145,5.121638952611117,16.770827922543344,10.282936366134129,-19.530021683034718,8.070507898014608,-11.72174010215805,1.9418338973043352
f40cd091,5166,735072.9696013647,657743.0886441616,11.928560170257592,11.283684793420068,-8.048602258499264,-1.1796106029464093,14.403498874185527,-2.7858805640162676,4.69844338097017,-1.5146145005043894,11.532671031428286,2.443401872941263,7.89080749115239,3.6255937808269523,22.442887828627647,2.3648755677892574,15.670180851284385,2.0504533559302085
f439a621,2821,170222.04985265053,260605.59239175133,7.767948989074465,9.611481236908341,2.1004337450305863,1.0050754616879782,-5.638694574081356,3.3983178041706017,-10.823213187855796,4.013209512240002,-10.697965527141262,6.775792465306084,6.446265019956392,1.4899369042174964,-1.0216895706576334,-2.549351383919884,-17.73377617087029,-1.2218033576475098
f49fdea3,5391,167923.95473935112,324335.5017921082,5.581123861855335,7.756442524070998,8.179891270631611,-4.182141241574794,1.7572727516506976,0.8110627890028619,-2.020889716982329,11.651016977328018,3.364736037692661,13.133469515773445,3.095006351123592,10.78631853073201,5.074985268149195,6.5365552982293575,1.617573874265748,-1.9844809004181485
f4d12d23,3701,1067017.6634554365,979842.9345569793,16.9795533496112,16.271166536500054,-21.691235616145814,0.4212109108365546,-29.308715610716064,-6.770196597705218,-31.675521873871105,-14.156133149906472,-34.84606974232503,-18.015728296512975,-24.961442095331616,-17.046100851962425,-23.606165776642626,-13.832263431942025,-29.298011284936663,-8.800571638145751
f56d3ace,5432,244183.4749201829,298312.30403113837,6.704683080222304,7.410639766145847,0.820735459559621,-2.002565719124535,4.580639905725769,-2.357392447701451,2.852895713993195,-5.3555757762727225,0.9489445617718071,-5.658524669229572,1.1240680301019437,-3.2294707382677688,0.8812728694637675,-8.120363044037136,-2.6962653206694043,-8.732297393818556
f5859199,5790,826942.8273296064,955109.2419259838,11.950840781874488,12.84361391099262,16.79838168319438,2.597096100270966,15.35826255808812,-1.293627009949098,14.56115530104981,2.493033408104019,22.153114874264276,2.7771002603338815,4.007072857285163,4.67100194027395,20.932825759052477,7.003890087905522,3.154415386479158,1.3506977842775059
f5d8aab6,4444,1216452.4357911441,1757316.658406068,16.54476264471946,19.885567422644428,-0.7129563182309191,5.521960730924393,-5.923742868275876,12.145925072999555,-11.871163118248974,12.656168553801518,-0.12770805184510792,12.802302618456475,-12.235179605024978,10.703295310225132,-17.93505299188291,13.612586092670938,-8.976026972643341,10.928340420214363
f631da6e,4093,129677.747386431,202692.59283761535,5.6287486602001175,7.037170391839041,-2.244058450706375,-7.354783168833623,-17.678600731821906,-14.050310394250047,-2.6389267542634904,-17.647619827305537,-12.44448396175393,-18.130479304470537,-16.65283813934442,-13.768986586102647,-2.948108557140211,-11.321418495789048,-0.4419812467738957,-10.455935756450994
f6824bb0,5015,1415663.3152332064,1285145.3357842716,16.80136320748266,16.008131880327586,0.48555978503780217,-3.383977815542811,-23.890038811725564,-1.6973891349723758,-18.52203810907823,-0.43482790645647923,-20.427831423084125,-4.473075673056803,-35.4208989297642,-9.815504118155378,-23.56180852453049,-10.948330512335954,-23.037187210498065,-13.548113095836658
f6bc699b,3752,235227.87231388333,175427.59861335732,7.917954017248729,6.837818113993912,1.369227505069695,4.3954009641842156,17.11439058821805,7.532479409389436,20.954218559067144,5.205972664456677,-6.484371574208604,2.7090737189030207,-2.9429387950558463,-1.888566549970016,2.036796948036848,-0.26074178227158146,9.845642076312352,2.7442604173289857
f6d009f4,6715,6858024.997050235,4305561.077789843,31.957774162467036,25.32164225149525,-21.019252693406244,-0.12286161284338597,32.46234122655536,-5.191541231572815,25.422064034368233,15.436571163633156,-13.249223447609321,10.465749643115778,-22.841518049155418,29.159416289943174,41.46957017377335,46.749117683607565,63.343429300406044,28.770333921326756
f72b268f,6404,390227.6252242229,485050.5228026315,7.80608622021858,8.702976821722354,-15.775040806909573,2.367733547425417,0.8068116420738605,9.3480536594071,0.9398103337858523,9.724706083931014,2.68848220451461,9.439529357810692,14.010996688293595,10.643231526403195,14.33081073190802,8.776361405273624,11.589988486856283,9.1990952291384
f8662c22,5429,702832.7718606951,1009709.6866418855,11.378003971307917,13.637612321003749,12.722781555347787,-3.231635392749425,3.063012364747915,4.928190668071347,3.884146969219593,2.303658366316069,9.747078088121164,-4.646278494615491,12.274649381774452,-11.705424230442922,10.707767618427368,-5.893227288368471,-8.484648825341482,-2.957480825933503
f88ddb26,4990,3812917.74041307,2848847.4221404837,27.642571725978495,23.89375037624234,-6.686888694852307,-11.765902845832267,-33.632890104381616,-21.508607385384067,-58.88851467194037,-22.585939322745425,-73.1180461112001,-29.18291536533426,-50.01321720976672,-22.86552420169024,-36.97687412576579,-31.31524905774025,-36.236341971637216,-23.55935402019054
f8afa78a,6032,828477.2005101149,701937.9327390607,11.719514324394483,10.787447366247147,18.99137794709159,3.873831542901068,21.997980756688236,1.6582428618287703,12.4704302498742,4.0804262478718645,13.487254661283812,11.289610322076296,10.388701808388992,7.223397747096001,14.75734849577968,9.914681270687286,29.575801168842034,12.310964159541962
f8f59188,4807,122894.5271468154,149102.13326484268,5.056257817155485,5.56935456488147,1.1255628891640224,2.5462927252695513,1.632480096533477,3.1305052820883805,-5.266601041662072,2.7231463246388055,4.415646008947572,1.263006036485772,12.443874737685498,0.000540248195600812,3.503798176714046,0.7298472290034744,-1.1629737459980665,-5.343302578210439
f9fc81aa,5598,471315.80435996637,442521.80382526957,9.17570736443364,8.891005726002273,5.101032895921207,3.943787362750591,3.432642802787357,-2.238333239585649,9.995530013223878,-2.2063525735709515,21.40268120838592,2.845592475602073,-7.187817360103828,-0.44519256314505495,-6.829301963749366,0.11058504362269446,-7.4290772379631145,-3.1991421187221283
fa16d114,5686,4648837.885474399,5064598.709451647,28.593595766646917,29.844828823452296,3.6242025666244775,8.227381339910124,-7.4408350248081945,7.355947963348834,-34.37910212016367,7.20089837440579,-23.292521891487795,12.311186581749835,-31.246332801937417,7.391502799732587,-27.209171633711364,10.856756146050571,-13.160302784074823,6.5163912623720055
fa31da94,5027,522872.4788176405,763457.5108546488,10.198667878719544,12.323611346887423,1.932763342515939,0.8261672196534532,-9.597753480223297,2.7215647229261926,-0.6669646372469984,4.656802646120213,-5.966646539567409,5.358522709152543,-14.54546620639477,3.5124716286665696,-13.79114400381583,4.432546124262446,-9.465935700805122,4.7964767451171015
fa667be2,7296,534943.1331713119,320527.683399795,8.562713158213342,6.628119955929524,-9.012172434674346,-0.9207553857156707,-8.703484948751278,-2.0910589886217146,-7.386138252615594,-1.6040551020249676,-4.8220320255515965,-4.1774068066363395,-6.514698432918092,-5.624584751959934,-14.615713858378625,-9.758862784917499,-26.02760519743839,-7.63697834004507
fae0c593,4403,321396.9904158168,265558.0196093282,8.5437112094235,7.766142728809742,-16.512372020010652,-5.354787716223808,-16.220573082458415,1.0384440397807508,6.38788222890588,3.9336872221101133,9.709178489339664,3.389528841590047,7.291901796380887,6.431721307035495,10.53176880540026,5.002902050301697,-3.6687041701054826,-0.2706151999158078
fb03ae90,6431,2430033.3081589146,1419786.8976987842,19.438683937932367,14.858409630887735,-32.932942765130946,-18.829984003440067,-49.8076330209386,-30.90359613946261,-46.90250000678551,-27.808093906385835,-53.83758213562912,-31.537671486744244,-46.91124251244454,-37.45435401726245,-47.804679436059104,-39.352938651795405,-45.55760716968473,-40.10116147859985
fb0904bd,3181,23973.157662592715,19884.32896483908,2.7452429583794826,2.50019357721724,-7.577624893610061,-3.6201344302469876,-5.354811041349558,-2.452702801202327,-5.363450057822995,-4.901603115800116,-5.789600230893839,-7.110810722750314,-6.3383183025417615,-7.936891787828034,-10.089388721187358,-10.48805616287747,-4.2923530890578405,-9.35404071616652
fb3848a1,5919,372716.155393375,437715.6659202091,7.935329026797624,8.5994737510757,3.915208657207331,2.0949159163807556,8.472396182672956,2.835651669640539,8.92273021287695,-0.013230214546326335,1.7712780923653026,0.1468595809888565,-8.052737950769693,-2.2255564912414663,15.335122990905388,-4.222818341272703,3.413241506426136,-8.695915949902487
fb73b13a,5640,808683.5256022479,637265.3668459635,11.974289282883799,10.629690177543319,9.521026980534685,-1.5128588673316494,-13.600905018184738,-7.852745765701458,-10.364033859448782,-15.289695814350788,-12.88699025108084,-12.049534638873421,0.014164523488865655,-11.242969017507303,11.047950286736013,-7.581784184772471,11.058579277188064,-8.222657456236325
fba7683c,407,355788.04810600117,171403.05904907637,29.566401681106772,20.521640704907536,7.455892765035182,32.04584449872027,2.862015974801459,13.577232780107437,0.40886883032671206,-0.3640838550154939,-0.8888291778927657,-17.92143405281038,0.5447281579576699,-13.219432553003006,1.1530669788759185,-37.22940093421786,7.169624371108233,-26.48106384113911
fbd68d27,6829,3322873.2224248745,3289069.8921265234,22.058619511353157,21.946132390890945,-15.200633604707448,8.446821438732586,-9.59117079486849,2.1059359635270503,-30.503075387588165,-3.1170707504701873,-31.08039492735285,-3.2137106040822587,-22.509448121696284,-3.141715537445914,-28.218813006354864,-1.881782155291205,-22.500699901193144,-2.3003479080289666
fc03f21f,4803,367223.1637479235,573395.6755860496,8.743971645124182,10.926244466989335,-0.12537221959783906,3.2458525024240443,-10.986683442968058,3.4260488958420807,-14.542267717914504,2.2410524736891255,-5.811957948197229,-10.547411609116818,-0.9047916891593175,-13.605166928255054,-15.634684275839243,-7.076694359716621,-32.69528948634173,-11.4613618678215
fc0d20b2,3954,1237623.3594547086,1231806.7242810952,17.691958681460967,17.650335005805733,-8.50716402808768,-6.572523455096193,-9.136238532904112,0.7108613697733093,-3.8160913590392163,3.0766546091525915,-1.2752399185766308,6.103583748258259,-17.137176017734703,6.1452215786126985,-26.16784991637556,7.272748478981086,-21.79796033619586,5.01261334026243
fcfcc902,2791,148620.82370872595,107044.39725570689,7.297261569207482,6.193013864782043,-9.400736752516668,-7.7950134060960945,-8.88059424653867,1.0199461291425709,-9.963724834218548,1.8184478856731345,-8.066815806214644,-2.9952008695558576,-7.752082971670303,-4.81766982405557,-8.938893508718657,-6.45724744155706,-15.865576103273947,-11.895122549351129
fd3b4faa,5022,241701.18649047017,302591.2145304115,6.9374687041600955,7.762288911002711,7.0591806879743455,-3.965337988499873,7.419609428139404,-1.61043931935169,-2.1556019535581212,-0.7163924268814829,-14.664600288338438,-3.0121920682536625,-3.1638897080419817,-7.509336238975045,-9.311191740420892,-18.328723647569735,-8.531986390741212,-15.447952623504268
fd710aea,4217,105298.56808254805,155959.07276364634,4.99700095218488,6.081399327172537,-1.789332771441697,4.950037176181917,-3.741174916832907,7.361434442471325,9.565144116814647,8.028054537573118,3.426776069588356,7.138174635719286,4.417039002416809,10.784337891895868,6.949992768533622,9.150876769385551,-1.9854745953011443,7.72266304126399
fd8f77fa,5272,2526913.725472786,2256016.452805641,21.8931123821763,20.686329141600645,26.350394106815763,3.433093861543494,13.020443609883607,1.7298175360186723,20.430797062466223,10.287331614943149,43.52066033516991,4.896362940975753,29.746464237935786,5.880317215264454,26.89033441341501,5.055371100796165,5.769016623684266,6.097609417541515
fde20ecf,4667,254586.73134838647,206811.32206882013,7.385824471058646,6.656842090553157,0.4477198437356007,2.848637060517537,17.3749494319312,6.648593479621518,20.050553709599853,8.081975713656522,13.978892516256753,10.066020680217019,14.542689002454617,14.147444411833908,15.854960799979054,12.579737597595923,15.231778742371375,4.562492481676683
fdfd57da,5236,62078.31385934921,67811.18017791683,3.4432625352726594,3.598742994671243,-6.226483729374097,-2.431787939937442,-2.7588221454851642,1.5015825756675274,3.496251027116775,2.4131672067106273,4.2985105520223765,-0.9157370916434397,2.10298318105938,-2.8608997173188344,0.12002466287418434,-2.9253106558149793,-1.2659111046467468,-0.4724318253781389
febb4411,4247,102454.04007594175,76519.8525471182,4.911604785323246,4.244689546332187,6.206591813600641,8.489635081153091,-6.097295607775154,-5.636763169409999,-3.5618953442738057,-4.099895273556813,-7.869947794420498,-2.416515157932127,-12.648161194504212,-5.322120443195276,-3.167434465075085,-2.589371058567393,6.208849964624562,0.4962834303414006
fef8af96,3826,3702990.279261948,2951529.924684379,31.11027163776159,27.77481101072968,-9.625433600036375,-3.9417862981093457,-24.67393750834704,-7.340301443813454,-36.017445778093474,-11.401050022914022,-30.485164207720956,-23.490954139486227,-51.17638450788304,-23.668456612642697,-70.57293970566595,-26.8108963170559,-88.71878407470516,-25.829722628784886
ff0aea78,3261,605205.6246248992,591308.7611903162,13.623104198122983,13.465787524971704,18.358933051422053,15.450158383539966,41.85450254158446,16.48415796648747,37.462381634050956,18.45115389597865,37.81982399561781,23.561248321205774,33.89131280530697,22.327165575433078,31.517302398772507,30.614004985419854,21.225772288662586,26.508648896053636
ff8bb73a,5927,458841.04088004975,455721.3726040585,8.798601826899901,8.768639888114933,-0.9005227489587477,-1.5643139593137527,12.275491725151332,-2.2178122550205086,-8.30882733127894,-3.9434919732620486,-12.285565077439049,-5.260417342495802,3.1412092054400667,-0.7868612885183721,-13.296636950170285,-2.226242129422375,5.91365884241994,-6.062913395563572
ffefef30,4570,316765.46165660536,372076.6999453885,8.325509317472322,9.023149172800734,-6.084889664435835,0.896201266133765,3.757435693395562,12.250880709194197,-4.030417863429298,5.137017857839631,-11.051518878971827,1.8316438780337432,-11.890429191767222,-4.113142931956758,-17.124235824674663,-5.450837826656469,-13.978116235427455,-9.444280036566774
