well_id,ridge_all_a25_f32,ridge_all_a100_f32,ridge_all_a25_f64,ridge_no_e007_a25_f32,ridge_path_evidence_a25_f24,ridge_visible_geometry_a25_f32,mean,median,mad,relative_mad,sign_fraction,consensus_margin,action_consensus_majority,action_consensus_strict,action_consensus_tight_absolute,action_nested_consensus
000d7d20,-1.18514684949,-0.953734558389,-0.99900900619,0.519544607022,-2.60354550237,1.76382466256,-0.576344441143,-0.85424015318,0.877604072046,0.687087271194,0.733333333333,0.233333333333,-0.89260356138,-0.89260356138,-0.89260356138,-0.426195348588
00bbac68,0.2075331254,0.404743071859,-1.16779310615,3.11443698627,-0.109545293455,2.67815320363,0.854587997926,0.585059762219,1.15791777594,0.894417328453,0.833333333333,0.333333333333,0.321220151892,0.0415677820155,0.321220151892,0
00e12e8b,0.740451514699,0.609607987725,-4.65764947685,-2.91185308911,-1.73302702799,0.409992799026,-1.25707954875,-0.630975485108,1.26386149544,1.23550859739,0.566666666667,0.0666666666667,0,0,0,0
015fe0d2,2.49134035706,2.8156525703,0.386120138738,1.90653959991,1.2761498462,1.92218066952,1.79966386362,1.83150074286,1.07301749426,0.553685003907,0.9,0.4,1.95453706891,1.95453706891,1.95453706891,0
01869cd4,1.07716671253,1.08546830569,1.60382153415,0.690271202744,0.99655881711,2.05873745646,1.25200400478,1.0807259125,0.515907645676,0.409955491856,0.9,0.4,1.10332430525,1.10332430525,1.10332430525,0
01982c1d,3.89290280266,2.62632797853,3.79361465885,-0.943078544418,5.13130254594,0.332524867357,2.47226571815,2.92707677072,1.66900013953,0.550676800431,0.833333333333,0.333333333333,2.80515124664,1.61175738646,1.61175738646,0
028d7b28,2.03061594825,1.4315122556,3.72634360012,-1.24946929291,0.997948779842,1.91938097469,1.4760553776,1.6824909637,1.00261427741,0.697847030662,0.7,0.2,1.34043073668,1.00872021655,1.00872021655,0.331710520133
02e7fe5a,0.26983335904,0.199523899239,-0.442838191374,-2.13341990328,1.38484695416,-0.389313552168,-0.185227905729,0.055585181076,0.877152063632,0.87038592761,0.733333333333,0.233333333333,0,0,0,0
0390d174,-0.0256082627443,0.367419572165,0.134932543208,-0.00976426416267,0.82611700319,1.57787287418,0.478494910973,0.382520432645,0.517617415294,0.496981525115,0.866666666667,0.366666666667,0.282908288786,0.282908288786,0.282908288786,0.282908288786
03a935ae,1.68511309014,1.64342539851,3.12678298676,2.77533275454,0.719951327591,3.46881788302,2.23657057343,2.05606045931,0.801726942853,0.426045410996,1,0.5,2.05606045931,2.05606045931,2.05606045931,1.25217370867
044af7d1,-1.97621525098,-1.50439510016,-1.49433698226,-0.738005033454,-2.56819573349,2.36242084614,-0.986454542368,-1.40080481029,0.774426404918,0.568011826345,0.733333333333,0.233333333333,-1.43890874187,-1.43890874187,-1.43890874187,-0.411929704503
0498acab,1.57308826142,1.02931274097,3.25022207628,0.30778689744,1.18542222255,2.48175953329,1.63793195533,1.35335004472,0.648424248969,0.427584723805,0.933333333333,0.433333333333,1.20221284861,1.20221284861,1.20221284861,0
052d64df,2.11098952909,1.71656681661,1.68567274522,1.92695405834,0.396738212314,1.4955373911,1.55540979211,1.58748341721,0.486700380612,0.243440478249,1,0.5,1.56959476859,1.56959476859,1.56959476859,0
05948241,4.78359520774,4.20505031352,4.20616659401,1.59066785828,5.95583712325,0.614345563394,3.55927711003,4.12628115514,1.19411592626,0.313126089958,0.933333333333,0.433333333333,4.12628115514,3.5003077085,3.5003077085,0.625973446639
059c8f24,4.80931940769,3.64471131874,8.13316245996,2.85459873523,3.54009678758,1.78316160215,4.12750838522,3.59815384993,1.11347729567,0.367715938105,0.966666666667,0.466666666667,3.59815384993,3.30601591368,3.59815384993,1.10496272832
05a0ee4d,3.94598041474,3.12946238369,3.79284065121,2.20919702241,3.9458194937,-0.0642327438735,2.82651120365,2.99620540389,0.772962005305,0.311701889015,0.9,0.4,2.99620540389,2.99620540389,2.99620540389,0.79102687004
060ab2b8,3.6276332923,3.10487673747,6.1069743089,0.584481228641,4.82190251769,0.884985594681,3.18847561328,3.30029818239,1.12772229832,0.449087640458,0.9,0.4,3.24200732703,3.24200732703,3.24200732703,0.999015385163
06df5958,-0.53442474466,-0.611889630864,1.55514251434,-1.26107448218,-1.08380674209,1.3081588127,-0.104649045458,-0.412493155513,0.616604787746,0.557302757744,0.7,0.2,-0.447294593876,0,0,-0.447294593876
071d7b45,6.1954991777,4.79110638876,7.54029896824,2.31455709873,5.24258922065,2.90916735137,4.83220303424,5.15509116822,1.3001592902,0.258537163371,1,0.5,5.15509116822,5.15509116822,5.15509116822,1.49749568928
0849b4e2,2.34195816786,1.53120079077,3.36315976405,0.546050211094,1.96296900624,1.3098568286,1.84253246144,1.64302667704,0.665060711379,0.416384289979,0.866666666667,0.366666666667,1.62511981824,1.62511981824,1.62511981824,0
084d66f9,3.58374455606,3.15623400843,4.15501313479,3.31136160588,3.44071733939,1.25242411718,3.14991579362,3.1836750912,0.680270717217,0.273530047158,1,0.5,3.1836750912,3.1836750912,3.1836750912,1.89183211776
08fecf00,0.403991896025,0.0779131286664,0.557885634294,0.829909330947,0.958571240246,0.599633130715,0.571317393482,0.529889855123,0.521669547336,0.425259269818,0.766666666667,0.266666666667,0.298637425484,0.298637425484,0.298637425484,-0.294431390016
09053135,1.87142858794,1.57909263714,-0.144206662829,0.382944225924,0.969606120255,0.736285871832,0.89919179671,1.04577230809,0.56926524471,0.451028104662,0.833333333333,0.333333333333,1.08814148529,1.08814148529,1.08814148529,0.274012668968
09441b8d,-2.26613820115,-1.82419775134,-2.07536580415,-0.772707444993,-2.41052476077,0.136342494306,-1.53543191135,-1.72346704731,0.808073215825,0.487013155191,0.9,0.4,-1.53538386184,-1.53538386184,-1.53538386184,-0.385859373402
0955cd6c,4.4459246943,4.04730478211,5.78717941588,1.15626364696,4.00667764796,1.94110984014,3.56407667122,3.64206697813,1.31985610807,0.3459953234,0.966666666667,0.466666666667,3.64206697813,3.64206697813,3.64206697813,1.10604188689
09ec2ca9,-1.90727792747,-2.18976763143,-1.95245703133,-1.33645070383,-1.68171581445,-0.611647543042,-1.61321944193,-1.85745360672,0.497815681731,0.314613980567,0.866666666667,0.366666666667,-1.76355514304,-1.76355514304,-1.76355514304,-1.13253251593
0a57a29c,0.18074165094,0.365138522881,4.40209467979,-1.74056224641,4.59703245325,0.114256713393,1.31978362897,0.590486693751,1.4087161653,1.08896664081,0.7,0.2,0.861452111131,0.861452111131,0.861452111131,0.861452111131
0bbf5e67,-3.24900358927,-2.37085508871,-3.40271354372,-0.168720150719,-2.29841527709,-0.178513963128,-1.94470360211,-2.15739056214,1.03928589936,0.68404921445,0.8,0.3,-2.00760758511,-1.7007883368,-2.00760758511,-0.635483322284
0be01c24,1.99768825103,1.72829235633,1.5862849964,1.02173630715,1.84618885299,1.9247690056,1.68415996158,1.8256070899,0.214879826892,0.142985014712,0.966666666667,0.466666666667,1.64984121427,1.64984121427,1.64984121427,0
0c1b160c,-0.497665704969,-0.71991988993,-1.52071378868,1.21136960877,-1.97851696155,0.766231008386,-0.456535954664,-0.546544932619,0.879039250917,0.788548402609,0.733333333333,0.233333333333,-0.4289678878,-0.4289678878,-0.4289678878,0
0d99f8e4,-0.00320613965507,0.143501429039,0.353290933464,1.27098546256,-0.0442987223372,0.0423984589347,0.293778570334,0.228918934103,0.459889262607,0.378314598248,0.9,0.4,0.21282809359,0.21282809359,0.21282809359,0.428128704408
0dc5e64d,2.83696228493,2.36375990843,3.02439928294,3.60053656571,-1.71912509477,5.54581658176,2.6087249215,2.61545944448,1.10519489993,0.664159134141,0.8,0.3,2.21533738208,2.21533738208,2.21533738208,0
0dc835f3,6.12226601165,5.24537235127,3.50370606983,2.01077901761,10.3520094456,-2.24613778844,4.16466585126,4.39209667001,2.37822922996,0.559340040646,0.8,0.3,4.39209667001,2.84643601195,3.45352178032,0.607085768369
0dd99dc5,-0.0858089096063,0.00418564137223,0.0502407459931,1.69998586918,-0.223589382752,-0.892123543532,0.0921484034424,-0.0568417652338,0.267084323063,0.184060438904,0.9,0.4,-0.122788842679,-0.122788842679,-0.122788842679,-0.122788842679
0e5e560d,3.78495358446,3.37770235118,2.95132089613,2.08484382223,3.25028091796,1.7014508065,2.85842539641,2.89903898484,0.88520030693,0.424897022725,0.933333333333,0.433333333333,2.76245925022,2.76245925022,2.76245925022,2.00515868509
109d9d70,-1.18150634041,-1.39293092298,-0.927189671807,-0.276225110397,-0.486591975085,-0.98330925054,-0.874625545202,-0.942523935918,0.543189121373,0.484802280039,0.833333333333,0.333333333333,-0.64604128465,-0.64604128465,-0.64604128465,-0.64604128465
10a1281a,3.38690842222,3.49074116012,3.39887949781,4.00313290705,3.31194089483,-0.0100893684739,2.93025225226,3.22815570312,0.803397095821,0.354999324576,0.833333333333,0.333333333333,2.8990345133,2.8990345133,2.8990345133,1.13968424562
10b89021,-0.718786771174,-0.0896757350439,-2.8956772349,1.78384804168,-2.91587646574,1.26228666219,-0.595646917165,-0.113603449432,0.98898204353,0.488800538557,0.733333333333,0.233333333333,-0.164361912821,0,0,-0.857851263643
10be2420,1.26371645513,1.15974860557,1.44542131834,1.82102857144,1.78121042524,0.82900266154,1.38335467288,1.29787122364,0.440544371244,0.262540950613,0.966666666667,0.466666666667,1.29787122364,1.29787122364,1.29787122364,0
113011eb,1.34540670548,1.21024734123,0.66226077818,-0.713596670234,0.807742054725,1.34000695701,0.775344527732,0.887381496421,0.66226647418,0.484806531728,0.7,0.2,0.851664782903,0.851664782903,0.851664782903,0
1131525f,-1.27621538568,-0.750777818385,-0.880832596665,-0.360667128089,-1.19864827766,2.09749119085,-0.39494166927,-0.542899539293,0.628531487094,0.511916551389,0.766666666667,0.266666666667,-0.277927874492,-0.277927874492,-0.277927874492,0
11d0f5ac,1.19610137244,1.01742415892,0.875197883968,-2.09645255303,1.39763068825,-0.58410296851,0.300966430339,0.813250716734,0.796093329485,0.639522979688,0.666666666667,0.166666666667,0.771557993817,0,0,0.213554811393
12203f2a,2.64585012975,2.06433017523,1.99750100423,1.42289653105,2.59379224627,-0.0172228164893,1.784524545,1.94055851662,0.766059181725,0.370640630745,0.933333333333,0.433333333333,1.94055851662,1.94055851662,1.94055851662,0.871509131968
122bd617,-0.343221205177,-0.591092417012,0.590914681406,-0.827618054688,-0.313628223316,1.81835918434,0.0556189942583,-0.26503654433,0.354356799535,0.266733844815,0.733333333333,0.233333333333,-0.350284881091,0.028935450133,0.028935450133,-0.276030354056
125be846,-3.03839325704,-2.67918393971,-2.6988607636,-1.41603181155,-1.2337171135,-2.54103417459,-2.26787017667,-2.2807075876,0.587970076099,0.366540583593,0.933333333333,0.433333333333,-1.97540451367,-1.97540451367,-1.97540451367,0
1285a37b,2.34177613897,1.7630667045,1.64062496712,2.9321588063,2.42498887435,1.37229737163,2.07915214381,2.07617606374,0.642352428896,0.383290496879,0.933333333333,0.433333333333,2.07617606374,1.794730045,2.07617606374,0.770376671133
1295a25b,-0.436539679319,-0.960558963344,-1.25023200041,0.603709253304,-0.934567401132,-0.184460890802,-0.527108280284,-0.531506893801,0.581691819821,0.467197576711,0.866666666667,0.366666666667,-0.424763834849,-0.424763834849,-0.424763834849,0
12f0cd90,1.02972057254,1.06694338199,1.44485942466,-2.22818877558,-0.286296807937,1.44289026421,0.411654676646,0.809386014539,0.820417404629,0.627471124236,0.7,0.2,0.618494139727,0.320233891001,0.320233891001,0.708594249935
137d1e44,-1.58018590821,-1.74772902239,-1.35289043155,-2.30014897823,-0.154245860544,-1.32242910468,-1.40960488427,-1.46643220241,0.48617557489,0.313914284012,0.933333333333,0.433333333333,-1.23592556871,-1.23592556871,-1.23592556871,-0.631461171894
13ce113d,-1.25847623316,-1.03728296127,-3.18512997554,-2.92192095671,-1.21547655948,-1.14594930938,-1.79403933259,-1.55836056399,0.670984656607,0.303003667682,1,0.5,-1.55836056399,-1.55836056399,-1.55836056399,0
13f598d9,-0.828998688498,-0.857905245398,0.50303924817,-0.0556059719637,-0.409423680108,0.19502071401,-0.242312270631,-0.331240127031,0.941722008132,0.497628583734,0.8,0.3,-0.394212272872,0.250726694619,0.250726694619,0.720976457098
14a53cb3,-3.32981195174,-3.02287051282,-3.64673166258,-2.63331727113,-4.96318523713,-0.929645981555,-3.08759376949,-3.116990888,0.681561654257,0.287827278291,0.933333333333,0.433333333333,-3.00067239431,-3.00067239431,-3.00067239431,-0.689561907093
14ab73fb,-0.935717548217,0.175327316153,0.704807710924,1.39676810751,-0.429350493224,-0.143782681582,0.128008735261,0.18073633987,1.15020695159,0.662128777362,0.766666666667,0.266666666667,0.126478135386,-0.17194409949,0.126478135386,-0.587363407458
14ad5efb,-5.08173890572,-4.73540851778,-3.91067251872,-3.16370665694,-6.39451238658,0.40631305281,-3.81328765549,-4.06762758999,1.07685110944,0.385140849272,0.9,0.4,-3.88468262194,-3.88468262194,-3.88468262194,-1.06762110699
14fee784,-0.0782347218292,0.276997975198,-2.47414023921,0.785919166937,-0.926206049125,1.41972763883,-0.165989371533,0.08522745635,0.903132685654,0.698326275032,0.633333333333,0.133333333333,0.226871223944,0,0,0
153552f5,-0.423884321555,-0.482530810585,-1.33322786611,-0.620416017538,-1.37692268816,-0.319700282049,-0.759446997666,-0.757656220591,0.724735375905,0.613219866279,0.8,0.3,-0.796108177747,-0.796108177747,-0.796108177747,-0.796108177747
1550491d,0.240191585515,0.947212726475,-0.328796099908,3.55821887246,-1.32759811326,2.99502556965,1.01404242349,0.834269067085,1.23674900193,1.09826930798,0.733333333333,0.233333333333,0.741951905982,0,0.312242996086,0
155887bb,-1.56488974678,-0.40077272147,-2.74901471294,1.51934239033,-5.38206186911,3.09569045785,-0.913617700353,-0.813384217394,2.13441710321,1.62031675928,0.633333333333,0.133333333333,-0.388815579223,0,0,0
1590af81,-1.85420449745,-1.37638698369,-1.49986926175,-0.625050291723,-2.49102144988,1.59759918074,-1.04148888396,-1.24869044081,0.790088589363,0.61132313691,0.733333333333,0.233333333333,-0.890315032865,-0.538316222808,-0.890315032865,-0.351998810057
15e154a1,5.46953445176,4.53809732281,8.28142768225,2.14569310524,6.23606394026,1.29430602274,4.66085375418,4.87623830611,1.9555084779,0.394610827128,1,0.5,4.87623830611,4.87623830611,3.88555044023,1.32551895386
1619e2ca,2.21627600805,1.81887146871,2.37572570627,-1.26545153521,2.49863547234,1.08857012754,1.45543787462,1.5009948464,1.12158722047,0.828684997736,0.8,0.3,1.36024726135,1.36024726135,1.36024726135,0.508518971197
16e4a047,6.66018563487,6.10699742707,9.8003697757,6.61693284506,6.01687796177,4.41882308808,6.60336445543,6.3851160766,0.82635498682,0.125008622538,1,0.5,6.3851160766,6.3851160766,6.3851160766,1.49022036032
173ed841,2.43816881148,2.13577697058,2.91449179342,3.89608115746,3.60149731965,-0.946206212585,2.33996830667,2.88629504423,0.79366339454,0.454598531308,0.766666666667,0.266666666667,2.93038270594,2.93038270594,2.93038270594,0
1770d7c6,5.72825116695,4.75985970978,5.93286358738,2.31193339061,6.4262626898,-0.372565165782,4.13110089646,4.88052697122,1.28969984919,0.285055428265,0.833333333333,0.333333333333,4.88052697122,4.88052697122,4.88052697122,1.1643694777
177622d7,2.42989112327,2.60734758867,3.66493571957,0.60295084313,3.03469981069,0.912664783873,2.20874831153,2.41674596762,0.729748045591,0.383483062398,0.9,0.4,2.32664224827,2.32664224827,2.32664224827,0.589769303305
18d24f7b,-1.27536312315,-1.24358498878,-1.03850508652,-0.851476224285,-1.0340920092,-0.914879457888,-1.0596501483,-1.03235741599,0.560390787508,0.514087747513,0.933333333333,0.433333333333,-0.645355641257,-0.439821951259,-0.645355641257,-0.205533689998
19137a89,10.6254003861,9.16593837197,12.1449214053,8.01166132987,7.11756648153,5.38057562827,8.74101060051,8.61853651834,1.6847064397,0.204761004121,1,0.5,8.61853651834,8.61853651834,8.61853651834,3.10330984312
1944513c,-1.76325288581,-1.5438280923,-3.64522823664,-2.93648905887,-0.869742967253,-1.55650753028,-2.05250812852,-1.60454666724,0.727220185918,0.542982973272,0.866666666667,0.366666666667,-1.3683790751,-1.3683790751,-1.3683790751,0
197f8a5a,-1.13887086288,-1.00632224897,0.306018985994,0.256796890526,-1.78953751752,0.819705848919,-0.425368150655,-0.509669059638,0.724928528329,0.714418389464,0.7,0.2,-0.254285434373,-0.254285434373,-0.254285434373,-0.254285434373
19871e7f,9.03856729565,7.26465703751,10.8908154606,4.66897647629,9.92245406385,1.14108047168,7.15442513426,7.94032296564,2.02794847436,0.321839653785,1,0.5,7.94032296564,7.94032296564,6.07162044415,2.74072175758
198a5607,1.57546386781,1.3760195665,2.06568589396,1.5647899994,-0.193439664091,1.52204150314,1.31842686112,1.43137752137,0.505707797387,0.370941851243,0.833333333333,0.333333333333,1.23745136978,0.88721064905,0.88721064905,0.505192805984
19fb4f7b,-2.88164973132,-2.23106303381,-2.87969539094,-1.0096954687,-2.31217522439,-0.509945685906,-1.97070408918,-2.07870447015,0.813461101845,0.442874668811,0.866666666667,0.366666666667,-1.77854865675,-1.77854865675,-1.77854865675,0
1a518997,-0.866686910242,-0.580544086613,-2.25961061423,-2.34687441672,0.0709366042867,0.478374257116,-0.917400861067,-0.720390781159,0.868688930302,0.598317481951,0.733333333333,0.233333333333,-0.579085973913,-0.579085973913,-0.579085973913,0
1a68190b,-5.13764597818,-4.53104120572,-4.28797179878,-2.55904134287,-4.66067223351,-0.541939826569,-3.61971873094,-4.16259511891,0.800754912967,0.203730981245,0.966666666667,0.466666666667,-4.16259511891,-4.16259511891,-4.16259511891,-1.69926331438
1a730ac2,-0.801244573335,-0.214740369824,-0.826597350445,0.77179316554,0.0399836309296,0.652581083008,-0.0630374023546,-0.0377978792679,0.759725957832,0.59803648857,0.8,0.3,-0.153932350804,-0.153932350804,-0.153932350804,-0.456964403506
1aaf1da0,0.0931722504279,0.38143036239,0.102179055427,1.51552492682,-1.0811725327,1.6025556015,0.435614943977,0.22422026006,0.67104047629,0.609381482733,0.766666666667,0.266666666667,0.257047063786,0.257047063786,0.257047063786,0.257047063786
1b08ed48,-2.84763072919,-2.09498377515,-2.80890087942,-1.73943174873,-2.99351769138,-0.0889854020941,-2.09557503766,-2.32514693848,0.681921843771,0.328196176024,0.933333333333,0.433333333333,-2.32514693848,-2.32514693848,-2.32514693848,-1.13626912019
1b1c5372,-0.275999406998,-0.256103048985,0.572188461419,-1.64248073904,1.0975028557,-0.366527688577,-0.145236594414,-0.221662073268,0.535336048923,0.436884028762,0.8,0.3,-0.285447780737,-0.285447780737,-0.285447780737,-0.0480479829745
1b1eba53,7.11321207276,5.70504079753,9.533032376,5.28333915759,8.16205580582,-1.26211706269,5.7557605245,6.58712579938,1.2884095293,0.192969566717,0.9,0.4,6.58712579938,6.58712579938,6.58712579938,2.48990769573
1b6ba517,1.61611037282,1.44658630339,2.1932541687,0.0766711320174,0.650475018619,-0.0718525784452,0.98520740285,1.12050933552,0.79798652541,0.49964237319,0.833333333333,0.333333333333,1.24185801701,1.24185801701,1.24185801701,0
1b82b665,0.343847021479,0.148437062365,2.60352551161,-0.628239850269,1.43312160945,0.515402179276,0.736015588984,0.52523754784,0.704003743237,0.620334181675,0.666666666667,0.166666666667,0.405999004233,0.405999004233,0.405999004233,0
1bcb2fcf,-1.25699136744,-1.06151999749,-2.99165059304,0.167761128328,-1.72640595603,-1.0260018373,-1.31580143716,-1.11102094884,0.699726846786,0.4843811647,0.833333333333,0.333333333333,-1.12660405019,-1.12660405019,-1.12660405019,0
1beca81d,-3.02270776837,-2.37550644333,-3.65557409443,0.339125599547,-3.41592946482,0.237195999318,-1.98223269535,-2.1552791567,1.15052761785,0.638649443354,0.766666666667,0.266666666667,-2.02718610763,-0.765251514655,-0.765251514655,-0.252964933404
1d3fbf02,-2.32605229788,-1.37618859988,-3.70210266325,-2.00383424267,-0.918339450462,-3.10068962236,-2.23786781275,-2.08444998663,1.42731768397,0.660612405243,0.933333333333,0.433333333333,-1.7199468353,-1.39668925035,-2.08444998663,-1.7199468353
1d78281a,-0.612174230159,-0.370146370265,0.781255884752,-2.98434031919,-0.372046140944,0.512515232599,-0.507489323867,-0.308937942213,0.772861112296,0.702724974155,0.733333333333,0.233333333333,0.266616916155,0.266616916155,0.266616916155,0.266616916155
1e30dedf,6.2477468714,5.99469983963,5.23047374685,4.43999152384,8.71191545917,-0.539558923507,5.01421141957,5.54612555522,0.983106426627,0.355988477696,0.9,0.4,5.28663698377,5.28663698377,5.28663698377,4.10879494639
1e5e3573,-2.65923705894,-2.1185321292,-3.13299125531,0.69010364725,-2.70844525214,1.14001857377,-1.46484724576,-2.17606551756,0.840905860264,0.445523101572,0.7,0.2,-2.17606551756,-0.248066000049,-0.248066000049,-0.248066000049
1f9afacb,-2.10906072801,-2.00969899414,-2.17798518461,-0.143369186546,-1.90126002462,1.11614017969,-1.20420565637,-1.77840470084,0.538968088253,0.303090987215,0.766666666667,0.266666666667,-1.77840470084,-1.14811723046,-1.14811723046,0
1fdbba44,-1.45759787304,-1.34156532158,-2.68815318136,-1.22418820836,1.58792834827,-3.8905294582,-1.50235094905,-1.45414589156,0.84501482888,0.623891739804,0.8,0.3,-1.29609431441,-1.29609431441,-1.29609431441,-0.846370562387
1fee2b62,-1.38250602422,-1.59215764596,-2.60360103801,0.366256153726,-1.86934088589,-0.243479714825,-1.2208048592,-1.17577813828,0.880892589562,0.604923406409,0.733333333333,0.233333333333,-1.12515260053,-0.710398983244,-0.710398983244,-0.20746639138
20096916,-0.992327364835,-1.09362659134,0.515130652142,-1.19400390466,0.570255839298,-0.855242893646,-0.508302377173,-0.918264863298,0.460463757879,0.285050188898,0.866666666667,0.366666666667,-0.869571822002,-0.869571822002,-0.869571822002,-0.272070121879
200d233d,1.59952969896,0.955737130673,2.08440199602,1.52617147033,1.24686219228,0.734854702984,1.35792619854,1.29331103323,0.440633889236,0.230066407709,1,0.5,1.29331103323,1.29331103323,1.29331103323,0.300302150184
201661b5,-3.95904869907,-3.62019076266,-3.62259752759,-1.48077931019,-3.97590297427,0.681558977751,-2.66282671601,-3.09770355748,1.14437381371,0.380588528975,0.866666666667,0.366666666667,-3.09770355748,-3.09770355748,-3.09770355748,-0.57726885751
203721ab,5.73286669843,4.65994585613,6.60763870984,5.00985335422,6.48493846415,-2.36306227429,4.35536346808,5.41690286815,0.896158129844,0.171908191397,0.833333333333,0.333333333333,5.41690286815,5.41690286815,5.41690286815,2.32404630246
20402d71,-3.72554401263,-3.13505555846,-4.54581834,-1.5752215699,-3.88215711095,-1.29859948864,-3.02706601343,-3.26594482237,0.719355232483,0.290756164206,0.9,0.4,-3.26594482237,-2.48001280878,-2.48001280878,-2.38675668403
2043abc5,3.20845002315,1.68627752418,3.72953880261,-1.52864439353,4.42485348704,-1.29666692722,1.70396808604,2.21970843116,1.66161003258,0.79565703096,0.7,0.2,2.45138482231,0.293166102376,0.293166102376,0
204cc64b,2.47991019978,2.65059550051,0.881246452841,-1.44867264423,4.06515744885,-1.35611465707,1.21202038345,1.58998546475,1.40169233217,1.02805427685,0.6,0.1,1.27750435305,0.481841742141,0.481841742141,0
206b6193,-4.67028300871,-4.42879749934,-4.59015648306,-2.7305320973,-3.71701359909,-1.30063420659,-3.57290281568,-3.9562440834,0.583751235032,0.165605835787,0.966666666667,0.466666666667,-3.9562440834,-3.9562440834,-3.9562440834,-0.788583456596
2075c696,4.92780929209,2.73382574546,6.24972064388,-0.535609426517,5.25371185441,-1.13370011616,2.91595966553,3.31729867165,2.32339507275,0.693917244243,0.8,0.3,2.93843806128,2.13660905711,0.844672951861,0
22c5f93f,-0.25165729296,-0.590255866356,0.536252165824,1.14802228916,-1.79385370534,2.94047984093,0.33149790521,0.00375611317325,0.98000890181,0.671237271354,0.833333333333,0.333333333333,0.0995861656999,0.435686848452,0.435686848452,-0.433676056103
230eaaa3,5.36092534458,4.84566155486,4.38955015796,4.94278341227,2.5438243196,3.84869613374,4.3219068205,4.43113713916,0.982793823441,0.251326283048,1,0.5,4.43113713916,4.43113713916,4.43113713916,2.48565648134
2364716c,-2.19885899628,-1.68985918637,-2.39143700622,-2.47963142502,-1.58606673651,-0.615823554808,-1.82694615087,-2.05491233809,0.550510361874,0.372072113966,0.833333333333,0.333333333333,-2.0668121724,-1.76828445266,-1.76828445266,-2.0668121724
23b9beb0,2.63157070753,1.9177020191,3.22652093116,2.49042059011,4.0214562399,-1.22697122445,2.17678321056,2.38057842019,0.785980007032,0.375626328087,0.833333333333,0.333333333333,2.38057842019,2.58908208047,2.58908208047,0
24d8997e,1.0273919131,0.995254569888,0.0720925444155,0.968838609877,0.694517906146,-0.602311107062,0.525964072727,0.733166963308,0.500867400962,0.28876644259,0.9,0.4,0.742706933458,0.742706933458,0.742706933458,0.508270602172
25050f63,-2.47729548042,-1.60912225151,-0.735542544765,-4.16889713464,-1.17325810587,-1.12882897921,-1.88215741607,-1.96377589448,0.839324583484,0.435269410741,0.9,0.4,-2.07059501531,-2.07059501531,-2.07059501531,-0.204762931757
25939962,-0.947830637311,-0.716735008903,-1.34577542087,0.140292357521,-2.77617670444,1.99059421498,-0.609271866504,-0.862139879291,1.1622159505,0.918588509466,0.733333333333,0.233333333333,-0.773078622779,-0.773078622779,-0.773078622779,-0.437458283191
25fd32b3,3.71638821666,2.75334683122,4.00726757712,2.90604157804,2.96333299175,-0.221610490961,2.6874611173,2.95195599346,0.859968956718,0.375601831662,0.866666666667,0.366666666667,2.95195599346,2.68982653882,2.68982653882,1.43488124651
261785ee,-0.132075421411,0.456318299957,-1.50778535815,1.35159886153,0.39274177971,0.744712412481,0.217585095687,0.236762651335,0.540013625582,0.536457165405,0.7,0.2,0.208667346572,0.208667346572,0.208667346572,0
264feceb,-2.94507775465,-2.25187407703,-3.65110712051,-1.16431046207,-1.97054922622,-1.87362439533,-2.3094238393,-2.19830674399,0.545636030694,0.246728086805,0.966666666667,0.466666666667,-2.19830674399,-2.19830674399,-2.19830674399,-0.290787440872
26623a50,-0.558077159206,-0.253226903671,-0.980111838353,1.89891015213,-1.57832751186,0.880566052391,-0.0983778680953,-0.188923230861,0.988446937721,0.750812080549,0.7,0.2,-0.21123972902,0.512455814291,0.512455814291,-0.140309081919
26d3a96a,-3.9702301808,-4.01310514076,-2.04242062224,-3.4282073668,-2.65947266163,-2.08159665021,-3.03250543707,-3.11937550034,0.821886441853,0.247684891334,0.966666666667,0.466666666667,-3.11937550034,-3.11937550034,-3.11937550034,-0.796338794091
272abef3,-0.158154917425,0.0975621796989,-1.02287284578,2.13731119031,-1.95205733402,1.3919881917,0.0822960774164,-0.0422761726096,0.999868074008,0.909850330227,0.666666666667,0.166666666667,0.136802156192,0,0,0
27300fd5,2.72117389431,2.63700888379,2.6909842696,0.618440818486,1.37774106745,2.27385403586,2.05320049492,2.10869634954,0.936774894203,0.512727851776,0.866666666667,0.366666666667,1.93057082265,1.93057082265,1.93057082265,1.43254680319
276b012a,12.3080395953,10.3029735656,11.0571655418,9.30577010488,10.1116416117,3.44512898877,9.42178656802,10.3179402262,1.27041819124,0.12883615032,1,0.5,10.3179402262,10.3179402262,10.3179402262,4.68435249762
27c3155b,5.59618838989,5.20197268018,3.43522565815,4.52988809519,6.20309242363,-0.526793570228,4.07326227947,4.98173779011,0.902760718616,0.178815128484,0.866666666667,0.366666666667,4.98173779011,4.31292879059,4.31292879059,1.45416837675
27ebb9b9,-2.81976824155,-2.56769516103,-3.39284137989,-1.25302193375,-2.59481401296,0.162283949194,-2.07764279666,-2.52290021025,0.437193524575,0.173019826471,0.933333333333,0.433333333333,-2.52290021025,-2.52290021025,-2.52290021025,-0.713945321822
283269ac,2.48647503565,2.80691407255,2.31446273628,1.31107392941,1.99122546411,2.07326594424,2.16390286371,2.36274641338,0.415237316532,0.248304860174,0.933333333333,0.433333333333,2.24469199882,2.24469199882,2.24469199882,1.08275053124
28473855,-3.62253724868,-2.54768977191,-4.64109427717,-1.0631072669,-4.15036201095,2.19821953724,-2.30442850639,-2.74538903136,1.47061541067,0.528953523507,0.766666666667,0.266666666667,-2.72975720872,-2.45709435962,-2.72975720872,-1.20952707527
28f4eda9,-0.0772902686188,-0.00128747899445,0.197103105383,0.665855881379,-2.29910544875,2.87155286047,0.226138108479,0.110136128419,0.975331591796,0.8435240967,0.7,0.2,0.0601462590636,0.368217619524,0.0601462590636,0
29b24409,-0.818447309424,-0.954038379105,0.252539735992,-0.429055706419,-1.76955359601,0.802234065978,-0.486053531498,-0.61533933012,0.576697480087,0.505060033841,0.766666666667,0.266666666667,-0.444183183592,-0.148742181557,-0.148742181557,-0.295441002036
29de15c8,4.0552289128,3.13339382339,8.88743026149,1.06546069173,7.7295773849,-0.244534201258,4.10442614551,3.64401436972,2.0799868949,0.963406874687,0.833333333333,0.333333333333,3.48308245738,2.67555283987,3.06724176814,0.991337248647
2ab29395,3.00341599071,3.42638451319,3.56433724434,2.66022779795,4.13002818274,0.129524670446,2.8189863999,2.96871078525,1.0970752857,0.384420239587,0.9,0.4,2.96871078525,2.96871078525,2.96871078525,0.862979269108
2ac7cb6b,-2.42674018193,-2.46064699289,-3.01466590805,-1.94033304277,-0.214528786905,-3.34563273786,-2.23375794174,-2.37937644412,0.428096127655,0.255955811045,0.933333333333,0.433333333333,-2.19171965288,-2.19171965288,-2.19171965288,-0.604166349255
2acc78d4,4.21649583398,3.48185198502,5.1483234991,2.83731500945,1.24246445345,3.89372865356,3.47002990576,3.48971568454,0.762060364168,0.233423136021,1,0.5,3.48971568454,3.48971568454,3.48971568454,0.500918686563
2b034622,-2.9846359663,-2.23929673005,-4.50444081016,-1.00897196773,-3.94378827773,-0.256396599736,-2.48958839195,-2.52661780185,1.20892554139,0.569232613418,0.966666666667,0.466666666667,-2.3253725033,-2.3253725033,-2.52661780185,-0.501439322561
2b06ad65,-1.68506463121,-1.7744012907,-2.36141771071,-1.49173159371,0.178568365675,-2.68230087449,-1.63605795586,-1.72651264186,0.517194994354,0.285227285921,0.933333333333,0.433333333333,-1.90277000971,-1.90277000971,-1.90277000971,-1.02735817329
2b547943,7.08111052933,5.76959344092,6.82942876702,3.99387157046,5.97945223896,1.9457977347,5.26654238023,5.82350145421,1.12365189159,0.201826046861,1,0.5,5.82350145421,5.82350145421,5.82350145421,0.898782295238
2be5c96a,-0.114776803221,0.0636592644732,-0.0181856995114,1.81462851912,-1.04434475276,2.23337037218,0.489058483379,0.351986565031,0.943515322754,0.943515322754,0.7,0.2,0,0,0,0
2bff06cf,1.54581315548,1.25704026469,4.28413571842,2.48894223886,3.26589895311,-2.26816839932,1.76227698854,2.01965742563,0.959432508452,0.581896249234,0.8,0.3,1.96678527937,1.96678527937,2.19262048356,1.42346042023
2c0c4a4e,2.27360332115,2.3455516807,1.61935391313,0.319040048359,1.72271630177,1.29412643239,1.59573194958,1.72511009239,0.579803773187,0.384304031089,0.966666666667,0.466666666667,1.72511009239,1.43414409464,1.72511009239,0.64959905367
2cee0cba,0.757316320607,0.961662042303,1.04253747994,-0.618326618326,1.53635606249,-0.910250386502,0.461549150085,0.718740591549,0.711454769569,0.53746979694,0.866666666667,0.366666666667,0.724496208979,0.92628481531,0.724496208979,0.402814477557
2d0c268a,-1.89527953079,-1.35662975425,-2.31430221607,0.276391875544,-2.04221266876,-0.372384837396,-1.28406952196,-1.4819103948,0.717956012772,0.485667023652,0.866666666667,0.366666666667,-1.14974411501,-1.14974411501,-1.14974411501,-0.507391456807
2d179ded,-6.24021905869,-5.04997792399,-6.80854885667,-2.94440721507,-7.4777749673,-0.446540840891,-4.8279114771,-5.46589613794,1.46850014422,0.338381081514,0.966666666667,0.466666666667,-5.46589613794,-5.07098167744,-5.46589613794,-1.60126582936
2d196986,-1.91960200374,-1.73297851417,-1.42134389631,-0.0399803607762,-3.23473887751,0.147474167867,-1.36686158077,-1.45241480134,1.06044176867,0.887769723389,0.766666666667,0.266666666667,-0.887203511227,-0.645450512748,-0.887203511227,0
2d2d0c6b,0.531855675581,0.482951915934,1.05055612679,2.85993565465,-0.00010506845349,1.87970149615,1.13414930011,1.01606634598,0.606131447663,0.462703361217,0.8,0.3,0.830204129289,0.830204129289,0.830204129289,0.365766827199
2d35f86d,0.307478757071,0.269855399915,-0.144286981241,2.07047574957,-1.21314103334,1.1710400351,0.410236987844,0.417626068433,0.766403138986,0.726945113015,0.666666666667,0.166666666667,0.395086844981,0.395086844981,0.395086844981,0.395086844981
2d9f6cb9,-3.7015495105,-3.16726716903,-4.09894829953,-1.35447434793,-2.76016476867,-0.921833739896,-2.66737297259,-2.8772742392,0.982429659459,0.459228310031,0.933333333333,0.433333333333,-2.68974427429,-2.68974427429,-2.68974427429,0
2ddad940,-2.70219852269,-1.75023998413,-2.30437259492,1.05539743689,-2.14660385582,0.114948352663,-1.28884486134,-1.66117020047,0.908796440287,0.533616274273,0.8,0.3,-1.78519832979,-1.51144137973,-1.51144137973,-1.09849151478
2e29e833,0.0669937639432,0.158081515704,2.01454694776,2.35591169636,1.13961489282,-0.678379140692,0.842794945981,0.898816940505,1.0861089123,0.899946055667,0.666666666667,0.166666666667,1.0036710514,1.0036710514,1.0036710514,0.664306701462
2e43c2ea,-1.21542707957,-0.362784127438,-3.08283581,-0.242057743147,-3.76726069153,2.50757179614,-1.02713227593,-0.888335529545,1.3458460453,1.17274076556,0.7,0.2,-0.470729413716,-0.470729413716,-0.470729413716,-0.470729413716
2e63d9de,4.89033548188,3.65824949783,5.52608675149,3.20444306926,3.40170486039,2.26724490524,3.82467742768,3.7424891942,1.06173410791,0.292429066732,1,0.5,3.7424891942,3.7424891942,3.7424891942,0.724699891291
2ee0235b,-3.23118743856,-2.79783993076,-3.86776801104,-0.159099241758,-2.66904321486,-2.22884365136,-2.49229691472,-2.848409576,0.506642066257,0.178297516476,0.933333333333,0.433333333333,-2.848409576,-2.848409576,-2.848409576,-1.90161185974
2f19d536,4.37803502391,4.2187523024,2.78241859956,2.3927116375,4.81659487984,0.389087464677,3.16293331798,3.5839428309,0.923524654497,0.296564867931,0.933333333333,0.433333333333,3.5839428309,3.5839428309,3.5839428309,0.285649392861
2f8e53c3,-0.492033782515,0.0355326937842,-0.126403729293,-0.226433511847,0.748659877895,0.576940553776,0.0860436836331,0.163669964412,0.42648090757,0.42648090757,0.7,0.2,0,0,0,0
2fa01aa6,0.01353246241,0.610601260579,-3.47503911032,0.564022413797,-0.578820290884,3.00943685979,0.0239555992298,-0.105396462727,0.950809428978,0.301814914202,0.833333333333,0.333333333333,-0.105396462727,0.6650356032,0.6650356032,-0.2586283181
2fd68f7b,3.07133239493,2.92871033111,2.77109053258,0.811064205999,2.82699869659,1.39336548508,2.30042694105,2.5012484918,0.746244384338,0.324513097597,0.933333333333,0.433333333333,2.5012484918,2.5012484918,2.5012484918,1.48457898419
2fe023be,3.21868594883,2.3178531676,3.94154994215,-0.2275405212,2.91502488216,1.49782465841,2.27723301299,2.28367364528,1.13013932629,0.414961379659,0.8,0.3,1.76257052465,1.76257052465,1.76257052465,0
30d75030,1.64101158452,0.981622979656,0.199998649964,2.01808522557,3.01726590092,0.334495297508,1.36541327302,1.44888982905,0.493479327557,0.328145903652,0.866666666667,0.366666666667,1.36064501915,1.36064501915,1.36064501915,0.617377170306
310c71a5,-3.95194223275,-3.56594254112,-3.08409748539,-2.55453504343,-2.88807905971,-1.13484335934,-2.86323995362,-2.84710873658,0.777886079532,0.284542383675,0.966666666667,0.466666666667,-2.84710873658,-2.84710873658,-2.84710873658,-1.34432299433
32fe84c9,-2.3068065642,-1.53779244238,-6.13827712237,1.42722542774,-0.887910611301,-0.802435826075,-1.70766618976,-1.63034255003,1.2022270749,0.46030466822,0.833333333333,0.333333333333,-1.63034255003,-1.15401283375,-1.15401283375,-0.616916993296
33c40295,0.441873700835,0.980843023244,0.143071595364,1.70691843172,0.465705986481,1.733146321,0.911926509775,0.912422713687,0.557701013368,0.311275569071,0.966666666667,0.466666666667,0.817836320073,0.817836320073,0.817836320073,0
3407f5bf,-2.79602497561,-2.06230389788,-3.90953447518,-0.861104284116,-2.52786193505,0.807053272655,-1.89162938253,-2.17935287327,0.803942068802,0.415114941866,0.866666666667,0.366666666667,-2.14958163893,-2.14958163893,-2.14958163893,-0.55080411244
3417285d,2.74495459897,2.62215647834,0.992768887109,0.0777657598742,4.89773864691,-1.51582999772,1.63659239558,1.6073422439,1.47659525465,1.07878271956,0.7,0.2,1.7955208356,1.21187583273,1.21187583273,1.21187583273
347242c8,-5.44638730149,-4.96580410285,-5.47753323922,-4.60922656999,-2.65738891066,-3.84450088167,-4.50014016765,-4.70222890247,0.718720149794,0.16413382309,1,0.5,-4.70222890247,-4.70222890247,-4.70222890247,0
353e5502,-4.85415019363,-4.39013123325,-4.2900450955,-2.85394456407,-5.36560610462,0.313646714223,-3.57337174614,-4.11574458214,1.08162780367,0.27903116223,0.933333333333,0.433333333333,-4.11574458214,-4.11574458214,-4.11574458214,-1.5531851745
357c12f9,-2.05328988847,-1.62672497697,-0.472277277699,-0.269828803908,-1.45356173278,1.51640600634,-0.726546112247,-1.17197411686,0.802745055762,0.628508162943,0.633333333333,0.133333333333,-0.944044505523,-0.453234451258,-0.453234451258,-0.453234451258
3584a6eb,2.06717132044,1.30678171876,3.22937349345,1.13582058167,3.40204952699,0.62658830224,1.96129749059,1.77385544665,0.85495672865,0.575798311625,0.833333333333,0.333333333333,1.55041397399,1.55041397399,1.55041397399,1.00944759446
35b30c7f,-1.63360809533,-1.28722896996,-5.44736390293,0.249526542986,-1.84265406681,0.399411114367,-1.59365289628,-1.56806848958,0.955966313144,0.511497230042,0.833333333333,0.333333333333,-1.41182235299,-0.838277351586,-0.838277351586,-0.838277351586
35b3ef6a,1.59678870289,1.48425382306,0.3519314484,1.50414803056,2.88891529922,-0.689584501177,1.18940880049,1.40240863758,0.982331588228,0.513681132421,0.866666666667,0.366666666667,1.12501018054,1.12501018054,1.12501018054,0.708657792843
367456ce,2.57179674447,2.33569339081,1.9844187346,0.722863264192,1.40613625015,1.7650178392,1.79765437057,1.77852229153,0.505963235407,0.296010862411,0.966666666667,0.466666666667,1.77852229153,1.77852229153,1.77852229153,0.480113246922
368131f9,1.11827379386,0.514706023909,2.21955436494,0.921221560691,0.561647070497,1.94523179333,1.2134391012,1.18458493152,0.500587864307,0.353744012624,0.9,0.4,1.19401678342,1.19401678342,1.19401678342,0
368fe682,-1.8969668482,-1.68912874356,-1.34126738647,-0.668569110022,-2.71483589048,0.49356997571,-1.30286633384,-1.49418991069,0.580107807118,0.408375602514,0.833333333333,0.333333333333,-1.34251488616,-1.34251488616,-1.34251488616,0
3690a146,3.689024717,2.99349725566,3.67471641248,1.74706720691,3.36173465604,0.198885051321,2.61082088324,2.97390086462,0.758803444486,0.301533652464,0.866666666667,0.366666666667,2.80391015836,2.80391015836,2.80391015836,0.651194843303
37344c2a,3.23479240481,2.49117690455,4.99839712806,5.32343394183,3.98050475888,-1.79958435886,3.03812012988,3.50012743531,1.25206533661,0.403744291061,0.833333333333,0.333333333333,3.50012743531,3.07618029979,3.50012743531,0
373ef48b,2.28309079224,2.0098104564,2.17085208831,1.25657286927,0.982062579741,2.13177680324,1.80569426487,1.91244001568,0.532016924973,0.298173240189,0.966666666667,0.466666666667,1.91244001568,1.91244001568,1.91244001568,0.356393428459
374be387,-7.33199683061,-6.57476141169,-7.53122624403,-4.61470962971,-7.27267818594,-2.46315341814,-5.96475428669,-6.90195640169,0.682514193454,0.10095296129,1,0.5,-6.90195640169,-6.90195640169,-6.90195640169,0
37d36812,-4.57671509153,-4.41883527985,-3.69950511036,-3.87262775801,-3.57418895879,-2.0878896782,-3.70496031279,-4.02776837848,0.68486000252,0.198055277453,1,0.5,-4.02776837848,-4.02776837848,-4.02776837848,-1.2038725188
38991fd4,1.52726818303,2.12506007975,0.838498752192,0.872122905323,1.6132004515,0.934226650797,1.31839617043,1.50859036829,0.47491986437,0.264891503861,0.933333333333,0.433333333333,1.26047178471,1.26047178471,1.26047178471,1.26047178471
389ae58f,4.60715418288,2.89899430364,7.48630167603,0.70615738413,5.64849838893,-1.70521999393,3.27364765695,3.8465405063,2.26484686789,0.884086382957,0.766666666667,0.266666666667,3.66873851098,2.75083861672,2.75083861672,0.364006735739
3932faa6,-1.94453764585,-1.35180069701,-1.48233026889,-1.41553343103,-2.36399798538,2.43299141776,-1.02086810173,-1.48572566532,0.562135353599,0.384906389235,0.8,0.3,-1.53211524447,-1.53211524447,-1.53211524447,-0.604245782924
398dce4b,0.128734497629,0.0555248468879,-0.164770703761,1.30795925587,-0.687307095279,1.01777425408,0.276319175905,0.25314187961,0.545463572803,0.42201443353,0.833333333333,0.333333333333,0.491689155442,0.491689155442,0.491689155442,0
39b51819,-2.213343739,-2.19768784983,-2.86711461693,-0.503036878149,-1.87304291082,-0.76148735827,-1.7359522255,-1.90949088318,0.667605596259,0.406351963433,0.9,0.4,-1.78764788801,-1.78764788801,-1.78764788801,-0.262823943871
3a0af893,-1.2037517672,-0.599316284066,-1.03990501596,0.213018838745,-0.864642433121,1.45548822778,-0.339851405637,-0.647958713016,0.649376523944,0.63560313437,0.7,0.2,-0.233816517152,-0.233816517152,-0.233816517152,0
3a223519,-0.142750362507,-0.117966839409,-0.248439150232,0.289204784754,0.00342776755045,1.50066991544,0.214024352599,0.151364615585,0.663529290035,0.647149190403,0.633333333333,0.133333333333,0.26313127265,0.26313127265,0.26313127265,0
3a7dd95d,1.12087504473,2.54520340186,-1.57863969071,3.23527377265,-0.465657442783,3.36617806669,1.37053885874,1.42195162571,1.53740790813,1.0252036671,0.766666666667,0.266666666667,1.29703743737,0.719593329316,0.719593329316,0.257795963022
3a824aa7,-0.425804542736,-0.474984693045,-1.18843148202,0.654621003401,-0.690175183711,0.944107866612,-0.196777838583,-0.249931317068,0.586376134999,0.514413417308,0.866666666667,0.366666666667,0.0814558859746,0.0814558859746,0.0814558859746,0
3a86fe8d,1.90242762666,2.37821341089,0.859879307152,2.34076021031,1.28555232722,1.80403081012,1.76181061539,2.02562133189,0.480522876599,0.246893705473,0.966666666667,0.466666666667,2.02562133189,2.02562133189,2.02562133189,0.773963718989
3aaa2b30,-2.8184706786,-2.77356053841,-1.44631758066,-1.4834334278,-1.60062414148,-1.20558493721,-1.8879985507,-1.98502048534,0.681324067218,0.32486200041,0.966666666667,0.466666666667,-1.87320405952,-1.87320405952,-1.87320405952,-0.346550635239
3ac16ad0,3.73863769335,2.75306147849,4.49735537783,-0.918486618484,4.4534190111,-1.81396785073,2.11833651526,2.8911086798,1.57470423933,0.977175251853,0.7,0.2,2.55186130916,1.14594874237,1.14594874237,0
3b21ea64,-0.781144408674,-0.225572808434,-0.237475219811,-1.18399208129,-0.598917883194,0.478848032418,-0.424709061498,-0.474650228811,0.646811617671,0.583248519815,0.733333333333,0.233333333333,-0.426040069042,-0.426040069042,-0.426040069042,0
3bbe1f5d,2.33015212303,2.35049935961,2.01235789381,0.58298241057,3.30209212468,-1.11728700794,1.57679948396,1.93665100529,0.947845533783,0.60084793723,0.733333333333,0.233333333333,1.80487903495,1.80487903495,1.80487903495,0.785170829511
3bfee975,-1.42186147059,-1.58686219476,0.814062379901,-0.410092983031,-0.926420810547,0.283501552477,-0.541278921091,-0.730493566256,0.896378547658,0.64631696618,0.766666666667,0.266666666667,-0.211702633305,-0.211702633305,-0.211702633305,0
3c3dbcbc,0.0545396623187,0.4151904962,0.901237277585,3.79762637594,-1.98137026716,3.11844205384,1.05094426645,0.854279562992,1.48549376198,0.893302865991,0.766666666667,0.266666666667,0.0454247729165,0.490352508102,0.728131577969,0
3d96d897,-0.694472316489,-0.494810300982,-0.00694119988277,-0.967904799693,-0.223053473922,-0.942935966072,-0.555019676173,-0.461841654192,0.402273643299,0.312975679236,0.9,0.4,-0.584776971542,-0.584776971542,-0.584776971542,-0.622468813024
3df4b19e,0.919636414671,1.44618756777,-1.46974216527,-0.874146693411,0.599092811373,0.813281726594,0.239051610288,0.406085643886,0.910041275735,0.868961882828,0.733333333333,0.233333333333,0.255689510783,0.255689510783,0.255689510783,0
3e011332,1.15495939352,0.504615662231,1.18651319695,1.2626794545,1.3681443076,0.807967915222,1.04747998834,0.757423825269,0.490760179173,0.444699134947,0.933333333333,0.433333333333,0.309255377864,0.309255377864,0.309255377864,0
3e678ea7,-0.423867942171,-0.876645778679,-0.120775848357,1.8151377852,-0.765143417012,-0.934352087192,-0.217607881368,-0.322487788832,0.660006906396,0.606640868313,0.633333333333,0.133333333333,-0.360177468922,-0.360177468922,-0.360177468922,0
3ef6372a,7.41597471322,6.16672672124,8.61298944353,4.59774628216,6.33433440802,0.989434948754,5.68620108615,6.31838439453,0.972611884342,0.155083241182,0.966666666667,0.466666666667,6.31838439453,6.31838439453,6.31838439453,0.920844860784
3ef98781,-1.54243791091,-0.742147300311,-3.51790474594,0.287564310353,0.217034282034,-1.69210045884,-1.16499863727,-0.714443385884,1.08955844874,0.677149340575,0.833333333333,0.333333333333,-0.714443385884,-1.25540227412,-1.25540227412,0.540958888233
3f603129,-3.76637742635,-2.98374991994,-5.46079502113,-1.13910552035,-4.7156397743,1.23958259294,-2.80434751152,-3.37057934563,1.37013538547,0.500253722002,0.833333333333,0.333333333333,-3.13132631412,-3.13132631412,-3.37057934563,-2.08336543511
404c4384,0.417598644685,0.518839415687,0.791742102551,-0.707394458697,2.94149468727,-0.897129384468,0.510858501171,0.4823717293,1.27380900699,0.650876461466,0.833333333333,0.333333333333,0.575720949558,-0.152110634673,-0.152110634673,0
4121c517,2.03305564458,1.68466213669,2.21645433585,1.66845092485,1.20360987347,2.31765983024,1.85398212428,1.86074230426,0.481020545906,0.291316834186,0.9,0.4,1.97653354009,1.97653354009,1.97653354009,0
41fb0192,-2.34037733186,-1.76816653667,-2.45965339144,-1.99424261474,-1.83348737577,-1.46845898292,-1.97739770557,-1.99113754684,0.435046942413,0.277201155232,0.966666666667,0.466666666667,-1.81985725599,-1.81985725599,-1.81985725599,0
42669188,-3.43021148242,-2.16419971507,-4.20841836312,-1.17080736237,-4.48680713103,0.421726158386,-2.5064529826,-2.83889518498,1.21843108852,0.484568988977,0.9,0.4,-2.73380659793,-2.44137066774,-2.73380659793,-1.21173488136
42c538a1,4.84205364916,3.79679107459,5.62159461512,2.14763860533,2.95288143297,1.93660340465,3.54959379697,3.44091849501,1.28344421397,0.440367822247,0.966666666667,0.466666666667,3.44091849501,3.18809466829,3.44091849501,0.793477854791
43b06c70,0.679707167048,1.3064590316,0.248104190283,2.62816773447,-0.487069780914,2.16650306375,1.09031190104,1.0127837894,0.920426474792,0.613408464997,0.866666666667,0.366666666667,0.857644747935,1.16113406929,1.16113406929,0.75257049573
43c7f85a,-1.85925103778,-1.2761264326,-4.88414038287,-1.13260201709,-2.64299725156,-0.0602785889559,-1.97589928514,-1.81605313896,0.936676631936,0.565751106156,0.8,0.3,-1.81816868178,-1.24385374957,-1.81816868178,-1.51230037324
43e16325,-2.19695081455,-1.35636079608,-2.27655633763,-0.935537538541,-2.11517464263,-1.56838624238,-1.7414943953,-1.39002815649,0.531385108566,0.389761204229,0.9,0.4,-1.00037737961,-1.00037737961,-1.00037737961,-0.731538778836
44441e54,1.76056360942,1.22943378271,1.616549947,-0.539345822947,2.5519901998,-0.9301687717,0.948170490713,1.23434804191,0.955050269177,0.704646341024,0.666666666667,0.166666666667,0.949490201936,0.611536265323,0.611536265323,0.337953936613
445af6c2,-1.62767352595,-0.773134915978,-1.82382357906,-1.54080983264,0.402980237914,0.582691938846,-0.796628279479,-0.925376794921,0.954677791428,0.663473682886,0.766666666667,0.266666666667,-1.06450175527,-1.06450175527,-1.06450175527,0
4463446c,1.29772965731,1.33457150855,1.81724291482,1.22144231088,0.283595678743,2.66982688569,1.43740149267,1.3647287246,0.685789050478,0.438298290085,0.833333333333,0.333333333333,1.356788749,1.356788749,1.356788749,0.983707478637
44a94013,-4.32411881072,-3.46461671745,-5.08217828133,-3.16508473482,-4.06737873045,-0.915165798172,-3.50309051216,-3.54972862571,0.846154924189,0.228339475081,1,0.5,-3.54972862571,-3.54972862571,-3.54972862571,0
45fb3e21,-2.95012503163,-2.6705860232,-3.48020477434,-2.74762971585,-1.75512113686,0.307084524578,-2.21609702622,-2.46851557095,0.915907939617,0.381789687679,0.9,0.4,-2.51928711522,-2.51928711522,-2.51928711522,-0.23739757006
460f859e,6.14951417544,5.23741640128,8.73002872041,5.13030972474,5.66345629993,1.57708049646,5.41463430304,5.64445557904,1.31740267663,0.241816502643,0.966666666667,0.466666666667,5.64445557904,5.64445557904,5.64445557904,1.07180846105
4630ab92,1.95344072825,1.87246239714,1.2511068393,0.0896461669522,1.08731284357,3.6555286611,1.65158293939,1.68843200841,0.69769846373,0.360274350905,0.9,0.4,1.7843367313,1.7843367313,1.7843367313,1.09311816662
463c38f2,-0.0432179171557,0.583944538582,0.728003741427,0.589063535552,1.3972519515,1.10774835245,0.72713236706,0.74640683663,0.777504834189,0.703305987668,0.733333333333,0.233333333333,0.649750154907,0.649750154907,0.649750154907,0.409496422116
4654e7de,-4.65744627489,-3.4426550856,-6.95651409286,-1.72871512415,-3.79963155294,-1.07911957359,-3.610680284,-3.53416019681,1.54023452779,0.425011838692,0.966666666667,0.466666666667,-3.53416019681,-3.53416019681,-3.53416019681,-2.28336145758
466fc788,4.16751573175,3.02382256475,6.60552410774,3.65914713004,3.67093727634,2.28924833345,3.90269919068,3.54235995568,1.01253603933,0.269704634041,1,0.5,3.54235995568,3.54235995568,3.54235995568,0.90895353891
46a301e9,-1.71851619676,-0.984628994097,-4.26875938056,2.49086969061,-4.07816940964,3.09636817065,-0.910472686634,-1.28753968523,2.11701036706,0.708277942685,0.766666666667,0.266666666667,-1.38884332583,1.01822293385,1.01822293385,0.348807924005
46a7190b,0.670766819127,1.09929450408,0.654216733876,0.664574833333,-1.18945958563,1.96081291482,0.643367703267,0.775162653837,0.723009257232,0.608233414985,0.733333333333,0.233333333333,0.820649004602,0.544041274363,0.544041274363,0.276607730238
46d24a09,1.15567777792,0.482302796783,2.95664978759,1.39075170718,2.78456194578,-1.03214951677,1.28963241641,0.972176694725,0.939338962661,0.717631793881,0.8,0.3,0.715054322637,0.715054322637,0.715054322637,0
46d41ff6,-4.46428156691,-3.49654753185,-5.03300376706,-0.926229604158,-4.7949592312,1.10336045342,-2.93527687463,-3.77910061092,1.30899520642,0.393048383525,0.833333333333,0.333333333333,-3.77910061092,-3.32761449303,-3.32761449303,-3.77910061092
46dfcfca,6.43612358677,5.53970960107,8.32042782253,4.31704647689,6.26717246418,1.88552630683,5.46100104305,5.61102150212,1.27691711272,0.243165265356,1,0.5,5.61102150212,5.61102150212,5.61102150212,0
47222616,1.73149863333,1.45281009542,1.63287349645,1.69378146235,1.21139593828,0.797864495221,1.42003735351,1.48262064717,0.741366233331,0.476223983508,0.933333333333,0.433333333333,1.75019096436,1.75019096436,1.75019096436,0.906254468751
47ee27ab,1.45962104243,0.690262396782,1.10113824774,-0.773262171834,0.970036955391,-0.611227874705,0.472761432635,0.576731142194,0.780294936979,0.670176477166,0.733333333333,0.233333333333,0.343640652384,0,0,0.343640652384
481de5fc,2.75274109887,2.65121849688,2.3382723408,0.717638560641,2.47238637194,-0.289358677233,1.77381636531,2.08937472843,0.801435506983,0.495470373373,0.866666666667,0.366666666667,1.99665163242,1.99665163242,1.99665163242,0.445952782431
48c1f673,6.99897608377,5.34353203316,7.7909293356,1.48682255183,8.55673865116,-1.03126098256,4.85762294549,6.16105762113,1.87148873083,0.30632204795,0.833333333333,0.333333333333,6.16105762113,4.81605550471,4.81605550471,1.46332209429
4936af16,-0.944631365922,0.109951537641,-2.05698334583,0.158670679529,0.468871455883,0.657927451985,-0.26769893112,-0.0656471114228,0.750325707943,0.734515717337,0.733333333333,0.233333333333,-0.0225113076249,-0.222761933476,-0.222761933476,0
493b5b31,8.2278128442,7.70529413938,9.422714174,7.97643433075,6.41590389518,2.75643144563,7.08409847152,7.75662705871,1.00026365541,0.178209866421,0.966666666667,0.466666666667,7.75662705871,7.75662705871,7.75662705871,0.530852009768
49dbc14c,-1.76709674059,-1.43197707268,-3.46614881802,-0.624165575653,-2.45484565894,-0.449849985759,-1.69901397527,-1.44488152669,0.706589906163,0.467896806887,0.866666666667,0.366666666667,-1.5056553429,-1.5056553429,-1.5056553429,-0.256107296527
4a035ec2,-1.12195444599,-0.510410989068,-0.622927385159,0.287280007601,-0.572086443613,0.525895369271,-0.335700647826,-0.522754068571,0.504172918087,0.320338657926,0.9,0.4,-0.367714510681,-0.367714510681,-0.367714510681,0.428029369385
4a335117,-0.0248261338269,-0.327729419383,1.04741595213,3.24570274206,-0.457112509974,5.5113381604,1.49913146524,0.399458130815,1.56435320912,0.601897741492,0.8,0.3,0.570886379787,2.17769254718,2.17769254718,0.756062128167
4a8ecc0b,6.01610104755,3.59142021144,7.28673216075,7.19599693279,3.36940860915,0.0387623984213,4.58307022668,4.87190816105,1.99683808015,0.815749782647,0.866666666667,0.366666666667,4.42192564624,4.42192564624,4.42192564624,1.50987360354
4b462989,-0.287617296977,-0.220635563806,-0.990292789269,1.15391658665,-0.0480481027309,0.481028898207,0.0147252886791,0.141965740063,0.705142927959,0.62648501192,0.733333333333,0.233333333333,0.462319169165,0.462319169165,0.462319169165,0.462319169165
4b831d20,-0.0635782847726,-0.348310605907,-0.757432710422,-0.626087210213,1.51418744163,-0.0507409170932,-0.0553270477958,-0.109463822545,0.602939415503,0.513190417515,0.866666666667,0.366666666667,-0.0704189635864,0.186204701539,-0.0704189635864,-0.227499730674
4c2208f5,0.366319759967,0.151012037781,1.05682751857,0.413171505971,1.46059366219,-1.23154432895,0.369396692588,0.418581367544,0.534667564422,0.429051083661,0.8,0.3,0.188726279872,0.188726279872,0.188726279872,0.505348095737
4c3168cf,2.81459510304,3.05880538536,-0.217484907474,0.118351261604,3.83059740535,0.746540684564,1.72523415541,1.94434685798,1.37021980799,0.748558077829,0.766666666667,0.266666666667,1.78291578627,1.78291578627,1.78291578627,0.662965652969
4c3df468,3.38261220923,2.88892548658,2.18514264571,1.53932978819,1.88287869337,2.04910177402,2.32133176618,2.39904502535,0.688421290985,0.305443116689,1,0.5,2.39904502535,2.39904502535,2.39904502535,0.921353941779
4caa7289,1.18545471937,0.952115578749,1.70862480496,0.030877517918,0.48839158012,0.601337627187,0.827800304717,0.802232539146,0.477583323004,0.319784944386,0.9,0.4,0.667424984014,0.350260076519,0.667424984014,0
4cd1ac61,2.50336715872,1.86811060358,3.65259002911,4.07129570223,1.17843647598,3.5189617242,2.79879361564,2.98385830166,1.02602596012,0.374454176245,0.933333333333,0.433333333333,2.98385830166,2.98385830166,2.98385830166,0
4cecf7b3,1.35124394938,1.19289121573,2.6772839027,-0.086421296454,1.9740688747,1.05922610342,1.36138212491,1.69365867967,1.00102718707,0.516741138028,0.866666666667,0.366666666667,1.95906300986,1.95906300986,1.95906300986,1.50452315906
4ddde4c1,2.13554581658,2.01302835334,0.484524081662,-0.423091464233,2.9842645343,-1.21183652923,0.997072465404,1.24551202422,1.14078475177,0.882045008952,0.766666666667,0.266666666667,1.16276816235,0.895163984655,1.16276816235,0
4e050c92,-0.400950472368,-0.247002263291,-1.31572648796,-0.51886636906,0.538631097174,0.386834038633,-0.259513409478,-0.160341431393,0.634988819356,0.602148598845,0.666666666667,0.166666666667,-0.356826516915,-0.356826516915,-0.356826516915,0
4ed93db6,2.73176673786,2.83473964687,2.7747245784,2.62820128498,1.89966328264,2.71509789305,2.59736557064,2.64461073916,0.356598332511,0.134886031993,0.966666666667,0.466666666667,2.64461073916,2.64461073916,2.64461073916,1.758865102
4f3eb9e9,2.37632179467,2.83035546085,2.24397892398,2.01140317498,2.5125711201,0.703456795782,2.11301454506,2.32679969119,0.559477203747,0.30834721807,1,0.5,2.13945470394,2.13945470394,2.13945470394,0
4f4ac5ce,-3.28662571375,-2.56730170434,-4.3240703267,-0.186436579056,-3.68911834561,0.31376278633,-2.28996498052,-2.8711644294,1.18008392406,0.575640760258,0.8,0.3,-2.64598226746,-1.7110547478,-1.7110547478,-0.85553518231
4f4afcc6,-0.69701589411,-0.574120668265,-1.41913346767,-1.65098066118,0.692594255341,-0.6086211072,-0.709546257181,-0.636437989751,0.410864173204,0.31257607763,0.866666666667,0.366666666667,-0.540648139906,-0.540648139906,-0.540648139906,0.0227578391572
4f69febf,5.39126611557,3.90572067738,5.63162159916,1.62508060198,3.27589817266,1.66276928958,3.58205940939,3.5762869339,1.15153856588,0.327259961776,1,0.5,3.5762869339,3.5762869339,3.5762869339,0
4fbe9c06,1.51309729133,1.40878902359,1.76954373368,0.662906540691,1.74399850948,0.123296082633,1.2036051969,1.36391883081,0.495123733377,0.319163115026,0.8,0.3,1.24101350127,1.24101350127,1.24101350127,0.402704597493
504c8b08,1.55452492547,2.15714276293,0.0645583628615,0.0768087409293,0.613798924546,1.28067097023,0.957917447828,1.13030951214,1.00225695371,0.549006361459,0.866666666667,0.366666666667,1.26641406863,0.970973375719,1.26641406863,1.01241906424
511e1db0,-4.25992969085,-3.311065263,-4.62674739744,-5.72367326364,-2.06656447794,-2.15450549906,-3.69041426532,-3.4030052767,1.25914077596,0.438372636094,0.966666666667,0.466666666667,-3.31896574651,-3.31896574651,-3.31896574651,-0.952118701421
512943b2,2.35421769094,2.31400676102,1.21873982171,2.00857791012,0.534577316044,2.55565420783,1.83096228461,1.9948794746,0.68180858748,0.464176381617,0.833333333333,0.333333333333,1.81300385573,1.81300385573,1.81300385573,0.4756785844
5138a660,0.583746057823,0.857138459046,0.642894529972,-1.19786132903,0.394441928724,3.06783908557,0.724699788684,0.697499460388,0.885534267511,0.829861412024,0.7,0.2,0.566958170281,0.566958170281,0.566958170281,0
516088b7,-1.72840164209,-1.92099702104,0.0448730757443,1.23179183911,-1.81565629152,-1.49685269417,-0.947540455662,-1.40880477933,0.8956295585,0.673066089994,0.733333333333,0.233333333333,-1.17828595972,-1.17828595972,-1.17828595972,-0.407211717877
521a7819,2.346154437,1.808399674,3.2635285694,-1.45750310438,2.8417218712,2.11974149424,1.82034049024,2.09936985411,1.40373666878,0.717704362085,0.766666666667,0.266666666667,1.82362962955,1.82362962955,2.10285397778,1.00384673476
5254b6db,1.69949255326,1.89562127577,-1.20216923975,-0.876789442843,-0.00717970161681,2.59140184552,0.683396215058,1.19492837999,1.16127710219,0.958321039579,0.733333333333,0.233333333333,1.00302148402,0.393995623803,0.393995623803,0.393995623803
529e88ca,7.24905229172,6.44119230998,6.52299020869,6.68313475836,6.28891617832,1.58497990305,5.79504427502,6.51657970686,0.623540448544,0.0991374144282,0.966666666667,0.466666666667,6.51657970686,6.51657970686,6.51657970686,2.92089975032
52f1e77a,1.18177060616,1.58020385462,1.43201901153,-1.0136222337,2.63020997474,0.244999678438,1.00926348197,1.16716544264,1.09320072055,0.769466176201,0.7,0.2,1.14751090631,0.453910162307,0.453910162307,0.872792074969
5305524b,-3.52335453556,-2.9021670227,-2.90079333132,-1.53135303138,-3.5631463732,0.657079333893,-2.29395582671,-2.83452540295,0.99792794274,0.359904815588,0.833333333333,0.333333333333,-2.83452540295,-1.8229879742,-1.8229879742,-0.503476917017
53134831,7.02407010055,7.15544570724,6.54631964893,5.60520634393,6.2242581775,3.83109976863,6.0643999578,6.07227465325,0.838992511977,0.186105332522,1,0.5,6.07227465325,6.07227465325,6.07227465325,1.39530475372
5397ceb1,-1.34984802199,-0.837093610544,-5.36615031204,-0.26966561194,-1.17488056438,0.676578588871,-1.38684325534,-1.11779419061,0.957137440208,0.413076231975,0.833333333333,0.333333333333,-1.27069483638,-1.27069483638,-1.27069483638,0
53f23031,1.14393907306,0.84013186455,1.26452458333,3.0565064456,1.16119469435,0.474282594169,1.32342987584,1.16710933296,0.588429968943,0.457128957777,0.8,0.3,1.34642802037,1.34642802037,1.34642802037,-0.230064674092
543198e8,-2.74164969203,-2.97832552984,-3.46041481583,-1.49052163378,-1.00107383179,-2.89032091898,-2.42705107038,-2.6407632782,0.720745294743,0.348953731073,0.966666666667,0.466666666667,-2.6407632782,-2.6407632782,-2.6407632782,0
54753541,-1.96871448116,-1.44117938765,-3.28035380389,-0.237570539365,-1.99515029398,0.423186790527,-1.41663028592,-1.47499276227,0.820935976471,0.454372718167,0.866666666667,0.366666666667,-1.50229504297,-1.50229504297,-1.50229504297,-0.514931394213
54a7e3c2,1.66363155382,0.842828410931,3.32113866051,-0.599489668259,0.156734940054,0.0644479450328,0.908215307014,0.732285492065,0.82190212426,0.645655385207,0.8,0.3,0.381892391637,0.381892391637,0.381892391637,-0.210785333233
5542c301,2.49846516243,2.21044071405,2.66748042385,2.19363882828,3.32103257656,-0.133471374828,2.12626438839,2.30337707875,0.411039688616,0.171308063653,0.766666666667,0.266666666667,2.2500031698,2.2500031698,2.2500031698,0
5567d551,-3.25758009315,-3.28880776471,-2.38525498328,-1.29397254424,-3.01903594798,-1.3719561393,-2.43610124544,-2.84782113819,0.563743541551,0.219874682315,0.966666666667,0.466666666667,-2.84782113819,-2.84782113819,-2.84782113819,-0.496516734921
55efee7f,4.84620166323,4.57086572974,2.48948547097,3.19803478351,4.56177884719,1.59943298427,3.54429991315,3.72542723734,1.10746433159,0.386035839146,0.933333333333,0.433333333333,3.53585531459,3.53585531459,3.53585531459,1.13951616342
5663b2b7,-2.30013702812,-1.73653733469,-2.29739239846,0.369484792363,-2.24680686588,0.997676290469,-1.20228542405,-1.88920264745,0.574066139249,0.308017274858,0.733333333333,0.233333333333,-1.57276891097,-0.512214622448,-0.512214622448,0
5693dde2,-1.73925505071,-1.29109189651,-1.55839582197,0.907218241572,-1.83486094681,1.67932965295,-0.639509303581,-1.20656555875,0.798670740507,0.565334682159,0.666666666667,0.166666666667,-0.991578829909,-0.689867902671,-0.689867902671,-0.301710927238
56b00794,-1.47669171274,-1.02867867658,-0.41921116017,1.94908874911,-2.52533309145,2.14423000953,-0.226099313719,-0.611016926403,1.47324082949,1.36065028236,0.666666666667,0.166666666667,0,0,0,0
57796579,0.134265903878,0.479179160162,1.69799355044,-0.0604750222608,2.11586592746,-1.78966893135,0.429526764722,0.409547250229,0.877865056325,0.66987072473,0.8,0.3,0.6685217729,0.286444030848,0.6685217729,0.382077742052
577eec7c,3.55437778772,3.18583756768,2.97297956672,0.938294112296,3.81937384973,0.479563703611,2.49173776463,3.05347286664,0.654186302987,0.323700181033,0.866666666667,0.366666666667,2.7867011803,2.7867011803,2.7867011803,1.33824385112
57f05c51,7.36824823647,6.40031183997,9.83646576323,6.20313530835,8.41177051894,0.0920324287435,6.38532734928,7.05408845144,1.48843573003,0.213451335303,0.933333333333,0.433333333333,7.05408845144,7.05408845144,7.05408845144,1.12549467283
58850d2c,-4.36929722496,-2.95973137716,-4.61903729173,-0.327737041599,-5.68659101201,1.63005418068,-2.7220566278,-3.3204378057,1.70780700954,0.739067475745,0.733333333333,0.233333333333,-3.34548289034,-2.08175359504,-2.08175359504,-0.45369007684
58fa8486,1.63921896808,1.48459344439,2.96698677517,-0.154105016691,2.03684635601,1.94663947506,1.65336333367,1.59040379124,0.699916431443,0.434045136491,0.866666666667,0.366666666667,1.42011944944,1.42011944944,1.42011944944,0.533591893283
591cc951,4.10466976729,3.71400043592,3.35260908315,1.19513638179,4.17143466512,-0.000852159230309,2.75616636234,3.39472678458,0.747564676344,0.366093418583,0.866666666667,0.366666666667,3.29908394003,2.97905376853,2.97905376853,1.43638522277
593876b6,0.0251622737215,-0.499213705089,2.18176348459,-2.06592970241,-0.301629715109,0.385012417981,-0.0458058243862,-0.212129808691,0.888629491172,0.845723497732,0.566666666667,0.0666666666667,-0.276598017134,-0.276598017134,-0.276598017134,0
59f8b2e8,0.0068551111635,0.417423398338,-2.70412972412,0.99214897497,-0.596880159018,0.96868836834,-0.152649005055,-0.0989867130099,0.841673845021,0.499291482614,0.8,0.3,-0.160580650735,-0.160580650735,-0.160580650735,0.56157221658
5a1a8fd8,-1.42877272115,-0.932470756837,-1.67567580293,1.28810574948,-2.19961091523,1.65950381354,-0.548153438855,-0.688126962509,1.33198272418,1.20268870109,0.666666666667,0.166666666667,-0.643581320633,-0.313562649367,-0.313562649367,0
5a5269a9,-6.3894955447,-5.17866199377,-6.95479675235,-3.38314821851,-5.73368880062,-0.648274644918,-4.71467765914,-5.31937636078,1.16362980796,0.21873559867,0.966666666667,0.466666666667,-5.31937636078,-5.31937636078,-5.31937636078,-2.50622460944
5a5d1982,-0.0158650404171,0.318817521588,1.37398346388,1.34154609039,-1.1228697299,2.03854341947,0.655692620836,0.652632790984,0.961791509746,0.95617951621,0.7,0.2,0,0,0,0
5a63b5d1,-0.837647421468,-1.29374488981,-0.227325400945,-2.80358907348,-0.519447776832,-2.38615146262,-1.34465100419,-1.3059583292,1.16263665086,0.899722560493,0.8,0.3,-1.24730081507,-1.24730081507,-1.24730081507,0
5aa03df7,1.11661876263,1.26070602398,0.104438938569,2.16000612552,0.413136022141,2.43437035706,1.24821270498,1.20201035648,0.664242175871,0.56484908656,0.8,0.3,0.988912562191,0.988912562191,0.988912562191,0
5aa403d0,2.97149217336,2.50268242144,4.0850947798,2.20863748028,3.84420853145,0.883037860317,2.74919220777,2.66290552721,0.674762063216,0.333891405602,0.933333333333,0.433333333333,2.66290552721,2.40193259851,2.66290552721,1.74329300156
5aef5c6c,6.62121031516,5.70292176202,7.3252960325,3.81101105844,5.91297791693,1.11932960261,5.08212444794,5.79696382041,1.07991206588,0.179838512919,1,0.5,5.79696382041,5.79696382041,5.79696382041,3.47813808927
5b7b6324,-3.9198769688,-3.4626846419,-3.66273432638,-0.69644695805,-4.09690401685,-0.963535278974,-2.80036369849,-3.27353995555,0.882004676826,0.262554635649,0.9,0.4,-3.27353995555,-2.59120209686,-2.59120209686,-0.682337858693
5bd25f59,4.92821767746,4.89720243731,4.88360127537,6.75334744143,7.00402844288,-0.41806580004,4.6747219124,5.32119740589,0.964117333363,0.185084389864,0.9,0.4,5.32119740589,5.32119740589,5.32119740589,4.24813279967
5beded95,4.77662619259,4.44123802331,4.35136733938,2.91083275931,2.80698786951,1.4056800587,3.44878870713,3.72142574508,1.0554930177,0.263780467719,1,0.5,3.72142574508,3.72142574508,3.72142574508,0.967570556743
5cb483ac,-1.08158727451,-0.724016513391,0.263448997005,0.703453641338,-1.62354884703,1.69945473596,-0.127132543438,-0.312207252046,0.866214253246,0.526519853164,0.733333333333,0.233333333333,-0.384040965184,0.234452044536,0.234452044536,-0.278859224834
5cdd8dbc,-6.55781973576,-5.39984892175,-7.438466731,-6.53995091687,-5.35777304426,-3.48059699714,-5.79574272446,-5.66899854697,0.871903507298,0.169598382759,1,0.5,-5.66899854697,-5.66899854697,-5.66899854697,-3.49555850314
5d11dfb5,1.65589704251,1.05530177467,2.07822565106,4.0732180458,1.32477894971,0.272301789216,1.74328720883,1.45201546738,0.609554941216,0.373979166426,0.866666666667,0.366666666667,1.45637460002,1.45637460002,1.45637460002,0.280780173879
5d7198fd,2.92304200083,2.92238727931,2.68833319351,3.05160722336,2.01443530463,4.01204372537,2.93530812117,2.95977063729,0.766621062178,0.355362148933,0.966666666667,0.466666666667,2.83860852302,2.83860852302,2.83860852302,1.19095626655
5def1ce5,-2.92451682015,-2.59710839319,-4.40445420258,-3.44973722196,-2.7609326675,-1.02178160252,-2.85975515132,-2.83668365528,0.599856160636,0.213341359183,1,0.5,-2.83668365528,-2.83668365528,-2.83668365528,0
5eae34a8,0.518437806181,0.143092710061,1.37991227848,-0.752396483285,1.45349762207,-0.795847335979,0.324449432922,0.165809690351,0.803855600418,0.752514742644,0.666666666667,0.166666666667,-0.205813726402,-0.205813726402,0.03363228707,-0.205813726402
5f4d2a52,6.21324923507,4.28921265655,4.49447147122,0.782085907165,3.69173158024,0.616634721225,3.34789759524,3.45709113588,1.71748573037,0.542561284566,0.9,0.4,3.45709113588,2.48260847059,2.96319719053,1.41636244693
5f6756c5,-0.530213603137,0.654667381278,-1.3208966517,-1.978487419,-0.169358538091,-0.507475841218,-0.641960778644,-0.429631700269,1.02311933501,0.732023021863,0.833333333333,0.333333333333,-0.51235074211,-0.51235074211,-0.51235074211,0
5f75f796,-4.89349090086,-3.48256998451,-7.37702617488,-2.83129539229,-3.80283938512,-0.842533047651,-3.87162581422,-3.74473346682,1.04846061758,0.314303460978,0.966666666667,0.466666666667,-3.74473346682,-3.74473346682,-3.74473346682,-2.34532056092
5fb1c15f,1.99368467049,1.34456857223,2.17806269338,1.27106759798,1.73413112462,-0.671343234458,1.30836190404,1.46091267467,0.647966398223,0.381543817848,0.833333333333,0.333333333333,1.36202152526,1.36202152526,1.36202152526,0.368140639265
5fffa282,3.53797919734,3.40401781234,3.28023195554,2.86920604121,2.12279492027,1.91636600761,2.85509932238,3.05901856237,0.495460643135,0.169499246936,1,0.5,3.05901856237,3.05901856237,3.05901856237,0.918797621433
60e37807,-1.58101702978,-1.63341402665,-0.709125975357,-0.549153810252,-0.327087790654,-0.326112050626,-0.854318447219,-1.00327945675,0.593689529774,0.492621814015,0.7,0.2,-0.93828018785,-0.93828018785,-0.93828018785,-0.624914471342
61f27424,-0.400635692015,0.0720111513368,-0.800592108482,1.0467022672,0.439643763634,-1.4183455973,-0.176869369271,-0.0320956284245,0.802674090747,0.433490418557,0.8,0.3,-0.0320956284245,0.02861175276,-0.302091289333,1.07837758137
62569ae3,-3.56167571057,-3.07854156498,-3.23886241819,-3.23391800214,-3.26044279933,1.14474656247,-2.53811565545,-3.07845142348,1.08836144866,0.440463410624,0.9,0.4,-3.19451223718,-3.19451223718,-3.19451223718,-1.74000543018
62a6f539,0.778106358822,0.273784652277,-0.215095591708,-0.888066238189,-0.31822862245,0.83397476941,0.0774125546938,0.180242971039,0.597758333652,0.497352223039,0.833333333333,0.333333333333,0.122205174089,0.122205174089,0.122205174089,0.21356757738
633774dc,-2.61289454745,-2.30568023685,-2.38932647471,-0.594307976861,-2.87169388627,0.790515296127,-1.663897971,-2.22603572895,0.599918600465,0.418343355578,0.8,0.3,-2.03165479859,-1.59105420682,-1.59105420682,-1.15261333053
63559d57,-3.46258758897,-3.08556012962,-3.196252925,-4.06632060461,-2.01554849135,-1.05566185877,-2.81365526639,-2.92825072037,0.634569569334,0.231959986614,0.933333333333,0.433333333333,-2.92825072037,-2.92825072037,-2.92825072037,-1.96801106939
647f2a41,1.62858582872,2.41714738973,-3.2529745438,3.84506595954,-1.29578493744,1.17186926159,0.752318159724,1.62673537992,1.15214899688,0.717417522756,0.733333333333,0.233333333333,1.3805679264,0.3506228474,0.3506228474,0.636961282311
65156b96,-0.155854664665,-0.40660759513,-0.586452412353,-0.0410891618152,-1.67281410846,1.58412356595,-0.213115729411,-0.126658614388,0.602554276394,0.317489559307,0.8,0.3,-0.25599742654,-0.25599742654,-0.25599742654,0.652399863058
653612bc,-2.13148599912,-1.9799531362,-3.63030535154,-2.66474645382,0.691175580922,-2.95326211747,-2.11142957954,-2.31747111191,0.585164937328,0.364373992331,0.9,0.4,-2.12793467178,-2.12793467178,-2.12793467178,-0.254811596014
656a067b,4.41804255863,3.6816645415,3.44028597843,2.75595264257,3.09976620989,3.17473368605,3.42840760284,3.64026291499,0.776591799222,0.213418942921,0.966666666667,0.466666666667,3.64026291499,3.64026291499,3.64026291499,0
65a5466a,-6.65401678649,-5.7127558422,-5.69762269606,-3.04865505386,-6.19378215615,-0.783315810094,-4.68169139081,-5.34896342137,1.43116189771,0.286357285931,0.966666666667,0.466666666667,-5.34896342137,-5.34896342137,-5.34896342137,-2.23980794394
660d9546,-1.59518012894,-0.696018270847,-1.45604391185,-1.81110443116,-1.66756115944,1.38096590242,-0.97415699997,-0.977074695538,1.19946603,0.944172900686,0.733333333333,0.233333333333,-0.743074455166,-0.36577391212,-0.636383079468,0
6767c111,6.31486351423,5.53361802481,6.27953028963,6.87701748632,4.36683796176,1.45310791343,5.13749586503,5.67779946256,0.932303524673,0.183683449155,0.966666666667,0.466666666667,5.67779946256,5.67779946256,5.67779946256,2.92886806239
67847288,-0.516221604516,-0.622089996819,0.263504483861,-0.886719106534,0.203699340469,-1.43316978805,-0.498499445264,-0.254275180169,0.676823760707,0.664846814006,0.766666666667,0.266666666667,0,0,0,0
67a8da4a,-2.95090790517,-2.49584433789,-1.24367860913,-1.77018128859,-2.84594549137,1.1070007121,-1.69992615334,-2.21866060264,0.74722357177,0.491895031664,0.766666666667,0.266666666667,-2.20441643984,-2.20441643984,-2.20441643984,-0.636025003631
684a6fc1,7.20866161196,5.90724594206,12.1332653858,5.07508942733,9.4901328646,1.44148057413,6.87597930099,6.55388377684,2.10546573011,0.330998813115,0.933333333333,0.433333333333,6.55388377684,6.55388377684,4.58369742432,1.97018635252
698930d1,4.41303515609,3.98523105224,5.00456419823,3.31276729431,2.8078692204,2.33601701079,3.64324732201,3.70828481755,0.763334996328,0.201393510694,1,0.5,3.70828481755,3.70828481755,3.70828481755,0.340521141245
699ea575,2.9919757852,2.84720049558,3.42772116751,0.634134778802,3.09698711787,2.9460809673,2.65735005204,2.89636901326,0.493863899092,0.177269513551,0.933333333333,0.433333333333,2.89636901326,2.89636901326,2.89636901326,0.907265059283
69c1bdad,4.29845906099,3.46649437391,4.65381335355,1.07949724951,4.89608340472,1.2059435079,3.26671515843,3.56262550142,1.22877441282,0.340389583849,0.966666666667,0.466666666667,3.56262550142,3.56262550142,3.56262550142,0.900356159338
69e41fa6,-1.29395638927,-0.200937372706,-2.7085515856,-2.11258086674,-1.34712201075,0.486900815716,-1.19604123489,-1.04641107736,0.953018972698,0.623095623528,0.866666666667,0.366666666667,-1.17197520042,-1.17197520042,-1.17197520042,-0.816491130261
6a0ff78e,-2.4838876682,-2.35137349415,-1.68827368538,-0.679795106721,-2.07520492902,-0.353886668791,-1.60540359204,-1.82094597049,0.732416411113,0.412870680944,0.8,0.3,-1.67348453251,-1.23312469823,-1.23312469823,-0.769269645645
6a8fa194,4.30866058176,3.48640091085,7.17682904535,-0.976734616894,9.00777274555,-1.1774145572,3.6375856849,3.49206553068,2.65264991049,1.22051372908,0.7,0.2,3.20035951214,1.49727790205,2.02259402548,0.52531612343
6ae68655,-1.83092967672,-1.03811879701,-2.35936822767,-0.736752664499,0.582193878994,-1.71454328028,-1.18291979453,-1.05115648214,0.475271242551,0.292865468106,0.833333333333,0.333333333333,-0.967066499941,-1.28657241982,-1.28657241982,0.015568290318
6d1d74e1,-2.2587097301,-1.39289162147,-2.38415845047,0.787326743579,-4.10574173535,2.91342956496,-1.07345753814,-1.67224864193,1.44288871543,0.97881708994,0.7,0.2,-1.57966024676,-1.25544582096,-1.25544582096,0
6d590e26,-3.52759596638,-2.90700896905,-3.03558786988,-0.765452918868,-3.75216916071,-0.875240166705,-2.47717584193,-2.95254369716,0.706093588696,0.251139512373,0.933333333333,0.433333333333,-2.95254369716,-2.60988126763,-2.60988126763,0
6d6d93af,-4.73587636137,-3.51569018096,-5.87254541643,-2.35224634358,-4.43947849826,-0.350616582292,-3.54440889715,-3.56632709937,1.03732975501,0.379660174407,0.9,0.4,-3.56632709937,-3.80715963106,-3.80715963106,0
6dbe4b60,-0.77276242997,-0.313986827807,-2.44011026466,-2.19440023884,-0.633559789838,0.26736469827,-1.01457580881,-0.691859198495,0.58454915924,0.434769773059,0.833333333333,0.333333333333,-0.735990918342,-0.485618828222,-0.735990918342,-0.250372090119
6e6d122c,1.11497104102,1.35201712513,0.563448934318,-0.996980204048,0.384771342579,1.78553414519,0.700627064031,0.757686034222,0.778317194011,0.664968117836,0.733333333333,0.233333333333,0.78144513483,0.78144513483,0.78144513483,0
6e9ccd38,-5.71970838497,-4.82863604111,-6.57521026812,-3.28109933096,-5.13902337998,-2.49224563193,-4.67265383951,-4.96015754314,0.934694287933,0.216084370903,0.966666666667,0.466666666667,-4.96015754314,-4.96015754314,-4.96015754314,-1.58237308489
6ea22614,4.7747645915,4.37236837052,4.77239467729,4.16722045602,3.14109503752,2.93558247745,4.02723760172,4.07033882523,0.691874237599,0.161091187012,1,0.5,4.07033882523,4.07033882523,4.07033882523,0.977475324886
6ede926a,-2.93087783934,-2.55307732067,-3.12371164101,-2.45849745585,-2.70432352207,-0.699824981727,-2.41171879345,-2.46086242869,0.405692172049,0.165565488206,0.966666666667,0.466666666667,-2.52440263469,-2.52440263469,-2.52440263469,-0.403621405023
708caea9,0.927391680948,1.35567661143,3.25850111411,3.33673313138,0.736780654898,-0.122295989193,1.58213120059,1.50570041053,0.78328253834,0.515762552527,0.833333333333,0.333333333333,1.70268630856,1.70268630856,1.70268630856,1.24442397865
70925e23,-7.80909489277,-5.7503317437,-8.22527443156,-1.16383002423,-7.77924124728,-0.574498613952,-5.21704515892,-6.27601918709,2.20757676864,0.362386592272,0.933333333333,0.433333333333,-6.27601918709,-5.32737389685,-5.32737389685,0
70e1788b,-8.12661594956,-6.68931757108,-9.0524594504,-3.21581065119,-8.67096357255,-0.69815016495,-6.07555289329,-6.86686491745,2.11931208721,0.302075653922,0.933333333333,0.433333333333,-6.86686491745,-6.86686491745,-5.12619923491,-2.84082131
71642c7d,-1.41744716799,-1.36194140766,-0.827801448608,-0.940051171669,-0.392455993344,0.209778918709,-0.788319711761,-0.771862982704,0.551557988956,0.531138385397,0.8,0.3,-0.443884599012,-0.443884599012,-0.443884599012,-0.200497987336
71ccf778,3.49897448214,2.61149968665,4.32083391194,1.00468430568,4.1393113326,0.494300265085,2.67826733068,2.7501089936,1.13634763198,0.414123205532,0.966666666667,0.466666666667,2.7501089936,2.31801248914,2.7501089936,0.666822352296
7224331b,5.2583736691,4.43156779541,8.28959440629,2.94195883164,9.13152831782,-0.862558723523,4.86507738279,4.89798686931,1.89368401293,0.480502706185,0.866666666667,0.366666666667,4.52338577584,4.52338577584,3.69061751576,0.657905069021
722cf0d8,0.198570745557,0.299765969329,0.833210554222,0.122063898577,-0.412203055175,1.09453780504,0.355990986258,0.403078918697,0.500127179012,0.490302379315,0.666666666667,0.166666666667,0.346199178364,0.346199178364,0.346199178364,0.346199178364
7256229b,1.91731837555,1.67520914702,3.48098130413,0.371378257381,1.57501281461,1.83441251229,1.8090520685,1.71879579952,0.448264299925,0.294555339464,0.933333333333,0.433333333333,1.41971645407,1.41971645407,1.41971645407,0
726f3dc2,-3.17887414864,-2.42927346239,-3.79150588847,-0.148492404867,-4.25106220155,-1.24866858473,-2.50797944844,-2.51015424819,1.09132553796,0.439950574514,0.9,0.4,-2.51015424819,-2.51015424819,-2.51015424819,0
7271dd80,4.83484951481,4.43772443238,5.4118017981,3.93843144269,3.80583814365,1.99002789814,4.06977887163,4.10120196185,1.08924104002,0.559869727997,0.9,0.4,4.08276821433,4.08276821433,4.08276821433,1.30173766834
727a3a10,2.11208739969,2.0994775295,3.4191530554,-0.58946422604,3.14047490582,2.46436949181,2.10768302603,2.16462702451,0.876684853533,0.330342501318,0.866666666667,0.366666666667,2.35698327466,2.35698327466,2.35698327466,1.84926269559
729665c0,1.9837009425,2.01423280995,1.02175085782,1.13211425142,1.52600003637,-0.275517719533,1.23371352976,1.33967400607,0.607621545376,0.458013439293,0.866666666667,0.366666666667,1.22687659334,1.22687659334,1.22687659334,0.473333439762
729e9750,4.28452571367,3.48754965122,4.98032999821,1.24270909762,2.07597357671,2.65165220841,3.12045670764,3.13000984996,1.01332838373,0.312258241286,1,0.5,3.13000984996,3.13000984996,3.13000984996,0.966808020079
729f4217,-0.867383258841,0.181244989083,-3.79644723346,-0.382021691027,-1.24840383368,1.33938706564,-0.795603993714,-0.6153663386,0.938726298951,0.835493132388,0.766666666667,0.266666666667,-0.354856809201,-0.354856809201,-0.354856809201,-0.354856809201
72dd8501,-1.69744898642,-1.55114192247,-1.11212303647,0.216072831603,-2.52775284614,2.19288616184,-0.746584633009,-1.08713912298,0.988240248418,0.78183258843,0.7,0.2,-0.74526087651,-0.355138908516,-0.355138908516,0
73348914,-0.892820673657,-1.49396136803,-0.649234202394,-2.69994276521,0.263985577038,-0.449919648078,-0.986982180056,-1.24767017981,0.8680848001,0.66759390427,0.733333333333,0.233333333333,-1.36045201472,-1.36045201472,-1.36045201472,-0.45299900032
739a914f,4.77690241784,4.00645497405,4.79665898531,2.72767720915,1.9594743962,2.55090812443,3.46967935117,3.55365251022,0.953457656186,0.258639938049,1,0.5,3.55365251022,3.55365251022,3.55365251022,0.585237520095
73b1447d,1.22629471236,2.13929618628,0.261159015564,4.83943688657,-0.903094800053,2.39040360255,1.65891593388,1.88117663642,1.47129250365,1.13088103081,0.766666666667,0.266666666667,1.99814498718,1.99814498718,1.99814498718,1.13093282166
74b6186b,-0.594957274763,-0.523229862717,-1.1464593426,-0.975924720072,0.479362492413,1.01891802794,-0.290381779968,-0.374973951414,0.799851180631,0.76729031395,0.7,0.2,-0.28323471244,-0.28323471244,-0.28323471244,0
75c20ec7,1.94692356253,1.57926230543,1.92359191316,2.63620798774,1.46622892568,1.82707898906,1.89654894727,1.76999036333,0.491714474037,0.270211932774,0.9,0.4,1.75841968547,1.75841968547,1.75841968547,0.755147649331
75cd5f11,2.16290734341,1.81441810399,2.6642201392,-0.295000578777,2.02058048385,0.706960497551,1.51234766487,1.59518245338,0.684815263785,0.468504685349,0.833333333333,0.333333333333,1.48221788845,1.48221788845,1.48221788845,0.758774274653
75d20a82,-2.09035603667,-1.86467428201,-1.68550564566,-0.255124143286,-1.96987983514,0.744637519863,-1.18681707048,-1.54725715293,0.937023724039,0.596692520076,0.8,0.3,-1.63234137932,-1.37113682926,-1.63234137932,-0.29440786245
76201745,-3.15188067815,-2.37526144187,-4.14047022724,-1.51251233602,-2.89641986935,0.371092104357,-2.28424207471,-2.45575839314,0.966451981812,0.397066451012,0.9,0.4,-2.45575839314,-2.0013571823,-2.45575839314,0
764072a5,-0.481764817246,-0.596202461601,-1.02350670546,-3.04900215458,0.140769497975,-1.94721539487,-1.15948700596,-1.05880326177,1.06365968413,0.874090677154,0.7,0.2,-0.970312617582,-0.970312617582,-0.970312617582,0
77b0d905,-0.594403334233,-0.668548823466,-0.338747774925,-0.845606465641,-0.850391477051,0.639321121175,-0.443062792357,-0.534469503579,0.334592931523,0.250330743495,0.833333333333,0.333333333333,-0.41303851899,-0.41303851899,-0.41303851899,-0.012454644181
77e4821c,4.04543940398,3.59560247443,1.84116346536,4.22387499378,2.14288727755,3.2474387824,3.18273439958,3.64744069035,0.760151296875,0.214515104947,0.933333333333,0.433333333333,3.64744069035,3.64744069035,3.64744069035,0.520471478389
7850c72e,8.37208311829,7.94645810548,11.2102794766,7.36542662225,8.22565390819,2.39824643567,7.58635794441,7.94561843238,0.719182223186,0.091516696066,1,0.5,7.94561843238,7.94561843238,7.94561843238,1.921089552
78a4a386,3.0047496206,2.46962200135,2.45709732374,-0.609072725472,3.59257148489,1.89156031402,2.13442133652,2.45977754333,0.835890009435,0.425101125417,0.866666666667,0.366666666667,2.29125651059,2.29125651059,2.29125651059,1.41365240124
79507629,-1.26821117206,-0.872577984931,-1.96219499555,0.889085571836,-1.42473664231,0.185240342199,-0.742232480137,-0.828262706397,0.567132552394,0.503060378688,0.766666666667,0.266666666667,-0.335464583615,-0.335464583615,-0.335464583615,-0.335464583615
796dbd4c,1.16321806636,0.812416565466,1.74104739105,1.32969031874,-0.975652397606,2.97316961962,1.17398159394,1.1617032677,0.810145774954,0.578726700531,0.766666666667,0.266666666667,1.15135128366,1.15135128366,1.15135128366,0
7987f2f2,1.21628061942,1.19575652924,0.580782959795,2.56068616923,-2.35101479162,2.92460746182,1.02118315798,1.28061404895,0.874527607469,0.621201820716,0.766666666667,0.266666666667,1.25405065654,1.25405065654,1.25405065654,0.91821973567
7993a768,-0.471305169252,0.402254180727,-0.653368288789,-1.43274149489,1.49290799224,-2.86559142373,-0.587974033949,-0.467220917854,0.842303424547,0.68005861591,0.8,0.3,-0.266377015726,-0.514701860123,-0.514701860123,-0.2489135599
7a5660b0,-4.32880744862,-3.47322095863,-3.79239213543,-1.0659364251,-3.77738611271,-0.290270367819,-2.78800224138,-3.15749551789,1.14238806634,0.408753190919,0.933333333333,0.433333333333,-3.15749551789,-2.79302921304,-3.15749551789,-1.59624966964
7acda2df,1.57644891683,1.90423291034,-0.614531506421,1.55290816946,1.01830620642,0.462556272406,0.983320161506,1.18574037007,0.962951284353,0.679830609315,0.766666666667,0.266666666667,1.29472341371,0.865651375362,0.865651375362,0.421634059412
7b2c7b3c,-0.320574337268,-0.765589228643,-0.0183699109702,-1.43218515547,0.203045116568,-1.03694636064,-0.561769979405,-0.699462829265,0.8050869979,0.599095839944,0.833333333333,0.333333333333,-1.1418382406,-1.1418382406,-0.840969204138,-0.213043135935
7b38844c,-1.41252473829,-1.15906610346,-0.867024196796,-0.239735659736,-2.0552090901,0.585174985061,-0.858064133887,-0.949901698719,0.469831194544,0.450184343876,0.8,0.3,-0.502760031389,-0.287231252305,-0.287231252305,-0.215528779084
7bb17b96,0.396208887919,0.594332941305,1.7333867444,-2.96850122403,1.45493863448,0.782775247482,0.33219020526,0.73457881547,0.554954086634,0.499324752582,0.7,0.2,0.581677220568,0.581677220568,0.581677220568,0.292228689878
7c607683,-3.30994021557,-2.22707424254,-4.19276153388,0.106601974473,-1.03688885029,-0.245806446985,-1.8176448858,-1.89601737248,1.2353075889,0.689354394564,0.8,0.3,-1.50766635122,-0.947412870637,-1.50766635122,-0.947412870637
7cbbd047,-0.026773030341,-0.0896185342729,1.15418616743,-1.4052345857,-0.528244846088,1.97818342013,0.18041643186,-0.0277559254439,0.535639422851,0.485151640132,0.833333333333,0.333333333333,-0.0412391718192,-0.0412391718192,-0.0412391718192,0.33014539479
7cd4bb31,1.90141469396,1.35677946942,3.17546865856,-0.3393430391,1.84056182584,-0.136407981267,1.29974560457,1.42178266035,0.883474157724,0.701688805659,0.766666666667,0.266666666667,1.08251299173,0.580297327753,0.580297327753,0.214027799929
7d50373e,-0.354363339153,-0.346534127122,-0.26267240141,1.95205988006,1.01781992154,-1.89802243916,0.0180479157924,-0.00576742212175,0.829287431345,0.74306917114,0.7,0.2,0.411811919104,0.411811919104,0.411811919104,0
7d57c75d,0.8740448969,0.755815067676,1.21016600921,0.865944984425,-0.963318720778,2.964533865,0.951197683738,0.912196514728,1.21596864682,0.477704832028,0.866666666667,0.366666666667,0.912196514728,1.37216242784,1.37216242784,0.565151170126
7e208414,-4.42501805664,-3.88278058432,-5.16530244165,-3.09831081301,-3.24039230511,-2.20946013009,-3.6702107218,-3.77785192942,0.561400961219,0.143282430149,1,0.5,-3.77785192942,-3.77785192942,-3.77785192942,-1.44608317846
7e721392,-1.86963575143,-1.41307506823,-1.10477146503,-0.00141373705429,-1.7667143229,-0.0456323584742,-1.03354045052,-1.15086343455,0.781793492391,0.614463677966,0.833333333333,0.333333333333,-1.02873594973,-1.02873594973,-1.02873594973,0
7ff89f8f,-4.90720174141,-4.75317392629,-4.95312961001,-3.47019628933,-5.96419309227,-1.9289184755,-4.3294688558,-4.5155165127,0.811443238068,0.191901674462,0.966666666667,0.466666666667,-4.5155165127,-4.5155165127,-4.5155165127,-1.77327814749
8050c789,-0.0677805687982,-0.504175323312,1.84644098612,-1.72339843176,0.0678706404969,0.252595407429,-0.0214078816376,-0.0354587336661,0.887282159924,0.396050102312,0.866666666667,0.366666666667,-0.0354587336661,0.294440213518,0.294440213518,-0.0354587336661
807f0298,5.34260080576,4.81694168202,5.66913469948,4.00994909443,6.7260555283,-0.576363540704,4.33138637821,5.19531182394,0.759999318768,0.138089748011,0.866666666667,0.366666666667,5.19531182394,5.19531182394,5.19531182394,2.2186357666
811f52b3,0.893839869181,0.337915127305,1.29017275658,0.483512102642,1.05545477544,0.0363863723739,0.682880167255,0.769946596023,0.56325565933,0.473708742588,0.8,0.3,0.967496920147,0.967496920147,0.967496920147,0.292641409138
81bf5923,-3.92366185118,-3.16981721497,-3.08681460352,-2.78486196496,-4.56126150741,2.69262416575,-2.47229882938,-3.07945061438,0.828924495746,0.204994365461,0.866666666667,0.366666666667,-3.07945061438,-3.07945061438,-3.07945061438,0.542243630116
81fc01c6,-0.609220377669,-1.24243547012,-0.417799374081,-0.723149193643,0.0396483925439,-1.17089995051,-0.687309328913,-0.787114650817,0.350048041227,0.309566779272,0.866666666667,0.366666666667,-0.766488084155,-0.766488084155,-0.766488084155,-0.555070606477
8255c867,0.493507162839,0.346394762807,-1.34290639137,-3.00316021068,0.13951405965,2.02245117653,-0.224033240038,0.0583950250704,0.95045579207,0.95045579207,0.6,0.1,0,0,0,0
82aab6d2,3.34062552656,3.26317336042,6.45054600947,8.75191651324,4.73173265439,-2.33889530281,4.03318312688,4.15050739889,1.68304221462,0.815831195648,0.733333333333,0.233333333333,4.25281803322,4.25281803322,2.69840593638,1.82999480802
82fcf37c,-1.54501364266,-1.33322404928,-2.49716199263,-0.462515356371,-2.247347858,0.53156263213,-1.25895004447,-1.27491660227,1.10967667511,0.65865539388,0.833333333333,0.333333333333,-1.31786028379,-0.951771227335,-0.951771227335,0
833af382,-0.812564499589,-0.188740940281,-1.7423261747,-1.51787272364,-1.437026393,-0.441377066178,-1.02331796623,-0.749876093976,0.924682403214,0.702813797734,0.766666666667,0.266666666667,-0.747583121749,-0.988778028728,-0.988778028728,-0.482444851702
8382f4b6,-2.86658294169,-2.29442656885,-2.87345379932,-0.499346147274,-2.24234547062,0.895456130804,-1.64678313282,-2.10126793465,0.947447968739,0.566918842794,0.766666666667,0.266666666667,-1.97557281865,-1.20550478087,-1.20550478087,-0.742546715842
84633df4,1.13135686231,1.24663336823,1.63892347373,2.23317081208,1.05615021617,0.351070131998,1.27621747742,1.17785876021,0.376220458283,0.328659626266,0.966666666667,0.466666666667,1.17785876021,1.17785876021,1.17785876021,0
8478df29,1.09682763269,0.987151540824,2.08415379642,3.83654318385,0.583799870691,0.861150240083,1.57493771076,1.2541067111,0.653115728043,0.518077153044,0.9,0.4,1.12614468687,1.12614468687,1.12614468687,0.339448320532
84815d5a,4.06230189,3.78440442201,5.15338447891,2.67919673032,5.05289979943,2.18519419593,3.8195635861,3.69219907725,0.870209037557,0.254518537868,1,0.5,3.69219907725,3.69219907725,3.69219907725,1.9125263595
84c3b497,0.991423116093,0.983877648795,1.7904224893,3.31540371455,-0.195390806807,1.11039480149,1.3326884939,1.22167238998,0.691404660757,0.518522104507,0.833333333333,0.333333333333,1.22338018696,1.22338018696,1.22338018696,0.632054470866
85380836,-3.83317030119,-2.97258333291,-4.66248463944,-2.13424833138,-4.37937343995,-0.453917654751,-3.0726296166,-3.40022512414,0.953144864016,0.298551280969,0.966666666667,0.466666666667,-3.40022512414,-3.40022512414,-3.40022512414,-1.69763143806
8612b37f,1.4591265534,0.249256450822,3.61147823042,1.65759959072,0.857841075452,-0.641040497487,1.19904356722,0.961433002646,0.758808814,0.623009631735,0.8,0.3,0.604359920984,0.255313921206,0.255313921206,0
861e71df,2.97705548089,2.89610396266,3.32116735593,-0.41428499979,1.82262706716,3.60445966364,2.36785475508,2.62457395544,0.84054131473,0.609688843622,0.8,0.3,2.47349458428,2.47349458428,2.47349458428,0.881467135324
86454a6f,-0.477222978815,0.0744431334873,0.402480419476,2.86193795071,1.47970918499,1.06224715773,0.900599144596,0.720673738005,1.16156903969,0.945351913818,0.733333333333,0.233333333333,0.389338713528,0.389338713528,0.726882920448,0
8648abae,0.446523117925,0.38699224761,-1.2713392426,-0.171005480127,-0.429000541065,1.24899161585,0.0351936195993,0.215960381304,0.309763407005,0.283393563933,0.866666666667,0.366666666667,0.166302432999,0.166302432999,0.166302432999,0.203823226488
865033f8,4.35470626203,3.77884793639,3.27774383075,1.47512712239,4.35024578657,0.395542542895,2.93870224684,3.48629173601,0.908188435851,0.279293912689,0.933333333333,0.433333333333,3.48629173601,3.48629173601,3.48629173601,0.608794367442
87695469,-5.07973266713,-4.3546155511,-5.31421089247,-2.47871182679,-4.09778671348,-1.32195225037,-3.77450165022,-4.30058672726,1.0584402043,0.252971121736,1,0.5,-4.30058672726,-4.30058672726,-4.30058672726,-1.52477928818
877ed19c,1.6352155664,1.39950251761,3.25960866272,0.421170351266,0.889089341595,2.39992597968,1.66741873655,1.46318277373,0.733604594839,0.487244788281,0.866666666667,0.366666666667,1.37989379176,1.37989379176,1.37989379176,0
87aa3730,2.08980142199,1.36418872169,3.33816821299,-0.285213682693,2.66704021092,-1.07081802273,1.35052781036,1.67663566317,1.27483337356,0.814605893266,0.733333333333,0.233333333333,1.65407014725,1.27775695822,1.27775695822,0.297363491354
884ecb5f,5.0278825291,4.05949183803,8.05674271639,0.848135523495,6.79469230175,-2.41610222203,3.72847378112,4.53754896486,2.28788914855,0.61056012185,0.8,0.3,4.53754896486,3.01440666956,2.44478670805,0
8902c3f6,2.55780533913,1.39857852916,4.01123618819,-0.796713522256,2.63425692374,1.88230963193,1.94791218165,1.8778802502,0.951635080407,0.438396876549,0.733333333333,0.233333333333,1.97462164091,1.97462164091,1.97462164091,1.97462164091
896d15b9,9.83601990617,8.92609886282,13.41061116,12.9540007252,9.66855077132,2.19172964258,9.49783517802,9.89803966413,2.07959310507,0.210160033733,0.966666666667,0.466666666667,9.89803966413,9.89803966413,7.24263363372,4.23272794531
8995c945,2.33779825443,2.01083572528,2.97497444569,4.91828026506,2.64680088374,-1.40243221196,2.24770956037,2.37537442201,1.26582319039,0.561809154158,0.833333333333,0.333333333333,2.72459339489,2.42031135397,2.72459339489,0.837241343296
89969c7a,3.80406004447,2.63560211431,3.50234651876,0.291064990861,3.15097737164,1.61564134023,2.49994873004,2.5646274143,1.46370093158,0.831993522737,0.866666666667,0.366666666667,2.42479259958,2.08322837412,2.42479259958,0
89f1085d,-1.70303009635,-0.797763884757,-6.34399836229,0.421070242488,0.410746410662,-2.56206070179,-1.76250606534,-1.09614000584,1.75188053347,0.65803937583,0.866666666667,0.366666666667,-1.40013243769,-2.09563169263,-2.09563169263,-0.517642369352
89f36adf,1.51234619231,1.30902646218,2.02616274644,1.96763933637,0.925471194424,1.55179334229,1.548739879,1.33902178098,0.724201736448,0.47394452884,0.933333333333,0.433333333333,1.34057231365,1.34057231365,1.34057231365,0.318712115027
89fdb2f2,-1.35043513182,-0.761499138392,-0.946717841568,0.66263021195,-1.15890280838,0.791782356295,-0.460523725319,-0.728834219625,0.869991102029,0.733228932407,0.7,0.2,-0.669309107937,-0.251578815976,-0.251578815976,-0.669309107937
8a3da6d1,3.9503170297,3.83334223581,3.79122625676,3.58156653941,1.41228308555,3.60951219322,3.36304122341,3.57164888213,0.596827192076,0.200008593537,0.9,0.4,3.57164888213,3.25500005909,3.25500005909,1.28846979659
8a89da23,1.27399183898,1.06985210966,2.3623285657,-1.19440509795,1.93363873217,-0.319152735985,0.854375568762,1.0403406106,0.885745972339,0.642369256032,0.8,0.3,0.934120172441,0.599314852407,0.599314852407,0.544303199679
8a9c8932,-2.58707993711,-2.25131368286,-3.31105408001,-1.84779637009,-2.43920656291,-0.509706361495,-2.15769283241,-2.30023324665,0.359365380518,0.221342657463,0.933333333333,0.433333333333,-2.31537628414,-2.31537628414,-2.31537628414,-1.29847583496
8ac2f237,-0.00805723133347,-0.657260525075,-0.284104269998,1.09017761673,-0.0570846365718,0.232213339953,0.0526473822833,-0.0216433594408,0.514629964076,0.504242884573,0.633333333333,0.133333333333,-0.230669806019,-0.230669806019,-0.230669806019,-0.230669806019
8b12bab6,6.8976236751,5.93265211669,8.72826231594,2.96322911129,4.20294652434,4.08501796628,5.46828861827,5.12949709301,1.2681451568,0.244435909922,1,0.5,5.12949709301,5.12949709301,5.12949709301,0
8b5be31b,-4.02784798975,-3.19348044453,-4.42816369131,-2.23872283702,-4.12820880883,-0.162850991535,-3.02987912716,-3.40915023938,0.795976121944,0.237137553184,0.933333333333,0.433333333333,-3.40915023938,-3.40915023938,-3.40915023938,-2.78741837032
8b95d6d1,-0.835454094957,-0.499054755744,3.91747968775,-1.89322024426,1.75671637137,1.08352747206,0.588332406035,-0.0433802494035,1.24169688852,0.586264880243,0.766666666667,0.266666666667,0.00670072428239,0.942938546069,0.942938546069,-0.255835181207
8b9d8326,1.54028956007,1.89316124929,2.58696249001,3.64307322052,-0.364481322276,3.14559303929,2.07409970615,2.00185576863,1.24738598073,1.01063227402,0.8,0.3,1.64226618451,1.64226618451,1.64226618451,0.66529004068
8bb9c1e6,-3.74077849867,-3.52191503711,-3.21677596836,-1.34220170266,-3.49261050035,-0.88804901818,-2.70038845422,-3.20542969943,0.61127401978,0.190995448609,0.933333333333,0.433333333333,-3.20542969943,-3.20542969943,-3.20542969943,-1.34147275021
8bda1a11,-2.45383400475,-1.51013123819,-5.10867294864,0.097180134667,-2.75035599204,0.270751090397,-1.90917715976,-2.06482670301,1.14203822359,0.633738753455,0.733333333333,0.233333333333,-2.02780455191,-2.02780455191,-2.02780455191,-0.493447498199
8bfa881d,2.36355373384,2.42783639289,3.16398040608,5.4287993621,1.8582516577,3.57365529425,3.13601280781,2.83891422046,0.761684548081,0.415352860514,0.9,0.4,2.78802921562,2.78802921562,2.78802921562,0.801315199552
8c167025,1.24893527339,0.621399240409,0.467134500337,1.12790342583,0.310084241417,0.563559963182,0.723169440761,0.591327062299,0.384314785373,0.334512631952,0.8,0.3,0.551973333174,0.551973333174,0.551973333174,0
8c8348e8,1.55111406838,2.86310632751,2.09970332402,3.17289622585,0.904232436268,-0.748869640653,1.64036379023,1.94938128768,1.08397846441,0.461863253477,0.9,0.4,1.94938128768,1.94938128768,1.94938128768,0.305127242385
8cc21f01,1.2841900661,2.09315500866,0.348275741902,4.68338927685,0.0533625837488,-0.349740945515,1.35210528862,1.42189389997,1.14919980978,0.621155092334,0.8,0.3,1.2822183977,0.405203770613,0.715429724135,0.566788673561
8cc800b3,-1.59183932047,-1.00002258402,-2.00148124889,-0.657315114717,-1.75380339351,1.80251814336,-0.866990586376,-1.19070382386,0.516400134777,0.252127394893,0.8,0.3,-1.13039326474,-1.13039326474,-1.13039326474,0
8d5d46d7,-1.99802931489,-2.00974726636,-1.65574308722,-0.766595152306,-1.58888577526,-1.34873326491,-1.56128897683,-1.58848263777,0.603239777684,0.316163648175,0.9,0.4,-1.61197674936,-1.61197674936,-1.61197674936,-0.576768179479
8d92cb49,1.67213518613,1.70391568845,2.35245752317,1.83880171083,2.29488507704,2.44090353101,2.05051645277,2.0789557542,0.457176779836,0.342039189964,0.9,0.4,1.98574245489,1.77007036758,1.98574245489,0
8f201368,-4.13510723535,-3.58188291785,-6.20365068305,-2.95935585236,-4.47765306826,-1.84545676926,-3.86718442102,-3.82629160134,0.926316449006,0.260671303777,1,0.5,-3.82629160134,-3.82629160134,-3.82629160134,-0.530737222637
90386ee4,2.89322002701,2.59516674917,3.8580533851,1.38991154762,1.80960378535,2.78049976111,2.55440920923,2.57949047876,0.468856292666,0.171616915121,1,0.5,2.57949047876,2.57949047876,2.57949047876,0.42014520509
91abc4c7,-3.71969589726,-3.14921892373,-3.00572590599,-3.73782043228,-2.15601159046,0.353352529119,-2.56918670343,-3.02660726535,0.997557427211,0.34620952292,0.9,0.4,-3.02660726535,-3.02660726535,-3.02660726535,-1.47187628906
91b301ce,-2.70069636636,-2.18007326113,-3.14720744415,-2.07212692855,-3.57537262074,0.112259121636,-2.26053624988,-2.36901571342,0.947135452522,0.480247557204,0.8,0.3,-2.41239430254,-2.1289459036,-2.1289459036,-0.746422551441
91db7070,0.186049200633,0.112363665517,0.686978499973,-1.5325330187,0.0427589820496,0.941258507365,0.0728126394735,0.212519473233,0.606245932354,0.468095358482,0.866666666667,0.366666666667,0.403746749315,0.403746749315,0.403746749315,0
925a7cd1,-3.52576661591,-3.68830960914,-4.59699061002,-2.85524995573,-1.6570725168,-1.49539123598,-2.96979675726,-3.00343133197,1.00033740138,0.385617726725,0.966666666667,0.466666666667,-3.00343133197,-2.74587708485,-3.00343133197,0
9283ae69,5.9803340712,4.94729212678,6.87667249132,2.7481309368,6.92233790228,-0.51484026975,4.49332120977,5.37437510371,1.3645948486,0.266187471847,0.866666666667,0.366666666667,5.37437510371,5.37437510371,5.37437510371,1.15235021688
9298ad5b,-2.9033128174,-1.70318607538,-2.72555478315,0.884311775826,-4.56102220438,2.01201741668,-1.4994577813,-1.8990532514,1.91802797215,1.09600543101,0.733333333333,0.233333333333,-1.03618779768,-0.692597499575,-1.06710107255,0
9314ff13,2.17810012827,2.21228419582,4.68329890311,0.868219462225,3.11858355125,-2.62631675698,1.73902824728,1.93966447325,1.22686661077,0.569211241314,0.833333333333,0.333333333333,1.9770286086,1.9770286086,1.9770286086,0
93209a3d,-1.13042617539,-1.0433047608,0.0192671106856,1.28916466373,-0.365374001196,0.121405955976,-0.184877867833,-0.218302651265,0.72448044639,0.699991299864,0.766666666667,0.266666666667,0.142174609483,0.142174609483,0.142174609483,-0.215799368787
939d9c34,-3.60225483918,-2.41215318646,-5.06891488855,-0.720126506905,-3.46706815963,1.7922057366,-2.24638530735,-2.5473971492,1.55562470334,0.532196407379,0.866666666667,0.366666666667,-2.5473971492,-1.53425238913,-1.98877427265,-1.13177013722
93f5d2e6,-1.6346809603,-1.74338338702,-0.53142550951,-0.744711202106,-1.13806081812,-0.272299821915,-1.01076028316,-0.905225996446,0.475425219787,0.454378291636,0.9,0.4,-0.511421506756,-0.511421506756,-0.511421506756,0
940a48d9,1.50959048673,1.63802309268,2.28587398806,0.846544783146,0.870005156565,2.30034767306,1.57506419671,1.48127913056,0.54619720819,0.337422020645,0.833333333333,0.333333333333,1.42562372392,1.42562372392,1.42562372392,0.88290148285
940e709a,2.39736560989,3.03342681263,3.42624115398,2.22514491569,5.44144005904,-0.761629879439,2.62699811196,2.84955691866,1.43802886211,0.612498889612,0.833333333333,0.333333333333,2.58558740157,2.20048556212,2.58558740157,1.65515924812
9426ec1e,-0.334379410819,-0.516937756561,1.70450448941,-0.15877761944,-0.678725632579,1.4267804124,0.240410747068,0.205282572746,0.94595481189,0.920091278958,0.666666666667,0.166666666667,0.237860704477,0.237860704477,0.237860704477,0
94467f50,6.53067261646,4.69061751481,7.61027180322,0.454421976839,7.30509252865,1.64562646587,4.70611715097,5.35596449868,1.57134036746,0.448737617767,0.9,0.4,5.05834847002,5.05834847002,5.35596449868,1.86005287132
944f36b9,-0.658687733841,-0.882330197749,1.00101827443,-2.40840771958,-0.418073188779,1.07144112896,-0.38250657276,-0.481889347099,0.992078280188,0.937594440061,0.666666666667,0.166666666667,-0.293001683512,-0.293001683512,-0.293001683512,0
94d813a4,-0.213000960397,0.0774896943802,1.47165676422,0.0841000730488,0.623722373293,2.79498374507,0.806491948268,0.496741119972,0.777205455613,0.485301859225,0.833333333333,0.333333333333,0.506017326381,0.27250240772,0.506017326381,0.497255942765
95b559e7,3.23292948451,3.21308412525,2.259017501,2.28911451138,5.01989546045,-0.484402845138,2.58827303957,2.97733501101,1.551046179,0.448735259953,0.933333333333,0.433333333333,2.97733501101,2.6768835087,2.97733501101,0.512615554879
95c8427f,-3.754349977,-2.83554540226,-5.41866184628,0.156018666679,-5.11907533497,-0.0549534368593,-2.83776122178,-3.207022871,1.94273103112,0.619940704941,0.866666666667,0.366666666667,-3.207022871,-1.90006319853,-2.44526279355,-0.69719619244
96936c22,-2.10329935823,-1.95222513254,-2.70749346986,-2.18141582516,-1.23405552884,-0.620165718271,-1.79977583882,-1.97998523799,0.800281155314,0.45117902461,0.866666666667,0.366666666667,-1.80828343138,-1.80828343138,-1.80828343138,-0.831150167655
96ae5806,-0.301711717065,-0.44239940512,1.89731089406,2.57749548089,0.296112903904,1.31832464216,0.890855466472,0.797047724181,1.13054319677,0.749338221192,0.833333333333,0.333333333333,0.528577120845,0.528577120845,0.528577120845,0.648319558771
96b7eea1,-0.589606700617,-1.1698121692,-0.578007905412,-0.845077345524,-0.386419149195,0.233458363403,-0.555910817757,-0.513601984856,0.460085676759,0.38218629004,0.866666666667,0.366666666667,-0.483535681634,-0.483535681634,-0.483535681634,-0.483535681634
9719aa04,-2.24175358542,-1.95750716449,-3.37438813725,-1.84851843957,-2.18521216591,0.502082337245,-1.85088285923,-2.08030700035,0.457581538202,0.264461736542,0.9,0.4,-2.08030700035,-2.08030700035,-2.08030700035,-1.34210204355
974802e7,-3.42587946844,-2.79822321584,-4.21508348009,-1.16903923804,-4.0047520891,0.326865934893,-2.54768525944,-3.06900975371,0.935927500765,0.328720248638,0.9,0.4,-3.06900975371,-3.06900975371,-3.06900975371,-1.4201519832
97cd5bf9,-3.871857125,-3.60500036517,-4.63072639521,-2.8984989794,-2.46742587499,-1.77655689001,-3.20834427163,-3.22482353443,0.60225069576,0.207980477529,1,0.5,-3.22482353443,-3.22482353443,-3.22482353443,-1.88541122757
98177ced,4.06430902267,4.26217689534,3.37989379605,3.00561750066,5.65205849022,1.28141588772,3.60757859878,3.87417341481,0.954010947052,0.331087752355,0.966666666667,0.466666666667,3.87417341481,3.52356105628,3.87417341481,0
9896fc0b,-1.84104673066,-1.35283823598,-1.79180988047,0.411171495367,-2.00869770505,0.867187845412,-0.952672201897,-1.0032525253,0.944194692491,0.782982376392,0.733333333333,0.233333333333,-0.791968486985,-0.480019761587,-0.480019761587,-1.00995569585
98bc6f66,-3.095331174,-2.91650373533,-2.64555535392,-3.10709936209,-1.83972454805,-2.99789957274,-2.76701895769,-2.77622053204,0.686780591588,0.270140375399,0.966666666667,0.466666666667,-2.77622053204,-2.77622053204,-2.77622053204,-2.23336022206
992c99e8,2.88017317699,1.94890242759,3.29314833201,0.692068921132,1.45986721328,2.68076687559,2.1591544911,2.14189369258,0.92114145042,0.463838484352,0.966666666667,0.466666666667,2.14189369258,1.84883434876,2.14189369258,0.891735468655
992ce078,0.70829882389,0.134468816857,1.62987225503,-0.642788666024,2.54331530846,-0.814655912089,0.593085104354,0.441786668522,1.19223577628,0.625733290217,0.8,0.3,0.441786668522,0.164549818729,0.524726597558,-0.0204066898005
99529c45,-3.39226648296,-2.75381952353,-4.03104861144,-1.59733273285,-3.14334988149,-0.058076122185,-2.49598222574,-2.82289846359,0.812724413038,0.272081862897,0.933333333333,0.433333333333,-2.82289846359,-2.82289846359,-2.82289846359,-1.13891750682
995ff498,-1.64752207658,-1.49442895274,-0.156911509723,-1.507217892,-0.305931690863,-0.0446574691145,-0.859444931838,-0.931168533064,0.70947950372,0.610708414905,0.8,0.3,-0.408675678142,-0.408675678142,-0.408675678142,0
999daf80,-1.872196417,-2.19441661473,-1.27472956908,-3.20313387217,-1.54215736613,-0.644517491572,-1.78852522178,-1.911795896,0.825406705261,0.417796130076,0.9,0.4,-1.911795896,-1.52753364561,-1.911795896,-0.856012934047
9a6b0392,-0.359804288636,-0.281144553127,-1.6411673342,-1.42392193406,-0.928671280187,1.16510888339,-0.578266751137,-0.521986354283,0.714352622777,0.630339512087,0.7,0.2,-0.639890008888,-0.437918903768,-0.437918903768,0
9a8ae0d6,-3.32571134629,-2.97346857453,-4.06101813182,-1.11270694014,-2.51996319407,-1.53698139659,-2.58830826391,-2.82974813617,0.655474511088,0.225689465135,0.933333333333,0.433333333333,-2.82974813617,-2.82974813617,-2.82974813617,-1.61133318982
9a95e33f,2.17534991051,3.00035592056,1.12148129651,0.980823436875,1.64145122092,1.35961505652,1.71317947365,2.05742611161,0.860612883668,0.356570705307,0.933333333333,0.433333333333,2.05742611161,2.05742611161,2.05742611161,0.578211508131
9ab94eeb,0.731359733254,0.339619797308,2.15623635793,-0.357398612661,1.75020313485,-1.60306141261,0.502826499677,0.480353698913,0.833404684824,0.696449304137,0.7,0.2,0.711869543506,0.711869543506,0.711869543506,0.409912567835
9ad5410a,7.10459155384,6.21525629178,6.46854461117,4.37392014752,4.77857095802,2.99221082098,5.32218239722,5.60200105773,1.26511467378,0.227432613494,1,0.5,5.60200105773,5.60200105773,5.60200105773,2.81014485109
9ae248be,-0.91193372191,-1.03898863632,-1.15358544769,0.788875594977,0.139370771241,-0.516639993004,-0.448816905451,-0.631856875455,0.668272896559,0.535789751041,0.766666666667,0.266666666667,-0.751276349603,-0.751276349603,-0.751276349603,-0.337530472966
9af1ffd0,-0.495017370717,-0.207572965619,-0.597967136755,-0.416144622195,0.510661491625,-0.229298506699,-0.23922318506,-0.282632981675,0.517691849084,0.517691849084,0.633333333333,0.133333333333,0,0,0,0
9b5b61c1,6.48438356298,4.91621981702,6.54036411894,3.15653046068,3.08214932706,2.79927219939,4.49648658101,4.23901300844,1.49110289664,0.354862242343,1,0.5,4.23901300844,4.23901300844,4.23901300844,0
9b9e3b49,0.123757450877,0.400114383935,-1.38328050335,1.73679839707,0.192650008006,0.697847378836,0.294647852562,0.402500041508,0.77951385592,0.631830891916,0.833333333333,0.333333333333,0.303926946957,0.56217419378,0.303926946957,0.346126893207
9bd2bba3,2.27281076573,1.19676721476,2.41865709351,-1.53098918331,2.39972543341,0.0407896006678,1.13296015413,1.40885315406,1.13967944422,0.789065233487,0.8,0.3,1.13877890358,1.13877890358,1.13877890358,0.271905297386
9c211c53,-2.94990019097,-2.32401843189,-1.91416876076,0.181824969001,-2.10178680634,-1.47058472844,-1.76310565823,-2.12798435278,0.730738879747,0.380288887892,0.866666666667,0.366666666667,-2.20851931563,-2.20851931563,-2.20851931563,0
9c350a6a,1.03270203146,0.875009246822,0.577210664368,3.50741676356,0.81959116345,1.09223445245,1.31736072035,1.14423863092,0.514981287753,0.268555993726,0.866666666667,0.366666666667,0.974652530848,0.974652530848,0.974652530848,-0.543795286855
9c8375f7,-0.277058060845,0.14445934211,-0.655961646295,0.338459521473,-0.241474886334,0.261223380903,-0.0717253914979,0.0402607026041,0.497131257535,0.350104133633,0.9,0.4,-0.0135103890074,-0.0135103890074,-0.0135103890074,0.213782563081
9d072e4c,0.923460891148,0.57076090688,0.246838889062,-0.728444301751,1.07655344268,-0.636593360086,0.242096077989,0.385957659745,0.705116429487,0.579809706312,0.8,0.3,0.00349852509823,0.00349852509823,0.00349852509823,0
9d3ec64c,-0.510488661405,-0.494408137745,-0.165369205281,-1.57797115946,-1.2281857624,0.964924259823,-0.501916444411,-0.685356727368,0.905485169155,0.840592015732,0.633333333333,0.133333333333,-0.648369472985,-0.393757292142,-0.393757292142,-0.648369472985
9d4272e3,1.90087222775,1.64003797871,1.83622591077,1.51249600137,2.36603339789,0.457345966451,1.61883524716,1.80259970902,0.326766396874,0.187027659335,0.9,0.4,1.94100109022,1.94100109022,1.94100109022,1.19792177549
9d5e14d4,-1.38087968689,-1.16292342852,-1.93063721558,0.892469803769,-1.2331800015,2.69452263405,-0.353437982444,-0.661017229143,0.978306973402,0.515745123815,0.866666666667,0.366666666667,-0.948290522454,-0.948290522454,-0.661017229143,-0.862780521723
9da441ba,-1.42886646782,-1.08604371841,-1.86811079012,-0.470919058034,-2.00715684027,1.59152818093,-0.878261448953,-1.0130494035,0.963556664256,0.804287925734,0.8,0.3,-0.935441062866,-0.935441062866,-0.935441062866,-0.247555749919
9dede370,1.98755526306,0.927870144628,2.58525772979,1.09109015155,1.6072751508,0.511561475676,1.45176831925,1.4328434809,0.646942472931,0.455847618792,0.933333333333,0.433333333333,1.24940320916,1.24940320916,1.24940320916,0
9def2eb2,-0.0822517460026,0.0105899418199,-0.284328308878,-1.6732966817,0.120723272184,-0.614264095795,-0.420471269729,-0.220568279906,0.578061644531,0.525981755088,0.866666666667,0.366666666667,0.132940760158,0.132940760158,0.132940760158,0.361957387118
9df1b1f9,1.51606728576,1.70992543235,-0.233644219785,1.17567406054,2.22376703772,1.60580859389,1.33293303174,1.55302049345,0.369226396684,0.256071812693,0.9,0.4,1.60039178764,1.60039178764,1.60039178764,1.21218157721
9dfff011,2.79001667122,2.77614196909,2.55805099728,2.43961065621,3.05015063409,2.28825009253,2.65037017007,2.66651686029,0.348960891213,0.195113942328,0.933333333333,0.433333333333,2.82426407754,2.82426407754,2.82426407754,1.53773317602
9e3e364d,-4.37279623611,-3.67641627154,-2.25773864485,-1.85555737475,-3.53918845533,0.566627962353,-2.52251150337,-2.8803174296,1.15632598734,0.440569425791,0.866666666667,0.366666666667,-2.8803174296,-2.55871585738,-2.8803174296,-1.34589362075
9efc812e,3.7270903574,2.84085661551,3.73217110279,1.95516790634,4.15404027095,-0.557282751316,2.64200725028,3.00625194646,1.08790708843,0.483744827612,0.8,0.3,2.45172412292,2.20994853281,2.20994853281,0
9f0c7bae,-1.46324743366,-1.59507660862,0.440677299538,-1.46975349801,-1.20838568341,0.284542300692,-0.835207270578,-0.795010794989,0.96299430541,0.593514471641,0.8,0.3,-0.598645649917,-0.598645649917,-0.598645649917,-0.598645649917
9ffce529,4.55555978859,4.3800072173,3.89534354718,1.41870146269,4.71990030544,2.02866301921,3.49969589007,3.90349156458,0.771430072189,0.239395403601,0.966666666667,0.466666666667,3.90349156458,3.90349156458,3.90349156458,0.450762470815
a0383629,-4.38346413608,-3.61221342467,-5.10988400597,-1.30628232552,-3.05569077675,-0.587544158517,-3.00917980458,-3.16857922971,1.17395343668,0.360385076876,0.966666666667,0.466666666667,-2.98431356292,-2.98431356292,-2.98431356292,-1.01084531414
a056d01e,1.89556531218,1.6952344244,1.21472872678,-0.416721253074,4.45153492697,-1.04274222778,1.29959998491,1.37044391271,1.32607915892,0.690438397373,0.766666666667,0.266666666667,1.37243125346,0.472352494036,0.472352494036,0
a08d9e63,2.46207687362,2.36741994061,3.90535067432,1.65928368372,3.03456746209,1.15230395713,2.43016709858,1.90756970461,0.790319481164,0.432346434519,0.966666666667,0.466666666667,1.90756970461,1.90756970461,1.90756970461,0.508817244706
a0b83014,1.53131177006,1.38203915047,1.50829932281,1.03947503665,2.18237671764,1.27673697395,1.48670649526,1.4879433493,0.585690886008,0.45622453976,0.833333333333,0.333333333333,1.31529220735,1.31529220735,1.31529220735,0.240236838888
a0e92ed6,0.41118517444,0.0939795936297,-0.00577248987732,-0.262336776056,2.15012923183,-3.20894248601,-0.136959625342,0.0600732033315,0.729754011152,0.67706744659,0.633333333333,0.133333333333,0.278443604708,0,0,0.278443604708
a15bc102,-2.26165132858,-2.26489717928,-2.11010379499,-1.54126925586,-1.61745601859,-0.355264363869,-1.69177365686,-1.87222924505,0.458190745982,0.333069907063,0.8,0.3,-1.67569740753,-1.67569740753,-1.67569740753,0
a247e7cf,4.8409952667,3.23763665706,6.11373055486,1.7628648349,4.17160007856,0.791779404968,3.48643446617,3.70461836781,1.46139646333,0.444702533465,0.966666666667,0.466666666667,3.70461836781,3.70461836781,3.70461836781,1.36700237256
a2e8e7f6,2.2234987165,2.03494348063,1.97606311094,1.5261843065,1.91232864355,-0.391511848071,1.54691773501,1.85720349695,0.585882236129,0.372915701823,0.8,0.3,1.69069467971,1.69069467971,1.69069467971,0
a3518960,2.88536464532,2.93158812323,2.77829456286,1.98704592075,3.41934231874,1.87618859207,2.64630402716,2.68530638166,0.435584950014,0.164936270662,1,0.5,2.68530638166,2.68530638166,2.68530638166,1.14609586559
a3f71395,-1.16006481163,-0.183667890447,-0.642901688586,3.0289488046,2.13102262207,-2.19907637837,0.162376776273,-0.301547625643,1.2691417849,1.2691417849,0.566666666667,0.0666666666667,0,0,0,0
a4719920,-2.72984169863,-2.03741128541,-1.90379027376,-2.40765847227,-1.71060014894,0.737348257006,-1.67532560367,-1.98671619689,0.632520758989,0.356212070149,0.9,0.4,-1.87091249135,-1.87091249135,-1.87091249135,-1.29122936208
a48640d9,6.51945713768,5.15861335382,8.48084520842,5.06487507118,7.44738726941,0.652614917556,5.55396549301,5.87306360716,1.55403595512,0.338402385666,0.966666666667,0.466666666667,5.87306360716,5.87306360716,5.87306360716,1.31781751093
a4cdbb0f,-0.631935662999,-0.367774504753,-2.31473473059,-2.58671839711,-0.227558852224,0.455930553583,-0.945465265683,-0.621732193162,0.537919960487,0.526394440888,0.8,0.3,-0.226868452109,-0.226868452109,-0.226868452109,-0.226868452109
a4f989c2,7.39731818359,7.84721603691,7.07135333405,6.8643392135,1.48751827014,9.12249015077,6.63170586483,7.43154688391,1.13794354741,0.289839817288,0.9,0.4,7.43154688391,7.04784487096,7.04784487096,5.1487718098
a5aa7973,6.15082815075,4.59736231253,7.82491590535,6.60312320624,3.69641168564,2.99557185078,5.31136885188,5.40909234554,1.33300852235,0.249915444185,1,0.5,5.40909234554,5.40909234554,5.40909234554,1.18151030531
a5e6f7dc,2.82667446869,2.16921880127,4.30324483955,0.707863844014,1.22982566842,2.10667329988,2.2239168203,2.02214502773,0.856302267595,0.431247245094,0.9,0.4,2.12403160123,2.12403160123,2.12403160123,0.53941312673
a612d5a0,2.82558556144,1.89500794409,3.60788443404,-0.579185875201,1.86210644394,-0.307827440408,1.55059517798,1.85562728319,1.03523990822,0.628064850837,0.766666666667,0.266666666667,1.82996784632,1.41802372599,1.41802372599,0.785442385117
a622ce4d,0.0108388068175,-0.479628407902,-0.455277878914,-2.30389533449,-0.419041192337,-0.641023543023,-0.714671258308,-0.633324876082,0.66993513437,0.519913060136,0.833333333333,0.333333333333,-0.470367527845,-0.470367527845,-0.470367527845,0
a645da9a,3.27276674404,3.2563865796,6.51838900044,1.67800369351,1.06956178804,6.18674756665,3.66364256205,3.36199361963,1.37786941287,0.617481345022,0.9,0.4,3.21816941594,3.21816941594,3.21816941594,1.15982071881
a692b17e,2.87166813339,1.87957983128,4.89935277679,-0.200265238502,5.43082146127,-1.34644517901,2.25578529754,2.47047449407,1.67116150151,0.77980622823,0.766666666667,0.266666666667,2.16357189334,0.761979663986,0.761979663986,1.40159222935
a6b8ac67,-0.755357203238,-0.442004994355,-1.58156059067,0.52408083508,-1.61830355732,1.24292878208,-0.438369454737,-0.510280020915,0.900950946801,0.861220070166,0.766666666667,0.266666666667,-0.0871347701123,-0.0871347701123,-0.0871347701123,-0.295942243432
a6ed2eff,0.883918577704,0.983899461255,2.01270567707,0.660173687096,1.60419442608,1.86852817218,1.33557000023,1.28571286012,0.482754028332,0.424174159471,0.866666666667,0.366666666667,0.963197371672,0.963197371672,0.963197371672,0
a6f967fb,3.76976143088,4.03468804273,-0.858486214105,5.36338537458,-0.704626163004,5.47359292149,2.84638589876,3.60821943027,1.64992650755,0.745901250995,0.833333333333,0.333333333333,2.93194462099,2.93194462099,3.36287173312,0
a76db406,2.13625827231,0.941827850627,5.20999046041,2.41333367246,4.7550601355,0.856732788289,2.7188671966,2.57047119531,1.34452920938,0.653577546809,0.866666666667,0.366666666667,2.41062496687,1.93706101102,1.93706101102,0.675436881993
a7744f5b,1.56298715302,0.995772963156,1.86681261396,-1.03816677347,2.02372661818,-0.974844094736,0.739381413352,1.15980496966,0.905039734834,0.638745288857,0.8,0.3,1.22624325987,0.914057830253,0.914057830253,0
a783cc24,-0.244475224658,-0.207300152685,3.19947337729,-0.581405567192,0.412526642585,0.463466422527,0.507047582978,0.30317728308,1.27137633635,0.688054397453,0.866666666667,0.366666666667,0.423862910784,0.423862910784,0.423862910784,-0.446436872121
a79fd2e7,2.30316176957,1.57178041597,4.66884250028,2.6438241894,2.8547612211,0.933131379287,2.4959169126,2.43501367353,0.919761514636,0.404054339668,0.933333333333,0.433333333333,2.43501367353,2.18111904851,2.43501367353,0.456764422631
a7fc3e6b,-2.77351541672,-1.87214876925,-4.66638714842,-0.0342777313392,-2.69354993635,0.367685722041,-1.94536554667,-2.20018919282,1.01819650959,0.521207011727,0.8,0.3,-2.02572336317,-1.61305517315,-1.61305517315,-1.64314230046
a85bb86f,-0.580137473705,-1.36869741226,0.34448940774,-2.12034485981,0.528866298607,-3.14005703166,-1.05598017851,-1.31967156246,1.41743095526,1.15724278603,0.633333333333,0.133333333333,-1.34513749183,-1.03220771558,-1.03220771558,-1.03220771558
a85e4bc3,-7.51456475479,-5.69283099495,-7.71181096598,-2.18245748917,-6.70276976871,-1.13429271849,-5.15645444868,-6.15266623748,1.56379920974,0.353362727583,0.9,0.4,-6.14930041414,-6.14930041414,-6.14930041414,-1.67545037406
a87433c9,0.659985234934,0.532701299459,1.17480303066,-0.863675145466,1.45595789491,-0.275095837133,0.447446079561,0.629593913641,0.498319503086,0.498319503086,0.8,0.3,0,0,0,0
a8ed028a,0.118412527481,0.226908064653,0.51167150927,1.72478616334,-1.45041781679,1.52150274711,0.442143865843,0.322456799681,0.878139850235,0.778408454932,0.733333333333,0.233333333333,0.396310500896,0.396310500896,0.611606697107,0
a959858c,1.83660263894,0.466461614095,6.84790623686,1.48492446667,6.70879448856,2.15812400389,3.25046890817,3.09529449632,2.87796823026,0.608656718708,0.9,0.4,2.37293826064,1.70443856233,0.243861139006,0.668499698313
a9c9b150,3.53713290123,3.34651258811,2.60576073201,2.09771249724,2.06438298845,1.97657233907,2.60467900769,2.75790002006,0.635333997269,0.246177300991,0.966666666667,0.466666666667,2.75790002006,2.75790002006,2.75790002006,0.313229421119
aa95015b,3.37561358464,3.5731451298,4.68972249924,4.10170155641,3.14428106882,2.11218125132,3.49944084837,3.46454602076,0.814796594117,0.238628469116,1,0.5,3.46454602076,3.46454602076,3.46454602076,2.48024906931
aaaf3c03,4.85139930489,4.16458052584,5.12131611375,2.28044144244,5.91771243291,0.12027496162,3.74262079691,3.90249824061,1.12149482969,0.276816464025,0.9,0.4,3.90249824061,3.90249824061,3.90249824061,1.16168196665
aaeffccb,3.80543468453,3.29109556793,5.08119079466,4.59264178534,3.00044195495,1.32837750714,3.51653038243,3.47398970712,0.869972878707,0.244795222061,0.966666666667,0.466666666667,3.47398970712,3.47398970712,3.47398970712,0
ab112491,-0.867658161938,-1.45992360017,-1.3004221494,0.634988188827,-3.34395461814,-0.711066423947,-1.17467279413,-1.01611057295,0.665898326388,0.509524100449,0.9,0.4,-0.847866526018,-0.847866526018,-0.847866526018,-0.257048713348
ab18d3fc,-0.233050443969,0.12119375929,-1.58781949994,0.616894162852,-0.314009289643,1.31391696806,-0.013812390558,0.169527682228,0.918085759134,0.903419931642,0.8,0.3,0.00119759651161,0.00119759651161,0.00119759651161,-0.21920882165
ab3ced07,-2.19014191653,-1.40631987227,-2.10027284115,-0.411684471926,-2.31465256653,1.58769611077,-1.13922925961,-1.46124771835,0.79218854579,0.427068243293,0.8,0.3,-1.49981010709,-1.81403004637,-1.81403004637,-0.104867201198
ab6fe95d,-0.767699945343,-1.04214460101,-0.758957798228,-0.422609155752,-0.97900975138,-0.393374567657,-0.727299303228,-0.731958047282,0.457267289087,0.44116979676,0.833333333333,0.333333333333,-0.275143354539,-0.275143354539,-0.275143354539,0
ab94878e,5.22407126176,3.7948414838,6.44607923035,2.3398175319,5.23252237633,1.37168200676,4.06816898182,4.26862658133,1.27863568689,0.270296277954,0.966666666667,0.466666666667,4.26862658133,4.26862658133,4.26862658133,0
abf460d2,-4.87268282884,-4.67258288864,-2.79910301743,-4.52148028332,-1.79891329716,-0.766435885942,-3.23853303355,-3.75130596702,1.23102620914,0.380974085598,0.866666666667,0.366666666667,-3.75130596702,-3.31273302839,-3.31273302839,-2.15917925244
ac6f01d5,-2.02655774417,-1.71958554744,-1.78869390839,0.141194301156,-2.24507679012,1.79191416677,-0.974467587031,-1.31097219847,1.08897081546,0.733397265499,0.733333333333,0.233333333333,-1.09848827487,-0.692325559957,-0.692325559957,0
ad2133a8,0.429863536389,1.29857126693,-2.42622812854,0.574134085191,2.00481565957,0.734546656196,0.435950512623,0.750832811165,0.797783009516,0.520463516702,0.8,0.3,0.68769355933,0.478658885578,0.478658885578,0.869451495585
add9c322,2.75721169979,2.64729296685,4.77208346038,4.98222734296,1.36864765533,2.84733580081,3.22913315435,3.1692557357,1.04959325076,0.330298140954,0.966666666667,0.466666666667,3.1692557357,3.1692557357,3.1692557357,1.35771922701
ae069086,2.78383721576,3.0915943383,0.759115507803,-0.603857884073,3.64891521652,1.81840250855,1.91633448381,2.07062508481,1.28128744911,0.661782084254,0.733333333333,0.233333333333,2.41164793526,2.41164793526,2.41164793526,2.41164793526
ae0784a8,-2.96833814467,-2.34837152716,-3.59585170732,-0.045589095995,-1.87154186307,-0.328160822649,-1.85964219348,-2.14511066056,0.732355857394,0.401040766237,0.8,0.3,-2.14511066056,-1.54069581795,-1.54069581795,-0.498913288248
ae35f33a,-0.0126198214965,-0.683291676808,1.25303320219,-0.535461906798,0.065702342973,1.07542326052,0.193797566763,0.0376297138822,0.887967218332,0.853983050725,0.7,0.2,0.27381327158,0.27381327158,0.27381327158,0
ae8959c3,2.89598107516,2.51652551293,3.6276781458,4.03623516167,4.43212425169,-1.03539173212,2.74552540252,3.23929198117,0.848011701437,0.485737562359,0.766666666667,0.266666666667,3.03189030253,2.68323836844,2.68323836844,1.09083665865
aed44918,1.10594398571,1.21052012826,-1.79633675363,-0.835331801602,1.36902887966,1.23174593995,0.38092839639,0.915439750338,0.805039906683,0.670024314458,0.733333333333,0.233333333333,1.05825302657,0.559739581005,0.559739581005,0
aee6393a,1.04741648323,0.814002274167,1.59900336723,1.94495359766,0.420112328038,1.70890540983,1.25573224336,1.28652252658,0.533202433598,0.364682508233,0.866666666667,0.366666666667,1.27748420189,1.27748420189,1.27748420189,0.457948813413
af7a59ce,5.2325503438,4.58949721524,4.29039313456,2.65279247339,4.14183629164,0.392362298314,3.54990529282,4.23331071184,1.10976773302,0.434411401434,0.933333333333,0.433333333333,4.11185960323,4.11185960323,4.11185960323,0.992768044148
aff4e561,-6.91313584816,-5.62003308743,-6.63364875945,-2.94455837061,-6.59127835023,-0.511257611101,-4.86898533783,-5.81220928832,1.25462944599,0.228396969604,0.933333333333,0.433333333333,-5.81220928832,-5.81220928832,-5.81220928832,-3.29438696765
b04b58a3,2.7204628768,1.83147279039,2.16754099403,-0.841418052164,3.78700288803,-1.24244868117,1.40376880265,1.79688184972,1.42772696565,0.858401083108,0.766666666667,0.266666666667,1.93783550183,1.36174626409,1.36174626409,0.29209293945
b0d42b0d,-5.11776641787,-4.75974167352,-4.74814885064,-5.61388814175,-0.53451501876,-5.4143035793,-4.36472728031,-4.80369623105,0.651020386271,0.150497962421,0.933333333333,0.433333333333,-4.80369623105,-4.80369623105,-4.80369623105,-1.93999299068
b0f53bf4,0.312658526708,1.30238334031,-0.315287511238,2.07484803953,-1.17469578166,3.58115136058,0.963509662371,0.890747031934,1.22781332763,1.01148041681,0.8,0.3,0.795568070139,0.795568070139,0.795568070139,0.421042446728
b19b0395,6.47527879597,5.7514187574,7.17602264461,6.10386133016,6.355905745,-0.0436586837102,5.30313809824,6.16843661937,0.647487651221,0.108088700064,0.9,0.4,6.16843661937,6.16843661937,6.16843661937,0
b1efb8a4,-2.80507856237,-2.5517343882,-2.56580190037,-1.6603857856,-3.41073153981,0.123966616307,-2.14496092667,-2.44084579872,0.701018780825,0.30615121835,0.9,0.4,-2.44084579872,-2.44084579872,-2.44084579872,-1.58308042349
b32902c0,3.18099317428,2.31154269164,4.00392286882,1.72279486826,1.98178269555,0.513298904839,2.2857225339,2.22221060402,0.844560118144,0.534822007103,0.866666666667,0.366666666667,2.05744814767,1.80547022469,1.80547022469,0
b32e4903,-2.5951922888,-2.05940985079,-1.82171627299,0.540757615754,-1.95506323603,-0.653900819843,-1.42408747545,-1.79097537493,0.596459134231,0.347730840451,0.9,0.4,-1.67017237446,-1.67017237446,-1.67017237446,-0.779486532719
b3388334,1.8806934141,1.33921984081,2.35325382393,1.86701780251,1.63253314091,-1.5078122839,1.26081762306,1.41076075948,0.663321563076,0.403466843619,0.733333333333,0.233333333333,1.40108753985,1.40108753985,1.40108753985,0
b37fd114,3.77938853075,3.47483548694,1.71941662837,2.1256196255,3.84283817056,-0.368109689715,2.4289981254,3.04359778625,1.00656534372,0.512676336104,0.833333333333,0.333333333333,3.08346439987,2.63268843138,2.63268843138,0.67479114728
b38e3116,-2.47461684936,-1.97983974842,-3.55070704726,0.510769391652,-2.39528157965,-1.0327110632,-1.82039781604,-1.88164459395,1.00495568382,0.574246298171,0.9,0.4,-1.73941115926,-1.4559607043,-1.73941115926,-0.294131234226
b4d8dd4f,-2.1237944558,-1.27051907593,-3.80858766185,-1.66930859929,-3.19955397227,0.369696487881,-1.95034454621,-1.83140420312,0.876742170329,0.460862075139,0.866666666667,0.366666666667,-1.83789501806,-1.83789501806,-1.83789501806,-0.67619532082
b4f37e6e,0.00694531675864,0.0988074806178,1.44154650982,-0.727416468302,1.22038413429,-1.04763904557,0.165437987935,0.0447324627805,0.988525720536,0.768036278508,0.866666666667,0.366666666667,-0.242479593295,-0.242479593295,-0.242479593295,-0.30658994295
b56bc0aa,-2.84163160243,-2.40584875049,-3.01720234539,-0.62641984101,-4.51230294811,-0.862294611114,-2.37761668309,-2.45188196822,0.920528847542,0.424675203477,0.9,0.4,-2.45188196822,-2.20498885995,-2.45188196822,-0.498343153315
b585b4fa,-1.84085687557,-1.20697656152,-3.35674554389,0.133854948358,-1.6449370887,-0.391448630755,-1.38451829201,-1.37834847218,0.761557917438,0.536184985251,0.833333333333,0.333333333333,-1.19913298727,-1.19913298727,-1.19913298727,-0.560251171403
b5aa9634,0.617518919817,0.0458563383774,1.17234601408,1.45399744301,0.997953733406,-0.916583134108,0.561848219097,0.601178709174,0.549961562431,0.486549203222,0.8,0.3,0.556682037807,0.556682037807,0.556682037807,-0.233026850042
b7974e66,0.0415924971574,0.77878726857,0.565737277301,1.84802793215,0.322112414495,1.52126444986,0.846253639923,0.870175622371,0.558313146394,0.507159885066,0.733333333333,0.233333333333,0.843574473021,0.843574473021,0.843574473021,0.615226743047
b7cdcecb,-0.160119861605,0.165719019046,0.849816388349,-1.13322507774,-0.0598526773126,0.997835992045,0.110028963798,0.188390072483,0.67073335343,0.494177344679,0.8,0.3,-0.0113342476993,0.329672667513,0.329672667513,0
b7fea9ef,0.257622113247,0.692043120103,-0.624329768769,-0.10130697079,-1.81421880039,1.80849867419,0.0363847279327,-0.0146957258992,0.915239376903,0.565633870244,0.733333333333,0.233333333333,0.0643148189611,-0.0852770841231,-0.376142100386,-0.290865016263
b85f7b06,-1.80036030084,-1.6177341036,-0.675351055514,-0.79840411949,-2.19652312489,0.463541753475,-1.10413849181,-1.15588726436,1.01640113191,0.832766701386,0.733333333333,0.233333333333,-0.575886354443,-0.575886354443,-0.575886354443,-0.575886354443
b881d27e,3.41685576297,2.81660809637,4.61110146336,1.93017815304,3.61987429908,1.44117502633,2.97263213352,3.00522753171,0.676565335763,0.243981239082,1,0.5,3.00522753171,3.00522753171,3.00522753171,2.11807023337
b8c49c1a,2.6458279956,2.01521187281,1.70186552303,0.286940024222,2.42804611423,0.872045789539,1.65832288657,1.6773447519,0.835283940516,0.491569809809,0.9,0.4,1.56711897898,1.56711897898,1.56711897898,0.9556499657
b95e7121,-2.38249026773,-1.84196087989,-0.401592214677,-4.16507218834,-1.41613987898,0.439550272696,-1.62795085949,-1.74882000644,1.08507358631,0.496557323748,0.9,0.4,-1.98306865129,-2.20123868925,-1.96699004439,-0.444303865284
b977be4a,0.989837810505,0.69222624443,1.86597248671,-2.76474709439,0.886004287901,1.29018333865,0.493246178967,0.789068107922,0.754614224158,0.597588286364,0.766666666667,0.266666666667,0.691605068496,0.431480604219,0.431480604219,0.431480604219
ba48188d,-0.659045686336,-0.815648136321,-0.957238865612,-1.41213118351,2.65059805629,-0.693505504795,-0.314495220047,-0.841588642866,0.691568780854,0.551453332972,0.766666666667,0.266666666667,-0.575394020292,-0.575394020292,-0.575394020292,0
bb2cdd83,1.14242727707,1.04483706152,0.359818431639,-0.0363327346373,1.27094461432,-0.469938033549,0.55195943606,0.661108065007,0.6605857428,0.631206196455,0.8,0.3,0.518840508369,0.518840508369,0.518840508369,0
bb337fa0,-1.0182042402,-1.62481114487,-0.13205491449,0.0505462643455,-0.15044340052,-1.51165583073,-0.731103877746,-0.962684693144,0.660769323488,0.582854967759,0.766666666667,0.266666666667,-0.803886014596,-0.803886014596,-0.803886014596,0
bb682ebd,3.03353849331,2.53741297576,3.05235624991,1.63477359479,1.02920983636,3.62676775517,2.48567648422,2.52015610833,0.753498051973,0.323057961819,0.966666666667,0.466666666667,2.52015610833,2.52015610833,2.52015610833,1.00791128089
bc4381e2,1.85267030197,2.00301211521,0.920448334348,-0.533687412353,1.53583698874,-0.711568245385,0.844452013755,1.01402425933,1.02979808383,0.879697035524,0.666666666667,0.166666666667,0.89980042668,0.548835563156,0.548835563156,0.548835563156
bcebcc5f,3.70180757049,2.90493212905,4.43303561018,4.385542862,2.75752842358,2.27390250932,3.4094581841,3.3305584452,0.85380068315,0.291931757733,1,0.5,3.3305584452,3.3305584452,3.3305584452,1.02165918082
bd2c2f34,3.5709514612,2.01922200855,5.49036371398,-1.20891388659,2.9723664414,-0.874455820191,1.99492231972,2.5051109856,1.31229265069,0.660100358039,0.733333333333,0.233333333333,2.09358066908,1.60928127875,1.60928127875,1.60928127875
bd4ae5da,1.7043583765,2.47994151623,0.331768972104,2.4850700662,0.730640525137,2.28018319416,1.66866044172,2.0057803338,0.963085796091,0.493379338972,0.866666666667,0.366666666667,1.92145206217,2.32343438326,2.32343438326,0.664634320215
bd6f0e19,-1.25001790739,-0.576844449434,-4.44013551814,1.42329930204,-0.369140257639,-1.25204895991,-1.07748129841,-1.00512045569,1.32731516331,0.676530636925,0.766666666667,0.266666666667,-1.28648287487,-1.61413316967,-1.61413316967,-0.479892436725
bd8f847e,-6.04938864333,-4.66273095127,-7.58157083189,-3.09497619599,-5.44241193701,0.126400379487,-4.45077969667,-5.06622320142,1.39209950067,0.273922678641,0.9,0.4,-5.06622320142,-5.06622320142,-5.06622320142,-0.93756040257
be063506,4.62959749775,4.92923811209,5.31776363721,6.54756928991,2.10225088038,4.73001591771,4.70940588917,4.79306761714,1.09447072772,0.360876706997,0.933333333333,0.433333333333,4.33152689799,4.33152689799,4.79306761714,2.54551169778
be35c8f2,-2.33794724565,-1.19537575993,-3.90839102608,-0.436936558769,-3.75119199294,1.86027406367,-1.62826141995,-1.82990176915,1.49683555717,0.909376840606,0.733333333333,0.233333333333,-1.06833886356,-1.06833886356,-1.44691252486,-1.06833886356
be83e781,1.59828303998,1.32635809303,1.58486416593,0.362793633835,0.152930824917,1.46605604839,1.08188096768,1.19903452625,0.63490320455,0.467595442536,0.833333333333,0.333333333333,1.20294253767,1.20294253767,1.20294253767,0
beda8696,-2.04912748207,-1.70253255703,-2.47774928305,-3.84938731585,-0.0203813565026,-3.08446316118,-2.19727352595,-2.22736336197,0.518534423113,0.278921013912,0.9,0.4,-2.04981056096,-2.04981056096,-2.04981056096,-0.525385375614
bf39bc20,1.59596807162,1.68075445722,2.09830532598,1.98898900243,0.442370537475,0.618410796589,1.40413303189,1.52751882536,0.61973242303,0.303964307579,0.833333333333,0.333333333333,1.46779618601,1.46779618601,1.46779618601,1.04415082759
bf70b410,-4.56629128353,-3.55597192158,-4.71280841447,-0.081699085374,-4.90436003051,-0.0181085874385,-2.97320655382,-3.89422069951,1.08127442602,0.266298163112,0.866666666667,0.366666666667,-3.89422069951,-3.18817501137,-3.18817501137,-1.12323643677
bffe3082,1.54709423477,1.40299118335,2.16142228551,4.37338224109,0.135351627053,0.751422118113,1.72861061498,1.57308984176,0.930323271178,0.601732238517,0.866666666667,0.366666666667,1.4821961483,0.903405795606,1.4821961483,0.578790352693
c03b9305,1.71785485464,1.46829853403,2.19663769967,3.58707199788,1.00270549058,-0.661571991363,1.55183276424,1.42948460366,0.987482464642,0.714702507232,0.8,0.3,1.17171440887,1.17171440887,1.3981640172,0
c03d4aed,-0.601456476698,-1.24790503005,1.62460438115,-3.42207925485,0.80694319447,-1.64185240328,-0.746957598209,-0.73487659504,1.27960331097,1.08016016381,0.7,0.2,-0.998514377817,-0.998514377817,-0.998514377817,0
c03fba65,0.443723249366,0.570597493416,-1.38584186426,-0.782573745867,1.05352284145,0.0760232594985,-0.00409146106539,0.0154289999326,0.615664892459,0.542194479146,0.766666666667,0.266666666667,0.212784681521,0.00245857420359,0.212784681521,0
c07fd0cd,1.84830859339,1.90146113123,-0.856180045145,0.179522657332,2.56469368913,-0.264270276163,0.895589291629,0.967981133644,0.943508686943,0.699013704139,0.766666666667,0.266666666667,1.09831329277,1.09831329277,1.09831329277,0.26292371031
c1708b88,1.60169581909,1.38980928968,1.85360739005,-0.723281538754,1.25257183178,1.05266423358,1.07117783757,1.28084526065,0.356526723966,0.251584845392,0.9,0.4,1.06971474953,1.06971474953,1.06971474953,0.482941585454
c1d046f4,-0.373805857353,-0.476290996914,-0.239949928739,-0.772566729589,-0.509699160895,0.354515405492,-0.336299544666,-0.453053684904,0.308923992264,0.295487702025,0.833333333333,0.333333333333,-0.411308443952,-0.411308443952,-0.411308443952,0
c2717d4f,-1.71173363182,-1.18958715008,-3.02153145692,-0.00416325180162,-0.750552094662,-0.725362479092,-1.2338216774,-0.982265564461,0.591924357045,0.492262686679,0.866666666667,0.366666666667,-0.636946019344,-0.636946019344,-0.636946019344,-0.35020628341
c2c4db09,-2.26317754038,-1.49404048236,-4.33785590465,0.343755779042,-5.01475323384,2.4049470446,-1.72685405626,-1.87890397737,1.81944158445,1.15272762733,0.766666666667,0.266666666667,-1.98635998001,-1.98635998001,-1.98635998001,-0.843784350078
c2c6fc71,-2.96579461654,-2.84055044341,-3.34276944631,0.733174469944,-3.45522750269,0.848408820557,-1.83712645307,-2.33701510967,1.32739527892,0.845265838911,0.8,0.3,-2.1559221343,-1.94233194411,-1.94233194411,-0.998921785119
c36625df,11.5776103126,9.19347934233,15.9306159539,4.01982644988,7.92461222339,2.70516659855,8.55855181346,8.41953292674,4.13014084968,0.527385667573,0.933333333333,0.433333333333,8.4779479453,8.4779479453,1.66987243315,2.96217105332
c3957531,-2.59407478053,-2.31312707585,-3.19957566956,1.76527898533,-3.39873110835,-1.20469347015,-1.82415385319,-2.3112437673,1.0785585776,0.588384048016,0.766666666667,0.266666666667,-2.02999960594,-1.38881346821,-1.38881346821,0
c42fe306,-0.749192192816,-0.854498998475,0.984576396829,-1.44288759209,0.426785335188,-0.263616437427,-0.316472248132,-0.563126686435,0.674451608898,0.47873351146,0.833333333333,0.333333333333,-0.63215777764,-0.63215777764,-0.63215777764,-0.38616229326
c43812e2,7.15498722853,6.67723104613,7.28799677983,4.41094870554,7.48997463885,0.0547408212658,5.51264653669,6.36899682642,1.22254772521,0.226915312783,0.966666666667,0.466666666667,6.36899682642,6.36899682642,6.36899682642,2.42540453012
c472c0b5,8.81062177671,7.61918103126,8.36850917318,8.6343865051,10.1352892669,1.11644617557,7.44740565479,8.08609212387,1.3762272234,0.169518494143,0.966666666667,0.466666666667,8.08609212387,8.08609212387,8.08609212387,1.61810931024
c47e0767,-1.69193404637,-1.8126530998,-0.2564810409,0.288307106197,-0.960435826037,-0.963946104847,-0.899523835292,-1.08075481026,0.72095258168,0.59576671718,0.8,0.3,-1.0452917714,-0.683255220997,-0.683255220997,0
c50b42f6,4.28802335042,3.77215897394,3.52397349104,2.00067356589,4.04429084604,-0.159781439685,2.91155646461,3.50078196614,0.732487687997,0.234612097796,0.9,0.4,3.50078196614,3.50078196614,3.50078196614,0
c593337f,-1.32872173879,-1.13139657106,-1.97052619819,0.110894710178,-1.20259311753,0.768984053012,-0.792226477064,-0.940351584236,0.501685633566,0.434286545012,0.733333333333,0.233333333333,-0.722398262093,-0.722398262093,-0.722398262093,0
c59b6c4a,-0.275746167489,0.0248933824095,-1.6142070071,1.52804676348,-1.80985690141,2.20728221116,0.0100687135104,-0.140557217766,1.27660842754,1.08055043869,0.766666666667,0.266666666667,0.282935897217,0,0.282935897217,0.282935897217
c66be2b8,6.73534782463,5.63216731077,7.02116060118,3.6693017924,4.1076386489,3.37566516445,5.09021355705,5.19678085003,1.26244831938,0.257014758761,1,0.5,5.19678085003,5.19678085003,5.19678085003,1.74865063633
c6797dd7,0.889578145636,1.07615519548,2.32795319977,1.4172884702,-0.287519875158,3.83713403894,1.54343152915,1.43723928657,0.911224095313,0.603569519051,0.833333333333,0.333333333333,1.52462969094,1.07963364268,1.52462969094,0.215985835952
c6b782a4,5.57317063789,5.15121499607,7.06045401691,3.60265022306,6.25187431658,0.122841614982,4.62703430092,5.27480251906,1.32447726766,0.305973129728,0.933333333333,0.433333333333,5.27480251906,5.27480251906,5.27480251906,1.68591971617
c6c96179,1.91510347786,1.85856382756,1.65854472317,0.289526451572,1.05852934089,0.821284819679,1.26692544012,1.35588819547,0.428215213956,0.365483178582,0.933333333333,0.433333333333,1.25575642859,1.25575642859,1.25575642859,0.207824867384
c70c0e01,2.77033843789,3.21295178168,1.68317147562,1.84341081774,3.19766229445,0.534580931699,2.20701928985,2.4204909624,0.717089419936,0.310158008734,0.933333333333,0.433333333333,2.29099542666,2.29099542666,2.29099542666,1.13730349504
c84c65be,0.142652498143,0.589192856621,1.06444029892,-1.42151106626,0.928579450028,-0.104394681728,0.199826559286,0.109825369023,0.927355826937,0.843412223141,0.666666666667,0.166666666667,-0.0241024547327,-0.287473799428,-0.287473799428,0
c8d9680c,2.50905040396,2.31823443805,1.59958643214,-0.769633070604,1.76001319204,-0.147485663118,1.21162762208,1.54716485262,0.759832865349,0.544900109096,0.766666666667,0.266666666667,1.35943184994,0.255232904731,0.255232904731,0.639639672602
c908edd0,-0.587695693659,0.118326671396,-0.326239863748,0.71159608545,-0.0726881222705,-1.07588334105,-0.205430710646,-0.235960295223,0.446910104807,0.310944050533,0.866666666667,0.366666666667,0.0361731580966,0.0361731580966,0.0361731580966,0.52980192013
c9578d27,-3.64495975626,-3.02684347023,-3.10840698271,-1.34990091181,-3.05640654254,-0.613185644675,-2.46661721804,-2.72727654751,0.742309539056,0.348539004608,0.933333333333,0.433333333333,-2.72727654751,-2.39180741516,-2.39180741516,0
c96c018a,-3.13529042184,-2.09549163067,-3.46995688421,-2.48742242239,-0.812922339411,-1.74501457201,-2.29101637842,-2.317687282,0.788117342131,0.31883130088,1,0.5,-2.317687282,-2.317687282,-2.317687282,0
c99f9fae,2.73476594175,2.69613790159,2.03919267988,1.58864954567,2.50583917671,1.26205039152,2.13777260619,2.34718493527,0.451835379693,0.271686402956,0.9,0.4,2.19655646751,2.19655646751,2.19655646751,0.764586061048
c9e6734f,3.57991648343,3.67618586752,2.05298412796,2.76232559952,4.30479011906,-0.779906509154,2.59938261472,3.21666396737,0.849791397852,0.39597579826,0.833333333333,0.333333333333,3.34345729705,3.34345729705,3.34345729705,1.85703648034
c9e980e8,-6.6225192491,-4.70516059838,-8.1073922488,0.158545543585,-6.55542771285,2.06488557588,-3.96117811494,-5.36298634056,2.2013671273,0.611619675006,0.7,0.2,-5.54556892372,-1.89008102347,-1.89008102347,-2.34571373205
c9fedcf3,-0.333752338358,-0.0490579574382,0.591782543567,-0.277385528994,1.02703613074,0.506861696853,0.244247424394,0.238182156118,0.534894053783,0.514659930943,0.633333333333,0.133333333333,0.22231545648,0,0.22231545648,0
cad13e8f,7.885347595,7.06670433928,8.93567142702,9.14410695463,7.59676366203,2.13234359749,7.12682292924,7.45695884424,1.04247783336,0.15137020975,1,0.5,7.45695884424,7.45695884424,7.45695884424,0
cb34231f,6.24310487724,6.10816804922,5.68913827555,7.42153944408,5.04515518189,3.77731598043,5.7140703014,5.89229697533,0.831720222649,0.154202913231,1,0.5,5.89229697533,5.89229697533,5.89229697533,1.96404296378
cb879f40,1.74979466526,1.73248102567,1.56658506036,1.63606773893,1.7595586047,-0.0578429245469,1.3977740284,1.57689841126,0.458418216857,0.299396822764,0.9,0.4,1.65824339758,1.65824339758,1.65824339758,0
cbb406b5,-1.81541160331,-1.73926274162,-3.70538022077,-1.48927689969,-1.37308278435,0.406087783991,-1.61938774429,-1.53634472088,0.846873590998,0.493478844405,0.833333333333,0.333333333333,-1.3848505737,-1.06066995696,-1.06066995696,-0.345246339676
cbe51de1,-2.61531326271,-1.25729330523,-2.04170246956,1.21206732316,-2.58182747456,1.11936593256,-1.02745054273,-1.61862791296,1.15163341053,0.594866766488,0.766666666667,0.266666666667,-1.45767215979,-0.36114828709,-0.36114828709,0.198443308832
cbe62450,2.94108511254,3.38092813935,2.86257656575,5.75549283035,3.58270448748,-0.253092270446,3.04494914417,3.30155694954,0.844825525673,0.325829527725,0.9,0.4,3.30155694954,3.30155694954,3.30155694954,0
cc08aa63,0.134639819973,0.0200891004032,0.45674126069,-0.257546016692,-0.612202182696,0.476568753127,0.0363817891342,0.0258831748228,0.523864462933,0.432850090623,0.833333333333,0.333333333333,0.198628038909,0.404984263795,0.404984263795,-0.336518581162
cc8a1d57,3.25269191059,3.54020014174,-0.573157624064,2.9858359139,1.1426320109,1.6932522033,2.00690909273,2.28868023709,0.967183772288,0.525186070475,0.833333333333,0.333333333333,2.21006201544,1.83350502441,1.83350502441,0
ccedb12b,1.37478065339,0.776133764396,1.73387117716,-0.0458930949882,1.35478957837,0.854210248412,1.00798205446,1.06963248627,0.532927527929,0.445591554741,0.833333333333,0.333333333333,0.798538111484,0.798538111484,0.798538111484,0.380668747187
cd7f1687,-1.462474933,-1.24297537764,-2.34710954461,0.208718361641,-1.26507594846,1.13399485873,-0.829153763891,-0.959116113174,0.867127028886,0.669471561694,0.833333333333,0.333333333333,-0.725590972579,-0.366615263139,-0.725590972579,-0.35897570944
cda7eb37,-0.236394635844,0.167633096254,-0.903533421945,-1.14324328389,0.369022651649,0.198179661003,-0.258055988796,-0.103873882749,0.56932044029,0.404320993652,0.866666666667,0.366666666667,0.0655288425301,0.0655288425301,0.0655288425301,0
cdc31d65,3.40480115919,2.50405209259,4.08925624096,-0.919139062614,6.13523069763,-1.02003893153,2.36569369937,2.82125091001,2.01913035258,0.882177442052,0.733333333333,0.233333333333,2.1787640032,0.827612938986,0.827612938986,0
cdc60a53,-0.0643791917936,0.0656438625696,-0.77003990199,0.0341003971579,-1.68847991202,0.285414108195,-0.356290106314,-0.359191908443,0.73749121621,0.712616654238,0.733333333333,0.233333333333,-0.450993592796,-0.450993592796,-0.450993592796,0
ce55ba43,3.12516977812,2.29423619014,3.24290778916,0.927755086556,2.32745301074,2.82956183,2.45784728079,2.53849437977,0.601572241934,0.25086766616,0.966666666667,0.466666666667,2.53849437977,2.53849437977,2.53849437977,0.949803320979
ce8399b7,-2.81207537917,-1.65638198567,-2.2865022705,-0.0330694755715,-3.2640578659,2.84913104304,-1.20049265563,-2.12820153421,1.26260920684,0.287317297882,0.833333333333,0.333333333333,-2.12820153421,0.109849256273,0.109849256273,0.451838375157
cf50c9d1,1.25923274677,1.95985532305,-1.62477897969,1.16814084429,1.49363539667,-0.556112208904,0.616662187032,0.910287426978,0.88416589248,0.681381041439,0.7,0.2,0.781420564846,0.11840300245,0.11840300245,1.0153488228
d00e7eb9,0.386256983569,0.0724672849497,1.87544034105,-1.47098997414,3.15358017808,-2.8042108662,0.202090657885,0.229362134259,1.66609270607,1.45358746486,0.633333333333,0.133333333333,0,0,0,0
d011f41b,2.19029917034,1.96486110903,0.157877967676,-1.09816900348,2.18836919604,-0.274010850993,0.85487126477,1.06800604152,1.37359760357,0.991883119105,0.766666666667,0.266666666667,1.05071709607,0.437909050907,0.437909050907,-0.212852714043
d07aed8f,6.35014341286,4.95728484525,8.34141950762,1.98771274478,7.75800757474,-2.38973587871,4.50080536776,5.48021282156,2.38918482944,0.63643337074,0.833333333333,0.333333333333,4.96626164638,4.96626164638,4.96626164638,1.51838983679
d085e611,1.84688251464,1.57311807062,2.15958162702,0.691058798663,0.862260274379,1.1826692749,1.3859284267,1.37683337328,0.688338419665,0.469039999873,0.8,0.3,1.41377104555,1.41377104555,1.41377104555,0.79889889949
d0a0e7b5,-0.888465741251,-1.20625878109,-0.6704902833,-1.60176653542,0.156182462042,-0.233203142751,-0.740667003629,-0.776243588745,0.574158862086,0.542815116094,0.766666666667,0.266666666667,-0.546701172071,-0.546701172071,-0.546701172071,0
d0a43760,4.5384602619,4.28297083321,3.53215352118,2.05593896024,4.52591170351,1.26162193726,3.36617620288,3.52814950223,1.13118915255,0.375936683124,0.966666666667,0.466666666667,3.52814950223,3.10446312003,3.52814950223,0
d0cb63ae,2.95541917651,2.4633653452,3.18931820848,4.0458580106,2.33250514351,-0.345638942759,2.44013782359,2.62759416968,0.642369328595,0.258597503232,0.866666666667,0.366666666667,2.64141354117,2.64141354117,2.64141354117,1.15008408199
d114d9c2,0.18223351568,0.213349905909,-0.760494145559,-1.19800680657,0.479222638876,-0.411068191698,-0.24912718056,-0.050607687105,0.586536049863,0.514765576067,0.8,0.3,-0.016517645406,-0.016517645406,-0.016517645406,0
d1457cc5,-0.612691694091,0.15656882583,-1.11528921959,0.150629811476,-1.40698358177,1.13633710842,-0.281904791621,-0.310421741676,1.05825911749,0.742875522668,0.766666666667,0.266666666667,-0.299747797007,-0.299747797007,-0.299747797007,-0.383901843328
d1ecf309,-2.40140177414,-1.86933262417,-1.41629912331,0.216604236039,-2.77577059309,0.0586222589731,-1.36459626995,-1.35219211216,0.958026749575,0.788953637633,0.733333333333,0.233333333333,-1.37683842174,-1.37683842174,-1.37683842174,-0.769388679023
d1ee630d,3.07308134187,2.86881551194,4.69435879278,0.553313981477,3.15028789435,1.53186935529,2.64528781295,2.84906401808,0.994953121457,0.624560331844,0.9,0.4,2.55980987718,2.55980987718,2.55980987718,0.72575699614
d217e0c5,3.32760083092,2.58397433321,4.57182072093,2.98400220177,1.42385425935,2.54045817198,2.90528508636,2.71476299847,0.767037504248,0.320421734793,1,0.5,2.71476299847,2.71476299847,2.71476299847,0.556652999839
d24ff243,6.76675297485,5.82721128101,9.38740323675,5.75727390058,8.42673664628,-0.576492831009,5.93148086808,6.46401335212,1.39836854796,0.242760503379,0.9,0.4,6.46401335212,6.46401335212,5.49645924664,3.30434574179
d273674e,-4.05024519989,-3.31588256145,-3.7998839897,-2.35451244158,-3.32520119954,0.958978578674,-2.64779113558,-3.1101655425,0.746776977792,0.241665261429,0.833333333333,0.333333333333,-3.1101655425,-3.1101655425,-3.1101655425,-1.15959820545
d2f3b1ab,2.74522661117,2.67983919627,3.59878797933,1.38079866554,3.00224100952,1.4986762466,2.48426161807,2.51968428639,0.765732041719,0.326283126407,1,0.5,2.51968428639,2.51968428639,2.51968428639,1.29159856565
d3df146b,0.314706203498,0.544301640569,0.410339673557,2.97353179005,-1.86274147668,2.65722808854,0.839560986589,0.798910325291,1.37352728442,1.12897741299,0.7,0.2,0.927689529817,0.549851496058,0.927689529817,0.549851496058
d40f61d5,4.15049220224,3.8410467464,5.11209777644,2.71761315516,3.67044723849,0.827760263182,3.38657623032,3.73280619097,0.599099013146,0.158558443747,0.966666666667,0.466666666667,3.73280619097,3.73280619097,3.73280619097,2.22813992451
d41beaf2,2.09452852551,2.39263804732,1.67795858554,0.557367028153,2.9428052717,0.0699441157467,1.62254026233,1.79282991433,0.645296538056,0.401177453345,0.833333333333,0.333333333333,1.85401122566,1.85401122566,1.85401122566,1.51819601324
d463e527,-2.49382668413,-1.89691122162,-3.18855024093,-0.773741230608,-3.34626792961,-0.019222896267,-1.95308670053,-1.92874106873,0.901890295599,0.555407454247,0.833333333333,0.333333333333,-1.52319584386,-1.52319584386,-1.52319584386,-1.09157474098
d4f60a28,3.58000608533,3.43052175702,4.36036427587,2.36283375079,4.02567298221,1.06983918266,3.13820633898,3.40325834649,0.76981448341,0.332784942638,0.966666666667,0.466666666667,3.04004370894,3.04004370894,3.40325834649,1.52790163073
d50c649a,1.98243922903,1.61805348583,3.58129873673,3.01002390768,1.63181474795,0.0650595688229,1.98144827934,1.87302044996,0.630941966851,0.400391140297,0.933333333333,0.433333333333,1.69185285377,1.69185285377,1.69185285377,1.47205881001
d543916f,-1.93005838304,-1.79556573764,-1.64858125563,0.382058986199,-2.26386155534,1.53014231638,-0.95431093818,-1.58312414284,0.591895680039,0.377572711257,0.7,0.2,-1.48113633447,-0.398737190768,-0.398737190768,-1.03745055118
d5df0ff5,0.157912221264,0.595973467571,-0.681075642977,1.41962090742,0.348710739457,-0.50865312067,0.222081428678,0.134647352556,0.644402196118,0.577845443428,0.766666666667,0.266666666667,0.352959984243,0.352959984243,0.352959984243,0
d60430e6,-1.1052171019,-0.28339772228,-3.56694430945,1.72001808144,-2.32629852636,0.0103026745164,-0.925256150671,-1.1181901979,1.65534164186,0.843086906525,0.7,0.2,-1.52929389839,-0.864174854793,-1.52929389839,-0.864174854793
d63196fe,2.29346207547,2.47265963631,1.52697889164,1.06854662711,2.58833320329,1.5388664991,1.91480782215,2.1356022937,0.468418509182,0.274989456123,0.9,0.4,1.95541746933,1.68691935483,1.68691935483,1.04109235122
d6c320d9,-0.738195674753,-0.428879043257,-2.2820961441,-0.684153777974,-0.0105848777986,-0.352155403879,-0.749344153627,-0.613518976658,0.624563620293,0.543822791224,0.8,0.3,-0.410137347099,-0.410137347099,-0.410137347099,-0.0988589383671
d6dd7330,-2.40577899819,-2.64615980731,-1.49325794869,-0.744440980418,-1.20450026017,-1.51434295285,-1.66808015794,-1.68940107335,0.68493075756,0.448544242435,1,0.5,-1.36008692463,-1.36008692463,-1.36008692463,-1.02894238874
d7ba4f9d,-1.47163079917,-1.07842135029,-0.052147732696,-3.09407187828,-0.808841415105,0.141647588687,-1.06057759781,-0.99650966694,0.572134389718,0.396146343252,0.9,0.4,-0.622681854222,-0.622681854222,-0.622681854222,-0.464956308629
d7eb0be8,1.68309591253,1.63450589173,2.72850718725,-1.38616422738,1.41130905742,0.689232794062,1.12674776927,1.21185647357,0.796757658375,0.612617610754,0.766666666667,0.266666666667,1.27018157238,1.27018157238,1.27018157238,0
d84b621b,-4.00283633764,-2.88900138599,-4.80406962853,-0.677174572704,-3.46371411458,0.28487965358,-2.59198606431,-2.96912265512,1.25708579383,0.590351586773,0.866666666667,0.366666666667,-2.96644916203,-2.96644916203,-2.96644916203,-1.68452608039
d90aa14c,-3.26010071374,-3.85052399328,-1.80453018715,-2.55910777415,-2.7904229278,-3.39984262675,-2.94408803714,-3.09495696504,0.9178216771,0.33261585867,0.966666666667,0.466666666667,-3.09495696504,-3.09495696504,-3.09495696504,-1.38492146968
d924e971,-2.21976903853,-1.87653475638,-1.16432990704,-2.24940403398,0.430881848851,-2.19186431544,-1.54517003375,-1.75963949783,0.828529795005,0.540704890661,0.8,0.3,-1.67087588977,-1.67087588977,-1.67087588977,0
d9ae59b2,1.38668893097,1.34703503164,3.16992109358,0.342743363136,0.747677763833,2.58724272547,1.59688481811,1.55905336767,0.845998195231,0.746947694955,0.8,0.3,1.08226965665,1.08226965665,1.08226965665,0
d9d6d94d,-2.78661331396,-2.44080337299,-3.50378222452,-4.54160111749,-3.01802221692,-1.11266045306,-2.90058044982,-2.84093856888,1.07046280959,0.444737248648,0.933333333333,0.433333333333,-2.47341114831,-2.47341114831,-2.84093856888,-1.57616216586
d9eca87b,-2.98248722786,-1.81573691488,-5.07175836223,-0.788310831075,-2.92513774586,-0.173006110297,-2.29273953203,-2.44383410111,0.955365213612,0.372011582864,0.833333333333,0.333333333333,-2.51178616229,-1.61029421449,-1.61029421449,-0.901491947802
da2d4d7c,4.48446260326,3.68447319391,4.5890597456,4.03737909142,5.23010348825,-1.11186214595,3.48560266275,4.3143029099,0.934311207052,0.323140126488,0.8,0.3,4.3143029099,3.45816198365,3.45816198365,3.68069046187
da3bfe4e,3.98505487527,3.40099475223,3.47304986429,3.21811633181,4.00648111459,1.14605545627,3.20495873241,3.46367656704,0.611078951002,0.194780813548,0.933333333333,0.433333333333,3.46367656704,3.20249788575,3.20249788575,0.917602943416
da3cf798,-1.99116622753,-1.74958087235,-2.38971261901,-1.18873291494,0.12471329574,-2.27025756409,-1.57745615036,-1.73218690106,0.550545348282,0.341037401441,0.9,0.4,-1.73218690106,-1.73218690106,-1.73218690106,-0.260384946152
da940160,2.28251209322,2.13703856103,2.18281131576,1.85848314231,0.884704905598,2.70657966019,2.00868827969,2.05620046846,0.511517606989,0.267259239203,0.966666666667,0.466666666667,2.05620046846,2.05620046846,2.05620046846,0.688325062766
dafc88c3,-1.5433165021,-0.327734638772,-5.73374662147,2.10907273475,0.00134721307298,-2.84685789596,-1.39020595175,-0.839115610593,1.45421890456,0.894292674547,0.8,0.3,-1.11862804707,-0.787516792427,-1.11862804707,0
dbee6c86,-3.03527162586,-2.35203371848,-4.63956861603,-0.252062364349,-2.67514580084,-0.827648217762,-2.29695505722,-2.15931853234,1.07886075652,0.596057861343,0.866666666667,0.366666666667,-2.17536019283,-1.7377019715,-2.17536019283,-0.573044554628
dc5fbe29,3.11352517773,2.96742892426,2.8386939786,3.23474900215,1.7411172711,2.29503671834,2.6984251787,2.91662934785,0.568006253938,0.284217492953,0.933333333333,0.433333333333,2.91662934785,2.91662934785,2.91662934785,0.497955898474
dc7da28f,-4.09904595755,-3.69367531874,-2.68750497261,-1.31183902297,-2.99891292247,-0.180316325763,-2.49521575335,-2.74693788223,0.973412179118,0.404109680876,0.866666666667,0.366666666667,-2.74693788223,-1.85499618709,-1.85499618709,-0.805109249921
dc7f9757,4.16907988355,3.26004353149,4.91333196646,2.19339383151,2.45703899151,1.92971242353,3.15376677134,3.15955264057,0.977584340493,0.463866135959,0.9,0.4,3.31337936499,3.02529934347,3.31337936499,3.31337936499
dd168de0,2.37609303892,2.59953683238,1.76999680617,1.41541668331,3.71086179509,0.43535267574,2.0512096386,2.49107959142,0.957696136822,0.406054213795,0.866666666667,0.366666666667,2.56192147069,2.12138975808,2.12138975808,2.50587964163
dd64382d,-0.815385153378,-0.290918937903,-0.873590058147,-0.503795786859,-0.511019182343,-0.413668727217,-0.568062974308,-0.393917548696,0.296866436546,0.253140234706,0.933333333333,0.433333333333,-0.265535734197,-0.265535734197,-0.265535734197,-0.200474450451
dd6bc5b2,1.56692315606,1.59793344866,0.438741057074,1.85878861472,-0.556371922497,1.03713779675,0.990525358462,1.24067756789,0.747323696305,0.440802395678,0.9,0.4,1.43992408437,1.43992408437,1.43992408437,0
dd7d638e,-0.637449749414,-0.361981252048,-1.15390133436,0.182901789699,-1.89766507332,1.48209507947,-0.397666756661,-0.646896415034,0.611120899073,0.462212449536,0.833333333333,0.333333333333,-0.625459846553,-0.902719182063,-0.625459846553,0
ddc790ff,1.77143925428,1.67694084133,1.38917433007,0.727489508506,3.02275376049,1.5950206905,1.69713639753,1.75013815915,0.516845808042,0.345122125526,0.833333333333,0.333333333333,1.79088810973,1.79088810973,1.79088810973,0.316993374002
df71d1ff,3.45148797611,3.21079767524,2.92255588252,-0.998621772596,3.34530326447,1.59908846717,2.25510191548,3.05645293288,0.633454273539,0.215993644918,0.866666666667,0.366666666667,3.05645293288,2.47999774338,2.47999774338,2.04272590874
df73b8f3,-0.544571216438,0.00934068995596,-1.44094386054,2.7106812998,-1.68559688217,2.96831522866,0.336204209878,0.175623665129,1.75985178427,1.3179324671,0.7,0.2,0.484027017953,0.484027017953,0.484027017953,0
df8290be,-1.39569308187,-1.2050764345,-1.0074949041,-1.87037417781,0.675836903544,-1.15379062705,-0.992765386965,-1.05331458656,0.885168460873,0.740048048135,0.766666666667,0.266666666667,-0.527913560247,-0.527913560247,-0.527913560247,0
e0079ed1,0.474932064833,0.0819692714548,0.974417323669,-4.01028086953,1.94431178891,-2.47044721054,-0.500849605201,0.192170350302,1.32489681418,1.08702575484,0.7,0.2,0.0983781530572,-0.364258872683,-0.364258872683,0
e03b45fd,2.95920582359,2.80725046407,2.97644897641,0.882734175122,3.8810974903,-0.355474032736,2.19187714946,2.80334029098,0.904171853114,0.319799639092,0.866666666667,0.366666666667,2.85832592562,1.78103463406,1.78103463406,0.81198768843
e0f36d98,1.01474076192,0.410557592889,2.09396355904,0.0531217153281,1.67605563781,-0.241829583443,0.834434947258,0.646736860218,0.678942680009,0.504001432711,0.7,0.2,0.803342735823,0.803342735823,0.803342735823,0
e149204f,1.23802202777,1.08733318921,3.59257010511,2.29021113068,-0.561924490544,4.78595594497,2.07202798453,1.33046424194,1.13429766004,0.455823567792,0.8,0.3,1.33046424194,2.48373849824,2.48373849824,-0.352437930319
e14d641e,0.769950065865,-0.111616632997,1.86182155063,-1.01290577168,2.25362100328,-1.3736264664,0.397873958116,0.286017546482,1.1879154477,1.02187208302,0.733333333333,0.233333333333,0.0246142866653,0.22755226627,0.22755226627,-0.284999387985
e161bd0c,1.96889862765,2.57800700572,0.893576646826,1.5455263871,1.83155801109,0.863200283168,1.61346116026,1.87041844865,0.852791768375,0.631111924728,0.733333333333,0.233333333333,1.7114624653,1.7114624653,1.7114624653,0.995799113453
e201fd6d,-1.21381642411,-0.9557323813,-1.48462821751,-0.3791005608,-2.33692422584,0.586689510602,-0.963918716493,-0.975765985805,0.777507485487,0.614349146154,0.733333333333,0.233333333333,-0.959385971087,-0.749414186508,-0.749414186508,-0.209971784579
e25f1537,2.10550910222,1.90320341048,1.49786522562,0.666206905347,2.4074365502,-0.409318972446,1.3618170369,1.60812764011,0.927324741674,0.494305877518,0.866666666667,0.366666666667,1.48185077966,1.48185077966,1.48185077966,0
e2fc7745,2.17963474351,1.96160835199,3.85967368095,3.76651702401,2.35149767852,0.013667104523,2.35543309725,2.15353607733,0.819707216422,0.370472066889,0.833333333333,0.333333333333,2.18687227126,2.18687227126,2.18687227126,1.18596038796
e32da4ec,4.64224750628,3.94468956678,4.50501116857,0.182047644841,6.69032476752,-1.63190362678,3.05540283787,4.11739208374,1.60580893307,0.427694064048,0.766666666667,0.266666666667,4.11739208374,2.85593605881,2.85593605881,2.63588527414
e3b34f5b,3.01527719361,2.45090794794,1.76735668183,1.18766242535,1.71478102681,0.791271024636,1.82120938336,1.85036436392,0.764958437583,0.494865999634,0.866666666667,0.366666666667,1.54897472682,1.54897472682,1.54897472682,0.513910353008
e45a2a62,-1.61082016307,-1.72860510996,1.94328051445,-1.91142330045,0.606940975525,-1.72924217344,-0.738311542825,-1.26596292951,0.963388926967,0.783537525936,0.7,0.2,-0.975797524595,-0.975797524595,-0.975797524595,-0.555946598845
e46f4ef4,-1.85781861149,-1.05176115975,-1.46219247552,1.95257382345,-2.57921739939,0.620865301076,-0.729591753603,-1.05316813432,1.28025231985,0.728484778129,0.733333333333,0.233333333333,-1.05316813432,0.357343790575,0.357343790575,0.357343790575
e4726608,1.64879500517,1.68122004463,1.7839865166,0.926589660727,2.03932853123,-0.611981557647,1.24465636679,1.44297918505,0.537439039562,0.334135466865,0.8,0.3,1.48749447183,1.18095815079,1.18095815079,0.329284474247
e5864244,-6.00059366762,-5.26804476252,-5.00559475486,-3.53137177248,-5.32517778569,1.16655096756,-3.99403862927,-4.92625839857,0.849310993742,0.181372882241,0.866666666667,0.366666666667,-4.92625839857,-4.92625839857,-4.92625839857,-1.00364164991
e5c92e59,-0.654102204579,-0.160004844129,-0.47869995503,2.64051363544,-0.0123642672521,1.08943767513,0.404130006596,0.246124490092,0.705189055751,0.699214901666,0.666666666667,0.166666666667,0.212996125661,0.212996125661,0.212996125661,0.212996125661
e5ff9fd2,2.13226606678,1.91365132295,2.73782742131,-0.141320968824,4.17410017235,0.296028293744,1.85209205139,1.9512067822,0.962714035004,0.501250326539,0.833333333333,0.333333333333,1.99542489162,1.57780301779,1.57780301779,0.417621873829
e6c55748,0.530809853714,0.591424415189,-0.00222318356374,-0.879802372125,0.801178631759,-1.10569414698,-0.0107178003346,0.08789270925,0.854809200596,0.837053096194,0.7,0.2,-0.2299068458,-0.2299068458,-0.2299068458,-0.2299068458
e730c32b,-1.32035549115,-1.3251741331,-2.12675799368,0.651524505479,-0.571987117268,2.75332996684,-0.323236710479,-0.913177276711,0.957284511987,0.742179635366,0.766666666667,0.266666666667,-0.767777590055,-0.339319956768,-0.128825016277,0.210494940491
e737965a,-4.11317866124,-3.9779312911,-3.35884952655,-2.34936438744,-3.04671837474,-1.13458046946,-2.99677045175,-3.19995958103,0.919144659617,0.290358263634,1,0.5,-3.19995958103,-3.19995958103,-3.19995958103,-2.05560157212
e748dd88,2.85637017196,1.79319544386,4.63791695319,2.50828933415,3.57554113669,1.33138663769,2.78378327959,2.75368903135,1.02088300679,0.386257811246,1,0.5,2.75368903135,2.75368903135,2.75368903135,1.34110287438
e7818f7a,-2.81359422961,-2.01222841014,-5.3492926874,-0.617824856779,-4.39607816517,1.47375067411,-2.28587794583,-2.34162895893,1.69553321281,0.881711852746,0.833333333333,0.333333333333,-1.75650349634,-1.75650349634,-2.25404107837,-1.31436059554
e7c36e81,0.61012061682,0.496039870767,1.15205403449,0.318740451912,-1.23974696039,3.41138557039,0.791432263999,0.693263969579,0.650350555464,0.471979845925,0.833333333333,0.333333333333,0.858823807577,0.858823807577,0.858823807577,0.858823807577
e7d0c1de,-2.4519580219,-1.50690722758,-1.63432056435,-0.38726790254,-2.31668293659,1.48747180756,-1.1349441409,-1.52025938929,0.875828639338,0.611789994325,0.766666666667,0.266666666667,-1.16200516354,-1.16200516354,-1.16200516354,0
e85074c5,-2.69930469081,-2.37151493372,-3.64847715178,0.739568908235,-3.89589214973,0.356251020731,-1.91989483285,-2.36740826717,1.24732431967,0.861648360462,0.766666666667,0.266666666667,-2.04975517514,-2.04975517514,-2.04975517514,-0.542694711022
e97032ad,1.58838304183,1.54247260311,0.512055983453,0.630477927748,0.662813134035,1.1043902621,1.00676549205,1.25405369445,0.457648000013,0.34734048495,0.833333333333,0.333333333333,0.782758610374,0.782758610374,0.782758610374,0
e9949a23,2.30757812473,2.53735517815,1.20153302675,0.825659674868,1.23965771057,1.75537462057,1.64452638927,1.72793863066,0.773865959895,0.566949530069,0.9,0.4,1.5002350608,1.28901246306,1.5002350608,0.814146007117
ea0b99b7,2.2383337501,0.960720863,0.849394064812,-2.69910564167,1.51745889407,-1.02484396871,0.306992993601,0.576906448625,1.33991437321,0.792629282837,0.733333333333,0.233333333333,1.16180916226,0.620346394611,0.620346394611,0.541462767646
ea3a0e38,-2.40188142619,-2.03143140075,-1.54371682506,1.28480293281,-1.03110684725,0.0599901147675,-0.94389057528,-0.911743821282,1.31679676943,1.20653144308,0.666666666667,0.166666666667,-0.468540725783,-0.468540725783,-0.468540725783,0
ea41324e,-2.57735087375,-1.68384059515,-5.64890619155,-1.32545707912,-3.30535672717,-0.527278378577,-2.51136497422,-2.22926402228,1.1584546469,0.487731807362,0.833333333333,0.333333333333,-2.21747661786,-2.21747661786,-2.21747661786,-1.22676457895
eabc711b,0.605366670867,0.712576233534,-0.39242050199,-0.896365911652,-0.248879369367,1.39741823098,0.196282558728,0.311288006374,0.676966743421,0.57376968439,0.666666666667,0.166666666667,0.614999188156,0.367648873831,0.367648873831,0
eac10e86,4.30468944675,3.92415459294,4.79947165696,4.28718313178,3.35134985012,0.762095248503,3.57149065451,3.66529804154,1.11810387147,0.306941189808,0.966666666667,0.466666666667,3.66529804154,3.66529804154,3.66529804154,2.17394141095
eafb863e,-0.961069377575,-0.594770444552,0.127047994419,-0.25356585304,-0.730616123681,1.20534223589,-0.20127192809,-0.333942734922,0.53259892517,0.473779066858,0.8,0.3,0.0934418704833,0.0934418704833,0.0934418704833,0.349395946714
eb06a4e7,0.536510418046,-0.0536721319857,0.682887519721,0.145487581438,0.133809401312,2.04358472376,0.581434585382,0.429582875471,0.754418416248,0.577442758674,0.766666666667,0.266666666667,0.482510429024,0.843558733836,0.843558733836,0.451411371367
eb640a35,3.0562741277,2.67833893794,2.71879927246,2.18592982617,2.675719794,1.59398999736,2.4848419926,2.56726746154,0.447391674571,0.230426735707,0.933333333333,0.433333333333,2.38246051028,2.38246051028,2.38246051028,1.13427258948
eb934281,-4.89779568372,-3.78931780525,-5.84774325201,-2.41854452411,-3.58218449279,-1.86890438352,-3.73408169023,-3.70416452459,1.12206930836,0.314397266632,1,0.5,-3.70416452459,-3.70416452459,-3.70416452459,-1.63220688741
eba6605e,-3.12928771704,-1.98588970945,-2.20422268178,-3.08132871552,-3.02218366221,3.01394808833,-1.73482739961,-2.44423212554,0.945511644666,0.549427505128,0.8,0.3,-2.06264491633,-2.06264491633,-2.06264491633,-0.504371574715
ebe69318,-0.83733331643,0.146057669837,-2.23282110439,1.34018147425,-2.27475300162,2.68210842937,-0.196093308163,-0.345637823297,1.44240847004,1.0082998477,0.733333333333,0.233333333333,-0.324629117904,0.409703320737,-0.324629117904,0.0982876695933
ec0d597b,2.99787036396,1.86012055175,5.0936023722,1.81547805199,2.9911059639,1.04052804633,2.63311755835,2.55372964222,0.867766564765,0.358631783517,1,0.5,2.37094141107,2.37094141107,2.37094141107,1.1096535529
ec13af42,-0.423995076693,-0.492597928875,-0.275552760807,1.84418777067,-1.90756602671,2.2156574627,0.160022240047,0.0975452401503,1.41338723857,1.28485532573,0.6,0.1,0,0,0,0
ecdab904,1.2134608638,0.116818476581,1.30607176888,-0.940947198821,0.864841368544,-0.959736118814,0.266751526696,0.232474268647,1.10062938195,0.974412705471,0.633333333333,0.133333333333,0.412168612218,0,0,0.412168612218
ecdaf714,-0.108358213579,-0.0958965471328,-0.123970169306,-0.554284365278,1.72271794242,-3.15042418483,-0.38503592295,-0.156963881721,0.751140087243,0.536066859101,0.8,0.3,-0.101850396525,-0.436901329772,-0.436901329772,0.335050933247
ed6436d6,3.24278050652,3.15733800928,3.00467293981,0.96159457295,2.56167942796,2.29012631365,2.53636529503,2.81305873106,0.686035333361,0.27901806242,0.933333333333,0.433333333333,2.81305873106,2.42827276826,2.81305873106,1.03550411411
ed6e6e54,0.00648998879083,-0.64182742517,0.672242356614,-2.53660158992,2.51936605058,-2.85160626119,-0.471989480049,-0.456287827887,1.48648037479,1.14584655349,0.666666666667,0.166666666667,-0.411848171341,-0.284210618172,-0.284210618172,0
edf885a3,-0.663771865507,0.309940567214,-1.96996535089,0.271572635013,-1.37604483034,2.1162263012,-0.218673757219,-0.393920634473,1.20566597015,0.509327138058,0.8,0.3,-0.393920634473,-0.471224057991,-0.471224057991,-0.409644301264
ee0300f7,2.97785566579,2.58734106091,2.32067039019,3.99019585762,1.55613488818,3.65894304554,2.8485234847,2.92271709466,0.792586704157,0.389635803162,0.866666666667,0.366666666667,2.88832199677,2.88832199677,2.88832199677,1.3004555296
ee288beb,-0.477257365715,-0.617832648731,0.426497652142,0.408743518589,-0.298327097721,-1.65519586108,-0.368895300419,-0.484179628651,0.557460677099,0.461318226632,0.666666666667,0.166666666667,-0.472221590976,-0.709715164742,-0.709715164742,0
ee4aecac,-0.88540452887,-0.92633358901,-0.0378541434027,1.00874342629,-0.45692350126,-1.24836908614,-0.424356903731,-0.732070266922,0.54503918648,0.472818757525,0.866666666667,0.366666666667,-0.362971238588,-0.362971238588,-0.362971238588,0
eeda36f5,-0.41533620342,-0.274263883149,0.00608420054307,-3.10585174281,0.936332616472,-0.692194147398,-0.590871526626,-0.338928232498,1.1381872939,0.719074496882,0.766666666667,0.266666666667,-0.395118309984,-0.395118309984,-0.395118309984,-0.395118309984
eeed308d,1.26230045235,1.6903804177,-0.250456766032,-1.38519449015,3.03754952145,-1.95471451906,0.399977436043,0.593062177999,1.52513966117,1.30232300614,0.633333333333,0.133333333333,0.0782404092177,-0.283991015688,-0.283991015688,0
ef04658e,-3.85760001613,-3.45229395585,-3.84082133625,-2.67671223574,-1.07634672097,-1.59057272619,-2.74905783185,-3.00253594012,0.782468029846,0.26294842526,1,0.5,-3.00253594012,-3.00253594012,-3.00253594012,-1.84044104118
ef8e3ed0,-1.39887150729,-1.25719132281,0.0927670557932,0.313725532915,0.262093169707,-0.88408461928,-0.47859361516,-0.450249950725,0.614079133193,0.570516660269,0.833333333333,0.333333333333,-0.339702993673,-0.339702993673,-0.339702993673,0
efde6ac3,1.72879055843,1.66702357247,1.87156052502,0.13997554049,2.14423257485,0.420851928571,1.32873911664,1.56245458185,0.615389302868,0.472733703344,0.833333333333,0.333333333333,1.3069667472,1.3069667472,1.51059972813,0.532866306053
efe96181,2.77965249037,3.4300336827,3.5061055792,3.23852958792,3.01539872371,4.82088118013,3.46510020734,3.46195706785,0.54322548735,0.319249906767,0.833333333333,0.333333333333,3.47897226758,3.47897226758,3.47897226758,1.43285540794
f0188a48,4.14297018715,4.00719564113,4.11902547676,0.312577805912,2.83322461264,1.34208795219,2.79284694596,2.96419262255,0.963977775356,0.340119233019,0.866666666667,0.366666666667,2.96419262255,2.51413795281,2.51413795281,1.92406968206
f021b650,0.0139303617079,0.80866656373,0.0977659278456,1.92706782443,0.278163026543,0.0910080562148,0.536100293412,0.312717527925,0.458527777537,0.449771807063,0.766666666667,0.266666666667,0.223308743022,0.223308743022,0.223308743022,0
f03f10fe,-1.72539019637,-1.71251765221,-1.94849645292,1.00761521918,-1.37414906823,-0.987055508725,-1.12333227655,-1.4265625081,0.805473320103,0.590818413974,0.8,0.3,-1.06222949825,-0.727829234742,-1.06222949825,-0.461902434217
f053a1b9,4.63891290822,3.66534669065,4.85409036554,0.640716707454,5.01728575385,-0.907473148878,2.98481321281,3.90522268534,1.22631922237,0.350508882971,0.833333333333,0.333333333333,3.90522268534,3.03271536929,3.03271536929,2.82196070412
f074d277,7.00741086792,6.24674963187,7.50910331102,4.47006498274,7.94598307552,-0.659315761577,5.41999935125,6.58080832901,1.11566594053,0.204327047321,0.833333333333,0.333333333333,6.58080832901,6.33222715498,6.33222715498,3.36935780136
f07d7037,3.29963023225,2.5150921176,3.06378870876,0.0926920220441,2.59024332822,0.105591818676,1.94450637126,2.20609974783,1.01361108117,0.653612807432,0.833333333333,0.333333333333,1.80845428747,1.58182388188,1.80845428747,0.973553576825
f08774c3,2.46589163788,2.98855432321,2.00954720068,4.34021966283,0.985661129638,1.92882858002,2.45311708904,2.33584883085,0.707136851711,0.31849436047,1,0.5,2.33584883085,2.33584883085,2.33584883085,0.390840815725
f140c2fa,-3.24532811407,-2.30896248598,-3.17738992884,-1.96262710556,-2.67727034846,1.16154037742,-2.03500626758,-2.46196368445,0.809271786165,0.320262820623,0.833333333333,0.333333333333,-2.46196368445,-2.2375815666,-2.2375815666,-0.858423928621
f16e25e3,0.268714352084,0.209523356197,0.062904948153,-0.116255411967,1.22781651852,-1.64735002965,0.000892288889279,0.0172005741108,0.560912454884,0.485340270824,0.7,0.2,0.372119178037,0.372119178037,0.372119178037,0
f2d4c8c9,-4.46258835122,-3.63599874897,-5.84109020362,-2.43032497876,-4.42302329998,-1.73749193558,-3.75508625302,-3.89431925785,1.04692238486,0.288559414717,1,0.5,-3.89431925785,-3.89431925785,-3.89431925785,-1.42855454958
f321a31c,1.48035519122,0.922946185002,1.59974162885,1.30054006682,0.896991383073,0.698264488046,1.1498064905,1.06267753961,0.585827276609,0.451816267626,0.9,0.4,0.819775354612,0.819775354612,0.819775354612,0.525158601522
f40cd091,3.79134687577,2.91809323112,3.32062781479,2.6587203675,3.56878487743,0.820672422783,2.8463742649,2.85055535224,0.748566628257,0.322799371876,0.966666666667,0.466666666667,2.6868300346,2.6868300346,2.6868300346,1.02754479791
f439a621,3.20941262833,3.01169116053,4.07813100254,3.50621274142,4.81792232015,0.370484652005,3.1656424175,3.21927932701,0.970132155954,0.353538342995,0.966666666667,0.466666666667,3.21927932701,3.21927932701,3.21927932701,0.280932758296
f49fdea3,3.22010604773,3.60483499567,2.3514024266,6.20596579458,6.60306290904,-1.61880667432,3.39442758322,3.46176791557,1.61714665377,0.604754013889,0.8,0.3,3.61145297256,2.28389794346,3.61145297256,1.40800231829
f4d12d23,-1.53639013284,-0.638322813888,-0.7542960641,-0.505923183235,-1.78909586556,2.35865496974,-0.477562181647,-0.764632747007,0.953096574952,0.65130694858,0.766666666667,0.266666666667,-0.795193362874,-1.12078556076,-0.795193362874,-0.25689764381
f56d3ace,-5.07891450678,-4.29984336318,-4.48797902996,-1.27224607823,-5.13461936089,0.574876021705,-3.28312105289,-4.33934825239,0.821981625634,0.234177327269,0.833333333333,0.333333333333,-4.33934825239,-3.1835773975,-3.1835773975,-3.1835773975
f5859199,-2.37868690661,-2.19333008959,-2.99110133927,-1.44726213134,-2.12911419335,-0.997398901776,-2.02281559366,-2.05932629275,0.423457266823,0.204465325453,1,0.5,-2.05932629275,-2.05932629275,-2.05932629275,-0.405352869483
f5d8aab6,4.34492560767,3.19719087996,4.83747063347,2.06428661846,4.07378401447,-0.14794012932,3.06161960412,3.47999850928,1.00054096753,0.298070673077,0.866666666667,0.366666666667,3.47999850928,3.47999850928,3.47999850928,0
f631da6e,-2.91886883208,-1.95657688374,-5.68056567132,-1.15855295032,-2.55833214585,-0.242763537052,-2.41927667006,-2.40939487349,1.30052058986,0.659126952329,0.833333333333,0.333333333333,-2.23724953669,-2.23724953669,-2.23724953669,-1.00073982413
f6824bb0,-3.06551822369,-2.60714433164,-2.49886433086,-1.75049426999,-2.34141262523,0.512562765898,-1.95847850259,-2.34587411369,0.55062332571,0.259162048211,0.833333333333,0.333333333333,-2.20224151421,-2.20224151421,-2.20224151421,0
f6bc699b,2.58111374974,1.96382878737,3.55580297774,-1.06179948901,3.0823813016,-0.686422785747,1.57248409028,2.03305223019,1.3252420012,0.822645262673,0.733333333333,0.233333333333,1.89449966383,0.612370046552,0.612370046552,1.67261720545
f6d009f4,-4.08658243515,-3.19029493698,-7.11537085055,-5.2309736189,-1.37240094407,-3.59322706525,-4.09814164182,-3.81258144677,1.97126165527,0.756097307912,0.866666666667,0.366666666667,-3.83841331773,-3.83841331773,-3.83841331773,-0.90889866414
f72b268f,1.64299652408,1.66670782402,2.23875240626,-0.0882452047351,1.13945483916,1.50704478975,1.35111852975,1.24680053057,0.723899939953,0.522075021464,0.8,0.3,1.0918124282,0.819193583186,1.0918124282,0.819193583186
f8662c22,-0.594142950683,-0.301284682136,-0.367786640111,-0.82304349518,-0.708639738578,0.22160473825,-0.428882128073,-0.405074053814,0.544184571727,0.464739954129,0.766666666667,0.266666666667,-0.352013941408,-0.0859858060826,-0.0859858060826,0
f88ddb26,0.129359046506,0.252001782081,-5.15326817211,3.10732981169,-2.30040706885,0.247993566081,-0.619498505765,-0.131173769287,1.77858551919,1.27877088668,0.7,0.2,-0.370077141058,0.480630113181,0.154919783542,0
f8afa78a,0.911754039721,1.05299914069,0.568265784542,-0.566021658932,0.327265752266,-0.657024363582,0.272873115785,0.513199964754,0.519290837193,0.478726990238,0.766666666667,0.266666666667,0.340266468379,0.340266468379,0.340266468379,0
f8f59188,3.24238855839,2.09787594086,4.20419819091,0.402615910164,4.37135121801,0.269892858797,2.43138711285,2.5253652681,1.37742289902,0.616151334666,0.9,0.4,2.45355456022,1.86044108272,2.45355456022,0
f9fc81aa,2.69947767205,1.82316457443,2.799827947,0.605868947685,3.91606433525,-1.25630738501,1.7646826819,2.09218250858,1.12622647671,0.668061533655,0.766666666667,0.266666666667,1.91312504048,1.55693024491,1.55693024491,0
fa16d114,6.47924328478,5.50057800219,7.92955792418,4.11231432317,5.82670538497,3.65188590206,5.58338080356,5.59946111904,1.18672637746,0.212627595009,1,0.5,5.59946111904,5.59946111904,5.59946111904,0
fa31da94,3.82871112923,3.53087028505,3.44153518205,1.57845917756,3.64461964051,1.28283360416,2.88450483643,3.27515664054,0.596501736422,0.189412136944,1,0.5,3.27515664054,3.27515664054,3.27515664054,1.93372547367
fa667be2,-0.185218077039,-0.301262478308,-0.32373514328,-0.0728952217455,0.0613877136697,-0.822419945457,-0.274023858693,-0.307636578034,0.411561154977,0.411561154977,0.8,0.3,0,0,0,0
fae0c593,0.887767269569,1.17420094414,-0.0648309346124,0.803815874056,0.0277083978472,2.33190515823,0.860094451538,1.11996300715,0.671495236197,0.520357618031,0.8,0.3,1.1320137046,0.872268904028,0.872268904028,0.872268904028
fb03ae90,-1.88455023799,-1.29730327901,-5.02388384472,1.01226698777,-2.54461095571,1.77289663146,-1.32753078303,-1.46008072704,1.27015568116,0.602914476273,0.8,0.3,-1.55309209174,-0.941338827206,-0.941338827206,-0.304575632379
fb0904bd,-0.339592342429,-0.560208173893,-0.497425284996,-0.84105360653,1.59334902714,-0.225536540635,-0.145077820223,-0.35733122957,0.539000028583,0.539000028583,0.566666666667,0.0666666666667,0,0,0,0
fb3848a1,0.673645187441,0.818205906987,0.0848390026854,-2.15565864075,2.06400162395,-0.572503192901,0.152088314569,0.363917011783,0.808258218988,0.711926811929,0.666666666667,0.166666666667,0,0,0,0
fb73b13a,4.76862589193,4.07355934053,4.10324591623,4.77966504701,4.52678203914,1.06680304491,3.88644687996,4.27590874819,0.574854052842,0.177484869717,0.9,0.4,4.27590874819,4.27590874819,4.27590874819,3.14949253483
fba7683c,-22.3484033638,-22.8534463097,-17.9873090841,-22.1857506166,-20.4714366411,4.466560491,-16.8966309207,-21.523761925,2.05666748977,0.10476521359,0.833333333333,0.333333333333,-21.523761925,-21.523761925,-17.6047249399,-11.387169408
fbd68d27,2.16283106723,1.50822452052,1.83878514354,-0.916079182536,3.18388678396,-0.0202289936172,1.29290322318,1.33118415911,1.29102767257,0.758966422681,0.766666666667,0.266666666667,1.4872466861,1.05548871235,1.05548871235,0.975004791753
fc03f21f,7.32247088357,6.63095453064,10.0879021744,4.60234184167,5.57786720673,7.56682675712,6.96472723235,6.67386073382,0.996003451552,0.156323509916,1,0.5,6.67386073382,6.67386073382,6.67386073382,1.59122438796
fc0d20b2,1.22422029714,1.70310748024,2.1076623997,2.02606144696,1.60289352978,0.705137292886,1.56151374112,1.61871320931,0.356506407542,0.211553215559,0.933333333333,0.433333333333,1.68958199219,1.68958199219,1.68958199219,0.979865129769
fcfcc902,-2.67187323449,-1.88782233068,-0.833324514021,0.0998537942483,-3.24284128086,1.42308038371,-1.18548786368,-1.48796471925,1.55705559234,1.01150401437,0.7,0.2,-1.4011133104,-0.634785940878,-0.634785940878,-0.634785940878
fd3b4faa,3.25230576236,2.38502589905,1.85952529682,2.65793813273,3.40733017806,1.49032398939,2.50874154307,2.31181695845,0.961754680647,0.48436752527,0.9,0.4,2.04202004352,2.04202004352,2.04202004352,0.812332562778
fd710aea,-1.024810045,-1.57973443623,0.264735413477,-1.33170485721,-1.54343954345,-0.284707725528,-0.91661019899,-0.994700273976,0.561135736141,0.493801081182,0.866666666667,0.366666666667,-0.7424227354,-0.7424227354,-0.7424227354,-0.269287279962
fd8f77fa,2.62722895564,2.23378283224,2.01038922534,-1.56162176848,1.77070058155,0.905316495034,1.33096605355,1.54205942462,0.784215836235,0.497103091613,0.8,0.3,1.44823481169,1.44823481169,1.44823481169,0.212781429912
fde20ecf,3.25603374458,3.16962501549,4.2340054297,1.42660304405,3.8226007837,1.00144179277,2.81838496838,3.18996209764,0.565493554281,0.183182901418,0.966666666667,0.466666666667,3.18996209764,3.18996209764,3.18996209764,1.02892689502
fdfd57da,0.215131457217,0.569379240088,-0.983319874556,0.520326326763,-1.65211489525,3.37245389495,0.340309358202,0.388582074801,0.944990287359,0.857289386283,0.766666666667,0.266666666667,0.263760210686,0.263760210686,0.263760210686,0.579423326376
febb4411,3.61254164157,3.30805364401,2.7473635465,1.81816273897,4.25334047292,0.440671342295,2.69668889771,2.82185585369,1.130392309,0.492010289942,0.9,0.4,2.682060513,2.3612645961,2.682060513,1.05527545353
fef8af96,-2.87571645113,-2.34466803298,-3.19144103377,-0.847027101395,-1.66046827919,0.608960103744,-1.71839346579,-1.92552757792,1.07965391694,0.566241424619,0.833333333333,0.333333333333,-1.92552757792,-1.23684222,-1.92552757792,0
ff0aea78,3.94277585456,2.94595357188,6.00639293704,0.450803700998,3.61977786361,1.27524678509,3.0401584522,3.28286571774,1.46746000646,0.531912779493,0.866666666667,0.366666666667,3.13335714317,3.13335714317,3.13335714317,1.74840991256
ff8bb73a,2.12343139523,2.23797768602,1.05130154275,1.96651545494,3.77592321919,-1.06823797665,1.68115188691,1.89326629424,0.801326616006,0.472314243828,0.833333333333,0.333333333333,1.91572843894,1.91572843894,1.91572843894,0.755139338419
ffefef30,1.53669503855,0.788399841357,2.1869424547,-0.333782424704,0.325360791394,2.19512755638,1.11645720961,0.952665680295,0.754676384851,0.380083777317,0.833333333333,0.333333333333,0.952665680295,1.33211119738,1.33211119738,-0.379445517082
