context,scope,label,outer_group,candidate,selected_nested_rule,rows_scored,wells_scored,sse,rmse,median_well_rmse,p90_well_rmse,p95_well_rmse,max_well_rmse,worst_5pct_sse_share,worst_10pct_sse_share,mean_error_sse_share,linear_trend_sse_share,shape_sse_share,datum_removed_rmse,datum_trend_removed_rmse
repeated:v1:0,repeated,v1,0,last_known_tvt,consensus_majority,758630,159,144024253.761,13.7785275968,10.5787866726,18.5411453687,25.5427801768,42.7704389978,0.287250715771,0.422499841844,0.599221204202,0.171569698399,0.229209097398,8.72278520774,6.59657851405
repeated:v1:0,repeated,v1,0,e006_nested_fusion,consensus_majority,758630,159,142309094.253,13.6962388415,10.3457581801,19.0709110156,26.9223158171,41.6544956924,0.287163862761,0.429683381894,0.606431306531,0.161597087008,0.231971606462,8.59234276147,6.59657851405
repeated:v1:0,repeated,v1,0,mean_all_models,consensus_majority,758630,159,146415219.32,13.8924264037,10.5787528856,21.3455532814,26.478332872,40.2915779793,0.2710309678,0.41193843377,0.617468699262,0.15706519577,0.225466104968,8.59234276147,6.59657851405
repeated:v1:0,repeated,v1,0,median_all_models,consensus_majority,758630,159,146914134.814,13.9160757631,10.5607294332,21.2225629117,26.2808386765,40.4992323306,0.272469588764,0.412940929387,0.618767762781,0.156531807612,0.224700429607,8.59234276147,6.59657851405
repeated:v1:0,repeated,v1,0,consensus_majority,consensus_majority,758630,159,147239623.343,13.9314827797,10.6335647881,21.2737712667,26.2808386765,40.4992323306,0.272584984284,0.412671284073,0.619610516365,0.156185777741,0.224203705894,8.59234276147,6.59657851405
repeated:v1:0,repeated,v1,0,consensus_strict,consensus_majority,758630,159,147333643.22,13.9359300447,10.6335647881,21.2737712667,26.2808386765,40.4992323306,0.272411036188,0.412407940939,0.619853259107,0.156086108939,0.224060631954,8.59234276147,6.59657851405
repeated:v1:0,repeated,v1,0,consensus_tight_absolute,consensus_majority,758630,159,147244024.847,13.9316910083,10.6335647881,21.2737712667,26.2808386765,40.4992323306,0.272576836016,0.412658948265,0.619621887188,0.156181108945,0.224197003867,8.59234276147,6.59657851405
repeated:v1:0,repeated,v1,0,nested_consensus,consensus_majority,758630,159,147239623.343,13.9314827797,10.6335647881,21.2737712667,26.2808386765,40.4992323306,0.272584984284,0.412671284073,0.619610516365,0.156185777741,0.224203705894,8.59234276147,6.59657851405
repeated:v1:0,repeated,v1,0,shuffled_model_consensus,consensus_majority,758630,159,141324659.135,13.6487841896,10.5905117818,19.6617412553,26.9223158171,37.9527459123,0.270703116157,0.41368567523,0.603689797401,0.162722735203,0.233587467396,8.59234276147,6.59657851405
repeated:v1:0,repeated,v1,0,sign_flipped_consensus,consensus_majority,758630,159,142319835.807,13.6967557309,10.3457581801,19.0709110156,26.9223158171,41.6544956924,0.28714218914,0.429650951648,0.606461011029,0.161584890508,0.231954098463,8.59234276147,6.59657851405
repeated:v1:0,repeated,v1,0,oracle_residual_datum,consensus_majority,758630,159,56008404.2941,8.59234276147,7.2063922036,11.5816219467,14.5026746338,21.7851905052,0.218879382287,0.344666395732,3.28640930119e-24,0.410594363041,0.589405636959,8.59234276147,6.59657851405
repeated:v1:1,repeated,v1,1,last_known_tvt,e006_fallback,758223,156,222476611.903,17.1294612505,10.9804489628,25.2607458148,34.9509652317,65.3586589909,0.401554342193,0.554684133936,0.739110095302,0.121123119511,0.139766785186,8.74928051675,6.4039169619
repeated:v1:1,repeated,v1,1,e006_nested_fusion,e006_fallback,758223,156,179729008.577,15.3960960643,9.51174846325,21.5120990791,29.286740233,54.622162154,0.380175031219,0.522769325622,0.676956458687,0.150033958324,0.173009582988,8.75066671926,6.40391696191
repeated:v1:1,repeated,v1,1,mean_all_models,e006_fallback,758223,156,176462858.609,15.2555608332,9.33756565388,21.1928232122,32.6221957544,52.6916866834,0.387775432143,0.543926324095,0.670977247761,0.152810935939,0.176211816299,8.75066671926,6.40391696191
repeated:v1:1,repeated,v1,1,median_all_models,e006_fallback,758223,156,175533117.352,15.2153187775,9.34443460555,21.2376653267,32.56338161,52.5418078996,0.386240753673,0.543117594691,0.669234522332,0.153620325266,0.177145152402,8.75066671926,6.40391696191
repeated:v1:1,repeated,v1,1,consensus_majority,e006_fallback,758223,156,175446025.655,15.2115437283,9.37424363252,21.3183935485,32.448458521,52.5418078996,0.38725210576,0.542227210674,0.669070329804,0.153696582649,0.177233087548,8.75066671926,6.40391696191
repeated:v1:1,repeated,v1,1,consensus_strict,e006_fallback,758223,156,177348329.866,15.2937883029,9.37357606824,21.3183935485,32.448458521,52.5418078996,0.392268519524,0.545581303767,0.672620004647,0.152047975884,0.175332019469,8.75066671926,6.40391696191
repeated:v1:1,repeated,v1,1,consensus_tight_absolute,e006_fallback,758223,156,177197259.099,15.2872730553,9.37357606824,21.3183935485,32.448458521,52.5418078996,0.392602950803,0.546046442936,0.672340894535,0.152177605453,0.175481500012,8.75066671926,6.40391696191
repeated:v1:1,repeated,v1,1,nested_consensus,e006_fallback,758223,156,179729008.577,15.3960960643,9.51174846325,21.5120990791,29.286740233,54.622162154,0.380175031219,0.522769325622,0.676956458687,0.150033958324,0.173009582988,8.75066671926,6.40391696191
repeated:v1:1,repeated,v1,1,shuffled_model_consensus,e006_fallback,758223,156,179158637.361,15.3716468443,9.37357606824,21.5120990791,29.286740233,52.5667201545,0.378412399472,0.523791746187,0.675928014063,0.150511607923,0.173560378014,8.75066671926,6.40391696191
repeated:v1:1,repeated,v1,1,sign_flipped_consensus,e006_fallback,758223,156,178195764.976,15.3302844108,9.51174846325,21.5120990791,29.286740233,54.622162154,0.375371324393,0.521430124334,0.67417690642,0.151324890275,0.174498203305,8.75066671926,6.40391696191
repeated:v1:1,repeated,v1,1,oracle_residual_datum,e006_fallback,758223,156,58060295.4074,8.75066671926,6.78493154072,12.7833026871,15.3140466596,24.222748641,0.23421685066,0.362891398586,3.31524624697e-24,0.464438811296,0.535561188704,8.75066671926,6.40391696191
repeated:v1:2,repeated,v1,2,last_known_tvt,consensus_majority,757077,154,212681928.853,16.7608202643,11.7255581911,23.9231863154,29.7375271294,70.6393746197,0.357250741791,0.498564956688,0.697631145727,0.134591330668,0.167777523605,9.21645264696,6.86534171866
repeated:v1:2,repeated,v1,2,e006_nested_fusion,consensus_majority,757077,154,186037902.369,15.6758352608,10.5581920383,22.7988261713,28.5835706377,64.8699823667,0.364014941505,0.514665706222,0.656346171879,0.151847497884,0.191806330237,9.18948734063,6.86534171866
repeated:v1:2,repeated,v1,2,mean_all_models,consensus_majority,757077,154,187772149.746,15.7487309259,11.2378057378,21.4689711369,29.0920494448,62.7999498252,0.359738882394,0.509366243912,0.65952012899,0.150445047493,0.190034823517,9.18948734063,6.86534171866
repeated:v1:2,repeated,v1,2,median_all_models,consensus_majority,757077,154,187170643.955,15.7234860975,11.3187736198,21.5523244219,29.0457772669,61.2622647705,0.355895532587,0.505675678629,0.658425937028,0.150928529119,0.190645533853,9.18948734063,6.86534171866
repeated:v1:2,repeated,v1,2,consensus_majority,consensus_majority,757077,154,186106692.813,15.6787331863,11.34853956,21.7050733171,28.5835706377,61.2622647705,0.355804745112,0.505681683455,0.656473196323,0.151791370635,0.191735433042,9.18948734063,6.86534171866
repeated:v1:2,repeated,v1,2,consensus_strict,consensus_majority,757077,154,186598704.235,15.699444489,11.34853956,22.3483703703,28.5835706377,61.2622647705,0.352901353109,0.506798697797,0.657378985631,0.151391136944,0.191229877425,9.18948734063,6.86534171866
repeated:v1:2,repeated,v1,2,consensus_tight_absolute,consensus_majority,757077,154,185567353.856,15.6559981442,11.2608919079,22.3483703703,29.2920108388,61.2622647705,0.355556518151,0.511767318626,0.655474758914,0.152232541982,0.192292699104,9.18948734063,6.86534171866
repeated:v1:2,repeated,v1,2,nested_consensus,consensus_majority,757077,154,186106692.813,15.6787331863,11.34853956,21.7050733171,28.5835706377,61.2622647705,0.355804745112,0.505681683455,0.656473196323,0.151791370635,0.191735433042,9.18948734063,6.86534171866
repeated:v1:2,repeated,v1,2,shuffled_model_consensus,consensus_majority,757077,154,182292855.915,15.5172514667,10.445469187,22.241101162,27.3423249906,62.0564443437,0.363845996322,0.511129997945,0.649286106118,0.154967071225,0.195746822657,9.18948734063,6.86534171866
repeated:v1:2,repeated,v1,2,sign_flipped_consensus,consensus_majority,757077,154,186067175.364,15.6770685057,10.445469187,22.241101162,28.5835706377,64.8699823667,0.3639576729,0.513838854523,0.656400237174,0.151823608496,0.19177615433,9.18948734063,6.86534171866
repeated:v1:2,repeated,v1,2,oracle_residual_datum,consensus_majority,757077,154,63932637.3249,9.18948734063,7.09541849765,13.1990635852,15.7554323699,30.2873262091,0.283162866605,0.421549093675,3.4648552887e-24,0.441861796548,0.558138203452,9.18948734063,6.86534171866
repeated:v1:3,repeated,v1,3,last_known_tvt,e006_fallback,754075,151,180122499.85,15.4552740922,10.7141229601,23.3069159319,26.4570314808,50.9372022765,0.352137816721,0.486311096568,0.652346316974,0.166883434559,0.180770248467,9.1127641181,6.57113196419
repeated:v1:3,repeated,v1,3,e006_nested_fusion,e006_fallback,754075,151,163868991.211,14.7414810568,9.95146406097,22.2118966963,27.8678674558,52.4888432991,0.334978068885,0.478346907295,0.628631172181,0.172668702727,0.198700125092,8.98346421433,6.57113196419
repeated:v1:3,repeated,v1,3,mean_all_models,e006_fallback,754075,151,152477927.637,14.2198894146,9.89005153988,21.9700807138,27.5873889124,53.2054108076,0.322329960742,0.461852908883,0.600887576812,0.185568144636,0.213544278552,8.98346421433,6.57113196419
repeated:v1:3,repeated,v1,3,median_all_models,e006_fallback,754075,151,151187658.827,14.159597216,9.7539531996,21.4428060176,27.5331118794,52.9477308478,0.319840286234,0.457148405529,0.597481463407,0.187151824092,0.215366712502,8.98346421433,6.57113196419
repeated:v1:3,repeated,v1,3,consensus_majority,e006_fallback,754075,151,151483289.94,14.1734342354,9.7539531996,21.8551707821,27.5693014863,52.4888432991,0.32097061236,0.458853760834,0.598267008816,0.186786583133,0.214946408052,8.98346421433,6.57113196419
repeated:v1:3,repeated,v1,3,consensus_strict,e006_fallback,754075,151,155253051.686,14.3487081221,9.77921871849,22.407288113,27.5693014863,52.4888432991,0.321677230912,0.465365843669,0.608021649035,0.182251143036,0.209727207929,8.98346421433,6.57113196419
repeated:v1:3,repeated,v1,3,consensus_tight_absolute,e006_fallback,754075,151,155216571.612,14.3470222529,9.7539531996,22.407288113,27.5693014863,52.4888432991,0.321752833723,0.465475217173,0.607929523568,0.182293976962,0.20977649947,8.98346421433,6.57113196419
repeated:v1:3,repeated,v1,3,nested_consensus,e006_fallback,754075,151,163868991.211,14.7414810568,9.95146406097,22.2118966963,27.8678674558,52.4888432991,0.334978068885,0.478346907295,0.628631172181,0.172668702727,0.198700125092,8.98346421433,6.57113196419
repeated:v1:3,repeated,v1,3,shuffled_model_consensus,e006_fallback,754075,151,163256989.487,14.7139277932,10.0297486821,22.2118966963,26.475164868,52.4888432991,0.3278420775,0.475085737659,0.627239021293,0.173315986155,0.199444992553,8.98346421433,6.57113196419
repeated:v1:3,repeated,v1,3,sign_flipped_consensus,e006_fallback,754075,151,162828234.554,14.6945938074,10.0297486821,21.3269779048,27.8678674558,52.4888432991,0.337119163494,0.476799818214,0.626257477098,0.173772357153,0.199970165749,8.98346421433,6.57113196419
repeated:v1:3,repeated,v1,3,oracle_residual_datum,e006_fallback,754075,151,60855835.182,8.98346421433,7.23131466858,13.0528888555,15.7120942333,32.7785729696,0.260921596404,0.393806050677,3.07194378077e-24,0.464952063265,0.535047936735,8.98346421433,6.57113196419
repeated:v1:4,repeated,v1,4,last_known_tvt,e006_fallback,755984,153,198510936.381,16.2045105158,9.41224609723,21.3769539915,27.9044104932,70.2633851373,0.504861159868,0.640741180425,0.666379685473,0.145366156876,0.188254157651,9.35970499762,7.03085603328
repeated:v1:4,repeated,v1,4,e006_nested_fusion,e006_fallback,755984,153,171879607.834,15.0784213512,9.00744249969,20.5226764227,27.5751621333,59.4056725042,0.460177479468,0.601124810229,0.615602645148,0.166974767124,0.217422587728,9.34858907262,7.03085603328
repeated:v1:4,repeated,v1,4,mean_all_models,e006_fallback,755984,153,166091741.566,14.8223723016,9.38164529373,20.6237612838,28.1008292158,57.5406164439,0.446030680339,0.582239891109,0.602207394652,0.172793404542,0.224999200806,9.34858907262,7.03085603328
repeated:v1:4,repeated,v1,4,median_all_models,e006_fallback,755984,153,167358608.152,14.8787938209,9.41633945121,20.7499596753,27.9367367322,57.8812710875,0.445214455524,0.582371248505,0.605218594167,0.171485397784,0.223296008049,9.34858907262,7.03085603328
repeated:v1:4,repeated,v1,4,consensus_majority,e006_fallback,755984,153,168048125.092,14.909412608,9.58969867621,20.7266994044,27.9367367322,59.4056725042,0.449084524394,0.586982593952,0.606838418648,0.170781777397,0.222379803955,9.34858907262,7.03085603328
repeated:v1:4,repeated,v1,4,consensus_strict,e006_fallback,755984,153,167527008.677,14.8862776509,9.29048363512,20.0993293849,27.9367367322,59.4056725042,0.448747426448,0.587074447422,0.605615434036,0.17131301823,0.223071547734,9.34858907262,7.03085603328
repeated:v1:4,repeated,v1,4,consensus_tight_absolute,e006_fallback,755984,153,166312878.73,14.8322363895,9.29048363512,20.7266994044,27.9367367322,57.8812710875,0.445208515176,0.582327687165,0.602736317783,0.172563650576,0.22470003164,9.34858907262,7.03085603328
repeated:v1:4,repeated,v1,4,nested_consensus,e006_fallback,755984,153,171879607.834,15.0784213512,9.00744249969,20.5226764227,27.5751621333,59.4056725042,0.460177479468,0.601124810229,0.615602645148,0.166974767124,0.217422587728,9.34858907262,7.03085603328
repeated:v1:4,repeated,v1,4,shuffled_model_consensus,e006_fallback,755984,153,172045809.737,15.0857097574,9.01796890732,20.5226764227,27.5751621333,59.4056725042,0.459732932908,0.600544103918,0.615973985618,0.166813464015,0.217212550367,9.34858907262,7.03085603328
repeated:v1:4,repeated,v1,4,sign_flipped_consensus,e006_fallback,755984,153,171427294.001,15.0585682938,8.99569604079,20.5226764227,27.5751621333,59.4056725042,0.461391665581,0.600123174122,0.614588406184,0.16741533289,0.217996260927,9.34858907262,7.03085603328
repeated:v1:4,repeated,v1,4,oracle_residual_datum,e006_fallback,755984,153,66070066.6045,9.34858907262,6.38423390211,12.0313978408,17.7401539713,31.9412729811,0.396478192442,0.523515434846,3.36427546918e-24,0.434380635082,0.565619364918,9.34858907262,7.03085603328
repeated:v2:0,repeated,v2,0,last_known_tvt,e006_fallback,755021,151,177296395.705,15.3239398224,9.98823306222,21.2938826747,29.8695378788,70.6393746197,0.395488413109,0.543791055187,0.681909125938,0.157056845055,0.161034029007,8.64263242342,6.14935077863
repeated:v2:0,repeated,v2,0,e006_nested_fusion,e006_fallback,755021,151,159667484.08,14.5421535303,9.52773014897,20.7455063831,26.5612243134,64.8699823667,0.409193596847,0.544521552822,0.650468109391,0.170718069541,0.178813821068,8.5974988911,6.14935077863
repeated:v2:0,repeated,v2,0,mean_all_models,e006_fallback,755021,151,151588899.053,14.1694888507,9.72134029685,19.4241664247,26.4933084653,57.9599353904,0.390301350179,0.520774567142,0.631840603578,0.17981610013,0.188343296292,8.5974988911,6.14935077863
repeated:v2:0,repeated,v2,0,median_all_models,e006_fallback,755021,151,151180056.479,14.1503680521,9.60366737197,19.7755413802,26.5941906928,57.8595485871,0.384324534277,0.517071061922,0.630844974667,0.180302384359,0.188852640975,8.5974988911,6.14935077863
repeated:v2:0,repeated,v2,0,consensus_majority,e006_fallback,755021,151,151088376.758,14.1460768163,9.86965995104,19.7755413802,26.3026672281,57.8595485871,0.384557740609,0.518573207416,0.630620973122,0.180411791003,0.188967235875,8.5974988911,6.14935077863
repeated:v2:0,repeated,v2,0,consensus_strict,e006_fallback,755021,151,151018601.393,14.1428099811,9.86965995104,19.7755413802,26.3026672281,57.8595485871,0.38841027227,0.522487658456,0.630450308342,0.18049514695,0.189054544708,8.5974988911,6.14935077863
repeated:v2:0,repeated,v2,0,consensus_tight_absolute,e006_fallback,755021,151,150341270.649,14.111058511,9.58050138281,19.7755413802,26.3026672281,57.8595485871,0.386468762354,0.521150205799,0.628785380497,0.181308329596,0.189906289907,8.5974988911,6.14935077863
repeated:v2:0,repeated,v2,0,nested_consensus,e006_fallback,755021,151,159667484.08,14.5421535303,9.52773014897,20.7455063831,26.5612243134,64.8699823667,0.409193596847,0.544521552822,0.650468109391,0.170718069541,0.178813821068,8.5974988911,6.14935077863
repeated:v2:0,repeated,v2,0,shuffled_model_consensus,e006_fallback,755021,151,160127246.955,14.5630755616,9.46391232823,20.7455063831,26.5612243134,64.8699823667,0.411382478604,0.548076065222,0.651471697412,0.170227897931,0.178300404657,8.5974988911,6.14935077863
repeated:v2:0,repeated,v2,0,sign_flipped_consensus,e006_fallback,755021,151,159031011.669,14.5131403539,9.52773014897,20.7455063831,26.5612243134,64.8699823667,0.410831267591,0.544732474833,0.649069216163,0.171401315785,0.179529468052,8.5974988911,6.14935077863
repeated:v2:0,repeated,v2,0,oracle_residual_datum,e006_fallback,755021,151,55808877.5794,8.5974988911,6.61850588676,12.6093095082,15.8025473661,32.7785729696,0.305278621956,0.432649283239,4.48541581154e-24,0.488419151807,0.511580848193,8.5974988911,6.14935077863
repeated:v2:1,repeated,v2,1,last_known_tvt,e006_fallback,758677,154,205262052.875,16.4484839325,9.96441044063,22.7501054628,27.7315559124,70.2633851373,0.439506617922,0.570045040058,0.701411557156,0.137984903766,0.160603539078,8.98798568155,6.5917910214
repeated:v2:1,repeated,v2,1,e006_nested_fusion,e006_fallback,758677,154,177914433.795,15.3135941264,9.33951809146,21.505684396,27.7949157672,59.4056725042,0.408534335396,0.549130759259,0.654063439562,0.160646297995,0.185290262443,9.0069004738,6.5917910214
repeated:v2:1,repeated,v2,1,mean_all_models,e006_fallback,758677,154,182076081.436,15.4916611813,9.8592526192,21.7193428232,27.3131865878,57.8507909829,0.38721706278,0.533188604475,0.661970387358,0.156974463222,0.18105514942,9.0069004738,6.5917910214
repeated:v2:1,repeated,v2,1,median_all_models,e006_fallback,758677,154,181692878.387,15.475350476,9.89241521309,21.8680552598,27.2832531472,57.6481644695,0.384177217033,0.529842523887,0.661257459148,0.157305533397,0.181437007454,9.0069004738,6.5917910214
repeated:v2:1,repeated,v2,1,consensus_majority,e006_fallback,758677,154,181710190.737,15.4760877319,9.81789482485,21.8352472807,27.2832531472,57.6481644695,0.384807901501,0.529683568608,0.661289732681,0.157290546189,0.181419721131,9.0069004738,6.5917910214
repeated:v2:1,repeated,v2,1,consensus_strict,e006_fallback,758677,154,182660494.124,15.5165031872,9.81789482485,21.8352472807,27.2832531472,57.6481644695,0.384971149351,0.530444238347,0.663051895406,0.156472231646,0.180475872949,9.0069004738,6.5917910214
repeated:v2:1,repeated,v2,1,consensus_tight_absolute,e006_fallback,758677,154,182660494.124,15.5165031872,9.81789482485,21.8352472807,27.2832531472,57.6481644695,0.384971149351,0.530444238347,0.663051895406,0.156472231646,0.180475872949,9.0069004738,6.5917910214
repeated:v2:1,repeated,v2,1,nested_consensus,e006_fallback,758677,154,177914433.795,15.3135941264,9.33951809146,21.505684396,27.7949157672,59.4056725042,0.408534335396,0.549130759259,0.654063439562,0.160646297995,0.185290262443,9.0069004738,6.5917910214
repeated:v2:1,repeated,v2,1,shuffled_model_consensus,e006_fallback,758677,154,179072766.904,15.3633637392,9.33951809146,21.7893107792,27.7949157672,59.4056725042,0.403934629048,0.549291593161,0.656301131973,0.159607156595,0.184091711432,9.0069004738,6.5917910214
repeated:v2:1,repeated,v2,1,sign_flipped_consensus,e006_fallback,758677,154,177686558.984,15.3037840722,9.26457534828,21.505684396,27.7949157672,59.4056725042,0.409058261827,0.549834994115,0.653619791888,0.160852319459,0.185527888653,9.0069004738,6.5917910214
repeated:v2:1,repeated,v2,1,oracle_residual_datum,e006_fallback,758677,154,61547107.2793,9.0069004738,6.72860490719,12.7102791522,15.2016063752,25.1645556683,0.278796759644,0.413053221499,2.54611187221e-24,0.464380803786,0.535619196214,9.0069004738,6.5917910214
repeated:v2:2,repeated,v2,2,last_known_tvt,e006_fallback,755260,160,165954920.3,14.823365748,10.9827141362,21.9316687801,26.8364982247,51.4030848565,0.286202944129,0.419907473651,0.62759969543,0.14925763638,0.22314266819,9.04590116095,7.00225843349
repeated:v2:2,repeated,v2,2,e006_nested_fusion,e006_fallback,755260,160,154745596.044,14.3139965086,10.8837244438,21.9581916393,24.7194374914,44.9553610658,0.276601794556,0.422309246782,0.608637183235,0.152056337864,0.239306478901,8.95469271731,7.00225843349
repeated:v2:2,repeated,v2,2,mean_all_models,e006_fallback,755260,160,160007020.619,14.555303889,11.0765320808,21.4148479934,25.9161522599,46.2123786126,0.291633205499,0.426508999581,0.621506155695,0.147056351303,0.231437493002,8.95469271731,7.00225843349
repeated:v2:2,repeated,v2,2,median_all_models,e006_fallback,755260,160,162116579.586,14.6509394667,10.9789846138,21.5776953386,26.3513141972,47.0844148968,0.295428053466,0.429100459081,0.626431346474,0.145142765134,0.228425888392,8.95469271731,7.00225843349
repeated:v2:2,repeated,v2,2,consensus_majority,e006_fallback,755260,160,162144023.88,14.6521795239,11.0148509233,21.5875464938,26.3513141972,47.0844148968,0.293843771281,0.429183807287,0.626494576237,0.145118198451,0.228387225312,8.95469271731,7.00225843349
repeated:v2:2,repeated,v2,2,consensus_strict,e006_fallback,755260,160,159876225.161,14.54935366,11.0148509233,21.5875464938,24.7671280696,47.0844148968,0.291670549081,0.426294998092,0.621196508181,0.147176658764,0.231626833055,8.95469271731,7.00225843349
repeated:v2:2,repeated,v2,2,consensus_tight_absolute,e006_fallback,755260,160,159998101.683,14.5548982204,11.0148509233,21.5875464938,24.7671280696,47.0844148968,0.291448372746,0.425970273294,0.621485056928,0.147064548814,0.231450394258,8.95469271731,7.00225843349
repeated:v2:2,repeated,v2,2,nested_consensus,e006_fallback,755260,160,154745596.044,14.3139965086,10.8837244438,21.9581916393,24.7194374914,44.9553610658,0.276601794556,0.422309246782,0.608637183235,0.152056337864,0.239306478901,8.95469271731,7.00225843349
repeated:v2:2,repeated,v2,2,shuffled_model_consensus,e006_fallback,755260,160,153804795.023,14.2704180369,11.043534112,22.0036666692,24.366367311,44.9553610658,0.278293726534,0.423732177743,0.606243275178,0.152986443834,0.240770280988,8.95469271731,7.00225843349
repeated:v2:2,repeated,v2,2,sign_flipped_consensus,e006_fallback,755260,160,155116483.435,14.3311398191,10.8837244438,21.9581916393,24.7194374914,44.9553610658,0.275940432748,0.420446755952,0.609572941516,0.151692767358,0.238734291126,8.95469271731,7.00225843349
repeated:v2:2,repeated,v2,2,oracle_residual_datum,e006_fallback,755260,160,60561672.35,8.95469271731,7.60991178751,12.9554195018,15.0776898609,21.3364992461,0.201008817832,0.334613437212,3.18876050011e-24,0.388530364537,0.611469635463,8.95469271731,7.00225843349
repeated:v2:3,repeated,v2,3,last_known_tvt,consensus_majority,756289,156,218734300.421,17.0064847455,9.9374785297,25.3423628121,32.9461106588,65.3586589909,0.442065761,0.601980915355,0.705597153451,0.128753687782,0.165649158767,9.22753192187,6.92164260846
repeated:v2:3,repeated,v2,3,e006_nested_fusion,consensus_majority,756289,156,173099687.464,15.1287919312,8.95137712769,24.5867994224,29.0778351783,44.656397202,0.3912727228,0.565793922204,0.631069102529,0.159611323363,0.209319574108,9.18918011598,6.92164260846
repeated:v2:3,repeated,v2,3,mean_all_models,consensus_majority,756289,156,178952637.004,15.3824375052,9.3612760538,24.1727154384,30.1329782038,42.1785085885,0.373610384229,0.548624444565,0.643135613325,0.154390964294,0.202473422381,9.18918011598,6.92164260846
repeated:v2:3,repeated,v2,3,median_all_models,consensus_majority,756289,156,180126751.562,15.4328173616,9.65128789342,24.1215998591,29.8493439962,42.1475385707,0.367924271765,0.542766377787,0.64546175127,0.153384602511,0.201153646219,9.18918011598,6.92164260846
repeated:v2:3,repeated,v2,3,consensus_majority,consensus_majority,756289,156,180437519.657,15.4461245477,9.57276264414,23.8799518397,29.8493439962,42.9857277503,0.369846522885,0.542837415312,0.646072373585,0.153120427739,0.200807198676,9.18918011598,6.92164260846
repeated:v2:3,repeated,v2,3,consensus_strict,consensus_majority,756289,156,181679728.366,15.499202201,9.29078219144,23.8799518397,29.8493439962,42.9857277503,0.373835602689,0.545643695057,0.648492302237,0.152073489092,0.199434208671,9.18918011598,6.92164260846
repeated:v2:3,repeated,v2,3,consensus_tight_absolute,consensus_majority,756289,156,181088451.521,15.473960563,9.22427025178,23.8799518397,29.8493439962,42.9857277503,0.375056223518,0.547425291178,0.64734458486,0.152570028392,0.200085386749,9.18918011598,6.92164260846
repeated:v2:3,repeated,v2,3,nested_consensus,consensus_majority,756289,156,180437519.657,15.4461245477,9.57276264414,23.8799518397,29.8493439962,42.9857277503,0.369846522885,0.542837415312,0.646072373585,0.153120427739,0.200807198676,9.18918011598,6.92164260846
repeated:v2:3,repeated,v2,3,shuffled_model_consensus,consensus_majority,756289,156,172658322.567,15.1094921288,8.86434975373,24.5867994224,29.0778351783,44.656397202,0.392272929696,0.567240256053,0.630126007837,0.160019336335,0.209854655828,9.18918011598,6.92164260846
repeated:v2:3,repeated,v2,3,sign_flipped_consensus,consensus_majority,756289,156,172083348.882,15.0843129049,9.15346576257,24.8306056009,29.0778351783,44.656397202,0.384830164981,0.563256213826,0.62889016594,0.160554001125,0.210555832936,9.18918011598,6.92164260846
repeated:v2:3,repeated,v2,3,oracle_residual_datum,consensus_majority,756289,156,63861823.0482,9.18918011598,6.55706463725,13.1107294567,15.8313477096,31.9412729811,0.334686782072,0.467259920158,3.04814206528e-24,0.432632030707,0.567367969293,9.18918011598,6.92164260846
repeated:v2:4,repeated,v2,4,last_known_tvt,e006_fallback,758742,152,190568561.448,15.8481497165,12.1192193326,21.3951658312,28.7826320378,60.740152624,0.35935148517,0.475305754319,0.658722375523,0.157933038995,0.183344585482,9.25832608465,6.78598053805
repeated:v2:4,repeated,v2,4,e006_nested_fusion,e006_fallback,758742,152,178397402.861,15.3337084431,10.416854366,20.5644782215,28.1113965346,54.622162154,0.352568595654,0.478036416293,0.646027590407,0.158119144107,0.195853265486,9.12287884642,6.78598053805
repeated:v2:4,repeated,v2,4,mean_all_models,e006_fallback,758742,152,166876211.451,14.8303074052,11.2584332828,20.6429389341,25.3281237492,53.1168325516,0.334395400289,0.460340252817,0.621589212705,0.169035744556,0.209375042739,9.12287884642,6.78598053805
repeated:v2:4,repeated,v2,4,median_all_models,e006_fallback,758742,152,165565289.662,14.7719416716,11.271000867,20.3333911212,24.7983659896,53.1920222436,0.329859814975,0.453745297217,0.618593011345,0.1703741449,0.211032843756,9.12287884642,6.78598053805
repeated:v2:4,repeated,v2,4,consensus_majority,e006_fallback,758742,152,165219561.65,14.7565104694,11.2651595907,20.3102460053,24.7983659896,53.1920222436,0.330337343365,0.454359267254,0.617794903186,0.170730659067,0.211474437746,9.12287884642,6.78598053805
repeated:v2:4,repeated,v2,4,consensus_strict,e006_fallback,758742,152,169148091.077,14.9309172303,11.2651595907,20.3102460053,24.7983659896,53.1920222436,0.34150086999,0.464728455809,0.62667176346,0.16676537389,0.20656286265,9.12287884642,6.78598053805
repeated:v2:4,repeated,v2,4,consensus_tight_absolute,e006_fallback,758742,152,168996873.653,14.9242416608,11.2651595907,20.3102460053,24.7983659896,53.1920222436,0.341806442991,0.465144292141,0.626337711516,0.166914594581,0.206747693903,9.12287884642,6.78598053805
repeated:v2:4,repeated,v2,4,nested_consensus,e006_fallback,758742,152,178397402.861,15.3337084431,10.416854366,20.5644782215,28.1113965346,54.622162154,0.352568595654,0.478036416293,0.646027590407,0.158119144107,0.195853265486,9.12287884642,6.78598053805
repeated:v2:4,repeated,v2,4,shuffled_model_consensus,e006_fallback,758742,152,178712889.338,15.3472608848,10.416854366,20.5644782215,27.3759735035,54.622162154,0.349472853027,0.474504179552,0.646652467038,0.1578400123,0.195507520661,9.12287884642,6.78598053805
repeated:v2:4,repeated,v2,4,sign_flipped_consensus,e006_fallback,758742,152,176730106.217,15.2618860528,10.416854366,20.5644782215,28.1113965346,54.622162154,0.34560324061,0.472254742291,0.642688164978,0.159610862321,0.197700972701,9.12287884642,6.78598053805
repeated:v2:4,repeated,v2,4,oracle_residual_datum,e006_fallback,758742,152,63147758.5559,9.12287884642,7.29327460224,12.7129544898,16.3950041472,30.2873262091,0.295376390247,0.416275712444,3.36485802732e-24,0.446699064169,0.553300935831,9.12287884642,6.78598053805
repeated:v3:0,repeated,v3,0,last_known_tvt,consensus_tight_absolute,754707,148,184702833.865,15.643992185,10.8947749138,24.169264884,31.4998773402,42.8875521716,0.34503882949,0.503926816923,0.648888874734,0.156639373348,0.194471751919,9.26978978709,6.89883651886
repeated:v3:0,repeated,v3,0,e006_nested_fusion,consensus_tight_absolute,754707,148,183255177.484,15.5825646609,9.84871606522,22.1482596065,31.851400443,44.656397202,0.363161778809,0.513756404603,0.653901769387,0.150090215018,0.196008015594,9.16724054472,6.89883651886
repeated:v3:0,repeated,v3,0,mean_all_models,consensus_tight_absolute,754707,148,178252830.999,15.3684132122,10.6835169638,22.1157603996,32.5467528078,43.8917796229,0.347752690818,0.501885733352,0.64418914234,0.15430222812,0.20150862954,9.16724054472,6.89883651886
repeated:v3:0,repeated,v3,0,median_all_models,consensus_tight_absolute,754707,148,180480774.697,15.4641582087,10.9903129783,22.0625594093,32.6469066499,45.1030140157,0.346947152332,0.499841953077,0.648581447058,0.152397445312,0.19902110763,9.16724054472,6.89883651886
repeated:v3:0,repeated,v3,0,consensus_majority,consensus_tight_absolute,754707,148,180289956.41,15.4559810924,10.9330178359,22.0450503103,32.2717403173,44.656397202,0.34287051523,0.49505162732,0.648209506836,0.152558742259,0.199231750905,9.16724054472,6.89883651886
repeated:v3:0,repeated,v3,0,consensus_strict,consensus_tight_absolute,754707,148,178441434.952,15.3765414904,10.638245218,22.0450503103,31.5227962442,44.656397202,0.342283402844,0.492813059997,0.644565217183,0.154139138139,0.201295644678,9.16724054472,6.89883651886
repeated:v3:0,repeated,v3,0,consensus_tight_absolute,consensus_tight_absolute,754707,148,177979315.814,15.3566178649,10.5453193438,22.0450503103,31.7690846304,44.656397202,0.345065025699,0.496603272454,0.643642339066,0.154539356813,0.201818304121,9.16724054472,6.89883651886
repeated:v3:0,repeated,v3,0,nested_consensus,consensus_tight_absolute,754707,148,177979315.814,15.3566178649,10.5453193438,22.0450503103,31.7690846304,44.656397202,0.345065025699,0.496603272454,0.643642339066,0.154539356813,0.201818304121,9.16724054472,6.89883651886
repeated:v3:0,repeated,v3,0,shuffled_model_consensus,consensus_tight_absolute,754707,148,184712593.226,15.6444054796,10.1208003831,22.2521498376,31.7467150883,44.656397202,0.354358265797,0.507655192461,0.656632546973,0.148905976098,0.194461476929,9.16724054472,6.89883651886
repeated:v3:0,repeated,v3,0,sign_flipped_consensus,consensus_tight_absolute,754707,148,181530645.162,15.5090710833,9.94946229443,22.1482596065,31.851400443,44.656397202,0.362802486088,0.512585633035,0.650613852988,0.151516064779,0.197870082233,9.16724054472,6.89883651886
repeated:v3:0,repeated,v3,0,oracle_residual_datum,consensus_tight_absolute,754707,148,63424292.6779,9.16724054472,6.98145865859,12.9469100459,15.2066943572,31.9412729811,0.29291312063,0.406881625603,3.39100901813e-24,0.433663629983,0.566336370017,9.16724054472,6.89883651886
repeated:v3:1,repeated,v3,1,last_known_tvt,e006_fallback,759374,153,171566071.826,15.0309988719,9.90870606386,19.8623867436,27.8135836175,50.9372022765,0.375708374908,0.516713145705,0.635349615771,0.162278448387,0.202371935842,9.07666234756,6.76181034052
repeated:v3:1,repeated,v3,1,e006_nested_fusion,e006_fallback,759374,153,150789298.129,14.0915056198,9.20054306304,19.0798509971,28.0385689068,52.4888432991,0.358918111162,0.521151750942,0.586589086258,0.183154798017,0.230256115726,9.06042076901,6.76181034052
repeated:v3:1,repeated,v3,1,mean_all_models,e006_fallback,759374,153,148044091.344,13.9626444039,9.42512224906,19.0882897145,28.8985754683,52.3279656566,0.34965691795,0.486204752633,0.578923137316,0.186551068612,0.234525794072,9.06042076901,6.76181034052
repeated:v3:1,repeated,v3,1,median_all_models,e006_fallback,759374,153,147604879.737,13.9419170967,9.70155706778,19.1248398955,28.8741488552,52.1567198123,0.348795222762,0.480234282558,0.577670185204,0.187106168111,0.235223646685,9.06042076901,6.76181034052
repeated:v3:1,repeated,v3,1,consensus_majority,e006_fallback,759374,153,147398766.636,13.9321795608,9.70155706778,19.4083112455,29.0110914792,52.4888432991,0.349453991333,0.481963520937,0.577079625937,0.187367805527,0.235552568536,9.06042076901,6.76181034052
repeated:v3:1,repeated,v3,1,consensus_strict,e006_fallback,759374,153,149284224.216,14.0210034479,9.70155706778,19.4473960175,29.0110914792,52.4888432991,0.347877597948,0.483592488787,0.582421104109,0.185001352869,0.232577543022,9.06042076901,6.76181034052
repeated:v3:1,repeated,v3,1,consensus_tight_absolute,e006_fallback,759374,153,148071338.311,13.9639292312,9.70062576108,19.4473960175,29.0110914792,52.4888432991,0.347866696594,0.484693258876,0.579000620693,0.186516740896,0.234482638411,9.06042076901,6.76181034052
repeated:v3:1,repeated,v3,1,nested_consensus,e006_fallback,759374,153,150789298.129,14.0915056198,9.20054306304,19.0798509971,28.0385689068,52.4888432991,0.358918111162,0.521151750942,0.586589086258,0.183154798017,0.230256115726,9.06042076901,6.76181034052
repeated:v3:1,repeated,v3,1,shuffled_model_consensus,e006_fallback,759374,153,151076934.74,14.1049392716,9.11787183912,19.0798509971,28.0385689068,52.4888432991,0.358234764036,0.520159525863,0.587376182676,0.1828060881,0.229817729224,9.06042076901,6.76181034052
repeated:v3:1,repeated,v3,1,sign_flipped_consensus,e006_fallback,759374,153,149441431.941,14.0283841007,9.18145700783,18.9780814646,28.0385689068,52.4888432991,0.362155323092,0.521791208249,0.582860384082,0.184806737216,0.232332878702,9.06042076901,6.76181034052
repeated:v3:1,repeated,v3,1,oracle_residual_datum,e006_fallback,759374,153,62337941.5222,9.06042076901,6.61899684986,13.1130887982,16.0335683196,32.7785729696,0.32194370221,0.459206599495,2.75925418452e-24,0.443033291886,0.556966708114,9.06042076901,6.76181034052
repeated:v3:2,repeated,v3,2,last_known_tvt,consensus_majority,754375,155,209915363.281,16.6812452981,10.6221570359,21.8419373344,26.9322654284,70.2633851373,0.465300600309,0.571336002315,0.724030622561,0.115447831124,0.160521546314,8.76312316367,6.68336432392
repeated:v3:2,repeated,v3,2,e006_nested_fusion,consensus_majority,754375,155,183930847.495,15.6146999122,9.5402425908,23.0859988015,25.9758500644,59.4056725042,0.415025060004,0.551057383142,0.689079854198,0.127721192674,0.183198953128,8.70679007628,6.68336432392
repeated:v3:2,repeated,v3,2,mean_all_models,consensus_majority,754375,155,183810605.02,15.6095951211,9.95235644565,22.7382944121,27.3294609995,58.9600658428,0.401348939549,0.540525917421,0.688876461104,0.127804743415,0.183318795481,8.70679007628,6.68336432392
repeated:v3:2,repeated,v3,2,median_all_models,consensus_majority,754375,155,185441257.211,15.6786814965,10.0399686748,22.8696316542,27.6880734758,58.931587309,0.399397944143,0.538902021458,0.691612283154,0.126680909981,0.181706806865,8.70679007628,6.68336432392
repeated:v3:2,repeated,v3,2,consensus_majority,consensus_majority,754375,155,186140578.697,15.7082167828,10.1359155921,22.8696316542,27.6880734758,59.4056725042,0.400297738863,0.540057940867,0.692770881444,0.126204975702,0.181024142854,8.70679007628,6.68336432392
repeated:v3:2,repeated,v3,2,consensus_strict,consensus_majority,754375,155,185551985.343,15.6833617173,10.0062550787,22.626344669,27.214969996,59.4056725042,0.397389857761,0.538567954588,0.691796313498,0.126605313159,0.181598373343,8.70679007628,6.68336432392
repeated:v3:2,repeated,v3,2,consensus_tight_absolute,consensus_majority,754375,155,185197417.623,15.6683700349,10.0062550787,22.8696316542,27.214969996,59.4056725042,0.398150676231,0.538090945629,0.691206245451,0.126847703997,0.181946050552,8.70679007628,6.68336432392
repeated:v3:2,repeated,v3,2,nested_consensus,consensus_majority,754375,155,186140578.697,15.7082167828,10.1359155921,22.8696316542,27.6880734758,59.4056725042,0.400297738863,0.540057940867,0.692770881444,0.126204975702,0.181024142854,8.70679007628,6.68336432392
repeated:v3:2,repeated,v3,2,shuffled_model_consensus,consensus_majority,754375,155,183567084.371,15.5992515433,9.5402425908,22.7517413574,26.8780961137,61.0102683912,0.420271215993,0.551692240758,0.688463723677,0.127974289574,0.183561986749,8.70679007628,6.68336432392
repeated:v3:2,repeated,v3,2,sign_flipped_consensus,consensus_majority,754375,155,183185203.287,15.5830172589,9.5402425908,23.0859988015,25.9758500644,59.4056725042,0.416714394221,0.553300428642,0.68781427269,0.128241074006,0.183944653304,8.70679007628,6.68336432392
repeated:v3:2,repeated,v3,2,oracle_residual_datum,consensus_majority,754375,155,57187805.9206,8.70679007628,6.69207943921,13.6481756376,15.208094219,25.1645556683,0.277253673235,0.411112497866,3.343347015e-24,0.410784551592,0.589215448408,8.70679007628,6.68336432392
repeated:v3:3,repeated,v3,3,last_known_tvt,e006_fallback,758692,158,221623677.878,17.091309021,10.7742849471,23.2759012326,31.4181115296,70.6393746197,0.424996316341,0.554682752628,0.697050557236,0.140495443062,0.162453999702,9.40720061064,6.88875169244
repeated:v3:3,repeated,v3,3,e006_nested_fusion,e006_fallback,758692,158,184710734.017,15.6031870468,10.4656765563,21.9881919088,28.0148297231,64.8699823667,0.369049717643,0.501104530517,0.638423917038,0.166656967452,0.19491911551,9.38238311149,6.88875169244
repeated:v3:3,repeated,v3,3,mean_all_models,e006_fallback,758692,158,179490257.931,15.3811103683,10.1514841788,21.1624218335,27.3142342779,58.7841970823,0.350100811733,0.480975430483,0.627907472768,0.171504187147,0.200588340085,9.38238311149,6.88875169244
repeated:v3:3,repeated,v3,3,median_all_models,e006_fallback,758692,158,178804869.812,15.3517156996,10.0627096418,21.1064485691,27.1397703526,57.9540155702,0.348292955864,0.479105701921,0.626481181653,0.172161590562,0.201357227785,9.38238311149,6.88875169244
repeated:v3:3,repeated,v3,3,consensus_majority,e006_fallback,758692,158,178850314.059,15.3536664374,10.0627096418,21.1064485691,27.1397703526,57.9540155702,0.348204457774,0.479702973991,0.626576089406,0.172117845859,0.201306064735,9.38238311149,6.88875169244
repeated:v3:3,repeated,v3,3,consensus_strict,e006_fallback,758692,158,181641354.53,15.4730031368,10.4406024993,22.5717754476,27.1397703526,57.9540155702,0.350796295271,0.485463811438,0.632313996667,0.169473140447,0.198212862886,9.38238311149,6.88875169244
repeated:v3:3,repeated,v3,3,consensus_tight_absolute,e006_fallback,758692,158,180944544.845,15.4432959742,10.4406024993,22.5717754476,27.1397703526,57.9540155702,0.348666102054,0.483852217052,0.630898053631,0.170125774245,0.198976172124,9.38238311149,6.88875169244
repeated:v3:3,repeated,v3,3,nested_consensus,e006_fallback,758692,158,184710734.017,15.6031870468,10.4656765563,21.9881919088,28.0148297231,64.8699823667,0.369049717643,0.501104530517,0.638423917038,0.166656967452,0.19491911551,9.38238311149,6.88875169244
repeated:v3:3,repeated,v3,3,shuffled_model_consensus,e006_fallback,758692,158,187317025.21,15.7128828917,10.4912778025,22.1006291217,27.0247126264,64.8699823667,0.363436358433,0.498085108183,0.643454813507,0.164338136123,0.19220705037,9.38238311149,6.88875169244
repeated:v3:3,repeated,v3,3,sign_flipped_consensus,e006_fallback,758692,158,184874281.838,15.6100932578,10.4181284949,21.9881919088,28.0148297231,64.8699823667,0.36598145372,0.497919445169,0.638743782948,0.166509535459,0.194746681593,9.38238311149,6.88875169244
repeated:v3:3,repeated,v3,3,oracle_residual_datum,e006_fallback,758692,158,66786983.687,9.38238311149,7.63716916931,12.9498556231,16.4185117082,25.8842064218,0.259665621188,0.397461863022,3.61425379789e-24,0.46091811739,0.53908188261,9.38238311149,6.88875169244
repeated:v3:4,repeated,v3,4,last_known_tvt,consensus_majority,756841,159,170008283.899,14.9876214832,10.8805501787,22.8372742911,26.8340945884,56.9149172585,0.307832753117,0.464315305838,0.668040552273,0.159133621316,0.172825826412,8.63525631562,6.23070281771
repeated:v3:4,repeated,v3,4,e006_nested_fusion,consensus_majority,756841,159,141138547.12,13.6559052815,10.0297486821,20.1628806309,24.9027221445,53.0481093177,0.313040240019,0.443473685177,0.608964268575,0.182858569613,0.208177161812,8.53942674957,6.23070281772
repeated:v3:4,repeated,v3,4,mean_all_models,consensus_majority,756841,159,144382607.882,13.811953753,10.2664812999,20.2107157658,24.5475831526,50.0816890623,0.300929782953,0.432199090409,0.617750255276,0.178750011669,0.203499733055,8.53942674957,6.23070281772
repeated:v3:4,repeated,v3,4,median_all_models,consensus_majority,756841,159,145085212.875,13.8455193274,10.0862922584,20.1668169381,24.5892616109,49.7223834346,0.30174528374,0.433200224914,0.619601378311,0.177884377961,0.202514243729,8.53942674957,6.23070281772
repeated:v3:4,repeated,v3,4,consensus_majority,consensus_majority,756841,159,144450030.963,13.8151782958,10.0555141078,20.2263000691,24.5892616109,49.7223834346,0.301778749875,0.433328501294,0.61792867307,0.178666578827,0.203404748104,8.53942674957,6.23070281772
repeated:v3:4,repeated,v3,4,consensus_strict,consensus_majority,756841,159,143848179.915,13.7863677848,10.0555141078,20.2263000691,24.4445882852,49.7223834346,0.298452300906,0.430552447581,0.616330112497,0.1794141077,0.204255779803,8.53942674957,6.23070281772
repeated:v3:4,repeated,v3,4,consensus_tight_absolute,consensus_majority,756841,159,146848960.175,13.9294225327,10.2726133447,20.7847723233,24.7784676336,49.7223834346,0.294631206972,0.429620973427,0.62417020223,0.175747876,0.20008192177,8.53942674957,6.23070281772
repeated:v3:4,repeated,v3,4,nested_consensus,consensus_majority,756841,159,144450030.963,13.8151782958,10.0555141078,20.2263000691,24.5892616109,49.7223834346,0.301778749875,0.433328501294,0.61792867307,0.178666578827,0.203404748104,8.53942674957,6.23070281772
repeated:v3:4,repeated,v3,4,shuffled_model_consensus,consensus_majority,756841,159,140856057.898,13.6422322689,9.77220952888,20.1628806309,24.9027221445,53.0481093177,0.313668047549,0.445642249547,0.60818003976,0.183225295587,0.208594664653,8.53942674957,6.23070281772
repeated:v3:4,repeated,v3,4,sign_flipped_consensus,consensus_majority,756841,159,141335848.555,13.6654469297,10.0297486821,20.1628806309,24.9027221445,53.0481093177,0.312603243397,0.444743185581,0.609510145022,0.182603303461,0.207886551516,8.53942674957,6.23070281772
repeated:v3:4,repeated,v3,4,oracle_residual_datum,consensus_majority,756841,159,55190215.0053,8.53942674957,6.76562876291,12.0006918832,14.8282353752,30.2873262091,0.246039497233,0.366352580516,3.39968413676e-24,0.4676262421,0.5323737579,8.53942674957,6.23070281772
repeated:v4:0,repeated,v4,0,last_known_tvt,consensus_majority,754790,154,197105567.246,16.1598147063,10.5729176195,21.7768746569,28.8774233538,70.6393746197,0.435729258588,0.570748263814,0.695894851514,0.145046377638,0.159058770848,8.91144770971,6.44488522783
repeated:v4:0,repeated,v4,0,e006_nested_fusion,consensus_majority,754790,154,186835369.115,15.7331788037,9.74463614175,19.9434933796,32.2316037966,64.8699823667,0.439877993233,0.585229420415,0.67723092853,0.154966960971,0.167802110499,8.93845452073,6.44488522783
repeated:v4:0,repeated,v4,0,mean_all_models,consensus_majority,754790,154,187100049.429,15.744319063,10.0449289589,20.2620762456,33.0274169758,58.1390546287,0.429013069639,0.570928249514,0.677687532468,0.154747737598,0.167564729934,8.93845452073,6.44488522783
repeated:v4:0,repeated,v4,0,median_all_models,consensus_majority,754790,154,186482993.957,15.7183352602,10.0858775979,20.4284113013,33.1510256941,57.183023082,0.424080371964,0.567500302836,0.676621029472,0.155259783958,0.168119186571,8.93845452073,6.44488522783
repeated:v4:0,repeated,v4,0,consensus_majority,consensus_majority,754790,154,185767605.574,15.688156853,9.9177733785,20.3941380069,33.1267754136,57.183023082,0.424299577526,0.567228747257,0.675375701696,0.155857687158,0.168766611146,8.93845452073,6.44488522783
repeated:v4:0,repeated,v4,0,consensus_strict,consensus_majority,754790,154,186145778.853,15.7041171851,9.99518887432,20.1111799167,33.1267754136,57.183023082,0.423437571611,0.562059744847,0.676035207574,0.155541047087,0.168423745339,8.93845452073,6.44488522783
repeated:v4:0,repeated,v4,0,consensus_tight_absolute,consensus_majority,754790,154,186388822.264,15.7143659729,9.99518887432,20.1111799167,33.1267754136,57.183023082,0.422885426312,0.563057169061,0.676457644431,0.155338227915,0.168204127654,8.93845452073,6.44488522783
repeated:v4:0,repeated,v4,0,nested_consensus,consensus_majority,754790,154,185767605.574,15.688156853,9.9177733785,20.3941380069,33.1267754136,57.183023082,0.424299577526,0.567228747257,0.675375701696,0.155857687158,0.168766611146,8.93845452073,6.44488522783
repeated:v4:0,repeated,v4,0,shuffled_model_consensus,consensus_majority,754790,154,192379689.384,15.9649124315,9.92897185158,21.3041300523,32.2316037966,64.8699823667,0.441117649774,0.588584937161,0.686533028513,0.150500863403,0.162966108084,8.93845452073,6.44488522783
repeated:v4:0,repeated,v4,0,sign_flipped_consensus,consensus_majority,754790,154,185559776.382,15.6793787633,9.74463614175,19.9434933796,32.2316037966,64.8699823667,0.442901844538,0.590526730967,0.675012118559,0.156032249651,0.16895563179,8.93845452073,6.44488522783
repeated:v4:0,repeated,v4,0,oracle_residual_datum,consensus_majority,754790,154,60304678.607,8.93845452073,6.74599043681,12.2757991982,14.530164967,31.9412729811,0.330119892424,0.450290393512,3.58413065904e-24,0.480117132243,0.519882867757,8.93845452073,6.44488522783
repeated:v4:1,repeated,v4,1,last_known_tvt,e006_fallback,757687,156,233385240.963,17.5505922388,11.2878277598,24.9611953292,31.577190612,70.2633851373,0.434666842168,0.569247372749,0.717577559985,0.140134850348,0.142287589668,9.32698711049,6.62026368065
repeated:v4:1,repeated,v4,1,e006_nested_fusion,e006_fallback,757687,156,188018899.836,15.7527302286,9.90466577224,22.1864846446,27.9308073105,59.4056725042,0.390593373602,0.529093952769,0.662514471165,0.160865926073,0.176619602762,9.15131307577,6.62026368065
repeated:v4:1,repeated,v4,1,mean_all_models,e006_fallback,757687,156,186589734.867,15.6927463776,10.264533607,21.5252954075,29.0054764698,59.3259380201,0.397586267617,0.529067947659,0.659929535314,0.162098062162,0.177972402524,9.15131307577,6.62026368065
repeated:v4:1,repeated,v4,1,median_all_models,e006_fallback,757687,156,186681533.729,15.6966061802,10.4302384424,21.1645248133,29.055897514,59.4284537551,0.396309139073,0.529630910163,0.660096761718,0.162018351987,0.177884886294,9.15131307577,6.62026368065
repeated:v4:1,repeated,v4,1,consensus_majority,e006_fallback,757687,156,186930659.764,15.707076229,10.3832708636,21.3552540669,29.3791936399,59.4056725042,0.396876512408,0.529337817521,0.660549757209,0.161802427058,0.177647815733,9.15131307577,6.62026368065
repeated:v4:1,repeated,v4,1,consensus_strict,e006_fallback,757687,156,188206813.659,15.7606002261,10.4789524092,21.3552540669,29.3791936399,59.4056725042,0.397580725611,0.529297134426,0.662851431315,0.160705310574,0.17644325811,9.15131307577,6.62026368065
repeated:v4:1,repeated,v4,1,consensus_tight_absolute,e006_fallback,757687,156,189279194.135,15.8054374785,10.3832708636,21.6651660284,29.3791936399,59.4056725042,0.395328191678,0.526298347817,0.664761580733,0.159794818334,0.175443600933,9.15131307577,6.62026368065
repeated:v4:1,repeated,v4,1,nested_consensus,e006_fallback,757687,156,188018899.836,15.7527302286,9.90466577224,22.1864846446,27.9308073105,59.4056725042,0.390593373602,0.529093952769,0.662514471165,0.160865926073,0.176619602762,9.15131307577,6.62026368065
repeated:v4:1,repeated,v4,1,shuffled_model_consensus,e006_fallback,757687,156,190466824.205,15.8549454561,10.2873816691,22.1864846446,27.9308073105,59.4056725042,0.387954921794,0.527487550205,0.666851914465,0.1587984394,0.174349646135,9.15131307577,6.62026368065
repeated:v4:1,repeated,v4,1,sign_flipped_consensus,e006_fallback,757687,156,186367432.946,15.6833954683,9.86183679493,21.7534608865,27.9308073105,59.4056725042,0.391382457556,0.52813149378,0.659523894068,0.162291415207,0.178184690725,9.15131307577,6.62026368065
repeated:v4:1,repeated,v4,1,oracle_residual_datum,e006_fallback,757687,156,63453657.842,9.15131307577,7.37624293246,13.4420999381,15.8313477096,25.1645556683,0.268463571051,0.39911307192,3.38237867786e-24,0.476660218968,0.523339781032,9.15131307577,6.62026368065
repeated:v4:2,repeated,v4,2,last_known_tvt,e006_fallback,756528,153,156656939.987,14.3900504442,9.69013148079,21.3886526826,25.8862196026,56.9149172585,0.379917843268,0.495185966252,0.629432278091,0.1502550105,0.22031271141,8.75983871733,6.75432718008
repeated:v4:2,repeated,v4,2,e006_nested_fusion,e006_fallback,756528,153,136089005.339,13.412168988,9.37708570733,20.0499967758,23.6326876026,53.0481093177,0.335889178885,0.454747358615,0.57490879515,0.171481332959,0.25360987189,8.7446025759,6.75432718008
repeated:v4:2,repeated,v4,2,mean_all_models,e006_fallback,756528,153,135690947.243,13.392539437,9.46499278263,19.9186355143,24.4386635574,48.6972648737,0.33264288551,0.452306410309,0.573661762838,0.171984384447,0.254353852715,8.7446025759,6.75432718008
repeated:v4:2,repeated,v4,2,median_all_models,e006_fallback,756528,153,136139325.089,13.414648375,9.72199325103,19.3481630576,25.8447636369,48.7663005857,0.333683448237,0.450538765725,0.575065917151,0.171417950114,0.253516132735,8.7446025759,6.75432718008
repeated:v4:2,repeated,v4,2,consensus_majority,e006_fallback,756528,153,136513007.666,13.4330463846,9.77782674741,19.4483836116,25.8447636369,48.7663005857,0.331136078185,0.447665098873,0.576229106404,0.170948720826,0.252822172771,8.7446025759,6.75432718008
repeated:v4:2,repeated,v4,2,consensus_strict,e006_fallback,756528,153,138954239.117,13.5526242331,9.78140617306,21.4641366967,25.8447636369,48.7663005857,0.325318480869,0.445423617116,0.583674167742,0.167945391122,0.248380441136,8.7446025759,6.75432718008
repeated:v4:2,repeated,v4,2,consensus_tight_absolute,e006_fallback,756528,153,137597932.231,13.4863196978,9.60535368979,20.5045548851,25.8447636369,48.7663005857,0.328525154753,0.44981417088,0.579570431703,0.169600833808,0.250828734488,8.7446025759,6.75432718008
repeated:v4:2,repeated,v4,2,nested_consensus,e006_fallback,756528,153,136089005.339,13.412168988,9.37708570733,20.0499967758,23.6326876026,53.0481093177,0.335889178885,0.454747358615,0.57490879515,0.171481332959,0.25360987189,8.7446025759,6.75432718008
repeated:v4:2,repeated,v4,2,shuffled_model_consensus,e006_fallback,756528,153,138608806.238,13.5357681977,9.53870032118,20.0499967758,23.0512497402,56.0246512372,0.342021349044,0.465031046677,0.582636624494,0.168363934948,0.248999440559,8.7446025759,6.75432718008
repeated:v4:2,repeated,v4,2,sign_flipped_consensus,e006_fallback,756528,153,134532370.519,13.3352417771,9.37360912317,19.7400322052,23.0512497402,53.0481093177,0.339775654604,0.460009107664,0.569990188807,0.173465493446,0.256544317747,8.7446025759,6.75432718008
repeated:v4:2,repeated,v4,2,oracle_residual_datum,e006_fallback,756528,153,57850239.2462,8.7446025759,6.69207943921,12.3507923196,14.4678363503,30.2873262091,0.282809264035,0.404758822703,2.82068024584e-24,0.40339892005,0.59660107995,8.7446025759,6.75432718008
repeated:v4:3,repeated,v4,3,last_known_tvt,e006_fallback,755483,152,149213081.066,14.0537136686,10.505741312,20.5781217242,25.7499915299,40.8074769098,0.309813467301,0.461549823245,0.655890563487,0.144031092795,0.200078343718,8.24402674751,6.28624267733
repeated:v4:3,repeated,v4,3,e006_nested_fusion,e006_fallback,755483,152,138586425.908,13.5440328734,9.25488325042,21.6975217644,23.390407146,38.950717272,0.297447631549,0.463709745996,0.63221059143,0.152369276871,0.215420131699,8.21386590327,6.28624267733
repeated:v4:3,repeated,v4,3,mean_all_models,e006_fallback,755483,152,139953000.43,13.6106466324,9.36034806311,20.9803462452,23.1241494871,39.0451046063,0.304491462179,0.455627873366,0.635801880174,0.150881463312,0.213316656514,8.21386590327,6.28624267733
repeated:v4:3,repeated,v4,3,median_all_models,e006_fallback,755483,152,140313727.394,13.628175973,9.56168559516,20.640515052,23.3732677633,38.9776879488,0.308559446701,0.457658482632,0.636738182591,0.150493568177,0.212768249232,8.21386590327,6.28624267733
repeated:v4:3,repeated,v4,3,consensus_majority,e006_fallback,755483,152,140258703.223,13.6255035595,9.47587178925,20.640515052,23.3732677633,38.950717272,0.308619462016,0.457906624111,0.636595673216,0.150552607535,0.21285171925,8.21386590327,6.28624267733
repeated:v4:3,repeated,v4,3,consensus_strict,e006_fallback,755483,152,139570762.211,13.592047294,9.39283538729,20.640515052,22.9680454528,38.950717272,0.308017827913,0.457315815665,0.634804461815,0.151294677805,0.21390086038,8.21386590327,6.28624267733
repeated:v4:3,repeated,v4,3,consensus_tight_absolute,e006_fallback,755483,152,139894598.791,13.6078065111,9.39283538729,20.640515052,23.3732677633,38.950717272,0.309422707567,0.459098420171,0.635649838799,0.150944451625,0.213405709576,8.21386590327,6.28624267733
repeated:v4:3,repeated,v4,3,nested_consensus,e006_fallback,755483,152,138586425.908,13.5440328734,9.25488325042,21.6975217644,23.390407146,38.950717272,0.297447631549,0.463709745996,0.63221059143,0.152369276871,0.215420131699,8.21386590327,6.28624267733
repeated:v4:3,repeated,v4,3,shuffled_model_consensus,e006_fallback,755483,152,138189792.512,13.5246375217,9.42680227808,21.6975217644,23.390407146,38.950717272,0.295833623895,0.462572945131,0.631154959465,0.152806608331,0.216038432204,8.21386590327,6.28624267733
repeated:v4:3,repeated,v4,3,sign_flipped_consensus,e006_fallback,755483,152,138454394.071,13.5375796091,9.3550480926,21.3482205338,23.390407146,38.950717272,0.297731281322,0.463699995558,0.631859862862,0.152514578114,0.215625559024,8.21386590327,6.28624267733
repeated:v4:3,repeated,v4,3,oracle_residual_datum,e006_fallback,755483,152,50970619.6206,8.21386590327,6.56877852135,11.4036314088,14.9907819214,21.3279156823,0.246054765861,0.382685781946,3.73656222972e-24,0.414284025914,0.585715974086,8.21386590327,6.28624267733
repeated:v4:4,repeated,v4,4,last_known_tvt,e006_fallback,759501,158,221455401.487,17.0757175996,11.9716262776,25.1039799729,33.0654910578,51.4030848565,0.347490802438,0.50326958388,0.667346067902,0.148445096918,0.18420883518,9.84861803906,7.32882230602
repeated:v4:4,repeated,v4,4,e006_nested_fusion,e006_fallback,759501,158,194294904.048,15.9943475956,10.8701822675,26.1739951543,29.7999305691,52.4888432991,0.327131582915,0.48494667034,0.627637977168,0.162402622444,0.209959400388,9.75998657981,7.32882230602
repeated:v4:4,repeated,v4,4,mean_all_models,e006_fallback,759501,158,189513849.757,15.7963337816,10.7533537316,24.6591242159,29.8461653431,52.3322667005,0.320572935661,0.478915233755,0.61824403024,0.166499714851,0.215256254909,9.75998657981,7.32882230602
repeated:v4:4,repeated,v4,4,median_all_models,e006_fallback,759501,158,190626329.639,15.8426295792,10.9241240172,25.2423794421,29.8151385787,51.7603835819,0.316437090272,0.476574884236,0.620471927283,0.165528035947,0.21400003677,9.75998657981,7.32882230602
repeated:v4:4,repeated,v4,4,consensus_majority,e006_fallback,759501,158,190085274.797,15.8201305298,11.0764152517,24.7632979849,29.6139066281,52.4888432991,0.316699145789,0.474235376851,0.619391646332,0.165999191566,0.214609162102,9.75998657981,7.32882230602
repeated:v4:4,repeated,v4,4,consensus_strict,e006_fallback,759501,158,190742874.763,15.8474717725,11.0764152517,24.7632979849,29.6139066281,52.4888432991,0.31580714406,0.479438638481,0.620703821378,0.165426897251,0.213869281371,9.75998657981,7.32882230602
repeated:v4:4,repeated,v4,4,consensus_tight_absolute,e006_fallback,759501,158,189567962.845,15.7985888341,11.0764152517,24.7632979849,29.6139066281,52.4888432991,0.317563385984,0.475529517616,0.618353004319,0.166452186706,0.215194808975,9.75998657981,7.32882230602
repeated:v4:4,repeated,v4,4,nested_consensus,e006_fallback,759501,158,194294904.048,15.9943475956,10.8701822675,26.1739951543,29.7999305691,52.4888432991,0.327131582915,0.48494667034,0.627637977168,0.162402622444,0.209959400388,9.75998657981,7.32882230602
repeated:v4:4,repeated,v4,4,shuffled_model_consensus,e006_fallback,759501,158,195386621.214,16.0392197048,10.921292792,26.1739951543,29.5744025245,52.4888432991,0.324790315814,0.481723615945,0.629718539336,0.16149520243,0.208786258234,9.75998657981,7.32882230602
repeated:v4:4,repeated,v4,4,sign_flipped_consensus,e006_fallback,759501,158,194234238.727,15.9918504174,10.8701822675,26.1739951543,29.7999305691,53.5462797041,0.329638658697,0.487503036623,0.627521677066,0.162453345774,0.21002497716,9.75998657981,7.32882230602
repeated:v4:4,repeated,v4,4,oracle_residual_datum,e006_fallback,759501,158,72348043.4972,9.75998657981,7.22518864522,14.9119718775,18.4822078914,32.7785729696,0.263229201926,0.410788958141,3.0808793967e-24,0.436141745093,0.563858254907,9.75998657981,7.32882230602
repeated:v5:0,repeated,v5,0,last_known_tvt,e006_fallback,757854,153,212702199.379,16.7530242336,10.1529546102,21.0949768442,31.8566495283,70.6393746197,0.469569654164,0.616292369988,0.721124498823,0.125747043738,0.153128457439,8.84704830642,6.55573168796
repeated:v5:0,repeated,v5,0,e006_nested_fusion,e006_fallback,757854,153,190165757.761,15.8406641246,9.04553795377,21.8491472372,32.955429525,64.8699823667,0.438909736428,0.607626078564,0.694180620846,0.134543750627,0.171275628527,8.76003591488,6.55573168796
repeated:v5:0,repeated,v5,0,mean_all_models,e006_fallback,757854,153,180036650.247,15.4130180975,9.03747179094,21.8725238948,33.618842686,60.5308506119,0.426145954171,0.586176217146,0.676974805435,0.142113365556,0.18091182901,8.76003591488,6.55573168796
repeated:v5:0,repeated,v5,0,median_all_models,e006_fallback,757854,153,178520856.835,15.3479970736,9.19073943068,21.688794654,32.990542357,60.2088776581,0.42350372609,0.582651254416,0.674232047695,0.143320028503,0.182447923802,8.76003591488,6.55573168796
repeated:v5:0,repeated,v5,0,consensus_majority,e006_fallback,757854,153,178778155.876,15.3590534934,9.18430523536,21.8491472372,32.990542357,60.2088776581,0.422894215927,0.581150091371,0.674700895701,0.1431137611,0.182185343199,8.76003591488,6.55573168796
repeated:v5:0,repeated,v5,0,consensus_strict,e006_fallback,757854,153,182372142.581,15.5126672401,9.11787183912,21.8491472372,32.990542357,60.2088776581,0.432508906473,0.587646051697,0.681111527496,0.140293434775,0.178595037729,8.76003591488,6.55573168796
repeated:v5:0,repeated,v5,0,consensus_tight_absolute,e006_fallback,757854,153,183985322.613,15.5811251438,9.11787183912,21.8491472372,32.990542357,60.2088776581,0.428716676083,0.590605597407,0.683907535945,0.139063344437,0.177029119618,8.76003591488,6.55573168796
repeated:v5:0,repeated,v5,0,nested_consensus,e006_fallback,757854,153,190165757.761,15.8406641246,9.04553795377,21.8491472372,32.955429525,64.8699823667,0.438909736428,0.607626078564,0.694180620846,0.134543750627,0.171275628527,8.76003591488,6.55573168796
repeated:v5:0,repeated,v5,0,shuffled_model_consensus,e006_fallback,757854,153,188231017.77,15.759876927,8.99569604079,21.8491472372,32.955429525,64.8699823667,0.435722334174,0.606172833933,0.691037244212,0.135926663911,0.173036091877,8.76003591488,6.55573168796
repeated:v5:0,repeated,v5,0,sign_flipped_consensus,e006_fallback,757854,153,188922976.228,15.7888178967,9.04553795377,21.3377920004,32.955429525,64.8699823667,0.43717437004,0.607000569528,0.692168866191,0.135428812317,0.172402321492,8.76003591488,6.55573168796
repeated:v5:0,repeated,v5,0,oracle_residual_datum,e006_fallback,757854,153,58156373.9748,8.76003591488,6.42991169338,12.6942170881,17.3506953307,25.8842064218,0.30329769544,0.452148314036,2.52170063623e-24,0.439945143434,0.560054856566,8.76003591488,6.55573168796
repeated:v5:1,repeated,v5,1,last_known_tvt,consensus_majority,753449,157,142432597.167,13.7492106667,9.8618647482,19.8533023594,25.6811448672,50.9372022765,0.306843594716,0.454632797874,0.635930504479,0.163016765305,0.201052730216,8.29602232936,6.16499535665
repeated:v5:1,repeated,v5,1,e006_nested_fusion,consensus_majority,753449,157,135752530.229,13.4229210587,9.00744249969,19.8701723806,23.3183756276,52.4888432991,0.304891077054,0.453488045361,0.627343771832,0.161710159731,0.210946068437,8.19409940209,6.16499535665
repeated:v5:1,repeated,v5,1,mean_all_models,consensus_majority,753449,157,140708384.069,13.6657369678,9.60069699663,20.9447908672,23.4026368708,52.3034088624,0.290258976807,0.442426136252,0.640469001089,0.156014607747,0.203516391163,8.19409940209,6.16499535665
repeated:v5:1,repeated,v5,1,median_all_models,consensus_majority,753449,157,142182854.878,13.7371513982,9.89538937827,20.881549794,23.884445858,52.0574007398,0.288171271594,0.441218742658,0.644197425048,0.154396698295,0.201405876657,8.19409940209,6.16499535665
repeated:v5:1,repeated,v5,1,consensus_majority,consensus_majority,753449,157,142943878.68,13.7738659077,10.106784292,20.881549794,24.0148541598,52.4888432991,0.29194606431,0.443137095153,0.646091694541,0.153574700435,0.200333605025,8.19409940209,6.16499535665
repeated:v5:1,repeated,v5,1,consensus_strict,consensus_majority,753449,157,144300215.557,13.8390589574,10.2183363237,20.9583500651,24.0148541598,52.4888432991,0.289201943579,0.438971867948,0.649418223775,0.152131188873,0.198450587352,8.19409940209,6.16499535665
repeated:v5:1,repeated,v5,1,consensus_tight_absolute,consensus_majority,753449,157,144534332.237,13.8502808445,10.2183363237,20.9583500651,24.0148541598,52.4888432991,0.288733494333,0.438260821409,0.649986096062,0.151884766806,0.198129137132,8.19409940209,6.16499535665
repeated:v5:1,repeated,v5,1,nested_consensus,consensus_majority,753449,157,142943878.68,13.7738659077,10.106784292,20.881549794,24.0148541598,52.4888432991,0.29194606431,0.443137095153,0.646091694541,0.153574700435,0.200333605025,8.19409940209,6.16499535665
repeated:v5:1,repeated,v5,1,shuffled_model_consensus,consensus_majority,753449,157,134465309.418,13.3591306554,9.37360912317,20.0550827424,23.3183756276,52.4888432991,0.307809763971,0.451584212959,0.623776376983,0.163258192334,0.212965430683,8.19409940209,6.16499535665
repeated:v5:1,repeated,v5,1,sign_flipped_consensus,consensus_majority,753449,157,133463497.182,13.309272586,8.90567004468,19.8000326288,23.3183756276,52.4888432991,0.306551384629,0.454154097413,0.620952343167,0.164483651417,0.214564005416,8.19409940209,6.16499535665
repeated:v5:1,repeated,v5,1,oracle_residual_datum,consensus_majority,753449,157,50589025.8795,8.19409940209,6.44024144692,11.227451496,12.7481398157,32.7785729696,0.275128557425,0.391858080403,3.77828979032e-24,0.433939238119,0.566060761881,8.19409940209,6.16499535665
repeated:v5:2,repeated,v5,2,last_known_tvt,e006_fallback,757626,159,202848993.837,16.3628516816,11.1500214409,23.4099995523,28.2505966523,65.3586589909,0.341025533512,0.481753548251,0.694873211982,0.13293894339,0.172187844628,9.03855827637,6.78985091697
repeated:v5:2,repeated,v5,2,e006_nested_fusion,e006_fallback,757626,159,161095667.136,14.5819127296,9.75988940513,21.7771592318,24.9304715505,45.0754844561,0.322416180794,0.465523269275,0.618938729762,0.164245190361,0.216816079877,9.00143811663,6.78985091697
repeated:v5:2,repeated,v5,2,mean_all_models,e006_fallback,757626,159,159366303.204,14.5034330366,10.080030781,21.9021404965,25.9122249251,43.7030542126,0.312619522502,0.464156664157,0.614803642209,0.166027497553,0.219168860238,9.00143811663,6.78985091697
repeated:v5:2,repeated,v5,2,median_all_models,e006_fallback,757626,159,161811773.269,14.6142867176,10.244759592,22.0962417351,26.4256545105,43.4644911763,0.314396006659,0.466811520192,0.620625135559,0.163518315019,0.215856549422,9.00143811663,6.78985091697
repeated:v5:2,repeated,v5,2,consensus_majority,e006_fallback,757626,159,160521518.008,14.5559043781,10.1269591642,21.8685682195,26.4256545105,43.4644911763,0.31397902884,0.464230003273,0.617575759869,0.164832658223,0.217591581908,9.00143811663,6.78985091697
repeated:v5:2,repeated,v5,2,consensus_strict,e006_fallback,757626,159,160808063.615,14.5688903964,9.99280516371,21.8685682195,26.4256545105,43.4644911763,0.313419546253,0.463402786869,0.61825720571,0.164538941147,0.217203853143,9.00143811663,6.78985091697
repeated:v5:2,repeated,v5,2,consensus_tight_absolute,e006_fallback,757626,159,160639682.161,14.5612608864,9.99280516371,21.8685682195,26.4256545105,43.4644911763,0.313748070552,0.463888522611,0.617857065433,0.164711409779,0.217431524788,9.00143811663,6.78985091697
repeated:v5:2,repeated,v5,2,nested_consensus,e006_fallback,757626,159,161095667.136,14.5819127296,9.75988940513,21.7771592318,24.9304715505,45.0754844561,0.322416180794,0.465523269275,0.618938729762,0.164245190361,0.216816079877,9.00143811663,6.78985091697
repeated:v5:2,repeated,v5,2,shuffled_model_consensus,e006_fallback,757626,159,161535262.555,14.6017946269,9.77220952888,22.5251173512,24.2506242959,45.0754844561,0.331848208593,0.472822419647,0.619975734228,0.163798220256,0.216226045516,9.00143811663,6.78985091697
repeated:v5:2,repeated,v5,2,sign_flipped_consensus,e006_fallback,757626,159,161575509.459,14.6036135499,9.77220952888,21.7771592318,24.9304715505,45.0754844561,0.321458678451,0.466766827394,0.620070394614,0.163757419697,0.216172185689,9.00143811663,6.78985091697
repeated:v5:2,repeated,v5,2,oracle_residual_datum,e006_fallback,757626,159,61387319.5488,9.00143811663,7.41294126397,13.3591707284,15.6870014398,24.222748641,0.209435361514,0.344061331223,3.5014023963e-24,0.431020424245,0.568979575755,9.00143811663,6.78985091697
repeated:v5:3,repeated,v5,3,last_known_tvt,e006_fallback,759031,151,190165661.522,15.828373602,12.1877196168,21.0344271971,27.4686845375,56.9149172585,0.362161997095,0.494087333371,0.609922195627,0.175417945674,0.214659858699,9.88580209954,7.33350702048
repeated:v5:3,repeated,v5,3,e006_nested_fusion,e006_fallback,759031,151,163938614.575,14.6963969426,10.6451390502,19.0988562027,26.5072102724,53.0481093177,0.340851428201,0.457942149655,0.554848291884,0.196150372235,0.249001335881,9.80539053353,7.33350702048
repeated:v5:3,repeated,v5,3,mean_all_models,e006_fallback,759031,151,161570670.306,14.589872835,10.7667255531,19.3292243423,27.1534781584,50.4926501623,0.333944086549,0.453164569821,0.548324246189,0.199025109023,0.252650644788,9.80539053353,7.33350702048
repeated:v5:3,repeated,v5,3,median_all_models,e006_fallback,759031,151,162102446.189,14.6138628608,10.8678311231,19.6761906272,27.1839347926,51.0937361275,0.332965057561,0.452847623267,0.54980596518,0.198372208615,0.251821826205,9.80539053353,7.33350702048
repeated:v5:3,repeated,v5,3,consensus_majority,e006_fallback,759031,151,162590888.353,14.6358633242,10.8808314811,19.686938186,27.2059995074,51.0937361275,0.332770139279,0.452031608988,0.551158401044,0.197776275154,0.251065323802,9.80539053353,7.33350702048
repeated:v5:3,repeated,v5,3,consensus_strict,e006_fallback,759031,151,164257392.164,14.7106785283,10.8808314811,19.686938186,27.2059995074,53.0481093177,0.335868277807,0.453919758175,0.555712206661,0.195769699305,0.248518094034,9.80539053353,7.33350702048
repeated:v5:3,repeated,v5,3,consensus_tight_absolute,e006_fallback,759031,151,163273781.601,14.6665669499,10.8808314811,19.686938186,27.2059995074,51.0937361275,0.331378326834,0.450140984967,0.553035682835,0.196949075089,0.250015242076,9.80539053353,7.33350702048
repeated:v5:3,repeated,v5,3,nested_consensus,e006_fallback,759031,151,163938614.575,14.6963969426,10.6451390502,19.0988562027,26.5072102724,53.0481093177,0.340851428201,0.457942149655,0.554848291884,0.196150372235,0.249001335881,9.80539053353,7.33350702048
repeated:v5:3,repeated,v5,3,shuffled_model_consensus,e006_fallback,759031,151,163309047.595,14.6681508023,10.8758610307,18.9928380048,26.5072102724,53.0481093177,0.336820900315,0.456068261535,0.553132203153,0.196906544653,0.249961252195,9.80539053353,7.33350702048
repeated:v5:3,repeated,v5,3,sign_flipped_consensus,e006_fallback,759031,151,163802505.594,14.6902948812,10.6451390502,19.0988562027,26.5072102724,53.0481093177,0.341134653053,0.458322669104,0.55447840044,0.19631336014,0.24920823942,9.80539053353,7.33350702048
repeated:v5:3,repeated,v5,3,oracle_residual_datum,e006_fallback,759031,151,72977554.3041,9.80539053353,7.76916616693,14.4654737585,16.3119987217,31.9412729811,0.32369073473,0.44671500441,3.1247744998e-24,0.440637132597,0.559362867403,9.80539053353,7.33350702048
repeated:v5:4,repeated,v5,4,last_known_tvt,e006_fallback,756029,153,209666778.844,16.6531189533,10.3103716115,24.8586292705,29.8525517572,70.2633851373,0.422135500189,0.564813734616,0.705853115343,0.137876213475,0.156270671181,9.03187068249,6.5831586729
repeated:v5:4,repeated,v5,4,e006_nested_fusion,e006_fallback,756029,153,192872034.544,15.9722244153,10.0297486821,24.3331219015,29.8858683517,59.4056725042,0.389153564475,0.534897118363,0.67949233671,0.150629389688,0.169878273602,9.0424186953,6.5831586729
repeated:v5:4,repeated,v5,4,mean_all_models,e006_fallback,756029,153,192430008.215,15.9539112537,9.89625800971,25.1033809018,30.7821313456,59.2835889119,0.385556898531,0.543808716811,0.678756106289,0.150975396825,0.170268496886,9.0424186953,6.5831586729
repeated:v5:4,repeated,v5,4,median_all_models,e006_fallback,756029,153,193731378.03,16.0077670806,10.0194371649,25.065111946,30.6770047273,59.8859383941,0.386340620286,0.54333842592,0.680914027793,0.149961235741,0.169124736466,9.0424186953,6.5831586729
repeated:v5:4,repeated,v5,4,consensus_majority,e006_fallback,756029,153,192785402.038,15.9686368832,10.0194371649,24.8888510918,30.6770047273,59.4056725042,0.384320131603,0.542088307573,0.6793483093,0.150697078431,0.169954612269,9.0424186953,6.5831586729
repeated:v5:4,repeated,v5,4,consensus_strict,e006_fallback,756029,153,193717820.42,16.0072069471,10.0194371649,24.8888510918,30.6770047273,59.4056725042,0.386891890111,0.543900683454,0.680891696119,0.149971730986,0.169136572895,9.0424186953,6.5831586729
repeated:v5:4,repeated,v5,4,consensus_tight_absolute,e006_fallback,756029,153,193880229.049,16.013915581,9.96817464011,24.8888510918,30.6770047273,59.4056725042,0.38656780043,0.543445071426,0.681159005181,0.14984610341,0.168994891409,9.0424186953,6.5831586729
repeated:v5:4,repeated,v5,4,nested_consensus,e006_fallback,756029,153,192872034.544,15.9722244153,10.0297486821,24.3331219015,29.8858683517,59.4056725042,0.389153564475,0.534897118363,0.67949233671,0.150629389688,0.169878273602,9.0424186953,6.5831586729
repeated:v5:4,repeated,v5,4,shuffled_model_consensus,e006_fallback,756029,153,195108995.023,16.0645815914,10.2396329853,25.6488445164,29.8858683517,59.4056725042,0.384986497449,0.537792604094,0.683167015962,0.148902396057,0.16793058798,9.0424186953,6.5831586729
repeated:v5:4,repeated,v5,4,sign_flipped_consensus,e006_fallback,756029,153,191969687.607,15.9348177885,10.0818161082,24.3331219015,29.8858683517,59.4056725042,0.387384334197,0.533812950665,0.677985801423,0.151337417972,0.170676780605,9.0424186953,6.5831586729
repeated:v5:4,repeated,v5,4,oracle_residual_datum,e006_fallback,756029,153,61816965.1057,9.0424186953,7.18218693549,13.0781704304,15.4596887486,25.1645556683,0.280745334204,0.410464536858,3.66434341146e-24,0.469971257915,0.530028742085,9.0424186953,6.5831586729
spatial:0,spatial,spatial,0,last_known_tvt,e006_fallback,836580,155,183832797.738,14.8237389896,10.0452377359,22.0168145081,28.966550119,42.8875521716,0.318482631673,0.463698893592,0.67893731273,0.118709394112,0.202353293157,8.3994853642,6.66826572535
spatial:0,spatial,spatial,0,e006_nested_fusion,e006_fallback,836580,155,179863740.002,14.6628391682,10.0297486821,22.972906788,28.3495872503,44.656397202,0.298425621345,0.444540783986,0.669264406151,0.123916965412,0.206818628437,8.43254250801,6.66826572535
spatial:0,spatial,spatial,0,mean_all_models,e006_fallback,836580,155,183555472.359,14.8125534158,10.3750059668,22.1657326169,29.3921097623,44.187618046,0.307858938577,0.454523173716,0.675916276988,0.121424703727,0.202659019285,8.43254250801,6.66826572535
spatial:0,spatial,spatial,0,median_all_models,e006_fallback,836580,155,184700080.893,14.8586654324,10.4985519621,22.1838635454,29.3897900139,44.2993646381,0.306433149107,0.454254295488,0.677924662656,0.120672220287,0.201403117057,8.43254250801,6.66826572535
spatial:0,spatial,spatial,0,consensus_majority,e006_fallback,836580,155,184738204.142,14.8601988139,10.4985519621,21.6715524029,29.4723967521,44.656397202,0.307475526891,0.454551375351,0.677991127295,0.120647317928,0.201361554776,8.43254250801,6.66826572535
spatial:0,spatial,spatial,0,consensus_strict,e006_fallback,836580,155,184353319.176,14.8447108177,10.4408068876,21.6715524029,29.2168686986,44.656397202,0.307656268034,0.453888219676,0.677318850959,0.120899200233,0.201781948808,8.43254250801,6.66826572535
spatial:0,spatial,spatial,0,consensus_tight_absolute,e006_fallback,836580,155,184224378.625,14.8395185597,10.4408068876,21.6715524029,29.2168686986,44.656397202,0.307871599844,0.454205900743,0.67709300308,0.120983818835,0.201923178084,8.43254250801,6.66826572535
spatial:0,spatial,spatial,0,nested_consensus,e006_fallback,836580,155,179863740.002,14.6628391682,10.0297486821,22.972906788,28.3495872503,44.656397202,0.298425621345,0.444540783986,0.669264406151,0.123916965412,0.206818628437,8.43254250801,6.66826572535
spatial:0,spatial,spatial,0,shuffled_model_consensus,e006_fallback,836580,155,181127794.58,14.7142730433,10.1819089091,23.0532838992,28.3495872503,44.656397202,0.296342968742,0.440802166104,0.671572543577,0.123052173745,0.205375282678,8.43254250801,6.66826572535
spatial:0,spatial,spatial,0,sign_flipped_consensus,e006_fallback,836580,155,180098357.754,14.6723992976,10.1819089091,22.972906788,28.3495872503,44.656397202,0.29795869734,0.44388351282,0.66969526206,0.12375553629,0.206549201651,8.43254250801,6.66826572535
spatial:0,spatial,spatial,0,oracle_residual_datum,e006_fallback,836580,155,59487340.8613,8.43254250801,7.01454505255,12.7955005196,14.3520974851,17.4624111772,0.181153622257,0.313473164414,4.01506407567e-24,0.374670787532,0.625329212468,8.43254250801,6.66826572535
spatial:1,spatial,spatial,1,last_known_tvt,consensus_majority,680157,155,168381066.224,15.7341049102,11.8657010039,25.2336203201,27.7152327802,45.7766624537,0.295500164007,0.453880838442,0.610141061158,0.181753452704,0.208105486138,9.82416820735,7.17767527051
spatial:1,spatial,spatial,1,e006_nested_fusion,consensus_majority,680157,155,159915424.173,15.3334750602,10.9524082651,22.4564559166,26.2572246545,45.0754844561,0.302129322515,0.449575193092,0.59652871034,0.18434906412,0.21912222554,9.73972981271,7.17767527051
spatial:1,spatial,spatial,1,mean_all_models,consensus_majority,680157,155,165255690.127,15.5873980166,11.436083501,21.5454060427,25.1847094998,43.4121430236,0.291933363807,0.435982897373,0.609566954227,0.178391792513,0.21204125326,9.73972981271,7.17767527051
spatial:1,spatial,spatial,1,median_all_models,consensus_majority,680157,155,166642131.241,15.6526480279,11.5907770233,21.7627971163,25.2403404736,43.3734322074,0.295896963852,0.437719887965,0.612815306985,0.176907595728,0.210277097287,9.73972981271,7.17767527051
spatial:1,spatial,spatial,1,consensus_majority,consensus_majority,680157,155,166780637.247,15.6591515918,11.6147029285,22.101678259,25.4624127992,43.3734322074,0.295651230849,0.439884943172,0.61313685154,0.176760679604,0.210102468855,9.73972981271,7.17767527051
spatial:1,spatial,spatial,1,consensus_strict,consensus_majority,680157,155,167194915.337,15.6785879603,11.6147029285,22.101678259,25.4624127992,45.0754844561,0.298363646522,0.442239974371,0.614095426901,0.176322699319,0.20958187378,9.73972981271,7.17767527051
spatial:1,spatial,spatial,1,consensus_tight_absolute,consensus_majority,680157,155,166589446.761,15.6501735132,11.5907770233,22.101678259,25.4624127992,43.3734322074,0.295990542274,0.440389787973,0.612692858509,0.176963543357,0.210343598134,9.73972981271,7.17767527051
spatial:1,spatial,spatial,1,nested_consensus,consensus_majority,680157,155,166780637.247,15.6591515918,11.6147029285,22.101678259,25.4624127992,43.3734322074,0.295651230849,0.439884943172,0.61313685154,0.176760679604,0.210102468855,9.73972981271,7.17767527051
spatial:1,spatial,spatial,1,shuffled_model_consensus,consensus_majority,680157,155,161971290.175,15.4317235558,11.1922862226,22.5500434791,26.2572246545,45.0754844561,0.297645911303,0.443220283837,0.601649882779,0.18200916195,0.216340955271,9.73972981271,7.17767527051
spatial:1,spatial,spatial,1,sign_flipped_consensus,consensus_majority,680157,155,160027435.765,15.3388442305,10.9524082651,22.4564559166,26.2572246545,45.0754844561,0.301917846363,0.449260511845,0.596811121048,0.184220028546,0.218968850407,9.73972981271,7.17767527051
spatial:1,spatial,spatial,1,oracle_residual_datum,consensus_majority,680157,155,64521282.4276,9.73972981271,7.83228283288,13.8306673077,16.6137055355,31.9412729811,0.291564587965,0.420206039409,3.491456174e-24,0.456907514474,0.543092485526,9.73972981271,7.17767527051
spatial:2,spatial,spatial,2,last_known_tvt,e006_fallback,795791,154,192374799.788,15.5480016781,10.5759747554,23.1677427715,25.2167619522,51.4030848565,0.36696488805,0.496829091549,0.681500164005,0.133128296578,0.185371539417,8.77463753085,6.69416028826
spatial:2,spatial,spatial,2,e006_nested_fusion,e006_fallback,795791,154,168494503.174,14.5510173013,9.38251906517,21.4307603639,26.9371730383,44.9553610658,0.353493187887,0.492433391428,0.645222427475,0.14313379715,0.211643775375,8.66705267441,6.69416028826
spatial:2,spatial,spatial,2,mean_all_models,e006_fallback,795791,154,163347566.242,14.3270515164,9.68964657079,22.0275049531,26.1503379456,44.0238155541,0.333913912312,0.476116631516,0.634043700832,0.147643816147,0.218312483021,8.66705267441,6.69416028826
spatial:2,spatial,spatial,2,median_all_models,e006_fallback,795791,154,164842666.135,14.3924690253,9.73404985605,22.4053569338,26.0048436778,45.1267372477,0.332857925157,0.475029277015,0.637362873208,0.146304707414,0.216332419378,8.66705267441,6.69416028826
spatial:2,spatial,spatial,2,consensus_majority,e006_fallback,795791,154,165322165.943,14.4133864703,9.7720228424,22.4942798261,25.8618683221,44.9553610658,0.33387324755,0.476299994425,0.638414664611,0.145880365773,0.215704969616,8.66705267441,6.69416028826
spatial:2,spatial,spatial,2,consensus_strict,e006_fallback,795791,154,165356757.422,14.4148942968,9.68296181081,22.4942798261,25.8618683221,44.9553610658,0.333803403598,0.476200355793,0.638490305737,0.14584984862,0.215659845643,8.66705267441,6.69416028826
spatial:2,spatial,spatial,2,consensus_tight_absolute,e006_fallback,795791,154,165403320.018,14.4169236897,9.7720228424,22.4942798261,25.8618683221,44.9553610658,0.333709434789,0.476066300898,0.638592074129,0.145808790511,0.21559913536,8.66705267441,6.69416028826
spatial:2,spatial,spatial,2,nested_consensus,e006_fallback,795791,154,168494503.174,14.5510173013,9.38251906517,21.4307603639,26.9371730383,44.9553610658,0.353493187887,0.492433391428,0.645222427475,0.14313379715,0.211643775375,8.66705267441,6.69416028826
spatial:2,spatial,spatial,2,shuffled_model_consensus,e006_fallback,795791,154,169515822.304,14.5950507265,9.50275802502,21.4307603639,26.9371730383,44.9553610658,0.34759200825,0.485695108293,0.647359933678,0.14227142759,0.210368638732,8.66705267441,6.69416028826
spatial:2,spatial,spatial,2,sign_flipped_consensus,e006_fallback,795791,154,167842794.617,14.5228495873,9.38251906517,21.4307603639,26.9371730383,44.9553610658,0.354865749253,0.493348893238,0.643844879034,0.143689564353,0.212465556613,8.66705267441,6.69416028826
spatial:2,spatial,spatial,2,oracle_residual_datum,e006_fallback,795791,154,59778070.8199,8.66705267441,6.86896355245,13.8723101434,16.5497305645,21.7851905052,0.258193410868,0.404106863943,3.5673270969e-24,0.403446576771,0.596553423229,8.66705267441,6.69416028826
spatial:3,spatial,spatial,3,last_known_tvt,e006_fallback,754213,155,213401319.664,16.8209896443,9.8003496065,20.5004264496,28.6564787746,70.2633851373,0.518787250863,0.625752593143,0.702442529691,0.137087164128,0.160470306181,9.17565281216,6.73827737085
spatial:3,spatial,spatial,3,e006_nested_fusion,e006_fallback,754213,155,168830716.346,14.9616235988,9.37354301331,18.4537319492,26.0630228074,59.4056725042,0.490335590559,0.598325459756,0.623760823704,0.173405380129,0.202833796167,9.17721131962,6.73827737085
spatial:3,spatial,spatial,3,mean_all_models,e006_fallback,754213,155,163865017.644,14.7399536409,9.55071175475,18.6548608799,25.8102020355,57.5571650357,0.481396921938,0.586578408752,0.612359425064,0.178660186087,0.208980388849,9.17721131962,6.73827737085
spatial:3,spatial,spatial,3,median_all_models,e006_fallback,754213,155,166015234.706,14.8363464078,9.54923445118,18.9830021234,27.5112889006,57.42570235,0.477969680061,0.586087846185,0.61738011717,0.176346192548,0.206273690282,9.17721131962,6.73827737085
spatial:3,spatial,spatial,3,consensus_majority,e006_fallback,754213,155,166746667.279,14.8689935939,9.54436895649,18.5744152616,27.6759142165,57.42570235,0.476739467341,0.583509726929,0.619058475422,0.175572651755,0.205368872823,9.17721131962,6.73827737085
spatial:3,spatial,spatial,3,consensus_strict,e006_fallback,754213,155,168542972.948,14.9488683834,9.54436895649,18.5744152616,27.6759142165,59.4056725042,0.482588917141,0.587472466066,0.623118492926,0.173701424826,0.203180082248,9.17721131962,6.73827737085
spatial:3,spatial,spatial,3,consensus_tight_absolute,e006_fallback,754213,155,165069201.859,14.7940137758,9.6101026607,18.5744152616,27.0786095451,57.42570235,0.471781577374,0.579636857161,0.615187273362,0.177356855281,0.207455871357,9.17721131962,6.73827737085
spatial:3,spatial,spatial,3,nested_consensus,e006_fallback,754213,155,168830716.346,14.9616235988,9.37354301331,18.4537319492,26.0630228074,59.4056725042,0.490335590559,0.598325459756,0.623760823704,0.173405380129,0.202833796167,9.17721131962,6.73827737085
spatial:3,spatial,spatial,3,shuffled_model_consensus,e006_fallback,754213,155,170106400.327,15.0180421983,9.22899702133,18.9250318581,26.0630228074,59.4056725042,0.489780588049,0.597590063352,0.626582365336,0.172104956011,0.201312678654,9.17721131962,6.73827737085
spatial:3,spatial,spatial,3,sign_flipped_consensus,e006_fallback,754213,155,167656416.15,14.9095001001,9.37354301331,18.1348377851,26.0630228074,59.4056725042,0.493770002394,0.597455847969,0.62112556674,0.174619947257,0.204254486003,9.17721131962,6.73827737085
spatial:3,spatial,spatial,3,oracle_residual_datum,e006_fallback,754213,155,63520729.6513,9.17721131962,6.73546098379,11.9103586627,14.14321424,30.2873262091,0.359163593552,0.465730943808,3.07378697769e-24,0.460891345331,0.539108654669,9.17721131962,6.73827737085
spatial:4,spatial,spatial,4,last_known_tvt,e006_fallback,717248,154,199826247.334,16.6913549728,10.8934911745,24.4274343146,35.3705807792,70.6393746197,0.432439813016,0.576773633713,0.702329010125,0.159673742959,0.137997246915,9.10667524008,6.20050132178
spatial:4,spatial,spatial,4,e006_nested_fusion,e006_fallback,717248,154,166720220.551,15.2461246127,9.40255637306,20.8521266241,30.7261462836,64.8699823667,0.407983847215,0.571550526743,0.654392161537,0.180208153275,0.165399685188,8.96295584693,6.20050132178
spatial:4,spatial,spatial,4,mean_all_models,e006_fallback,717248,154,161940110.22,15.0259708612,9.83406912795,20.1101003427,32.0367763496,58.5859939593,0.392829216264,0.561648627285,0.644190590124,0.185527495432,0.170281914444,8.96295584693,6.20050132178
spatial:4,spatial,spatial,4,median_all_models,e006_fallback,717248,154,161143620.754,14.9889732954,10.0305634337,20.401808302,32.0401551268,57.8035245252,0.390338640721,0.561485970767,0.642431920152,0.186444507816,0.171123572032,8.96295584693,6.20050132178
spatial:4,spatial,spatial,4,consensus_majority,e006_fallback,717248,154,160927497.655,14.9789184442,10.0171897438,20.1713799077,32.2725869184,57.8035245252,0.392836253446,0.561531569932,0.641951711844,0.186694899858,0.171353388298,8.96295584693,6.20050132178
spatial:4,spatial,spatial,4,consensus_strict,e006_fallback,717248,154,162829868.424,15.067193406,9.84698503846,20.2059703682,32.2725869184,57.8035245252,0.398811633789,0.565536052418,0.646134854677,0.184513709616,0.169351435707,8.96295584693,6.20050132178
spatial:4,spatial,spatial,4,consensus_tight_absolute,e006_fallback,717248,154,162828414.848,15.0671261538,10.0171897438,20.2059703682,32.2725869184,57.8035245252,0.398815193995,0.565541100979,0.646131695709,0.184515356777,0.169352947514,8.96295584693,6.20050132178
spatial:4,spatial,spatial,4,nested_consensus,e006_fallback,717248,154,166720220.551,15.2461246127,9.40255637306,20.8521266241,30.7261462836,64.8699823667,0.407983847215,0.571550526743,0.654392161537,0.180208153275,0.165399685188,8.96295584693,6.20050132178
spatial:4,spatial,spatial,4,shuffled_model_consensus,e006_fallback,717248,154,166911027.135,15.2548464974,9.5515452669,20.8521266241,30.7261462836,64.8699823667,0.410963297549,0.57420783156,0.654787247781,0.180002145903,0.165210606315,8.96295584693,6.20050132178
spatial:4,spatial,spatial,4,sign_flipped_consensus,e006_fallback,717248,154,167385802.148,15.2765271407,9.38851312256,20.8521266241,30.7261462836,64.8699823667,0.406361567806,0.569763941579,0.655766413199,0.179491585748,0.164742001053,8.96295584693,6.20050132178
spatial:4,spatial,spatial,4,oracle_residual_datum,e006_fallback,717248,154,57619815.0528,8.96295584693,6.39913555947,12.5545206518,17.2993639606,32.7785729696,0.315353859978,0.454603155577,2.33731788005e-24,0.521423802413,0.478576197587,8.96295584693,6.20050132178
typewell:0,typewell,typewell,0,last_known_tvt,e006_fallback,735839,155,212400972.677,16.9897445711,10.0370886735,21.3694425971,32.460439202,70.2633851373,0.489914008222,0.616236854987,0.686643655252,0.149533385286,0.163822959463,9.51056013404,6.87660744659
typewell:0,typewell,typewell,0,e006_nested_fusion,e006_fallback,735839,155,187028141.316,15.94270749,9.30188346298,22.2473804424,30.1370633607,59.4056725042,0.450962294517,0.585273961277,0.651434328171,0.162517969638,0.18604770219,9.41248690088,6.8766074466
typewell:0,typewell,typewell,0,mean_all_models,e006_fallback,735839,155,178275366.626,15.5651843283,9.44456137163,20.9583600968,29.0506984051,59.6379893505,0.452779476923,0.57875907481,0.634320820861,0.170497104379,0.19518207476,9.41248690088,6.8766074466
typewell:0,typewell,typewell,0,median_all_models,e006_fallback,735839,155,176609419.437,15.4922868783,9.51288457716,20.8670825324,28.6896367298,59.7489634543,0.450929048223,0.575525272156,0.630871388761,0.172105394428,0.197023216812,9.41248690088,6.8766074466
typewell:0,typewell,typewell,0,consensus_majority,e006_fallback,735839,155,177323200.977,15.5235619877,9.35093539156,20.8670825324,28.6896367298,59.4056725042,0.450800389227,0.574545066766,0.632357247278,0.171412616197,0.196230136525,9.41248690088,6.8766074466
typewell:0,typewell,typewell,0,consensus_strict,e006_fallback,735839,155,179368321.285,15.6128242426,9.51288457716,20.8670825324,29.1279668605,59.4056725042,0.451750312339,0.577551614907,0.636549033511,0.169458205184,0.193992761305,9.41248690088,6.8766074466
typewell:0,typewell,typewell,0,consensus_tight_absolute,e006_fallback,735839,155,179109803.215,15.6015690429,9.51288457716,20.8670825324,29.1279668605,59.4056725042,0.452402345992,0.578385223825,0.636024446688,0.169702792624,0.194272760688,9.41248690088,6.8766074466
typewell:0,typewell,typewell,0,nested_consensus,e006_fallback,735839,155,187028141.316,15.94270749,9.30188346298,22.2473804424,30.1370633607,59.4056725042,0.450962294517,0.585273961277,0.651434328171,0.162517969638,0.18604770219,9.41248690088,6.8766074466
typewell:0,typewell,typewell,0,shuffled_model_consensus,e006_fallback,735839,155,185788402.714,15.8897805558,9.30188346298,22.2473804424,30.1370633607,58.1896825482,0.442886130129,0.578094038827,0.649108400866,0.163602428074,0.18728917106,9.41248690088,6.8766074466
typewell:0,typewell,typewell,0,sign_flipped_consensus,e006_fallback,735839,155,185271866.939,15.8676765043,9.36261569128,22.2473804424,29.6488050085,59.4056725042,0.450189341753,0.585774208502,0.648130119236,0.164058549709,0.187811331055,9.41248690088,6.8766074466
typewell:0,typewell,typewell,0,oracle_residual_datum,e006_fallback,735839,155,65191589.7287,9.41248690088,6.69158852744,14.4898713996,16.6673989811,31.9412729811,0.363247706281,0.499133525304,3.23308467959e-24,0.466247777028,0.533752222972,9.41248690088,6.8766074466
typewell:1,typewell,typewell,1,last_known_tvt,consensus_majority,779705,155,181383777.839,15.2522551535,10.3103716115,22.7606158816,28.4625056645,50.9372022765,0.369638628727,0.510315922385,0.670397626076,0.158154049118,0.171448324806,8.75647329307,6.31539741422
typewell:1,typewell,typewell,1,e006_nested_fusion,consensus_majority,779705,155,170780684.587,14.7997444172,10.0297486821,20.6716356402,25.6459740584,52.4888432991,0.380657437015,0.514966387248,0.649502591017,0.1684045398,0.182092869183,8.76186629012,6.31539741422
typewell:1,typewell,typewell,1,mean_all_models,consensus_majority,779705,155,161338277.931,14.3847907564,10.0626805943,20.6351041982,25.2065938277,51.2382698871,0.360108583026,0.501441998954,0.6289895478,0.178260503109,0.19274994909,8.76186629012,6.31539741422
typewell:1,typewell,typewell,1,median_all_models,consensus_majority,779705,155,160527115.935,14.3485839149,10.1450163904,20.4608442026,25.1671842736,51.2129503392,0.360598254698,0.50043290573,0.627114789276,0.179161273952,0.193723936772,8.76186629012,6.31539741422
typewell:1,typewell,typewell,1,consensus_majority,consensus_majority,779705,155,160921744.768,14.3662098754,10.1450163904,20.4188960659,25.1119157794,51.2129503392,0.361879642951,0.502454486911,0.628029216695,0.178721916271,0.193248867033,8.76186629012,6.31539741422
typewell:1,typewell,typewell,1,consensus_strict,consensus_majority,779705,155,161091943.104,14.3738050542,10.1450163904,20.4188960659,25.1119157794,52.4888432991,0.362900523951,0.503326846488,0.628422214674,0.178533091355,0.19304469397,8.76186629012,6.31539741422
typewell:1,typewell,typewell,1,consensus_tight_absolute,consensus_majority,779705,155,160790309.083,14.3603417488,10.1450163904,20.4188960659,25.1119157794,51.2129503392,0.362175456169,0.502865210977,0.627725154623,0.178868009886,0.193406835491,8.76186629012,6.31539741422
typewell:1,typewell,typewell,1,nested_consensus,consensus_majority,779705,155,160921744.768,14.3662098754,10.1450163904,20.4188960659,25.1119157794,51.2129503392,0.361879642951,0.502454486911,0.628029216695,0.178721916271,0.193248867033,8.76186629012,6.31539741422
typewell:1,typewell,typewell,1,shuffled_model_consensus,consensus_majority,779705,155,169421497.892,14.7407336479,10.0297486821,20.6716356402,25.2552199434,52.4888432991,0.378705155494,0.512328711124,0.646690719908,0.169755567933,0.183553712158,8.76186629012,6.31539741422
typewell:1,typewell,typewell,1,sign_flipped_consensus,consensus_majority,779705,155,170459610.728,14.7858258451,10.0297486821,20.6716356402,25.5122608889,52.4888432991,0.381374434736,0.514363748853,0.648842402041,0.168721742775,0.182435855184,8.76186629012,6.31539741422
typewell:1,typewell,typewell,1,oracle_residual_datum,consensus_majority,779705,155,59858187.4522,8.76186629012,6.69207943921,11.7207639103,14.22931408,32.7785729696,0.293680512087,0.410665943395,3.38118285689e-24,0.480472994905,0.519527005095,8.76186629012,6.31539741422
typewell:2,typewell,typewell,2,last_known_tvt,e006_fallback,763373,154,186446805.057,15.6282041329,10.2265782092,25.2738938503,28.7413932654,65.3586589909,0.338940966028,0.480171842623,0.685335454523,0.137306572399,0.177357973079,8.76663613497,6.58164469722
typewell:2,typewell,typewell,2,e006_nested_fusion,e006_fallback,763373,154,162912057.492,14.6085871826,9.80461090035,23.3126245425,29.1396374481,41.3133399112,0.307183085555,0.482122697168,0.641323840543,0.155696540017,0.20297961944,8.74902126608,6.58164469722
typewell:2,typewell,typewell,2,mean_all_models,e006_fallback,763373,154,168139104.984,14.8410957857,10.4639622017,24.5869516943,30.208977958,40.5264598018,0.306742641584,0.486546384808,0.652474234855,0.15085630247,0.196669462675,8.74902126608,6.58164469722
typewell:2,typewell,typewell,2,median_all_models,e006_fallback,763373,154,167930265.424,14.8318761252,10.3191625761,24.5710521567,30.1485792454,39.5632651482,0.305904855643,0.484808651683,0.652042048747,0.151043908699,0.196914042554,8.74902126608,6.58164469722
typewell:2,typewell,typewell,2,consensus_majority,e006_fallback,763373,154,167786040.899,14.825505684,10.2587235389,24.5710521567,30.1485792454,39.5632651482,0.308123950596,0.487085156954,0.651742953124,0.151173742122,0.197083304754,8.74902126608,6.58164469722
typewell:2,typewell,typewell,2,consensus_strict,e006_fallback,763373,154,168297356.307,14.8480783097,10.3191625761,24.5710521567,29.9493724449,41.3133399112,0.304413496974,0.485174048955,0.652801016055,0.150714451107,0.196484532838,8.74902126608,6.58164469722
typewell:2,typewell,typewell,2,consensus_tight_absolute,e006_fallback,763373,154,168642175.93,14.8632814271,10.3191625761,24.5710521567,30.1485792454,41.3133399112,0.306559717292,0.486950671424,0.653510927572,0.15040628798,0.196082784448,8.74902126608,6.58164469722
typewell:2,typewell,typewell,2,nested_consensus,e006_fallback,763373,154,162912057.492,14.6085871826,9.80461090035,23.3126245425,29.1396374481,41.3133399112,0.307183085555,0.482122697168,0.641323840543,0.155696540017,0.20297961944,8.74902126608,6.58164469722
typewell:2,typewell,typewell,2,shuffled_model_consensus,e006_fallback,763373,154,165747401.426,14.735163753,9.89501702411,23.3126245425,29.41924049,41.3133399112,0.311822699856,0.487693715999,0.647459503994,0.153033130295,0.19950736571,8.74902126608,6.58164469722
typewell:2,typewell,typewell,2,sign_flipped_consensus,e006_fallback,763373,154,161761275.479,14.5568995023,9.80461090035,22.6714386418,29.1396374481,39.8837644884,0.305021100515,0.478684741616,0.638772191075,0.15680417704,0.204423631885,8.74902126608,6.58164469722
typewell:2,typewell,typewell,2,oracle_residual_datum,e006_fallback,763373,154,58432671.1104,8.74902126608,7.25275853101,13.189946096,15.7107893854,23.6433818066,0.221969736306,0.355324752855,3.59892960638e-24,0.434086670976,0.565913329024,8.74902126608,6.58164469722
typewell:3,typewell,typewell,3,last_known_tvt,consensus_majority,738961,155,204019179.899,16.6159332772,10.9262588236,23.1481620612,28.9521619384,70.6393746197,0.422347869611,0.552976037774,0.696820992127,0.143794564882,0.15938444299,9.14901423462,6.63357592265
typewell:3,typewell,typewell,3,e006_nested_fusion,consensus_majority,738961,155,174879634.861,15.3836311989,9.61660544223,21.0410978096,28.8136117793,64.8699823667,0.411688615358,0.540970026357,0.656785262268,0.157272656063,0.185942081669,9.01242832626,6.63357592265
typewell:3,typewell,typewell,3,mean_all_models,consensus_majority,738961,155,173037688.293,15.3024015145,9.9984846255,20.2438091451,29.2951604598,59.8039613241,0.394391204153,0.521797328328,0.653131819977,0.158946787473,0.187921392549,9.01242832626,6.63357592265
typewell:3,typewell,typewell,3,median_all_models,consensus_majority,738961,155,171889463.561,15.2515460002,9.79051003702,20.2960639116,28.8258104269,59.171034445,0.386736841685,0.514058055301,0.650814734249,0.160008554894,0.189176710857,9.01242832626,6.63357592265
typewell:3,typewell,typewell,3,consensus_majority,consensus_majority,738961,155,172970156.632,15.2994151782,9.77220952888,20.3749539949,28.5713197827,59.171034445,0.38971913372,0.51584031902,0.652996394393,0.159008844078,0.187994761529,9.01242832626,6.63357592265
typewell:3,typewell,typewell,3,consensus_strict,consensus_majority,738961,155,175006793.117,15.3892230456,9.77220952888,20.8549000358,28.8136117793,59.171034445,0.386670340737,0.513196097417,0.657034638801,0.157158383261,0.185806977938,9.01242832626,6.63357592265
typewell:3,typewell,typewell,3,consensus_tight_absolute,consensus_majority,738961,155,173968077.137,15.3434853311,9.77220952888,20.6881917309,28.8136117793,59.171034445,0.388979043968,0.515184028595,0.654986886093,0.15809673314,0.186916380768,9.01242832626,6.63357592265
typewell:3,typewell,typewell,3,nested_consensus,consensus_majority,738961,155,172970156.632,15.2994151782,9.77220952888,20.3749539949,28.5713197827,59.171034445,0.38971913372,0.51584031902,0.652996394393,0.159008844078,0.187994761529,9.01242832626,6.63357592265
typewell:3,typewell,typewell,3,shuffled_model_consensus,consensus_majority,738961,155,174868682.04,15.3831494481,9.61660544223,21.3155303155,28.8136117793,64.8699823667,0.411714401289,0.538975677856,0.656763765168,0.157282506765,0.185953728067,9.01242832626,6.63357592265
typewell:3,typewell,typewell,3,sign_flipped_consensus,consensus_majority,738961,155,171985534.284,15.2558075248,9.61660544223,21.0410978096,28.5713197827,64.8699823667,0.407746265333,0.538767212057,0.651009788332,0.159919174485,0.189071037183,9.01242832626,6.63357592265
typewell:3,typewell,typewell,3,oracle_residual_datum,consensus_majority,738961,155,60021268.0135,9.01242832626,7.13134769282,12.54732459,15.0438093064,30.2873262091,0.30101384457,0.42305517234,2.71693767284e-24,0.458233982324,0.541766017676,9.01242832626,6.63357592265
typewell:4,typewell,typewell,4,last_known_tvt,consensus_tight_absolute,766111,154,173565495.277,15.051710163,11.1961374841,20.7835656281,26.7136455513,47.039248653,0.32638568969,0.459650289633,0.642466702755,0.137203536989,0.220329760257,9.00003283637,7.06516693654
typewell:4,typewell,typewell,4,e006_nested_fusion,consensus_tight_absolute,766111,154,148224085.989,13.90956478,10.2861313979,20.1406853073,23.1660150411,44.5813211827,0.277854364112,0.423968662682,0.585603634536,0.156397513874,0.257998851589,8.95409113433,7.06516693654
typewell:4,typewell,typewell,4,mean_all_models,consensus_tight_absolute,766111,154,154437771.31,14.1981223333,10.7663176808,20.8143430092,24.3704774058,39.4187556798,0.280734436764,0.414129995031,0.602276554582,0.150104979814,0.247618465604,8.95409113433,7.06516693654
typewell:4,typewell,typewell,4,median_all_models,consensus_tight_absolute,766111,154,156258788.545,14.2815839613,10.8113368172,21.0205067152,25.2337398761,39.7411873313,0.281058739773,0.411010090258,0.606911565869,0.148355678173,0.244732755958,8.95409113433,7.06516693654
typewell:4,typewell,typewell,4,consensus_majority,consensus_tight_absolute,766111,154,156241460.269,14.2807920632,10.7453857069,21.1419728369,25.2337398761,39.7411873313,0.279889746473,0.409814306706,0.606867969601,0.14837213186,0.244759898539,8.95409113433,7.06516693654
typewell:4,typewell,typewell,4,consensus_strict,consensus_tight_absolute,766111,154,154794819.633,14.214525345,10.7453857069,20.995226295,25.2337398761,39.7411873313,0.282505466313,0.413644241265,0.603193939864,0.149758749033,0.247047311103,8.95409113433,7.06516693654
typewell:4,typewell,typewell,4,consensus_tight_absolute,consensus_tight_absolute,766111,154,154268732.179,14.1903499622,10.7453857069,20.995226295,25.2337398761,39.7411873313,0.283468866865,0.415054851458,0.601840751262,0.150269456536,0.247889792202,8.95409113433,7.06516693654
typewell:4,typewell,typewell,4,nested_consensus,consensus_tight_absolute,766111,154,154268732.179,14.1903499622,10.7453857069,20.995226295,25.2337398761,39.7411873313,0.283468866865,0.415054851458,0.601840751262,0.150269456536,0.247889792202,8.95409113433,7.06516693654
typewell:4,typewell,typewell,4,shuffled_model_consensus,consensus_tight_absolute,766111,154,148718352.67,13.9327368324,10.3945803704,19.515180995,23.9844159968,44.5813211827,0.281457530921,0.42243558254,0.586980884299,0.155877725438,0.257141390263,8.95409113433,7.06516693654
typewell:4,typewell,typewell,4,sign_flipped_consensus,consensus_tight_absolute,766111,154,147207584.396,13.8617877296,10.0440742565,20.1406853073,23.1660150411,44.5813211827,0.279773011205,0.426896261982,0.582742134109,0.157477474005,0.259780391887,8.95409113433,7.06516693654
typewell:4,typewell,typewell,4,oracle_residual_datum,consensus_tight_absolute,766111,154,61423522.5081,8.95409113433,6.7650662092,13.0450577523,15.100672035,25.9348735497,0.230910813701,0.367285802795,3.59408142055e-24,0.377410438191,0.622589561809,8.95409113433,7.06516693654
