well_id,split,candidate,promoted,rows_scored,rmse,mean_error,sse,regime,uncertainty,datum_sse,trend_sse,shape_sse,trend_per_row,action,sign_fraction,mad,relative_mad,consensus_margin
000d7d20,oof,consensus_majority,False,3836,8.39278837462,6.52604163983,270203.607745,e009_consensus_abstention,0.687087271194,163372.245944,90614.6584221,16216.7033795,0.00438906455821,-0.89260356138,0.733333333333,0.877604072046,0.687087271194,0.233333333333
00bbac68,oof,consensus_majority,False,6014,19.1614640028,10.1752483514,2208110.48023,e009_consensus_abstention,0.894417328453,622663.573578,939400.100841,646046.805809,0.00719897714214,0.321220151892,0.833333333333,1.15791777594,0.894417328453,0.333333333333
00e12e8b,oof,consensus_majority,False,4301,9.29048363512,5.35052010699,371232.583636,e009_consensus_abstention,1.23550859739,123129.309351,86306.2183344,161797.05595,0.00360792511384,0,0.566666666667,1.26386149544,1.23550859739,0.0666666666667
015fe0d2,oof,consensus_majority,False,4296,15.4262831904,-9.79182298288,1022320.03535,e009_consensus_abstention,0.553685003907,411899.609322,345429.457268,264990.968757,-0.00723059290814,1.95453706891,0.9,1.07301749426,0.553685003907,0.4
01869cd4,oof,consensus_majority,False,5557,10.78060522,5.7048909826,645842.591593,e009_consensus_abstention,0.409955491856,180856.905703,198922.715741,266062.970149,-0.00372968560809,1.10332430525,0.9,0.515907645676,0.409955491856,0.4
01982c1d,oof,consensus_majority,False,3941,9.54794151106,7.68906559536,359274.120356,e009_consensus_abstention,0.550676800431,232998.736865,14335.6317133,111939.751777,0.00167644535701,2.80515124664,0.833333333333,1.66900013953,0.550676800431,0.333333333333
028d7b28,oof,consensus_majority,False,6234,13.2502132903,11.2164442479,1094491.86105,e009_consensus_abstention,0.697847030662,784290.946839,3504.0982516,306696.815961,-0.000416608924567,1.34043073668,0.7,1.00261427741,0.697847030662,0.2
02e7fe5a,oof,consensus_majority,False,5108,7.857680126,-6.04105567546,315383.943605,e009_consensus_abstention,0.87038592761,186413.158567,6.63644179793,128964.148596,2.44445441854e-05,0,0.733333333333,0.877152063632,0.87038592761,0.233333333333
0390d174,oof,consensus_majority,False,4411,13.5798065016,10.7930322409,813437.558917,e009_consensus_abstention,0.496981525115,513835.382788,1050.49678974,298551.67934,-0.000383250219533,0.282908288786,0.866666666667,0.517617415294,0.496981525115,0.366666666667
03a935ae,oof,consensus_majority,False,2786,43.1908727144,39.6113876636,5197147.83953,e009_consensus_abstention,0.426045410996,4371406.82293,758343.627931,67397.3886703,0.0205140780631,2.05606045931,1,0.801726942853,0.426045410996,0.5
044af7d1,oof,consensus_majority,False,4519,5.87935501325,0.45264639966,156207.438665,e009_consensus_abstention,0.568011826345,925.892320561,15875.5369606,139406.009384,-0.00143678350479,-1.43890874187,0.733333333333,0.774426404918,0.568011826345,0.233333333333
0498acab,oof,consensus_majority,False,4798,7.09797792555,4.80790272152,241729.432451,e009_consensus_abstention,0.427584723805,110910.225325,17728.0545463,113091.152579,0.00138781253773,1.20221284861,0.933333333333,0.648424248969,0.427584723805,0.433333333333
052d64df,oof,consensus_majority,False,2445,8.96604191803,-5.25962833612,196553.324268,e009_consensus_abstention,0.243440478249,67637.7226223,38184.301806,90731.2998393,-0.00559905574173,1.56959476859,1,0.486700380612,0.243440478249,0.5
05948241,oof,consensus_majority,False,3879,4.81865073848,2.74541323748,90068.0329702,e009_consensus_abstention,0.313126089958,29237.162823,7583.2359993,53247.6341479,-0.00124864290574,4.12628115514,0.933333333333,1.19411592626,0.313126089958,0.433333333333
059c8f24,oof,consensus_majority,False,6258,8.47465372919,1.09092496446,449448.031982,e009_consensus_abstention,0.367715938105,7447.75392621,230688.157627,211312.120429,-0.00336085627597,3.59815384993,0.966666666667,1.11347729567,0.367715938105,0.466666666667
05a0ee4d,oof,consensus_majority,False,4348,16.5396093333,10.6682879127,1189433.12716,e009_consensus_abstention,0.311701889015,494856.171665,443069.355235,251507.600258,0.00804252071159,2.99620540389,0.9,0.772962005305,0.311701889015,0.4
060ab2b8,oof,consensus_majority,False,6258,7.50537167893,-4.41930887848,352516.920076,e009_consensus_abstention,0.449087640458,122220.560849,28021.3728029,202274.986423,-0.00117133735732,3.24200732703,0.9,1.12772229832,0.449087640458,0.4
06df5958,oof,consensus_majority,False,3509,3.03303578422,0.752150459031,32280.3649938,e009_consensus_abstention,0.557302757744,1985.14766839,1.31374113486,30293.9035843,-1.91016325974e-05,-0.447294593876,0.7,0.616604787746,0.557302757744,0.2
071d7b45,oof,consensus_majority,False,3211,6.36850056341,-4.12351660128,130231.093958,e009_consensus_abstention,0.258537163371,54597.8825959,4.48887799748,75628.7224836,4.03365812635e-05,5.15509116822,1,1.3001592902,0.258537163371,0.5
0849b4e2,oof,consensus_majority,False,5537,16.7427079095,11.9884189317,1552122.25071,e009_consensus_abstention,0.416384289979,795789.757629,569385.430186,186947.062892,0.00634427529346,1.62511981824,0.866666666667,0.665060711379,0.416384289979,0.366666666667
084d66f9,oof,consensus_majority,False,3885,9.95225492025,3.18035484589,384799.063521,e009_consensus_abstention,0.273530047158,39295.4422343,9148.20789192,336355.413395,0.00136827097803,3.1836750912,1,0.680270717217,0.273530047158,0.5
08fecf00,oof,consensus_majority,False,5574,4.71736053497,1.23907683086,124040.955584,e009_consensus_abstention,0.425259269818,8557.82570331,18988.2781411,96494.8517392,-0.00114705165478,0.298637425484,0.766666666667,0.521669547336,0.425259269818,0.266666666667
09053135,oof,consensus_majority,False,5907,13.7461173045,-12.7846559303,1116161.56179,e009_consensus_abstention,0.451028104662,965483.952804,24.080200287,150653.528786,3.74429640027e-05,1.08814148529,0.833333333333,0.56926524471,0.451028104662,0.333333333333
09441b8d,oof,consensus_majority,False,5488,13.0579949333,8.70330484784,935765.639448,e009_consensus_abstention,0.487013155191,415702.363826,4881.37745178,515181.89817,-0.000595306564442,-1.53538386184,0.9,0.808073215825,0.487013155191,0.4
0955cd6c,oof,consensus_majority,False,5195,16.7090612019,15.6273952584,1450406.21286,e009_consensus_abstention,0.3459953234,1268699.43191,83099.7956724,98606.9852795,0.00266693408035,3.64206697813,0.966666666667,1.31985610807,0.3459953234,0.466666666667
09ec2ca9,oof,consensus_majority,False,5885,5.59252361037,-2.42797241986,184061.145157,e009_consensus_abstention,0.314613980567,34692.3696715,68654.5968494,80714.178636,0.00201050769264,-1.76355514304,0.866666666667,0.497815681731,0.314613980567,0.366666666667
0a57a29c,oof,consensus_majority,False,5821,7.02825677969,-5.46034067118,287536.405756,e009_consensus_abstention,1.08896664081,173554.979148,67615.0447122,46366.3818959,-0.00202822391996,0.861452111131,0.7,1.4087161653,1.08896664081,0.2
0bbf5e67,oof,consensus_majority,False,4298,14.0504050393,11.9012446019,848484.863842,e009_consensus_abstention,0.68404921445,608767.099977,131787.748876,107930.014989,0.00446301696687,-2.00760758511,0.8,1.03928589936,0.68404921445,0.3
0be01c24,oof,consensus_majority,False,4738,4.81816887893,1.7021343493,109991.491877,e009_consensus_abstention,0.142985014712,13727.2242435,43.6072946165,96220.6603385,7.01419152255e-05,1.64984121427,0.966666666667,0.214879826892,0.142985014712,0.466666666667
0c1b160c,oof,consensus_majority,False,5054,10.061922365,-6.70258610124,511678.491605,e009_consensus_abstention,0.788548402609,227049.233886,522.731320828,284106.526398,0.000220433215859,-0.4289678878,0.733333333333,0.879039250917,0.788548402609,0.233333333333
0d99f8e4,oof,consensus_majority,False,5823,8.37434356309,4.57447131573,408364.836146,e009_consensus_abstention,0.378314598248,121850.862467,1658.24847432,284855.725205,0.000317464558085,0.21282809359,0.9,0.459889262607,0.378314598248,0.4
0dc5e64d,oof,consensus_majority,False,4879,15.6131131138,4.15167151198,1189350.42009,e009_consensus_abstention,0.664159134141,84096.2801794,180315.240626,924938.899284,-0.0043162900674,2.21533738208,0.8,1.10519489993,0.664159134141,0.3
0dc835f3,oof,consensus_majority,False,4428,14.8314680014,13.3870833477,974037.977937,e009_consensus_abstention,0.559340040646,793559.594472,812.365829574,179666.017635,0.000335085040378,4.39209667001,0.8,2.37822922996,0.559340040646,0.3
0dd99dc5,oof,consensus_majority,False,7342,8.00351783078,3.37198673745,470301.337476,e009_consensus_abstention,0.184060438904,83480.7026416,5018.65496426,381801.97987,-0.000390088121724,-0.122788842679,0.9,0.267084323063,0.184060438904,0.4
0e5e560d,oof,consensus_majority,False,3253,7.38258718323,-4.48828487076,177296.936714,e009_consensus_abstention,0.424897022725,65530.7126169,28833.6011046,82932.6229927,0.0031703995056,2.76245925022,0.933333333333,0.88520030693,0.424897022725,0.433333333333
109d9d70,oof,consensus_majority,False,4215,9.99795834053,-6.27956835529,421327.905677,e009_consensus_abstention,0.484802280039,166210.005342,199958.569001,55159.3313345,-0.00566062358912,-0.64604128465,0.833333333333,0.543189121373,0.484802280039,0.333333333333
10a1281a,oof,consensus_majority,False,5609,10.4523775883,-10.1373303511,612795.574365,e009_consensus_abstention,0.354999324576,576411.502429,2.3050320712,36381.7669043,-1.25199027684e-05,2.8990345133,0.833333333333,0.803397095821,0.354999324576,0.333333333333
10b89021,oof,consensus_majority,False,5414,9.41077961482,7.98748752203,479478.852798,e009_consensus_abstention,0.488800538557,345412.966736,15360.1454449,118705.740618,0.00107773234541,-0.164361912821,0.733333333333,0.98898204353,0.488800538557,0.233333333333
10be2420,oof,consensus_majority,False,3271,7.60401380638,6.48351698473,189132.57594,e009_consensus_abstention,0.262540950613,137499.731439,37148.6190611,14484.2254397,0.00356895575728,1.29787122364,0.966666666667,0.440544371244,0.262540950613,0.466666666667
113011eb,oof,consensus_majority,False,3272,5.55803953585,0.852436365416,101077.980993,e009_consensus_abstention,0.484806531728,2377.59146118,42672.6604353,56027.729097,0.00382336324408,0.851664782903,0.7,0.66226647418,0.484806531728,0.2
1131525f,oof,consensus_majority,False,4159,13.3051188209,-10.8667088163,736251.911062,e009_consensus_abstention,0.511916551389,491117.014315,142309.252812,102825.643934,-0.00487218560423,-0.277927874492,0.766666666667,0.628531487094,0.511916551389,0.266666666667
11d0f5ac,oof,consensus_majority,False,4883,21.1881203475,-18.220758869,2192156.65536,e009_consensus_abstention,0.639522979688,1621136.73051,349182.76285,221837.162,-0.00599911164263,0.771557993817,0.666666666667,0.796093329485,0.639522979688,0.166666666667
12203f2a,oof,consensus_majority,False,3261,9.66046598985,7.49888126801,304331.530843,e009_consensus_abstention,0.370640630745,183376.531306,26687.0180097,94267.9815268,0.00303888642836,1.94055851662,0.933333333333,0.766059181725,0.370640630745,0.433333333333
122bd617,oof,consensus_majority,False,4570,11.3641528293,-4.64249014674,590187.940743,e009_consensus_abstention,0.266733844815,98495.9064648,4639.4375198,487052.596759,0.000763746087568,-0.350284881091,0.733333333333,0.354356799535,0.266733844815,0.233333333333
125be846,oof,consensus_majority,False,6510,18.1216300097,16.6216307585,2137841.5171,e009_consensus_abstention,0.366540583593,1798573.74505,118519.766076,220748.005976,0.0022704635708,-1.97540451367,0.933333333333,0.587970076099,0.366540583593,0.433333333333
1285a37b,oof,consensus_majority,False,5597,11.3108079771,10.9944146381,716048.7086,e009_consensus_abstention,0.383290496879,676549.426655,13200.3132981,26298.9686461,0.000950494895877,2.07617606374,0.933333333333,0.642352428896,0.383290496879,0.433333333333
1295a25b,oof,consensus_majority,False,5551,8.50644258161,1.70125649437,401667.947503,e009_consensus_abstention,0.467197576711,16066.1130847,69458.7321378,316143.102281,0.00220748222324,-0.424763834849,0.866666666667,0.581691819821,0.467197576711,0.366666666667
12f0cd90,oof,consensus_majority,False,5947,9.35678170998,4.68607631015,520656.067519,e009_consensus_abstention,0.627471124236,130592.023615,20775.6174589,369288.426446,0.00108873125682,0.618494139727,0.7,0.820417404629,0.627471124236,0.2
137d1e44,oof,consensus_majority,False,4554,29.4464847182,-22.1353013839,3948752.73512,e009_consensus_abstention,0.313914284012,2231330.51775,1208642.99066,508779.22671,-0.0123922484793,-1.23592556871,0.933333333333,0.48617557489,0.313914284012,0.433333333333
13ce113d,oof,consensus_majority,False,2966,4.10550047889,0.117964760835,49992.3279842,e009_consensus_abstention,0.303003667682,41.2739211135,34514.6209595,15436.4331036,-0.0039841481738,-1.55836056399,1,0.670984656607,0.303003667682,0.5
13f598d9,oof,consensus_majority,False,7306,8.86353530803,-6.79554887794,573975.858093,e009_consensus_abstention,0.497628583734,337387.31414,935.422911183,235653.121041,0.00016965830613,-0.394212272872,0.8,0.941722008132,0.497628583734,0.3
14a53cb3,oof,consensus_majority,False,6919,8.55869864565,-7.23104940419,506825.900426,e009_consensus_abstention,0.287827278291,361781.194286,294.399315948,144750.306824,0.000103274720892,-3.00067239431,0.933333333333,0.681561654257,0.287827278291,0.433333333333
14ab73fb,oof,consensus_majority,False,3649,7.29208132864,1.74528128156,194033.568428,e009_consensus_abstention,0.662128777362,11114.8786372,992.746406435,181925.943384,0.000495163935641,0.126478135386,0.766666666667,1.15020695159,0.662128777362,0.266666666667
14ad5efb,oof,consensus_majority,False,5842,5.81806262585,-0.61714462899,197750.839581,e009_consensus_abstention,0.385140849272,2225.02789464,71465.3099971,124060.501689,-0.00207393882275,-3.88468262194,0.9,1.07685110944,0.385140849272,0.4
14fee784,oof,consensus_majority,False,4910,21.4667838978,13.2989429244,2262640.00159,e009_consensus_abstention,0.698326275032,868391.845074,36054.7708895,1358193.38563,-0.0019118321648,0.226871223944,0.633333333333,0.903132685654,0.698326275032,0.133333333333
153552f5,oof,consensus_majority,False,4695,4.11779180034,0.207833112364,79609.402715,e009_consensus_abstention,0.613219866279,202.798659184,60716.6146241,18689.9894317,0.00265332844118,-0.796108177747,0.8,0.724735375905,0.613219866279,0.3
1550491d,oof,consensus_majority,False,4563,18.1395350245,16.8601712294,1501421.98113,e009_consensus_abstention,1.09826930798,1297102.90104,40881.046333,163438.033752,0.00227235369961,0.741951905982,0.733333333333,1.23674900193,1.09826930798,0.233333333333
155887bb,oof,consensus_majority,False,5585,16.2475774909,-14.9638163384,1474349.37959,e009_consensus_abstention,1.62031675928,1250569.73969,62296.5681211,161483.071776,-0.00207151424902,-0.388815579223,0.633333333333,2.13441710321,1.62031675928,0.133333333333
1590af81,oof,consensus_majority,False,3799,4.92791955549,-0.378171961678,92256.4019613,e009_consensus_abstention,0.61132313691,543.310309844,9766.27727174,81946.8143797,0.00146201296111,-0.890315032865,0.733333333333,0.790088589363,0.61132313691,0.233333333333
15e154a1,oof,consensus_majority,False,6068,9.97273743033,-6.82138094528,603495.924571,e009_consensus_abstention,0.394610827128,282351.552187,50.8053698471,321093.567014,5.22368619377e-05,4.87623830611,1,1.9555084779,0.394610827128,0.5
1619e2ca,oof,consensus_majority,False,4443,7.85667836049,-3.07232898608,274254.815363,e009_consensus_abstention,0.828684997736,41938.3895865,4047.4121582,228269.013619,-0.000744157529096,1.36024726135,0.8,1.12158722047,0.828684997736,0.3
16e4a047,oof,consensus_majority,False,4131,10.2926249959,9.43385032216,437630.412162,e009_consensus_abstention,0.125008622538,367648.804282,48940.5022616,21041.1056183,0.00288630388756,6.3851160766,1,0.82635498682,0.125008622538,0.5
173ed841,oof,consensus_majority,False,4883,9.54838641288,-1.40810913078,445191.328527,e009_consensus_abstention,0.454598531308,9681.872376,61798.8550576,373710.601093,-0.00252377573344,2.93038270594,0.766666666667,0.79366339454,0.454598531308,0.266666666667
1770d7c6,oof,consensus_majority,False,7240,9.13126197654,2.05572612499,603670.803858,e009_consensus_abstention,0.285055428265,30596.3116829,99075.18247,473999.309705,0.00176996719983,4.88052697122,0.833333333333,1.28969984919,0.285055428265,0.333333333333
177622d7,oof,consensus_majority,False,3154,6.17041829376,1.47025272353,120085.591296,e009_consensus_abstention,0.383483062398,6817.82224612,63204.2206641,50063.5483853,0.00491667103768,2.32664224827,0.9,0.729748045591,0.383483062398,0.4
18d24f7b,oof,consensus_majority,False,4558,4.60934170216,-1.64984764096,96839.4089664,e009_consensus_abstention,0.514087747513,12406.8634126,41489.7550908,42942.790463,0.00229297641567,-0.645355641257,0.933333333333,0.560390787508,0.514087747513,0.433333333333
19137a89,oof,consensus_majority,False,6267,8.33792759096,2.94027603977,435688.335822,e009_consensus_abstention,0.204761004121,54179.613732,169486.810907,212021.911182,-0.00287454452836,8.61853651834,1,1.6847064397,0.204761004121,0.5
1944513c,oof,consensus_majority,False,4722,7.34111314751,-6.12717255334,254477.751279,e009_consensus_abstention,0.542982973272,177274.4738,124.97143137,77078.3060478,0.000119345769965,-1.3683790751,0.866666666667,0.727220185918,0.542982973272,0.366666666667
197f8a5a,oof,consensus_majority,False,6310,21.5979306501,-17.1875977852,2943429.5388,e009_consensus_abstention,0.714418389464,1864059.29622,239703.439725,839666.802849,-0.00338363666795,-0.254285434373,0.7,0.724928528329,0.714418389464,0.2
19871e7f,oof,consensus_majority,False,5293,14.4995509023,12.6747271657,1112784.31591,e009_consensus_abstention,0.321839653785,850313.615275,193157.545498,69313.1551387,0.00395360820013,7.94032296564,1,2.02794847436,0.321839653785,0.5
198a5607,oof,consensus_majority,False,6251,10.9201015067,8.78134011104,745423.10435,e009_consensus_abstention,0.370941851243,482026.700346,28601.8813751,234794.522629,0.00118539660964,1.23745136978,0.833333333333,0.505707797387,0.370941851243,0.333333333333
19fb4f7b,oof,consensus_majority,False,5620,10.0013862821,-0.127682196074,562155.828905,e009_consensus_abstention,0.442874668811,91.6214167513,37419.8648622,524644.342626,-0.00159051314934,-1.77854865675,0.866666666667,0.813461101845,0.442874668811,0.366666666667
1a518997,oof,consensus_majority,False,4606,11.6007332282,-11.2755805564,619861.714657,e009_consensus_abstention,0.598317481951,585600.929969,13191.4034547,21069.3812331,-0.00127277089181,-0.579085973913,0.733333333333,0.868688930302,0.598317481951,0.233333333333
1a68190b,oof,consensus_majority,False,4474,18.7451401477,-16.3420718823,1572075.36895,e009_consensus_abstention,0.203730981245,1194841.26418,480.006867261,376754.097903,-0.000253612344913,-4.16259511891,0.966666666667,0.800754912967,0.203730981245,0.466666666667
1a730ac2,oof,consensus_majority,False,4605,8.65050687251,-4.86960472457,344597.994442,e009_consensus_abstention,0.59803648857,109198.596049,3653.44249248,231745.9559,0.000670034737972,-0.153932350804,0.8,0.759725957832,0.59803648857,0.3
1aaf1da0,oof,consensus_majority,False,4804,5.62809939022,-1.06718773097,152169.115192,e009_consensus_abstention,0.609381482733,5471.22589366,85142.9280191,61554.9612797,-0.00303571100454,0.257047063786,0.766666666667,0.67104047629,0.609381482733,0.266666666667
1b08ed48,oof,consensus_majority,False,5618,10.6905576347,8.87986238049,642070.110634,e009_consensus_abstention,0.328196176024,442990.288227,126051.18965,73028.6327578,0.00292073060878,-2.32514693848,0.933333333333,0.681921843771,0.328196176024,0.433333333333
1b1c5372,oof,consensus_majority,False,4261,14.7114617167,5.42540492296,922195.897995,e009_consensus_abstention,0.436884028762,125422.614161,603414.240923,193359.04291,0.00967455752912,-0.285447780737,0.8,0.535336048923,0.436884028762,0.3
1b1eba53,oof,consensus_majority,False,4655,58.8886443925,-52.8949931118,16142946.2007,e009_consensus_abstention,0.192969566717,13024132.7793,2671976.55004,446836.871372,-0.017829018115,6.58712579938,0.9,1.2884095293,0.192969566717,0.4
1b6ba517,oof,consensus_majority,False,6597,5.52171738607,4.31681037441,201138.326996,e009_consensus_abstention,0.49964237319,122934.117381,5020.53527193,73183.6743425,0.000458084833503,1.24185801701,0.833333333333,0.79798652541,0.49964237319,0.333333333333
1b82b665,oof,consensus_majority,False,3806,6.1593061358,-2.72919112794,144388.420196,e009_consensus_abstention,0.620334181675,28348.9309141,38039.0506227,78000.4386587,-0.00287741363169,0.405999004233,0.666666666667,0.704003743237,0.620334181675,0.166666666667
1bcb2fcf,oof,consensus_majority,False,4524,4.46568371287,-0.948303036582,90219.1055498,e009_consensus_abstention,0.4843811647,4068.33660894,31529.5742055,54621.1947353,-0.00202146297933,-1.12660405019,0.833333333333,0.699726846786,0.4843811647,0.333333333333
1beca81d,oof,consensus_majority,False,5036,7.98897767921,3.20377574992,321416.477312,e009_consensus_abstention,0.638649443354,51690.4057248,89137.9557932,180588.115794,0.00289396573375,-2.02718610763,0.766666666667,1.15052761785,0.638649443354,0.266666666667
1d3fbf02,oof,consensus_majority,False,2694,4.9594997411,2.08221625429,66263.3419153,e009_consensus_abstention,0.660612405243,11680.1724829,14328.9311388,40254.2382936,-0.0029655220916,-1.7199468353,0.933333333333,1.42731768397,0.660612405243,0.433333333333
1d78281a,oof,consensus_majority,False,4949,10.7012775443,-6.98115061152,566746.321008,e009_consensus_abstention,0.702724974155,241196.759647,4309.56436953,321239.996992,-0.000653177381098,0.266616916155,0.733333333333,0.772861112296,0.702724974155,0.233333333333
1e30dedf,oof,consensus_majority,False,4071,18.0105687386,16.7356590793,1320553.36678,e009_consensus_abstention,0.355988477696,1140214.9815,43111.0047731,137227.380505,0.00276906439227,5.28663698377,0.9,0.983106426627,0.355988477696,0.4
1e5e3573,oof,consensus_majority,False,5480,8.08477489778,-2.87173705741,358192.44661,e009_consensus_abstention,0.445523101572,45192.8680234,116361.212133,196638.366453,0.00291288883464,-2.17606551756,0.7,0.840905860264,0.445523101572,0.2
1f9afacb,oof,consensus_majority,False,5328,2.09011809565,-1.27280010136,23275.8669873,e009_consensus_abstention,0.303090987215,8631.4670823,133.525977452,14510.8739275,-0.000102926496311,-1.77840470084,0.766666666667,0.538968088253,0.303090987215,0.266666666667
1fdbba44,oof,consensus_majority,False,4911,5.72782852993,-1.4482597541,161120.184591,e009_consensus_abstention,0.623891739804,10300.6079647,64016.4581112,86803.1185148,-0.00254672206917,-1.29609431441,0.8,0.84501482888,0.623891739804,0.3
1fee2b62,oof,consensus_majority,False,4641,11.2557041145,-7.69352153406,587972.351397,e009_consensus_abstention,0.604923406409,274702.059754,139371.894952,173898.396691,-0.0040903538799,-1.12515260053,0.733333333333,0.880892589562,0.604923406409,0.233333333333
20096916,oof,consensus_majority,False,5133,4.90550758465,1.3520238697,123520.535936,e009_consensus_abstention,0.285050188898,9382.96253754,7193.61295423,106943.960444,-0.000798927312713,-0.869571822002,0.866666666667,0.460463757879,0.285050188898,0.366666666667
200d233d,oof,consensus_majority,False,3926,7.76226199459,-6.08658071451,236552.144456,e009_consensus_abstention,0.230066407709,145444.420782,12052.1913362,79055.5323379,-0.00154595982292,1.29331103323,1,0.440633889236,0.230066407709,0.5
201661b5,oof,consensus_majority,False,5955,13.2521211689,-8.12397238902,1045809.45065,e009_consensus_abstention,0.380588528975,393023.612534,455105.748919,197680.089199,-0.00508538855389,-3.09770355748,0.866666666667,1.14437381371,0.380588528975,0.366666666667
203721ab,oof,consensus_majority,False,5730,8.00917351203,1.79243818523,367561.509781,e009_consensus_abstention,0.171908191397,18409.5425323,6337.07406449,342814.893185,-0.00063577447536,5.41690286815,0.833333333333,0.896158129844,0.171908191397,0.333333333333
20402d71,oof,consensus_majority,False,6372,9.90051378779,8.39571970491,624584.544027,e009_consensus_abstention,0.290756164206,449150.232864,7882.26817206,167552.042991,0.000604647944593,-3.26594482237,0.9,0.719355232483,0.290756164206,0.4
2043abc5,oof,consensus_majority,False,6958,17.0125935901,-14.1407174047,2013842.39432,e009_consensus_abstention,0.79565703096,1391320.90571,2.57106648369,622518.917541,-9.5701918581e-06,2.45138482231,0.7,1.66161003258,0.79565703096,0.2
204cc64b,oof,consensus_majority,False,4805,8.3805010061,5.42804704657,337468.590129,e009_consensus_abstention,1.02805427685,141573.053225,142945.740779,52949.7961256,0.00393220502849,1.27750435305,0.6,1.40169233217,1.02805427685,0.1
206b6193,oof,consensus_majority,False,6535,34.3316343983,29.0044738924,7702550.42221,e009_consensus_abstention,0.165605835787,5497630.87023,2140115.26051,64804.2914676,0.00959269910551,-3.9562440834,0.966666666667,0.583751235032,0.165605835787,0.466666666667
2075c696,oof,consensus_majority,False,3188,20.9373564297,-16.5046903693,1397532.78691,e009_consensus_abstention,0.693917244243,868426.515746,425301.572561,103804.698608,-0.0125505185392,2.93843806128,0.8,2.32339507275,0.693917244243,0.3
22c5f93f,oof,consensus_majority,False,5172,6.76765557316,-0.206524215797,236883.609642,e009_consensus_abstention,0.671237271354,220.597445846,1001.51100525,235661.50119,0.000294734326849,0.0995861656999,0.833333333333,0.98000890181,0.671237271354,0.333333333333
230eaaa3,oof,consensus_majority,False,4690,24.3364851671,-10.8475796812,2777720.55326,e009_consensus_abstention,0.251326283048,551872.229369,1739738.89187,486109.432018,-0.0142256921104,4.43113713916,1,0.982793823441,0.251326283048,0.5
2364716c,oof,consensus_majority,False,4316,20.5406398796,-18.5283899293,1820997.59884,e009_consensus_abstention,0.372072113966,1481688.12323,179053.60323,160255.872376,-0.00516963657377,-2.0668121724,0.833333333333,0.550510361874,0.372072113966,0.333333333333
23b9beb0,oof,consensus_majority,False,7340,6.87520355167,5.10600475908,346950.231257,e009_consensus_abstention,0.375626328087,191363.228962,1744.42903303,153842.573262,-0.000230076991698,2.38057842019,0.833333333333,0.785980007032,0.375626328087,0.333333333333
24d8997e,oof,consensus_majority,False,3442,7.71115736344,5.51254810038,204668.024616,e009_consensus_abstention,0.28876644259,104596.138136,1349.7060873,98722.1803925,0.000630222560235,0.742706933458,0.9,0.500867400962,0.28876644259,0.4
25050f63,oof,consensus_majority,False,6124,19.4255643464,-18.1985252802,2310907.01729,e009_consensus_abstention,0.435269410741,2028185.03822,81777.6664256,200944.312639,-0.00206707013596,-2.07059501531,0.9,0.839324583484,0.435269410741,0.4
25939962,oof,consensus_majority,False,4319,12.057920875,-6.80319329643,627954.335721,e009_consensus_abstention,0.918588509466,199898.173165,131420.52314,296635.639416,-0.00442432910288,-0.773078622779,0.733333333333,1.1622159505,0.918588509466,0.233333333333
25fd32b3,oof,consensus_majority,False,2885,2.65836630346,-0.549934849157,20388.0393987,e009_consensus_abstention,0.375601831662,872.505756047,17136.4214796,2379.11216303,-0.00292638856116,2.95195599346,0.866666666667,0.859968956718,0.375601831662,0.366666666667
261785ee,oof,consensus_majority,False,3646,19.7116521712,16.7608234599,1416650.49739,e009_consensus_abstention,0.536457165405,1024253.29033,62195.2963647,330201.910695,0.00392413928206,0.208667346572,0.7,0.540013625582,0.536457165405,0.2
264feceb,oof,consensus_majority,False,5665,4.43746390889,3.41968417411,111550.001865,e009_consensus_abstention,0.246728086805,66247.868754,7274.45867824,38027.6744332,0.000692932768018,-2.19830674399,0.966666666667,0.545636030694,0.246728086805,0.466666666667
26623a50,oof,consensus_majority,False,5735,19.1470242017,17.4039903909,2102499.95269,e009_consensus_abstention,0.750812080549,1737125.08555,962.924987048,364411.942153,0.000247506565904,-0.21123972902,0.7,0.988446937721,0.750812080549,0.2
26d3a96a,oof,consensus_majority,False,4721,9.93843602164,-7.59232147371,466305.022336,e009_consensus_abstention,0.247684891334,272134.233445,52318.2416421,141852.547249,0.00244267789243,-3.11937550034,0.966666666667,0.821886441853,0.247684891334,0.466666666667
272abef3,oof,consensus_majority,False,4135,9.10728470946,5.9852360568,342967.794812,e009_consensus_abstention,0.909850330227,148128.314461,8558.65560387,186280.824747,0.00120525832616,0.136802156192,0.666666666667,0.999868074008,0.909850330227,0.166666666667
27300fd5,oof,consensus_majority,False,5467,11.8700397,-10.2322390319,770288.50484,e009_consensus_abstention,0.512727851776,572387.878223,46.1160562106,197854.510561,5.81959952003e-05,1.93057082265,0.866666666667,0.936774894203,0.512727851776,0.366666666667
276b012a,oof,consensus_majority,False,4837,11.2298868355,1.20270276321,609995.803281,e009_consensus_abstention,0.12883615032,6996.69117154,4848.4818178,598150.630292,0.00071701689145,10.3179402262,1,1.27041819124,0.12883615032,0.5
27c3155b,oof,consensus_majority,False,4958,13.3948647019,12.2867119945,889576.261095,e009_consensus_abstention,0.178815128484,748475.999932,31244.8337792,109855.427384,0.00175396110125,4.98173779011,0.866666666667,0.902760718616,0.178815128484,0.366666666667
27ebb9b9,oof,consensus_majority,False,5766,9.46527134433,-6.2722197916,516583.791111,e009_consensus_abstention,0.173019826471,226838.713264,271.972520917,289473.105326,0.000130479170132,-2.52290021025,0.933333333333,0.437193524575,0.173019826471,0.433333333333
283269ac,oof,consensus_majority,False,2626,2.8418518256,2.6072143007,21207.8958433,e009_consensus_abstention,0.248304860174,17850.409392,905.279379285,2452.20707197,0.000774532928134,2.24469199882,0.933333333333,0.415237316532,0.248304860174,0.433333333333
28473855,oof,consensus_majority,False,4290,4.65480091105,-1.66972468349,92952.1658274,e009_consensus_abstention,0.528953523507,11960.436425,2986.52284853,78005.2065539,-0.000673732685719,-2.72975720872,0.766666666667,1.47061541067,0.528953523507,0.266666666667
28f4eda9,oof,consensus_majority,False,5266,6.9464956605,-1.85620905072,254104.521129,e009_consensus_abstention,0.8435240967,18144.0664025,63823.6079257,172136.8468,-0.00229012941108,0.0601462590636,0.7,0.975331591796,0.8435240967,0.2
29b24409,oof,consensus_majority,False,5587,11.7065257799,-10.3091740417,765657.820989,e009_consensus_abstention,0.505060033841,593781.160863,60182.7076837,111693.952442,-0.00203497221824,-0.444183183592,0.766666666667,0.576697480087,0.505060033841,0.266666666667
29de15c8,oof,consensus_majority,False,3431,6.38860937191,5.66082168681,140033.965224,e009_consensus_abstention,0.963406874687,109946.059345,17916.099675,12171.8062046,0.0023071790492,3.48308245738,0.833333333333,2.0799868949,0.963406874687,0.333333333333
2ab29395,oof,consensus_majority,False,1852,5.35818221541,5.10565158867,53171.1360424,e009_consensus_abstention,0.384420239587,48277.3399244,27.8641859871,4865.93193205,-0.000229431155796,2.96871078525,0.9,1.0970752857,0.384420239587,0.4
2ac7cb6b,oof,consensus_majority,False,4990,16.8556732876,5.27962228295,1417727.47267,e009_consensus_abstention,0.255955811045,139093.313138,366141.288859,912492.870668,0.0059465375592,-2.19171965288,0.933333333333,0.428096127655,0.255955811045,0.433333333333
2acc78d4,oof,consensus_majority,False,4266,9.45373830404,-1.83858756281,381265.934352,e009_consensus_abstention,0.233423136021,14420.8044286,173378.732978,193466.396945,-0.00517675093636,3.48971568454,1,0.762060364168,0.233423136021,0.5
2b034622,oof,consensus_majority,False,5203,3.49544323046,-0.222217587223,63570.8959326,e009_consensus_abstention,0.569232613418,256.927553539,20086.04352,43227.924859,-0.00130814863347,-2.3253725033,0.966666666667,1.20892554139,0.569232613418,0.466666666667
2b06ad65,oof,consensus_majority,False,4256,8.20080128984,-7.95225086175,286229.371481,e009_consensus_abstention,0.285227285921,269142.178277,1584.16681907,15503.0263852,-0.000496579357663,-1.90277000971,0.933333333333,0.517194994354,0.285227285921,0.433333333333
2b547943,oof,consensus_majority,False,3480,6.8187891687,1.20124483676,161805.682331,e009_consensus_abstention,0.201826046861,5021.60226932,81145.4448019,75638.6352596,-0.00480677559645,5.82350145421,1,1.12365189159,0.201826046861,0.5
2be5c96a,oof,consensus_majority,False,4210,5.9803705005,4.2773812884,150569.939871,e009_consensus_abstention,0.943515322754,77026.1207895,32267.2320824,41276.5869991,0.00227797182331,0,0.7,0.943515322754,0.943515322754,0.2
2bff06cf,oof,consensus_majority,False,7624,22.5293848999,-20.0192664266,3869737.95459,e009_consensus_abstention,0.581896249234,3055478.31944,385119.614331,429140.020813,-0.00322934254563,1.96678527937,0.8,0.959432508452,0.581896249234,0.3
2c0c4a4e,oof,consensus_majority,False,4790,5.25999326747,-2.22803797889,132527.464742,e009_consensus_abstention,0.384304031089,23778.2939974,19499.6170434,89249.5537017,-0.00145915155901,1.72511009239,0.966666666667,0.579803773187,0.384304031089,0.466666666667
2cee0cba,oof,consensus_majority,False,5500,7.3847398311,2.02360744408,299939.103052,e009_consensus_abstention,0.53746979694,22522.4289826,25076.0154221,252340.658647,-0.00134485623287,0.724496208979,0.866666666667,0.711454769569,0.53746979694,0.366666666667
2d0c268a,oof,consensus_majority,False,4550,10.2671624887,5.74957094385,479636.546341,e009_consensus_abstention,0.485667023652,150411.925474,18813.4693641,310411.151502,0.00154813198633,-1.14974411501,0.866666666667,0.717956012772,0.485667023652,0.366666666667
2d179ded,oof,consensus_majority,False,7008,7.88509740262,-2.08885754101,435720.72543,e009_consensus_abstention,0.338381081514,30578.1873931,13289.7566865,391852.78135,0.000680703529726,-5.46589613794,0.966666666667,1.46850014422,0.338381081514,0.466666666667
2d196986,oof,consensus_majority,False,6474,11.3835947064,7.85810354836,838941.242925,e009_consensus_abstention,0.887769723389,399768.149373,332106.988629,107066.104922,0.00383239789497,-0.887203511227,0.766666666667,1.06044176867,0.887769723389,0.266666666667
2d2d0c6b,oof,consensus_majority,False,5045,4.91626801843,3.72627027247,121936.092251,e009_consensus_abstention,0.462703361217,70050.2797741,8620.57564223,43265.2368343,-0.000897567273372,0.830204129289,0.8,0.606131447663,0.462703361217,0.3
2d35f86d,oof,consensus_majority,False,4896,11.2314611691,-2.27529753555,617609.445083,e009_consensus_abstention,0.726945113015,25346.4885733,343955.915119,248307.04139,-0.00593034432149,0.395086844981,0.666666666667,0.766403138986,0.726945113015,0.166666666667
2d9f6cb9,oof,consensus_majority,False,7338,9.11852002307,-6.20894874535,610135.675583,e009_consensus_abstention,0.459228310031,282887.564705,212073.539254,115174.571624,-0.00253785793914,-2.68974427429,0.933333333333,0.982429659459,0.459228310031,0.433333333333
2ddad940,oof,consensus_majority,False,5331,10.3657157337,7.62510016005,572805.622102,e009_consensus_abstention,0.533616274273,309955.814715,131666.062085,131183.745302,0.00322934563833,-1.78519832979,0.8,0.908796440287,0.533616274273,0.3
2e29e833,oof,consensus_majority,False,5428,5.27720517434,-3.13614265986,151163.799086,e009_consensus_abstention,0.899946055667,53386.5011699,8227.100906,89550.1970098,0.000785695532816,1.0036710514,0.666666666667,1.0861089123,0.899946055667,0.166666666667
2e43c2ea,oof,consensus_majority,False,5698,8.46616566419,-6.17491476327,408409.626083,e009_consensus_abstention,1.17274076556,217262.303157,48690.8724604,142456.450465,-0.00177717723147,-0.470729413716,0.7,1.3458460453,1.17274076556,0.2
2e63d9de,oof,consensus_majority,False,4699,16.6132797314,10.9383426874,1296928.99708,e009_consensus_abstention,0.292429066732,562222.854168,533217.362791,201488.78012,0.00785298208371,3.7424891942,1,1.06173410791,0.292429066732,0.5
2ee0235b,oof,consensus_majority,False,5556,5.06289422585,-1.81555354175,142416.380966,e009_consensus_abstention,0.178297516476,18313.8797875,6858.19717009,117244.304009,-0.000692711277046,-2.848409576,0.933333333333,0.506642066257,0.178297516476,0.433333333333
2f19d536,oof,consensus_majority,False,3088,3.76936504175,1.0513137779,43874.652382,e009_consensus_abstention,0.296564867931,3413.04491687,31520.6969524,8940.91051272,0.00358403806967,3.5839428309,0.933333333333,0.923524654497,0.296564867931,0.433333333333
2f8e53c3,oof,consensus_majority,False,2594,5.74156047763,4.92019246442,85512.5503671,e009_consensus_abstention,0.42648090757,62796.3143427,9334.09386131,13382.1421632,0.00253321341678,0,0.7,0.42648090757,0.42648090757,0.2
2fa01aa6,oof,consensus_majority,False,2174,15.5405132652,11.4703693691,525037.419236,e009_consensus_abstention,0.301814914202,286031.817908,218965.211492,20040.3898354,0.015991489595,-0.105396462727,0.833333333333,0.950809428978,0.301814914202,0.333333333333
2fd68f7b,oof,consensus_majority,False,4730,52.3361445509,-47.6266809722,12955810.6851,e009_consensus_abstention,0.324513097597,10729062.5022,823702.110071,1403046.07283,-0.00966460282158,2.5012484918,0.933333333333,0.746244384338,0.324513097597,0.433333333333
2fe023be,oof,consensus_majority,False,4221,10.6002743973,-7.34824559694,474296.114813,e009_consensus_abstention,0.414961379659,227920.127063,8785.98920293,237589.998547,0.00118403063595,1.76257052465,0.8,1.13013932629,0.414961379659,0.3
30d75030,oof,consensus_majority,False,3404,25.807197931,21.5241061992,2267103.02702,e009_consensus_abstention,0.328145903652,1577029.45068,657027.503253,33046.0730893,0.0141383291926,1.36064501915,0.866666666667,0.493479327557,0.328145903652,0.366666666667
310c71a5,oof,consensus_majority,False,5245,10.7031223453,-8.75906258382,600850.562538,e009_consensus_abstention,0.284542383675,402402.575187,5681.54513679,192766.442215,0.00068739381913,-2.84710873658,0.966666666667,0.777886079532,0.284542383675,0.466666666667
32fe84c9,oof,consensus_majority,False,6408,22.1329425793,20.3896127442,3139068.67938,e009_consensus_abstention,0.46030466822,2664038.26077,125562.169554,349468.249056,0.00239296462913,-1.63034255003,0.833333333333,1.2022270749,0.46030466822,0.333333333333
33c40295,oof,consensus_majority,False,4169,6.60258623148,-0.821023145036,181743.990272,e009_consensus_abstention,0.311275569071,2810.23537053,103333.109679,75600.6452223,-0.0041367811173,0.817836320073,0.966666666667,0.557701013368,0.311275569071,0.466666666667
3407f5bf,oof,consensus_majority,False,3638,19.5080149388,10.5119727011,1384486.90925,e009_consensus_abstention,0.415114941866,402004.711908,700634.505481,281847.691863,0.0132142451135,-2.14958163893,0.866666666667,0.803942068802,0.415114941866,0.366666666667
3417285d,oof,consensus_majority,False,5449,30.8036846139,-29.0029293392,5170376.2056,e009_consensus_abstention,1.07878271956,4583534.84097,35821.896344,551019.468283,-0.00163000788367,1.7955208356,0.7,1.47659525465,1.07878271956,0.2
347242c8,oof,consensus_majority,False,3595,3.90870297616,-3.1290085776,54924.2624463,e009_consensus_abstention,0.16413382309,35197.5473699,2807.47827466,16919.2368018,0.000851531072092,-4.70222890247,1,0.718720149794,0.16413382309,0.5
353e5502,oof,consensus_majority,False,6062,6.76937731643,-3.95619860716,277787.932607,e009_consensus_abstention,0.27903116223,94879.4379757,24441.4481408,158467.04649,-0.0011474405614,-4.11574458214,0.933333333333,1.08162780367,0.27903116223,0.433333333333
357c12f9,oof,consensus_majority,False,4079,5.05408697543,-3.01427760261,104193.140438,e009_consensus_abstention,0.628508162943,37061.2615501,8.89033935086,67122.9885485,-3.96478140111e-05,-0.944044505523,0.633333333333,0.802745055762,0.628508162943,0.133333333333
3584a6eb,oof,consensus_majority,False,4494,15.4893613633,14.3876090854,1078201.8976,e009_consensus_abstention,0.575798311625,930272.808608,133977.173693,13951.9153013,0.00420878206004,1.55041397399,0.833333333333,0.85495672865,0.575798311625,0.333333333333
35b30c7f,oof,consensus_majority,False,9579,22.1020390866,21.1527236703,4679342.76236,e009_consensus_abstention,0.511497230042,4286005.90718,90357.7962333,302979.058956,0.00111069081547,-1.41182235299,0.833333333333,0.955966313144,0.511497230042,0.333333333333
35b3ef6a,oof,consensus_majority,False,3904,19.3499847772,17.0991343362,1461743.14007,e009_consensus_abstention,0.513681132421,1141453.06227,208128.560886,112161.516919,0.00647875809409,1.12501018054,0.866666666667,0.982331588228,0.513681132421,0.366666666667
367456ce,oof,consensus_majority,False,5569,6.54232561527,-1.84710921482,238364.474197,e009_consensus_abstention,0.296010862411,19000.3835423,2134.94563335,217229.145021,-0.000385139633916,1.77852229153,0.966666666667,0.505963235407,0.296010862411,0.466666666667
368131f9,oof,consensus_majority,False,4991,19.5435942741,-14.8727457252,1906322.81706,e009_consensus_abstention,0.353744012624,1104002.03995,686329.208767,115991.56835,-0.00813908376114,1.19401678342,0.9,0.500587864307,0.353744012624,0.4
368fe682,oof,consensus_majority,False,4936,16.6640758612,-14.4925184981,1370684.87039,e009_consensus_abstention,0.408375602514,1036723.34417,47148.2244764,286813.301739,-0.00216900511753,-1.34251488616,0.833333333333,0.580107807118,0.408375602514,0.333333333333
3690a146,oof,consensus_majority,False,4073,8.71789721876,-4.79501644038,309555.054097,e009_consensus_abstention,0.301533652464,93647.1599885,151273.72327,64634.1708385,-0.00518323344326,2.80391015836,0.866666666667,0.758803444486,0.301533652464,0.366666666667
37344c2a,oof,consensus_majority,False,5197,13.1553985065,1.13692933017,899416.257766,e009_consensus_abstention,0.403744291061,6717.68534448,510255.491513,382443.080908,-0.00660473503522,3.50012743531,0.833333333333,1.25206533661,0.403744291061,0.333333333333
373ef48b,oof,consensus_majority,False,3509,4.35639824573,-2.0947472984,66594.5237149,e009_consensus_abstention,0.298173240189,15397.3735508,3129.96984279,48067.1803213,-0.000932364361768,1.91244001568,0.966666666667,0.532016924973,0.298173240189,0.466666666667
374be387,oof,consensus_majority,False,9965,6.14845707418,-0.575495331959,376712.120576,e009_consensus_abstention,0.10095296129,3300.35695037,30181.7038952,343230.05973,0.000604987703583,-6.90195640169,1,0.682514193454,0.10095296129,0.5
37d36812,oof,consensus_majority,False,4367,22.9859009317,-21.3817693109,2307311.61905,e009_consensus_abstention,0.198055277453,1996505.31705,89278.9818814,221527.320112,-0.00358666207841,-4.02776837848,1,0.68486000252,0.198055277453,0.5
38991fd4,oof,consensus_majority,False,4798,14.0037440781,12.0071961595,940911.061688,e009_consensus_abstention,0.264891503861,691740.900623,131142.842827,118027.318238,0.00377461415239,1.26047178471,0.933333333333,0.47491986437,0.264891503861,0.433333333333
389ae58f,oof,consensus_majority,False,6463,39.5410397705,-36.9090521192,10104860.5983,e009_consensus_abstention,0.884086382957,8804403.54345,985349.948325,315107.10653,-0.0066181200895,3.66873851098,0.766666666667,2.26484686789,0.884086382957,0.266666666667
3932faa6,oof,consensus_majority,False,5452,14.4887496043,6.93038237626,1144504.91251,e009_consensus_abstention,0.384906389235,261860.649752,28212.9847279,854431.278027,-0.00144537778835,-1.53211524447,0.8,0.562135353599,0.384906389235,0.3
398dce4b,oof,consensus_majority,False,3166,5.94191599884,-3.83699676799,111779.953924,e009_consensus_abstention,0.42201443353,46611.5749294,9198.66860114,55969.7103935,-0.00186503405083,0.491689155442,0.833333333333,0.545463572803,0.42201443353,0.333333333333
39b51819,oof,consensus_majority,False,4231,5.60016773332,-5.0433474887,132692.108532,e009_consensus_abstention,0.406351963433,107616.982316,4649.85509476,20425.2711206,-0.000858313229787,-1.78764788801,0.9,0.667605596259,0.406351963433,0.4
3a0af893,oof,consensus_majority,False,2927,16.8503025335,-13.6269843308,831070.999639,e009_consensus_abstention,0.63560313437,543528.392617,231686.637446,55855.9695763,-0.010529483248,-0.233816517152,0.7,0.649376523944,0.63560313437,0.2
3a223519,oof,consensus_majority,False,4583,14.4516578333,12.7650250284,957161.447955,e009_consensus_abstention,0.647149190403,746780.894604,179206.328152,31174.2251991,0.00472653108231,0.26313127265,0.633333333333,0.663529290035,0.647149190403,0.133333333333
3a7dd95d,oof,consensus_majority,False,3072,13.4713304508,10.7106493169,557496.557921,e009_consensus_abstention,1.0252036671,352413.723005,16899.4950158,188183.3399,-0.00264481739555,1.29703743737,0.766666666667,1.53740790813,1.0252036671,0.266666666667
3a824aa7,oof,consensus_majority,False,4201,9.30146653308,8.16045937137,363459.091877,e009_consensus_abstention,0.514413417308,279757.601135,20317.06591,63384.4248323,-0.00181339372159,0.0814558859746,0.866666666667,0.586376134999,0.514413417308,0.366666666667
3a86fe8d,oof,consensus_majority,False,5118,9.1451294945,7.56680934987,428035.707786,e009_consensus_abstention,0.246893705473,293039.297927,44725.4573962,90270.9524626,0.00200086415647,2.02562133189,0.966666666667,0.480522876599,0.246893705473,0.466666666667
3aaa2b30,oof,consensus_majority,False,4711,15.0691456677,-12.5060118511,1069769.88109,e009_consensus_abstention,0.32486200041,736801.966028,257407.296635,75560.6184248,-0.00543539866307,-1.87320405952,0.966666666667,0.681324067218,0.32486200041,0.466666666667
3ac16ad0,oof,consensus_majority,False,5649,8.32668511216,-0.387104501865,391665.986323,e009_consensus_abstention,0.977175251853,846.502058912,3038.69672254,387780.787541,0.000449755979961,2.55186130916,0.7,1.57470423933,0.977175251853,0.2
3b21ea64,oof,consensus_majority,False,7376,7.44453760039,-2.85085015661,408786.329257,e009_consensus_abstention,0.583248519815,59947.3086357,18618.5397247,330220.480896,-0.000746160187364,-0.426040069042,0.733333333333,0.646811617671,0.583248519815,0.233333333333
3bbe1f5d,oof,consensus_majority,False,6918,13.687507831,-12.7258698848,1296072.56898,e009_consensus_abstention,0.60084793723,1120354.6336,2383.89206865,173334.043302,-0.000293942975027,1.80487903495,0.733333333333,0.947845533783,0.60084793723,0.233333333333
3bfee975,oof,consensus_majority,False,3603,7.89221035145,-0.74499568617,224420.004186,e009_consensus_abstention,0.64631696618,1999.7319164,1686.94684587,220733.325424,-0.00065787736741,-0.211702633305,0.766666666667,0.896378547658,0.64631696618,0.266666666667
3c3dbcbc,oof,consensus_majority,False,5069,9.37606293958,0.542776895951,445618.609616,e009_consensus_abstention,0.893302865991,1493.36166024,264816.867839,179308.380116,-0.00493946618816,0.0454247729165,0.766666666667,1.48549376198,0.893302865991,0.266666666667
3d96d897,oof,consensus_majority,False,5659,3.29523691463,-0.697123829312,61448.7400049,e009_consensus_abstention,0.312975679236,2750.17006338,903.796751857,57794.7731896,-0.00024463380876,-0.584776971542,0.9,0.402273643299,0.312975679236,0.4
3df4b19e,oof,consensus_majority,False,4988,5.97642830488,3.05797822027,178159.864074,e009_consensus_abstention,0.868961882828,46643.9392085,35718.2609273,95797.6639379,0.00185842961398,0.255689510783,0.733333333333,0.910041275735,0.868961882828,0.233333333333
3e011332,oof,consensus_majority,False,2723,17.6992102493,-9.6494122193,853012.544308,e009_consensus_abstention,0.444699134947,253541.678273,229939.255792,369531.610244,-0.0116903025493,0.309255377864,0.933333333333,0.490760179173,0.444699134947,0.433333333333
3e678ea7,oof,consensus_majority,False,6858,11.5158594376,-9.76073104174,909473.79746,e009_consensus_abstention,0.606640868313,653374.487678,5561.27539812,250538.034384,-0.000454864043361,-0.360177468922,0.633333333333,0.660006906396,0.606640868313,0.133333333333
3ef6372a,oof,consensus_majority,False,4727,6.809222176,2.51839828777,219169.749897,e009_consensus_abstention,0.155083241182,29980.1936067,50912.2447007,138277.31159,0.00240504580424,6.31838439453,0.966666666667,0.972611884342,0.155083241182,0.466666666667
3ef98781,oof,consensus_majority,False,3892,8.68463077708,7.41262014761,293545.583269,e009_consensus_abstention,0.677149340575,213853.480566,2603.18464267,77088.9180607,0.000727920376611,-0.714443385884,0.833333333333,1.08955844874,0.677149340575,0.333333333333
3f603129,oof,consensus_majority,False,5051,19.2574210912,-15.4549635277,1873154.59703,e009_consensus_abstention,0.500253722002,1206461.13899,2840.07411032,663853.383935,-0.000514267897867,-3.13132631412,0.833333333333,1.37013538547,0.500253722002,0.333333333333
404c4384,oof,consensus_majority,False,911,6.37540548896,-5.36294676689,37028.3193804,e009_consensus_abstention,0.650876461466,26201.4514003,9869.57754758,957.290432561,-0.0125159148861,0.575720949558,0.833333333333,1.27380900699,0.650876461466,0.333333333333
4121c517,oof,consensus_majority,False,3723,8.66756204829,-2.75704810429,279696.450418,e009_consensus_abstention,0.291316834186,28299.6929504,69251.3798758,182145.377592,0.00401296433576,1.97653354009,0.9,0.481020545906,0.291316834186,0.4
41fb0192,oof,consensus_majority,False,2973,2.74900059619,2.02146157392,22466.9737181,e009_consensus_abstention,0.277201155232,12148.5903984,12.3048031957,10306.0785166,7.49610428457e-05,-1.81985725599,0.966666666667,0.435046942413,0.277201155232,0.466666666667
42669188,oof,consensus_majority,False,4282,16.6088049154,14.2081816222,1181199.97987,e009_consensus_abstention,0.484568988977,864417.723896,111637.224041,205145.03193,0.00413071426878,-2.73380659793,0.9,1.21843108852,0.484568988977,0.4
42c538a1,oof,consensus_majority,False,3279,27.3614770045,-22.9151582024,2454824.73986,e009_consensus_abstention,0.440367822247,1721817.57498,438122.886257,294884.278627,-0.0122117101682,3.44091849501,0.966666666667,1.28344421397,0.440367822247,0.466666666667
43b06c70,oof,consensus_majority,False,4846,6.21239000109,4.2634949628,187025.504041,e009_consensus_abstention,0.613408464997,88087.6285371,30966.5674573,67971.3080469,0.00180701622275,0.857644747935,0.866666666667,0.920426474792,0.613408464997,0.366666666667
43c7f85a,oof,consensus_majority,False,5978,9.51308409454,6.77593466143,541001.64102,e009_consensus_abstention,0.565751106156,274469.650824,52375.0527852,214156.937411,0.00171521671339,-1.81816868178,0.8,0.936676631936,0.565751106156,0.3
43e16325,oof,consensus_majority,False,3720,40.6937341965,-33.1205449775,6160245.61063,e009_consensus_abstention,0.389761204229,4080730.25852,2056079.26412,23436.0879828,-0.0218925401814,-1.00037737961,0.9,0.531385108566,0.389761204229,0.4
44441e54,oof,consensus_majority,False,4357,5.47414429486,-4.13661558524,130562.97635,e009_consensus_abstention,0.704646341024,74555.1910948,156.113501904,55851.6717535,0.000150497583792,0.949490201936,0.666666666667,0.955050269177,0.704646341024,0.166666666667
445af6c2,oof,consensus_majority,False,6041,31.8211674608,28.7822153269,6117036.24605,e009_consensus_abstention,0.663473682886,5004460.56743,762314.624344,350261.054271,0.00644161109278,-1.06450175527,0.766666666667,0.954677791428,0.663473682886,0.266666666667
4463446c,oof,consensus_majority,False,3256,14.7742710709,-11.3023165865,710716.702959,e009_consensus_abstention,0.438298290085,415929.124878,220206.843362,74580.7347182,-0.00874942383453,1.356788749,0.833333333333,0.685789050478,0.438298290085,0.333333333333
44a94013,oof,consensus_majority,False,4903,20.7506029747,17.5939313144,2111170.62926,e009_consensus_abstention,0.228339475081,1517706.09283,68416.6271058,525047.909322,0.00263923840453,-3.54972862571,1,0.846154924189,0.228339475081,0.5
45fb3e21,oof,consensus_majority,False,3649,19.7275682212,13.0318841685,1420106.68297,e009_consensus_abstention,0.381789687679,619709.688174,680974.109986,119422.884811,0.0129686611997,-2.51928711522,0.9,0.915907939617,0.381789687679,0.4
460f859e,oof,consensus_majority,False,3336,21.5047041386,9.28950043989,1542740.87309,e009_consensus_abstention,0.241816502643,287879.514258,560040.622107,694820.736725,0.0134543073435,5.64445557904,0.966666666667,1.31740267663,0.241816502643,0.466666666667
4630ab92,oof,consensus_majority,False,3373,12.7293576852,10.2034896773,546549.273297,e009_consensus_abstention,0.360274350905,351167.082981,99425.0678633,95957.1224521,0.00557588847047,1.7843367313,0.9,0.69769846373,0.360274350905,0.4
463c38f2,oof,consensus_majority,False,4460,8.56542909238,-3.08183910256,327214.926893,e009_consensus_abstention,0.703305987668,42359.8858531,120874.180005,163980.861035,-0.00404347829613,0.649750154907,0.733333333333,0.777504834189,0.703305987668,0.233333333333
4654e7de,oof,consensus_majority,False,5373,4.94070635125,-1.01379096651,131158.042307,e009_consensus_abstention,0.425011838692,5522.21962101,51.1498888587,125584.672797,6.29053693827e-05,-3.53416019681,0.966666666667,1.54023452779,0.425011838692,0.466666666667
466fc788,oof,consensus_majority,False,6197,13.8662217312,-10.0305634571,1191510.23529,e009_consensus_abstention,0.269704634041,623493.823644,102238.484236,465777.92741,-0.00227052132662,3.54235995568,1,1.01253603933,0.269704634041,0.5
46a301e9,oof,consensus_majority,False,8226,13.0790780803,12.3013762673,1407158.3435,e009_consensus_abstention,0.708277942685,1244790.05647,27.0801796332,162341.206843,-2.41620255317e-05,-1.38884332583,0.766666666667,2.11701036706,0.708277942685,0.266666666667
46a7190b,oof,consensus_majority,False,4215,13.5868150821,-10.0421928542,778095.508277,e009_consensus_abstention,0.608233414985,425064.361304,254692.138683,98339.0082911,-0.00638854615745,0.820649004602,0.733333333333,0.723009257232,0.608233414985,0.233333333333
46d24a09,oof,consensus_majority,False,4449,19.1371435721,-16.3186438749,1629358.44497,e009_consensus_abstention,0.717631793881,1184760.41559,33435.9212252,411162.108159,-0.00213453692531,0.715054322637,0.8,0.939338962661,0.717631793881,0.3
46d41ff6,oof,consensus_majority,False,7901,6.44612305269,0.275304405771,328306.321545,e009_consensus_abstention,0.393048383525,598.836667626,5099.61080043,322607.874077,0.000352237872975,-3.77910061092,0.833333333333,1.30899520642,0.393048383525,0.333333333333
46dfcfca,oof,consensus_majority,False,3606,13.3634944655,-11.4212320921,643970.241497,e009_consensus_abstention,0.243165265356,470383.020259,83742.6443149,89844.5769228,-0.00462940729128,5.61102150212,1,1.27691711272,0.243165265356,0.5
47222616,oof,consensus_majority,False,4406,11.0670568077,-7.24787046668,539645.762576,e009_consensus_abstention,0.476223983508,231454.345486,179156.115204,129035.301887,-0.0050134849242,1.75019096436,0.933333333333,0.741366233331,0.476223983508,0.433333333333
47ee27ab,oof,consensus_majority,False,6397,7.78144472577,-2.17257067257,387343.992283,e009_consensus_abstention,0.670176477166,30194.2451048,114579.207765,242570.539413,0.00229181210934,0.343640652384,0.733333333333,0.780294936979,0.670176477166,0.233333333333
481de5fc,oof,consensus_majority,False,5952,19.1590169181,18.0265514642,2184788.31501,e009_consensus_abstention,0.495470373373,1934141.43138,14902.7385019,235744.145127,0.000920935651524,1.99665163242,0.866666666667,0.801435506983,0.495470373373,0.366666666667
48c1f673,oof,consensus_majority,False,2917,18.9123107973,-15.9830693978,1043339.4326,e009_consensus_abstention,0.30632204795,745172.46601,163999.472274,134167.494317,-0.00890445267613,6.16105762113,0.833333333333,1.87148873083,0.30632204795,0.333333333333
4936af16,oof,consensus_majority,False,3991,10.058225708,8.58182074387,403761.106431,e009_consensus_abstention,0.734515717337,293927.760294,55877.609901,53955.7362365,0.00324778263691,-0.0225113076249,0.733333333333,0.750325707943,0.734515717337,0.233333333333
493b5b31,oof,consensus_majority,False,4671,23.742066393,-17.9110631142,2632975.98229,e009_consensus_abstention,0.178209866421,1498485.67557,985480.622534,149009.684182,-0.0107720876036,7.75662705871,0.966666666667,1.00026365541,0.178209866421,0.466666666667
49dbc14c,oof,consensus_majority,False,3872,7.40199770143,6.231736121,212145.214931,e009_consensus_abstention,0.467896806887,150367.319837,38971.5619481,22806.3331464,0.00283832106705,-1.5056553429,0.866666666667,0.706589906163,0.467896806887,0.366666666667
4a035ec2,oof,consensus_majority,False,2588,17.5722361765,13.8133538443,799131.657222,e009_consensus_abstention,0.320338657926,493813.030578,275833.141864,29485.4847805,0.0138187089747,-0.367714510681,0.9,0.504172918087,0.320338657926,0.4
4a335117,oof,consensus_majority,False,5015,11.6619901907,-2.44690672968,682050.106268,e009_consensus_abstention,0.601897741492,30026.5730069,52576.0216498,599447.511611,0.00223654729259,0.570886379787,0.8,1.56435320912,0.601897741492,0.3
4a8ecc0b,oof,consensus_majority,False,5809,14.2329293359,-9.12971962498,1176765.59589,e009_consensus_abstention,0.815749782647,484190.492523,216463.055069,476112.048294,-0.00364024368002,4.42192564624,0.866666666667,1.99683808015,0.815749782647,0.366666666667
4b462989,oof,consensus_majority,False,3106,6.76669395169,1.62115836545,142217.984693,e009_consensus_abstention,0.62648501192,8163.04770883,62925.9548758,71128.9821088,-0.00501999605325,0.462319169165,0.733333333333,0.705142927959,0.62648501192,0.233333333333
4b831d20,oof,consensus_majority,False,7312,12.9904592122,8.62991369779,1233914.84734,e009_consensus_abstention,0.513190417515,544564.201074,222109.400608,467241.245663,0.0026110778646,-0.0704189635864,0.866666666667,0.602939415503,0.513190417515,0.366666666667
4c2208f5,oof,consensus_majority,False,5384,28.496748342,-26.1307114524,4372156.16209,e009_consensus_abstention,0.429051083661,3676271.01215,29288.0767834,666597.073159,-0.00150064678079,0.188726279872,0.8,0.534667564422,0.429051083661,0.3
4c3168cf,oof,consensus_majority,False,4334,3.82517340018,-1.42430142572,63414.8779806,e009_consensus_abstention,0.748558077829,8792.10214542,18738.984331,35883.7915042,0.00166199723962,1.78291578627,0.766666666667,1.37021980799,0.748558077829,0.266666666667
4c3df468,oof,consensus_majority,False,5392,11.9032296879,-7.72623225961,763975.640794,e009_consensus_abstention,0.305443116689,321873.6333,23999.1982455,418102.809249,0.00135538967139,2.39904502535,1,0.688421290985,0.305443116689,0.5
4caa7289,oof,consensus_majority,False,5396,17.9493866772,-16.1808695428,1738485.88135,e009_consensus_abstention,0.319784944386,1412783.62931,271473.135293,54229.1167537,-0.00455350846571,0.667424984014,0.9,0.477583323004,0.319784944386,0.4
4cd1ac61,oof,consensus_majority,False,4489,9.77049806845,-9.1151595808,428531.757318,e009_consensus_abstention,0.374454176245,372973.656349,37486.0271307,18072.0738377,-0.00222997982167,2.98385830166,0.933333333333,1.02602596012,0.374454176245,0.433333333333
4cecf7b3,oof,consensus_majority,False,6019,14.963126109,12.3639270148,1347624.86544,e009_consensus_abstention,0.516741138028,920104.614499,21266.6494322,406253.601508,0.00108181662202,1.95906300986,0.866666666667,1.00102718707,0.516741138028,0.366666666667
4ddde4c1,oof,consensus_majority,False,4472,3.50009866154,0.33188169704,54785.0885443,e009_consensus_abstention,0.882045008952,492.570500833,18641.2746404,35651.2434031,-0.00158152384416,1.16276816235,0.766666666667,1.14078475177,0.882045008952,0.266666666667
4e050c92,oof,consensus_majority,False,3705,7.50367999745,5.57908711832,208610.816033,e009_consensus_abstention,0.602148598845,115322.619439,50457.390217,42830.8063773,0.00345041006781,-0.356826516915,0.666666666667,0.634988819356,0.602148598845,0.166666666667
4ed93db6,oof,consensus_majority,False,4657,8.97126332184,5.90194921768,374811.964952,e009_consensus_abstention,0.134886031993,162217.302273,193432.446762,19162.2159164,0.00479397691946,2.64461073916,0.966666666667,0.356598332511,0.134886031993,0.466666666667
4f3eb9e9,oof,consensus_majority,False,4697,28.1829087807,-18.1871521893,3730716.00345,e009_consensus_abstention,0.30834721807,1553638.45484,1870839.20718,306238.341435,-0.0147189904668,2.13945470394,1,0.559477203747,0.30834721807,0.5
4f4ac5ce,oof,consensus_majority,False,5162,8.30538796936,-3.4907938063,356072.020638,e009_consensus_abstention,0.575640760258,62902.2808968,164626.352679,128543.387062,-0.00378977397493,-2.64598226746,0.8,1.18008392406,0.575640760258,0.3
4f4afcc6,oof,consensus_majority,False,5645,8.69038055295,-1.58121042771,426325.721405,e009_consensus_abstention,0.31257607763,14113.7781223,183834.556522,228377.386761,0.00350193665715,-0.540648139906,0.866666666667,0.410864173204,0.31257607763,0.366666666667
4f69febf,oof,consensus_majority,False,5460,9.25656005837,-8.13700389274,467834.116463,e009_consensus_abstention,0.327259961776,361511.144634,58966.8483272,47356.1235022,-0.00208499791165,3.5762869339,1,1.15153856588,0.327259961776,0.5
4fbe9c06,oof,consensus_majority,False,6287,11.6878590598,7.33089146838,858842.232582,e009_consensus_abstention,0.319163115026,337875.763637,10344.7002518,510621.768693,0.000706780230926,1.24101350127,0.8,0.495123733377,0.319163115026,0.3
504c8b08,oof,consensus_majority,False,6367,23.0224502232,21.6579214411,3374721.47531,e009_consensus_abstention,0.549006361459,2986540.42784,272643.767259,115537.280215,0.00356029628064,1.26641406863,0.866666666667,1.00225695371,0.549006361459,0.366666666667
511e1db0,oof,consensus_majority,False,3821,8.16828370924,-7.84075142429,254940.401301,e009_consensus_abstention,0.438372636094,234905.080051,6224.14385926,13811.1773907,-0.00115708401092,-3.31896574651,0.966666666667,1.25914077596,0.438372636094,0.466666666667
512943b2,oof,consensus_majority,False,5029,8.34132797417,7.22963996623,349906.516682,e009_consensus_abstention,0.464176381617,262854.233334,48039.9308108,39012.3525371,0.00212896913282,1.81300385573,0.833333333333,0.68180858748,0.464176381617,0.333333333333
5138a660,oof,consensus_majority,False,3559,5.30443758137,1.94551788437,100139.789616,e009_consensus_abstention,0.829861412024,13470.9567849,58073.2345266,28595.5983049,0.00393175697627,0.566958170281,0.7,0.885534267511,0.829861412024,0.2
516088b7,oof,consensus_majority,False,6645,6.7529450221,-3.26775596613,303027.060703,e009_consensus_abstention,0.673066089994,70956.832065,16277.8014512,215792.427187,0.000815917077982,-1.17828595972,0.733333333333,0.8956295585,0.673066089994,0.233333333333
521a7819,oof,consensus_majority,False,5200,33.3452652273,31.9004550307,5781914.908,e009_consensus_abstention,0.717704362085,5291722.96205,179801.89135,310390.054592,0.00391726311728,1.82362962955,0.766666666667,1.40373666878,0.717704362085,0.266666666667
5254b6db,oof,consensus_majority,False,3274,8.15491348629,-7.8374371864,217729.558134,e009_consensus_abstention,0.958321039579,201106.830485,2190.06376521,14432.6638839,-0.000865368356602,1.00302148402,0.733333333333,1.16127710219,0.958321039579,0.233333333333
529e88ca,oof,consensus_majority,False,3417,13.9949476465,-4.05325164186,669248.698254,e009_consensus_abstention,0.0991374144282,56137.3765965,371289.402486,241821.919172,-0.0105676750428,6.51657970686,0.966666666667,0.623540448544,0.0991374144282,0.466666666667
52f1e77a,oof,consensus_majority,False,4442,8.72443615469,3.9530897741,338106.322377,e009_consensus_abstention,0.769466176201,69414.7731414,4348.99567372,264342.553562,0.000771644545288,1.14751090631,0.7,1.09320072055,0.769466176201,0.2
5305524b,oof,consensus_majority,False,4898,13.1781783198,10.5371705514,850608.151992,e009_consensus_abstention,0.359904815588,543834.555899,180326.0953,126447.500792,0.00429132839479,-2.83452540295,0.833333333333,0.99792794274,0.359904815588,0.333333333333
53134831,oof,consensus_majority,False,5126,26.9112958993,26.3778558646,3712340.68361,e009_consensus_abstention,0.186105332522,3566626.10135,90314.91209,55399.6701639,0.00283662848879,6.07227465325,1,0.838992511977,0.186105332522,0.5
5397ceb1,oof,consensus_majority,False,5255,8.26687444414,-0.86941926603,359133.07471,e009_consensus_abstention,0.413076231975,3972.20121506,209742.154655,145418.71884,-0.00416461072212,-1.27069483638,0.833333333333,0.957137440208,0.413076231975,0.333333333333
53f23031,oof,consensus_majority,False,8550,6.98929486111,-1.26667439362,417669.574704,e009_consensus_abstention,0.457128957777,13718.1673664,282294.957696,121656.449642,-0.00232805381057,1.34642802037,0.8,0.588429968943,0.457128957777,0.3
543198e8,oof,consensus_majority,False,6503,21.3891747475,-10.7742529672,2975101.66685,e009_consensus_abstention,0.348953731073,754897.679089,315835.596738,1904368.39102,0.00371236385256,-2.6407632782,0.966666666667,0.720745294743,0.348953731073,0.466666666667
54753541,oof,consensus_majority,False,4026,16.8749517492,-3.09525402773,1146459.85007,e009_consensus_abstention,0.454372718167,38571.4855197,620012.63816,487875.726386,-0.0106777623725,-1.50229504297,0.866666666667,0.820935976471,0.454372718167,0.366666666667
54a7e3c2,oof,consensus_majority,False,6155,12.5569194392,-11.4641176204,970497.169812,e009_consensus_abstention,0.645655385207,808926.985769,843.086235541,160727.097808,0.000208297732511,0.381892391637,0.8,0.82190212426,0.645655385207,0.3
5542c301,oof,consensus_majority,False,3591,8.81822961476,-6.88283018047,279240.374177,e009_consensus_abstention,0.171308063653,170117.704494,34221.8274943,74900.8421893,0.00297796185861,2.2500031698,0.766666666667,0.411039688616,0.171308063653,0.266666666667
5567d551,oof,consensus_majority,False,6889,8.30798231603,2.1527497193,475496.485856,e009_consensus_abstention,0.219874682315,31925.9086972,157598.951678,285971.62548,-0.00240509930393,-2.84782113819,0.966666666667,0.563743541551,0.219874682315,0.466666666667
55efee7f,oof,consensus_majority,False,4801,25.1932622128,16.8694048391,3047196.91289,e009_consensus_abstention,0.386035839146,1366253.31103,120662.486203,1560281.11566,-0.00361725568829,3.53585531459,0.933333333333,1.10746433159,0.386035839146,0.433333333333
5663b2b7,oof,consensus_majority,False,4972,17.9691654971,11.3751773498,1605413.59787,e009_consensus_abstention,0.308017274858,643350.248225,442975.131513,519088.218134,-0.00657633040534,-1.57276891097,0.733333333333,0.574066139249,0.308017274858,0.233333333333
5693dde2,oof,consensus_majority,False,3488,8.48083274907,7.43804700341,250872.740123,e009_consensus_abstention,0.565334682159,192972.006769,14439.3546739,43461.3786802,0.00202069058766,-0.991578829909,0.666666666667,0.798670740507,0.565334682159,0.166666666667
56b00794,oof,consensus_majority,False,6065,22.4840884518,-19.3598860143,3066065.12622,e009_consensus_abstention,1.36065028236,2273193.45604,514295.780842,278575.889339,-0.00525957802118,0,0.666666666667,1.47324082949,1.36065028236,0.166666666667
57796579,oof,consensus_majority,False,5890,21.7950654165,-20.1644487378,2797896.52265,e009_consensus_abstention,0.66987072473,2394903.40817,119940.339045,283052.775432,-0.0026539963618,0.6685217729,0.8,0.877865056325,0.66987072473,0.3
577eec7c,oof,consensus_majority,False,4539,12.3524100816,-3.83201545406,692569.856068,e009_consensus_abstention,0.323700181033,66652.2303359,263762.650959,362154.974773,0.00581777617746,2.7867011803,0.866666666667,0.654186302987,0.323700181033,0.366666666667
57f05c51,oof,consensus_majority,False,4771,38.1903394965,-33.968386345,6958513.18921,e009_consensus_abstention,0.213451335303,5505024.4134,648919.163801,804569.612014,-0.00846782370448,7.05408845144,0.933333333333,1.48843573003,0.213451335303,0.433333333333
58850d2c,oof,consensus_majority,False,4995,15.7298713504,14.593974899,1235907.11923,e009_consensus_abstention,0.739067475745,1063855.59625,62718.1662396,109333.356745,0.00245744648342,-3.34548289034,0.733333333333,1.70780700954,0.739067475745,0.233333333333
58fa8486,oof,consensus_majority,False,4475,13.6225864283,9.98586517072,830447.502961,e009_consensus_abstention,0.434045136491,446235.826855,308129.89707,76081.7790364,0.00642344476251,1.42011944944,0.866666666667,0.699916431443,0.434045136491,0.366666666667
591cc951,oof,consensus_majority,False,4609,19.5446364288,17.6286007984,1760604.87574,e009_consensus_abstention,0.366093418583,1432327.71219,227538.476512,100738.687032,0.00528090061203,3.29908394003,0.866666666667,0.747564676344,0.366093418583,0.366666666667
593876b6,oof,consensus_majority,False,4842,7.98906119883,-4.98821574974,309041.128577,e009_consensus_abstention,0.845723497732,120480.079004,30607.8377693,157953.211803,0.00179874574674,-0.276598017134,0.566666666667,0.888629491172,0.845723497732,0.0666666666667
59f8b2e8,oof,consensus_majority,False,3747,9.81311251491,8.45273176654,360825.523082,e009_consensus_abstention,0.499291482614,267718.182666,3738.66573176,89368.6746838,-0.00092347133123,-0.160580650735,0.8,0.841673845021,0.499291482614,0.3
5a1a8fd8,oof,consensus_majority,False,5260,17.6242456277,15.9205247621,1633829.81855,e009_consensus_abstention,1.20268870109,1333215.95176,178.516447913,300435.350343,-0.000121325232715,-0.643581320633,0.666666666667,1.33198272418,1.20268870109,0.166666666667
5a5269a9,oof,consensus_majority,False,6513,6.09196043311,-1.48242466641,241710.338236,e009_consensus_abstention,0.21873559867,14312.8573729,69126.1509159,158271.329947,0.0017327671201,-5.31937636078,0.966666666667,1.16362980796,0.21873559867,0.466666666667
5a5d1982,oof,consensus_majority,False,3894,6.75781925019,0.0988352683565,177831.663245,e009_consensus_abstention,0.95617951621,38.0381895956,116706.509224,61087.1158316,-0.00487017151431,0,0.7,0.961791509746,0.95617951621,0.2
5a63b5d1,oof,consensus_majority,False,6217,15.4599785743,12.6235646113,1485930.99855,e009_consensus_abstention,0.899722560493,990706.202199,47202.4840723,448022.312276,0.0015353300663,-1.24730081507,0.8,1.16263665086,0.899722560493,0.3
5aa03df7,oof,consensus_majority,False,4871,5.88449338933,0.35066412429,168669.39539,e009_consensus_abstention,0.56484908656,598.964112999,12942.3517672,155128.079509,-0.00115923113651,0.988912562191,0.8,0.664242175871,0.56484908656,0.3
5aa403d0,oof,consensus_majority,False,3118,19.3655904281,-17.4765822312,1169331.35682,e009_consensus_abstention,0.333891405602,952333.628774,140744.951595,76252.7764528,-0.00746436541707,2.66290552721,0.933333333333,0.674762063216,0.333891405602,0.433333333333
5aef5c6c,oof,consensus_majority,False,3121,12.1203414003,7.59262673451,458483.250735,e009_consensus_abstention,0.179838512919,179919.347857,1014.13959806,277549.76328,0.000632701497795,5.79696382041,1,1.07991206588,0.179838512919,0.5
5b7b6324,oof,consensus_majority,False,6564,20.5242996233,-16.9578204847,2765064.48766,e009_consensus_abstention,0.262554635649,1887594.22257,677585.16223,199885.102859,-0.00536191238362,-3.27353995555,0.9,0.882004676826,0.262554635649,0.4
5bd25f59,oof,consensus_majority,False,4210,14.9485487707,14.6214710938,940762.854568,e009_consensus_abstention,0.185084389864,900045.025349,132.283147989,40585.546071,-0.000145854472941,5.32119740589,0.9,0.964117333363,0.185084389864,0.4
5beded95,oof,consensus_majority,False,3057,18.2007813377,16.9073323496,1012687.62507,e009_consensus_abstention,0.263780467719,873867.561107,7856.26143006,130963.802528,0.00181658386154,3.72142574508,1,1.0554930177,0.263780467719,0.5
5cb483ac,oof,consensus_majority,False,3852,5.55887644058,1.81062469493,119031.065249,e009_consensus_abstention,0.526519853164,12628.2495993,43040.0774358,63362.7382138,-0.0030060606733,-0.384040965184,0.733333333333,0.866214253246,0.526519853164,0.233333333333
5cdd8dbc,oof,consensus_majority,False,4010,20.8806233792,-15.7480994014,1748361.73514,e009_consensus_abstention,0.169598382759,994490.565377,702682.886386,51188.2833764,-0.0114354633378,-5.66899854697,1,0.871903507298,0.169598382759,0.5
5d11dfb5,oof,consensus_majority,False,5895,10.452887331,-3.74190422732,644104.521699,e009_consensus_abstention,0.373979166426,82540.8895178,584.941253307,560978.690928,-0.000185106232136,1.45637460002,0.866666666667,0.609554941216,0.373979166426,0.366666666667
5d7198fd,oof,consensus_majority,False,3368,15.1602286713,10.646395173,774075.972379,e009_consensus_abstention,0.355362148933,381748.419249,292589.58824,99737.9648897,0.00958654139273,2.83860852302,0.966666666667,0.766621062178,0.355362148933,0.466666666667
5def1ce5,oof,consensus_majority,False,6443,7.98459256453,-2.39015765801,410765.20779,e009_consensus_abstention,0.213341359183,36807.9159391,2601.38216473,371355.909686,0.000341633547303,-2.83668365528,1,0.599856160636,0.213341359183,0.5
5eae34a8,oof,consensus_majority,False,4904,6.71336052783,0.313579035284,221019.403764,e009_consensus_abstention,0.752514742644,482.219202957,54643.5803361,165893.604225,0.00235794957503,-0.205813726402,0.666666666667,0.803855600418,0.752514742644,0.166666666667
5f4d2a52,oof,consensus_majority,False,5225,50.2486484531,-40.0949441011,13192741.8579,e009_consensus_abstention,0.542561284566,8399733.73441,4203850.60937,589157.514116,-0.0188054974461,3.45709113588,0.9,1.71748573037,0.542561284566,0.4
5f6756c5,oof,consensus_majority,False,5931,5.97031078903,-1.12118947376,211408.187352,e009_consensus_abstention,0.732023021863,7455.65747376,66759.4595974,137193.070281,0.00195954458539,-0.51235074211,0.833333333333,1.02311933501,0.732023021863,0.333333333333
5f75f796,oof,consensus_majority,False,5562,10.8426524863,-9.48925930771,653886.034164,e009_consensus_abstention,0.314303460978,500836.086766,86575.7384174,66474.2089805,-0.00245720989459,-3.74473346682,0.966666666667,1.04846061758,0.314303460978,0.466666666667
5fb1c15f,oof,consensus_majority,False,2860,17.4546737129,-15.6965315969,871343.714456,e009_consensus_abstention,0.381543817848,704649.957936,56646.4128974,110047.343623,-0.00539048456322,1.36202152526,0.833333333333,0.647966398223,0.381543817848,0.333333333333
5fffa282,oof,consensus_majority,False,4201,2.60747012224,0.363297368944,28562.1807416,e009_consensus_abstention,0.169499246936,554.468893761,152.587678276,27855.1241695,-0.000157152518564,3.05901856237,1,0.495460643135,0.169499246936,0.5
60e37807,oof,consensus_majority,False,2699,19.9469339046,-11.3724320464,1073878.58475,e009_consensus_abstention,0.492621814015,349067.636546,585852.736587,138958.211619,-0.0189095222908,-0.93828018785,0.7,0.593689529774,0.492621814015,0.2
61f27424,oof,consensus_majority,False,6220,3.85687566405,-2.44638712985,92525.5471031,e009_consensus_abstention,0.433490418557,37225.5181322,11850.2340232,43449.7949477,0.000768720592526,-0.0320956284245,0.8,0.802674090747,0.433490418557,0.3
62569ae3,oof,consensus_majority,False,3588,7.04859286228,2.88771483246,178261.388882,e009_consensus_abstention,0.440463410624,29919.9622695,107029.28029,41312.1463223,0.00527306701597,-3.19451223718,0.9,1.08836144866,0.440463410624,0.4
62a6f539,oof,consensus_majority,False,3693,9.21282355466,7.18244989318,313447.503217,e009_consensus_abstention,0.497352223039,190512.956827,4751.47868269,118183.067708,-0.00106398638348,0.122205174089,0.833333333333,0.597758333652,0.497352223039,0.333333333333
633774dc,oof,consensus_majority,False,6233,17.4084053291,-14.1186712591,1888926.70684,e009_consensus_abstention,0.418343355578,1242466.76133,405343.625602,241116.319907,-0.00448184272252,-2.03165479859,0.8,0.599918600465,0.418343355578,0.3
63559d57,oof,consensus_majority,False,4069,3.43769392935,-0.412067359939,48086.3822367,e009_consensus_abstention,0.231959986614,690.914202639,140.191071497,47255.2769626,-0.000158022627582,-2.92825072037,0.933333333333,0.634569569334,0.231959986614,0.433333333333
647f2a41,oof,consensus_majority,False,3881,13.3396652967,11.7049721208,690611.027157,e009_consensus_abstention,0.717417522756,531721.731084,65208.3884463,93680.907626,0.00365870089767,1.3805679264,0.733333333333,1.15214899688,0.717417522756,0.233333333333
65156b96,oof,consensus_majority,False,3221,5.22364360161,0.393585236958,87889.6634272,e009_consensus_abstention,0.317489559307,498.962980119,24311.9872578,63078.7131892,-0.00295470948595,-0.25599742654,0.8,0.602554276394,0.317489559307,0.3
653612bc,oof,consensus_majority,False,4605,7.44940503393,-7.15995058042,255548.19083,e009_consensus_abstention,0.364373992331,236074.829106,2972.7122159,16500.6495083,-0.000604397438888,-2.12793467178,0.9,0.585164937328,0.364373992331,0.4
656a067b,oof,consensus_majority,False,3051,14.1564100591,3.56089708168,611432.438515,e009_consensus_abstention,0.213418942921,38686.6434683,267372.563501,305373.231545,0.0106288371948,3.64026291499,0.966666666667,0.776591799222,0.213418942921,0.466666666667
65a5466a,oof,consensus_majority,False,4683,14.999768991,-11.0597013308,1053642.5458,e009_consensus_abstention,0.286357285931,572810.480683,125769.038255,355063.026857,0.00383346291476,-5.34896342137,0.966666666667,1.43116189771,0.286357285931,0.466666666667
660d9546,oof,consensus_majority,False,4732,13.0086813503,11.1127911838,800776.440524,e009_consensus_abstention,0.944172900686,584374.213197,61536.4689906,154865.758336,0.00263991421798,-0.743074455166,0.733333333333,1.19946603,0.944172900686,0.233333333333
6767c111,oof,consensus_majority,False,6783,13.8810331057,-10.7171903672,1306969.3322,e009_consensus_abstention,0.183683449155,779082.962814,85477.0634522,442409.305935,-0.00181293694344,5.67779946256,0.966666666667,0.932303524673,0.183683449155,0.466666666667
67847288,oof,consensus_majority,False,7429,9.8218594081,8.04234068526,716667.623266,e009_consensus_abstention,0.664846814006,480502.101431,13326.8067499,222838.715085,0.000624536952159,0,0.766666666667,0.676823760707,0.664846814006,0.266666666667
67a8da4a,oof,consensus_majority,False,4911,11.1325787049,-7.74192857798,608641.389635,e009_consensus_abstention,0.491895031664,294352.856761,3325.92525668,310962.607617,0.000580486298577,-2.20441643984,0.766666666667,0.74722357177,0.491895031664,0.266666666667
684a6fc1,oof,consensus_majority,False,9818,10.2229361419,-5.02485561462,1026063.70055,e009_consensus_abstention,0.330998813115,247896.389819,1447.11043893,776720.200294,-0.000135458705759,6.55388377684,0.933333333333,2.10546573011,0.330998813115,0.433333333333
698930d1,oof,consensus_majority,False,4741,8.52689179959,-1.29870965311,344708.076915,e009_consensus_abstention,0.201393510694,7996.39230373,204047.836877,132663.847734,-0.00479348858262,3.70828481755,1,0.763334996328,0.201393510694,0.5
699ea575,oof,consensus_majority,False,4120,6.61981642448,-0.889738410596,180546.514315,e009_consensus_abstention,0.177269513551,3261.53388988,89815.7961095,87469.1843151,-0.00392573675084,2.89636901326,0.933333333333,0.493863899092,0.177269513551,0.433333333333
69c1bdad,oof,consensus_majority,False,2714,9.57281962057,-1.69100352078,248707.908074,e009_consensus_abstention,0.340389583849,7760.66375037,2902.14812229,238045.096202,-0.00131988372812,3.56262550142,0.966666666667,1.22877441282,0.340389583849,0.466666666667
69e41fa6,oof,consensus_majority,False,5772,4.95317275615,2.90503238939,141609.788273,e009_consensus_abstention,0.623095623528,48711.1384947,4163.3026022,88735.3471761,0.000509706456514,-1.17197520042,0.866666666667,0.953018972698,0.623095623528,0.366666666667
6a0ff78e,oof,consensus_majority,False,6465,12.7843542363,7.28346100693,1056637.7461,e009_consensus_abstention,0.412870680944,342960.519408,468198.773001,245478.45369,0.00455987534127,-1.67348453251,0.8,0.732416411113,0.412870680944,0.3
6a8fa194,oof,consensus_majority,False,3017,9.26196520627,-8.06073807092,258810.326438,e009_consensus_abstention,1.22051372908,196031.078214,35334.2394576,27445.0087659,-0.00392939380005,3.20035951214,0.7,2.65264991049,1.22051372908,0.2
6ae68655,oof,consensus_majority,False,4204,6.04545188957,-3.06897571394,153645.64186,e009_consensus_abstention,0.292865468106,39595.8445653,703.926365567,113345.870929,-0.000337178745331,-0.967066499941,0.833333333333,0.475271242551,0.292865468106,0.333333333333
6d1d74e1,oof,consensus_majority,False,5830,15.2915613323,8.48056480036,1363239.67372,e009_consensus_abstention,0.97881708994,419293.479512,806814.142101,137132.052105,0.00698995771129,-1.57966024676,0.7,1.44288871543,0.97881708994,0.2
6d590e26,oof,consensus_majority,False,6096,8.56558128838,-2.50748206554,447258.538396,e009_consensus_abstention,0.251139512373,38328.3946197,89947.0316518,318983.112125,0.00218281339016,-2.95254369716,0.933333333333,0.706093588696,0.251139512373,0.433333333333
6d6d93af,oof,consensus_majority,False,3595,28.3093557537,23.8247665117,2881103.54537,e009_consensus_abstention,0.379660174407,2040592.10011,17939.2112274,822572.234039,0.00215250401163,-3.56632709937,0.9,1.03732975501,0.379660174407,0.4
6dbe4b60,oof,consensus_majority,False,4648,7.3143876628,-3.18317909686,248669.240467,e009_consensus_abstention,0.434769773059,47096.4603482,445.116277515,201127.663841,-0.00023063658143,-0.735990918342,0.833333333333,0.58454915924,0.434769773059,0.333333333333
6e6d122c,oof,consensus_majority,False,5632,8.81991706038,-3.77349545928,438118.556914,e009_consensus_abstention,0.664968117836,80195.55727,120928.288345,236994.711299,-0.00285010338247,0.78144513483,0.733333333333,0.778317194011,0.664968117836,0.233333333333
6e9ccd38,oof,consensus_majority,False,8282,11.2061482565,-2.75139493731,1040034.99794,e009_consensus_abstention,0.216084370903,62696.1819049,440693.498772,536645.317265,0.00305109765983,-4.96015754314,0.966666666667,0.934694287933,0.216084370903,0.466666666667
6ea22614,oof,consensus_majority,False,5971,10.3923017755,7.99022714018,644867.619014,e009_consensus_abstention,0.161091187012,381210.910347,13557.3119091,250099.396757,0.000874191976767,4.07033882523,1,0.691874237599,0.161091187012,0.5
6ede926a,oof,consensus_majority,False,4938,6.48821425542,-3.61674097394,207874.611819,e009_consensus_abstention,0.165565488206,64593.065816,41847.2883459,101434.257657,-0.00204219714295,-2.52440263469,0.966666666667,0.405692172049,0.165565488206,0.466666666667
708caea9,oof,consensus_majority,False,6548,33.0118306843,-30.3588565969,7135885.75966,e009_consensus_abstention,0.515762552527,6035030.81851,525977.265226,574877.675924,-0.00474144927025,1.70268630856,0.833333333333,0.78328253834,0.515762552527,0.333333333333
70925e23,oof,consensus_majority,False,5947,7.25449645228,3.94946811892,312977.043562,e009_consensus_abstention,0.362386592272,92763.0807177,6415.92541406,213798.03743,0.000605025075742,-6.27601918709,0.933333333333,2.20757676864,0.362386592272,0.433333333333
70e1788b,oof,consensus_majority,False,9285,7.75156458394,5.42341001081,557905.506239,e009_consensus_abstention,0.302075653922,273103.197509,17703.855273,267098.453456,-0.000515171333332,-6.86686491745,0.933333333333,2.11931208721,0.302075653922,0.433333333333
71642c7d,oof,consensus_majority,False,4648,8.3707080904,-1.6061987271,325679.568288,e009_consensus_abstention,0.531138385397,11991.2559831,79135.8016622,234552.510643,0.00307523250947,-0.443884599012,0.8,0.551557988956,0.531138385397,0.3
71ccf778,oof,consensus_majority,False,2698,5.22422355698,3.47759055308,73635.1967643,e009_consensus_abstention,0.414123205532,32628.630076,14262.8504706,26743.7162176,0.00295209887608,2.7501089936,0.966666666667,1.13634763198,0.414123205532,0.466666666667
7224331b,oof,consensus_majority,False,6063,7.85873026258,6.48765412219,374448.705444,e009_consensus_abstention,0.480502706185,255189.584384,11709.5895752,107549.531485,0.000794017571059,4.52338577584,0.866666666667,1.89368401293,0.480502706185,0.366666666667
722cf0d8,oof,consensus_majority,False,5143,10.466457314,0.869334141926,563398.82573,e009_consensus_abstention,0.490302379315,3886.78033619,231277.500704,328234.54469,-0.00451681743819,0.346199178364,0.666666666667,0.500127179012,0.490302379315,0.166666666667
7256229b,oof,consensus_majority,False,5415,6.19316774175,0.163393117829,207694.093958,e009_consensus_abstention,0.294555339464,144.565938816,3410.70454844,204138.823471,0.00050770914858,1.41971645407,0.933333333333,0.448264299925,0.294555339464,0.433333333333
726f3dc2,oof,consensus_majority,False,6723,5.76918612409,-0.552435369938,223765.027877,e009_consensus_abstention,0.439950574514,2051.75766559,41649.3266517,180063.94356,-0.00128247808674,-2.51015424819,0.9,1.09132553796,0.439950574514,0.4
7271dd80,oof,consensus_majority,False,4340,3.93810486161,3.22354825898,67307.6273706,e009_consensus_abstention,0.559869727997,45098.0830604,503.327340628,21706.2169696,0.000271819933065,4.08276821433,0.9,1.08924104002,0.559869727997,0.4
727a3a10,oof,consensus_majority,False,4397,18.9369545804,17.9067365855,1576800.46988,e009_consensus_abstention,0.330342501318,1409903.39299,83746.056679,83151.0202112,0.00343825528469,2.35698327466,0.866666666667,0.876684853533,0.330342501318,0.366666666667
729665c0,oof,consensus_majority,False,4263,9.15095229551,-5.99547404877,356983.3127,e009_consensus_abstention,0.458013439293,153236.557763,19822.5078621,183924.247075,-0.00175225349702,1.22687659334,0.866666666667,0.607621545376,0.458013439293,0.366666666667
729e9750,oof,consensus_majority,False,5919,7.3739294243,-0.711280679646,321844.64928,e009_consensus_abstention,0.312258241286,2994.54169481,687.89546484,318162.21212,0.000199516741074,3.13000984996,1,1.01332838373,0.312258241286,0.5
729f4217,oof,consensus_majority,False,6195,19.4322046234,18.6155914964,2339297.52156,e009_consensus_abstention,0.835493132388,2146816.82869,1335.46646131,191145.22641,-0.000259624190519,-0.354856809201,0.766666666667,0.938726298951,0.835493132388,0.266666666667
72dd8501,oof,consensus_majority,False,5193,6.49655698719,-3.69676822353,219171.877208,e009_consensus_abstention,0.78183258843,70968.0328852,106906.207786,41297.6365368,-0.00302666677517,-0.74526087651,0.7,0.988240248418,0.78183258843,0.2
73348914,oof,consensus_majority,False,4221,7.83116035057,-6.53245161995,258861.572754,e009_consensus_abstention,0.66759390427,180122.412909,56.9594859585,78682.2003592,9.5334619515e-05,-1.36045201472,0.733333333333,0.8680848001,0.66759390427,0.233333333333
739a914f,oof,consensus_majority,False,5505,10.7945694633,2.89577646471,641457.628094,e009_consensus_abstention,0.258639938049,46162.2949413,367391.972712,227903.36044,0.00514066705328,3.55365251022,1,0.953457656186,0.258639938049,0.5
73b1447d,oof,consensus_majority,False,5670,17.0393870057,-11.497051624,1646231.82303,e009_consensus_abstention,1.13088103081,749473.051577,401409.469872,495349.301584,-0.00514055308587,1.99814498718,0.766666666667,1.47129250365,1.13088103081,0.266666666667
74b6186b,oof,consensus_majority,False,3405,5.63567471038,-5.16177206367,108145.624247,e009_consensus_abstention,0.76729031395,90722.4483009,1120.55172493,16302.6242214,-0.000583621015073,-0.28323471244,0.7,0.799851180631,0.76729031395,0.2
75c20ec7,oof,consensus_majority,False,5361,8.72210405205,2.53912970941,407838.606247,e009_consensus_abstention,0.270211932774,34563.3302709,75851.1162792,297424.159697,0.00243054075698,1.75841968547,0.9,0.491714474037,0.270211932774,0.4
75cd5f11,oof,consensus_majority,False,4946,4.43869641244,1.3361997003,97446.2198136,e009_consensus_abstention,0.468504685349,8830.73499492,49447.2287687,39168.25605,0.00221452426001,1.48221788845,0.833333333333,0.684815263785,0.468504685349,0.333333333333
75d20a82,oof,consensus_majority,False,5067,17.7882857871,10.3524480287,1603315.90467,e009_consensus_abstention,0.596692520076,543046.504003,563380.827776,496888.572896,-0.00720883867796,-1.63234137932,0.8,0.937023724039,0.596692520076,0.3
76201745,oof,consensus_majority,False,4448,9.07799106989,4.38895692833,366559.332456,e009_consensus_abstention,0.397066451012,85681.5701026,64700.6236475,216177.138706,0.00297028211051,-2.45575839314,0.9,0.966451981812,0.397066451012,0.4
764072a5,oof,consensus_majority,False,2949,7.02759042622,-5.14928228815,145642.343209,e009_consensus_abstention,0.874090677154,78193.0537371,133.020062166,67316.2694097,-0.000249480762305,-0.970312617582,0.7,1.06365968413,0.874090677154,0.2
77b0d905,oof,consensus_majority,False,4174,7.16485011082,-6.65276505429,214272.611859,e009_consensus_abstention,0.250330743495,184738.246689,6247.41806595,23286.947104,-0.00101534177006,-0.41303851899,0.833333333333,0.334592931523,0.250330743495,0.333333333333
77e4821c,oof,consensus_majority,False,5393,11.3130953831,-4.99009598414,690229.183708,e009_consensus_abstention,0.214515104947,134291.405422,347766.061274,208171.717012,-0.00515808623266,3.64744069035,0.933333333333,0.760151296875,0.214515104947,0.433333333333
7850c72e,oof,consensus_majority,False,5497,12.0285470684,3.12593278462,795338.637333,e009_consensus_abstention,0.091516696066,53713.6923894,176569.858467,565055.086476,-0.00357157939849,7.94561843238,1,0.719182223186,0.091516696066,0.5
78a4a386,oof,consensus_majority,False,5119,5.80390241502,-0.0674006964297,172434.964922,e009_consensus_abstention,0.425101125417,23.2548690077,27439.2909419,144972.419111,0.00156674883081,2.29125651059,0.866666666667,0.835890009435,0.425101125417,0.366666666667
79507629,oof,consensus_majority,False,5302,8.90576587797,6.13518902543,420515.75446,e009_consensus_abstention,0.503060378688,199570.166291,196730.79738,24214.790789,0.00397985474582,-0.335464583615,0.766666666667,0.567132552394,0.503060378688,0.266666666667
796dbd4c,oof,consensus_majority,False,6248,9.53792075477,8.14808098298,568392.633163,e009_consensus_abstention,0.578726700531,414812.36571,54357.7604541,99222.5069985,0.00163534683591,1.15135128366,0.766666666667,0.810145774954,0.578726700531,0.266666666667
7987f2f2,oof,consensus_majority,False,3705,13.7108699792,9.03770801679,696495.375448,e009_consensus_abstention,0.621201820716,302625.015759,76188.7466548,317681.613035,-0.004239881659,1.25405065654,0.766666666667,0.874527607469,0.621201820716,0.266666666667
7993a768,oof,consensus_majority,False,5487,3.81788136729,-1.90093484144,79979.7089051,e009_consensus_abstention,0.68005861591,19827.5668001,28643.0862297,31509.0558753,-0.00144244112245,-0.266377015726,0.8,0.842303424547,0.68005861591,0.3
7a5660b0,oof,consensus_majority,False,4998,6.0924293643,4.00767420493,185514.242404,e009_consensus_abstention,0.408753190919,80275.1397592,63246.6810843,41992.4215604,0.00246555743754,-3.15749551789,0.933333333333,1.14238806634,0.408753190919,0.433333333333
7acda2df,oof,consensus_majority,False,3091,12.1973209039,-4.88648785212,459862.403685,e009_consensus_abstention,0.679830609315,73806.167068,346165.069912,39891.1667051,-0.0118599746186,1.29472341371,0.766666666667,0.962951284353,0.679830609315,0.266666666667
7b2c7b3c,oof,consensus_majority,False,2584,5.94404740761,-3.59816785903,91297.1117247,e009_consensus_abstention,0.599095839944,33454.5620575,15103.5945849,42738.9550823,-0.00324109716817,-1.1418382406,0.833333333333,0.8050869979,0.599095839944,0.333333333333
7b38844c,oof,consensus_majority,False,3749,8.36619157273,-4.27818008552,262404.362207,e009_consensus_abstention,0.450184343876,68617.2903408,10972.5186889,182814.553177,0.001580777124,-0.502760031389,0.8,0.469831194544,0.450184343876,0.3
7bb17b96,oof,consensus_majority,False,3922,14.6729295657,-12.2933711203,844386.448918,e009_consensus_abstention,0.499324752582,592719.990072,145436.155119,106230.303726,-0.00537855291281,0.581677220568,0.7,0.554954086634,0.499324752582,0.2
7c607683,oof,consensus_majority,False,5328,10.3475105328,7.08987982657,570474.150682,e009_consensus_abstention,0.689354394564,267819.357649,73059.4445149,229595.348518,0.00240758977027,-1.50766635122,0.8,1.2353075889,0.689354394564,0.3
7cbbd047,oof,consensus_majority,False,5121,9.719129707,-5.78974475519,483737.250661,e009_consensus_abstention,0.485151640132,171661.780115,129917.205516,182158.26503,-0.00340715430659,-0.0412391718192,0.833333333333,0.535639422851,0.485151640132,0.333333333333
7cd4bb31,oof,consensus_majority,False,6439,5.53936797726,-1.4112779698,197578.123866,e009_consensus_abstention,0.701688805659,12824.5917663,57353.3780253,127400.154074,0.00160561897429,1.08251299173,0.766666666667,0.883474157724,0.701688805659,0.266666666667
7d50373e,oof,consensus_majority,False,5122,9.79870617651,9.22724918888,491787.000081,e009_consensus_abstention,0.74306917114,436097.977535,12722.9274643,42966.0950815,0.0010659204533,0.411811919104,0.7,0.829287431345,0.74306917114,0.2
7d57c75d,oof,consensus_majority,False,4405,11.1764446948,-4.2601107761,550241.395046,e009_consensus_abstention,0.477704832028,79944.3355476,166224.190701,304072.868798,-0.00483079800947,0.912196514728,0.866666666667,1.21596864682,0.477704832028,0.366666666667
7e208414,oof,consensus_majority,False,4226,2.84616654644,0.971146737938,34233.4061065,e009_consensus_abstention,0.143282430149,3985.6504194,20065.7228083,10182.0328789,0.00178617415215,-3.77785192942,1,0.561400961219,0.143282430149,0.5
7e721392,oof,consensus_majority,False,6174,37.603137651,34.1791220735,8730011.06445,e009_consensus_abstention,0.614463677966,7212543.26942,1270111.93698,247355.858053,0.00804751305435,-1.02873594973,0.833333333333,0.781793492391,0.614463677966,0.333333333333
7ff89f8f,oof,consensus_majority,False,7337,14.0034271976,-8.23228579148,1438756.15594,e009_consensus_abstention,0.191901674462,497232.37386,49999.1502716,891524.631809,-0.001232520525,-4.5155165127,0.966666666667,0.811443238068,0.191901674462,0.466666666667
8050c789,oof,consensus_majority,False,3077,8.70927342371,-4.46884152289,233394.891862,e009_consensus_abstention,0.396050102312,61449.365601,118728.778828,53216.7474329,0.00699322339944,-0.0354587336661,0.866666666667,0.887282159924,0.396050102312,0.366666666667
807f0298,oof,consensus_majority,False,3747,10.5415818408,2.9913026771,416385.179059,e009_consensus_abstention,0.138089748011,33527.7502224,128917.058638,253940.370199,-0.00542275886393,5.19531182394,0.866666666667,0.759999318768,0.138089748011,0.366666666667
811f52b3,oof,consensus_majority,False,4836,4.88026133264,-3.32694158956,115178.773464,e009_consensus_abstention,0.473708742588,53527.461086,3627.42088085,58023.8914969,0.000620383399639,0.967496920147,0.8,0.56325565933,0.473708742588,0.3
81bf5923,oof,consensus_majority,False,4543,34.7373878336,28.9894590775,5481975.01363,e009_consensus_abstention,0.204994365461,3817886.03496,1465437.37284,198651.605833,0.0136949408199,-3.07945061438,0.866666666667,0.828924495746,0.204994365461,0.366666666667
81fc01c6,oof,consensus_majority,False,5909,15.828506967,-11.0996941692,1480450.50823,e009_consensus_abstention,0.309566779272,728007.771726,243992.503566,508450.23294,-0.00376710639222,-0.766488084155,0.866666666667,0.350048041227,0.309566779272,0.366666666667
8255c867,oof,consensus_majority,False,3589,21.1615485363,-18.8379308615,1607194.16873,e009_consensus_abstention,0.95045579207,1273619.95688,103820.232584,229753.979271,-0.00519124410705,0,0.6,0.95045579207,0.95045579207,0.1
82aab6d2,oof,consensus_majority,False,6140,9.32367400148,7.766150524,533755.706879,e009_consensus_abstention,0.815831195648,370322.396923,33546.4363663,129886.87359,-0.00131874634215,4.25281803322,0.733333333333,1.68304221462,0.815831195648,0.233333333333
82fcf37c,oof,consensus_majority,False,6014,4.89996090183,-2.88867749773,144393.835673,e009_consensus_abstention,0.65865539388,50183.5685229,9168.29124816,85041.9759016,-0.000711196636272,-1.31786028379,0.833333333333,1.10967667511,0.65865539388,0.333333333333
833af382,oof,consensus_majority,False,3628,16.0589826209,13.3242867789,935628.267985,e009_consensus_abstention,0.702813797734,644102.850711,410.429848007,291114.987426,0.000321150934685,-0.747583121749,0.766666666667,0.924682403214,0.702813797734,0.266666666667
8382f4b6,oof,consensus_majority,False,4967,30.3051903461,26.0907945536,4561715.45903,e009_consensus_abstention,0.566918842794,3381183.7267,1023852.66178,156679.070544,0.0100130900912,-1.97557281865,0.766666666667,0.947447968739,0.566918842794,0.266666666667
84633df4,oof,consensus_majority,False,4972,4.79542066124,0.0672137915695,114336.406931,e009_consensus_abstention,0.328659626266,22.46197346,81932.1365493,32381.8084077,-0.00282827146537,1.17785876021,0.966666666667,0.376220458283,0.328659626266,0.466666666667
8478df29,oof,consensus_majority,False,4857,6.88277118085,5.98360643149,230088.422544,e009_consensus_abstention,0.518077153044,173897.822567,9722.37225955,46468.2277174,-0.00100907767968,1.12614468687,0.9,0.653115728043,0.518077153044,0.4
84815d5a,oof,consensus_majority,False,3647,11.5335652036,-8.06009731046,485135.341636,e009_consensus_abstention,0.254518537868,236927.970082,5195.38822891,243011.983326,0.00113369438958,3.69219907725,1,0.870209037557,0.254518537868,0.5
84c3b497,oof,consensus_majority,False,5312,18.51547447,-6.15524091568,1821074.68625,e009_consensus_abstention,0.518522104507,201255.694758,1140355.14742,479463.844063,-0.0095548438679,1.22338018696,0.833333333333,0.691404660757,0.518522104507,0.333333333333
85380836,oof,consensus_majority,False,6618,15.0818987707,-13.5766696636,1505354.57156,e009_consensus_abstention,0.298551280969,1219869.19769,227376.309495,58109.064373,-0.00306812528913,-3.40022512414,0.966666666667,0.953144864016,0.298551280969,0.466666666667
8612b37f,oof,consensus_majority,False,5165,17.561421818,-10.1945958085,1592904.26483,e009_consensus_abstention,0.623009631735,536797.332801,382952.868641,673154.063387,-0.00577507735656,0.604359920984,0.8,0.758808814,0.623009631735,0.3
861e71df,oof,consensus_majority,False,4700,9.03841078201,6.6586591495,383956.486482,e009_consensus_abstention,0.609688843622,208387.385846,123621.884286,51947.2163502,0.00377999761166,2.47349458428,0.8,0.84054131473,0.609688843622,0.3
86454a6f,oof,consensus_majority,False,7964,59.0532215493,-53.4231046773,27772721.6157,e009_consensus_abstention,0.945351913818,22729479.8948,3502212.19619,1541029.52464,-0.009121473011,0.389338713528,0.733333333333,1.16156903969,0.945351913818,0.233333333333
8648abae,oof,consensus_majority,False,4244,7.23576674329,-5.47862895183,222200.223622,e009_consensus_abstention,0.283393563933,127385.252314,1257.38194478,93557.5893632,-0.000444284520597,0.166302432999,0.866666666667,0.309763407005,0.283393563933,0.366666666667
865033f8,oof,consensus_majority,False,3557,8.01463937941,6.18481266275,228481.918667,e009_consensus_abstention,0.279293912689,136062.035594,10887.6229164,81532.2601563,-0.00170385007582,3.48629173601,0.933333333333,0.908188435851,0.279293912689,0.433333333333
87695469,oof,consensus_majority,False,7003,7.08896847142,2.58891517786,351925.078343,e009_consensus_abstention,0.252971121736,46937.4800325,92865.6426011,212121.95571,0.00180132456685,-4.30058672726,1,1.0584402043,0.252971121736,0.5
877ed19c,oof,consensus_majority,False,3708,5.77276270585,4.50928421678,123568.318569,e009_consensus_abstention,0.487244788281,75397.1524995,9926.28001865,38244.8860508,0.00152853121389,1.37989379176,0.866666666667,0.733604594839,0.487244788281,0.366666666667
87aa3730,oof,consensus_majority,False,5607,9.23388964029,6.24942758716,478079.273204,e009_consensus_abstention,0.814605893266,218983.320353,6790.76930124,252305.18355,-0.000679914470253,1.65407014725,0.733333333333,1.27483337356,0.814605893266,0.233333333333
884ecb5f,oof,consensus_majority,False,6724,22.9536376402,-20.3965158485,3542670.38968,e009_consensus_abstention,0.61056012185,2797304.0823,159827.918797,585538.388579,0.00251174411182,4.53754896486,0.8,2.28788914855,0.61056012185,0.3
8902c3f6,oof,consensus_majority,False,4959,5.6132624264,-1.44317849326,156251.71802,e009_consensus_abstention,0.438396876549,10328.4274864,46803.7313351,99119.5591989,0.00214604936784,1.97462164091,0.733333333333,0.951635080407,0.438396876549,0.233333333333
896d15b9,oof,consensus_majority,False,4279,21.1172303838,-10.5747792512,1908166.21626,e009_consensus_abstention,0.210160033733,478503.266629,901836.83179,527826.11784,-0.0117527957668,9.89803966413,0.966666666667,2.07959310507,0.210160033733,0.466666666667
8995c945,oof,consensus_majority,False,6724,14.4051362153,-11.1221896778,1395283.45164,e009_consensus_abstention,0.561809154158,831779.666108,392616.021502,170887.764026,-0.00393670688368,2.72459339489,0.833333333333,1.26582319039,0.561809154158,0.333333333333
89969c7a,oof,consensus_majority,False,4947,8.29971276502,-2.45690889599,340775.242614,e009_consensus_abstention,0.831993522737,29862.0773459,35324.2161643,275588.949104,-0.0018711733921,2.42479259958,0.866666666667,1.46370093158,0.831993522737,0.366666666667
89f1085d,oof,consensus_majority,False,5994,22.8139350181,21.1803386159,3119730.93228,e009_consensus_abstention,0.65803937583,2688948.82285,672.161833951,430109.947601,-0.000193531848932,-1.40013243769,0.866666666667,1.75188053347,0.65803937583,0.366666666667
89f36adf,oof,consensus_majority,False,5292,4.67565907747,1.48523955484,115692.581084,e009_consensus_abstention,0.47394452884,11673.8161446,959.927645154,103058.837294,0.000278791884241,1.34057231365,0.933333333333,0.724201736448,0.47394452884,0.433333333333
89fdb2f2,oof,consensus_majority,False,2031,1.88286010291,1.21418138529,7200.22436147,e009_consensus_abstention,0.733228932407,2994.17420229,118.6004943,4087.44966488,-0.000412163035734,-0.669309107937,0.7,0.869991102029,0.733228932407,0.2
8a3da6d1,oof,consensus_majority,False,4593,6.69416979995,-1.64618399193,205821.099464,e009_consensus_abstention,0.200008593537,12446.6705302,89119.1222268,104255.306707,-0.00332224315533,3.57164888213,0.9,0.596827192076,0.200008593537,0.4
8a89da23,oof,consensus_majority,False,3935,22.3311633331,-20.8387048106,1962309.16762,e009_consensus_abstention,0.642369256032,1708780.11755,115665.863473,137863.186591,-0.00477283185001,0.934120172441,0.8,0.885745972339,0.642369256032,0.3
8a9c8932,oof,consensus_majority,False,4663,3.38393225449,-2.44777890411,53396.0013564,e009_consensus_abstention,0.221342657463,27938.9313503,4255.56469817,21201.5053079,-0.000709693959217,-2.31537628414,0.933333333333,0.359365380518,0.221342657463,0.433333333333
8ac2f237,oof,consensus_majority,False,5319,17.6787330756,12.3911415766,1662387.5112,e009_consensus_abstention,0.504242884573,816681.332132,704428.350124,141277.828947,0.00749486920496,-0.230669806019,0.633333333333,0.514629964076,0.504242884573,0.133333333333
8b12bab6,oof,consensus_majority,False,5234,11.9483158742,-6.98948441613,747217.628168,e009_consensus_abstention,0.244435909922,255696.038839,419816.18787,71705.4014592,-0.00592747381119,5.12949709301,1,1.2681451568,0.244435909922,0.5
8b5be31b,oof,consensus_majority,False,5672,11.313380801,5.07425163647,725973.942961,e009_consensus_abstention,0.237137553184,146042.82429,4743.95783431,575187.160837,-0.000558543119978,-3.40915023938,0.933333333333,0.795976121944,0.237137553184,0.433333333333
8b95d6d1,oof,consensus_majority,False,1731,8.61804355981,6.4032830837,128562.538077,e009_consensus_abstention,0.586264880243,70974.5212869,52294.5956272,5293.42116264,0.0109995140362,0.00670072428239,0.766666666667,1.24169688852,0.586264880243,0.266666666667
8b9d8326,oof,consensus_majority,False,6163,6.53562336248,1.21351561395,263248.679173,e009_consensus_abstention,1.01063227402,9075.75795552,176381.416893,77791.5043244,0.00300696789109,1.64226618451,0.8,1.24738598073,1.01063227402,0.3
8bb9c1e6,oof,consensus_majority,False,4546,3.2109582805,0.195171150348,46870.4104976,e009_consensus_abstention,0.190995448609,173.165222462,1098.33427796,45598.9109971,-0.000374553409995,-3.20542969943,0.933333333333,0.61127401978,0.190995448609,0.433333333333
8bda1a11,oof,consensus_majority,False,5981,13.2107409403,4.35986715923,1043826.1073,e009_consensus_abstention,0.633738753455,113689.489485,366144.162112,563992.455706,-0.00453164606151,-2.02780455191,0.733333333333,1.14203822359,0.633738753455,0.233333333333
8bfa881d,oof,consensus_majority,False,4089,18.3233030522,-13.9183588774,1372854.90467,e009_consensus_abstention,0.415352860514,792123.998893,542129.208771,38601.697005,-0.00975475516669,2.78802921562,0.9,0.761684548081,0.415352860514,0.4
8c167025,oof,consensus_majority,False,5368,15.0423160388,-11.3897139171,1214624.18708,e009_consensus_abstention,0.334512631952,696366.930158,317857.901241,200399.355677,-0.00496579029715,0.551973333174,0.8,0.384314785373,0.334512631952,0.3
8c8348e8,oof,consensus_majority,False,3888,4.27500531374,0.806176499615,71055.8066415,e009_consensus_abstention,0.461863253477,2526.89109269,50.6161822115,68478.2993666,0.000101659026245,1.94938128768,0.9,1.08397846441,0.461863253477,0.4
8cc21f01,oof,consensus_majority,False,4044,6.33355291426,4.0344805496,162220.581342,e009_consensus_abstention,0.621155092334,65824.3226858,6344.95161272,90051.3070432,0.00107297121998,1.2822183977,0.8,1.14919980978,0.621155092334,0.3
8cc800b3,oof,consensus_majority,False,6576,13.3457554672,12.5311804153,1171246.0268,e009_consensus_abstention,0.252127394893,1032632.45358,28793.3252384,109820.247976,0.00110228483543,-1.13039326474,0.8,0.516400134777,0.252127394893,0.3
8d5d46d7,oof,consensus_majority,False,5755,17.4992010801,-16.371182961,1762307.83124,e009_consensus_abstention,0.316163648175,1542429.95953,1494.86557399,218383.006135,0.000306777644018,-1.61197674936,0.9,0.603239777684,0.316163648175,0.4
8d92cb49,oof,consensus_majority,False,3589,5.7977624719,0.822207627456,120640.824304,e009_consensus_abstention,0.342039189964,2426.25509832,83475.9885995,34738.5806059,0.00465490945715,1.98574245489,0.9,0.457176779836,0.342039189964,0.4
8f201368,oof,consensus_majority,False,6349,33.0938557626,-31.6950511453,6953445.68337,e009_consensus_abstention,0.260671303777,6378054.71984,2505.26494647,572885.698584,-0.000342735798638,-3.82629160134,1,0.926316449006,0.260671303777,0.5
90386ee4,oof,consensus_majority,False,3840,9.24240472984,-7.12716353315,328020.65353,e009_consensus_abstention,0.171616915121,195058.406509,7232.79414192,125729.45288,-0.00123807471295,2.57949047876,1,0.468856292666,0.171616915121,0.5
91abc4c7,oof,consensus_majority,False,5848,7.48513093205,1.72843514195,327646.978289,e009_consensus_abstention,0.34620952292,17470.8300574,78098.6007539,232077.547477,-0.0021647174095,-3.02660726535,0.9,0.997557427211,0.34620952292,0.4
91b301ce,oof,consensus_majority,False,6570,34.9112264223,14.0907349226,8007474.80813,e009_consensus_abstention,0.480247557204,1304465.68603,5073817.21436,1629191.90774,0.0146524410404,-2.41239430254,0.8,0.947135452522,0.480247557204,0.3
91db7070,oof,consensus_majority,False,4073,38.6135088376,-32.1888657365,6072855.48275,e009_consensus_abstention,0.468095358482,4220129.29426,1678239.73591,174486.452574,-0.0172641826014,0.403746749315,0.866666666667,0.606245932354,0.468095358482,0.366666666667
925a7cd1,oof,consensus_majority,False,4517,2.67463933998,0.955818767151,32313.2430205,e009_consensus_abstention,0.385617726725,4126.68384213,6222.53773939,21964.021439,-0.000900117628833,-3.00343133197,0.966666666667,1.00033740138,0.385617726725,0.466666666667
9283ae69,oof,consensus_majority,False,3371,6.79259634451,-4.18020449656,155535.79975,e009_consensus_abstention,0.266187471847,58905.2235731,3890.54957038,92740.026607,0.00110397182557,5.37437510371,0.866666666667,1.3645948486,0.266187471847,0.366666666667
9298ad5b,oof,consensus_majority,False,3964,15.4142314501,-11.277107059,941840.577664,e009_consensus_abstention,1.09600543101,504114.341309,3222.28871889,434503.947637,0.000787902345905,-1.03618779768,0.733333333333,1.91802797215,1.09600543101,0.233333333333
9314ff13,oof,consensus_majority,False,2748,5.2759950427,-1.69886867806,76493.6679019,e009_consensus_abstention,0.569211241314,7931.15335002,21704.756457,46857.7580948,-0.00354277048385,1.9770286086,0.833333333333,1.22686661077,0.569211241314,0.333333333333
93209a3d,oof,consensus_majority,False,4697,13.6144688352,-12.2911712732,870606.618536,e009_consensus_abstention,0.699991299864,709589.370279,10646.0911999,150371.157057,-0.00111033718298,0.142174609483,0.766666666667,0.72448044639,0.699991299864,0.266666666667
939d9c34,oof,consensus_majority,False,5101,15.1981992521,-0.401305722175,1178255.81385,e009_consensus_abstention,0.532196407379,821.497087799,138413.331215,1039020.98555,0.00353750128731,-2.5473971492,0.866666666667,1.55562470334,0.532196407379,0.366666666667
93f5d2e6,oof,consensus_majority,False,3691,20.2622534672,13.4901530009,1515372.95736,e009_consensus_abstention,0.454378291636,671703.785503,644748.34345,198920.82841,0.0124042265242,-0.511421506756,0.9,0.475425219787,0.454378291636,0.4
940a48d9,oof,consensus_majority,False,3963,8.33849566803,3.88917270461,275549.411153,e009_consensus_abstention,0.337422020645,59943.0077252,93216.5614398,122389.841988,0.00423936751572,1.42562372392,0.833333333333,0.54619720819,0.337422020645,0.333333333333
940e709a,oof,consensus_majority,False,3348,8.82625510087,-7.86653538506,260818.504446,e009_consensus_abstention,0.612498889612,207182.204773,2469.26364964,51167.0360236,-0.000888579316617,2.58558740157,0.833333333333,1.43802886211,0.612498889612,0.333333333333
9426ec1e,oof,consensus_majority,False,2532,11.0095453535,9.34226967058,306903.945074,e009_consensus_abstention,0.920091278958,220987.902578,70269.1696366,15646.8728597,0.00720738158262,0.237860704477,0.666666666667,0.94595481189,0.920091278958,0.166666666667
94467f50,oof,consensus_majority,False,3035,9.77067944853,5.84136306967,289739.846849,e009_consensus_abstention,0.448737617767,103558.820823,10852.0742243,175328.951801,0.00215828593841,5.05834847002,0.9,1.57134036746,0.448737617767,0.4
944f36b9,oof,consensus_majority,False,4630,5.1468686313,-4.07296189566,122649.888557,e009_consensus_abstention,0.937594440061,76807.1561342,631.892228456,45210.8401946,0.000276401664258,-0.293001683512,0.666666666667,0.992078280188,0.937594440061,0.166666666667
94d813a4,oof,consensus_majority,False,4847,32.8510439251,25.5880997498,5230839.19853,e009_consensus_abstention,0.485301859225,3173577.36415,1820844.62466,236417.209716,0.0138521615193,0.506017326381,0.833333333333,0.777205455613,0.485301859225,0.333333333333
95b559e7,oof,consensus_majority,False,2887,11.7286469447,-9.73182619437,397139.066475,e009_consensus_abstention,0.448735259953,273423.269391,28599.2172405,95116.5798442,-0.00377657006685,2.97733501101,0.933333333333,1.551046179,0.448735259953,0.433333333333
95c8427f,oof,consensus_majority,False,6335,20.3694664117,18.2309028088,2628487.55062,e009_consensus_abstention,0.619940704941,2105537.4521,1080.03034646,521870.068175,0.000225781668859,-3.207022871,0.866666666667,1.94273103112,0.619940704941,0.366666666667
96936c22,oof,consensus_majority,False,3346,5.37874194431,-4.06212937543,96802.6739671,e009_consensus_abstention,0.45117902461,55211.9948798,3244.46483398,38346.2142534,-0.00101946723671,-1.80828343138,0.866666666667,0.800281155314,0.45117902461,0.366666666667
96ae5806,oof,consensus_majority,False,9839,13.7263923754,12.6737331614,1853803.84697,e009_consensus_abstention,0.749338221192,1580374.73699,47544.0985833,225885.011391,0.000773949267059,0.528577120845,0.833333333333,1.13054319677,0.749338221192,0.333333333333
96b7eea1,oof,consensus_majority,False,4332,7.68183859958,-7.14789875199,255634.110977,e009_consensus_abstention,0.38218629004,221332.521856,2018.64978679,32282.9393347,-0.000545869026945,-0.483535681634,0.866666666667,0.460085676759,0.38218629004,0.366666666667
9719aa04,oof,consensus_majority,False,4871,8.36126457606,-5.60475366663,340535.240409,e009_consensus_abstention,0.264461736542,153014.007305,29843.4930302,157677.740074,-0.00176030638678,-2.08030700035,0.9,0.457581538202,0.264461736542,0.4
974802e7,oof,consensus_majority,False,5843,14.1572356423,-0.611710979393,1171096.83679,e009_consensus_abstention,0.328720248638,2186.39405326,312605.605062,856304.837673,-0.00433645835758,-3.06900975371,0.9,0.935927500765,0.328720248638,0.4
97cd5bf9,oof,consensus_majority,False,3449,13.4056213711,-9.34076173374,619822.150303,e009_consensus_abstention,0.207980477529,300924.662865,248813.724811,70083.7626267,-0.00853076573988,-3.22482353443,1,0.60225069576,0.207980477529,0.5
98177ced,oof,consensus_majority,False,4772,6.3449491048,-3.10417936713,192112.985268,e009_consensus_abstention,0.331087752355,45982.6557807,837.543159202,145292.786328,-0.000304119016934,3.87417341481,0.966666666667,0.954010947052,0.331087752355,0.466666666667
9896fc0b,oof,consensus_majority,False,3595,14.9212164868,6.72622210778,800400.511693,e009_consensus_abstention,0.782982376392,162645.219516,355131.231327,282624.06085,0.00957715974301,-0.791968486985,0.733333333333,0.944194692491,0.782982376392,0.233333333333
98bc6f66,oof,consensus_majority,False,6063,17.6812756394,-16.5153338291,1895460.58243,e009_consensus_abstention,0.270140375399,1653721.15277,1905.29155534,239834.138107,0.000320287506101,-2.77622053204,0.966666666667,0.686780591588,0.270140375399,0.466666666667
992c99e8,oof,consensus_majority,False,4904,15.2934914622,11.5630049942,1147000.88093,e009_consensus_abstention,0.463838484352,655679.926369,448010.209029,43310.7455332,0.00675163405505,2.14189369258,0.966666666667,0.92114145042,0.463838484352,0.466666666667
992ce078,oof,consensus_majority,False,2879,4.72471274297,2.4003810842,64267.6593399,e009_consensus_abstention,0.625733290217,16588.3066969,34382.530664,13296.8219789,0.00415812050585,0.441786668522,0.8,1.19223577628,0.625733290217,0.3
99529c45,oof,consensus_majority,False,5840,20.2786433704,19.1508721577,2401544.52136,e009_consensus_abstention,0.272081862897,2141854.4817,3499.03337573,256191.006278,-0.000459140286882,-2.82289846359,0.933333333333,0.812724413038,0.272081862897,0.433333333333
995ff498,oof,consensus_majority,False,4526,7.64082515699,-0.697164183325,264237.878295,e009_consensus_abstention,0.610708414905,2199.80752866,143556.607681,118481.463085,0.00431052732793,-0.408675678142,0.8,0.70947950372,0.610708414905,0.3
999daf80,oof,consensus_majority,False,3564,5.96818273481,-4.84254759692,126946.847176,e009_consensus_abstention,0.417796130076,83576.7524022,17387.4523911,25982.642383,0.00214685184175,-1.911795896,0.9,0.825406705261,0.417796130076,0.4
9a6b0392,oof,consensus_majority,False,4255,14.2876902058,12.8790608548,868607.578981,e009_consensus_abstention,0.630339512087,705777.737179,100827.885746,62001.9560573,0.0039630688621,-0.639890008888,0.7,0.714352622777,0.630339512087,0.2
9a8ae0d6,oof,consensus_majority,False,6294,5.48124086341,-1.83512416701,189096.944829,e009_consensus_abstention,0.225689465135,21196.1823783,94854.1632762,73046.5991742,-0.00213662703535,-2.82974813617,0.933333333333,0.655474511088,0.225689465135,0.433333333333
9a95e33f,oof,consensus_majority,False,6447,30.4044537821,28.0978471403,5959805.43069,e009_consensus_abstention,0.356570705307,5089835.67274,181753.572453,688216.185503,0.0028529594627,2.05742611161,0.933333333333,0.860612883668,0.356570705307,0.433333333333
9ab94eeb,oof,consensus_majority,False,4442,6.81239247468,3.12957008094,206147.40644,e009_consensus_abstention,0.696449304137,43505.8758961,60453.2545256,102188.276018,0.00287695219736,0.711869543506,0.7,0.833404684824,0.696449304137,0.2
9ad5410a,oof,consensus_majority,False,4205,7.49570284414,3.82267405685,236260.284542,e009_consensus_abstention,0.227432613494,61446.9793535,73363.692528,101449.61266,-0.00344098061599,5.60200105773,1,1.26511467378,0.227432613494,0.5
9ae248be,oof,consensus_majority,False,5271,7.90708263471,4.16413838033,329553.228981,e009_consensus_abstention,0.535789751041,91399.3953828,87114.7740587,151039.059539,-0.00267175735613,-0.751276349603,0.766666666667,0.668272896559,0.535789751041,0.266666666667
9af1ffd0,oof,consensus_majority,False,3525,15.3130867847,9.41879531449,826579.459739,e009_consensus_abstention,0.517691849084,312715.810746,415874.289552,97989.3594402,0.0106741424544,0,0.633333333333,0.517691849084,0.517691849084,0.133333333333
9b5b61c1,oof,consensus_majority,False,5532,5.46944108056,-1.82437284487,165488.594679,e009_consensus_abstention,0.354862242343,18412.3562848,2092.81113679,144983.427257,-0.000385152207911,4.23901300844,1,1.49110289664,0.354862242343,0.5
9b9e3b49,oof,consensus_majority,False,5118,7.92697044575,1.16822138146,321599.051772,e009_consensus_abstention,0.631830891916,6984.74544165,35605.2007005,279009.10563,0.00178524131133,0.303926946957,0.833333333333,0.77951385592,0.631830891916,0.333333333333
9bd2bba3,oof,consensus_majority,False,7439,11.0877328828,-9.9308050776,914534.446551,e009_consensus_abstention,0.789065233487,733640.796911,7138.91445235,173754.735188,-0.000456178568182,1.13877890358,0.8,1.13967944422,0.789065233487,0.3
9c211c53,oof,consensus_majority,False,7265,8.16082963669,-6.50210215183,483842.754709,e009_consensus_abstention,0.380288887892,307144.819834,24835.6841091,151862.250766,0.000881607472995,-2.20851931563,0.866666666667,0.730738879747,0.380288887892,0.366666666667
9c350a6a,oof,consensus_majority,False,6052,12.9645403193,-6.643144673,1017215.95805,e009_consensus_abstention,0.268555993726,267083.058178,170457.243481,579675.656388,-0.00303773566732,0.974652530848,0.866666666667,0.514981287753,0.268555993726,0.366666666667
9c8375f7,oof,consensus_majority,False,3674,8.77161156177,7.331996895,282681.856341,e009_consensus_abstention,0.350104133633,197507.547693,5434.41036371,79739.8982846,-0.0011467219511,-0.0135103890074,0.9,0.497131257535,0.350104133633,0.4
9d072e4c,oof,consensus_majority,False,5107,9.2001170375,-1.11860158958,432267.477943,e009_consensus_abstention,0.579809706312,6390.23341926,272725.192157,153152.052367,-0.00495683511588,0.00349852509823,0.8,0.705116429487,0.579809706312,0.3
9d3ec64c,oof,consensus_majority,False,3480,7.73641639283,5.34423064958,208285.442339,e009_consensus_abstention,0.840592015732,99391.5883008,6964.6620917,101929.191947,0.00140822419003,-0.648369472985,0.633333333333,0.905485169155,0.840592015732,0.133333333333
9d4272e3,oof,consensus_majority,False,4030,11.5125767821,-9.90353106645,534133.879377,e009_consensus_abstention,0.187027659335,395262.108164,79345.5363861,59526.2348269,-0.00381411968958,1.94100109022,0.9,0.326766396874,0.187027659335,0.4
9d5e14d4,oof,consensus_majority,False,5400,27.4435783115,24.0753572392,4067009.94891,e009_consensus_abstention,0.515745123815,3129963.26145,813367.12427,123679.563189,0.00787305522911,-0.948290522454,0.866666666667,0.978306973402,0.515745123815,0.366666666667
9da441ba,oof,consensus_majority,False,5783,9.01952129397,-5.84995047838,470457.253365,e009_consensus_abstention,0.804287925734,197905.366827,7426.69075318,265125.195785,0.000678826067451,-0.935441062866,0.8,0.963556664256,0.804287925734,0.3
9dede370,oof,consensus_majority,False,6297,17.6002000663,-14.9249207005,1950603.06583,e009_consensus_abstention,0.455847618792,1402677.26511,297285.244063,250640.556666,-0.00377986914403,1.24940320916,0.933333333333,0.646942472931,0.455847618792,0.433333333333
9def2eb2,oof,consensus_majority,False,6003,6.78165592658,-1.09860360721,276083.11521,e009_consensus_abstention,0.525981755088,7245.20010428,2161.46453959,266676.450566,0.000346267850897,0.132940760158,0.866666666667,0.578061644531,0.525981755088,0.366666666667
9df1b1f9,oof,consensus_majority,False,4701,6.49524278249,-4.90945354404,198326.628555,e009_consensus_abstention,0.256071812693,113306.953009,4252.32073223,80767.3548138,0.00070083900277,1.60039178764,0.9,0.369226396684,0.256071812693,0.4
9dfff011,oof,consensus_majority,False,4319,3.70160564563,-0.367382817597,59178.4385325,e009_consensus_abstention,0.195113942328,582.93601162,4966.30134995,53629.201171,-0.000860067155209,2.82426407754,0.933333333333,0.348960891213,0.195113942328,0.433333333333
9e3e364d,oof,consensus_majority,False,4290,4.40104873671,2.87644647521,83093.9966267,e009_consensus_abstention,0.440569425791,35495.2211532,158.669500564,47440.1059729,-0.000155292836959,-2.8803174296,0.866666666667,1.15632598734,0.440569425791,0.366666666667
9efc812e,oof,consensus_majority,False,4450,10.2383249893,-6.64004750491,466463.67871,e009_consensus_abstention,0.483744827612,196201.52736,111583.466085,158678.685265,-0.00389807814632,2.45172412292,0.8,1.08790708843,0.483744827612,0.3
9f0c7bae,oof,consensus_majority,False,2542,7.64704466768,-6.60667132299,148649.276644,e009_consensus_abstention,0.593514471641,110953.485376,9666.69265651,28029.0986119,-0.00265745728594,-0.598645649917,0.8,0.96299430541,0.593514471641,0.3
9ffce529,oof,consensus_majority,False,5212,12.4364077389,7.65529368162,806110.00558,e009_consensus_abstention,0.239395403601,305441.553286,351416.360835,149252.09146,0.00545751589118,3.90349156458,0.966666666667,0.771430072189,0.239395403601,0.466666666667
a0383629,oof,consensus_majority,False,5832,7.37451223706,5.43411918931,317164.168044,e009_consensus_abstention,0.360385076876,172216.926753,11570.7215998,133376.519691,-0.000836651470243,-2.98431356292,0.966666666667,1.17395343668,0.360385076876,0.466666666667
a056d01e,oof,consensus_majority,False,6557,12.4493687841,9.01141897805,1016248.33693,e009_consensus_abstention,0.690438397373,532465.59129,8540.02000243,475242.725634,0.000602923617918,1.37243125346,0.766666666667,1.32607915892,0.690438397373,0.266666666667
a08d9e63,oof,consensus_majority,False,3685,24.2826090918,-21.5121223104,2172842.20937,e009_consensus_abstention,0.432346434519,1705312.6322,54094.2947158,413435.282454,0.00360172153145,1.90756970461,0.966666666667,0.790319481164,0.432346434519,0.466666666667
a0b83014,oof,consensus_majority,False,5035,13.7166908179,-11.9745628731,947323.20121,e009_consensus_abstention,0.45622453976,721969.435467,1019.86265314,224333.90309,-0.000309643710819,1.31529220735,0.833333333333,0.585690886008,0.45622453976,0.333333333333
a0e92ed6,oof,consensus_majority,False,4897,9.37839527407,-4.77039484916,430712.196898,e009_consensus_abstention,0.67706744659,111439.398382,173495.712755,145777.085761,0.00421055989708,0.278443604708,0.633333333333,0.729754011152,0.67706744659,0.133333333333
a15bc102,oof,consensus_majority,False,3236,3.13469384282,-2.60331728714,31797.9245598,e009_consensus_abstention,0.333069907063,21931.2162643,2081.99168756,7784.71660794,-0.000858652364063,-1.67569740753,0.8,0.458190745982,0.333069907063,0.3
a247e7cf,oof,consensus_majority,False,5674,5.55880277335,4.17135423332,175328.235661,e009_consensus_abstention,0.444702533465,98728.7128976,45734.9694088,30864.5533547,0.00173332830501,3.70461836781,0.966666666667,1.46139646333,0.444702533465,0.466666666667
a2e8e7f6,oof,consensus_majority,False,4760,10.0344888221,-0.710018134017,479288.997779,e009_consensus_abstention,0.372915701823,2399.63857301,324995.557665,151893.801541,-0.00601338369754,1.69069467971,0.8,0.585882236129,0.372915701823,0.3
a3518960,oof,consensus_majority,False,4967,5.65465833152,2.74870512747,158820.623923,e009_consensus_abstention,0.164936270662,37527.5718529,13550.9921158,107742.059955,-0.00115195347219,2.68530638166,1,0.435584950014,0.164936270662,0.5
a3f71395,oof,consensus_majority,False,5543,15.2352654763,9.82397491695,1286604.10025,e009_consensus_abstention,1.2691417849,534957.608205,137553.323596,614093.168447,-0.0031132131513,0,0.566666666667,1.2691417849,1.2691417849,0.0666666666667
a4719920,oof,consensus_majority,False,5884,7.34883930676,-3.04363891772,317768.003998,e009_consensus_abstention,0.356212070149,54507.8335767,85871.9765715,177388.193849,-0.00224909273617,-1.87091249135,0.9,0.632520758989,0.356212070149,0.4
a48640d9,oof,consensus_majority,False,4532,9.20527988901,-7.19610232012,384028.889948,e009_consensus_abstention,0.338402385666,234684.583143,23524.0312353,125820.27557,-0.00174145258982,5.87306360716,0.966666666667,1.55403595512,0.338402385666,0.466666666667
a4cdbb0f,oof,consensus_majority,False,5204,11.3209958212,0.995443509422,666970.380976,e009_consensus_abstention,0.526394440888,5156.68408947,106191.821009,555621.875877,-0.00300697788,-0.226868452109,0.8,0.537919960487,0.526394440888,0.3
a4f989c2,oof,consensus_majority,False,5385,23.1188143617,22.4996191827,2878172.52478,e009_consensus_abstention,0.289839817288,2726063.96923,1265.38157705,150843.173969,-0.000311833538356,7.43154688391,0.9,1.13794354741,0.289839817288,0.4
a5aa7973,oof,consensus_majority,False,4616,17.9662239239,14.6122308553,1489976.49282,e009_consensus_abstention,0.249915444185,985595.813266,417908.500857,86472.1786974,0.00714056432324,5.40909234554,1,1.33300852235,0.249915444185,0.5
a5e6f7dc,oof,consensus_majority,False,5649,8.09425254311,6.60535085304,370105.104984,e009_consensus_abstention,0.431247245094,246469.597728,486.306952876,123149.200303,-0.000179923755382,2.12403160123,0.9,0.856302267595,0.431247245094,0.4
a612d5a0,oof,consensus_majority,False,5329,16.5237156197,-14.8897561456,1454993.80493,e009_consensus_abstention,0.628064850837,1181465.08211,100122.680081,173406.042739,-0.0028176580325,1.82996784632,0.766666666667,1.03523990822,0.628064850837,0.266666666667
a622ce4d,oof,consensus_majority,False,6298,8.29161349663,-3.90107017414,432992.88087,e009_consensus_abstention,0.519913060136,95845.1588754,24087.2120983,313060.509896,0.00107567212004,-0.470367527845,0.833333333333,0.66993513437,0.519913060136,0.333333333333
a645da9a,oof,consensus_majority,False,5153,9.4569726073,1.65159028013,460855.107103,e009_consensus_abstention,0.617481345022,14056.0980864,368450.566465,78348.4425519,0.00568447069328,3.21816941594,0.9,1.37786941287,0.617481345022,0.4
a692b17e,oof,consensus_majority,False,3566,13.4235158361,-9.73612136919,642560.312214,e009_consensus_abstention,0.77980622823,338028.48352,44168.7672367,260363.061457,-0.00341882027557,2.16357189334,0.766666666667,1.67116150151,0.77980622823,0.266666666667
a6b8ac67,oof,consensus_majority,False,5453,11.7774434369,-6.97481696601,756375.672323,e009_consensus_abstention,0.861220070166,265277.935031,329649.944013,161447.79328,-0.00493928273668,-0.0871347701123,0.766666666667,0.900950946801,0.861220070166,0.266666666667
a6ed2eff,oof,consensus_majority,False,5275,8.29203446861,-3.236389666,362697.582941,e009_consensus_abstention,0.424174159471,55251.5003203,5395.64166597,302050.440955,0.000664168822026,0.963197371672,0.866666666667,0.482754028332,0.424174159471,0.366666666667
a6f967fb,oof,consensus_majority,False,4670,9.16573505123,7.18493808279,392329.964467,e009_consensus_abstention,0.745901250995,241080.975634,34313.262114,116935.726719,-0.0020106955466,2.93194462099,0.833333333333,1.64992650755,0.745901250995,0.333333333333
a76db406,oof,consensus_majority,False,4672,3.17467864993,-1.25607621269,47087.1469257,e009_consensus_abstention,0.653577546809,7371.14265618,15703.5438679,24012.4604016,-0.00135936228949,2.41062496687,0.866666666667,1.34452920938,0.653577546809,0.366666666667
a7744f5b,oof,consensus_majority,False,4377,13.6745622483,-10.1207106765,818471.217795,e009_consensus_abstention,0.638745288857,448330.790187,299510.700258,70629.7273502,-0.0065468438966,1.22624325987,0.8,0.905039734834,0.638745288857,0.3
a783cc24,oof,consensus_majority,False,1889,25.7782432681,21.1619087744,1255274.1733,e009_consensus_abstention,0.688054397453,845944.037445,394976.201747,14353.9341061,0.0265172334212,0.423862910784,0.866666666667,1.27137633635,0.688054397453,0.366666666667
a79fd2e7,oof,consensus_majority,False,4404,10.6815999794,6.31926251225,502481.330043,e009_consensus_abstention,0.404054339668,175865.278589,11538.5856373,315077.465817,0.00127319802891,2.43501367353,0.933333333333,0.919761514636,0.404054339668,0.433333333333
a7fc3e6b,oof,consensus_majority,False,4764,15.578791169,-11.9868618057,1156216.77014,e009_consensus_abstention,0.521207011727,684514.653744,21876.8583963,449825.258002,-0.0015582081848,-2.02572336317,0.8,1.01819650959,0.521207011727,0.3
a85bb86f,oof,consensus_majority,False,3099,6.7383558024,-4.88504026918,140711.455212,e009_consensus_abstention,1.15724278603,73953.3535193,1189.03562831,65569.0660646,0.000692397857391,-1.34513749183,0.633333333333,1.41743095526,1.15724278603,0.133333333333
a85e4bc3,oof,consensus_majority,False,4581,10.8519410402,-6.50951826877,539479.744105,e009_consensus_abstention,0.353362727583,194114.506487,79802.5192355,265562.718382,-0.00315615625756,-6.14930041414,0.9,1.56379920974,0.353362727583,0.4
a87433c9,oof,consensus_majority,False,5721,8.90567004468,7.1126121785,453737.996123,e009_consensus_abstention,0.498319503086,289421.110702,218.449020707,164098.4364,-0.000118319890502,0,0.8,0.498319503086,0.498319503086,0.3
a8ed028a,oof,consensus_majority,False,5538,13.8516714664,-11.7011582431,1062569.42777,e009_consensus_abstention,0.778408454932,758246.92323,973.430302614,303349.074235,0.000262248874974,0.396310500896,0.733333333333,0.878139850235,0.778408454932,0.233333333333
a959858c,oof,consensus_majority,False,4404,17.7784062214,-8.20339057437,1391979.88912,e009_consensus_abstention,0.608656718708,296369.896896,568243.607194,527366.385027,-0.00893484346117,2.37293826064,0.9,2.87796823026,0.608656718708,0.4
a9c9b150,oof,consensus_majority,False,3986,1.98722996308,-1.65782993266,15741.0445437,e009_consensus_abstention,0.246177300991,10955.1227413,12.650551022,4773.2712514,-4.89597753527e-05,2.75790002006,0.966666666667,0.635333997269,0.246177300991,0.466666666667
aa95015b,oof,consensus_majority,False,4300,6.8052308206,2.37923129997,199138.016043,e009_consensus_abstention,0.238628469116,24341.1887886,142.462818333,174654.364436,0.000146635362538,3.46454602076,1,0.814796594117,0.238628469116,0.5
aaaf3c03,oof,consensus_majority,False,2997,15.1715966433,0.0335241613541,689841.502087,e009_consensus_abstention,0.276816464025,3.3682365753,423306.758751,266531.3751,-0.0137368809395,3.90249824061,0.9,1.12149482969,0.276816464025,0.4
aaeffccb,oof,consensus_majority,False,2712,8.87815639091,7.76067710239,213764.344365,e009_consensus_abstention,0.244795222061,163338.631845,1363.94654065,49061.7659785,-0.000905846893039,3.47398970712,0.966666666667,0.869972878707,0.244795222061,0.466666666667
ab112491,oof,consensus_majority,False,5185,32.7474827306,-29.567827485,5560381.68661,e009_consensus_abstention,0.509524100449,4533019.549,92574.8638312,934787.273771,-0.00282302049406,-0.847866526018,0.9,0.665898326388,0.509524100449,0.4
ab18d3fc,oof,consensus_majority,False,5694,14.7471953294,11.2457047175,1238329.81085,e009_consensus_abstention,0.903419931642,720096.689933,404149.949243,114083.171673,0.00512549364995,0.00119759651161,0.8,0.918085759134,0.903419931642,0.3
ab3ced07,oof,consensus_majority,False,4250,15.2850900742,13.2734482476,992944.408953,e009_consensus_abstention,0.427068243293,748783.820626,3279.00209079,240881.586236,0.000715942405801,-1.49981010709,0.8,0.79218854579,0.427068243293,0.3
ab6fe95d,oof,consensus_majority,False,5491,7.37591439466,-5.29092419665,298732.985347,e009_consensus_abstention,0.44116979676,153714.388791,47943.7885108,97074.8080449,-0.00186414478018,-0.275143354539,0.833333333333,0.457267289087,0.44116979676,0.333333333333
ab94878e,oof,consensus_majority,False,6004,5.69946588708,-3.16496604464,195033.404034,e009_consensus_abstention,0.270296277954,60142.1284225,3345.07653296,131546.199078,-0.000430658112841,4.26862658133,0.966666666667,1.27863568689,0.270296277954,0.466666666667
abf460d2,oof,consensus_majority,False,3217,11.9593448948,-10.6984542249,460114.417818,e009_consensus_abstention,0.380974085598,368207.920653,77558.9087479,14347.5884171,-0.00528725062992,-3.75130596702,0.866666666667,1.23102620914,0.380974085598,0.366666666667
ac6f01d5,oof,consensus_majority,False,5004,20.4134155709,17.9860111648,2085204.5065,e009_consensus_abstention,0.733397265499,1618776.9745,145508.153312,320919.378685,0.00373300304911,-1.09848827487,0.733333333333,1.08897081546,0.733397265499,0.233333333333
ad2133a8,oof,consensus_majority,False,5729,34.0162069642,30.7864782843,6629039.28428,e009_consensus_abstention,0.520463516702,5429987.70746,94539.5441229,1104512.0327,0.00245628721739,0.68769355933,0.8,0.797783009516,0.520463516702,0.3
add9c322,oof,consensus_majority,False,3932,11.743193918,10.6902676817,542233.036556,e009_consensus_abstention,0.330298140954,449356.128453,25640.2415659,67236.6665363,0.00224973533528,3.1692557357,0.966666666667,1.04959325076,0.330298140954,0.466666666667
ae069086,oof,consensus_majority,False,4770,20.8174286004,17.1771744224,2067152.64094,e009_consensus_abstention,0.661782084254,1407413.88183,37356.9551693,622381.803941,0.00203235139355,2.41164793526,0.733333333333,1.28128744911,0.661782084254,0.233333333333
ae0784a8,oof,consensus_majority,False,7823,8.98423602573,-5.69531560479,631445.155766,e009_consensus_abstention,0.401040766237,253751.676994,131290.374414,246403.104357,-0.00181404090016,-2.14511066056,0.8,0.732355857394,0.401040766237,0.3
ae35f33a,oof,consensus_majority,False,4450,4.43027992801,-0.150476180452,87341.8420705,e009_consensus_abstention,0.853983050725,100.761709931,36851.0209886,50390.059372,0.00224014112991,0.27381327158,0.7,0.887967218332,0.853983050725,0.2
ae8959c3,oof,consensus_majority,False,4518,20.4112499408,-18.2288944224,1882285.20289,e009_consensus_abstention,0.485737562359,1501297.93004,336782.902307,44204.3705407,-0.00661982199291,3.03189030253,0.766666666667,0.848011701437,0.485737562359,0.266666666667
aed44918,oof,consensus_majority,False,2719,7.84652961934,-6.37073158173,167403.465596,e009_consensus_abstention,0.670024314458,110353.93459,10566.5725353,46482.95847,-0.00251156203924,1.05825302657,0.733333333333,0.805039906683,0.670024314458,0.233333333333
aee6393a,oof,consensus_majority,False,5865,4.4156077865,1.80383778169,114353.377809,e009_consensus_abstention,0.364682508233,19083.7173057,53353.174403,41916.4860998,-0.00178142989744,1.27748420189,0.866666666667,0.533202433598,0.364682508233,0.366666666667
af7a59ce,oof,consensus_majority,False,3024,11.6639011939,11.3410811385,411404.891366,e009_consensus_abstention,0.434411401434,388947.247086,9216.4515835,13241.1926967,0.00199986113059,4.11185960323,0.933333333333,1.10976773302,0.434411401434,0.433333333333
aff4e561,oof,consensus_majority,False,6026,13.5379070718,-12.7660263525,1104414.71543,e009_consensus_abstention,0.228396969604,982065.830146,24160.2453908,98188.6398982,-0.00115105906257,-5.81220928832,0.933333333333,1.25462944599,0.228396969604,0.433333333333
b04b58a3,oof,consensus_majority,False,3402,12.4896662277,-3.5232889519,530683.975954,e009_consensus_abstention,0.858401083108,42230.9482613,52763.1082314,435689.919462,0.00401009225191,1.93783550183,0.766666666667,1.42772696565,0.858401083108,0.266666666667
b0d42b0d,oof,consensus_majority,False,4971,17.6712380702,-15.7362654442,1552307.36768,e009_consensus_abstention,0.150497962421,1230968.9792,27227.9088661,294110.479621,0.00163091801997,-4.80369623105,0.933333333333,0.651020386271,0.150497962421,0.433333333333
b0f53bf4,oof,consensus_majority,False,2755,12.6109371276,11.0682678224,438143.450578,e009_consensus_abstention,1.01148041681,337505.552382,5907.7295464,94730.1686497,0.00184127454608,0.795568070139,0.8,1.22781332763,1.01148041681,0.3
b19b0395,oof,consensus_majority,False,5813,6.78374674557,3.90722525808,267509.725326,e009_consensus_abstention,0.108088700064,88743.6367806,10805.1565957,167960.931949,0.00081246690167,6.16843661937,0.9,0.647487651221,0.108088700064,0.4
b1efb8a4,oof,consensus_majority,False,5998,10.2307618656,-8.2953966595,627801.593125,e009_consensus_abstention,0.30615121835,412744.007219,68812.7643329,146244.821573,-0.00195620984038,-2.44084579872,0.9,0.701018780825,0.30615121835,0.4
b32902c0,oof,consensus_majority,False,3808,8.21161300213,-5.81842486587,256775.679472,e009_consensus_abstention,0.534822007103,128916.290638,87634.8097917,40224.5790423,-0.00436398804938,2.05744814767,0.866666666667,0.844560118144,0.534822007103,0.366666666667
b32e4903,oof,consensus_majority,False,5770,10.0656396364,-8.37168122266,584599.67444,e009_consensus_abstention,0.347730840451,404390.718269,37265.6245327,142943.331638,-0.00152574203622,-1.67017237446,0.9,0.596459134231,0.347730840451,0.4
b3388334,oof,consensus_majority,False,6080,15.8349765957,8.73131610495,1524538.62142,e009_consensus_abstention,0.403466843619,463514.156021,614038.763198,446985.702204,-0.00572576018283,1.40108753985,0.733333333333,0.663321563076,0.403466843619,0.233333333333
b37fd114,oof,consensus_majority,False,8161,16.6606808589,-10.4961489422,2265316.39761,e009_consensus_abstention,0.512676336104,899090.372898,480909.284135,885316.740578,-0.00325842058091,3.08346439987,0.833333333333,1.00656534372,0.512676336104,0.333333333333
b38e3116,oof,consensus_majority,False,6211,5.83113887081,2.18525429689,211187.543276,e009_consensus_abstention,0.574246298171,29659.6140207,4181.5873589,177346.341896,-0.000457634673252,-1.73941115926,0.9,1.00495568382,0.574246298171,0.4
b4d8dd4f,oof,consensus_majority,False,4259,16.911674095,-2.83614727824,1218094.10544,e009_consensus_abstention,0.460862075139,34258.2519638,626719.211718,557116.641762,-0.00986655812849,-1.83789501806,0.866666666667,0.876742170329,0.460862075139,0.366666666667
b4f37e6e,oof,consensus_majority,False,2992,12.0429550707,-6.83262963352,433938.038368,e009_consensus_abstention,0.768036278508,139681.004505,252174.222963,42082.8109,-0.010629151792,-0.242479593295,0.866666666667,0.988525720536,0.768036278508,0.366666666667
b56bc0aa,oof,consensus_majority,False,5602,11.6573063399,-11.0068063279,761271.415758,e009_consensus_abstention,0.424675203477,678681.0986,32.0711881499,82558.2459695,-4.67878940768e-05,-2.45188196822,0.9,0.920528847542,0.424675203477,0.4
b585b4fa,oof,consensus_majority,False,4294,9.52182065381,-1.54972703861,389315.804411,e009_consensus_abstention,0.536184985251,10312.7018217,113774.638095,265228.464494,-0.00415260197348,-1.19913298727,0.833333333333,0.761557917438,0.536184985251,0.333333333333
b5aa9634,oof,consensus_majority,False,7326,9.22810961729,3.36143401148,623867.560078,e009_consensus_abstention,0.486549203222,82778.2220829,11169.6468106,529919.691185,0.000583861684528,0.556682037807,0.8,0.549961562431,0.486549203222,0.3
b7974e66,oof,consensus_majority,False,5558,7.83289700995,3.01037601183,341007.06361,e009_consensus_abstention,0.507159885066,50368.6176257,30441.1349003,260197.311084,0.00145862360074,0.843574473021,0.733333333333,0.558313146394,0.507159885066,0.233333333333
b7cdcecb,oof,consensus_majority,False,6168,6.0725987818,-2.30250798731,227453.980391,e009_consensus_abstention,0.494177344679,32699.9174189,108634.055023,86120.0079483,-0.00235698640002,-0.0113342476993,0.8,0.67073335343,0.494177344679,0.3
b7fea9ef,oof,consensus_majority,False,3866,9.06458760462,8.06085183296,317656.649476,e009_consensus_abstention,0.565633870244,251202.366567,248.9238572,66205.3590516,0.000227368933143,0.0643148189611,0.733333333333,0.915239376903,0.565633870244,0.233333333333
b85f7b06,oof,consensus_majority,False,3803,5.36395854283,4.95191501487,109420.110901,e009_consensus_abstention,0.832766701386,93255.1211819,3119.91841461,13045.0713044,-0.000825035752027,-0.575886354443,0.733333333333,1.01640113191,0.832766701386,0.233333333333
b881d27e,oof,consensus_majority,False,4009,14.4139635982,-13.5628969612,832919.247557,e009_consensus_abstention,0.243981239082,737464.265484,10407.7807698,85047.2013031,-0.00139224484967,3.00522753171,1,0.676565335763,0.243981239082,0.5
b8c49c1a,oof,consensus_majority,False,4319,8.93361369794,5.01648185027,344697.030548,e009_consensus_abstention,0.491569809809,108688.024375,98731.4467931,137277.55938,-0.00383480759784,1.56711897898,0.9,0.835283940516,0.491569809809,0.4
b95e7121,oof,consensus_majority,False,6306,4.50006232331,3.34643278982,127700.037122,e009_consensus_abstention,0.496557323748,70618.4499001,6947.94203224,50133.6451894,0.000576617437911,-1.98306865129,0.9,1.08507358631,0.496557323748,0.4
b977be4a,oof,consensus_majority,False,5917,20.2536973561,7.24236761334,2427225.92226,e009_consensus_abstention,0.597588286364,310357.825123,1347867.22201,769000.875126,0.00883612460075,0.691605068496,0.766666666667,0.754614224158,0.597588286364,0.266666666667
ba48188d,oof,consensus_majority,False,4166,52.0406806097,40.4202621515,11282496.338,e009_consensus_abstention,0.551453332972,6806400.76994,4293247.93265,182847.635453,0.0266934508582,-0.575394020292,0.766666666667,0.691568780854,0.551453332972,0.266666666667
bb2cdd83,oof,consensus_majority,False,3825,5.86368094486,-4.72284072217,131514.034903,e009_consensus_abstention,0.631206196455,85317.4836629,26698.9711531,19497.5800874,-0.00239271373,0.518840508369,0.8,0.6605857428,0.631206196455,0.3
bb337fa0,oof,consensus_majority,False,6873,22.624309686,-20.6696065841,3518009.579,e009_consensus_abstention,0.582854967759,2936369.90957,162042.993356,419596.676069,-0.00244729453464,-0.803886014596,0.766666666667,0.660769323488,0.582854967759,0.266666666667
bb682ebd,oof,consensus_majority,False,4139,18.0982047417,-15.6332380725,1355708.81656,e009_consensus_abstention,0.323057961819,1011563.87097,226876.025715,117268.919877,-0.0061964335828,2.52015610833,0.966666666667,0.753498051973,0.323057961819,0.466666666667
bc4381e2,oof,consensus_majority,False,4955,16.3161810939,-15.7494466437,1319109.028,e009_consensus_abstention,0.879697035524,1229063.31978,28058.7983206,61986.9099029,-0.00166364123933,0.89980042668,0.666666666667,1.02979808383,0.879697035524,0.166666666667
bcebcc5f,oof,consensus_majority,False,6258,11.8847266206,-8.87314628212,883922.016603,e009_consensus_abstention,0.291931757733,492709.392699,13799.2568289,377413.367075,-0.000821987359863,3.3305584452,1,0.85380068315,0.291931757733,0.5
bd2c2f34,oof,consensus_majority,False,9823,7.89755715435,5.56337197104,612674.350669,e009_consensus_abstention,0.660100358039,304032.730821,309.201177967,308332.41867,-6.2566949207e-05,2.09358066908,0.733333333333,1.31229265069,0.660100358039,0.233333333333
bd4ae5da,oof,consensus_majority,False,5006,12.8592412362,11.5716237295,827792.586368,e009_consensus_abstention,0.493379338972,670315.793536,46025.4694461,111451.323386,0.00209823186026,1.92145206217,0.866666666667,0.963085796091,0.493379338972,0.366666666667
bd6f0e19,oof,consensus_majority,False,5140,4.99683232754,-3.50856767034,128337.233211,e009_consensus_abstention,0.676530636925,63273.6420806,20449.9285414,44613.6625889,-0.0013442865399,-1.28648287487,0.766666666667,1.32731516331,0.676530636925,0.266666666667
bd8f847e,oof,consensus_majority,False,4961,5.75420527879,-1.86504417884,164263.067695,e009_consensus_abstention,0.273922678641,17256.2917433,87238.6808783,59768.0950731,-0.00292813662202,-5.06622320142,0.9,1.39209950067,0.273922678641,0.4
be063506,oof,consensus_majority,False,4500,8.37129835428,7.56113021025,315353.862614,e009_consensus_abstention,0.360876706997,257268.105254,3612.44562441,54473.3117356,0.000689719528163,4.33152689799,0.933333333333,1.09447072772,0.360876706997,0.433333333333
be35c8f2,oof,consensus_majority,False,4226,4.45273082347,0.166903077532,83788.1066089,e009_consensus_abstention,0.909376840606,117.722149186,42980.393904,40689.9905557,0.00261415654903,-1.06833886356,0.733333333333,1.49683555717,0.909376840606,0.233333333333
be83e781,oof,consensus_majority,False,3221,3.14951932327,1.7967411795,31950.6192079,e009_consensus_abstention,0.467595442536,10398.2862277,186.994900767,21365.3380794,0.000259131040333,1.20294253767,0.833333333333,0.63490320455,0.467595442536,0.333333333333
beda8696,oof,consensus_majority,False,5912,10.616017442,-3.00519307619,666281.373255,e009_consensus_abstention,0.278921013912,53392.3682336,218905.436757,393983.568264,0.00356547392814,-2.04981056096,0.9,0.518534423113,0.278921013912,0.4
bf39bc20,oof,consensus_majority,False,3303,8.41478978739,0.924319791475,233881.093709,e009_consensus_abstention,0.303964307579,2821.97445504,15391.4757793,215667.643475,0.00226395564515,1.46779618601,0.833333333333,0.61973242303,0.303964307579,0.333333333333
bf70b410,oof,consensus_majority,False,6347,16.5797386747,7.7679599801,1744712.45101,e009_consensus_abstention,0.266298163112,382985.610696,899575.199219,462151.641097,0.00649765454358,-3.89422069951,0.866666666667,1.08127442602,0.266298163112,0.366666666667
bffe3082,oof,consensus_majority,False,5723,13.1523850038,-0.507778910953,989994.47866,e009_consensus_abstention,0.601732238517,1475.61501444,806763.354073,181755.509573,-0.007186676437,1.4821961483,0.866666666667,0.930323271178,0.601732238517,0.366666666667
c03b9305,oof,consensus_majority,False,4255,16.7920899857,-15.1710066663,1199800.5873,e009_consensus_abstention,0.714702507232,979328.431104,136976.296469,83495.8597294,-0.0046191705561,1.17171440887,0.8,0.987482464642,0.714702507232,0.3
c03d4aed,oof,consensus_majority,False,4641,13.3765765573,-10.2410880508,830427.126629,e009_consensus_abstention,1.08016016381,486747.543794,21464.2119705,322215.370865,0.00160520592747,-0.998514377817,0.7,1.27960331097,1.08016016381,0.2
c03fba65,oof,consensus_majority,False,3699,20.3133431238,18.0133427248,1526325.43089,e009_consensus_abstention,0.542194479146,1200253.42914,252001.88839,74070.1133627,0.00772976052915,0.212784681521,0.766666666667,0.615664892459,0.542194479146,0.266666666667
c07fd0cd,oof,consensus_majority,False,4191,4.78449459783,3.0528107871,95937.8094409,e009_consensus_abstention,0.699013704139,39058.6686643,1295.29252112,55583.8482554,-0.000459513286393,1.09831329277,0.766666666667,0.943508686943,0.699013704139,0.266666666667
c1708b88,oof,consensus_majority,False,6315,22.8962817992,20.1601083428,3310573.83325,e009_consensus_abstention,0.251584845392,2566605.2504,167746.832502,576221.750353,0.00282720799492,1.06971474953,0.9,0.356526723966,0.251584845392,0.4
c1d046f4,oof,consensus_majority,False,5513,7.59895798546,-3.97593867381,318343.567669,e009_consensus_abstention,0.295487702025,87149.9910066,17994.7853081,213198.791354,0.00113522507739,-0.411308443952,0.833333333333,0.308923992264,0.295487702025,0.333333333333
c2717d4f,oof,consensus_majority,False,4721,11.965341732,-10.0244402669,675902.75045,e009_consensus_abstention,0.492262686679,474410.469979,53.7348711246,201438.5456,7.82830499981e-05,-0.636946019344,0.866666666667,0.591924357045,0.492262686679,0.366666666667
c2c4db09,oof,consensus_majority,False,6039,8.49489682317,0.812236468694,435793.999827,e009_consensus_abstention,1.15272762733,3984.09788162,134545.573629,297264.328317,0.00270755814484,-1.98635998001,0.766666666667,1.81944158445,1.15272762733,0.266666666667
c2c6fc71,oof,consensus_majority,False,7119,9.63575010571,-6.42369604849,660982.634629,e009_consensus_abstention,0.845265838911,293757.497103,143579.881959,223645.255567,-0.00218528927281,-2.1559221343,0.8,1.32739527892,0.845265838911,0.3
c36625df,oof,consensus_majority,False,4742,11.940550008,11.2469164302,676098.874964,e009_consensus_abstention,0.527385667573,599830.418606,13949.9080521,62318.5483059,-0.00125295069323,8.4779479453,0.933333333333,4.13014084968,0.527385667573,0.433333333333
c3957531,oof,consensus_majority,False,5316,14.9739372574,-9.90316645374,1191947.12479,e009_consensus_abstention,0.588384048016,521354.504088,257525.128123,413067.492574,-0.00453547709751,-2.02999960594,0.766666666667,1.0785585776,0.588384048016,0.266666666667
c42fe306,oof,consensus_majority,False,5095,12.5562058813,-8.68036682436,803269.069757,e009_consensus_abstention,0.47873351146,383901.974007,302697.65506,116669.44069,-0.00524057423294,-0.63215777764,0.833333333333,0.674451608898,0.47873351146,0.333333333333
c43812e2,oof,consensus_majority,False,5527,7.54898850918,4.83860779136,314968.406457,e009_consensus_abstention,0.226915312783,129398.816857,1350.32679259,184219.262807,-0.00030979604972,6.36899682642,0.966666666667,1.22254772521,0.226915312783,0.466666666667
c472c0b5,oof,consensus_majority,False,3054,6.96477078325,6.45341032661,148143.529921,e009_consensus_abstention,0.169518494143,127188.425792,12204.766989,8750.33713987,-0.00226752374405,8.08609212387,0.966666666667,1.3762272234,0.169518494143,0.466666666667
c47e0767,oof,consensus_majority,False,4356,15.1855230957,-12.7895350875,1004494.08653,e009_consensus_abstention,0.59576671718,712520.53698,202678.291003,89295.2585413,-0.00542453411288,-1.0452917714,0.8,0.72095258168,0.59576671718,0.3
c50b42f6,oof,consensus_majority,False,6014,8.04219135062,-1.97746186866,388966.526104,e009_consensus_abstention,0.234612097796,23516.8776281,1586.01860529,363863.629871,-0.000295800996144,3.50078196614,0.9,0.732487687997,0.234612097796,0.4
c593337f,oof,consensus_majority,False,5208,27.0080341937,19.9830142744,3798891.80854,e009_consensus_abstention,0.434286545012,2079663.03624,1526770.5167,192458.255605,0.0113886186316,-0.722398262093,0.733333333333,0.501685633566,0.434286545012,0.233333333333
c59b6c4a,oof,consensus_majority,False,5499,21.971154093,18.6148964115,2654541.13538,e009_consensus_abstention,1.08055043869,1905482.51189,685711.817735,63346.8057494,0.00703454266194,0.282935897217,0.766666666667,1.27660842754,1.08055043869,0.266666666667
c66be2b8,oof,consensus_majority,False,4154,25.9987633951,21.2429706731,2807836.88981,e009_consensus_abstention,0.257014758761,1874549.83774,693726.103046,239560.949024,0.0107766782174,5.19678085003,1,1.26244831938,0.257014758761,0.5
c6797dd7,oof,consensus_majority,False,4664,6.71997109238,3.52626496337,210616.965554,e009_consensus_abstention,0.603569519051,57994.7159765,60427.3301696,92194.9194078,0.00267343434854,1.52462969094,0.833333333333,0.911224095313,0.603569519051,0.333333333333
c6b782a4,oof,consensus_majority,False,4877,12.0954541538,9.76953894871,713505.154556,e009_consensus_abstention,0.305973129728,465479.857726,95.95789523,247929.338935,-9.9632689868e-05,5.27480251906,0.933333333333,1.32447726766,0.305973129728,0.433333333333
c6c96179,oof,consensus_majority,False,4004,7.05091025223,-5.30663552284,199060.202882,e009_consensus_abstention,0.365483178582,112754.163811,167.139551089,86138.8995193,-0.000176762098595,1.25575642859,0.933333333333,0.428215213956,0.365483178582,0.433333333333
c70c0e01,oof,consensus_majority,False,4312,12.1229814522,9.0632734837,633720.321097,e009_consensus_abstention,0.310158008734,354200.297949,123054.917284,156465.105864,0.00429162723652,2.29099542666,0.933333333333,0.717089419936,0.310158008734,0.433333333333
c84c65be,oof,consensus_majority,False,8496,8.39601118684,-3.14867891605,598908.560706,e009_consensus_abstention,0.843412223141,84230.8640733,30679.8184764,483997.878156,0.000774810082092,-0.0241024547327,0.666666666667,0.927355826937,0.843412223141,0.166666666667
c8d9680c,oof,consensus_majority,False,6281,40.424106298,-36.463978112,10263834.6719,e009_consensus_abstention,0.544900109096,8351353.89616,1035086.63537,877394.140391,-0.00708004126653,1.35943184994,0.766666666667,0.759832865349,0.544900109096,0.266666666667
c908edd0,oof,consensus_majority,False,5293,11.5409168711,6.08378675698,704989.290458,e009_consensus_abstention,0.310944050533,195906.957684,416806.111321,92276.2214523,0.00580770874952,0.0361731580966,0.866666666667,0.446910104807,0.310944050533,0.366666666667
c9578d27,oof,consensus_majority,False,4487,10.1681037333,-1.31213350359,463912.42655,e009_consensus_abstention,0.348539004608,7725.24246424,42708.1026267,413479.081459,-0.00238183497588,-2.72727654751,0.933333333333,0.742309539056,0.348539004608,0.433333333333
c96c018a,oof,consensus_majority,False,6236,9.21156853497,-6.642179286,529143.276036,e009_consensus_abstention,0.31883130088,275123.250782,16875.6497494,237144.375505,-0.000913822233622,-2.317687282,1,0.788117342131,0.31883130088,0.5
c99f9fae,oof,consensus_majority,False,6361,12.6988598848,11.3993713217,1025781.49054,e009_consensus_abstention,0.271686402956,826584.384799,148833.120212,50363.9855347,0.00263422173217,2.19655646751,0.9,0.451835379693,0.271686402956,0.4
c9e6734f,oof,consensus_majority,False,4735,11.9923440057,5.48665645448,680970.250348,e009_consensus_abstention,0.39597579826,142539.5945,414718.256226,123712.399623,-0.00684679357706,3.34345729705,0.833333333333,0.849791397852,0.39597579826,0.333333333333
c9e980e8,oof,consensus_majority,False,4359,6.74572215849,-0.371931143392,198355.281269,e009_consensus_abstention,0.611619675006,602.992568076,154573.000491,43179.2882102,0.00473235318659,-5.54556892372,0.7,2.2013671273,0.611619675006,0.2
c9fedcf3,oof,consensus_majority,False,3517,3.59329064409,-1.99883141202,45410.5813253,e009_consensus_abstention,0.514659930943,14051.5651071,1299.73161218,30059.284606,-0.000598768478205,0.22231545648,0.633333333333,0.534894053783,0.514659930943,0.133333333333
cad13e8f,oof,consensus_majority,False,4848,12.8350569358,12.0113087904,798653.152375,e009_consensus_abstention,0.15137020975,699428.420387,57466.1733068,41758.5586808,0.0024601005306,7.45695884424,1,1.04247783336,0.15137020975,0.5
cb34231f,oof,consensus_majority,False,5609,10.5556974853,9.33346369184,624970.201389,e009_consensus_abstention,0.154202913231,488619.871027,49.0749934818,136301.255369,5.77687000952e-05,5.89229697533,1,0.831720222649,0.154202913231,0.5
cb879f40,oof,consensus_majority,False,6315,9.6170606584,4.34019650436,584060.808791,e009_consensus_abstention,0.299396822764,118957.585473,24945.5854913,440157.637827,0.00109025339303,1.65824339758,0.9,0.458418216857,0.299396822764,0.4
cbb406b5,oof,consensus_majority,False,6328,10.649358433,-7.57219427734,717651.108105,e009_consensus_abstention,0.493478844405,362835.662427,36438.6120161,318376.833661,0.0013136263025,-1.3848505737,0.833333333333,0.846873590998,0.493478844405,0.333333333333
cbe51de1,oof,consensus_majority,False,3963,9.13883190628,-3.14871463743,330982.819246,e009_consensus_abstention,0.594866766488,39290.7825287,7534.29042287,284157.746295,-0.00120524602211,-1.45767215979,0.766666666667,1.15163341053,0.594866766488,0.266666666667
cbe62450,oof,consensus_majority,False,6258,12.604691688,-6.04444687629,994260.10445,e009_consensus_abstention,0.325829527725,228638.145456,20109.8286611,745512.130332,0.000992296536565,3.30155694954,0.9,0.844825525673,0.325829527725,0.4
cc08aa63,oof,consensus_majority,False,3274,8.27366001468,-5.23094685471,224116.595426,e009_consensus_abstention,0.432850090623,89585.8235594,40099.1257045,94431.6461622,-0.00370288378977,0.198628038909,0.833333333333,0.523864462933,0.432850090623,0.333333333333
cc8a1d57,oof,consensus_majority,False,6638,33.0203940148,30.8163180713,7237719.54189,e009_consensus_abstention,0.525186070475,6303746.55998,21095.9112609,912877.070645,0.000930323305985,2.21006201544,0.833333333333,0.967183772288,0.525186070475,0.333333333333
ccedb12b,oof,consensus_majority,False,4401,8.42508306144,-0.980993444201,312391.89023,e009_consensus_abstention,0.445591554741,4235.29415343,137819.543778,170337.052298,0.00440472688703,0.798538111484,0.833333333333,0.532927527929,0.445591554741,0.333333333333
cd7f1687,oof,consensus_majority,False,4232,7.46624548959,4.6605110004,235912.08548,e009_consensus_abstention,0.669471561694,91920.5753055,7043.38657139,136948.123603,0.00105599754637,-0.725590972579,0.833333333333,0.867127028886,0.669471561694,0.333333333333
cda7eb37,oof,consensus_majority,False,5973,9.23370812362,2.54201989706,509266.137399,e009_consensus_abstention,0.404320993652,38596.7205829,166800.478668,303868.938148,-0.00306478845705,0.0655288425301,0.866666666667,0.56932044029,0.404320993652,0.366666666667
cdc31d65,oof,consensus_majority,False,4840,6.43544336652,-2.42223522616,200448.267607,e009_consensus_abstention,0.882177442052,28397.3616958,27765.3901039,144285.515807,0.00171425126917,2.1787640032,0.733333333333,2.01913035258,0.882177442052,0.233333333333
cdc60a53,oof,consensus_majority,False,5878,10.2269208031,-4.65355359337,614779.485768,e009_consensus_abstention,0.712616654238,127291.387831,314634.481951,172853.615987,-0.00431170872957,-0.450993592796,0.733333333333,0.73749121621,0.712616654238,0.233333333333
ce55ba43,oof,consensus_majority,False,4104,11.8058876196,-9.54777340617,572011.344129,e009_consensus_abstention,0.25086766616,374120.545672,16153.6432412,181737.155216,-0.00167461451541,2.53849437977,0.966666666667,0.601572241934,0.25086766616,0.466666666667
ce8399b7,oof,consensus_majority,False,1615,4.0511576407,-3.10336103637,26505.1833411,e009_consensus_abstention,0.287317297882,15553.8223011,4588.71787295,6362.64316708,0.00361557683099,-2.12820153421,0.833333333333,1.26260920684,0.287317297882,0.333333333333
cf50c9d1,oof,consensus_majority,False,4858,27.9779021225,26.2477675331,3802662.68886,e009_consensus_abstention,0.681381041439,3346896.2697,264567.713286,191198.705876,0.00526226589184,0.781420564846,0.7,0.88416589248,0.681381041439,0.2
d00e7eb9,oof,consensus_majority,False,5704,6.1361526096,4.42750156739,214769.111911,e009_consensus_abstention,1.45358746486,111814.200817,41.2789908631,102913.632103,5.16637457328e-05,0,0.633333333333,1.66609270607,1.45358746486,0.133333333333
d011f41b,oof,consensus_majority,False,2267,13.5696119142,11.9284768487,417432.611125,e009_consensus_abstention,0.991883119105,322568.165362,17426.0643493,77438.3814142,0.00423655688175,1.05071709607,0.766666666667,1.37359760357,0.991883119105,0.266666666667
d07aed8f,oof,consensus_majority,False,2957,5.83598210403,-4.9106923575,100711.537809,e009_consensus_abstention,0.63643337074,71307.7576146,9974.09967967,19429.6805152,-0.0021515453928,4.96626164638,0.833333333333,2.38918482944,0.63643337074,0.333333333333
d085e611,oof,consensus_majority,False,6191,10.238394061,-2.93082602407,648969.797869,e009_consensus_abstention,0.469039999873,53179.0876661,40685.2245702,555105.485633,-0.00143439175905,1.41377104555,0.8,0.688338419665,0.469039999873,0.3
d0a0e7b5,oof,consensus_majority,False,3816,9.42218058197,-7.99526213563,338774.890084,e009_consensus_abstention,0.542815116094,243934.810612,38919.1513905,55920.9280815,-0.00289907713031,-0.546701172071,0.766666666667,0.574158862086,0.542815116094,0.266666666667
d0a43760,oof,consensus_majority,False,4041,4.29993872248,-2.17366486187,74715.9604621,e009_consensus_abstention,0.375936683124,19092.9933032,23686.4759019,31936.491257,-0.00207542759115,3.52814950223,0.966666666667,1.13118915255,0.375936683124,0.466666666667
d0cb63ae,oof,consensus_majority,False,5223,20.0858782218,16.18444185,2107180.19807,e009_consensus_abstention,0.258597503232,1368092.55322,1092.01614785,737995.628708,-0.000303266977172,2.64141354117,0.866666666667,0.642369328595,0.258597503232,0.366666666667
d114d9c2,oof,consensus_majority,False,6206,9.45185390472,6.89630640423,554428.787118,e009_consensus_abstention,0.514765576067,295151.414782,198973.476414,60303.8959222,0.00316060749565,-0.016517645406,0.8,0.586536049863,0.514765576067,0.3
d1457cc5,oof,consensus_majority,False,6920,13.4255812008,10.9808855865,1247303.91561,e009_consensus_abstention,0.742875522668,834412.549986,21488.4684927,391402.897135,-0.000882133302235,-0.299747797007,0.766666666667,1.05825911749,0.742875522668,0.266666666667
d1ecf309,oof,consensus_majority,False,6168,11.6057371306,-8.45045889904,830787.252639,e009_consensus_abstention,0.788953637633,440458.456568,310940.469733,79388.3263382,-0.00398761027439,-1.37683842174,0.733333333333,0.958026749575,0.788953637633,0.233333333333
d1ee630d,oof,consensus_majority,False,6290,7.11650860584,5.06734122573,318555.129895,e009_consensus_abstention,0.624560331844,161514.287246,18712.9876696,138327.854979,0.000949918238099,2.55980987718,0.9,0.994953121457,0.624560331844,0.4
d217e0c5,oof,consensus_majority,False,3838,4.77068683979,1.57294777954,87350.7803196,e009_consensus_abstention,0.320421734793,9495.84418452,7560.60718874,70294.3289464,-0.00126681010688,2.71476299847,1,0.767037504248,0.320421734793,0.5
d24ff243,oof,consensus_majority,False,5641,3.2815249336,-0.254337418522,60744.5776244,e009_consensus_abstention,0.242760503379,364.902314198,4098.59415282,56281.0811574,0.000523448474336,6.46401335212,0.9,1.39836854796,0.242760503379,0.4
d273674e,oof,consensus_majority,False,3899,3.86742677257,-0.920923137453,58317.3033909,e009_consensus_abstention,0.241665261429,3306.73965845,13693.0302929,41317.5334396,0.00166498593442,-3.1101655425,0.833333333333,0.746776977792,0.241665261429,0.333333333333
d2f3b1ab,oof,consensus_majority,False,5581,15.1411036804,-1.29315521628,1279461.10831,e009_consensus_abstention,0.326283126407,9332.82955711,515887.592504,754240.686248,0.00596760594131,2.51968428639,1,0.765732041719,0.326283126407,0.5
d3df146b,oof,consensus_majority,False,5787,6.46547852847,-0.129645051591,241910.561728,e009_consensus_abstention,1.12897741299,97.2669666197,45461.8235787,196351.471183,-0.00167777543765,0.927689529817,0.7,1.37352728442,1.12897741299,0.2
d40f61d5,oof,consensus_majority,False,4039,5.41229039403,-3.11218431648,118313.971842,e009_consensus_abstention,0.158558443747,39120.5068364,30562.2855993,48631.1794067,-0.00235924352335,3.73280619097,0.966666666667,0.599099013146,0.158558443747,0.466666666667
d41beaf2,oof,consensus_majority,False,4753,12.7247821176,9.5681637944,769606.139951,e009_consensus_abstention,0.401177453345,435136.001658,51935.8029383,282534.335354,0.00240919712557,1.85401122566,0.833333333333,0.645296538056,0.401177453345,0.333333333333
d463e527,oof,consensus_majority,False,4767,9.2298803213,-4.16369949767,406104.022784,e009_consensus_abstention,0.555407454247,82642.5878474,192347.373338,131114.061598,-0.00461600249306,-1.52319584386,0.833333333333,0.901890295599,0.555407454247,0.333333333333
d4f60a28,oof,consensus_majority,False,4501,5.11872726795,-0.153435113355,117932.361165,e009_consensus_abstention,0.332784942638,105.96404538,7730.99223794,110095.404882,-0.00100865984767,3.04004370894,0.966666666667,0.76981448341,0.332784942638,0.466666666667
d50c649a,oof,consensus_majority,False,4873,4.5595932783,1.88993240451,101309.138178,e009_consensus_abstention,0.400391140297,17405.5982173,1389.07845287,82514.4615079,0.000379541616039,1.69185285377,0.933333333333,0.630941966851,0.400391140297,0.433333333333
d543916f,oof,consensus_majority,False,4799,9.37303656994,-5.2675415713,421610.455985,e009_consensus_abstention,0.377572711257,133157.825192,110466.457909,177986.172883,-0.0034632171374,-1.48113633447,0.7,0.591895680039,0.377572711257,0.2
d5df0ff5,oof,consensus_majority,False,4032,11.24311837,9.79377146713,509675.889472,e009_consensus_abstention,0.577845443428,386741.212907,14188.8858407,108745.790724,0.00161169923023,0.352959984243,0.766666666667,0.644402196118,0.577845443428,0.266666666667
d60430e6,oof,consensus_majority,False,2511,6.96264716449,-4.39569337036,121729.401854,e009_consensus_abstention,0.843086906525,48517.8438378,35614.2239494,37597.3340667,-0.00519555959907,-1.52929389839,0.7,1.65534164186,0.843086906525,0.2
d63196fe,oof,consensus_majority,False,4510,21.396402295,19.2517861229,2064705.20057,e009_consensus_abstention,0.274989456123,1671547.02283,299608.470183,93549.7075556,0.00626041126755,1.95541746933,0.9,0.468418509182,0.274989456123,0.4
d6c320d9,oof,consensus_majority,False,5452,9.63420321287,-8.37963948385,506043.035673,e009_consensus_abstention,0.543822791224,382830.487158,56329.1332371,66883.4152782,-0.0020423181357,-0.410137347099,0.8,0.624563620293,0.543822791224,0.3
d6dd7330,oof,consensus_majority,False,6193,9.83756056349,-4.94565752365,599343.663426,e009_consensus_abstention,0.448544242435,151477.859017,2144.71400041,445721.090408,-0.000329172618398,-1.36008692463,1,0.68493075756,0.448544242435,0.5
d7ba4f9d,oof,consensus_majority,False,6023,5.94393466754,4.79538672516,212794.754257,e009_consensus_abstention,0.396146343252,138503.304942,4931.58118334,69359.8681317,0.000520432521679,-0.622681854222,0.9,0.572134389718,0.396146343252,0.4
d7eb0be8,oof,consensus_majority,False,5401,28.1756059274,-21.3284482811,4287663.61941,e009_consensus_abstention,0.612617610754,2456929.51554,313769.702902,1516964.40097,0.00488860410142,1.27018157238,0.766666666667,0.796757658375,0.612617610754,0.266666666667
d84b621b,oof,consensus_majority,False,3994,14.5415441732,13.5182912743,844557.288719,e009_consensus_abstention,0.590351586773,729880.330715,11615.379624,103061.57838,0.00147909221089,-2.96644916203,0.866666666667,1.25708579383,0.590351586773,0.366666666667
d90aa14c,oof,consensus_majority,False,10018,12.0449726136,-6.79859914128,1453425.1172,e009_consensus_abstention,0.33261585867,463041.479944,15164.7027965,975218.934463,-0.000425437762378,-3.09495696504,0.966666666667,0.9178216771,0.33261585867,0.466666666667
d924e971,oof,consensus_majority,False,3184,28.9540303357,-20.1901524508,2669261.41861,e009_consensus_abstention,0.540704890661,1297932.94306,1267750.44735,103578.028192,-0.0217094060686,-1.67087588977,0.8,0.828529795005,0.540704890661,0.3
d9ae59b2,oof,consensus_majority,False,3648,8.59488463784,7.49566098147,269485.208989,e009_consensus_abstention,0.746947694955,204962.637587,45401.9633104,19120.6080913,0.00335000697714,1.08226965665,0.8,0.845998195231,0.746947694955,0.3
d9d6d94d,oof,consensus_majority,False,4919,9.35549202612,0.641631837869,430536.611539,e009_consensus_abstention,0.444737248648,2025.11007219,70686.5508071,357824.95066,0.00266958524588,-2.47341114831,0.933333333333,1.07046280959,0.444737248648,0.433333333333
d9eca87b,oof,consensus_majority,False,6373,21.3699013047,14.0833523005,2910375.00093,e009_consensus_abstention,0.372011582864,1264025.995,1086077.28029,560271.72564,0.00709586125273,-2.51178616229,0.833333333333,0.955365213612,0.372011582864,0.333333333333
da2d4d7c,oof,consensus_majority,False,2114,9.34515511721,8.96383909565,184619.687684,e009_consensus_abstention,0.323140126488,169860.769557,2434.63257059,12324.2855563,-0.00175853052383,4.3143029099,0.8,0.934311207052,0.323140126488,0.3
da3bfe4e,oof,consensus_majority,False,5549,28.7447308274,25.8314704202,4584914.24485,e009_consensus_abstention,0.194780813548,3702652.73071,358568.849479,523692.664656,0.00501827921607,3.46367656704,0.933333333333,0.611078951002,0.194780813548,0.433333333333
da3cf798,oof,consensus_majority,False,5844,13.2250142288,-11.4494489847,1022121.4519,e009_consensus_abstention,0.341037401441,766089.270722,152396.486033,103635.695147,-0.00302700260743,-1.73218690106,0.9,0.550545348282,0.341037401441,0.4
da940160,oof,consensus_majority,False,5132,9.14331396178,-7.95669198368,429036.176125,e009_consensus_abstention,0.267259239203,324901.517663,44584.1226889,59550.5357736,-0.00198953128299,2.05620046846,0.966666666667,0.511517606989,0.267259239203,0.466666666667
dafc88c3,oof,consensus_majority,False,5572,14.5110122609,-13.3912264844,1173293.12493,e009_consensus_abstention,0.894292674547,999198.603331,65617.447647,108477.073957,-0.00213345572795,-1.11862804707,0.8,1.45421890456,0.894292674547,0.3
dbee6c86,oof,consensus_majority,False,7369,5.31266667316,3.35340985512,207985.80389,e009_consensus_abstention,0.596057861343,82867.0405701,24239.6600208,100879.103299,0.00085259160948,-2.17536019283,0.866666666667,1.07886075652,0.596057861343,0.366666666667
dc5fbe29,oof,consensus_majority,False,5203,7.41310530756,3.29222810749,285926.339956,e009_consensus_abstention,0.284217492953,56394.0990388,30174.6959371,199357.54498,-0.00160336110266,2.91662934785,0.933333333333,0.568006253938,0.284217492953,0.433333333333
dc7da28f,oof,consensus_majority,False,4774,11.4656030452,-8.26703715237,627590.293926,e009_consensus_abstention,0.404109680876,326273.794252,258018.182538,43298.3171351,-0.00533448092389,-2.74693788223,0.866666666667,0.973412179118,0.404109680876,0.366666666667
dc7f9757,oof,consensus_majority,False,4360,7.89118461834,4.06165755859,271500.664808,e009_consensus_abstention,0.463866135959,71927.1908576,130609.104384,68964.3695663,0.00434858162343,3.31337936499,0.9,0.977584340493,0.463866135959,0.4
dd168de0,oof,consensus_majority,False,3304,6.49095274038,5.37303301062,139205.672547,e009_consensus_abstention,0.406054213795,95384.7742544,23723.4506114,20097.4476812,-0.00280943839885,2.56192147069,0.866666666667,0.957696136822,0.406054213795,0.366666666667
dd64382d,oof,consensus_majority,False,3124,5.48922941187,-4.11054127162,94131.2419108,e009_consensus_abstention,0.253140234706,52784.8207807,23757.7078843,17588.7132457,-0.00305792181043,-0.265535734197,0.933333333333,0.296866436546,0.253140234706,0.433333333333
dd6bc5b2,oof,consensus_majority,False,3602,15.6190117385,-13.7160930615,878720.606726,e009_consensus_abstention,0.440802395678,677648.614353,110924.309151,90147.6832227,-0.00533689235665,1.43992408437,0.9,0.747323696305,0.440802395678,0.4
dd7d638e,oof,consensus_majority,False,4301,7.46739866226,4.91276890499,239832.546001,e009_consensus_abstention,0.462212449536,103805.918048,44712.4459432,91314.1820104,-0.00259687284448,-0.625459846553,0.833333333333,0.611120899073,0.462212449536,0.333333333333
ddc790ff,oof,consensus_majority,False,4726,7.37281165613,6.03500204929,256897.570214,e009_consensus_abstention,0.345122125526,172126.826247,10390.869176,74379.8747903,0.00108686598043,1.79088810973,0.833333333333,0.516845808042,0.345122125526,0.333333333333
df71d1ff,oof,consensus_majority,False,6228,20.7901396216,17.2953735914,2691927.85137,e009_consensus_abstention,0.215993644918,1862981.31406,256939.8344,572006.702915,0.00357259217545,3.05645293288,0.866666666667,0.633454273539,0.215993644918,0.366666666667
df73b8f3,oof,consensus_majority,False,5311,15.9682939245,9.19828806821,1354232.82808,e009_consensus_abstention,1.3179324671,449355.761482,629988.706663,274888.35993,0.00710383001338,0.484027017953,0.7,1.75985178427,1.3179324671,0.2
df8290be,oof,consensus_majority,False,3972,13.5970338266,-8.80913826687,734340.694323,e009_consensus_abstention,0.740048048135,308230.842343,271604.342879,154505.509101,-0.00721182420777,-0.527913560247,0.766666666667,0.885168460873,0.740048048135,0.266666666667
e0079ed1,oof,consensus_majority,False,3471,7.16001538903,-5.12547300368,177943.662508,e009_consensus_abstention,1.08702575484,91184.8135583,24620.3607586,62138.4881916,0.00265800581477,0.0983781530572,0.7,1.32489681418,1.08702575484,0.2
e03b45fd,oof,consensus_majority,False,5342,15.1402044689,2.98578552458,1224524.17744,e009_consensus_abstention,0.319799639092,47623.476992,24855.7391462,1152044.9613,0.00139877591692,2.85832592562,0.866666666667,0.904171853114,0.319799639092,0.366666666667
e0f36d98,oof,consensus_majority,False,4976,11.9355711913,-7.92076646368,708870.309681,e009_consensus_abstention,0.504001432711,312186.981868,1841.16462991,394842.163183,0.000423463893098,0.803342735823,0.7,0.678942680009,0.504001432711,0.2
e149204f,oof,consensus_majority,False,6097,8.51564541917,7.22454310228,442131.37447,e009_consensus_abstention,0.455823567792,318226.958455,12068.8988953,111835.51712,0.000799374262011,1.33046424194,0.8,1.13429766004,0.455823567792,0.3
e14d641e,oof,consensus_majority,False,3184,6.37850509758,-2.42519371476,129542.082059,e009_consensus_abstention,1.02187208302,18726.9015403,18195.0561036,92620.1244152,0.00260080478416,0.0246142866653,0.733333333333,1.1879154477,1.02187208302,0.233333333333
e161bd0c,oof,consensus_majority,False,2949,4.97130834207,3.15886142323,72881.3106576,e009_consensus_abstention,0.631111924728,29426.3177935,4422.15847116,39032.8343929,-0.00143845287985,1.7114624653,0.733333333333,0.852791768375,0.631111924728,0.233333333333
e201fd6d,oof,consensus_majority,False,5070,14.4630941997,4.88772615187,1060548.14572,e009_consensus_abstention,0.614349146154,121121.625364,63698.8072026,875727.713149,-0.00242183383566,-0.959385971087,0.733333333333,0.777507485487,0.614349146154,0.233333333333
e25f1537,oof,consensus_majority,False,3177,10.471913995,-0.485290444585,348392.942095,e009_consensus_abstention,0.494305877518,748.205153179,185072.652064,162572.084877,0.00832215780213,1.48185077966,0.866666666667,0.927324741674,0.494305877518,0.366666666667
e2fc7745,oof,consensus_majority,False,3692,11.3421692806,-6.68005295934,474956.616329,e009_consensus_abstention,0.370472066889,164748.513036,62018.7368638,248189.36643,0.00384555970775,2.18687227126,0.833333333333,0.819707216422,0.370472066889,0.333333333333
e32da4ec,oof,consensus_majority,False,4689,8.84404880441,-3.3932149211,366760.447306,e009_consensus_abstention,0.427694064048,53988.7122712,5621.82955048,307149.905484,0.000808926607821,4.11739208374,0.766666666667,1.60580893307,0.427694064048,0.266666666667
e3b34f5b,oof,consensus_majority,False,5455,13.070943788,9.97631445623,931984.412588,e009_consensus_abstention,0.494865999634,542918.967456,304532.053408,84533.3917235,0.00474476823313,1.54897472682,0.866666666667,0.764958437583,0.494865999634,0.366666666667
e45a2a62,oof,consensus_majority,False,5007,25.6813519822,-21.3814395635,3302275.92104,e009_consensus_abstention,0.783537525936,2289029.95074,124996.273402,888249.696891,-0.00345678825111,-0.975797524595,0.7,0.963388926967,0.783537525936,0.2
e46f4ef4,oof,consensus_majority,False,7195,5.44753509042,-2.15240996232,213516.219449,e009_consensus_abstention,0.728484778129,33333.4899071,6816.79853088,173365.931011,-0.000468634933539,-1.05316813432,0.733333333333,1.28025231985,0.728484778129,0.233333333333
e4726608,oof,consensus_majority,False,4733,6.24607817552,-1.70855443473,184650.860356,e009_consensus_abstention,0.334135466865,13816.3760278,100246.32901,70588.155318,-0.00336837251477,1.48749447183,0.8,0.537439039562,0.334135466865,0.3
e5864244,oof,consensus_majority,False,4469,31.5151368227,-29.9728194079,4438628.00098,e009_consensus_abstention,0.181372882241,4014815.09766,322538.64986,101274.25346,-0.00658515472691,-4.92625839857,0.866666666667,0.849310993742,0.181372882241,0.366666666667
e5c92e59,oof,consensus_majority,False,4295,11.5576856337,9.68688025929,573726.51751,e009_consensus_abstention,0.699214901666,403024.113133,27327.9635976,143374.440779,0.00203446169715,0.212996125661,0.666666666667,0.705189055751,0.699214901666,0.166666666667
e5ff9fd2,oof,consensus_majority,False,2354,5.54485712609,-3.34340617294,72374.7670519,e009_consensus_abstention,0.501250326539,26313.8708269,5953.42914232,40107.4670827,-0.00234026247495,1.99542489162,0.833333333333,0.962714035004,0.501250326539,0.333333333333
e6c55748,oof,consensus_majority,False,4472,13.5595345673,-9.13812386474,822226.29219,e009_consensus_abstention,0.837053096194,373435.736335,287948.597492,160841.958362,-0.00621577700307,-0.2299068458,0.7,0.854809200596,0.837053096194,0.2
e730c32b,oof,consensus_majority,False,4728,10.5727176008,-9.27920661951,528506.986098,e009_consensus_abstention,0.742179635366,407098.177705,42883.589783,78525.2186096,-0.00220658162543,-0.767777590055,0.766666666667,0.957284511987,0.742179635366,0.266666666667
e737965a,oof,consensus_majority,False,5955,9.97227552915,-3.12624693754,592202.59281,e009_consensus_abstention,0.290358263634,58200.7155906,258985.122038,275016.755182,0.00383623663423,-3.19995958103,1,0.919144659617,0.290358263634,0.5
e748dd88,oof,consensus_majority,False,4812,4.64210623302,3.06103743305,103694.511141,e009_consensus_abstention,0.386257811246,45088.2002013,24461.2515791,34145.0593605,0.00162308603664,2.75368903135,1,1.02088300679,0.386257811246,0.5
e7818f7a,oof,consensus_majority,False,5371,9.09412870811,8.16304832402,444198.76345,e009_consensus_abstention,0.881711852746,357898.507497,642.690009876,85657.565943,0.000223104678016,-1.75650349634,0.833333333333,1.69553321281,0.881711852746,0.333333333333
e7c36e81,oof,consensus_majority,False,3531,10.298425336,8.4374212684,374489.259897,e009_consensus_abstention,0.471979845925,251372.164219,39488.8012531,83628.2944253,0.00328080969165,0.858823807577,0.833333333333,0.650350555464,0.471979845925,0.333333333333
e7d0c1de,oof,consensus_majority,False,4711,5.97262879973,4.1761971293,168052.180706,e009_consensus_abstention,0.611789994325,82162.772422,19436.9413508,66452.4669328,0.00149360217911,-1.16200516354,0.766666666667,0.875828639338,0.611789994325,0.266666666667
e85074c5,oof,consensus_majority,False,5675,11.5669995699,-10.8196577514,759289.343612,e009_consensus_abstention,0.861648360462,664343.840145,616.066094201,94329.4373723,-0.000201120103938,-2.04975517514,0.766666666667,1.24732431967,0.861648360462,0.266666666667
e97032ad,oof,consensus_majority,False,3530,4.66788243194,-2.28967140739,76915.6161865,e009_consensus_abstention,0.34734048495,18506.3608929,8110.55619441,50298.6990992,0.00148748947405,0.782758610374,0.833333333333,0.457648000013,0.34734048495,0.333333333333
e9949a23,oof,consensus_majority,False,4559,11.2093739513,3.83652986884,572838.643511,e009_consensus_abstention,0.566949530069,67103.7451798,18741.4198921,486993.478439,-0.00154059147609,1.5002350608,0.9,0.773865959895,0.566949530069,0.4
ea0b99b7,oof,consensus_majority,False,9239,6.549765927,0.797401843093,396347.86794,e009_consensus_abstention,0.792629282837,5874.61537247,28037.8418027,362435.410765,-0.000653168850906,1.16180916226,0.733333333333,1.33991437321,0.792629282837,0.233333333333
ea3a0e38,oof,consensus_majority,False,10052,9.02611162244,3.98354387662,818943.386141,e009_consensus_abstention,1.20653144308,159511.386504,350161.891215,309270.108422,0.00203397843896,-0.468540725783,0.666666666667,1.31679676943,1.20653144308,0.166666666667
ea41324e,oof,consensus_majority,False,5025,5.12400901276,1.81021582781,131933.728523,e009_consensus_abstention,0.487731807362,16466.3287498,31767.213855,83700.1859184,-0.00173330941419,-2.21747661786,0.833333333333,1.1584546469,0.487731807362,0.333333333333
eabc711b,oof,consensus_majority,False,5348,13.7601117837,7.76274886408,1012593.93685,e009_consensus_abstention,0.57376968439,322271.923568,186044.577382,504277.435896,0.00382042818896,0.614999188156,0.666666666667,0.676966743421,0.57376968439,0.166666666667
eac10e86,oof,consensus_majority,False,6067,9.7490316599,9.21308007332,576629.632261,e009_consensus_abstention,0.306941189808,514972.083201,709.343555636,60948.2055041,0.000195235122951,3.66529804154,0.966666666667,1.11810387147,0.306941189808,0.466666666667
eafb863e,oof,consensus_majority,False,3568,7.03523461336,-4.57009849929,176596.469,e009_consensus_abstention,0.473779066858,74520.5354461,24136.6178457,77939.315708,-0.00252517556781,0.0934418704833,0.8,0.53259892517,0.473779066858,0.3
eb06a4e7,oof,consensus_majority,False,4535,10.3600909592,5.43560426177,486748.283033,e009_consensus_abstention,0.577442758674,133990.174387,261596.877897,91161.2307485,0.00580150905896,0.482510429024,0.766666666667,0.754418416248,0.577442758674,0.266666666667
eb640a35,oof,consensus_majority,False,6037,12.5875784322,6.68441260649,956545.328556,e009_consensus_abstention,0.230426735707,269741.442123,461523.082561,225280.803872,0.00501713259066,2.38246051028,0.933333333333,0.447391674571,0.230426735707,0.433333333333
eb934281,oof,consensus_majority,False,5971,2.46120233719,0.214633487069,36169.433676,e009_consensus_abstention,0.314397266632,275.06924415,19.6902911462,35874.6741407,-3.33154812576e-05,-3.70416452459,1,1.12206930836,0.314397266632,0.5
eba6605e,oof,consensus_majority,False,4410,19.6330652713,-17.8086552822,1699866.48109,e009_consensus_abstention,0.549427505128,1398623.57506,48728.8728312,252514.033192,-0.00261111459811,-2.06264491633,0.8,0.945511644666,0.549427505128,0.3
ebe69318,oof,consensus_majority,False,4976,5.78066471433,-1.78080215493,166278.436669,e009_consensus_abstention,1.0082998477,15780.1714235,73421.6589483,77076.6062969,-0.00267412787325,-0.324629117904,0.733333333333,1.44240847004,1.0082998477,0.233333333333
ec0d597b,oof,consensus_majority,False,4616,16.0355770221,-9.60211674725,1186956.99567,e009_consensus_abstention,0.358631783517,425598.182064,135565.318417,625793.495188,-0.00406692564404,2.37094141107,1,0.867766564765,0.358631783517,0.5
ec13af42,oof,consensus_majority,False,5462,8.72292268884,-0.323558068804,415600.194846,e009_consensus_abstention,1.28485532573,571.815818079,289965.212378,125063.16665,0.00462100071359,0,0.6,1.41338723857,1.28485532573,0.1
ecdab904,oof,consensus_majority,False,6147,15.1754157318,-13.0491088732,1415612.56246,e009_consensus_abstention,0.974412705471,1046706.50294,38177.8014703,330728.258049,0.00140443377989,0.412168612218,0.633333333333,1.10062938195,0.974412705471,0.133333333333
ecdaf714,oof,consensus_majority,False,6592,16.8023454746,-13.4065030859,1861045.61825,e009_consensus_abstention,0.536066859101,1184808.67034,96474.8411849,579762.106717,-0.00201035088826,-0.101850396525,0.8,0.751140087243,0.536066859101,0.3
ed6436d6,oof,consensus_majority,False,2945,3.72627974241,3.53466045827,40891.7983165,e009_consensus_abstention,0.27901806242,36794.3133153,844.805796381,3252.67920477,0.000630000859372,2.81305873106,0.933333333333,0.686035333361,0.27901806242,0.433333333333
ed6e6e54,oof,consensus_majority,False,6048,12.224510188,-6.39588924383,903804.951189,e009_consensus_abstention,1.14584655349,247407.950479,6788.22949278,649608.771218,-0.000606807882053,-0.411848171341,0.666666666667,1.48648037479,1.14584655349,0.166666666667
edf885a3,oof,consensus_majority,False,3117,14.995783908,-12.3479082049,700930.808647,e009_consensus_abstention,0.509327138058,475251.599043,17956.615285,207722.594319,0.00266745855879,-0.393920634473,0.8,1.20566597015,0.509327138058,0.3
ee0300f7,oof,consensus_majority,False,4544,21.0233644099,-19.6248882291,2008365.53144,e009_consensus_abstention,0.389635803162,1750059.0655,168643.645462,89662.8204806,-0.00464427727421,2.88832199677,0.866666666667,0.792586704157,0.389635803162,0.366666666667
ee288beb,oof,consensus_majority,False,4638,29.8922226792,-23.4719737726,4144261.60196,e009_consensus_abstention,0.461318226632,2555229.8178,1469098.49808,119933.286078,-0.0132929072354,-0.472221590976,0.666666666667,0.557460677099,0.461318226632,0.166666666667
ee4aecac,oof,consensus_majority,False,5265,4.60150496722,-2.66737038591,111480.309527,e009_consensus_abstention,0.472818757525,37459.7630436,14987.0891915,59033.4572917,-0.00111007344467,-0.362971238588,0.866666666667,0.54503918648,0.472818757525,0.366666666667
eeda36f5,oof,consensus_majority,False,4797,3.45011853493,1.6411512927,57100.2159905,e009_consensus_abstention,0.719074496882,12920.1321819,1385.80501747,42794.2787911,0.000388138854196,-0.395118309984,0.766666666667,1.1381872939,0.719074496882,0.266666666667
eeed308d,oof,consensus_majority,False,3899,7.92614402418,1.31764655889,244949.8367,e009_consensus_abstention,1.30232300614,6769.4143788,163948.084293,74232.3380287,-0.00576121334122,0.0782404092177,0.633333333333,1.52513966117,1.30232300614,0.133333333333
ef04658e,oof,consensus_majority,False,4104,16.052919749,-14.6250337537,1057585.33805,e009_consensus_abstention,0.26294842526,877811.176864,110259.296553,69514.8646372,-0.00437509226794,-3.00253594012,1,0.782468029846,0.26294842526,0.5
ef8e3ed0,oof,consensus_majority,False,5224,18.4236844985,16.034592601,1773193.5542,e009_consensus_abstention,0.570516660269,1343133.02722,74192.2344574,355868.292528,0.0024989933709,-0.339702993673,0.833333333333,0.614079133193,0.570516660269,0.333333333333
efde6ac3,oof,consensus_majority,False,4559,9.64550342562,5.52087025465,424149.921945,e009_consensus_abstention,0.472733703344,138958.358153,128919.975964,156271.587829,0.00404060459238,1.3069667472,0.833333333333,0.615389302868,0.472733703344,0.333333333333
efe96181,oof,consensus_majority,False,4012,24.7114113393,23.6557698028,2449943.24773,e009_consensus_abstention,0.319249906767,2245096.9252,115065.606585,89780.7159459,0.00462404461399,3.47897226758,0.833333333333,0.54322548735,0.319249906767,0.333333333333
f0188a48,oof,consensus_majority,False,4170,7.20559402405,4.30051395201,216508.840448,e009_consensus_abstention,0.340119233019,77121.7324486,8515.92453479,130871.183465,0.00118714141218,2.96419262255,0.866666666667,0.963977775356,0.340119233019,0.366666666667
f021b650,oof,consensus_majority,False,3739,5.3730913232,3.75095850682,107945.342664,e009_consensus_abstention,0.449771807063,52606.5698626,9039.75292356,46299.0198778,-0.00144057449365,0.223308743022,0.766666666667,0.458527777537,0.449771807063,0.266666666667
f03f10fe,oof,consensus_majority,False,4145,7.56241105047,-3.13277693535,237052.802415,e009_consensus_abstention,0.590818413974,40680.237549,46294.295277,150078.269589,-0.0027929783678,-1.06222949825,0.8,0.805473320103,0.590818413974,0.3
f053a1b9,oof,consensus_majority,False,4108,9.7995944551,8.57369898898,394499.667498,e009_consensus_abstention,0.350508882971,301972.155365,14029.0044107,78498.5077227,0.00155832633241,3.90522268534,0.833333333333,1.22631922237,0.350508882971,0.333333333333
f074d277,oof,consensus_majority,False,2453,12.7836732191,-10.752003154,400874.904283,e009_consensus_abstention,0.204327047321,283580.467683,41138.879205,76155.5573945,-0.00578323133103,6.58080832901,0.833333333333,1.11566594053,0.204327047321,0.333333333333
f07d7037,oof,consensus_majority,False,5563,5.50028253006,-4.63736588352,168298.039306,e009_consensus_abstention,0.653612807432,119633.218084,12147.932594,36516.8886278,-0.000920191520295,1.80845428747,0.833333333333,1.01361108117,0.653612807432,0.333333333333
f08774c3,oof,consensus_majority,False,3900,11.5525695195,-1.98925359077,520501.263763,e009_consensus_abstention,0.31849436047,15432.8064088,290517.075501,214551.381853,-0.00766618964566,2.33584883085,1,0.707136851711,0.31849436047,0.5
f140c2fa,oof,consensus_majority,False,4082,14.3821280625,12.808932119,844343.770246,e009_consensus_abstention,0.320262820623,669728.604958,131222.126606,43393.0386821,0.00481154632345,-2.46196368445,0.833333333333,0.809271786165,0.320262820623,0.333333333333
f16e25e3,oof,consensus_majority,False,4651,3.9500652054,-2.39482982934,72569.6233551,e009_consensus_abstention,0.485340270824,26674.4612983,8992.60748936,36902.5545675,0.0010356522252,0.372119178037,0.7,0.560912454884,0.485340270824,0.2
f2d4c8c9,oof,consensus_majority,False,6249,3.20605026184,0.325715601312,64231.9605006,e009_consensus_abstention,0.288559414717,662.960490212,741.450334478,62827.5496759,-0.000190948334325,-3.89431925785,1,1.04692238486,0.288559414717,0.5
f321a31c,oof,consensus_majority,False,5141,11.3013855005,2.85022194729,656615.276461,e009_consensus_abstention,0.451816267626,41764.2766301,70599.8307709,544251.16906,0.0024970144493,0.819775354612,0.9,0.585827276609,0.451816267626,0.4
f40cd091,oof,consensus_majority,False,5166,10.5604080766,-5.66320323041,576123.782038,e009_consensus_abstention,0.322799371876,165683.284702,272582.054715,137858.442621,-0.00487088256303,2.6868300346,0.966666666667,0.748566628257,0.322799371876,0.466666666667
f439a621,oof,consensus_majority,False,2821,9.65933598126,7.5142978884,263207.11868,e009_consensus_abstention,0.353538342995,159286.841844,2143.46243669,101776.8144,0.00107039472359,3.21927932701,0.966666666667,0.970132155954,0.353538342995,0.466666666667
f49fdea3,oof,consensus_majority,False,5391,2.89968084467,0.827866904769,45328.3312641,e009_consensus_abstention,0.604754013889,3694.79523235,130.834063076,41502.7019687,-0.000100102989397,3.61145297256,0.8,1.61714665377,0.604754013889,0.3
f4d12d23,oof,consensus_majority,False,3701,26.1196546764,25.155072286,2524956.7699,e009_consensus_abstention,0.65130694858,2341910.12601,34267.0095143,148779.634379,0.00284806642335,-0.795193362874,0.766666666667,0.953096574952,0.65130694858,0.266666666667
f56d3ace,oof,consensus_majority,False,5432,6.97077992758,-5.45564543636,263950.509843,e009_consensus_abstention,0.234177327269,161678.412635,262.320013122,102009.777194,0.000140141480486,-4.33934825239,0.833333333333,0.821981625634,0.234177327269,0.333333333333
f5859199,oof,consensus_majority,False,5790,16.9882385537,-15.5997657904,1670995.44262,e009_consensus_abstention,0.204465325453,1409012.09083,503.610656838,261479.741136,-0.00017644942185,-2.05932629275,1,0.423457266823,0.204465325453,0.5
f5d8aab6,oof,consensus_majority,False,4444,12.4440801307,10.9164868754,688176.199047,e009_consensus_abstention,0.298070673077,529590.083253,94349.9449205,64236.1708736,0.00359170272446,3.47999850928,0.866666666667,1.00054096753,0.298070673077,0.366666666667
f631da6e,oof,consensus_majority,False,4093,8.1565973248,5.73073890363,272307.617108,e009_consensus_abstention,0.659126952329,134419.720786,123.807178497,137764.089144,0.000147197668852,-2.23724953669,0.833333333333,1.30052058986,0.659126952329,0.333333333333
f6824bb0,oof,consensus_majority,False,5015,19.6269837314,16.8667471712,1931870.72931,e009_consensus_abstention,0.259162048211,1426703.10809,317912.579662,187255.041561,0.00549968837634,-2.20224151421,0.833333333333,0.55062332571,0.259162048211,0.333333333333
f6bc699b,oof,consensus_majority,False,3752,8.9052488325,-3.3147766193,297546.569797,e009_consensus_abstention,0.822645262673,41226.0156224,11473.6204138,244846.93376,0.00161453190954,1.89449966383,0.733333333333,1.3252420012,0.822645262673,0.233333333333
f6d009f4,oof,consensus_majority,False,6715,29.1606981757,-13.3314909914,5710075.526,e009_consensus_abstention,0.756097307912,1193447.89855,1093325.58763,3423302.03982,-0.00658258322131,-3.83841331773,0.866666666667,1.97126165527,0.756097307912,0.366666666667
f72b268f,oof,consensus_majority,False,6404,9.49632919193,-1.77829020816,577514.437051,e009_consensus_abstention,0.522075021464,20251.4720766,490249.261621,67013.7033534,-0.00473284321219,1.0918124282,0.8,0.723899939953,0.522075021464,0.3
f8662c22,oof,consensus_majority,False,5429,10.0273450414,-6.93026499168,545873.184133,e009_consensus_abstention,0.464739954129,260747.12203,847.883185465,284278.178918,-0.000252161558089,-0.352013941408,0.766666666667,0.544184571727,0.464739954129,0.266666666667
f88ddb26,oof,consensus_majority,False,4990,44.629967249,39.1993338791,9939251.54345,e009_consensus_abstention,1.27877088668,7667573.00506,689489.495326,1582189.04307,0.00816025330918,-0.370077141058,0.7,1.77858551919,1.27877088668,0.2
f8afa78a,oof,consensus_majority,False,6032,15.8989244219,-14.7933607363,1524743.61217,e009_consensus_abstention,0.478726990238,1320064.12394,15532.6824818,189146.805744,-0.000921556277803,0.340266468379,0.766666666667,0.519290837193,0.478726990238,0.266666666667
f8f59188,oof,consensus_majority,False,4807,4.7267331591,0.142804903916,107398.02456,e009_consensus_abstention,0.616151334666,98.0303074796,20171.2481002,87128.7461518,-0.0014762021543,2.45355456022,0.9,1.37742289902,0.616151334666,0.4
f9fc81aa,oof,consensus_majority,False,5598,8.76305577078,-1.41719976249,429876.837781,e009_consensus_abstention,0.668061533655,11243.3320238,86911.669437,331721.836321,0.00243826180085,1.91312504048,0.766666666667,1.12622647671,0.668061533655,0.266666666667
fa16d114,oof,consensus_majority,False,5686,27.0328926937,23.9989966577,4155199.65608,e009_consensus_abstention,0.212627595009,3274862.16552,409670.242826,470667.24774,0.0051712740819,5.59946111904,1,1.18672637746,0.212627595009,0.5
fa31da94,oof,consensus_majority,False,5027,11.7067990951,10.1192934964,688946.052187,e009_consensus_abstention,0.189412136944,514765.30705,98030.0201728,76150.7249639,0.00304303431527,3.27515664054,1,0.596501736422,0.189412136944,0.5
fa667be2,oof,consensus_majority,False,7296,10.7006958179,9.34093645804,835427.684636,e009_consensus_abstention,0.411561154977,636598.57319,77436.9405209,121392.170926,0.00154681182008,0,0.8,0.411561154977,0.411561154977,0.3
fae0c593,oof,consensus_majority,False,4403,10.1127149033,1.21057310983,450281.612957,e009_consensus_abstention,0.520357618031,6452.54038044,212760.975266,231068.09731,-0.0054690713875,1.1320137046,0.8,0.671495236197,0.520357618031,0.3
fb03ae90,oof,consensus_majority,False,6431,43.16770895,41.3145558788,11983853.9983,e009_consensus_abstention,0.602914476273,10977025.8441,400074.226718,606753.927499,0.00424857364897,-1.55309209174,0.8,1.27015568116,0.602914476273,0.3
fb0904bd,oof,consensus_majority,False,3181,6.45247451018,6.32320637332,132439.113256,e009_consensus_abstention,0.539000028583,127185.728449,1325.76252711,3927.62227969,0.000703036722417,0,0.566666666667,0.539000028583,0.539000028583,0.0666666666667
fb3848a1,oof,consensus_majority,False,5919,7.36819975952,-4.47762380989,321344.686394,e009_consensus_abstention,0.711926811929,118670.711584,1954.77481057,200719.199999,-0.000336330680716,0,0.666666666667,0.808258218988,0.711926811929,0.166666666667
fb73b13a,oof,consensus_majority,False,5640,11.1977118717,5.87657627978,707192.556545,e009_consensus_abstention,0.177484869717,194772.599075,50094.1663231,462325.791147,-0.00183048237072,4.27590874819,0.9,0.574854052842,0.177484869717,0.4
fba7683c,oof,consensus_majority,False,407,24.0759957304,-23.949933796,235919.003156,e009_consensus_abstention,0.10476521359,233454.926834,438.973976395,2025.10234569,0.00883933732116,-21.523761925,0.833333333333,2.05666748977,0.10476521359,0.333333333333
fbd68d27,oof,consensus_majority,False,6829,24.3648281147,22.7966948495,4054000.67421,e009_consensus_abstention,0.758966422681,3548958.20281,246444.7747,258597.696702,0.00304729687139,1.4872466861,0.766666666667,1.29102767257,0.758966422681,0.266666666667
fc03f21f,oof,consensus_majority,False,4803,17.9644832417,15.865386939,1550036.92705,e009_consensus_abstention,0.156323509916,1208965.54458,121649.590011,219421.792463,0.00362975303685,6.67386073382,1,0.996003451552,0.156323509916,0.5
fc0d20b2,oof,consensus_majority,False,3954,15.2818443207,12.9261085905,923396.464134,e009_consensus_abstention,0.211553215559,660651.25614,137487.298209,125257.909784,0.00516614900596,1.68958199219,0.933333333333,0.356506407542,0.211553215559,0.433333333333
fcfcc902,oof,consensus_majority,False,2791,7.7382471272,7.27729956701,167126.387867,e009_consensus_abstention,1.01150401437,147808.817366,6767.151613,12550.4188887,0.00193265284099,-1.4011133104,0.7,1.55705559234,1.01150401437,0.2
fd3b4faa,oof,consensus_majority,False,5022,8.92293287203,5.12880534344,399845.267276,e009_consensus_abstention,0.48436752527,132101.923428,115129.316701,152614.027147,0.00330269548415,2.04202004352,0.9,0.961754680647,0.48436752527,0.4
fd710aea,oof,consensus_majority,False,4217,5.41420772252,-3.21517221603,123615.642072,e009_consensus_abstention,0.493801081182,43592.5306411,18560.3320894,61462.7793418,-0.00172336831905,-0.7424227354,0.866666666667,0.561135736141,0.493801081182,0.366666666667
fd8f77fa,oof,consensus_majority,False,5272,24.0689384255,-21.9520007679,3054142.33742,e009_consensus_abstention,0.497103091613,2540525.86044,50241.1292165,463375.347765,-0.0020284169196,1.44823481169,0.8,0.784215836235,0.497103091613,0.3
fde20ecf,oof,consensus_majority,False,4667,11.5754712167,-9.62551251518,625338.488658,e009_consensus_abstention,0.183182901418,432399.842337,72861.6767897,120076.969532,-0.00293280719089,3.18996209764,0.966666666667,0.565493554281,0.183182901418,0.466666666667
fdfd57da,oof,consensus_majority,False,5236,3.2529345808,0.128059070017,55405.1706143,e009_consensus_abstention,0.857289386283,85.8658206661,10068.8128263,45250.4919673,-0.000917445569956,0.263760210686,0.766666666667,0.944990287359,0.857289386283,0.266666666667
febb4411,oof,consensus_majority,False,4247,8.31724820811,5.90142484186,293793.095607,e009_consensus_abstention,0.492010289942,147909.484002,20082.927219,125800.684386,0.00177370238812,2.682060513,0.9,1.130392309,0.492010289942,0.4
fef8af96,oof,consensus_majority,False,3826,43.4639306939,36.0883876009,7227747.37623,e009_consensus_abstention,0.566241424619,4982874.19932,2118195.29184,126677.885072,0.021303756451,-1.92552757792,0.833333333333,1.07965391694,0.566241424619,0.333333333333
ff0aea78,oof,consensus_majority,False,3261,29.002427487,-27.0289800487,2742960.14925,e009_consensus_abstention,0.531912779493,2382374.95142,51053.7700578,309531.42777,-0.00420318353545,3.13335714317,0.866666666667,1.46746000646,0.531912779493,0.366666666667
ff8bb73a,oof,consensus_majority,False,5927,10.0298362365,4.28116064265,596242.063701,e009_consensus_abstention,0.472314243828,108632.050128,40072.7928369,447537.220736,0.00151971812792,1.91572843894,0.833333333333,0.801326616006,0.472314243828,0.333333333333
ffefef30,oof,consensus_majority,False,4570,10.7227162213,8.84495917734,525443.259251,e009_consensus_abstention,0.380083777317,357526.194019,112877.475793,55039.5894397,0.00376721127993,0.952665680295,0.833333333333,0.754676384851,0.380083777317,0.333333333333
