well_id,split,candidate,rows_scored,rmse,mean_error,sse,regime,uncertainty,datum_sse,trend_sse,shape_sse,trend_per_row
000d7d20,oof,nested_conservative_grid,3836,9.10417342966,7.41864520119,317950.59564,nested_fusion,,211119.233839,90614.6584216,16216.7033795,0.0043890645582
00bbac68,oof,nested_conservative_grid,6014,18.9928380048,9.85402819948,2169417.56339,nested_fusion,,583970.656741,939400.100842,646046.805808,0.00719897714214
00e12e8b,oof,nested_conservative_grid,4301,9.29048363511,5.35052010699,371232.583636,nested_fusion,,123129.309351,86306.2183344,161797.05595,0.00360792511384
015fe0d2,oof,nested_conservative_grid,4296,16.7352140771,-11.7463600518,1203169.50833,nested_fusion,,592749.082307,345429.457268,264990.968758,-0.00723059290814
01869cd4,oof,nested_conservative_grid,5557,10.2396329853,4.60156667736,582651.91497,nested_fusion,,117666.229079,198922.715741,266062.970149,-0.00372968560809
01982c1d,oof,nested_conservative_grid,3941,7.47623412785,4.88391434872,220278.556411,nested_fusion,,94003.1729199,14335.6317132,111939.751777,0.001676445357
028d7b28,oof,nested_conservative_grid,6234,12.1365223003,9.87601351118,918238.111884,nested_fusion,,608037.197671,3504.09825166,306696.815961,-0.00041660892457
02e7fe5a,oof,nested_conservative_grid,5108,7.85768012601,-6.04105567546,315383.943605,nested_fusion,,186413.158567,6.63644179586,128964.148597,2.44445441816e-05
0390d174,oof,nested_conservative_grid,4411,13.3560587433,10.5101239521,786853.17004,nested_fusion,,487250.99391,1050.49678978,298551.67934,-0.000383250219541
03a935ae,oof,nested_conservative_grid,2786,41.3133399112,37.5553272043,4755122.66417,nested_fusion,,3929381.64757,758343.627931,67397.3886705,0.0205140780631
044af7d1,oof,nested_conservative_grid,4519,6.15953792603,1.89155514153,171450.441822,nested_fusion,,16168.8954767,15875.5369605,139406.009384,-0.00143678350479
0498acab,oof,nested_conservative_grid,4798,6.34557810697,3.60568987291,193198.002533,nested_fusion,,62378.795407,17728.0545463,113091.152579,0.00138781253773
052d64df,oof,nested_conservative_grid,2445,9.96817464011,-6.8292231047,242946.216328,nested_fusion,,114030.614683,38184.3018057,90731.2998397,-0.00559905574171
05948241,oof,nested_conservative_grid,3879,4.19391193291,-1.38086791765,68227.3326306,nested_fusion,,7396.46248307,7583.23599926,53247.6341483,-0.00124864290573
059c8f24,oof,nested_conservative_grid,6258,8.77016734366,-2.50722888547,481339.296906,nested_fusion,,39339.0188492,230688.157627,211312.120429,-0.00336085627598
05a0ee4d,oof,nested_conservative_grid,4348,14.7853697936,7.67208250881,950503.93139,nested_fusion,,255926.975896,443069.355236,251507.600258,0.0080425207116
060ab2b8,oof,nested_conservative_grid,6258,9.77220952888,-7.66131620551,597614.46286,nested_fusion,,367318.103634,28021.3728029,202274.986423,-0.00117133735733
06df5958,oof,nested_conservative_grid,3509,3.17367991301,1.19944505292,35343.5048636,nested_fusion,,5048.28753835,1.31374113446,30293.9035841,-1.91016325945e-05
071d7b45,oof,nested_conservative_grid,3211,10.4712450265,-9.2786077695,352076.428394,nested_fusion,,276443.217032,4.48887799779,75628.7224838,4.03365812649e-05
0849b4e2,oof,nested_conservative_grid,5537,15.6203088374,10.3632991135,1350995.04474,nested_fusion,,594662.55167,569385.430181,186947.062893,0.00634427529343
084d66f9,oof,nested_conservative_grid,3885,9.4304152653,-0.0033202453114,345503.664115,nested_fusion,,0.0428283523847,9148.20789188,336355.413395,0.00136827097803
08fecf00,oof,nested_conservative_grid,5574,4.64786029257,0.940439405375,120412.921938,nested_fusion,,4929.79205786,18988.2781411,96494.851739,-0.00114705165478
09053135,oof,nested_conservative_grid,5907,14.7635639948,-13.8727974156,1287506.38854,nested_fusion,,1136828.77955,24.0802002866,150653.528786,3.74429640023e-05
09441b8d,oof,nested_conservative_grid,5488,14.1277904464,10.2386887097,1095374.41238,nested_fusion,,575311.136757,4881.37745177,515181.89817,-0.000595306564441
0955cd6c,oof,nested_conservative_grid,5195,13.3650790372,11.9853282802,927958.629205,nested_fusion,,746251.848253,83099.7956723,98606.9852797,0.00266693408035
09ec2ca9,oof,nested_conservative_grid,5885,5.08160610227,-0.664417276822,151966.710606,nested_fusion,,2597.9351199,68654.5968496,80714.1786361,0.00201050769264
0a57a29c,oof,nested_conservative_grid,5821,7.71661435465,-6.32179278231,346618.06405,nested_fusion,,232636.637442,67615.0447124,46366.381896,-0.00202822391997
0bbf5e67,oof,nested_conservative_grid,4298,15.7870335356,13.9088521871,1071192.37892,nested_fusion,,831474.615056,131787.748876,107930.014989,0.00446301696686
0be01c24,oof,nested_conservative_grid,4738,4.5077959775,0.0522931350291,96277.224035,nested_fusion,,12.9564019994,43.6072946181,96220.6603384,7.01419152268e-05
0c1b160c,oof,nested_conservative_grid,5054,9.78140617306,-6.27361821344,483546.032575,nested_fusion,,198916.774856,522.731320821,284106.526398,0.000220433215858
0d99f8e4,oof,nested_conservative_grid,5823,8.26001052611,4.36164322214,397290.32737,nested_fusion,,110776.353691,1658.2484743,284855.725205,0.000317464558083
0dc5e64d,oof,nested_conservative_grid,4879,15.1750556712,1.9363341299,1123547.41305,nested_fusion,,18293.2731397,180315.240626,924938.899283,-0.00431629006739
0dc835f3,oof,nested_conservative_grid,4428,11.0303321731,8.99498667769,538746.912914,nested_fusion,,358268.529449,812.365829586,179666.017635,0.00033508504038
0dd99dc5,oof,nested_conservative_grid,7342,8.05602007604,3.49477558013,476491.831396,nested_fusion,,89671.196562,5018.6549643,381801.979869,-0.000390088121725
0e5e560d,oof,nested_conservative_grid,3253,9.32368933121,-7.25074412097,282787.137469,nested_fusion,,171020.913371,28833.6011047,82932.6229932,0.00317039950561
109d9d70,oof,nested_conservative_grid,4215,9.60535368978,-5.63352707064,388887.784217,nested_fusion,,133769.883882,199958.569,55159.3313345,-0.00566062358911
10a1281a,oof,nested_conservative_grid,5609,13.2828287454,-13.0363648644,989615.722935,nested_fusion,,953231.650999,2.30503207074,36381.766904,-1.25199027672e-05
10b89021,oof,nested_conservative_grid,5414,9.55067878491,8.15184943485,493840.528878,nested_fusion,,359774.642815,15360.1454449,118705.740618,0.00107773234541
10be2420,oof,nested_conservative_grid,3271,6.53268363199,5.18564576109,139593.05023,nested_fusion,,87960.2057295,37148.619061,14484.2254397,0.00356895575727
113011eb,oof,nested_conservative_grid,3272,5.49228152231,0.000771582513916,98700.3914802,nested_fusion,,0.00194795109196,42672.6604353,56027.7290969,0.00382336324408
1131525f,oof,nested_conservative_grid,4159,13.0791096094,-10.5887809418,711451.466895,nested_fusion,,466316.57015,142309.252812,102825.643934,-0.00487218560423
11d0f5ac,oof,nested_conservative_grid,4883,21.8551707821,-18.9923168628,2332357.57625,nested_fusion,,1761337.6514,349182.76285,221837.162,-0.00599911164263
12203f2a,oof,nested_conservative_grid,3261,8.24538262774,5.55832275139,221703.437384,nested_fusion,,100748.437848,26687.0180096,94267.9815269,0.00303888642836
122bd617,oof,nested_conservative_grid,4570,11.22560826,-4.29220526564,575885.263293,nested_fusion,,84193.2290137,4639.43751981,487052.596759,0.000763746087569
125be846,oof,nested_conservative_grid,6510,19.9490497531,18.5970352721,2590749.45519,nested_fusion,,2251481.68314,118519.766075,220748.005976,0.0022704635708
1285a37b,oof,nested_conservative_grid,5597,9.3054931696,8.91823857438,484656.560916,nested_fusion,,445157.278972,13200.3132981,26298.9686462,0.000950494895878
1295a25b,oof,nested_conservative_grid,5551,8.60146814067,2.12602032923,410692.145925,nested_fusion,,25090.311506,69458.7321378,316143.102281,0.00220748222324
12f0cd90,oof,nested_conservative_grid,5947,9.06285151024,4.06758217042,488458.495273,nested_fusion,,98394.4513688,20775.6174589,369288.426445,0.00108873125682
137d1e44,oof,nested_conservative_grid,4554,28.529069462,-20.8993758152,3706536.14108,nested_fusion,,1989113.92371,1208642.99066,508779.22671,-0.0123922484793
13ce113d,oof,nested_conservative_grid,2966,4.43297700106,1.67632532483,58285.7115828,nested_fusion,,8334.65751974,34514.6209595,15436.4331035,-0.00398414817381
13f598d9,oof,nested_conservative_grid,7306,8.56503846667,-6.40133660506,535967.312033,nested_fusion,,299378.76808,935.422911187,235653.121041,0.00016965830613
14a53cb3,oof,nested_conservative_grid,6919,6.23372574524,-4.23037700988,268867.750398,nested_fusion,,123823.044258,294.39931596,144750.306824,0.000103274720894
14ab73fb,oof,nested_conservative_grid,3649,7.26284840664,1.61880314618,192480.980502,nested_fusion,,9562.29071153,992.746406445,181925.943384,0.000495163935644
14ad5efb,oof,nested_conservative_grid,5842,6.64422980945,3.26753799296,257899.703782,nested_fusion,,62373.8920959,71465.3099973,124060.501689,-0.00207393882275
14fee784,oof,nested_conservative_grid,4910,21.3269779048,13.0720717005,2233264.33396,nested_fusion,,839016.177444,36054.7708895,1358193.38563,-0.00191183216481
153552f5,oof,nested_conservative_grid,4695,4.23330991333,1.00394129013,84138.6857008,nested_fusion,,4732.08164536,60716.6146231,18689.9894324,0.00265332844116
1550491d,oof,nested_conservative_grid,4563,17.4520586516,16.1182193235,1389772.76443,nested_fusion,,1185453.68435,40881.0463329,163438.033751,0.00227235369961
155887bb,oof,nested_conservative_grid,5585,15.8902052234,-14.5750007591,1410204.80411,nested_fusion,,1186425.16421,62296.5681211,161483.071775,-0.00207151424902
1590af81,oof,nested_conservative_grid,3799,4.94000684596,0.512143071192,92709.5333571,nested_fusion,,996.441705879,9766.27727169,81946.8143795,0.00146201296111
15e154a1,oof,nested_conservative_grid,6068,13.7752876559,-11.6976192514,1151454.88143,nested_fusion,,830310.509041,50.8053698489,321093.567014,5.22368619387e-05
1619e2ca,oof,nested_conservative_grid,4443,8.48150468082,-4.43257624743,319611.299894,nested_fusion,,87294.8741171,4047.41215818,228269.013619,-0.000744157529094
16e4a047,oof,nested_conservative_grid,4131,5.12204821385,3.04873424556,108378.346126,nested_fusion,,38396.7382458,48940.5022617,21041.1056182,0.00288630388757
173ed841,oof,nested_conservative_grid,4883,10.392854429,-4.33849183672,527419.779402,nested_fusion,,91910.3232508,61798.8550577,373710.601093,-0.00252377573344
1770d7c6,oof,nested_conservative_grid,7240,9.33452919028,-2.82480084623,630846.070878,nested_fusion,,57771.5787031,99075.1824701,473999.309705,0.00176996719983
177622d7,oof,nested_conservative_grid,3154,6.05357926082,-0.856389524739,115580.922168,nested_fusion,,2313.15311903,63204.220664,50063.5483854,0.00491667103768
18d24f7b,oof,nested_conservative_grid,4558,4.41961965177,-1.00449199971,89031.5865947,nested_fusion,,4599.04104093,41489.7550907,42942.7904631,0.00229297641567
19137a89,oof,nested_conservative_grid,6267,9.64979043216,-5.67826047857,583573.359895,nested_fusion,,202064.637806,169486.810907,212021.911182,-0.00287454452836
1944513c,oof,nested_conservative_grid,4722,6.24466285036,-4.75879347824,184138.234249,nested_fusion,,106934.95677,124.971431371,77078.3060476,0.000119345769965
197f8a5a,oof,nested_conservative_grid,6310,21.396124834,-16.9333123509,2888681.13642,nested_fusion,,1809310.89385,239703.439726,839666.802847,-0.00338363666796
19871e7f,oof,nested_conservative_grid,5293,8.48544935595,4.73440420002,381111.089139,nested_fusion,,118640.388503,193157.545498,69313.1551379,0.00395360820013
198a5607,oof,nested_conservative_grid,6251,9.95223292091,7.54388874127,619142.42264,nested_fusion,,355746.018636,28601.8813751,234794.522629,0.00118539660964
19fb4f7b,oof,nested_conservative_grid,5620,10.1359155921,1.65086646068,577380.731088,nested_fusion,,15316.5235989,37419.8648622,524644.342627,-0.00159051314934
1a518997,oof,nested_conservative_grid,4606,11.0387178106,-10.6964945825,561256.257892,nested_fusion,,526995.473204,13191.4034549,21069.3812331,-0.00127277089182
1a68190b,oof,nested_conservative_grid,4474,15.2530855889,-12.1794767634,1040905.7178,nested_fusion,,663671.613024,480.006867265,376754.097904,-0.000253612344914
1a730ac2,oof,nested_conservative_grid,4605,8.56479917538,-4.71567237376,337803.389532,nested_fusion,,102403.991138,3653.4424923,231745.955901,0.000670034737955
1aaf1da0,oof,nested_conservative_grid,4804,5.6824476139,-1.32423479476,155122.17309,nested_fusion,,8424.28379114,85142.9280194,61554.9612794,-0.00303571100455
1b08ed48,oof,nested_conservative_grid,5618,12.6881165065,11.205009319,904432.272111,nested_fusion,,705352.449703,126051.18965,73028.6327578,0.00292073060878
1b1c5372,oof,nested_conservative_grid,4261,14.8191067837,5.7108527037,935740.850122,nested_fusion,,138967.566289,603414.240923,193359.04291,0.00967455752911
1b1eba53,oof,nested_conservative_grid,4655,64.8699823667,-59.4821189112,19588773.52,nested_fusion,,16469960.0986,2671976.55004,446836.871372,-0.017829018115
1b6ba517,oof,nested_conservative_grid,6597,4.61625855897,3.0749523574,140581.034821,nested_fusion,,62376.8252057,5020.53527195,73183.6743429,0.000458084833504
1b82b665,oof,nested_conservative_grid,3806,6.34964448033,-3.13519013218,153450.251011,nested_fusion,,37410.7617297,38039.0506227,78000.4386586,-0.00287741363169
1bcb2fcf,oof,nested_conservative_grid,4524,4.36747565828,0.17830101361,86294.5925627,nested_fusion,,143.823621579,31529.5742057,54621.1947354,-0.00202146297933
1beca81d,oof,nested_conservative_grid,5036,8.99569604079,5.23096185755,407525.947992,nested_fusion,,137799.876406,89137.9557922,180588.115794,0.00289396573373
1d3fbf02,oof,nested_conservative_grid,2694,5.89215218,3.80216308959,93528.8299993,nested_fusion,,38945.6605667,14328.9311389,40254.2382937,-0.00296552209161
1d78281a,oof,nested_conservative_grid,4949,10.8770865288,-7.24776752767,585521.195196,nested_fusion,,259971.633835,4309.56436942,321239.996992,-0.00065317738109
1e30dedf,oof,nested_conservative_grid,4071,13.2430513256,11.4490220956,713965.500651,nested_fusion,,533627.115373,43111.0047731,137227.380505,0.00276906439228
1e5e3573,oof,nested_conservative_grid,5480,7.58951054497,-0.695671539839,315651.673311,nested_fusion,,2652.09472456,116361.212133,196638.366453,0.00291288883464
1f9afacb,oof,nested_conservative_grid,5328,1.73326557883,0.505604599481,16006.4285717,nested_fusion,,1362.0286667,133.525977451,14510.8739276,-0.00010292649631
1fdbba44,oof,nested_conservative_grid,4911,5.54379993091,-0.152165439699,150933.287497,nested_fusion,,113.710870622,64016.4581113,86803.118515,-0.00254672206917
1fee2b62,oof,nested_conservative_grid,4641,10.5187485931,-6.56836893353,513499.137987,nested_fusion,,200228.846344,139371.894952,173898.396691,-0.0040903538799
20096916,oof,nested_conservative_grid,5133,5.21263115291,2.2215956917,139471.430312,nested_fusion,,25333.8569134,7193.61295423,106943.960444,-0.000798927312713
200d233d,oof,nested_conservative_grid,3926,8.81300452098,-7.37989174774,304928.685144,nested_fusion,,213820.96147,12052.1913363,79055.5323378,-0.00154595982293
201661b5,oof,nested_conservative_grid,5955,11.6139212355,-5.02626883155,803229.256294,nested_fusion,,150443.418175,455105.748919,197680.089199,-0.00508538855389
203721ab,oof,nested_conservative_grid,5730,8.60643770302,-3.62446468294,424425.511733,nested_fusion,,75273.5444829,6337.07406459,342814.893185,-0.000635774475365
20402d71,oof,nested_conservative_grid,6372,12.7877473953,11.6616645273,1041990.75252,nested_fusion,,866556.441353,7882.26817206,167552.042991,0.000604647944593
2043abc5,oof,nested_conservative_grid,6958,19.0988562027,-16.592102227,2538043.97282,nested_fusion,,1915522.48422,2.57106648216,622518.917541,-9.57019185525e-06
204cc64b,oof,nested_conservative_grid,4805,7.6155175152,4.15054269352,278671.294252,nested_fusion,,82775.7573467,142945.740779,52949.7961256,0.00393220502849
206b6193,oof,nested_conservative_grid,6535,37.7334141599,32.9607179758,9304601.90612,nested_fusion,,7099682.35414,2140115.26051,64804.2914676,0.00959269910551
2075c696,oof,nested_conservative_grid,3188,23.3238790351,-19.4431284306,1734282.62639,nested_fusion,,1205176.35522,425301.572561,103804.698607,-0.0125505185392
22c5f93f,oof,nested_conservative_grid,5172,6.7714262361,-0.306110381494,237147.647037,nested_fusion,,484.634841586,1001.51100524,235661.50119,0.000294734326848
230eaaa3,oof,nested_conservative_grid,4690,26.6089028903,-15.2787168204,3320678.11409,nested_fusion,,1094829.7902,1739738.89187,486109.432018,-0.0142256921104
2364716c,oof,nested_conservative_grid,4316,18.697598657,-16.4615777569,1508874.44394,nested_fusion,,1169564.96833,179053.603231,160255.872376,-0.00516963657378
23b9beb0,oof,nested_conservative_grid,7340,5.35024186424,2.72542633888,210108.145963,nested_fusion,,54521.1436685,1744.42903303,153842.573262,-0.000230076991698
24d8997e,oof,nested_conservative_grid,3442,7.19896840404,4.76984116692,178382.152816,nested_fusion,,78310.2663357,1349.70608729,98722.1803927,0.000630222560231
25050f63,oof,nested_conservative_grid,6124,17.5007531962,-16.1279302649,1875636.44354,nested_fusion,,1592914.46447,81777.6664256,200944.312639,-0.00206707013596
25939962,oof,nested_conservative_grid,4319,11.6392568395,-6.03011467365,585104.862736,nested_fusion,,157048.700179,131420.52314,296635.639416,-0.00442432910288
25fd32b3,oof,nested_conservative_grid,2885,4.36207777769,-3.50189084262,54894.979524,nested_fusion,,35379.4458814,17136.4214795,2379.11216306,-0.00292638856115
261785ee,oof,nested_conservative_grid,3646,19.5345309712,16.5521561133,1391305.94437,nested_fusion,,998908.737309,62195.2963649,330201.910694,0.00392413928207
264feceb,oof,nested_conservative_grid,5665,6.28956819249,5.61799091811,224099.854492,nested_fusion,,178797.72138,7274.45867828,38027.6744331,0.00069293276802
26623a50,oof,nested_conservative_grid,5735,19.3392343807,17.6152301199,2144924.33218,nested_fusion,,1779549.46504,962.924987049,364411.942153,0.000247506565904
26d3a96a,oof,nested_conservative_grid,4721,7.81897761072,-4.47294597337,288624.99575,nested_fusion,,94454.2068585,52318.2416422,141852.54725,0.00244267789244
272abef3,oof,nested_conservative_grid,4135,9.01796890732,5.84843390061,336273.760887,nested_fusion,,141434.280536,8558.65560376,186280.824747,0.00120525832615
27300fd5,oof,nested_conservative_grid,5467,13.569564121,-12.1628098546,1006655.49606,nested_fusion,,808754.869438,46.1160562096,197854.510561,5.81959951996e-05
276b012a,oof,nested_conservative_grid,4837,14.4135845093,-9.11523746297,1004893.61084,nested_fusion,,401894.498729,4848.48181781,598150.630291,0.00071701689145
27c3155b,oof,nested_conservative_grid,4958,9.04553795377,7.3049742044,405672.270577,nested_fusion,,264572.009414,31244.8337792,109855.427384,0.00175396110125
27ebb9b9,oof,nested_conservative_grid,5766,8.01922800716,-3.74931958136,370800.030812,nested_fusion,,81054.9529652,271.972520921,289473.105326,0.000130479170133
283269ac,oof,nested_conservative_grid,2626,1.18742486425,0.362522301874,3702.60172442,nested_fusion,,345.115273228,905.279379236,2452.20707196,0.000774532928113
28473855,oof,nested_conservative_grid,4290,4.47245569653,1.06003252523,85812.2692173,nested_fusion,,4820.53981498,2986.52284853,78005.2065538,-0.000673732685719
28f4eda9,oof,nested_conservative_grid,5266,6.96280888695,-1.91635530974,255299.406201,nested_fusion,,19338.9514669,63823.6079296,172136.846805,-0.00229012941115
29b24409,oof,nested_conservative_grid,5587,11.3173195168,-9.86499085819,715592.575486,nested_fusion,,543715.91536,60182.7076837,111693.952442,-0.00203497221824
29de15c8,oof,nested_conservative_grid,3431,3.67586393771,2.17773922943,46359.5885875,nested_fusion,,16271.6827075,17916.0996753,12171.8062046,0.00230717904922
2ab29395,oof,nested_conservative_grid,1852,2.6849496282,2.13694080342,13350.9837451,nested_fusion,,8457.18762707,27.864185985,4865.93193202,-0.000229431155787
2ac7cb6b,oof,nested_conservative_grid,4990,17.6652274497,7.47134193582,1557180.70163,nested_fusion,,278546.542107,366141.288859,912492.870668,0.0059465375592
2acc78d4,oof,nested_conservative_grid,4266,10.6950259088,-5.32830324735,487960.348829,nested_fusion,,121115.218905,173378.732978,193466.396945,-0.00517675093636
2b034622,oof,nested_conservative_grid,5203,4.07332828561,2.10315491607,86328.1932861,nested_fusion,,23014.224907,20086.0435201,43227.9248589,-0.00130814863347
2b06ad65,oof,nested_conservative_grid,4256,6.37268127292,-6.04948085203,172840.699476,nested_fusion,,155753.506273,1584.16681971,15503.0263838,-0.000496579357764
2b547943,oof,nested_conservative_grid,3480,8.14973329668,-4.62225661745,231135.171768,nested_fusion,,74351.0917067,81145.4448018,75638.6352596,-0.00480677559645
2be5c96a,oof,nested_conservative_grid,4210,5.9803705005,4.2773812884,150569.939871,nested_fusion,,77026.1207895,32267.2320824,41276.586999,0.00227797182331
2bff06cf,oof,nested_conservative_grid,7624,24.2937980836,-21.9860517059,4499598.0795,nested_fusion,,3685338.44436,385119.61433,429140.020814,-0.00322934254563
2c0c4a4e,oof,nested_conservative_grid,4790,6.19118370039,-3.95314807128,183604.319381,nested_fusion,,74855.148636,19499.6170434,89249.553702,-0.00145915155902
2cee0cba,oof,nested_conservative_grid,5500,7.21990895278,1.29911123511,286698.969076,nested_fusion,,9282.2950065,25076.0154221,252340.658647,-0.00134485623287
2d0c268a,oof,nested_conservative_grid,4550,10.9525160494,6.89931505886,545807.115547,nested_fusion,,216582.49468,18813.4693641,310411.151503,0.00154813198633
2d179ded,oof,nested_conservative_grid,7008,8.31960485283,3.37703859693,485064.50095,nested_fusion,,79921.9629135,13289.7566863,391852.781351,0.000680703529722
2d196986,oof,nested_conservative_grid,6474,12.0131941061,8.74530705959,934307.174449,nested_fusion,,495134.080897,332106.988629,107066.104922,0.00383239789497
2d2d0c6b,oof,nested_conservative_grid,5045,4.32108784812,2.89606614318,94199.2319646,nested_fusion,,42313.4194882,8620.5756422,43265.2368342,-0.00089756727337
2d35f86d,oof,nested_conservative_grid,4896,11.3181135291,-2.67038438053,627176.101124,nested_fusion,,34913.144614,343955.915119,248307.041391,-0.00593034432149
2d9f6cb9,oof,nested_conservative_grid,7338,7.54858682124,-3.51920447105,418127.774078,nested_fusion,,90879.6632004,212073.539254,115174.571623,-0.00253785793914
2ddad940,oof,nested_conservative_grid,5331,11.7413639705,9.41029848984,734929.676274,nested_fusion,,472079.868887,131666.062085,131183.745302,0.00322934563832
2e29e833,oof,nested_conservative_grid,5428,5.92887520808,-4.13981371125,190802.674372,nested_fusion,,93025.3764567,8227.10090596,89550.1970098,0.000785695532814
2e43c2ea,oof,nested_conservative_grid,5698,8.12921393628,-5.70418534955,376547.311326,nested_fusion,,185399.988401,48690.8724602,142456.450465,-0.00177717723147
2e63d9de,oof,nested_conservative_grid,4699,14.4268510141,7.19585349318,978021.807832,nested_fusion,,243315.664921,533217.362791,201488.780121,0.0078529820837
2ee0235b,oof,nested_conservative_grid,5556,4.83771173869,1.03285603424,130029.595239,nested_fusion,,5927.09405999,6858.19717009,117244.304009,-0.000692711277047
2f19d536,oof,nested_conservative_grid,3088,4.41781191072,-2.532629053,60268.6876983,nested_fusion,,19807.0802332,31520.6969524,8940.91051274,0.00358403806967
2f8e53c3,oof,nested_conservative_grid,2594,5.74156047763,4.92019246442,85512.5503671,nested_fusion,,62796.3143426,9334.09386137,13382.1421632,0.00253321341679
2fa01aa6,oof,nested_conservative_grid,2174,15.6184677122,11.5757658318,530318.024212,nested_fusion,,291312.422885,218965.211492,20040.3898354,0.015991489595
2fd68f7b,oof,nested_conservative_grid,4730,54.622162154,-50.127929464,14112336.2303,nested_fusion,,11885588.0474,823702.110072,1403046.07283,-0.00966460282158
2fe023be,oof,nested_conservative_grid,4221,11.8901671286,-9.11081612159,596748.409815,nested_fusion,,350372.422065,8785.98920289,237589.998547,0.00118403063595
30d75030,oof,nested_conservative_grid,3404,24.6837899062,20.16346118,2074021.40399,nested_fusion,,1383947.82765,657027.503253,33046.0730894,0.0141383291926
310c71a5,oof,nested_conservative_grid,5245,8.53152090095,-5.91195384725,381767.022393,nested_fusion,,183319.035041,5681.54513686,192766.442215,0.000687393819134
32fe84c9,oof,nested_conservative_grid,6408,23.6433768849,22.0199552943,3582131.40549,nested_fusion,,3107100.98688,125562.169554,349468.249056,0.00239296462913
33c40295,oof,nested_conservative_grid,4169,6.75321599586,-1.6388594651,190131.106689,nested_fusion,,11197.351784,103333.109678,75600.6452275,-0.00413678111726
3407f5bf,oof,nested_conservative_grid,3638,20.7455063831,12.66155434,1565708.01566,nested_fusion,,583225.818314,700634.505481,281847.691863,0.0132142451135
3417285d,oof,nested_conservative_grid,5449,32.499870903,-30.7984501748,5755460.52586,nested_fusion,,5168619.16123,35821.8963439,551019.468283,-0.00163000788366
347242c8,oof,nested_conservative_grid,3595,2.82175237535,1.57322032487,28624.4198517,nested_fusion,,8897.70477518,2807.47827468,16919.2368018,0.000851531072096
353e5502,oof,nested_conservative_grid,6062,5.4953086129,0.159545974986,183062.802345,nested_fusion,,154.30771373,24441.4481409,158467.04649,-0.0011474405614
357c12f9,oof,nested_conservative_grid,4079,4.55453518659,-2.0702330971,84613.9225342,nested_fusion,,17482.0436463,8.8903393558,67122.9885485,-3.96478140221e-05
3584a6eb,oof,nested_conservative_grid,4494,14.0609600873,12.8371951114,888511.430005,nested_fusion,,740582.341011,133977.173693,13951.9153014,0.00420878206005
35b30c7f,oof,nested_conservative_grid,9579,23.4567932666,22.5645460233,5270568.3992,nested_fusion,,4877231.54401,90357.7962335,302979.058955,0.00111069081547
35b3ef6a,oof,nested_conservative_grid,3904,18.3633917992,15.9741241557,1316484.07428,nested_fusion,,996193.996478,208128.560886,112161.516919,0.00647875809408
367456ce,oof,nested_conservative_grid,5569,7.24813188515,-3.62563150635,292569.730727,nested_fusion,,73205.6400727,2134.94563334,217229.145021,-0.000385139633915
368131f9,oof,nested_conservative_grid,4991,20.466909128,-16.0667625086,2090701.79695,nested_fusion,,1288381.01983,686329.208766,115991.56835,-0.00813908376113
368fe682,oof,nested_conservative_grid,4936,15.5106713873,-13.1500036119,1187507.4551,nested_fusion,,853545.928889,47148.2244765,286813.301739,-0.00216900511753
3690a146,oof,nested_conservative_grid,4073,10.5239362743,-7.59892659874,451097.924959,nested_fusion,,235190.03085,151273.72327,64634.1708388,-0.00518323344325
37344c2a,oof,nested_conservative_grid,5197,13.317530058,-2.36319810514,921722.285783,nested_fusion,,29023.7133616,510255.491513,382443.080909,-0.00660473503522
373ef48b,oof,nested_conservative_grid,3509,5.5360445809,-4.00718731408,107543.093713,nested_fusion,,56345.943547,3129.969843,48067.1803226,-0.000932364361799
374be387,oof,nested_conservative_grid,9965,8.80320618767,6.32646106973,772252.016455,nested_fusion,,398840.25283,30181.7038953,343230.05973,0.000604987703584
37d36812,oof,nested_conservative_grid,4367,19.2959304295,-17.3540009324,1625977.91029,nested_fusion,,1315171.60829,89278.9818808,221527.320112,-0.0035866620784
38991fd4,oof,nested_conservative_grid,4798,12.9392493359,10.7467243748,803301.183864,nested_fusion,,554131.022812,131142.842821,118027.31823,0.0037746141523
389ae58f,oof,nested_conservative_grid,6463,42.9857277503,-40.5777906302,11942155.5432,nested_fusion,,10641698.4884,985349.948326,315107.106531,-0.0066181200895
3932faa6,oof,nested_conservative_grid,5452,15.2809532162,8.46249762074,1273083.06008,nested_fusion,,390438.797329,28212.9847278,854431.278027,-0.00144537778835
398dce4b,oof,nested_conservative_grid,3166,6.27067327832,-4.32868592343,124491.373089,nested_fusion,,59322.9940938,9198.66860119,55969.7103938,-0.00186503405083
39b51819,oof,nested_conservative_grid,4231,4.06523119139,-3.25569960069,69921.9487295,nested_fusion,,44846.8225142,4649.85509471,20425.2711206,-0.000858313229783
3a0af893,oof,nested_conservative_grid,2927,16.6617807452,-13.3931678137,812578.922362,nested_fusion,,525036.31534,231686.637446,55855.9695762,-0.0105294832481
3a223519,oof,nested_conservative_grid,4583,14.2197713636,12.5018937558,926691.296856,nested_fusion,,716310.743505,179206.328152,31174.225199,0.00472653108231
3a7dd95d,oof,nested_conservative_grid,3072,12.4649438003,9.41361187958,477311.459155,nested_fusion,,272228.624239,16899.4950158,188183.339901,-0.00264481739555
3a824aa7,oof,nested_conservative_grid,4201,9.23008558093,8.0790034854,357902.009771,nested_fusion,,274200.519029,20317.0659098,63384.4248325,-0.00181339372157
3a86fe8d,oof,nested_conservative_grid,5118,7.55523357578,5.54118801798,292143.39534,nested_fusion,,157146.985482,44725.4573967,90270.9524618,0.00200086415648
3aaa2b30,oof,nested_conservative_grid,4711,13.5549039196,-10.6328077916,865577.564885,nested_fusion,,532609.649819,257407.296638,75560.6184273,-0.00543539866311
3ac16ad0,oof,nested_conservative_grid,5649,8.82164129287,-2.93896581103,439612.834961,nested_fusion,,48793.3506968,3038.6967225,387780.787541,0.000449755979959
3b21ea64,oof,nested_conservative_grid,7376,7.2920160058,-2.42481008757,392207.717036,nested_fusion,,43368.6964147,18618.5397247,330220.480896,-0.000746160187365
3bbe1f5d,oof,nested_conservative_grid,6918,15.3799470242,-14.5307489198,1636402.8861,nested_fusion,,1460684.95072,2383.89206867,173334.043302,-0.000293942975028
3bfee975,oof,nested_conservative_grid,3603,7.87504711982,-0.533293052863,223444.970803,nested_fusion,,1024.69853327,1686.94684588,220733.325424,-0.000657877367411
3c3dbcbc,oof,nested_conservative_grid,5069,9.3735430133,0.497352123033,445379.111406,nested_fusion,,1253.86345169,264816.867839,179308.380116,-0.00493946618816
3d96d897,oof,nested_conservative_grid,5659,3.22261175239,-0.112346857776,58769.996801,nested_fusion,,71.4268593021,903.796751869,57794.7731899,-0.000244633808762
3df4b19e,oof,nested_conservative_grid,4988,5.84972533541,2.80228870949,170685.801061,nested_fusion,,39169.8761926,35718.2609236,95797.6639443,0.00185842961389
3e011332,oof,nested_conservative_grid,2723,17.8696935503,-9.95866759717,869524.555262,nested_fusion,,270053.689227,229939.255792,369531.610243,-0.0116903025493
3e678ea7,oof,nested_conservative_grid,6858,11.2122056524,-9.40055357282,862143.564249,nested_fusion,,606044.254467,5561.2753981,250538.034384,-0.000454864043361
3ef6372a,oof,nested_conservative_grid,4727,7.37990996679,-3.79998610677,257446.937174,nested_fusion,,68257.3808838,50912.2447006,138277.31159,0.00240504580424
3ef98781,oof,nested_conservative_grid,3892,9.30188346297,8.12706353348,336755.439951,nested_fusion,,257063.337248,2603.18464266,77088.9180606,0.000727920376611
3f603129,oof,nested_conservative_grid,5051,16.8482759834,-12.3236372135,1433799.10264,nested_fusion,,767105.644598,2840.07411026,663853.383934,-0.000514267897862
404c4384,oof,nested_conservative_grid,911,6.86675843251,-5.93866771643,42955.8103185,nested_fusion,,32128.9423383,9869.57754758,957.290432588,-0.0125159148861
4121c517,oof,nested_conservative_grid,3723,9.4832543357,-4.73358164438,334817.255938,nested_fusion,,83420.4984699,69251.3798758,182145.377592,0.00401296433576
41fb0192,oof,nested_conservative_grid,2973,4.26924205638,3.84131882991,54187.169659,nested_fusion,,43868.7863394,12.3048031988,10306.0785164,7.49610428554e-05
42669188,oof,nested_conservative_grid,4282,19.0002879072,16.9419882202,1545848.84747,nested_fusion,,1229066.5915,111637.224041,205145.03193,0.00413071426878
42c538a1,oof,nested_conservative_grid,3279,30.3016291197,-26.3560766974,3010740.83683,nested_fusion,,2277733.67195,438122.886255,294884.278629,-0.0122117101682
43b06c70,oof,nested_conservative_grid,4846,5.6582873658,3.40585021486,155150.582319,nested_fusion,,56212.7068148,30966.5674572,67971.3080472,0.00180701622274
43c7f85a,oof,nested_conservative_grid,5978,10.8832022276,8.59410334321,708058.774369,nested_fusion,,441526.784173,52375.0527852,214156.937411,0.00171521671339
43e16325,oof,nested_conservative_grid,3720,39.8837644884,-32.1201675979,5917458.57154,nested_fusion,,3837943.21943,2056079.26412,23436.0879833,-0.0218925401814
44441e54,oof,nested_conservative_grid,4357,6.2227919248,-5.0861057872,168716.718101,nested_fusion,,112708.932846,156.11350189,55851.6717531,0.000150497583785
445af6c2,oof,nested_conservative_grid,6041,32.7871514473,29.8467170822,6494058.68946,nested_fusion,,5381483.01085,762314.624344,350261.054271,0.00644161109278
4463446c,oof,nested_conservative_grid,3256,15.8363402764,-12.6591053355,816571.176424,nested_fusion,,521783.598344,220206.843362,74580.7347182,-0.00874942383452
44a94013,oof,nested_conservative_grid,4903,23.8347532058,21.1436599401,2785372.04225,nested_fusion,,2191907.50582,68416.627106,525047.909323,0.00263923840453
45fb3e21,oof,nested_conservative_grid,3649,21.4752385607,15.5511712837,1682867.24414,nested_fusion,,882470.249347,680974.109986,119422.884812,0.0129686611997
460f859e,oof,nested_conservative_grid,3336,19.7343313467,3.64504486084,1299184.62922,nested_fusion,,44323.2703973,560040.622097,694820.736728,0.0134543073434
4630ab92,oof,nested_conservative_grid,3373,11.3493383865,8.41915294603,434467.636152,nested_fusion,,239085.445836,99425.0678632,95957.1224523,0.00557588847046
463c38f2,oof,nested_conservative_grid,4460,8.82006812156,-3.73158925748,346959.463444,nested_fusion,,62104.422404,120874.180004,163980.861035,-0.00404347829612
4654e7de,oof,nested_conservative_grid,5373,5.45298708806,2.5203692303,159766.521345,nested_fusion,,34130.6986596,51.1498888589,125584.672797,6.29053693828e-05
466fc788,oof,nested_conservative_grid,6197,16.6097607388,-13.5729234128,1709654.08871,nested_fusion,,1141637.67706,102238.484236,465777.927411,-0.00227052132662
46a301e9,oof,nested_conservative_grid,8226,14.3930725652,13.6902195931,1704102.5845,nested_fusion,,1541734.29748,27.080179634,162341.206843,-2.41620255321e-05
46a7190b,oof,nested_conservative_grid,4215,14.2041275693,-10.8628418588,850406.766615,nested_fusion,,497375.619642,254692.138683,98339.0082911,-0.00638854615745
46d24a09,oof,nested_conservative_grid,4449,19.7504177289,-17.0336981975,1735461.47308,nested_fusion,,1290863.44369,33435.9212253,411162.108159,-0.00213453692531
46d41ff6,oof,nested_conservative_grid,7901,7.61018461892,4.0544050167,457585.703389,nested_fusion,,129878.218511,5099.61080042,322607.874077,0.000352237872975
46dfcfca,oof,nested_conservative_grid,3606,18.3911963811,-17.0322535942,1219679.3922,nested_fusion,,1046092.17096,83742.6443149,89844.5769226,-0.00462940729127
47222616,oof,nested_conservative_grid,4406,12.2846745826,-8.99806143102,664923.68962,nested_fusion,,356732.272529,179156.115204,129035.301887,-0.0050134849242
47ee27ab,oof,nested_conservative_grid,6397,7.88429693282,-2.51621132495,397651.197585,nested_fusion,,40501.4504052,114579.207766,242570.539413,0.00229181210935
481de5fc,oof,nested_conservative_grid,5952,17.2936132776,16.0298998318,1780059.04628,nested_fusion,,1529412.16265,14902.7385019,235744.145127,0.000920935651523
48c1f673,oof,nested_conservative_grid,2917,24.342952856,-22.1441270189,1728553.97488,nested_fusion,,1430387.00829,163999.472274,134167.494317,-0.00890445267612
4936af16,oof,nested_conservative_grid,3991,10.0774395143,8.60433205149,405305.155576,nested_fusion,,295471.809439,55877.609901,53955.7362365,0.00324778263691
493b5b31,oof,nested_conservative_grid,4671,30.0284840367,-25.667690173,4211886.7259,nested_fusion,,3077396.41919,985480.622534,149009.684182,-0.0107720876036
49dbc14c,oof,nested_conservative_grid,3872,8.70759792111,7.7373914639,293583.796744,nested_fusion,,231805.901649,38971.561948,22806.3331463,0.00283832106705
4a035ec2,oof,nested_conservative_grid,2588,17.8627388579,14.181068355,825772.413438,nested_fusion,,520453.786793,275833.141864,29485.4847806,0.0138187089747
4a335117,oof,nested_conservative_grid,5015,11.7949878302,-3.01779310947,697695.515647,nested_fusion,,45671.9823865,52576.0216498,599447.511611,0.00223654729259
4a8ecc0b,oof,nested_conservative_grid,5809,17.4032062163,-13.5516452712,1759381.0466,nested_fusion,,1066805.94324,216463.055069,476112.048294,-0.00364024368003
4b462989,oof,nested_conservative_grid,3106,6.67104945813,1.15883919628,138226.010111,nested_fusion,,4171.07312649,62925.9548755,71128.9821089,-0.00501999605324
4b831d20,oof,nested_conservative_grid,7312,13.037346683,8.70033266138,1242838.25119,nested_fusion,,553487.604917,222109.400608,467241.245663,0.0026110778646
4c2208f5,oof,nested_conservative_grid,5384,28.6699038645,-26.3194377323,4425450.87883,nested_fusion,,3729565.72889,29288.0767834,666597.07316,-0.00150064678079
4c3168cf,oof,nested_conservative_grid,4334,4.78430342213,-3.207217212,99203.3497246,nested_fusion,,44580.5738895,18738.984331,35883.7915041,0.00166199723962
4c3df468,oof,nested_conservative_grid,5392,13.5835728794,-10.125277285,994896.534099,nested_fusion,,552794.526605,23999.1982455,418102.809248,0.0013553896714
4caa7289,oof,nested_conservative_grid,5396,18.553300822,-16.8482945268,1857437.94563,nested_fusion,,1531735.69358,271473.135293,54229.1167537,-0.00455350846571
4cd1ac61,oof,nested_conservative_grid,4489,12.6001084139,-12.0990178825,712685.904138,nested_fusion,,657127.803169,37486.0271308,18072.0738379,-0.00222997982167
4cecf7b3,oof,nested_conservative_grid,6019,13.3899083898,10.404864005,1079144.38341,nested_fusion,,651624.132474,21266.6494323,406253.601508,0.00108181662202
4ddde4c1,oof,nested_conservative_grid,4472,3.58202700968,-0.830886465308,57379.8630514,nested_fusion,,3087.34500713,18641.2746411,35651.2434032,-0.00158152384418
4e050c92,oof,nested_conservative_grid,3705,7.7726489124,5.93591363524,223834.133483,nested_fusion,,130545.936888,50457.3902169,42830.8063779,0.00345041006781
4ed93db6,oof,nested_conservative_grid,4657,7.50072096437,3.25733847851,262006.615387,nested_fusion,,49411.9527085,193432.446762,19162.2159163,0.00479397691946
4f3eb9e9,oof,nested_conservative_grid,4697,29.6086945064,-20.3266068932,4117741.49039,nested_fusion,,1940663.94177,1870839.20718,306238.341435,-0.0147189904667
4f4ac5ce,oof,nested_conservative_grid,5162,7.58337223534,-0.844811538834,296853.892881,nested_fusion,,3684.15313959,164626.352679,128543.387062,-0.00378977397493
4f4afcc6,oof,nested_conservative_grid,5645,8.60844106753,-1.04056228781,418324.179226,nested_fusion,,6112.23594329,183834.556521,228377.386761,0.00350193665715
4f69febf,oof,nested_conservative_grid,5460,12.5169586463,-11.7132908267,855441.425494,nested_fusion,,749118.453666,58966.848327,47356.1235011,-0.00208499791165
4fbe9c06,oof,nested_conservative_grid,6287,10.9522003878,6.0898779671,754130.008989,nested_fusion,,233163.540044,10344.7002518,510621.768693,0.000706780230925
504c8b08,oof,nested_conservative_grid,6367,21.8353206079,20.3915073725,3035666.06627,nested_fusion,,2647485.01879,272643.767259,115537.280215,0.00356029628064
511e1db0,oof,nested_conservative_grid,3821,5.06853248711,-4.52178567778,98161.5724301,nested_fusion,,78126.2511801,6224.14385927,13811.1773907,-0.00115708401092
512943b2,oof,nested_conservative_grid,5029,6.83008089885,5.4166361105,234602.875572,nested_fusion,,147550.592224,48039.9308108,39012.3525371,0.00212896913282
5138a660,oof,nested_conservative_grid,3559,5.12371399485,1.37855971402,93432.4521147,nested_fusion,,6763.6192841,58073.2345257,28595.5983048,0.00393175697624
516088b7,oof,nested_conservative_grid,6645,6.26816738169,-2.08947000641,261081.533849,nested_fusion,,29011.3052116,16277.8014511,215792.427186,0.000815917077982
521a7819,oof,nested_conservative_grid,5200,31.6051120568,30.0768254011,5194192.16223,nested_fusion,,4704000.21629,179801.89135,310390.054591,0.00391726311728
5254b6db,oof,nested_conservative_grid,3274,9.12309716168,-8.84045867042,272497.972563,nested_fusion,,255875.244914,2190.06376521,14432.6638839,-0.000865368356602
529e88ca,oof,nested_conservative_grid,3417,17.0631487568,-10.5698313487,994863.122465,nested_fusion,,381751.800808,371289.402485,241821.919172,-0.0105676750428
52f1e77a,oof,nested_conservative_grid,4442,8.26801912423,2.8055788678,303655.74294,nested_fusion,,34964.193704,4348.99567368,264342.553562,0.000771644545284
5305524b,oof,nested_conservative_grid,4898,15.5381682735,13.3716959544,1182547.0298,nested_fusion,,875773.433705,180326.0953,126447.500793,0.00429132839479
53134831,oof,nested_conservative_grid,5126,20.9938847119,20.3055812114,2259249.61908,nested_fusion,,2113535.03683,90314.91209,55399.6701638,0.00283662848879
5397ceb1,oof,nested_conservative_grid,5255,8.23081680629,0.401275570372,356007.044545,nested_fusion,,846.171048149,209742.154656,145418.718841,-0.00416461072213
53f23031,oof,nested_conservative_grid,8550,7.35350820099,-2.61310241399,462333.408471,nested_fusion,,58382.0011325,282294.957696,121656.449642,-0.00232805381057
543198e8,oof,nested_conservative_grid,6503,20.1882620326,-8.133489689,2650401.20311,nested_fusion,,430197.21535,315835.596738,1904368.39102,0.00371236385256
54753541,oof,nested_conservative_grid,4026,16.6649607671,-1.59295898476,1118104.41333,nested_fusion,,10216.048785,620012.63816,487875.726386,-0.0106777623725
54a7e3c2,oof,nested_conservative_grid,6155,12.9065171984,-11.846010012,1025288.73602,nested_fusion,,863718.551975,843.086235411,160727.09781,0.000208297732495
5542c301,oof,nested_conservative_grid,3591,10.6675426997,-9.13283335027,408643.113892,nested_fusion,,299520.444209,34221.8274944,74900.8421892,0.00297796185861
5567d551,oof,nested_conservative_grid,6889,9.45483726514,5.00057085749,615834.905776,nested_fusion,,172264.328617,157598.951678,285971.62548,-0.00240509930393
55efee7f,oof,nested_conservative_grid,4801,22.9762308532,13.3335495245,2534482.39144,nested_fusion,,853538.789575,120662.486203,1560281.11566,-0.00361725568829
5663b2b7,oof,nested_conservative_grid,4972,19.0038301743,12.9479462608,1795615.73076,nested_fusion,,833552.381114,442975.131514,519088.218133,-0.00657633040534
5693dde2,oof,nested_conservative_grid,3488,9.36261569128,8.42962583331,305753.101168,nested_fusion,,247852.367814,14439.3546739,43461.3786804,0.00202069058766
56b00794,oof,nested_conservative_grid,6065,22.4840884518,-19.3598860143,3066065.12622,nested_fusion,,2273193.45604,514295.780842,278575.889339,-0.00525957802118
57796579,oof,nested_conservative_grid,5890,22.4150071138,-20.8329705107,2959327.68363,nested_fusion,,2556334.56915,119940.339046,283052.77543,-0.00265399636181
577eec7c,oof,nested_conservative_grid,4539,13.4798034952,-6.61871663437,824759.459204,nested_fusion,,198841.833473,263762.650959,362154.974772,0.00581777617746
57f05c51,oof,nested_conservative_grid,4771,44.5813211827,-41.0224747965,9482334.82055,nested_fusion,,8028846.04474,648919.1638,804569.612015,-0.00846782370448
58850d2c,oof,nested_conservative_grid,4995,18.8750866255,17.9394577893,1779563.13113,nested_fusion,,1607511.60815,62718.16624,109333.356745,0.00245744648343
58fa8486,oof,nested_conservative_grid,4475,12.618611554,8.56574572128,712551.37504,nested_fusion,,328339.698934,308129.89707,76081.7790364,0.00642344476251
591cc951,oof,nested_conservative_grid,4609,16.6301022372,14.3295168583,1274666.42464,nested_fusion,,946389.261091,227538.476512,100738.687032,0.00528090061202
593876b6,oof,nested_conservative_grid,4842,7.8193442264,-4.71161773261,296050.261882,nested_fusion,,107489.212309,30607.8377692,157953.211804,0.00179874574674
59f8b2e8,oof,nested_conservative_grid,3747,9.95176636135,8.61331241729,371094.088454,nested_fusion,,277986.748039,3738.66573173,89368.6746834,-0.000923471331225
5a1a8fd8,oof,nested_conservative_grid,5260,18.2077053899,16.5641060827,1743798.01707,nested_fusion,,1443184.15027,178.516447926,300435.350344,-0.00012132523272
5a5269a9,oof,nested_conservative_grid,6513,7.04532450154,3.83695169437,323283.158423,nested_fusion,,95885.6775599,69126.1509159,158271.329947,0.0017327671201
5a5d1982,oof,nested_conservative_grid,3894,6.75781925019,0.0988352683575,177831.663245,nested_fusion,,38.0381895965,116706.509223,61087.1158319,-0.0048701715143
5a63b5d1,oof,nested_conservative_grid,6217,16.4941644741,13.8708654264,1691381.23938,nested_fusion,,1196156.44303,47202.4840724,448022.312275,0.0015353300663
5aa03df7,oof,nested_conservative_grid,4871,5.90860882015,-0.638248437905,170054.687041,nested_fusion,,1984.2557646,12942.3517673,155128.079509,-0.00115923113651
5aa403d0,oof,nested_conservative_grid,3118,21.7989479865,-20.1394877584,1481655.30769,nested_fusion,,1264657.57964,140744.951596,76252.7764537,-0.00746436541708
5aef5c6c,oof,nested_conservative_grid,3121,9.61660544222,1.7956629141,288627.271822,nested_fusion,,10063.3689447,1014.13959805,277549.763279,0.000632701497792
5b7b6324,oof,nested_conservative_grid,6564,17.9147629913,-13.6842805291,2106641.84364,nested_fusion,,1229171.57855,677585.16223,199885.10286,-0.00536191238362
5bd25f59,oof,nested_conservative_grid,4210,9.80646644166,9.30027368792,404862.160941,nested_fusion,,364144.331722,132.283147982,40585.546071,-0.000145854472936
5beded95,oof,nested_conservative_grid,3057,14.8080615581,13.1859066045,670334.946487,nested_fusion,,531514.882528,7856.26143015,130963.802528,0.00181658386155
5cb483ac,oof,nested_conservative_grid,3852,5.6955511459,2.19466566012,124956.1946,nested_fusion,,18553.3789495,43040.0774363,63362.7382137,-0.00300606067332
5cdd8dbc,oof,nested_conservative_grid,4010,17.017228681,-10.0791008545,1161240.14864,nested_fusion,,407368.978878,702682.886387,51188.283376,-0.0114354633378
5d11dfb5,oof,nested_conservative_grid,5895,11.0581693365,-5.19827882734,720858.927991,nested_fusion,,159295.29581,584.941253301,560978.690928,-0.000185106232135
5d7198fd,oof,nested_conservative_grid,3368,13.3209735214,7.80778665002,597645.994161,nested_fusion,,205318.44103,292589.588241,99737.9648896,0.00958654139274
5def1ce5,oof,nested_conservative_grid,6443,7.63153000764,0.446525997265,375241.93241,nested_fusion,,1284.64055895,2601.38216476,371355.909686,0.000341633547306
5eae34a8,oof,nested_conservative_grid,4904,6.72611675531,0.519392761683,221860.130956,nested_fusion,,1322.94639572,54643.5803362,165893.604224,0.00235794957503
5f4d2a52,oof,nested_conservative_grid,5225,53.0481093177,-43.552035237,14703682.4389,nested_fusion,,9910674.3154,4203850.60936,589157.514117,-0.0188054974461
5f6756c5,oof,nested_conservative_grid,5931,5.89561105253,-0.608838731651,206151.060248,nested_fusion,,2198.53036947,66759.4595973,137193.070281,0.00195954458539
5f75f796,oof,nested_conservative_grid,5562,7.77924468481,-5.74452584089,336593.595431,nested_fusion,,183543.648034,86575.7384171,66474.2089803,-0.00245720989459
5fb1c15f,oof,nested_conservative_grid,2860,18.6890011738,-17.0585531222,998937.267541,nested_fusion,,832243.51102,56646.4128976,110047.343623,-0.00539048456323
5fffa282,oof,nested_conservative_grid,4201,3.73280433626,-2.69572119342,58536.012322,nested_fusion,,30528.300474,152.58767826,27855.1241698,-0.000157152518555
60e37807,oof,nested_conservative_grid,2699,19.427287164,-10.4341518586,1018655.1942,nested_fusion,,293844.245998,585852.736587,138958.211619,-0.0189095222908
61f27424,oof,nested_conservative_grid,6220,3.83659788781,-2.41429150143,91555.1864541,nested_fusion,,36255.1574832,11850.2340232,43449.7949476,0.000768720592526
62569ae3,oof,nested_conservative_grid,3588,8.850833323,6.08222706965,281074.054835,nested_fusion,,132732.628223,107029.28029,41312.1463225,0.00527306701597
62a6f539,oof,nested_conservative_grid,3693,9.11787183912,7.06024471909,307019.722328,nested_fusion,,184085.175937,4751.47868259,118183.067708,-0.00106398638347
633774dc,oof,nested_conservative_grid,6233,15.8054314998,-12.0870164605,1557076.1073,nested_fusion,,910616.161786,405343.625603,241116.319907,-0.00448184272252
63559d57,oof,nested_conservative_grid,4069,4.24017909363,2.51618336043,73157.0341778,nested_fusion,,25761.5661437,140.191071502,47255.2769626,-0.000158022627585
647f2a41,oof,nested_conservative_grid,3881,12.1463418299,10.3244041944,572577.978634,nested_fusion,,413688.682561,65208.3884465,93680.9076263,0.00365870089768
65156b96,oof,nested_conservative_grid,3221,5.2491428609,0.649582663526,88749.8259934,nested_fusion,,1359.12554798,24311.9872581,63078.7131873,-0.00295470948596
653612bc,oof,nested_conservative_grid,4605,5.43598446928,-5.03201590864,136077.414527,nested_fusion,,116604.052803,2972.71221587,16500.6495084,-0.000604397438886
656a067b,oof,nested_conservative_grid,3051,13.7014691427,-0.0793658333083,572765.013099,nested_fusion,,19.2180522005,267372.563502,305373.231545,0.0106288371948
65a5466a,oof,nested_conservative_grid,4683,11.6313629351,-5.71073790942,633556.531255,nested_fusion,,152724.466142,125769.038255,355063.026857,0.00383346291476
660d9546,oof,nested_conservative_grid,4732,13.6489271604,11.855865639,881539.482158,nested_fusion,,665137.254832,61536.4689904,154865.758336,0.00263991421797
6767c111,oof,nested_conservative_grid,6783,18.6177496555,-16.3949898298,2351127.54495,nested_fusion,,1823241.17556,85477.0634523,442409.305935,-0.00181293694344
67847288,oof,nested_conservative_grid,7429,9.8218594081,8.04234068526,716667.623265,nested_fusion,,480502.101431,13326.8067498,222838.715084,0.000624536952155
67a8da4a,oof,nested_conservative_grid,4911,9.72938287836,-5.53751213813,464879.636652,nested_fusion,,150591.103779,3325.92525684,310962.607616,0.000580486298591
684a6fc1,oof,nested_conservative_grid,9818,14.6056994118,-11.5787393915,2094439.13822,nested_fusion,,1316271.82748,1447.11043893,776720.200294,-0.000135458705758
698930d1,oof,nested_conservative_grid,4741,9.80261345909,-5.00699447067,455568.524409,nested_fusion,,118856.839796,204047.836878,132663.847735,-0.00479348858262
699ea575,oof,nested_conservative_grid,4120,7.57396491143,-3.78610742386,236343.571256,nested_fusion,,59058.590831,89815.7961082,87469.1843165,-0.00392573675081
69c1bdad,oof,nested_conservative_grid,2714,10.78795627,-5.25362902221,315855.321312,nested_fusion,,74908.0769888,2902.14812236,238045.096201,-0.00131988372814
69e41fa6,oof,nested_conservative_grid,5772,5.71985122675,4.07700758981,188840.78118,nested_fusion,,95942.131402,4163.30260219,88735.3471761,0.000509706456514
6a0ff78e,oof,nested_conservative_grid,6465,13.8064398886,8.95694553944,1232343.9632,nested_fusion,,518666.736508,468198.773001,245478.45369,0.00455987534127
6a8fa194,oof,nested_conservative_grid,3017,12.1499308644,-11.2610975831,445372.013968,nested_fusion,,382592.765744,35334.2394576,27445.0087658,-0.00392939380004
6ae68655,oof,nested_conservative_grid,4204,5.61666261762,-2.101909214,132623.163228,nested_fusion,,18573.3659337,703.926365584,113345.870929,-0.000337178745335
6d1d74e1,oof,nested_conservative_grid,5830,16.2209739734,10.0602250471,1533989.58044,nested_fusion,,590043.386232,806814.142101,137132.052105,0.00698995771129
6d590e26,oof,nested_conservative_grid,6096,8.20242624805,0.445061631617,410137.638578,nested_fusion,,1207.49480179,89947.0316518,318983.112125,0.00218281339016
6d6d93af,oof,nested_conservative_grid,3595,31.3699240207,27.391093611,3537739.31837,nested_fusion,,2697227.8731,17939.2112274,822572.234038,0.00215250401163
6dbe4b60,oof,nested_conservative_grid,4648,7.02540872122,-2.44718817852,229408.397071,nested_fusion,,27835.6169521,445.116277511,201127.663841,-0.000230636581429
6e6d122c,oof,nested_conservative_grid,5632,9.18145700784,-4.5549405941,474772.828495,nested_fusion,,116849.82885,120928.288347,236994.711298,-0.00285010338249
6e9ccd38,oof,nested_conservative_grid,8282,11.085405581,2.20876260583,1017743.64832,nested_fusion,,40404.8322855,440693.498772,536645.317265,0.00305109765983
6ea22614,oof,nested_conservative_grid,5971,7.71503278307,3.91988831495,355404.254869,nested_fusion,,91747.5462024,13557.3119091,250099.396757,0.000874191976768
6ede926a,oof,nested_conservative_grid,4938,5.49629984618,-1.09233833926,149173.582652,nested_fusion,,5892.0366481,41847.2883459,101434.257658,-0.00204219714295
708caea9,oof,nested_conservative_grid,6548,34.5841484605,-32.0615429055,7831822.65037,nested_fusion,,6730967.70922,525977.265227,574877.675924,-0.00474144927026
70925e23,oof,nested_conservative_grid,5947,11.8991600964,10.225487306,842035.795413,nested_fusion,,621821.832568,6415.92541412,213798.037431,0.000605025075745
70e1788b,oof,nested_conservative_grid,9285,13.480513164,12.2902749283,1687309.52351,nested_fusion,,1402507.21479,17703.8552731,267098.453456,-0.000515171333332
71642c7d,oof,nested_conservative_grid,4648,8.2969785896,-1.16231412809,319967.640073,nested_fusion,,6279.32776717,79135.8016623,234552.510643,0.00307523250947
71ccf778,oof,nested_conservative_grid,2698,3.96586751392,0.727481559475,42434.4276622,nested_fusion,,1427.86097348,14262.8504706,26743.7162181,0.00295209887608
7224331b,oof,nested_conservative_grid,6063,4.85060155726,1.96426834635,142652.297938,nested_fusion,,23393.1768775,11709.5895753,107549.531485,0.00079401757106
722cf0d8,oof,nested_conservative_grid,5143,10.4434025607,0.523134963563,560919.531182,nested_fusion,,1407.48578769,231277.500704,328234.54469,-0.00451681743819
7256229b,oof,nested_conservative_grid,5415,6.3171969806,-1.25632333625,216096.284201,nested_fusion,,8546.75618092,3410.70454848,204138.823471,0.000507709148583
726f3dc2,oof,nested_conservative_grid,6723,6.0672058563,1.95771887826,247480.264947,nested_fusion,,25766.9947359,41649.3266516,180063.943559,-0.00128247808674
7271dd80,oof,nested_conservative_grid,4340,2.4198482297,-0.859219955345,25413.5880737,nested_fusion,,3204.04376342,503.327340677,21706.2169696,0.000271819933078
727a3a10,oof,nested_conservative_grid,4397,16.7257843363,15.5497533109,1230068.93573,nested_fusion,,1063171.85884,83746.0566789,83151.0202111,0.00343825528469
729665c0,oof,nested_conservative_grid,4263,9.9978281463,-7.22235064211,426114.847862,nested_fusion,,222368.092924,19822.5078622,183924.247076,-0.00175225349702
729e9750,oof,nested_conservative_grid,5919,8.28398623141,-3.84129052961,406187.988635,nested_fusion,,87337.8810497,687.895464824,318162.21212,0.000199516741072
729f4217,oof,nested_conservative_grid,6195,19.7724110487,18.9704483056,2421924.33861,nested_fusion,,2229443.64574,1335.4664613,191145.226409,-0.000259624190518
72dd8501,oof,nested_conservative_grid,5193,6.10332311195,-2.95150734702,193442.121775,nested_fusion,,45238.2774522,106906.207786,41297.6365368,-0.00302666677517
73348914,oof,nested_conservative_grid,4221,6.73822886119,-5.17199960523,191649.136672,nested_fusion,,112909.976827,56.9594859575,78682.2003588,9.53346195141e-05
739a914f,oof,nested_conservative_grid,5505,10.4196933475,-0.657876045509,597677.902059,nested_fusion,,2382.56890636,367391.972713,227903.36044,0.00514066705328
73b1447d,oof,nested_conservative_grid,5670,18.4466486132,-13.4951966112,1929381.05148,nested_fusion,,1032622.28003,401409.469872,495349.301584,-0.00514055308587
74b6186b,oof,nested_conservative_grid,3405,5.37745899962,-4.87853735136,98462.6073212,nested_fusion,,81039.4313746,1120.55172513,16302.6242215,-0.000583621015126
75c20ec7,oof,nested_conservative_grid,5361,8.38077726444,0.780710023969,376542.849129,nested_fusion,,3267.57314672,75851.1162797,297424.159702,0.00243054075699
75cd5f11,oof,nested_conservative_grid,4946,4.23531787624,-0.146018188154,88720.9400185,nested_fusion,,105.45520555,49447.228763,39168.25605,0.00221452425988
75d20a82,oof,nested_conservative_grid,5067,18.7852364428,11.984789408,1788068.84331,nested_fusion,,727799.442638,563380.827775,496888.572895,-0.00720883867796
76201745,oof,nested_conservative_grid,4448,10.4879505519,6.84471532147,489267.130951,nested_fusion,,208389.368597,64700.6236475,216177.138706,0.00297028211051
764072a5,oof,nested_conservative_grid,2949,6.35103980645,-4.17896967057,118949.998832,nested_fusion,,51500.7093599,133.020062163,67316.2694096,-0.000249480762302
77b0d905,oof,nested_conservative_grid,4174,6.78306578756,-6.23972653531,192045.66269,nested_fusion,,162511.297521,6247.41806574,23286.9471042,-0.00101534177004
77e4821c,oof,nested_conservative_grid,5393,13.3301203678,-8.63753667449,958293.543945,nested_fusion,,402355.765659,347766.061274,208171.717012,-0.00515808623266
7850c72e,oof,nested_conservative_grid,5497,12.5755261737,-4.81968564776,869316.790421,nested_fusion,,127691.845479,176569.858467,565055.086476,-0.00357157939848
78a4a386,oof,nested_conservative_grid,5119,6.26450350862,-2.35865720702,200890.057548,nested_fusion,,28478.3474957,27439.2909418,144972.419111,0.0015667488308
79507629,oof,nested_conservative_grid,5302,9.14010282348,6.47065360901,442936.924965,nested_fusion,,221991.336794,196730.79738,24214.7907917,0.00397985474582
796dbd4c,oof,nested_conservative_grid,6248,8.57525131436,6.99672969931,459446.274532,nested_fusion,,305866.00708,54357.7604541,99222.5069983,0.00163534683591
7987f2f2,oof,nested_conservative_grid,3705,12.9187116731,7.78365736025,618338.977336,nested_fusion,,224468.617646,76188.7466549,317681.613035,-0.00423988165901
7993a768,oof,nested_conservative_grid,5487,3.6924848204,-1.63455782571,74812.195045,nested_fusion,,14660.05294,28643.0862297,31509.0558753,-0.00144244112244
7a5660b0,oof,nested_conservative_grid,4998,8.5085780353,7.16516972282,361834.709114,nested_fusion,,256595.60647,63246.6810838,41992.4215603,0.00246555743753
7acda2df,oof,nested_conservative_grid,3091,12.771227287,-6.18121126583,504155.225672,nested_fusion,,118098.989055,346165.069912,39891.1667051,-0.0118599746186
7b2c7b3c,oof,nested_conservative_grid,2584,5.33089512527,-2.45632961843,73433.2562897,nested_fusion,,15590.7066223,15103.594585,42738.9550825,-0.00324109716818
7b38844c,oof,nested_conservative_grid,3749,8.12059931117,-3.77542005414,247224.555264,nested_fusion,,53437.4833979,10972.5186889,182814.553177,0.001580777124
7bb17b96,oof,nested_conservative_grid,3922,15.163599781,-12.8750483409,901804.122122,nested_fusion,,650137.663276,145436.155119,106230.303726,-0.00537855291281
7c607683,oof,nested_conservative_grid,5328,11.4333887606,8.59754617779,696488.832921,nested_fusion,,393834.039887,73059.4445149,229595.348518,0.00240758977027
7cbbd047,oof,nested_conservative_grid,5121,9.6946198674,-5.74850558337,481300.536046,nested_fusion,,169225.0655,129917.205517,182158.26503,-0.00340715430659
7cd4bb31,oof,nested_conservative_grid,6439,5.90862805051,-2.49379096153,224797.630343,nested_fusion,,40044.0982437,57353.3780253,127400.154074,0.00160561897429
7d50373e,oof,nested_conservative_grid,5122,9.41193122569,8.81543726978,453729.549812,nested_fusion,,398040.527266,12722.9274643,42966.0950815,0.00106592045329
7d57c75d,oof,nested_conservative_grid,4405,11.5549614842,-5.17230729083,588142.979239,nested_fusion,,117845.919741,166224.190701,304072.868797,-0.00483079800947
7e208414,oof,nested_conservative_grid,4226,5.45073631412,4.74899866736,125556.684423,nested_fusion,,95308.9287359,20065.7228082,10182.0328788,0.00178617415215
7e721392,oof,nested_conservative_grid,6174,38.5405869451,35.2078580233,9170716.62294,nested_fusion,,7653248.8279,1270111.93698,247355.858053,0.00804751305435
7ff89f8f,oof,nested_conservative_grid,7337,11.9222404689,-3.71676927878,1042879.84318,nested_fusion,,101356.061097,49999.1502714,891524.63181,-0.001232520525
8050c789,oof,nested_conservative_grid,3077,8.69113237548,-4.43338278923,232423.601116,nested_fusion,,60478.074855,118728.778828,53216.7474325,0.00699322339945
807f0298,oof,nested_conservative_grid,3747,10.3457581801,-2.20400914685,401059.067066,nested_fusion,,18201.6382287,128917.058638,253940.370199,-0.00542275886392
811f52b3,oof,nested_conservative_grid,4836,5.5848556336,-4.29443850971,150837.801799,nested_fusion,,89186.4894217,3627.4208809,58023.8914967,0.000620383399643
81bf5923,oof,nested_conservative_grid,4543,37.3458477574,32.0689096919,6336178.18206,nested_fusion,,4672089.20339,1465437.37284,198651.605833,0.0136949408198
81fc01c6,oof,nested_conservative_grid,5909,15.3007702469,-10.333206085,1383377.08601,nested_fusion,,630934.349506,243992.503566,508450.23294,-0.00376710639222
8255c867,oof,nested_conservative_grid,3589,21.1615485363,-18.8379308614,1607194.16873,nested_fusion,,1273619.95688,103820.232584,229753.979272,-0.00519124410706
82aab6d2,oof,nested_conservative_grid,6140,6.24189939964,3.51333249078,239222.431827,nested_fusion,,75789.1218713,33546.4363663,129886.87359,-0.00131874634215
82fcf37c,oof,nested_conservative_grid,6014,4.25824211069,-1.57081721394,109049.612002,nested_fusion,,14839.3448517,9168.29124817,85041.9759018,-0.000711196636273
833af382,oof,nested_conservative_grid,3628,16.6844786299,14.0718699007,1009932.98891,nested_fusion,,718407.571637,410.429847995,291114.987426,0.00032115093468
8382f4b6,oof,nested_conservative_grid,4967,32.0218047422,28.0663673723,5093141.82745,nested_fusion,,3912610.09512,1023852.66178,156679.070544,0.0100130900912
84633df4,oof,nested_conservative_grid,4972,4.92189738525,-1.11064496865,120447.067286,nested_fusion,,6133.12232904,81932.1365494,32381.8084078,-0.00282827146537
8478df29,oof,nested_conservative_grid,4857,5.92991802654,4.85746174463,170791.197332,nested_fusion,,114600.597355,9722.37225958,46468.2277175,-0.00100907767968
84815d5a,oof,nested_conservative_grid,3647,14.3587752972,-11.7522963877,751918.139047,nested_fusion,,503710.767492,5195.38822892,243011.983326,0.00113369438958
84c3b497,oof,nested_conservative_grid,5312,18.9573166217,-7.37862110265,1909025.78177,nested_fusion,,289206.790287,1140355.14742,479463.844063,-0.0095548438679
85380836,oof,nested_conservative_grid,6618,12.1118840334,-10.1764445395,970845.609162,nested_fusion,,685360.23529,227376.309495,58109.0643778,-0.00306812528912
8612b37f,oof,nested_conservative_grid,5165,17.9190177582,-10.7989557295,1658436.03466,nested_fusion,,602329.102634,382952.868641,673154.063387,-0.00577507735656
861e71df,oof,nested_conservative_grid,4700,7.40747799409,4.18516456522,257892.432095,nested_fusion,,82323.3314584,123621.884286,51947.2163503,0.00377999761166
86454a6f,oof,nested_conservative_grid,7964,59.4056725042,-53.8124433909,28105226.1841,nested_fusion,,23061984.4633,3502212.19619,1541029.52464,-0.009121473011
8648abae,oof,nested_conservative_grid,4244,7.36248568833,-5.64493138482,230051.093748,nested_fusion,,135236.12244,1257.38194484,93557.5893632,-0.000444284520607
865033f8,oof,nested_conservative_grid,3557,5.76754296913,2.69852092674,118322.011111,nested_fusion,,25902.1280382,10887.6229165,81532.2601563,-0.00170385007582
87695469,oof,nested_conservative_grid,7003,9.54024259077,6.88950190509,637386.649522,nested_fusion,,332399.051211,92865.6426009,212121.95571,0.00180132456685
877ed19c,oof,nested_conservative_grid,3708,4.77328288944,3.12939042501,84483.923144,nested_fusion,,36312.7570744,9926.28001865,38244.886051,0.0015285312139
87aa3730,oof,nested_conservative_grid,5607,8.20528382948,4.59535743991,377500.710024,nested_fusion,,118404.757173,6790.7693012,252305.18355,-0.000679914470251
884ecb5f,oof,nested_conservative_grid,6724,27.0658310472,-24.9340648134,4925728.12989,nested_fusion,,4180361.82251,159827.918798,585538.388579,0.00251174411183
8902c3f6,oof,nested_conservative_grid,4959,6.41149816044,-3.41780013417,203851.143652,nested_fusion,,57927.8531176,46803.7313353,99119.5591989,0.00214604936785
896d15b9,oof,nested_conservative_grid,4279,27.4453598485,-20.4728189153,3223147.23869,nested_fusion,,1793484.28906,901836.831789,527826.117841,-0.0117527957668
8995c945,oof,nested_conservative_grid,6724,16.5993447947,-13.8467830727,1852719.17695,nested_fusion,,1289215.39143,392616.021502,170887.764026,-0.00393670688368
89969c7a,oof,nested_conservative_grid,4947,9.3102008652,-4.88170149556,428805.169224,nested_fusion,,117892.003956,35324.2161644,275588.949104,-0.0018711733921
89f1085d,oof,nested_conservative_grid,5994,24.1194228814,22.5804710536,3486988.88142,nested_fusion,,3056206.77198,672.161833953,430109.947601,-0.000193531848933
89f36adf,oof,nested_conservative_grid,5292,4.43585165263,0.144667241185,104129.519147,nested_fusion,,110.754207676,959.927645139,103058.837294,0.000278791884239
89fdb2f2,oof,nested_conservative_grid,2031,2.37032954857,1.88349049323,11411.0966648,nested_fusion,,7205.04650578,118.600494295,4087.44966477,-0.000412163035724
8a3da6d1,oof,nested_conservative_grid,4593,8.32632977229,-5.21783287406,318422.436022,nested_fusion,,125048.007088,89119.1222268,104255.306707,-0.00332224315533
8a89da23,oof,nested_conservative_grid,3935,23.2052827039,-21.772824983,2118939.04703,nested_fusion,,1865409.99696,115665.863474,137863.186591,-0.00477283185002
8a9c8932,oof,nested_conservative_grid,4663,2.34027912725,-0.132402619958,25538.8145127,nested_fusion,,81.7445059382,4255.56469803,21201.5053087,-0.000709693959206
8ac2f237,oof,nested_conservative_grid,5319,17.8411696973,12.6218113826,1693076.72107,nested_fusion,,847370.541997,704428.350123,141277.828947,0.00749486920496
8b12bab6,oof,nested_conservative_grid,5234,15.5170574738,-12.1189815091,1260237.66622,nested_fusion,,768716.076894,419816.18787,71705.4014593,-0.00592747381119
8b5be31b,oof,nested_conservative_grid,5672,13.1989644619,8.48340187586,988134.223772,nested_fusion,,408203.105101,4743.95783435,575187.160837,-0.00055854311998
8b95d6d1,oof,nested_conservative_grid,1731,8.61306602957,6.39658235942,128414.07303,nested_fusion,,70826.0562398,52294.5956275,5293.42116248,0.0109995140362
8b9d8326,oof,nested_conservative_grid,6163,6.43627063156,-0.428750570555,255305.847338,nested_fusion,,1132.92611994,176381.416893,77791.5043246,0.00300696789109
8bb9c1e6,oof,nested_conservative_grid,4546,4.67292707419,3.40060084978,99267.5808655,nested_fusion,,52570.3355904,1098.33427796,45598.9109972,-0.000374553409993
8bda1a11,oof,nested_conservative_grid,5981,14.0113377104,6.38767171114,1174175.47251,nested_fusion,,244038.854688,366144.162113,563992.455706,-0.00453164606151
8bfa881d,oof,nested_conservative_grid,4089,20.5213577528,-16.706388093,1721984.72111,nested_fusion,,1141253.81534,542129.208772,38601.697005,-0.00975475516669
8c167025,oof,nested_conservative_grid,5368,15.4644619396,-11.9416872503,1283754.96197,nested_fusion,,765497.705056,317857.901241,200399.355677,-0.00496579029715
8c8348e8,oof,nested_conservative_grid,3888,4.35116847197,-1.14320478807,73610.2095739,nested_fusion,,5081.29402488,50.6161822056,68478.2993668,0.000101659026239
8cc21f01,oof,nested_conservative_grid,4044,5.60462364173,2.7522621519,127029.344133,nested_fusion,,30633.0854771,6344.95161267,90051.3070433,0.00107297121997
8cc800b3,oof,nested_conservative_grid,6576,14.4124009729,13.66157368,1365948.97666,nested_fusion,,1227335.40345,28793.3252386,109820.247976,0.00110228483544
8d5d46d7,oof,nested_conservative_grid,5755,16.0012679153,-14.7592062116,1473513.50853,nested_fusion,,1253635.63683,1494.86557408,218383.006135,0.000306777644027
8d92cb49,oof,nested_conservative_grid,3589,5.8559232912,-1.16353482743,123073.405119,nested_fusion,,4858.83591445,83475.9885988,34738.5806061,0.00465490945713
8f201368,oof,nested_conservative_grid,6349,29.4498689412,-27.868759544,5506454.56237,nested_fusion,,4931063.59883,2505.26494651,572885.698585,-0.000342735798641
90386ee4,oof,nested_conservative_grid,3840,11.3509786921,-9.70665401191,494763.714312,nested_fusion,,361801.467291,7232.79414193,125729.45288,-0.00123807471295
91abc4c7,oof,nested_conservative_grid,5848,8.69770805012,4.7550424073,442401.932902,nested_fusion,,132225.78467,78098.6007538,232077.547477,-0.0021647174095
91b301ce,oof,nested_conservative_grid,6570,35.9527216476,16.5031292251,8492370.13374,nested_fusion,,1789361.01164,5073817.21436,1629191.90774,0.0146524410404
91db7070,oof,nested_conservative_grid,4073,38.950717272,-32.5926124858,6179386.06546,nested_fusion,,4326659.87697,1678239.73591,174486.452574,-0.0172641826014
925a7cd1,oof,nested_conservative_grid,4517,4.68142792647,3.95925009912,98993.5214846,nested_fusion,,70806.9623061,6222.53773926,21964.0214393,-0.000900117628824
9283ae69,oof,nested_conservative_grid,3371,10.952408265,-9.5545796003,404369.136977,nested_fusion,,307738.560802,3890.54956969,92740.026605,0.00110397182547
9298ad5b,oof,nested_conservative_grid,3964,14.6731664917,-10.2409192613,853456.394239,nested_fusion,,415730.157883,3222.28871889,434503.947637,0.000787902345905
9314ff13,oof,nested_conservative_grid,2748,6.20178923916,-3.67589728667,105694.09748,nested_fusion,,37131.5829292,21704.7564572,46857.7580934,-0.00354277048387
93209a3d,oof,nested_conservative_grid,4697,13.7429603883,-12.4333458827,887117.506226,nested_fusion,,726100.257968,10646.0911999,150371.157058,-0.00111033718297
939d9c34,oof,nested_conservative_grid,5101,15.3437258395,2.14609142703,1200928.03538,nested_fusion,,23493.7186156,138413.331214,1039020.98555,0.00353750128731
93f5d2e6,oof,nested_conservative_grid,3691,20.6062800203,14.0015745077,1567267.90323,nested_fusion,,723598.731368,644748.34345,198920.82841,0.0124042265242
940a48d9,oof,nested_conservative_grid,3963,7.77649787885,2.4635489807,239658.142026,nested_fusion,,24051.7385988,93216.5614398,122389.841988,0.00423936751572
940e709a,oof,nested_conservative_grid,3348,11.1922862226,-10.4521227866,419394.822933,nested_fusion,,365758.52326,2469.26364965,51167.0360235,-0.00088857931662
9426ec1e,oof,nested_conservative_grid,2532,10.8084387826,9.10440896613,295794.187457,nested_fusion,,209878.14496,70269.1696369,15646.8728594,0.00720738158263
94467f50,oof,nested_conservative_grid,3035,7.87132557055,0.783014599653,188041.820531,nested_fusion,,1860.79450502,10852.0742243,175328.951802,0.00215828593842
944f36b9,oof,nested_conservative_grid,4630,4.91826568108,-3.77996021215,111996.631744,nested_fusion,,66153.8993211,631.892228454,45210.8401944,0.000276401664257
94d813a4,oof,nested_conservative_grid,4847,32.4584518555,25.0820824234,5106562.16647,nested_fusion,,3049300.33209,1820844.62466,236417.209715,0.0138521615193
95b559e7,oof,nested_conservative_grid,2887,14.2959958247,-12.7091612054,590032.058742,nested_fusion,,466316.261659,28599.2172396,95116.5798435,-0.00377657006679
95c8427f,oof,nested_conservative_grid,6335,23.2837712179,21.4379256798,3434418.90347,nested_fusion,,2911468.80495,1080.03034644,521870.068175,0.000225781668857
96936c22,oof,nested_conservative_grid,3346,4.1844702628,-2.25384594404,58587.7619584,nested_fusion,,16997.0828711,3244.46483397,38346.2142534,-0.00101946723671
96ae5806,oof,nested_conservative_grid,9839,13.2399075014,12.1451560406,1724728.98721,nested_fusion,,1451299.87724,47544.0985833,225885.011391,0.000773949267058
96b7eea1,oof,nested_conservative_grid,4332,7.2340806489,-6.66436307036,226701.88972,nested_fusion,,192400.300599,2018.64978676,32282.9393346,-0.000545869026942
9719aa04,oof,nested_conservative_grid,4871,7.13576947153,-3.52444666627,248027.452186,nested_fusion,,60506.2190817,29843.4930308,157677.740074,-0.0017603063868
974802e7,oof,nested_conservative_grid,5843,14.3558854821,2.45729877432,1204192.33052,nested_fusion,,35281.8877868,312605.605062,856304.837672,-0.00433645835758
97cd5bf9,oof,nested_conservative_grid,3449,11.3958569066,-6.11593819932,447906.297938,nested_fusion,,129008.8105,248813.724812,70083.7626268,-0.00853076573988
98177ced,oof,nested_conservative_grid,4772,8.90616961148,-6.97835278195,378514.358312,nested_fusion,,232384.028826,837.543159215,145292.786327,-0.000304119016937
9896fc0b,oof,nested_conservative_grid,3595,15.2945685595,7.51819059477,840956.159575,nested_fusion,,203200.8674,355131.231326,282624.060848,0.00957715974301
98bc6f66,oof,nested_conservative_grid,6063,15.1206643683,-13.7391132971,1386210.91856,nested_fusion,,1144471.48889,1905.29155537,239834.138107,0.000320287506104
992c99e8,oof,nested_conservative_grid,4904,13.7457315107,9.42111130163,926586.940886,nested_fusion,,435265.986325,448010.209028,43310.7455334,0.00675163405504
992ce078,oof,nested_conservative_grid,2879,4.51632297775,1.95859441568,58723.4617561,nested_fusion,,11044.1091131,34382.5306641,13296.8219789,0.00415812050585
99529c45,oof,nested_conservative_grid,5840,22.9633200531,21.9737706213,3079514.15631,nested_fusion,,2819824.11666,3499.03337573,256191.006278,-0.000459140286881
995ff498,oof,nested_conservative_grid,4526,7.61442031929,-0.288488505186,262414.749912,nested_fusion,,376.679145368,143556.607682,118481.463084,0.00431052732794
999daf80,oof,nested_conservative_grid,3564,4.55612153702,-2.93075170092,73982.3796919,nested_fusion,,30612.2849177,17387.4523912,25982.6423831,0.00214685184175
9a6b0392,oof,nested_conservative_grid,4255,14.8670748761,13.5189508637,940482.289903,nested_fusion,,777652.4481,100827.885746,62001.9560574,0.0039630688621
9a8ae0d6,oof,nested_conservative_grid,6294,5.2598096481,0.994623969176,174127.27088,nested_fusion,,6226.50843133,94854.1632762,73046.599173,-0.00213662703535
9a95e33f,oof,nested_conservative_grid,6447,28.513949625,26.0404210287,5241703.19879,nested_fusion,,4371733.44083,181753.572453,688216.185503,0.0028529594627
9ab94eeb,oof,nested_conservative_grid,4442,6.5161152711,2.41770053743,188606.246041,nested_fusion,,25964.7154976,60453.2545257,102188.276018,0.00287695219736
9ad5410a,oof,nested_conservative_grid,4205,6.68870157495,-1.7793270009,188126.35443,nested_fusion,,13313.0492426,73363.6925279,101449.61266,-0.00344098061599
9ae248be,oof,nested_conservative_grid,5271,8.3272570099,4.91541472993,365508.056267,nested_fusion,,127354.222669,87114.7740586,151039.059539,-0.00267175735612
9af1ffd0,oof,nested_conservative_grid,3525,15.3130867847,9.41879531449,826579.459739,nested_fusion,,312715.810746,415874.289552,97989.3594403,0.0106741424544
9b5b61c1,oof,nested_conservative_grid,5532,7.95934026555,-6.06338585331,350458.271164,nested_fusion,,203382.03277,2092.8111368,144983.427258,-0.000385152207912
9b9e3b49,oof,nested_conservative_grid,5118,7.88790999703,0.864294434502,318437.477252,nested_fusion,,3823.17092215,35605.2007004,279009.10563,0.00178524131133
9bd2bba3,oof,nested_conservative_grid,7439,12.118276301,-11.0695839812,1092436.64395,nested_fusion,,911542.994313,7138.91445237,173754.735188,-0.000456178568183
9c211c53,oof,nested_conservative_grid,7265,6.53885781597,-4.29358283619,310627.14607,nested_fusion,,133929.211195,24835.6841091,151862.250766,0.000881607472995
9c350a6a,oof,nested_conservative_grid,6052,13.4899506591,-7.61779720385,1101335.50868,nested_fusion,,351202.608814,170457.243481,579675.656389,-0.00303773566732
9c8375f7,oof,nested_conservative_grid,3674,8.78290772935,7.34550728404,283410.406102,nested_fusion,,198236.097453,5434.41036389,79739.898285,-0.00114672195112
9d072e4c,oof,nested_conservative_grid,5107,9.20054306304,-1.12210011468,432307.512488,nested_fusion,,6430.26796421,272725.192157,153152.052366,-0.00495683511588
9d3ec64c,oof,nested_conservative_grid,3480,8.19771880441,5.99260012256,233865.025715,nested_fusion,,124971.171677,6964.66209233,101929.191946,0.00140822419009
9d4272e3,oof,nested_conservative_grid,4030,13.219396302,-11.8445321567,704252.327516,nested_fusion,,565380.556303,79345.5363862,59526.2348271,-0.00381411968958
9d5e14d4,oof,nested_conservative_grid,5400,28.2791462326,25.0236477616,4318434.60287,nested_fusion,,3381387.91541,813367.12427,123679.563189,0.00787305522911
9da441ba,oof,nested_conservative_grid,5783,8.44288141383,-4.91450941551,412225.231903,nested_fusion,,139673.345364,7426.69075312,265125.195785,0.000678826067449
9dede370,oof,nested_conservative_grid,6297,18.6714364309,-16.1743239097,2195276.12426,nested_fusion,,1647350.32354,297285.244063,250640.556666,-0.00377986914404
9def2eb2,oof,nested_conservative_grid,6003,6.80445653594,-1.23154436737,277942.674383,nested_fusion,,9104.75927735,2161.46453962,266676.450566,0.000346267850899
9df1b1f9,oof,nested_conservative_grid,4701,7.77582992001,-6.50984533169,284239.058972,nested_fusion,,199219.383426,4252.3207321,80767.3548138,0.000700839002759
9dfff011,oof,nested_conservative_grid,4319,4.87375872652,-3.19164689514,102591.470693,nested_fusion,,43995.9681721,4966.30134992,53629.201171,-0.000860067155206
9e3e364d,oof,nested_conservative_grid,4290,6.65098611591,5.75676390481,189770.793987,nested_fusion,,142172.018513,158.669500575,47440.1059732,-0.000155292836964
9efc812e,oof,nested_conservative_grid,4450,11.9746974514,-9.09177162783,638100.536781,nested_fusion,,367838.38543,111583.466086,158678.685265,-0.00389807814633
9f0c7bae,oof,nested_conservative_grid,2542,7.13621458957,-6.00802567313,129452.770135,nested_fusion,,91756.9788669,9666.69265648,28029.0986116,-0.00265745728594
9ffce529,oof,nested_conservative_grid,5212,10.4946050532,3.75180211704,574032.663976,nested_fusion,,73364.2116817,351416.360835,149252.091459,0.00545751589118
a0383629,oof,nested_conservative_grid,5832,9.78385350335,8.41843275224,558261.139635,nested_fusion,,413313.898343,11570.7215998,133376.519692,-0.000836651470243
a056d01e,oof,nested_conservative_grid,6557,11.4950095511,7.63898772458,866410.79871,nested_fusion,,382628.053073,8540.02000243,475242.725634,0.000602923617918
a08d9e63,oof,nested_conservative_grid,3685,25.9876061246,-23.419692015,2488685.65164,nested_fusion,,2021156.07447,54094.2947157,413435.282454,0.00360172153145
a0b83014,oof,nested_conservative_grid,5035,14.878766718,-13.2898550804,1114636.71472,nested_fusion,,889282.948966,1019.86265296,224333.903098,-0.000309643710792
a0e92ed6,oof,nested_conservative_grid,4897,9.52304576455,-5.04883845391,444101.097903,nested_fusion,,124828.299386,173495.712753,145777.085764,0.00421055989706
a15bc102,oof,nested_conservative_grid,3236,1.97725143363,-0.927619879604,12651.217178,nested_fusion,,2784.50888239,2081.99168759,7784.71660804,-0.000858652364069
a247e7cf,oof,nested_conservative_grid,5674,3.70377300889,0.466735865514,77835.5603608,nested_fusion,,1236.03759692,45734.969409,30864.5533548,0.00173332830501
a2e8e7f6,oof,nested_conservative_grid,4760,10.2932143757,-2.40071281373,504323.247993,nested_fusion,,27433.8887866,324995.557666,151893.801541,-0.00601338369754
a3518960,oof,nested_conservative_grid,4967,4.94204414887,0.0633987458084,121313.016435,nested_fusion,,19.9643646184,13550.9921157,107742.059954,-0.00115195347219
a3f71395,oof,nested_conservative_grid,5543,15.2352654764,9.82397491696,1286604.10025,nested_fusion,,534957.608206,137553.323596,614093.168448,-0.0031132131513
a4719920,oof,nested_conservative_grid,5884,6.79094901809,-1.17272642637,271352.360724,nested_fusion,,8092.19030315,85871.9765716,177388.193849,-0.00224909273617
a48640d9,oof,nested_conservative_grid,4532,14.2743261581,-13.0691659273,923423.947104,nested_fusion,,774079.640297,23524.0312364,125820.275571,-0.00174145258986
a4cdbb0f,oof,nested_conservative_grid,5204,11.3431955433,1.22231196158,669588.715037,nested_fusion,,7775.01814953,106191.821007,555621.875881,-0.00300697787998
a4f989c2,oof,nested_conservative_grid,5385,15.9779071509,15.0680722988,1374755.58863,nested_fusion,,1222647.03309,1265.38157697,150843.173967,-0.000311833538346
a5aa7973,oof,nested_conservative_grid,4616,13.9271558455,9.20313850978,895345.532462,nested_fusion,,390964.852914,417908.500851,86472.1786967,0.0071405643232
a5e6f7dc,oof,nested_conservative_grid,5649,6.47830892875,4.4813192518,237079.98067,nested_fusion,,113444.473415,486.306952912,123149.200302,-0.000179923755389
a612d5a0,oof,nested_conservative_grid,5329,18.1900387622,-16.7197239919,1763246.2517,nested_fusion,,1489717.52888,100122.680081,173406.042739,-0.0028176580325
a622ce4d,oof,nested_conservative_grid,6298,8.08097930459,-3.4307026463,411273.422631,nested_fusion,,74125.7006367,24087.2120983,313060.509896,0.00107567212004
a645da9a,oof,nested_conservative_grid,5153,9.44249705484,-1.56657913582,459445.347999,nested_fusion,,12646.3389828,368450.566465,78348.442552,0.00568447069328
a692b17e,oof,nested_conservative_grid,3566,15.0665662255,-11.8996932625,809487.055975,nested_fusion,,504955.227281,44168.7672364,260363.061457,-0.00341882027556
a6b8ac67,oof,nested_conservative_grid,5453,11.726050837,-6.8876821959,749788.962663,nested_fusion,,258691.225371,329649.944013,161447.79328,-0.00493928273668
a6ed2eff,oof,nested_conservative_grid,5275,8.71321690568,-4.19958703767,400478.78516,nested_fusion,,93032.7025388,5395.64166595,302050.440955,0.000664168822025
a6f967fb,oof,nested_conservative_grid,4670,7.10459831109,4.2529934618,235719.731146,nested_fusion,,84470.742313,34313.2621139,116935.726719,-0.0020106955466
a76db406,oof,nested_conservative_grid,4672,4.68460826736,-3.66670117957,102529.631178,nested_fusion,,62813.6269081,15703.5438679,24012.460402,-0.00135936228949
a7744f5b,oof,nested_conservative_grid,4377,14.6054178893,-11.3469539364,933693.900241,nested_fusion,,563553.472632,299510.700258,70629.72735,-0.0065468438966
a783cc24,oof,nested_conservative_grid,1889,25.431437027,20.7380458636,1221725.8417,nested_fusion,,812395.705852,394976.201746,14353.9341058,0.0265172334212
a79fd2e7,oof,nested_conservative_grid,4404,9.44726883618,3.88424883873,393060.912791,nested_fusion,,66444.8613372,11538.5856373,315077.465817,0.00127319802891
a7fc3e6b,oof,nested_conservative_grid,4764,14.0797072913,-9.96113844256,944406.581897,nested_fusion,,472704.465499,21876.8583964,449825.258002,-0.00155820818481
a85bb86f,oof,nested_conservative_grid,3099,5.83718529444,-3.53990277736,105591.396969,nested_fusion,,38833.2952751,1189.03562839,65569.0660653,0.000692397857413
a85e4bc3,oof,nested_conservative_grid,4581,8.69025621901,-0.360217854631,345959.65399,nested_fusion,,594.416371704,79802.5192354,265562.718383,-0.00315615625756
a87433c9,oof,nested_conservative_grid,5721,8.90567004468,7.1126121785,453737.996122,nested_fusion,,289421.110702,218.449020778,164098.436399,-0.000118319890522
a8ed028a,oof,nested_conservative_grid,5538,14.188038913,-12.097468744,1114801.88211,nested_fusion,,810479.377569,973.430302629,303349.074235,0.000262248874976
a959858c,oof,nested_conservative_grid,4404,18.9903881605,-10.576328835,1588235.84631,nested_fusion,,492625.854083,568243.607199,527366.385025,-0.00893484346121
a9c9b150,oof,nested_conservative_grid,3986,4.54965425675,-4.41572995272,82507.6244697,nested_fusion,,77721.7026673,12.6505510251,4773.27125143,-4.89597753585e-05
aa95015b,oof,nested_conservative_grid,4300,6.46748273953,-1.0853147208,179861.83184,nested_fusion,,5065.00458566,142.462818327,174654.364436,0.000146635362535
aaaf3c03,oof,nested_conservative_grid,2997,15.657112801,-3.86897407925,734700.108247,nested_fusion,,44861.9743966,423306.758751,266531.3751,-0.0137368809395
aaeffccb,oof,nested_conservative_grid,2712,6.08023359895,4.2866873939,100260.580556,nested_fusion,,49834.8680609,1363.94652829,49061.7659663,-0.000905846888934
ab112491,oof,nested_conservative_grid,5185,31.9840172663,-28.7199609589,5304137.61415,nested_fusion,,4276775.47655,92574.8638311,934787.273771,-0.00282302049406
ab18d3fc,oof,nested_conservative_grid,5694,14.7462821037,11.244507121,1238176.44752,nested_fusion,,719943.326602,404149.949244,114083.171673,0.00512549364995
ab3ced07,oof,nested_conservative_grid,4250,16.604177565,14.7732583548,1171719.5286,nested_fusion,,927558.940271,3279.0020909,240881.586236,0.000715942405813
ab6fe95d,oof,nested_conservative_grid,5491,7.18110658316,-5.01578084212,283161.490047,nested_fusion,,138142.893492,47943.7885101,97074.8080449,-0.00186414478017
ab94878e,oof,nested_conservative_grid,6004,8.81618969073,-7.43359262596,466662.104781,nested_fusion,,331770.82917,3345.07653299,131546.199078,-0.000430658112843
abf460d2,oof,nested_conservative_grid,3217,8.76537942295,-6.94714825785,247168.14647,nested_fusion,,155261.649305,77558.9087479,14347.5884171,-0.00528725062992
ac6f01d5,oof,nested_conservative_grid,5004,21.3875911807,19.0844994397,2288974.99879,nested_fusion,,1822547.4668,145508.153312,320919.378685,0.00373300304911
ad2133a8,oof,nested_conservative_grid,5729,33.3950884563,30.098784725,6389163.74418,nested_fusion,,5190112.16736,94539.5441229,1104512.0327,0.00245628721739
add9c322,oof,nested_conservative_grid,3932,8.95468597898,7.52101194598,315292.928662,nested_fusion,,222416.020559,25640.2415661,67236.6665365,0.00224973533529
ae069086,oof,nested_conservative_grid,4770,18.8767260095,14.7655264872,1699697.84367,nested_fusion,,1039959.08456,37356.9551693,622381.803941,0.00203235139355
ae0784a8,oof,nested_conservative_grid,7823,7.80280925526,-3.55020494424,476294.219879,nested_fusion,,98600.7411079,131290.374414,246403.104357,-0.00181404090016
ae35f33a,oof,nested_conservative_grid,4450,4.44800614869,-0.424289452031,88042.1762097,nested_fusion,,801.095849018,36851.0209887,50390.059372,0.00224014112991
ae8959c3,oof,nested_conservative_grid,4518,23.1591774336,-21.260784725,2423218.0023,nested_fusion,,2042230.72945,336782.902307,44204.3705407,-0.00661982199291
aed44918,oof,nested_conservative_grid,2719,8.72763533216,-7.4289846083,207110.630677,nested_fusion,,150061.099672,10566.5725353,46482.95847,-0.00251156203925
aee6393a,oof,nested_conservative_grid,5865,4.06457986421,0.526353579799,96894.5475564,nested_fusion,,1624.88705352,53353.174403,41916.4860998,-0.00178142989744
af7a59ce,oof,nested_conservative_grid,3024,7.72580828626,7.22922153532,180496.855756,nested_fusion,,158039.211476,9216.45158354,13241.1926965,0.0019998611306
aff4e561,oof,nested_conservative_grid,6026,8.28607692544,-6.95381706418,413739.560727,nested_fusion,,291390.675438,24160.2453908,98188.6398976,-0.00115105906257
b04b58a3,oof,nested_conservative_grid,3402,13.1682222695,-5.46112445373,589913.868471,nested_fusion,,101460.840778,52763.1082315,435689.919461,0.00401009225191
b0d42b0d,oof,nested_conservative_grid,4971,13.5706917438,-10.9325692131,915477.625469,nested_fusion,,594139.236982,27227.9088661,294110.479621,0.00163091801997
b0f53bf4,oof,nested_conservative_grid,2755,11.9187894876,10.2726997523,391368.530549,nested_fusion,,290730.632352,5907.72954643,94730.1686498,0.00184127454609
b19b0395,oof,nested_conservative_grid,5813,5.98881353117,-2.26121136128,208488.404102,nested_fusion,,29722.315557,10805.1565958,167960.931949,0.000812466901671
b1efb8a4,oof,nested_conservative_grid,5998,8.37440436051,-5.85455086077,420643.629063,nested_fusion,,205586.043156,68812.7643337,146244.821573,-0.00195620984039
b32902c0,oof,nested_conservative_grid,3808,9.7778267474,-7.87587301353,364067.251596,nested_fusion,,236207.862762,87634.8097917,40224.5790422,-0.00436398804938
b32e4903,oof,nested_conservative_grid,5770,8.72595413911,-6.70150884819,439340.930431,nested_fusion,,259131.974261,37265.6245327,142943.331637,-0.00152574203622
b3388334,oof,nested_conservative_grid,6080,15.1077084192,7.3302285651,1387716.55037,nested_fusion,,326692.084965,614038.763198,446985.702204,-0.00572576018283
b37fd114,oof,nested_conservative_grid,8161,18.75673326,-13.5796133421,2871162.56254,nested_fusion,,1504936.53783,480909.284135,885316.740577,-0.00325842058091
b38e3116,oof,nested_conservative_grid,6211,6.68055709737,3.92466545615,277195.955688,nested_fusion,,95668.0264331,4181.58735892,177346.341896,-0.000457634673253
b4d8dd4f,oof,nested_conservative_grid,4259,16.7020207426,-0.998252260178,1188079.97924,nested_fusion,,4244.12576172,626719.211718,557116.641762,-0.00986655812849
b4f37e6e,oof,nested_conservative_grid,2992,11.9070574315,-6.59015004023,424199.8259,nested_fusion,,129942.792038,252174.222963,42082.8109,-0.010629151792
b56bc0aa,oof,nested_conservative_grid,5602,9.37708570732,-8.55492435973,492582.383103,nested_fusion,,409992.065945,32.0711881468,82558.2459696,-4.67878940746e-05
b585b4fa,oof,nested_conservative_grid,4294,9.40140047323,-0.350594051334,379530.904704,nested_fusion,,527.802114841,113774.638095,265228.464495,-0.00415260197348
b5aa9634,oof,nested_conservative_grid,7326,9.04021029231,2.80475197368,598720.295999,nested_fusion,,57630.9580017,11169.6468107,529919.691187,0.000583861684532
b7974e66,oof,nested_conservative_grid,5558,7.5489695154,2.1668015388,316733.416658,nested_fusion,,26094.9706738,30441.1349003,260197.311084,0.00145862360074
b7cdcecb,oof,nested_conservative_grid,6168,6.06831031163,-2.2911737396,227132.837756,nested_fusion,,32378.7747839,108634.055024,86120.0079482,-0.00235698640003
b7fea9ef,oof,nested_conservative_grid,3866,9.00744249969,7.996537014,313664.122809,nested_fusion,,247209.8399,248.923857201,66205.3590517,0.000227368933144
b85f7b06,oof,nested_conservative_grid,3803,5.89976075051,5.52780136931,132371.693801,nested_fusion,,116206.704082,3119.91841459,13045.0713043,-0.000825035752025
b881d27e,oof,nested_conservative_grid,4009,17.2717376613,-16.5681244929,1195936.50366,nested_fusion,,1100481.52159,10407.7807696,85047.2013038,-0.00139224484965
b8c49c1a,oof,nested_conservative_grid,4319,8.15735666548,3.44936287129,287396.918289,nested_fusion,,51387.9121168,98731.446793,137277.559379,-0.00383480759784
b95e7121,oof,nested_conservative_grid,6306,6.12009265516,5.32950144111,236194.598083,nested_fusion,,179113.010862,6947.94203229,50133.6451896,0.000576617437913
b977be4a,oof,nested_conservative_grid,5917,20.0168143785,6.55076254485,2370781.29998,nested_fusion,,253913.20285,1347867.22201,769000.875125,0.00883612460075
ba48188d,oof,nested_conservative_grid,4166,52.4888432991,40.9956561718,11477657.7429,nested_fusion,,7001562.17478,4293247.93265,182847.635453,0.0266934508582
bb2cdd83,oof,nested_conservative_grid,3825,6.2890978573,-5.24168123055,151289.27586,nested_fusion,,105092.724619,26698.9711532,19497.5800873,-0.00239271373
bb337fa0,oof,nested_conservative_grid,6873,21.8923184284,-19.8657205695,3294047.49521,nested_fusion,,2712407.82579,162042.993356,419596.676068,-0.00244729453464
bb682ebd,oof,nested_conservative_grid,4139,20.3148370047,-18.1533941809,1708134.68186,nested_fusion,,1363989.73626,226876.025715,117268.919877,-0.00619643358281
bc4381e2,oof,nested_conservative_grid,4955,17.1863353836,-16.6492470703,1463558.96401,nested_fusion,,1373513.25579,28058.7983205,61986.9099029,-0.00166364123933
bcebcc5f,oof,nested_conservative_grid,6258,14.5411282566,-12.2037047273,1323219.12387,nested_fusion,,932006.49997,13799.2568289,377413.367075,-0.000821987359863
bd2c2f34,oof,nested_conservative_grid,9823,6.59240115567,3.46979130196,426905.153692,nested_fusion,,118263.533845,309.201177972,308332.41867,-6.25669492075e-05
bd4ae5da,oof,nested_conservative_grid,5006,11.1616944342,9.6501716673,623664.613753,nested_fusion,,466187.820921,46025.4694459,111451.323386,0.00209823186026
bd6f0e19,oof,nested_conservative_grid,5140,4.19475232289,-2.22208479547,90443.1678392,nested_fusion,,25379.5767086,20449.9285413,44613.6625892,-0.0013442865399
bd8f847e,oof,nested_conservative_grid,4961,6.31506419096,3.20117902258,197844.857286,nested_fusion,,50838.0813347,87238.6808784,59768.0950729,-0.00292813662203
be063506,oof,nested_conservative_grid,4500,4.83097129309,3.22960331227,105022.276356,nested_fusion,,46936.5189957,3612.44562441,54473.3117357,0.000689719528164
be35c8f2,oof,nested_conservative_grid,4226,4.61787589721,1.23524194109,90118.5109914,nested_fusion,,6448.12653173,42980.393904,40689.9905557,0.00261415654903
be83e781,oof,nested_conservative_grid,3221,2.65401392773,0.593798641823,22688.0473599,nested_fusion,,1135.71437987,186.994900772,21365.3380793,0.000259131040337
beda8696,oof,nested_conservative_grid,5912,10.2265046157,-0.955382515229,618285.217018,nested_fusion,,5396.21199639,218905.436757,393983.568265,0.00356547392814
bf39bc20,oof,nested_conservative_grid,3303,8.38150861602,-0.543476394534,232034.715106,nested_fusion,,975.595851446,15391.4757793,215667.643475,0.00226395564515
bf70b410,oof,nested_conservative_grid,6347,18.7230603928,11.6621806796,2224959.83054,nested_fusion,,863232.99022,899575.19922,462151.641097,0.00649765454358
bffe3082,oof,nested_conservative_grid,5723,13.2923809982,-1.98997505925,1011181.94786,nested_fusion,,22663.0842146,806763.354073,181755.509573,-0.007186676437
c03b9305,oof,nested_conservative_grid,4255,17.857753917,-16.3427210751,1356916.84045,nested_fusion,,1136444.68425,136976.296469,83495.8597293,-0.00461917055611
c03d4aed,oof,nested_conservative_grid,4641,12.628463249,-9.24257367294,740137.787986,nested_fusion,,396458.205151,21464.2119706,322215.370865,0.00160520592747
c03fba65,oof,nested_conservative_grid,3699,20.1248915375,17.8005580433,1498136.6485,nested_fusion,,1172064.64675,252001.88839,74070.1133625,0.00772976052915
c07fd0cd,oof,nested_conservative_grid,4191,4.17034714504,1.95449749433,72889.0141449,nested_fusion,,16009.8733684,1295.29252112,55583.8482554,-0.000459513286392
c1708b88,oof,nested_conservative_grid,6315,21.960256815,19.0903935932,3045426.9333,nested_fusion,,2301458.35045,167746.832502,576221.750353,0.00282720799492
c1d046f4,oof,nested_conservative_grid,5513,7.39206755939,-3.56463022985,301245.00003,nested_fusion,,70051.4233684,17994.7853081,213198.791354,0.00113522507739
c2717d4f,oof,nested_conservative_grid,4721,11.4370034689,-9.38749424755,617530.633249,nested_fusion,,416038.352777,53.7348711184,201438.5456,7.82830499936e-05
c2c4db09,oof,nested_conservative_grid,6039,8.90705821459,2.79859644871,479108.207984,nested_fusion,,47298.3060375,134545.573629,297264.328317,0.00270755814484
c2c6fc71,oof,nested_conservative_grid,7119,8.3545019815,-4.26777391419,496889.850212,nested_fusion,,129664.712686,143579.881959,223645.255567,-0.00218528927281
c36625df,oof,nested_conservative_grid,4742,4.87347840619,2.76896848488,112626.2546,nested_fusion,,36357.7982421,13949.9080521,62318.5483055,-0.00125295069323
c3957531,oof,nested_conservative_grid,5316,13.7161527911,-7.87316684782,1000114.21673,nested_fusion,,329521.596031,257525.128124,413067.492571,-0.00453547709752
c42fe306,oof,nested_conservative_grid,5095,12.1277865577,-8.04820904673,749388.93859,nested_fusion,,330021.842841,302697.65506,116669.44069,-0.00524057423294
c43812e2,oof,nested_conservative_grid,5527,5.99309542322,-1.53038903506,198514.324339,nested_fusion,,12944.7347386,1350.32679265,184219.262808,-0.000309796049727
c472c0b5,oof,nested_conservative_grid,3054,3.08661255598,-1.63268179726,29095.998774,nested_fusion,,8140.89464523,12204.7669889,8750.33713984,-0.00226752374404
c47e0767,oof,nested_conservative_grid,4356,14.3162549224,-11.7442433161,892784.655199,nested_fusion,,600811.105653,202678.291004,89295.2585413,-0.00542453411288
c50b42f6,oof,nested_conservative_grid,6014,9.52773014897,-5.4782438348,545936.737735,nested_fusion,,180487.089258,1586.01860528,363863.629871,-0.000295800996143
c593337f,oof,nested_conservative_grid,5208,27.5468175989,20.7054125365,3951971.84837,nested_fusion,,2232743.07607,1526770.5167,192458.255605,0.0113886186316
c59b6c4a,oof,nested_conservative_grid,5499,21.7319584959,18.3319605143,2597056.83234,nested_fusion,,1847998.20886,685711.817734,63346.8057493,0.00703454266194
c66be2b8,oof,nested_conservative_grid,4154,21.9579621754,16.0461898231,2002859.83543,nested_fusion,,1069572.78336,693726.103046,239560.949024,0.0107766782174
c6797dd7,oof,nested_conservative_grid,4664,6.06052890879,2.00163527243,171308.769692,nested_fusion,,18686.5201144,60427.3301693,92194.9194078,0.00267343434853
c6b782a4,oof,nested_conservative_grid,4877,8.42963673523,4.49473642966,346553.648055,nested_fusion,,98528.351225,95.9578952279,247929.338935,-9.96326898669e-05
c6c96179,oof,nested_conservative_grid,4004,8.03865305489,-6.56239195142,258738.251519,nested_fusion,,172432.212449,167.139551087,86138.8995195,-0.000176762098594
c70c0e01,oof,nested_conservative_grid,4312,10.5208128551,6.77227805704,477284.513501,nested_fusion,,197764.490353,123054.917284,156465.105864,0.00429162723652
c84c65be,oof,nested_conservative_grid,8496,8.3870020267,-3.12457646131,597623.958252,nested_fusion,,82946.2616198,30679.8184764,483997.878156,0.000774810082092
c8d9680c,oof,nested_conservative_grid,6281,41.6544956924,-37.823409962,10898144.3285,nested_fusion,,8985663.55277,1035086.63537,877394.140392,-0.00708004126653
c908edd0,oof,nested_conservative_grid,5293,11.5218892184,6.04761359889,702666.557641,nested_fusion,,193584.224868,416806.11132,92276.2214525,0.00580770874951
c9578d27,oof,nested_conservative_grid,4487,10.1819089091,1.41514304393,465172.984155,nested_fusion,,8985.80006866,42708.1026267,413479.081459,-0.00238183497588
c96c018a,oof,nested_conservative_grid,6236,7.709453956,-4.32449200401,370640.902349,nested_fusion,,116620.877094,16875.6497494,237144.375505,-0.000913822233622
c99f9fae,oof,nested_conservative_grid,6361,10.7706627969,9.20281485419,737921.653438,nested_fusion,,538724.547691,148833.120212,50363.9855347,0.00263422173217
c9e6734f,oof,nested_conservative_grid,4735,10.8768661999,2.14319915744,560179.943797,nested_fusion,,21749.2879457,414718.256228,123712.399623,-0.00684679357707
c9e980e8,oof,nested_conservative_grid,4359,8.49311265356,5.17363778033,314427.583739,nested_fusion,,116675.295038,154573.00049,43179.2882102,0.00473235318658
c9fedcf3,oof,nested_conservative_grid,3517,3.72154592215,-2.2211468685,48710.1125463,nested_fusion,,17351.0963281,1299.73161217,30059.2846061,-0.000598768478205
cad13e8f,oof,nested_conservative_grid,4848,6.41944320945,4.55434994617,199782.449427,nested_fusion,,100557.717439,57466.1733066,41758.5586809,0.00246010053059
cb34231f,oof,nested_conservative_grid,5609,6.012556302,3.4411667165,202770.023894,nested_fusion,,66419.6935316,49.0749934793,136301.255369,5.77687000938e-05
cb879f40,oof,nested_conservative_grid,6315,8.99129704091,2.68195310678,510526.212947,nested_fusion,,45422.9896289,24945.5854914,440157.637827,0.00109025339303
cbb406b5,oof,nested_conservative_grid,6328,9.71359516188,-6.18734370364,597071.675171,nested_fusion,,242256.229493,36438.6120161,318376.833661,0.0013136263025
cbe51de1,oof,nested_conservative_grid,3963,8.74433927775,-1.69104247764,303024.72925,nested_fusion,,11332.6925322,7534.2904228,284157.746295,-0.00120524602211
cbe62450,oof,nested_conservative_grid,6258,14.4807010197,-9.34600382584,1312244.41325,nested_fusion,,546622.454254,20109.8286613,745512.130334,0.00099229653657
cc08aa63,oof,nested_conservative_grid,3274,8.40065048476,-5.42957489361,231049.220129,nested_fusion,,96518.448262,40099.1257044,94431.6461624,-0.00370288378976
cc8a1d57,oof,nested_conservative_grid,6638,30.9680294329,28.6062560559,6365967.10609,nested_fusion,,5431994.12418,21095.911261,912877.070645,0.000930323305985
ccedb12b,oof,nested_conservative_grid,4401,8.55490555249,-1.77953155569,322093.386062,nested_fusion,,13936.7899864,137819.543777,170337.052298,0.00440472688701
cd7f1687,oof,nested_conservative_grid,4232,7.93943029375,5.38610197298,266762.229943,nested_fusion,,122770.719769,7043.38657135,136948.123603,0.00105599754636
cda7eb37,oof,nested_conservative_grid,5973,9.21588348984,2.47649105453,507301.873261,nested_fusion,,36632.4564444,166800.478668,303868.938148,-0.00306478845706
cdc31d65,oof,nested_conservative_grid,4840,7.53106245768,-4.60099922936,274509.804429,nested_fusion,,102458.898518,27765.3901038,144285.515807,0.00171425126916
cdc60a53,oof,nested_conservative_grid,5878,10.0297486821,-4.20256000058,591302.457,nested_fusion,,103814.359063,314634.481951,172853.615987,-0.00431170872957
ce55ba43,oof,nested_conservative_grid,4104,13.9390413754,-12.0862677859,797394.372806,nested_fusion,,599503.574349,16153.6432413,181737.155216,-0.00167461451541
ce8399b7,oof,nested_conservative_grid,1615,2.78064103443,-0.975159502156,12487.1227682,nested_fusion,,1535.76172825,4588.71787287,6362.64316708,0.00361557683096
cf50c9d1,oof,nested_conservative_grid,4858,27.2461471517,25.4663469683,3606348.61314,nested_fusion,,3150582.19398,264567.713286,191198.705877,0.00526226589184
d00e7eb9,oof,nested_conservative_grid,5704,6.1361526096,4.42750156739,214769.111911,nested_fusion,,111814.200817,41.2789908664,102913.632103,5.16637457348e-05
d011f41b,oof,nested_conservative_grid,2267,12.6558865674,10.8777597526,363108.710718,nested_fusion,,268244.264955,17426.0643491,77438.3814143,0.00423655688173
d07aed8f,oof,nested_conservative_grid,2957,10.3681246175,-9.87695400389,317871.609903,nested_fusion,,288467.829708,9974.09967956,19429.6805152,-0.00215154539279
d085e611,oof,nested_conservative_grid,6191,10.7289559354,-4.34459706962,712649.077413,nested_fusion,,116858.36721,40685.2245701,555105.485633,-0.00143439175904
d0a0e7b5,oof,nested_conservative_grid,3816,8.96294208002,-7.44856096356,306555.806065,nested_fusion,,211715.726593,38919.1513904,55920.9280815,-0.00289907713031
d0a43760,oof,nested_conservative_grid,4041,6.80259811602,-5.7018143641,186998.653498,nested_fusion,,131375.68634,23686.4759019,31936.491257,-0.00207542759115
d0cb63ae,oof,nested_conservative_grid,5223,18.0255363781,13.5430283089,1697056.96005,nested_fusion,,957969.315191,1092.01614792,737995.628708,-0.00030326697718
d114d9c2,oof,nested_conservative_grid,6206,9.46391232823,6.91282404964,555844.340469,nested_fusion,,296566.968134,198973.476413,60303.8959224,0.00316060749565
d1457cc5,oof,nested_conservative_grid,6920,13.6718349847,11.2806333835,1293479.9772,nested_fusion,,880588.611565,21488.4684941,391402.897137,-0.000882133302265
d1ecf309,oof,nested_conservative_grid,6168,10.6451390502,-7.0736204773,698951.501932,nested_fusion,,308622.705859,310940.469734,79388.3263386,-0.0039876102744
d1ee630d,oof,nested_conservative_grid,6290,5.59056894269,2.50753134856,196590.560338,nested_fusion,,39549.7176886,18712.9876696,138327.85498,0.000949918238101
d217e0c5,oof,nested_conservative_grid,3838,4.64639970303,-1.14181521892,82858.6979087,nested_fusion,,5003.76177361,7560.60718873,70294.3289463,-0.00126681010688
d24ff243,oof,nested_conservative_grid,5641,7.47261369567,-6.71835077064,314993.188663,nested_fusion,,254613.513353,4098.5941529,56281.0811572,0.000523448474341
d273674e,oof,nested_conservative_grid,3899,4.34760540115,2.18924240504,73697.6219514,nested_fusion,,18687.058219,13693.0302928,41317.5334396,0.00166498593442
d2f3b1ab,oof,nested_conservative_grid,5581,15.5601579465,-3.81283950267,1351263.43401,nested_fusion,,81135.1552529,515887.592504,754240.686248,0.00596760594131
d3df146b,oof,nested_conservative_grid,5787,6.55008100558,-1.05733458141,248282.908547,nested_fusion,,6469.6137854,45461.8235791,196351.471182,-0.00167777543766
d40f61d5,oof,nested_conservative_grid,4039,8.15236721061,-6.84499050745,268436.347101,nested_fusion,,189242.882095,30562.2855993,48631.1794068,-0.00235924352335
d41beaf2,oof,nested_conservative_grid,4753,11.3964236231,7.71415256874,617312.374548,nested_fusion,,282842.236255,51935.8029384,282534.335354,0.00240919712557
d463e527,oof,nested_conservative_grid,4767,8.65023449303,-2.64050365381,356698.196192,nested_fusion,,33236.7612548,192347.373337,131114.061599,-0.00461600249305
d4f60a28,oof,nested_conservative_grid,4501,6.03126301019,-3.1934788223,163728.976875,nested_fusion,,45902.5797551,7730.992238,110095.404882,-0.00100865984767
d50c649a,oof,nested_conservative_grid,4873,4.15418847407,0.198079550721,84094.7345922,nested_fusion,,191.194632501,1389.07845274,82514.4615069,0.00037954161602
d543916f,oof,nested_conservative_grid,4799,8.62807539105,-3.78640523683,357255.244092,nested_fusion,,68802.6132993,110466.45791,177986.172883,-0.00346321713741
d5df0ff5,oof,nested_conservative_grid,4032,10.9370321654,9.44081148288,482302.487873,nested_fusion,,359367.811308,14188.8858408,108745.790725,0.00161169923024
d60430e6,oof,nested_conservative_grid,2511,6.11331180817,-2.86639947197,93842.5515538,nested_fusion,,20630.9935376,35614.2239492,37597.3340671,-0.00519555959905
d63196fe,oof,nested_conservative_grid,4510,19.6555114624,17.2963686535,1742389.48012,nested_fusion,,1349231.30238,299608.470183,93549.7075555,0.00626041126755
d6c320d9,oof,nested_conservative_grid,5452,9.2796809199,-7.96950213675,469485.229921,nested_fusion,,346272.681405,56329.1332372,66883.4152782,-0.00204231813571
d6dd7330,oof,nested_conservative_grid,6193,9.22899702133,-3.58557059902,527484.97262,nested_fusion,,79619.1682116,2144.71400043,445721.090408,-0.000329172618399
d7ba4f9d,oof,nested_conservative_grid,6023,6.45678655517,5.41806857938,251099.427844,nested_fusion,,176807.978529,4931.58118337,69359.8681316,0.000520432521681
d7eb0be8,oof,nested_conservative_grid,5401,29.1489302472,-22.5986298535,4589014.38672,nested_fusion,,2758280.28285,313769.702902,1516964.40097,0.00488860410142
d84b621b,oof,nested_conservative_grid,3994,17.3337524851,16.4847404363,1200033.14701,nested_fusion,,1085356.18901,11615.3796237,103061.578384,0.00147909221087
d90aa14c,oof,nested_conservative_grid,10018,10.6102488354,-3.70364217625,1127800.19633,nested_fusion,,137416.559073,15164.7027965,975218.934462,-0.000425437762379
d924e971,oof,nested_conservative_grid,3184,27.8146943365,-18.519276561,2463324.59178,nested_fusion,,1091996.11623,1267750.44735,103578.028192,-0.0217094060686
d9ae59b2,oof,nested_conservative_grid,3648,7.66933482604,6.41339132482,214570.605466,nested_fusion,,150048.034065,45401.9633103,19120.6080913,0.00335000697714
d9d6d94d,oof,nested_conservative_grid,4919,9.83956464694,3.11504298617,476242.982579,nested_fusion,,47731.4811113,70686.5508071,357824.950661,0.00266958524588
d9eca87b,oof,nested_conservative_grid,6373,23.1026078691,16.5951384628,3401464.41501,nested_fusion,,1755115.40908,1086077.28029,560271.725639,0.00709586125273
da2d4d7c,oof,nested_conservative_grid,2114,5.34786869458,4.64953618574,60459.7649005,nested_fusion,,45700.8467737,2434.63257064,12324.2855561,-0.00175853052385
da3bfe4e,oof,nested_conservative_grid,5549,25.6770887783,22.3677938531,3658527.21623,nested_fusion,,2776265.7021,358568.84948,523692.664656,0.00501827921607
da3cf798,oof,nested_conservative_grid,5844,11.757393491,-9.71726208369,807852.947144,nested_fusion,,551820.765964,152396.486032,103635.695147,-0.00302700260743
da940160,oof,nested_conservative_grid,5132,10.9794926175,-10.0128924521,618658.792768,nested_fusion,,514524.134305,44584.1226889,59550.5357735,-0.001989531283
dafc88c3,oof,nested_conservative_grid,5572,13.4855924039,-12.2725984374,1013330.62024,nested_fusion,,839236.098638,65617.4476476,108477.073956,-0.00213345572796
dbee6c86,oof,nested_conservative_grid,7369,6.89538742688,5.52877004795,350369.184074,nested_fusion,,225250.420753,24239.6600208,100879.103299,0.00085259160948
dc5fbe29,oof,nested_conservative_grid,5203,6.65255130139,0.375598759641,230266.251168,nested_fusion,,734.010250154,30174.6959371,199357.544981,-0.00160336110266
dc7da28f,oof,nested_conservative_grid,4774,9.674070801,-5.52009927013,446787.421349,nested_fusion,,145470.921675,258018.182539,43298.3171349,-0.00533448092389
dc7f9757,oof,nested_conservative_grid,4360,6.80688275297,0.74827819361,202014.726263,nested_fusion,,2441.25231194,130609.104385,68964.3695668,0.00434858162343
dd168de0,oof,nested_conservative_grid,3304,4.60057951076,2.81111153993,69930.2563822,nested_fusion,,26109.3580891,23723.4506117,20097.4476814,-0.00280943839887
dd64382d,oof,nested_conservative_grid,3124,5.29331253311,-3.84500553742,87531.8482588,nested_fusion,,46185.4271287,23757.7078843,17588.7132457,-0.00305792181044
dd6bc5b2,oof,nested_conservative_grid,3602,16.8975493649,-15.1560171458,1028468.8827,nested_fusion,,827396.890321,110924.309151,90147.6832229,-0.00533689235665
dd7d638e,oof,nested_conservative_grid,4301,7.89295395728,5.53822875154,267946.80406,nested_fusion,,131920.176107,44712.4459432,91314.1820106,-0.00259687284449
ddc790ff,oof,nested_conservative_grid,4726,5.99579895541,4.24411393955,169897.833767,nested_fusion,,85127.0898014,10390.8691754,74379.8747903,0.0010868659804
df71d1ff,oof,nested_conservative_grid,6228,18.3261239585,14.2389206585,2091653.99085,nested_fusion,,1262707.45354,256939.834399,572006.702915,0.00357259217544
df73b8f3,oof,nested_conservative_grid,5311,15.6944656846,8.71426105026,1308185.62035,nested_fusion,,403308.553758,629988.706663,274888.35993,0.00710383001338
df8290be,oof,nested_conservative_grid,3972,13.2611121148,-8.28122470662,698504.379433,nested_fusion,,272394.527452,271604.342879,154505.509102,-0.00721182420777
e0079ed1,oof,nested_conservative_grid,3471,7.23076536526,-5.22385115674,181477.652121,nested_fusion,,94718.803171,24620.3607586,62138.4881913,0.00265800581477
e03b45fd,oof,nested_conservative_grid,5342,14.8434201621,0.127459598965,1176987.48631,nested_fusion,,86.7858615258,24855.7391464,1152044.9613,0.00139877591693
e0f36d98,oof,nested_conservative_grid,4976,12.4831646474,-8.72410919951,775407.092486,nested_fusion,,378723.764673,1841.16462992,394842.163183,0.000423463893099
e149204f,oof,nested_conservative_grid,6097,7.42040157136,5.89407886034,335715.205751,nested_fusion,,211810.789736,12068.8988952,111835.51712,0.000799374262009
e14d641e,oof,nested_conservative_grid,3184,6.38790434881,-2.44980800142,129924.145151,nested_fusion,,19108.9646324,18195.0561036,92620.1244152,0.00260080478416
e161bd0c,oof,nested_conservative_grid,2949,4.10249495846,1.44739895793,49633.0409435,nested_fusion,,6178.04807938,4422.15847117,39032.834393,-0.00143845287986
e201fd6d,oof,nested_conservative_grid,5070,14.814855621,5.84711212296,1112763.33166,nested_fusion,,173336.811305,63698.8072025,875727.713149,-0.00242183383566
e25f1537,oof,nested_conservative_grid,3177,10.6440180617,-1.96714122426,359938.597825,nested_fusion,,12293.860882,185072.652065,162572.084878,0.00832215780213
e2fc7745,oof,nested_conservative_grid,3692,12.7531980105,-8.8669252306,600481.867656,nested_fusion,,290273.764363,62018.7368637,248189.36643,0.00384555970775
e32da4ec,oof,nested_conservative_grid,4689,11.0956076596,-7.51060700485,577274.556273,nested_fusion,,264502.821239,5621.82955049,307149.905484,0.000808926607822
e3b34f5b,oof,nested_conservative_grid,5455,11.9307491925,8.4273397294,776479.844692,nested_fusion,,387414.39956,304532.053408,84533.3917237,0.00474476823313
e45a2a62,oof,nested_conservative_grid,5007,24.8748087197,-20.4056420389,3098111.83697,nested_fusion,,2084865.86669,124996.2734,888249.69688,-0.00345678825108
e46f4ef4,oof,nested_conservative_grid,7195,5.12358297598,-1.09924182796,188876.682572,nested_fusion,,8693.95303063,6816.79853081,173365.931011,-0.000468634933537
e4726608,oof,nested_conservative_grid,4733,6.80507626117,-3.19604890635,219180.794802,nested_fusion,,48346.3105195,100246.329001,70588.1552814,-0.00336837251461
e5864244,oof,nested_conservative_grid,4469,26.8731122889,-25.0465610093,3227351.64932,nested_fusion,,2803538.746,322538.64986,101274.25346,-0.00658515472691
e5c92e59,oof,nested_conservative_grid,4295,11.3797596033,9.47388413363,556197.898457,nested_fusion,,385495.49408,27327.9635976,143374.440779,0.00203446169715
e5ff9fd2,oof,nested_conservative_grid,2354,6.93326711208,-5.33883106456,113157.233963,nested_fusion,,67096.337738,5953.42914238,40107.4670826,-0.00234026247496
e6c55748,oof,nested_conservative_grid,4472,13.4056704558,-8.90821701894,803672.065656,nested_fusion,,354881.509802,287948.597492,160841.958362,-0.00621577700306
e730c32b,oof,nested_conservative_grid,4728,9.90571078225,-8.51142902945,463926.045648,nested_fusion,,342517.237256,42883.5897831,78525.2186096,-0.00220658162543
e737965a,oof,nested_conservative_grid,5955,9.46986234688,0.0737126434953,534034.234034,nested_fusion,,32.3568129449,258985.122038,275016.755183,0.00383623663422
e748dd88,oof,nested_conservative_grid,4812,3.50337881939,0.307348401704,59060.8670881,nested_fusion,,454.556148623,24461.251579,34145.0593604,0.00162308603664
e7818f7a,oof,nested_conservative_grid,5371,10.6988470097,9.91955182038,614793.273122,nested_fusion,,528493.017172,642.690009836,85657.5659401,0.000223104678009
e7c36e81,oof,nested_conservative_grid,3531,9.60742557676,7.57859746082,325920.573158,nested_fusion,,202803.47748,39488.8012531,83628.2944252,0.00328080969165
e7d0c1de,oof,nested_conservative_grid,4711,6.83579373854,5.33820229284,220135.966205,nested_fusion,,134246.557922,19436.9413507,66452.4669329,0.00149360217911
e85074c5,oof,nested_conservative_grid,5675,9.67686294157,-8.76990257629,531416.513513,nested_fusion,,436471.010047,616.066094185,94329.4373721,-0.000201120103936
e97032ad,oof,nested_conservative_grid,3530,5.09768157682,-3.07243001776,91731.841829,nested_fusion,,33322.5865356,8110.55619442,50298.6990989,0.00148748947405
e9949a23,oof,nested_conservative_grid,4559,10.7883908149,2.33629480804,530619.166898,nested_fusion,,24884.2685678,18741.4198921,486993.478439,-0.00154059147609
ea0b99b7,oof,nested_conservative_grid,9239,6.51125001005,-0.364407319161,391700.12427,nested_fusion,,1226.87170225,28037.8418028,362435.410765,-0.000653168850907
ea3a0e38,oof,nested_conservative_grid,10052,9.24246322745,4.4520846024,858673.267686,nested_fusion,,199241.268049,350161.891215,309270.108422,0.00203397843896
ea41324e,oof,nested_conservative_grid,5025,6.26106168765,4.02769244567,196984.489619,nested_fusion,,81517.0898454,31767.213855,83700.1859184,-0.00173330941419
eabc711b,oof,nested_conservative_grid,5348,13.4227691555,7.14774967592,963553.073676,nested_fusion,,273231.060398,186044.577382,504277.435896,0.00382042818896
eac10e86,oof,nested_conservative_grid,6067,6.39848883257,5.54778203177,248386.980219,nested_fusion,,186729.431159,709.343555647,60948.205504,0.000195235122953
eafb863e,oof,nested_conservative_grid,3568,7.09629019645,-4.66354036978,179674.969683,nested_fusion,,77599.0361289,24136.6178456,77939.315708,-0.0025251755678
eb06a4e7,oof,nested_conservative_grid,4535,10.1152770356,4.95309383274,464015.891816,nested_fusion,,111257.78317,261596.877897,91161.2307488,0.00580150905895
eb640a35,oof,nested_conservative_grid,6037,11.5009804247,4.30195209621,798529.388759,nested_fusion,,111725.502327,461523.08256,225280.803872,0.00501713259066
eb934281,oof,nested_conservative_grid,5971,4.62259962218,3.91879801165,127590.879211,nested_fusion,,91696.514779,19.690291146,35874.6741407,-3.33154812574e-05
eba6605e,oof,nested_conservative_grid,4410,17.7833037265,-15.7460103659,1394644.3812,nested_fusion,,1093401.47518,48728.8728312,252514.033192,-0.00261111459811
ebe69318,oof,nested_conservative_grid,4976,5.68904808718,-1.45617303702,161049.574256,nested_fusion,,10551.3090108,73421.6589484,77076.6062967,-0.00267412787325
ec0d597b,oof,nested_conservative_grid,4616,17.5582802707,-11.9730581583,1423081.4392,nested_fusion,,661722.625594,135565.318417,625793.495187,-0.00406692564405
ec13af42,oof,nested_conservative_grid,5462,8.72292268884,-0.323558068807,415600.194846,nested_fusion,,571.815818086,289965.212378,125063.16665,0.00462100071359
ecdab904,oof,nested_conservative_grid,6147,15.5312585384,-13.4612774855,1482779.28952,nested_fusion,,1113873.23,38177.8014704,330728.258049,0.00140443377989
ecdaf714,oof,nested_conservative_grid,6592,16.7211922912,-13.3046526894,1843111.80665,nested_fusion,,1166874.85875,96474.8411851,579762.106718,-0.00201035088827
ed6436d6,oof,nested_conservative_grid,2945,1.38276723135,0.721601727207,5630.97316138,nested_fusion,,1533.48816023,844.805796385,3252.67920477,0.000630000859374
ed6e6e54,oof,nested_conservative_grid,6048,12.0141582175,-5.98404107249,872968.305937,nested_fusion,,216571.305226,6788.22949277,649608.771217,-0.000606807882053
edf885a3,oof,nested_conservative_grid,3117,14.6731222585,-11.9539875704,671091.710908,nested_fusion,,445412.501305,17956.6152849,207722.594319,0.00266745855879
ee0300f7,oof,nested_conservative_grid,4544,23.7421618177,-22.5132102259,2561408.48591,nested_fusion,,2303102.01997,168643.645462,89662.8204805,-0.00464427727421
ee288beb,oof,nested_conservative_grid,4638,29.5228729012,-22.9997521816,4042480.91289,nested_fusion,,2453449.12873,1469098.49808,119933.286078,-0.0132929072354
ee4aecac,oof,nested_conservative_grid,5265,4.40104971773,-2.30439914732,101979.041323,nested_fusion,,27958.4948398,14987.0891916,59033.4572919,-0.00111007344467
eeda36f5,oof,nested_conservative_grid,4797,3.65463188765,2.03626960268,64070.3353217,nested_fusion,,19890.2515134,1385.80501742,42794.2787909,0.00038813885419
eeed308d,oof,nested_conservative_grid,3899,7.9135133943,1.23940614968,244169.783849,nested_fusion,,5989.36152743,163948.084293,74232.3380286,-0.00576121334122
ef04658e,oof,nested_conservative_grid,4104,13.3748673115,-11.6224978135,734152.558258,nested_fusion,,554378.397068,110259.296553,69514.8646373,-0.00437509226794
ef8e3ed0,oof,nested_conservative_grid,5224,18.72008405,16.3742955947,1830706.64069,nested_fusion,,1400646.11371,74192.234459,355868.292523,0.00249899337093
efde6ac3,oof,nested_conservative_grid,4559,8.961735922,4.21390350746,366145.648244,nested_fusion,,80954.0844493,128919.975964,156271.587831,0.00404060459239
efe96181,oof,nested_conservative_grid,4012,21.4047089257,20.1767975352,1838144.19555,nested_fusion,,1633297.87302,115065.606586,89780.7159463,0.00462404461401
f0188a48,oof,nested_conservative_grid,4170,5.93396323578,1.33632132946,146833.70508,nested_fusion,,7446.59708057,8515.92453475,130871.183465,0.00118714141218
f021b650,oof,nested_conservative_grid,3739,5.21964879122,3.52764976379,101868.05857,nested_fusion,,46529.2857685,9039.75292366,46299.0198782,-0.00144057449366
f03f10fe,oof,nested_conservative_grid,4145,7.18769338932,-2.0705474371,214142.870793,nested_fusion,,17770.3059271,46294.295277,150078.269589,-0.0027929783678
f053a1b9,oof,nested_conservative_grid,4108,6.65720723191,4.66847630364,182060.020592,nested_fusion,,89532.5084584,14029.0044107,78498.5077229,0.00155832633241
f074d277,oof,nested_conservative_grid,2453,18.6612722785,-17.332811483,854240.282729,nested_fusion,,736945.84613,41138.8792047,76155.5573944,-0.005783231331
f07d7037,oof,nested_conservative_grid,5563,7.09200558725,-6.44582017099,279799.670098,nested_fusion,,231134.848876,12147.932594,36516.8886278,-0.000920191520296
f08774c3,oof,nested_conservative_grid,3900,12.1742040238,-4.32510242161,578023.850087,nested_fusion,,72955.392734,290517.0755,214551.381853,-0.00766618964564
f140c2fa,oof,nested_conservative_grid,4082,16.6125592314,15.2708958034,1126538.62106,nested_fusion,,951923.455767,131222.126607,43393.0386808,0.00481154632347
f16e25e3,oof,nested_conservative_grid,4651,4.1861452465,-2.76694900737,81503.2497274,nested_fusion,,35608.0876705,8992.60748936,36902.5545675,0.0010356522252
f2d4c8c9,oof,nested_conservative_grid,6249,5.28974118848,4.22003485916,174855.530145,nested_fusion,,111286.530134,741.450334468,62827.5496767,-0.000190948334323
f321a31c,oof,nested_conservative_grid,5141,11.1229610468,2.03044659268,636045.869245,nested_fusion,,21194.8694132,70599.8307711,544251.16906,0.0024970144493
f40cd091,oof,nested_conservative_grid,5166,12.2136564322,-8.35003326501,770629.802188,nested_fusion,,360189.304851,272582.054715,137858.442621,-0.00487088256303
f439a621,oof,nested_conservative_grid,2821,7.43540740545,4.29501856129,155959.784147,nested_fusion,,52039.5073104,2143.46243665,101776.8144,0.00107039472358
f49fdea3,oof,nested_conservative_grid,5391,3.93333659706,-2.7835860678,83404.8984119,nested_fusion,,41771.3623803,130.83406307,41502.7019685,-0.000100102989395
f4d12d23,oof,nested_conservative_grid,3701,26.8863345577,25.9502656489,2675360.323,nested_fusion,,2492313.67911,34267.0095142,148779.634379,0.00284806642335
f56d3ace,oof,nested_conservative_grid,5432,4.48038224646,-1.11629718397,109041.017804,nested_fusion,,6768.9205968,262.320013123,102009.777194,0.000140141480487
f5859199,oof,nested_conservative_grid,5790,15.1192280964,-13.5404394977,1323542.22716,nested_fusion,,1061558.87537,503.610656843,261479.741136,-0.000176449421851
f5d8aab6,oof,nested_conservative_grid,4444,9.53870032118,7.43648836611,404345.356164,nested_fusion,,245759.24037,94349.9449203,64236.1708736,0.00359170272445
f631da6e,oof,nested_conservative_grid,4093,9.85786748351,7.96798844032,397747.717563,nested_fusion,,259859.82124,123.807178498,137764.089144,0.000147197668852
f6824bb0,oof,nested_conservative_grid,5015,21.5489595976,19.0689886854,2328753.66359,nested_fusion,,1823586.04236,317912.579663,187255.041559,0.00549968837635
f6bc699b,oof,nested_conservative_grid,3752,9.76996786724,-5.20927628313,358136.92502,nested_fusion,,101816.370846,11473.6204137,244846.93376,0.00161453190953
f6d009f4,oof,nested_conservative_grid,6715,27.617678935,-9.49307767372,5121773.51422,nested_fusion,,605145.886775,1093325.58763,3423302.03982,-0.00658258322131
f72b268f,oof,nested_conservative_grid,6404,9.75988940513,-2.87010263636,610015.845447,nested_fusion,,52752.8804733,490249.26162,67013.7033535,-0.00473284321219
f8662c22,oof,nested_conservative_grid,5429,9.78736239259,-6.57825105029,520057.279476,nested_fusion,,234931.217375,847.883185433,284278.178916,-0.000252161558085
f88ddb26,oof,nested_conservative_grid,4990,44.9553610658,39.5694110201,10084712.5979,nested_fusion,,7813034.05952,689489.495326,1582189.04307,0.00816025330918
f8afa78a,oof,nested_conservative_grid,6032,16.2160090117,-15.1336272047,1586168.37596,nested_fusion,,1381488.88773,15532.6824817,189146.805743,-0.000921556277798
f8f59188,oof,nested_conservative_grid,4807,5.25938942186,-2.31074965631,132967.278276,nested_fusion,,25667.2840236,20171.2481003,87128.7461517,-0.0014762021543
f9fc81aa,oof,nested_conservative_grid,5598,9.26680929815,-3.33032480297,480721.278073,nested_fusion,,62087.7723159,86911.669437,331721.83632,0.00243826180085
fa16d114,oof,nested_conservative_grid,5686,22.2118966963,18.3995355387,2805292.46567,nested_fusion,,1924954.97511,409670.242826,470667.247739,0.0051712740819
fa31da94,oof,nested_conservative_grid,5027,9.02725060537,6.84413685584,409656.531305,nested_fusion,,235475.786158,98030.0201833,76150.7249639,0.00304303431544
fa667be2,oof,nested_conservative_grid,7296,10.7006958179,9.34093645804,835427.684636,nested_fusion,,636598.57319,77436.9405207,121392.170926,0.00154681182008
fae0c593,oof,nested_conservative_grid,4403,10.0403031349,0.0785594052347,443856.246044,nested_fusion,,27.1734674041,212760.975266,231068.09731,-0.0054690713875
fb03ae90,oof,nested_conservative_grid,6431,44.656397202,42.8676479706,12824660.3989,nested_fusion,,11817832.2447,400074.226718,606753.927499,0.00424857364897
fb0904bd,oof,nested_conservative_grid,3181,6.45247451018,6.32320637332,132439.113256,nested_fusion,,127185.728449,1325.7625271,3927.62227981,0.000703036722414
fb3848a1,oof,nested_conservative_grid,5919,7.36819975954,-4.4776238099,321344.686395,nested_fusion,,118670.711584,1954.77481066,200719.2,-0.000336330680723
fb73b13a,oof,nested_conservative_grid,5640,9.66523351684,1.60066753159,526870.407593,nested_fusion,,14450.4501233,50094.1663229,462325.791147,-0.00183048237071
fba7683c,oof,nested_conservative_grid,407,3.45551031323,-2.42617187092,4859.80447061,nested_fusion,,2395.72814853,438.973976438,2025.10234564,0.00883933732159
fbd68d27,oof,nested_conservative_grid,6829,22.9792979445,21.3094481634,3606040.70725,nested_fusion,,3100998.23585,246444.7747,258597.696704,0.0030472968714
fc03f21f,oof,nested_conservative_grid,4803,12.4698159328,9.19152620516,746848.774041,nested_fusion,,405777.391567,121649.590011,219421.792463,0.00362975303685
fc0d20b2,oof,nested_conservative_grid,3954,13.8820031891,11.2365265983,761975.38959,nested_fusion,,499230.181596,137487.298209,125257.909784,0.00516614900596
fcfcc902,oof,nested_conservative_grid,2791,9.06841935976,8.67841287742,229521.317049,nested_fusion,,210203.746548,6767.15161301,12550.4188885,0.001932652841
fd3b4faa,oof,nested_conservative_grid,5022,7.927315452,3.08678529992,315594.182644,nested_fusion,,47850.8387956,115129.316701,152614.027146,0.00330269548415
fd710aea,oof,nested_conservative_grid,4217,5.00907205756,-2.47274948064,105807.915736,nested_fusion,,25784.8043047,18560.3320895,61462.7793416,-0.00172336831906
fd8f77fa,oof,nested_conservative_grid,5272,25.3967416098,-23.4002355796,3400410.92174,nested_fusion,,2886794.44476,50241.1292166,463375.347765,-0.00202841691961
fde20ecf,oof,nested_conservative_grid,4667,14.3379716927,-12.8154746128,959429.87636,nested_fusion,,766491.230038,72861.6767898,120076.969532,-0.00293280719089
fdfd57da,oof,nested_conservative_grid,5236,3.25324439001,-0.135701140663,55415.724684,nested_fusion,,96.4198905864,10068.8128263,45250.4919672,-0.000917445569954
febb4411,oof,nested_conservative_grid,4247,6.68686094316,3.21936432886,189900.822083,nested_fusion,,44017.2104781,20082.9272189,125800.684386,0.00177370238812
fef8af96,oof,nested_conservative_grid,3826,45.0754844561,38.0139151789,7773664.11779,nested_fusion,,5528790.94088,2118195.29184,126677.885072,0.021303756451
ff0aea78,oof,nested_conservative_grid,3261,31.9427867059,-30.1623371918,3327334.0311,nested_fusion,,2966748.83327,51053.7700576,309531.42777,-0.00420318353544
ff8bb73a,oof,nested_conservative_grid,5927,9.37360912317,2.36543220371,520773.17596,nested_fusion,,33163.162388,40072.7928368,447537.220735,0.00151971812792
ffefef30,oof,nested_conservative_grid,4570,9.95146406098,7.89229349705,452574.580893,nested_fusion,,284657.515661,112877.475793,55039.5894398,0.00376721127993
