well_id,split,candidate,promoted,rows_scored,rmse,mean_error,sse,regime,uncertainty,datum_sse,trend_sse,shape_sse,trend_per_row
000d7d20,oof,hybrid_confidence_fallback,False,3836,9.89970700671,8.00363801936,375944.106668,e010_nonlinear_selector,,245727.337846,114008.509669,16208.2591537,0.00492313079835
00bbac68,oof,hybrid_confidence_fallback,False,6014,19.2002505739,9.8967007612,2217058.82732,e010_nonlinear_selector,,589039.341343,1040360.89821,587658.587768,0.00757595704957
00e12e8b,oof,hybrid_confidence_fallback,False,4301,9.27866717487,4.69165121944,370288.851195,e010_nonlinear_selector,,94671.8536003,129645.229429,145971.768166,0.00442195930256
015fe0d2,oof,hybrid_confidence_fallback,False,4296,15.8837970412,-11.3080907706,1083859.35628,e010_nonlinear_selector,,549342.050903,281740.327578,252776.977799,-0.00653008348104
01869cd4,oof,hybrid_confidence_fallback,False,5557,9.73825988479,5.2675248995,526990.901929,e010_nonlinear_selector,,154189.070776,140642.142144,232159.689008,-0.00313608460967
01982c1d,oof,hybrid_confidence_fallback,False,3941,9.05741490543,7.01118069936,323306.889955,e010_nonlinear_selector,,193726.376563,9072.66205883,120507.851333,0.00133366990729
028d7b28,oof,hybrid_confidence_fallback,False,6234,14.2843945727,12.1090463261,1272009.84907,e010_nonlinear_selector,,914085.204255,184.853436226,357739.791383,9.56872769577e-05
02e7fe5a,oof,hybrid_confidence_fallback,False,5108,7.10254997781,-5.05044983431,257679.272285,e010_nonlinear_selector,,130289.978345,333.670769368,127055.62317,-0.000173329857441
0390d174,oof,hybrid_confidence_fallback,False,4411,12.740196284,9.73929641358,715960.884575,e010_nonlinear_selector,,418400.52922,7695.25821215,289865.097143,-0.00103728153284
03a935ae,oof,hybrid_confidence_fallback,False,2786,44.3654774858,40.3471800822,5483671.52083,e010_nonlinear_selector,,4535315.30446,874117.035603,74239.180769,0.0220243842294
044af7d1,oof,hybrid_confidence_fallback,False,4519,6.96325036893,0.568677755634,219112.10091,e010_nonlinear_selector,,1461.41924729,34923.6160304,182727.065632,-0.00213101606641
0498acab,oof,hybrid_confidence_fallback,False,4798,6.75214387038,4.63344691805,218747.761969,e010_nonlinear_selector,,103007.447983,9165.87707839,106574.436908,0.000997900594524
052d64df,oof,hybrid_confidence_fallback,False,2445,8.70165846037,-5.3461023453,185132.612604,e010_nonlinear_selector,,69880.0811504,30010.4491617,85242.0822923,-0.00496373527696
05948241,oof,hybrid_confidence_fallback,False,3879,4.11451717514,1.65877343335,65668.5668963,e010_nonlinear_selector,,10673.182167,1050.74874652,53944.6359828,-0.000464793887857
059c8f24,oof,hybrid_confidence_fallback,False,6258,8.11326549233,1.15548685013,411933.331547,e010_nonlinear_selector,,8355.36782904,218211.031803,185366.931915,-0.00326870435592
05a0ee4d,oof,hybrid_confidence_fallback,False,4348,15.7821189261,8.90234774398,1082979.30787,e010_nonlinear_selector,,344586.806202,459343.519613,279048.982051,0.00818889171436
060ab2b8,oof,hybrid_confidence_fallback,False,6258,8.16970109804,-4.62998250814,417684.052324,e010_nonlinear_selector,,134151.106564,64375.9968193,219156.94894,-0.00177541250216
06df5958,oof,hybrid_confidence_fallback,False,3509,3.51623421603,0.377711210902,43384.9358444,e010_nonlinear_selector,,500.614147774,6733.93489584,36150.3868008,-0.00136757151069
071d7b45,oof,hybrid_confidence_fallback,False,3211,7.94955650776,-6.90452323441,202920.58568,e010_nonlinear_selector,,153076.208355,1193.35354406,48651.0237812,-0.00065768017287
0849b4e2,oof,hybrid_confidence_fallback,False,5537,16.4117130922,12.1852625501,1491359.5365,e010_nonlinear_selector,,822137.211843,555019.849972,114202.474682,0.00626373106196
084d66f9,oof,hybrid_confidence_fallback,False,3885,9.0882275301,1.00873085114,320884.992397,e010_nonlinear_selector,,3953.13485824,19706.9860713,297224.871468,0.00200823350051
08fecf00,oof,hybrid_confidence_fallback,False,5574,5.73606269988,0.13162016077,183398.062866,e010_nonlinear_selector,,96.5632331041,70297.4456125,113004.05402,-0.00220703873636
09053135,oof,hybrid_confidence_fallback,False,5907,15.6243890068,-14.7453887705,1442025.88855,e010_nonlinear_selector,,1284338.27639,3411.71722371,154275.89494,-0.00044568363436
09441b8d,oof,hybrid_confidence_fallback,False,5488,13.7715934411,9.44898678677,1040836.44106,e010_nonlinear_selector,,489987.031916,12185.0942379,538664.314903,-0.00094055440629
0955cd6c,oof,hybrid_confidence_fallback,False,5195,17.155560502,15.7184489743,1528957.36563,e010_nonlinear_selector,,1283526.77023,112431.708446,132998.886957,0.00310210653221
09ec2ca9,oof,hybrid_confidence_fallback,False,5885,4.36099586623,-1.3549043991,111922.606903,e010_nonlinear_selector,,10803.4825021,21729.7616718,79389.3627292,0.00113109324844
0a57a29c,oof,hybrid_confidence_fallback,False,5821,5.87729994474,-3.92463248854,201072.792662,e010_nonlinear_selector,,89659.3505301,69479.8691633,41933.5729688,-0.00205600291699
0bbf5e67,oof,hybrid_confidence_fallback,False,4298,14.7870733702,12.7347440365,939790.101999,e010_nonlinear_selector,,697022.586994,136799.089261,105968.425744,0.00454708027183
0be01c24,oof,hybrid_confidence_fallback,False,4738,4.19066237323,0.0603457384383,83207.1030368,e010_nonlinear_selector,,17.2539394037,520.159326943,82669.6897705,-0.000242251370797
0c1b160c,oof,hybrid_confidence_fallback,False,5054,10.3987586521,-7.42444282618,546510.153324,e010_nonlinear_selector,,278588.363365,1647.20813341,266274.581825,-0.000391301951812
0d99f8e4,oof,hybrid_confidence_fallback,False,5823,8.23567443649,4.28224406775,394952.739527,e010_nonlinear_selector,,106779.927811,127.671119261,288045.140596,8.80880055801e-05
0dc5e64d,oof,hybrid_confidence_fallback,False,4879,15.3446016543,1.8106111971,1148793.72686,e010_nonlinear_selector,,15994.8886736,120297.575138,1012501.26305,-0.0035255172308
0dc835f3,oof,hybrid_confidence_fallback,False,4428,16.6819365071,14.4519778421,1232254.86092,e010_nonlinear_selector,,924830.590193,23939.4703708,283484.800356,0.00181901585618
0dd99dc5,oof,hybrid_confidence_fallback,False,7342,7.72144256434,4.18589569412,437734.997865,e010_nonlinear_selector,,128644.488519,620.895834788,308469.613512,-0.000137207682833
0e5e560d,oof,hybrid_confidence_fallback,False,3253,8.61510665532,-5.70199990488,241437.863907,e010_nonlinear_selector,,105764.147883,48274.0176213,87399.698402,0.00410224194511
109d9d70,oof,hybrid_confidence_fallback,False,4215,10.8540884754,-7.1790566999,496574.362403,e010_nonlinear_selector,,217236.274248,222446.345046,56891.743108,-0.00597044777745
10a1281a,oof,hybrid_confidence_fallback,False,5609,11.2582548155,-10.9873875868,710931.223059,e010_nonlinear_selector,,677133.54568,6480.55617034,27317.1212082,0.00066384793633
10b89021,oof,hybrid_confidence_fallback,False,5414,8.0457754798,6.45130145768,350472.599628,e010_nonlinear_selector,,225326.838756,44307.7943998,80837.9664728,0.00183043081808
10be2420,oof,hybrid_confidence_fallback,False,3271,8.1590065739,7.11508364391,217748.469041,e010_nonlinear_selector,,165592.462315,33581.3030429,18574.7036828,0.00339327141864
113011eb,oof,hybrid_confidence_fallback,False,3272,5.46838993215,1.22041587904,97843.5598084,e010_nonlinear_selector,,4873.36561105,35261.3675808,57708.8266165,0.0034755238797
1131525f,oof,hybrid_confidence_fallback,False,4159,14.6014447728,-11.7056812174,886707.905933,e010_nonlinear_selector,,569878.543719,221260.316989,95569.0452248,-0.00607517818274
11d0f5ac,oof,hybrid_confidence_fallback,False,4883,21.2357343598,-18.204883438,2202020.16858,e010_nonlinear_selector,,1618313.02459,374730.954346,208976.189649,-0.00621470230851
12203f2a,oof,hybrid_confidence_fallback,False,3261,11.6941296931,9.22358009199,445950.454522,e010_nonlinear_selector,,277427.715295,58534.4978934,109988.241334,0.00450059977265
122bd617,oof,hybrid_confidence_fallback,False,4570,11.2184770273,-4.72316163811,575153.816533,e010_nonlinear_selector,,101948.729279,354.694649306,472850.392605,0.00021117555869
125be846,oof,hybrid_confidence_fallback,False,6510,20.9391156783,19.3827145671,2854287.14068,e010_nonlinear_selector,,2445739.45218,162754.137873,245793.550632,0.00266063417253
1285a37b,oof,hybrid_confidence_fallback,False,5597,9.2754748742,8.95878861254,481534.727892,e010_nonlinear_selector,,449214.623383,1190.86421203,31129.2402963,0.000285488613616
1295a25b,oof,hybrid_confidence_fallback,False,5551,7.429010247,-0.083492427698,306360.762731,e010_nonlinear_selector,,38.6959404156,42669.9696389,263652.097152,0.00173019461498
12f0cd90,oof,hybrid_confidence_fallback,False,5947,8.29605423663,3.63948208847,409299.39604,e010_nonlinear_selector,,78772.9502505,5019.11684766,325507.328942,0.00053512762918
137d1e44,oof,hybrid_confidence_fallback,False,4554,29.857045441,-21.4805722235,4059632.16186,e010_nonlinear_selector,,2101283.83281,1418746.78683,539601.542224,-0.0134262132098
13ce113d,oof,hybrid_confidence_fallback,False,2966,4.31598276854,1.98385734219,55249.7797282,e010_nonlinear_selector,,11673.2564041,16891.3200197,26685.2033044,-0.0027871845292
13f598d9,oof,hybrid_confidence_fallback,False,7306,9.46111270685,-7.68233621002,653979.447579,e010_nonlinear_selector,,431187.624137,265.963344743,222525.860097,-9.0465298029e-05
14a53cb3,oof,hybrid_confidence_fallback,False,6919,8.51591947932,-7.13302423248,501772.000397,e010_nonlinear_selector,,352038.960098,4212.63979945,145520.4005,0.00039066346245
14ab73fb,oof,hybrid_confidence_fallback,False,3649,7.12191058658,2.12577205169,185083.156361,e010_nonlinear_selector,,16489.4909706,21620.7543632,146972.911028,0.00231081546646
14ad5efb,oof,hybrid_confidence_fallback,False,5842,7.24858895619,-0.24318212387,306950.608522,e010_nonlinear_selector,,345.48154005,180424.425352,126180.70163,-0.00329530764424
14fee784,oof,hybrid_confidence_fallback,False,4910,20.2816486782,11.64927711,2019705.29095,e010_nonlinear_selector,,666314.776775,15586.8797885,1337803.63439,-0.00125703678527
153552f5,oof,hybrid_confidence_fallback,False,4695,4.47803342808,-0.137212095565,94147.8179832,e010_nonlinear_selector,,88.3935123004,75378.3193518,18681.1051191,0.00295638141203
1550491d,oof,hybrid_confidence_fallback,False,4563,16.0408486583,14.7169533164,1174100.17157,e010_nonlinear_selector,,988294.30617,43491.1763551,142314.68904,0.00234377278794
155887bb,oof,hybrid_confidence_fallback,False,5585,23.3979725054,-21.6283523396,3057592.68048,e010_nonlinear_selector,,2612582.71522,198017.301863,246992.663398,-0.00369323917116
1590af81,oof,hybrid_confidence_fallback,False,3799,4.93130565602,-0.652136724846,92383.2290222,e010_nonlinear_selector,,1615.64748769,1037.10822867,89730.4733059,0.000476429602118
15e154a1,oof,hybrid_confidence_fallback,False,6068,9.74937358018,-5.96942803227,576765.130629,e010_nonlinear_selector,,216227.543025,3959.7793156,356577.808288,0.000461166510945
1619e2ca,oof,hybrid_confidence_fallback,False,4443,6.9458810717,-0.20328658745,214353.70734,e010_nonlinear_selector,,183.608914978,292.953834131,213877.144591,0.000200205386225
16e4a047,oof,hybrid_confidence_fallback,False,4131,9.49175807363,8.05764719282,372176.130057,e010_nonlinear_selector,,268207.976991,83606.3670099,20361.7860564,0.00377248498061
173ed841,oof,hybrid_confidence_fallback,False,4883,8.23888563724,-2.49306460022,331454.312042,e010_nonlinear_selector,,30349.6570856,29571.2312533,271533.423703,-0.00174580305641
1770d7c6,oof,hybrid_confidence_fallback,False,7240,9.5432124632,4.19694834045,659367.825812,e010_nonlinear_selector,,127528.077696,219399.710646,312440.03747,0.00263390922342
177622d7,oof,hybrid_confidence_fallback,False,3154,6.89200809736,2.7318855043,149814.292287,e010_nonlinear_selector,,23538.9277807,73783.5440956,52491.8204102,0.00531224219913
18d24f7b,oof,hybrid_confidence_fallback,False,4558,4.44346801154,-1.01798589245,89995.0115252,e010_nonlinear_selector,,4723.43387363,44541.5917231,40729.9859284,0.00237581171015
19137a89,oof,hybrid_confidence_fallback,False,6267,6.94774224291,1.55080941951,302515.123291,e010_nonlinear_selector,,15072.1967653,19261.933855,268180.992671,-0.000969060809019
1944513c,oof,hybrid_confidence_fallback,False,4722,5.99843626013,-4.7254424738,169903.403791,e010_nonlinear_selector,,105441.346638,775.245758249,63686.8113941,-0.000297249654148
197f8a5a,oof,hybrid_confidence_fallback,False,6310,22.3585010095,-18.2583914933,3154385.20024,e010_nonlinear_selector,,2103557.50611,229293.054198,821534.639931,-0.00330934495714
19871e7f,oof,hybrid_confidence_fallback,False,5293,12.9667839036,10.757957853,889951.707057,e010_nonlinear_selector,,612578.24739,203714.630243,73658.8294246,0.00406021377027
198a5607,oof,hybrid_confidence_fallback,False,6251,10.8244890115,8.39706643028,732426.934316,e010_nonlinear_selector,,440762.53969,50263.2228985,241401.171727,0.00157141735903
19fb4f7b,oof,hybrid_confidence_fallback,False,5620,9.42796702816,1.1318222108,499542.480037,e010_nonlinear_selector,,7199.34092479,36601.5149694,455741.624142,-0.0015730252262
1a518997,oof,hybrid_confidence_fallback,False,4606,11.9751652026,-11.4551484557,660521.502983,e010_nonlinear_selector,,604401.282809,35029.5853229,21090.6348509,-0.00207406437016
1a68190b,oof,hybrid_confidence_fallback,False,4474,17.0078874825,-14.4363645014,1294186.09062,e010_nonlinear_selector,,932420.165961,12400.0013033,349365.923359,-0.00128901368947
1a730ac2,oof,hybrid_confidence_fallback,False,4605,7.95843859431,-4.55345426483,291665.710078,e010_nonlinear_selector,,95479.8201413,1825.29133381,194360.598603,0.000473600636497
1aaf1da0,oof,hybrid_confidence_fallback,False,4804,4.88330576965,-1.50401668327,114559.427853,e010_nonlinear_selector,,10866.9659458,56604.3966346,47088.0652721,-0.00247520524748
1b08ed48,oof,hybrid_confidence_fallback,False,5618,11.2012237522,9.62972587136,704875.929312,e010_nonlinear_selector,,520966.243169,106666.93458,77242.7515631,0.00268678512244
1b1c5372,oof,hybrid_confidence_fallback,False,4261,16.2730637227,8.94217829047,1128366.50105,e010_nonlinear_selector,,340720.436537,592806.909411,194839.155101,0.00958914668614
1b1eba53,oof,hybrid_confidence_fallback,False,4655,59.9694777755,-54.8619920621,16740954.622,e010_nonlinear_selector,,14010796.6954,2331501.60952,398656.317094,-0.0166543989905
1b6ba517,oof,hybrid_confidence_fallback,False,6597,4.49018907067,2.25437478902,133007.380682,e010_nonlinear_selector,,33527.3109328,30602.1143358,68877.9554139,0.00113095836882
1b82b665,oof,hybrid_confidence_fallback,False,3806,6.47653279914,-2.20193554346,159644.485836,e010_nonlinear_selector,,18453.4676435,68868.8537757,72322.1644174,-0.00387167495825
1bcb2fcf,oof,hybrid_confidence_fallback,False,4524,3.60533843007,0.436146997704,58805.0565438,e010_nonlinear_selector,,860.574297116,5089.21098148,52855.2712652,-0.000812141993298
1beca81d,oof,hybrid_confidence_fallback,False,5036,8.92883327164,4.41821189145,401490.384253,e010_nonlinear_selector,,98305.7230563,122939.884831,180244.776366,0.00339866571447
1d3fbf02,oof,hybrid_confidence_fallback,False,2694,4.08392142514,0.624699435882,44931.6478729,e010_nonlinear_selector,,1051.3318437,12407.4811548,31472.8348744,-0.0027595360882
1d78281a,oof,hybrid_confidence_fallback,False,4949,9.91838842591,-6.24619864099,486855.048959,e010_nonlinear_selector,,193085.222443,3311.33042738,290458.496089,-0.000572553021753
1e30dedf,oof,hybrid_confidence_fallback,False,4071,19.4601272138,16.9436852648,1541673.65984,e010_nonlinear_selector,,1168737.16281,206685.658858,166250.838172,0.0060630919468
1e5e3573,oof,hybrid_confidence_fallback,False,5480,8.0749063656,-4.02980786535,357318.538216,e010_nonlinear_selector,,88991.6458454,87107.4052017,181219.487169,0.00252027151557
1f9afacb,oof,hybrid_confidence_fallback,False,5328,2.40905203668,-1.04044575823,30921.2169798,e010_nonlinear_selector,,5767.70585837,5720.20043437,19433.3106871,-0.000673674222401
1fdbba44,oof,hybrid_confidence_fallback,False,4911,5.3864118535,-1.41487372499,142484.967771,e010_nonlinear_selector,,9831.1720668,50048.053741,82605.7419636,-0.0022517974735
1fee2b62,oof,hybrid_confidence_fallback,False,4641,12.6211213296,-9.09462986496,739277.43748,e010_nonlinear_selector,,383867.748939,163946.95042,191462.738121,-0.00443634131655
20096916,oof,hybrid_confidence_fallback,False,5133,6.15847123157,3.40787623334,194678.099682,e010_nonlinear_selector,,59612.7136247,1543.59096868,133521.795089,-0.0003700836079
200d233d,oof,hybrid_confidence_fallback,False,3926,7.93699811535,-6.83156328798,247322.05684,e010_nonlinear_selector,,183227.428816,17062.5391173,47032.0889074,-0.00183944592089
201661b5,oof,hybrid_confidence_fallback,False,5955,12.5058002152,-6.08054861516,931332.457379,e010_nonlinear_selector,,220174.640552,528817.35838,182340.458446,-0.00548177027554
203721ab,oof,hybrid_confidence_fallback,False,5730,7.63584635353,0.553055045025,334094.236834,e010_nonlinear_selector,,1752.6344286,430.67549823,331910.926907,-0.000165742459467
20402d71,oof,hybrid_confidence_fallback,False,6372,11.1206166743,9.76679980145,788013.230165,e010_nonlinear_selector,,607827.49092,1561.49402193,178624.245223,0.000269120722855
2043abc5,oof,hybrid_confidence_fallback,False,6958,16.9313233594,-13.7690586442,1994647.84707,e010_nonlinear_selector,,1319146.17864,129.570617758,675372.097806,6.79387036205e-05
204cc64b,oof,hybrid_confidence_fallback,False,4805,8.60523037768,4.83331997315,355810.201243,e010_nonlinear_selector,,112249.518331,191607.643622,51953.0392895,0.00455257343009
206b6193,oof,hybrid_confidence_fallback,False,6535,36.7648067944,32.1549675166,8833039.40674,e010_nonlinear_selector,,6756810.55171,2019785.67623,56443.1787955,0.00931911957407
2075c696,oof,hybrid_confidence_fallback,False,3188,22.0246821283,-16.8571578135,1546456.15366,e010_nonlinear_selector,,905914.097327,584978.629107,55563.4272215,-0.0147191650605
22c5f93f,oof,hybrid_confidence_fallback,False,5172,6.77430904855,0.0780973921186,237349.612677,e010_nonlinear_selector,,31.5450761354,763.658769058,236554.408832,0.00025736680335
230eaaa3,oof,hybrid_confidence_fallback,False,4690,25.8455175724,-14.9516343596,3132876.75157,e010_nonlinear_selector,,1048455.92541,1615032.5604,469388.265757,-0.0137063560745
2364716c,oof,hybrid_confidence_fallback,False,4316,18.6944709167,-16.4864042176,1508369.67616,e010_nonlinear_selector,,1173095.3777,169868.634594,165405.66386,-0.00503529684616
23b9beb0,oof,hybrid_confidence_fallback,False,7340,6.51475999689,5.08564040974,311524.997977,e010_nonlinear_selector,,189839.839688,31.308286306,121653.850003,3.08230907906e-05
24d8997e,oof,hybrid_confidence_fallback,False,3442,8.38056217143,5.58591358807,241744.816388,e010_nonlinear_selector,,107398.766171,16915.4030007,117430.647216,0.00223108192039
25050f63,oof,hybrid_confidence_fallback,False,6124,16.1396548314,-14.0907493127,1595231.31726,e010_nonlinear_selector,,1215915.39998,15081.3963696,364234.520911,-0.000887684492295
25939962,oof,hybrid_confidence_fallback,False,4319,12.0555217839,-6.8997350061,627704.480079,e010_nonlinear_selector,,205611.796084,119763.8763,302328.807695,-0.00422356080176
25fd32b3,oof,hybrid_confidence_fallback,False,2885,1.00539606536,0.155258024568,2916.2193012,e010_nonlinear_selector,,69.5430813457,128.55267692,2718.12354293,0.000253461782741
261785ee,oof,hybrid_confidence_fallback,False,3646,19.2178577373,16.3290612879,1346562.80022,e010_nonlinear_selector,,972163.032317,102180.542925,272219.224977,0.00502978875783
264feceb,oof,hybrid_confidence_fallback,False,5665,4.82798038623,4.11779205429,132047.720464,e010_nonlinear_selector,,96056.9375946,3.05149955143,35987.7313703,1.4192124545e-05
26623a50,oof,hybrid_confidence_fallback,False,5735,17.9325000455,16.2337406865,1844230.08946,e010_nonlinear_selector,,1511369.42084,11298.4010183,321562.267604,0.000847810886449
26d3a96a,oof,hybrid_confidence_fallback,False,4721,7.74998979197,-5.06801052415,283554.315523,e010_nonlinear_selector,,121257.613507,34582.2628294,127714.439187,0.00198594097135
272abef3,oof,hybrid_confidence_fallback,False,4135,8.24950735373,5.18994273415,281404.826481,e010_nonlinear_selector,,111378.315589,18817.0365341,151209.474358,0.00178711697066
27300fd5,oof,hybrid_confidence_fallback,False,5467,11.5504068259,-9.51329700366,729362.845512,e010_nonlinear_selector,,494778.916283,46474.1669352,188109.762294,0.0018474505655
276b012a,oof,hybrid_confidence_fallback,False,4837,11.8647205946,-1.93097420341,680912.203991,e010_nonlinear_selector,,18035.5350671,177268.375344,485608.29358,0.00433552937843
27c3155b,oof,hybrid_confidence_fallback,False,4958,12.2686405518,10.983876607,746275.88423,e010_nonlinear_selector,,598160.613685,48837.1260979,99278.1444472,0.00219283471441
27ebb9b9,oof,hybrid_confidence_fallback,False,5766,8.53481026367,-4.98812811697,420012.658641,e010_nonlinear_selector,,143466.279894,5132.1873437,271414.191404,-0.000566800106457
283269ac,oof,hybrid_confidence_fallback,False,2626,3.53532794453,1.87132616541,32821.1756916,e010_nonlinear_selector,,9195.88860711,21022.9635329,2602.32355164,0.00373246325026
28473855,oof,hybrid_confidence_fallback,False,4290,4.634962698,-1.59064925521,92161.5518187,e010_nonlinear_selector,,10854.4080778,9027.21733108,72279.9264098,-0.00117133641676
28f4eda9,oof,hybrid_confidence_fallback,False,5266,7.36463072359,-2.6505628641,285616.179469,e010_nonlinear_selector,,36996.1960928,53103.5216984,195516.461678,-0.00208896426329
29b24409,oof,hybrid_confidence_fallback,False,5587,13.1855731415,-11.3668148167,971352.127383,e010_nonlinear_selector,,721865.424598,161028.591261,88458.1115249,-0.0033286958896
29de15c8,oof,hybrid_confidence_fallback,False,3431,9.59113621091,8.41414209248,315617.325683,e010_nonlinear_selector,,242907.20772,40304.2587805,32405.8591829,0.00346046956298
2ab29395,oof,hybrid_confidence_fallback,False,1852,2.32751408589,1.62862919351,10032.8800107,e010_nonlinear_selector,,4912.3060085,131.175394377,4989.39860779,-0.000497800584379
2ac7cb6b,oof,hybrid_confidence_fallback,False,4990,17.6133291342,7.01619405061,1548044.52231,e010_nonlinear_selector,,245642.624989,403023.738188,899378.159134,0.00623885837102
2acc78d4,oof,hybrid_confidence_fallback,False,4266,9.12297243852,-2.76315969539,355053.319002,e010_nonlinear_selector,,32571.1297084,114454.419187,208027.770107,-0.00420606171942
2b034622,oof,hybrid_confidence_fallback,False,5203,3.53161992965,-0.434907632375,64893.581521,e010_nonlinear_selector,,984.119607177,25571.8691606,38337.5927532,-0.00147601621677
2b06ad65,oof,hybrid_confidence_fallback,False,4256,7.48693185261,-7.05455509909,238566.456296,e010_nonlinear_selector,,211807.277982,13426.2543099,13332.924004,-0.0014456582554
2b547943,oof,hybrid_confidence_fallback,False,3480,5.43115428397,-1.37815869911,102651.08026,e010_nonlinear_selector,,6609.63847179,51111.2033451,44930.2384431,-0.00381487074666
2be5c96a,oof,hybrid_confidence_fallback,False,4210,4.60139916506,2.43489383828,89137.8007029,e010_nonlinear_selector,,24959.8606957,20771.4658732,43406.4741341,0.00182768380979
2bff06cf,oof,hybrid_confidence_fallback,False,7624,21.2450322442,-19.0896748622,3441103.03593,e010_nonlinear_selector,,2778305.19269,245863.020789,416934.82245,-0.00258025662583
2c0c4a4e,oof,hybrid_confidence_fallback,False,4790,4.72053951852,-1.25770903984,106737.933127,e010_nonlinear_selector,,7576.97541843,3499.38895285,95661.5687558,-0.000618135193172
2cee0cba,oof,hybrid_confidence_fallback,False,5500,7.90417102341,2.10264479338,343617.557621,e010_nonlinear_selector,,24316.1331992,39133.9343985,280167.490023,-0.00168005443063
2d0c268a,oof,hybrid_confidence_fallback,False,4550,10.2327162398,5.81606956845,476423.591477,e010_nonlinear_selector,,153911.326774,12190.9650572,310321.299646,0.00124621387355
2d179ded,oof,hybrid_confidence_fallback,False,7008,7.08801380429,0.211048767571,352081.497346,e010_nonlinear_selector,,312.147408712,2249.53071365,349519.819224,0.00028005636738
2d196986,oof,hybrid_confidence_fallback,False,6474,11.6067168727,8.29226259033,872150.584867,e010_nonlinear_selector,,445162.720544,321800.783698,105187.080624,0.00377246426277
2d2d0c6b,oof,hybrid_confidence_fallback,False,5045,4.60360985531,3.21067901719,106919.813566,e010_nonlinear_selector,,52006.179446,3931.08897864,50982.5451413,-0.000606115391805
2d35f86d,oof,hybrid_confidence_fallback,False,4896,10.0621877998,-1.64398916488,495708.363767,e010_nonlinear_selector,,13232.4210323,232380.288309,250095.654426,-0.00487447852576
2d9f6cb9,oof,hybrid_confidence_fallback,False,7338,9.79428905822,-5.57148035209,703920.384269,e010_nonlinear_selector,,227781.744136,339573.337677,136565.302456,-0.00321137378334
2ddad940,oof,hybrid_confidence_fallback,False,5331,9.3538856708,6.46540578787,466436.789346,e010_nonlinear_selector,,222843.647242,88612.0460636,154981.096041,0.00264925638174
2e29e833,oof,hybrid_confidence_fallback,False,5428,4.94850122256,-3.31634993529,132919.04209,e010_nonlinear_selector,,59698.1041766,6030.75085404,67190.1870593,0.000672692468641
2e43c2ea,oof,hybrid_confidence_fallback,False,5698,9.47032117853,-7.53395870819,511036.430413,e010_nonlinear_selector,,323421.521688,3197.57455802,184417.334167,-0.000455425456402
2e63d9de,oof,hybrid_confidence_fallback,False,4699,15.1090222397,8.98245463697,1072699.71674,e010_nonlinear_selector,,379136.424643,493641.369606,199921.922487,0.00755593545889
2ee0235b,oof,hybrid_confidence_fallback,False,5556,4.69590681771,-0.417741186781,122518.36091,e010_nonlinear_selector,,969.564776382,2637.78893304,118911.007201,-0.000429602990017
2f19d536,oof,hybrid_confidence_fallback,False,3088,4.62419825616,1.47011907098,66031.3509738,e010_nonlinear_selector,,6673.94025589,51220.4959637,8136.91475421,0.00456874162291
2f8e53c3,oof,hybrid_confidence_fallback,False,2594,4.33656221795,3.4352061721,48782.1722311,e010_nonlinear_selector,,30610.8639078,7177.84500132,10993.4633219,0.00222143052684
2fa01aa6,oof,hybrid_confidence_fallback,False,2174,12.7584060663,6.9145847651,353877.035719,e010_nonlinear_selector,,103942.162898,227986.412938,21948.4598833,0.0163175834399
2fd68f7b,oof,hybrid_confidence_fallback,False,4730,52.359056917,-48.212686326,12967157.079,e010_nonlinear_selector,,10994710.5707,770439.444395,1202007.06393,-0.00934691248274
2fe023be,oof,hybrid_confidence_fallback,False,4221,12.286347154,-9.44279668953,637178.21169,e010_nonlinear_selector,,376371.413739,4806.12908461,256000.668866,0.000875720109118
30d75030,oof,hybrid_confidence_fallback,False,3404,26.8046906539,21.5314078502,2445744.86533,e010_nonlinear_selector,,1578099.58773,841524.74917,26120.5284283,0.0160007286842
310c71a5,oof,hybrid_confidence_fallback,False,5245,9.58074430701,-7.74014941842,481442.019443,e010_nonlinear_selector,,314227.493787,5897.5268507,161316.998805,-0.000700337458095
32fe84c9,oof,hybrid_confidence_fallback,False,6408,22.2496374013,20.3294399263,3172257.10366,e010_nonlinear_selector,,2648337.5064,161206.526444,362713.07081,0.00271142866967
33c40295,oof,hybrid_confidence_fallback,False,4169,4.89700155553,-0.458191303731,99975.2224353,e010_nonlinear_selector,,875.236820025,43350.346835,55749.6387803,-0.00267940942736
3407f5bf,oof,hybrid_confidence_fallback,False,3638,20.1224242149,11.9865224019,1473069.69696,e010_nonlinear_selector,,522695.90478,702245.204603,248128.587575,0.0132294256065
3417285d,oof,hybrid_confidence_fallback,False,5449,27.6767422301,-26.1037243705,4173945.22752,e010_nonlinear_selector,,3712972.71733,6418.89693216,454553.613264,-0.000689994485185
347242c8,oof,hybrid_confidence_fallback,False,3595,1.95867570628,0.152817212137,13791.895828,e010_nonlinear_selector,,83.95439567,307.919014683,13400.0224176,0.000282007430771
353e5502,oof,hybrid_confidence_fallback,False,6062,6.79707523041,-3.13141309364,280065.804492,e010_nonlinear_selector,,59442.4441517,57707.1051052,162916.255235,-0.00176311798297
357c12f9,oof,hybrid_confidence_fallback,False,4079,5.58153179837,-3.83977480128,127075.115145,e010_nonlinear_selector,,60140.2478698,1098.08716096,65836.7801144,-0.000440634487028
3584a6eb,oof,hybrid_confidence_fallback,False,4494,15.3079350205,14.0638351004,1053091.93841,e010_nonlinear_selector,,888874.811041,123829.388706,40387.7386681,0.00404625171187
35b30c7f,oof,hybrid_confidence_fallback,False,9579,22.4246953419,21.4562992239,4816962.6211,e010_nonlinear_selector,,4409910.825,81132.4399914,325919.35611,0.00105246493201
35b3ef6a,oof,hybrid_confidence_fallback,False,3904,18.9005658358,16.9749368593,1394631.34232,e010_nonlinear_selector,,1124931.67129,156022.998781,113676.67225,0.0056094493919
367456ce,oof,hybrid_confidence_fallback,False,5569,7.21759869919,-3.26219577233,290109.987842,e010_nonlinear_selector,,59264.8594804,3099.06579986,227746.062561,-0.000464023741843
368131f9,oof,hybrid_confidence_fallback,False,4991,18.0289877091,-13.5629972027,1622296.58949,e010_nonlinear_selector,,918118.871564,587458.241208,116719.476722,-0.00753004856694
368fe682,oof,hybrid_confidence_fallback,False,4936,16.6828985044,-14.4360365917,1373783.08997,e010_nonlinear_selector,,1028658.21662,83539.193308,261585.680043,-0.00288717457109
3690a146,oof,hybrid_confidence_fallback,False,4073,8.39356282015,-5.21930263923,286950.575731,e010_nonlinear_selector,,110953.081922,106128.114786,69869.379023,-0.00434144442349
37344c2a,oof,hybrid_confidence_fallback,False,5197,13.0455867109,2.71585753337,884463.56769,e010_nonlinear_selector,,38332.4594898,351169.127456,494961.980744,-0.00547923238477
373ef48b,oof,hybrid_confidence_fallback,False,3509,5.04231245725,-3.21729292668,89216.026442,e010_nonlinear_selector,,36321.5669802,4456.32208555,48438.1373762,-0.00111250987482
374be387,oof,hybrid_confidence_fallback,False,9965,5.98957717911,2.33086986184,357494.721628,e010_nonlinear_selector,,54139.3897272,34.2833072987,303321.048594,2.03899436901e-05
37d36812,oof,hybrid_confidence_fallback,False,4367,21.3029230499,-19.4806876478,1981808.05456,e010_nonlinear_selector,,1657264.23411,129149.812833,195394.007614,-0.00431382712659
38991fd4,oof,hybrid_confidence_fallback,False,4798,13.3717900561,10.6167473248,857905.283121,e010_nonlinear_selector,,540808.123395,195115.532202,121981.627524,0.00460411527226
389ae58f,oof,hybrid_confidence_fallback,False,6463,42.5073242466,-39.96834073,11677817.7082,e010_nonlinear_selector,,10324437.369,1050528.52471,302851.814517,-0.00683350189089
3932faa6,oof,hybrid_confidence_fallback,False,5452,14.7617521112,7.87368414769,1188041.64205,e010_nonlinear_selector,,337996.206018,0.123624715576,850045.312405,3.02558607217e-06
398dce4b,oof,hybrid_confidence_fallback,False,3166,5.60455726127,-3.60395709493,99447.4225922,e010_nonlinear_selector,,41121.6123454,7715.13668495,50610.6735618,-0.00170803234716
39b51819,oof,hybrid_confidence_fallback,False,4231,4.8301110669,-3.97981928249,98709.1154186,e010_nonlinear_selector,,67014.6461965,12814.291627,18880.1775951,-0.00142486395064
3a0af893,oof,hybrid_confidence_fallback,False,2927,17.319344273,-14.0774551796,877982.001056,e010_nonlinear_selector,,580057.476664,254040.614008,43883.9103851,-0.0110257500156
3a223519,oof,hybrid_confidence_fallback,False,4583,13.6006023103,12.187778193,847746.76422,e010_nonlinear_selector,,680767.698567,149100.790443,17878.2752103,0.00431127593971
3a7dd95d,oof,hybrid_confidence_fallback,False,3072,11.7706884021,9.14497257911,425622.85197,e010_nonlinear_selector,,256912.968108,703.189761315,168006.694101,-0.000539504533333
3a824aa7,oof,hybrid_confidence_fallback,False,4201,8.60895447726,7.27470383003,311353.322301,e010_nonlinear_selector,,222322.447737,15174.5082068,73856.3663574,-0.00156718016164
3a86fe8d,oof,hybrid_confidence_fallback,False,5118,8.01939755856,5.96739345743,329142.353001,e010_nonlinear_selector,,182250.877971,61264.2030736,85627.2719564,0.0023417665773
3aaa2b30,oof,hybrid_confidence_fallback,False,4711,14.3261554005,-11.2544312948,966879.65024,e010_nonlinear_selector,,596705.736176,301143.622833,69030.2912309,-0.00587905890808
3ac16ad0,oof,hybrid_confidence_fallback,False,5649,8.77273249925,-0.142245692916,434751.759759,e010_nonlinear_selector,,114.300946079,30304.5585887,404332.900224,0.00142032342233
3b21ea64,oof,hybrid_confidence_fallback,False,7376,7.21794659166,-2.39573954268,384280.402129,e010_nonlinear_selector,,42335.0532462,5483.22471285,336462.12417,-0.000404927513978
3bbe1f5d,oof,hybrid_confidence_fallback,False,6918,14.8537086383,-13.9521573664,1526336.74403,e010_nonlinear_selector,,1346676.52523,7234.16121585,172426.057589,-0.000512051782755
3bfee975,oof,hybrid_confidence_fallback,False,3603,7.5884182581,-0.490906712285,207475.482251,e010_nonlinear_selector,,868.284808801,12693.6773008,193913.520141,-0.00180462917117
3c3dbcbc,oof,hybrid_confidence_fallback,False,5069,7.84102936278,0.02056306579,311650.947501,e010_nonlinear_selector,,2.14337431097,144093.722557,167555.08157,-0.00364359187735
3d96d897,oof,hybrid_confidence_fallback,False,5659,3.60682328574,-0.502101580812,73618.9168803,e010_nonlinear_selector,,1426.66783959,9997.4082285,62194.8408123,-0.00081362596942
3df4b19e,oof,hybrid_confidence_fallback,False,4988,5.20879012675,2.41433295185,135331.894988,e010_nonlinear_selector,,29075.0699687,36057.6027766,70199.2222423,0.0018672367639
3e011332,oof,hybrid_confidence_fallback,False,2723,17.1060236005,-8.68094290179,796793.48624,e010_nonlinear_selector,,205201.929795,236329.533093,355262.023352,-0.0118516328419
3e678ea7,oof,hybrid_confidence_fallback,False,6858,11.8652172438,-10.1398425283,965492.421703,e010_nonlinear_selector,,705114.915764,10340.5807505,250036.925188,-0.000620250141007
3ef6372a,oof,hybrid_confidence_fallback,False,4727,6.80359837083,-0.0542269990922,218807.870392,e010_nonlinear_selector,,13.9000622442,84084.0107697,134709.95956,0.00309078601758
3ef98781,oof,hybrid_confidence_fallback,False,3892,8.74774359269,7.3334590811,297827.585914,e010_nonlinear_selector,,209310.289191,3966.47432845,84550.8223945,0.000898532342088
3f603129,oof,hybrid_confidence_fallback,False,5051,18.8895927752,-15.1758644888,1802281.22854,e010_nonlinear_selector,,1163279.96492,16400.7647606,622600.498859,-0.0012358240098
404c4384,oof,hybrid_confidence_fallback,False,911,8.48741077003,-5.97589876424,65624.9249787,e010_nonlinear_selector,,32533.0544629,26780.1532249,6311.7172909,-0.020616733067
4121c517,oof,hybrid_confidence_fallback,False,3723,10.0730150203,-6.05263514571,377756.546445,e010_nonlinear_selector,,136389.842187,53115.8543033,188250.849955,0.00351449694261
41fb0192,oof,hybrid_confidence_fallback,False,2973,2.83756250811,1.03447796449,23937.8854157,e010_nonlinear_selector,,3181.54007125,2573.80251259,18182.5428318,-0.00108414131248
42669188,oof,hybrid_confidence_fallback,False,4282,15.2400028816,12.8342989647,994527.419297,e010_nonlinear_selector,,705327.742502,145435.102103,143764.574692,0.00471471299515
42c538a1,oof,hybrid_confidence_fallback,False,3279,27.0127344799,-23.5706900225,2392646.37516,e010_nonlinear_selector,,1821738.38686,251348.503769,319559.48453,-0.0092494662141
43b06c70,oof,hybrid_confidence_fallback,False,4846,7.33868696921,4.73782813074,260987.75789,e010_nonlinear_selector,,108778.236611,86580.0701176,65629.4511613,0.00302151311851
43c7f85a,oof,hybrid_confidence_fallback,False,5978,7.39746340591,4.80615921887,327130.894824,e010_nonlinear_selector,,138086.816961,24629.8672686,164414.210595,0.00117621793907
43e16325,oof,hybrid_confidence_fallback,False,3720,40.702536068,-33.5227936776,6162910.76561,e010_nonlinear_selector,,4180453.02894,1959577.67505,22880.0616222,-0.0213726055425
44441e54,oof,hybrid_confidence_fallback,False,4357,5.49588514757,-3.98857851665,131602.11124,e010_nonlinear_selector,,69314.4611481,6378.71425314,55908.9358392,-0.000962001763837
445af6c2,oof,hybrid_confidence_fallback,False,6041,33.2331806082,30.6288105951,6671947.97606,e010_nonlinear_selector,,5667207.3164,622337.632329,382403.027325,0.00582023348257
4463446c,oof,hybrid_confidence_fallback,False,3256,14.0218664919,-10.7017391397,640171.081168,e010_nonlinear_selector,,372900.630317,193345.206371,73925.2444793,-0.00819843114736
44a94013,oof,hybrid_confidence_fallback,False,4903,21.7677328962,18.8763840057,2323209.06025,e010_nonlinear_selector,,1747026.53195,68059.5037529,508123.024546,0.00263234120062
45fb3e21,oof,hybrid_confidence_fallback,False,3649,20.7335152019,15.4957334171,1568627.20344,e010_nonlinear_selector,,876189.684829,572444.826815,119992.691798,0.0118904053937
460f859e,oof,hybrid_confidence_fallback,False,3336,22.6279725416,9.24563645964,1708115.87152,e010_nonlinear_selector,,285167.263262,767610.396814,655338.211446,0.0157515031275
4630ab92,oof,hybrid_confidence_fallback,False,3373,11.9731925211,8.9594102117,483544.304941,e010_nonlinear_selector,,270754.188715,113798.020281,98992.0959461,0.00596531640215
463c38f2,oof,hybrid_confidence_fallback,False,4460,9.79697953322,-4.83494090388,428074.403565,e010_nonlinear_selector,,104259.874806,178232.64059,145581.888169,-0.00491000536396
4654e7de,oof,hybrid_confidence_fallback,False,5373,5.1885811661,-0.585561141209,144648.545281,e010_nonlinear_selector,,1842.30418055,4098.24442414,138707.996676,-0.000563072475052
466fc788,oof,hybrid_confidence_fallback,False,6197,16.0489096688,-13.0735861467,1596145.80714,e010_nonlinear_selector,,1059182.90339,58751.0030046,478211.900743,-0.00172117895434
46a301e9,oof,hybrid_confidence_fallback,False,8226,12.4925284191,11.6158576948,1283776.4286,e010_nonlinear_selector,,1109918.96179,11592.6442895,162264.822518,-0.000499918056781
46a7190b,oof,hybrid_confidence_fallback,False,4215,13.9117836647,-11.0917858758,815761.509752,e010_nonlinear_selector,,518561.814146,197897.967088,99301.7285182,-0.00563138128595
46d24a09,oof,hybrid_confidence_fallback,False,4449,18.868767133,-16.0786538415,1583979.13002,e010_nonlinear_selector,,1150169.31352,43868.8996512,389940.916844,-0.00244498047897
46d41ff6,oof,hybrid_confidence_fallback,False,7901,7.09529770429,1.1690918395,397762.014398,e010_nonlinear_selector,,10798.8950362,458.976290213,386504.143071,-0.000105672664824
46dfcfca,oof,hybrid_confidence_fallback,False,3606,14.3415560214,-12.7684620318,741682.906188,e010_nonlinear_selector,,587899.243301,53573.3144656,100210.348422,-0.00370276640017
47222616,oof,hybrid_confidence_fallback,False,4406,10.6173417376,-7.01002247345,496679.328198,e010_nonlinear_selector,,216512.668835,135783.719792,144382.939572,-0.0043646331411
47ee27ab,oof,hybrid_confidence_fallback,False,6397,7.04210853633,-1.65394665261,317235.499002,e010_nonlinear_selector,,17499.2463714,86240.765831,213495.4868,0.00198830225236
481de5fc,oof,hybrid_confidence_fallback,False,5952,17.1643856413,15.7623702464,1753555.2322,e010_nonlinear_selector,,1478788.18354,23768.2294372,250998.819217,0.00116304002514
48c1f673,oof,hybrid_confidence_fallback,False,2917,20.935326115,-18.5120459245,1278485.74463,e010_nonlinear_selector,,999643.777859,156198.78651,122643.180257,-0.00869010117242
4936af16,oof,hybrid_confidence_fallback,False,3991,9.20340007979,7.41941565768,338047.968957,e010_nonlinear_selector,,219695.485247,61487.6100941,56864.8736157,0.00340691933962
493b5b31,oof,hybrid_confidence_fallback,False,4671,20.8775483423,-17.3335464714,2035958.22778,e010_nonlinear_selector,,1403410.51324,493338.892348,139208.822193,-0.0076216413646
49dbc14c,oof,hybrid_confidence_fallback,False,3872,6.65801984899,5.43581109086,171642.772014,e010_nonlinear_selector,,114410.019459,36066.2668714,21166.4856845,0.00273047503762
4a035ec2,oof,hybrid_confidence_fallback,False,2588,16.2825845034,12.4961083381,686137.180386,e010_nonlinear_selector,,404123.248669,244441.44388,37572.4878377,0.0130086331828
4a335117,oof,hybrid_confidence_fallback,False,5015,12.7249340375,-4.78381826039,812048.590494,e010_nonlinear_selector,,114767.859499,105665.222135,591615.508859,0.00317066428603
4a8ecc0b,oof,hybrid_confidence_fallback,False,5809,16.3268894454,-12.6128920019,1548489.55586,e010_nonlinear_selector,,924125.024376,145719.023757,478645.507725,-0.00298673500004
4b462989,oof,hybrid_confidence_fallback,False,3106,7.45789732415,1.54427815321,172756.442137,e010_nonlinear_selector,,7407.17331495,83183.275897,82165.9929254,-0.00577173626664
4b831d20,oof,hybrid_confidence_fallback,False,7312,12.3027028018,8.33639614915,1106718.70043,e010_nonlinear_selector,,508151.101525,141771.627856,456795.971053,0.00208608027219
4c2208f5,oof,hybrid_confidence_fallback,False,5384,27.1113993553,-25.0594254516,3957390.61743,e010_nonlinear_selector,,3381016.34454,15851.1259501,560523.146937,-0.00110398484616
4c3168cf,oof,hybrid_confidence_fallback,False,4334,4.69659580061,-0.827212204636,95599.4245034,e010_nonlinear_selector,,2965.66965652,55794.9261692,36838.8286777,0.00286783808388
4c3df468,oof,hybrid_confidence_fallback,False,5392,12.5719035617,-9.06644299339,852220.477412,e010_nonlinear_selector,,443224.495074,37790.280557,371205.701781,0.00170081024529
4caa7289,oof,hybrid_confidence_fallback,False,5396,18.1153995106,-15.9621733054,1770792.90612,e010_nonlinear_selector,,1374852.1099,341854.247897,54086.5483265,-0.00510979185132
4cd1ac61,oof,hybrid_confidence_fallback,False,4489,9.66852146411,-9.28928807607,419633.099479,e010_nonlinear_selector,,387359.728718,12076.0990086,20197.2717515,-0.00126569643895
4cecf7b3,oof,hybrid_confidence_fallback,False,6019,13.4068110082,9.99151545393,1081870.5975,e010_nonlinear_selector,,600879.063637,16026.2437401,464965.29012,0.000939117613137
4ddde4c1,oof,hybrid_confidence_fallback,False,4472,3.50208202635,0.831589400756,54847.1951381,e010_nonlinear_selector,,3092.57104545,19036.9057036,32717.7183891,-0.00159821838013
4e050c92,oof,hybrid_confidence_fallback,False,3705,6.58483512881,5.20026039793,160648.998861,e010_nonlinear_selector,,100193.233904,22657.1604349,37798.6045217,0.00231212367304
4ed93db6,oof,hybrid_confidence_fallback,False,4657,8.49620034492,5.1145464104,336167.502342,e010_nonlinear_selector,,121820.530271,194616.87279,19730.0992811,0.0048086317656
4f3eb9e9,oof,hybrid_confidence_fallback,False,4697,26.0866065049,-17.2195021976,3196360.3499,e010_nonlinear_selector,,1392713.36911,1486889.79472,316757.186069,-0.0131219743029
4f4ac5ce,oof,hybrid_confidence_fallback,False,5162,9.22586124465,-3.70185719027,439371.454072,e010_nonlinear_selector,,70738.7402442,242451.831945,126180.881883,-0.00459913720356
4f4afcc6,oof,hybrid_confidence_fallback,False,5645,7.76626227409,-0.304878644162,340477.213713,e010_nonlinear_selector,,524.708325374,114275.080498,225677.424889,0.00276102588603
4f69febf,oof,hybrid_confidence_fallback,False,5460,9.98043573456,-9.21482457936,543865.672086,e010_nonlinear_selector,,463624.936475,29316.915224,50923.8203867,-0.00147014713476
4fbe9c06,oof,hybrid_confidence_fallback,False,6287,10.756484507,6.04082617891,727418.215919,e010_nonlinear_selector,,229422.569268,154.365535474,497841.281116,8.63377268032e-05
504c8b08,oof,hybrid_confidence_fallback,False,6367,23.3951977951,21.4015367369,3484883.72694,e010_nonlinear_selector,,2916250.10753,455417.316757,113216.302655,0.00460143322131
511e1db0,oof,hybrid_confidence_fallback,False,3821,5.5328672118,-4.6235255193,116970.819428,e010_nonlinear_selector,,81681.4720178,21867.2826575,13422.064753,-0.00216881491237
512943b2,oof,hybrid_confidence_fallback,False,5029,7.11239048314,4.33908093924,254397.488776,e010_nonlinear_selector,,94684.1180647,104512.732046,55200.6386659,0.00314016724032
5138a660,oof,hybrid_confidence_fallback,False,3559,6.17913219679,3.83067928754,135888.580276,e010_nonlinear_selector,,52225.1354383,55608.1349745,28055.3098637,0.00384740427296
516088b7,oof,hybrid_confidence_fallback,False,6645,6.50732451627,-2.57175196566,281384.334832,e010_nonlinear_selector,,43949.4198086,22357.6649031,215077.25012,0.000956227812663
521a7819,oof,hybrid_confidence_fallback,False,5200,30.5080765391,29.1130329371,4839862.21742,e010_nonlinear_selector,,4407357.17135,133882.132428,298622.913642,0.00338023524797
5254b6db,oof,hybrid_confidence_fallback,False,3274,7.43986739623,-7.01238731451,181221.226384,e010_nonlinear_selector,,160994.287329,1321.82316103,18905.1158941,-0.00067229411454
529e88ca,oof,hybrid_confidence_fallback,False,3417,14.8443172521,-8.20653152884,752948.779745,e010_nonlinear_selector,,230125.244811,281865.027447,240958.507488,-0.00920754331055
52f1e77a,oof,hybrid_confidence_fallback,False,4442,10.9887094392,6.30482531002,536379.207489,e010_nonlinear_selector,,176573.152167,36061.8014402,323744.253882,0.00222201257088
5305524b,oof,hybrid_confidence_fallback,False,4898,13.5520281555,11.4426582734,899554.273987,e010_nonlinear_selector,,641316.830114,106490.686732,151746.757141,0.00329775414393
53134831,oof,hybrid_confidence_fallback,False,5126,29.5165583438,28.3150842977,4465910.7116,e010_nonlinear_selector,,4109739.73777,212600.08103,143570.892799,0.00435215587394
5397ceb1,oof,hybrid_confidence_fallback,False,5255,9.26421613215,-3.33369526222,451014.056354,e010_nonlinear_selector,,58401.5691526,249081.440896,143531.046306,-0.00453839440373
53f23031,oof,hybrid_confidence_fallback,False,8550,8.66266718321,-4.2356024967,641607.413316,e010_nonlinear_selector,,153389.808761,349806.737205,138410.867349,-0.00259152581133
543198e8,oof,hybrid_confidence_fallback,False,6503,20.7197434512,-10.1044280391,2791788.41975,e010_nonlinear_selector,,663952.827383,233047.662913,1894787.92945,0.00318891081325
54753541,oof,hybrid_confidence_fallback,False,4026,17.4227121146,-3.09065819899,1222095.91305,e010_nonlinear_selector,,38457.0287827,664971.554369,518667.329896,-0.0110581254999
54a7e3c2,oof,hybrid_confidence_fallback,False,6155,12.8314703645,-11.7440435189,1013400.01821,e010_nonlinear_selector,,848913.345557,175.036789258,164311.635862,9.49102706901e-05
5542c301,oof,hybrid_confidence_fallback,False,3591,9.44890610746,-7.60215640028,320611.039419,e010_nonlinear_selector,,207533.879926,48633.3236513,64443.8358418,0.00355005030813
5567d551,oof,hybrid_confidence_fallback,False,6889,9.18440343263,4.13734676099,581109.652321,e010_nonlinear_selector,,117923.409702,177623.911339,285562.33128,-0.00255333068843
55efee7f,oof,hybrid_confidence_fallback,False,4801,21.0026229133,11.8546511568,2117769.92252,e010_nonlinear_selector,,674697.752188,99175.7607115,1343896.40962,-0.00327941095916
5663b2b7,oof,hybrid_confidence_fallback,False,4972,17.7039023268,10.7430984369,1558364.79958,e010_nonlinear_selector,,573839.223527,435825.855512,548699.72054,-0.00652304609581
5693dde2,oof,hybrid_confidence_fallback,False,3488,7.19433416034,6.21229802306,180533.452709,e010_nonlinear_selector,,134611.151785,2535.05621713,43387.2447071,0.000846680824025
56b00794,oof,hybrid_confidence_fallback,False,6065,23.7036991926,-20.6075302556,3407713.38057,e010_nonlinear_selector,,2575625.38913,597476.384361,234611.607074,-0.00566897828223
57796579,oof,hybrid_confidence_fallback,False,5890,21.7653747285,-19.6837023936,2790278.75336,e010_nonlinear_selector,,2282069.54412,192898.617576,315310.591664,-0.00336575302451
577eec7c,oof,hybrid_confidence_fallback,False,4539,12.5243124004,-4.33967794267,711980.282602,e010_nonlinear_selector,,85482.1002885,351604.087456,274894.094857,0.0067170304495
57f05c51,oof,hybrid_confidence_fallback,False,4771,35.7389906852,-32.4453725606,6093881.19675,e010_nonlinear_selector,,5022442.19904,301614.85991,769824.137802,-0.00577301751282
58850d2c,oof,hybrid_confidence_fallback,False,4995,18.9972658567,17.7601227248,1802676.06961,e010_nonlinear_selector,,1575532.6862,109346.190264,117797.193143,0.00324480962134
58fa8486,oof,hybrid_confidence_fallback,False,4475,15.4356193015,11.8043341022,1066206.08591,e010_nonlinear_selector,,623556.808597,357391.176025,85258.1012877,0.00691787940848
591cc951,oof,hybrid_confidence_fallback,False,4609,19.7491661298,17.1931815847,1797646.25505,e010_nonlinear_selector,,1362445.71726,309995.740855,125204.79693,0.00616394045278
593876b6,oof,hybrid_confidence_fallback,False,4842,7.33560560854,-4.86491279393,260553.392897,e010_nonlinear_selector,,114597.436977,9839.71313241,136116.242787,0.00101986966239
59f8b2e8,oof,hybrid_confidence_fallback,False,3747,9.05009806075,7.37227369803,306895.318085,e010_nonlinear_selector,,203651.021787,68.1239302678,103176.172368,0.000124656505092
5a1a8fd8,oof,hybrid_confidence_fallback,False,5260,17.0839130527,15.3089792485,1535184.04811,e010_nonlinear_selector,,1232759.08802,0.341992789887,302424.618095,5.31031752045e-06
5a5269a9,oof,hybrid_confidence_fallback,False,6513,5.08211244798,-0.56624095461,168216.89734,e010_nonlinear_selector,,2088.25549605,15277.7064691,150850.935375,0.000814606913739
5a5d1982,oof,hybrid_confidence_fallback,False,3894,6.69168165347,0.0545739911456,174367.88145,e010_nonlinear_selector,,11.5975800642,109452.894567,64903.3893028,-0.00471639686724
5a63b5d1,oof,hybrid_confidence_fallback,False,6217,16.4751757418,13.9836615684,1687489.11155,e010_nonlinear_selector,,1215689.53078,22238.6727032,449560.908068,0.00105383776845
5aa03df7,oof,hybrid_confidence_fallback,False,4871,5.90594033459,-0.126471575801,169901.11925,e010_nonlinear_selector,,77.9119347545,13162.3968061,156660.810509,-0.00116904418899
5aa403d0,oof,hybrid_confidence_fallback,False,3118,20.7621958755,-18.825412943,1344072.44847,e010_nonlinear_selector,,1105007.26578,192451.052777,46614.1299147,-0.00872843987516
5aef5c6c,oof,hybrid_confidence_fallback,False,3121,11.2978797283,5.9004297572,398370.951517,e010_nonlinear_selector,,108657.837589,15444.623665,274268.490264,0.00246909987528
5b7b6324,oof,hybrid_confidence_fallback,False,6564,19.699401281,-15.4145817927,2547267.92069,e010_nonlinear_selector,,1559667.65422,777361.055406,210239.211069,-0.00574313677335
5bd25f59,oof,hybrid_confidence_fallback,False,4210,15.9504145206,14.9913388456,1071090.19543,e010_nonlinear_selector,,946156.412015,53631.8596743,71301.9237365,0.00293683075598
5beded95,oof,hybrid_confidence_fallback,False,3057,15.5354678405,14.0335136435,737809.276444,e010_nonlinear_selector,,602044.067338,14299.6101447,121465.59896,0.00245080967898
5cb483ac,oof,hybrid_confidence_fallback,False,3852,5.09941313361,0.785401192781,100167.463112,e010_nonlinear_selector,,2376.12558951,34046.883104,63744.454418,-0.00267362134513
5cdd8dbc,oof,hybrid_confidence_fallback,False,4010,16.2308404342,-11.8074497452,1056395.12661,e010_nonlinear_selector,,559057.636632,459270.336954,38067.1530228,-0.00924502895736
5d11dfb5,oof,hybrid_confidence_fallback,False,5895,11.1250260576,-5.27612008407,729601.777189,e010_nonlinear_selector,,164101.727319,206.94655895,565293.103311,-0.000110101698786
5d7198fd,oof,hybrid_confidence_fallback,False,3368,13.2399352241,8.23241517413,590396.539797,e010_nonlinear_selector,,228258.31753,288926.273175,73211.9490922,0.00952633908158
5def1ce5,oof,hybrid_confidence_fallback,False,6443,8.25409695884,-2.66562609202,438962.341292,e010_nonlinear_selector,,45781.1389455,1566.14360703,391615.058739,-0.000265078327799
5eae34a8,oof,hybrid_confidence_fallback,False,4904,6.55331180031,0.881429848712,210606.671787,e010_nonlinear_selector,,3810.00870749,59807.7448781,146988.918202,0.00246685517403
5f4d2a52,oof,hybrid_confidence_fallback,False,5225,50.7279258051,-42.0829673967,13445609.8351,e010_nonlinear_selector,,9253350.35714,3640367.65163,551891.826365,-0.017499829286
5f6756c5,oof,hybrid_confidence_fallback,False,5931,5.47911840663,1.67624183936,178053.000126,e010_nonlinear_selector,,16664.8449415,79483.8480934,81904.3070906,0.00213815007878
5f75f796,oof,hybrid_confidence_fallback,False,5562,11.8743653422,-10.2844181461,784245.071785,e010_nonlinear_selector,,588288.605231,137531.315896,58425.1506578,-0.00309702672078
5fb1c15f,oof,hybrid_confidence_fallback,False,2860,16.4235752899,-14.8950886913,771438.74037,e010_nonlinear_selector,,634530.087972,55565.1111641,81343.5412341,-0.00533878822145
5fffa282,oof,hybrid_confidence_fallback,False,4201,3.06074541601,0.287123059578,39355.6506694,e010_nonlinear_selector,,346.328975285,7843.8758275,31165.4458666,0.00112674844659
60e37807,oof,hybrid_confidence_fallback,False,2699,19.7089166866,-10.423982037,1048403.33039,e010_nonlinear_selector,,293271.724668,593345.579585,161786.026135,-0.019030061053
61f27424,oof,hybrid_confidence_fallback,False,6220,4.43617012902,-3.11398828307,122407.145673,e010_nonlinear_selector,,60314.8612287,859.717338665,61232.5671055,0.000207053651735
62569ae3,oof,hybrid_confidence_fallback,False,3588,6.46193501156,3.07241283617,149822.695488,e010_nonlinear_selector,,33869.7176414,72620.4684489,43332.5093977,0.00434351685736
62a6f539,oof,hybrid_confidence_fallback,False,3693,9.37945001794,7.58491077966,324888.287186,e010_nonlinear_selector,,212461.50858,48.4471645299,112378.331441,-0.000107437491469
633774dc,oof,hybrid_confidence_fallback,False,6233,17.6776531745,-13.5260513861,1947808.89581,e010_nonlinear_selector,,1140352.69399,555420.312105,252035.889711,-0.00524633256862
63559d57,oof,hybrid_confidence_fallback,False,4069,4.28645211366,0.326516474739,74762.4702396,e010_nonlinear_selector,,433.808330676,16952.1341262,57376.5277827,-0.00173768595656
647f2a41,oof,hybrid_confidence_fallback,False,3881,10.3038792871,6.56472645197,412045.491975,e010_nonlinear_selector,,167254.153184,139739.065578,105052.273213,0.0053559201148
65156b96,oof,hybrid_confidence_fallback,False,3221,5.89786002971,-0.124552535829,112041.689188,e010_nonlinear_selector,,49.968449398,38585.1518461,73406.5688921,-0.00372232820918
653612bc,oof,hybrid_confidence_fallback,False,4605,6.87341530214,-6.09408055963,217557.873602,e010_nonlinear_selector,,171019.651279,24243.2271033,22294.99522,-0.00172600240446
656a067b,oof,hybrid_confidence_fallback,False,3051,14.5456064824,2.90655273826,645514.311884,e010_nonlinear_selector,,25774.9969506,318081.478159,301657.836774,0.0115930184052
65a5466a,oof,hybrid_confidence_fallback,False,4683,12.0521621922,-8.04606477564,680227.355051,e010_nonlinear_selector,,303173.478664,45867.2427641,331186.633623,0.00231502514882
660d9546,oof,hybrid_confidence_fallback,False,4732,13.1506753865,11.309589007,818353.32509,e010_nonlinear_selector,,605254.994193,62932.3322347,150165.998662,0.00266968758677
6767c111,oof,hybrid_confidence_fallback,False,6783,15.3573197854,-13.3245185842,1599752.03914,e010_nonlinear_selector,,1204272.78188,177.025768068,395302.231495,-8.25042167741e-05
67847288,oof,hybrid_confidence_fallback,False,7429,7.65576686536,5.73274883878,435419.382819,e010_nonlinear_selector,,244149.696308,6.92947867096,191262.757032,-1.42411601582e-05
67a8da4a,oof,hybrid_confidence_fallback,False,4911,9.3264606747,-5.92070359231,427172.868268,e010_nonlinear_selector,,172153.784078,529.674111146,254489.410079,-0.000231654160255
684a6fc1,oof,hybrid_confidence_fallback,False,9818,10.410573532,5.71973758576,1064075.24514,e010_nonlinear_selector,,321199.778054,102660.545007,640214.922081,0.00114092702253
698930d1,oof,hybrid_confidence_fallback,False,4741,8.30318529306,-3.24896845182,326858.222577,e010_nonlinear_selector,,50045.0288403,154816.922069,121996.271668,-0.00417536949713
699ea575,oof,hybrid_confidence_fallback,False,4120,6.27831089653,-1.72322977062,162398.813379,e010_nonlinear_selector,,12234.4258705,62799.004705,87365.3828038,-0.00328262439094
69c1bdad,oof,hybrid_confidence_fallback,False,2714,9.48535823257,-2.34741665925,244184.064452,e010_nonlinear_selector,,14955.1305344,25.5553946979,229203.378523,-0.000123856038179
69e41fa6,oof,hybrid_confidence_fallback,False,5772,5.20080077647,3.2818889773,156122.953352,e010_nonlinear_selector,,62169.0302369,4996.48582692,88957.4372881,0.000558384656175
6a0ff78e,oof,hybrid_confidence_fallback,False,6465,13.7387484277,9.27903800945,1220289.49205,e010_nonlinear_selector,,556640.032351,386870.613867,276778.845834,0.00414496345349
6a8fa194,oof,hybrid_confidence_fallback,False,3017,6.03268899967,-4.61479376218,109798.696422,e010_nonlinear_selector,,64251.0018674,22496.2326878,23051.4618667,-0.00313532510075
6ae68655,oof,hybrid_confidence_fallback,False,4204,5.13769865515,-2.54803358656,110968.563169,e010_nonlinear_selector,,27294.3655652,282.487196312,83391.710407,-0.000213597398251
6d1d74e1,oof,hybrid_confidence_fallback,False,5830,15.2732005162,8.70994878523,1359967.91287,e010_nonlinear_selector,,442282.501715,796753.127015,120932.284138,0.00694623841679
6d590e26,oof,hybrid_confidence_fallback,False,6096,8.14772497222,-1.40294151618,404685.533871,e010_nonlinear_selector,,11998.4208971,95043.2119765,297643.900997,0.00224379793389
6d6d93af,oof,hybrid_confidence_fallback,False,3595,28.3712530923,24.1168290956,2893716.16729,e010_nonlinear_selector,,2090929.09703,34505.5149568,768281.555303,0.00298529019347
6dbe4b60,oof,hybrid_confidence_fallback,False,4648,7.72833153115,-4.28745538281,277611.599171,e010_nonlinear_selector,,85440.8079697,3525.46325352,188645.327948,-0.000649081976814
6e6d122c,oof,hybrid_confidence_fallback,False,5632,8.31646885794,-2.7761279631,389529.700821,e010_nonlinear_selector,,43405.1845849,106579.880498,239544.635739,-0.00267568063289
6e9ccd38,oof,hybrid_confidence_fallback,False,8282,10.3420143065,-1.32090542625,885820.026624,e010_nonlinear_selector,,14450.3602638,343325.299862,528044.366499,0.00269302689669
6ea22614,oof,hybrid_confidence_fallback,False,5971,9.55062102187,6.03794968297,544640.954925,e010_nonlinear_selector,,217683.76999,20038.4708305,306918.714105,0.001062801872
6ede926a,oof,hybrid_confidence_fallback,False,4938,5.89411121185,-0.930790170311,171548.820976,e010_nonlinear_selector,,4278.13674459,64856.9675689,102413.716662,-0.00254239088644
708caea9,oof,hybrid_confidence_fallback,False,6548,34.2755355621,-32.0503600504,7692671.18967,e010_nonlinear_selector,,6726273.09366,350567.282945,615830.813065,-0.00387091213355
70925e23,oof,hybrid_confidence_fallback,False,5947,9.17427802067,6.82841131372,500543.392212,e010_nonlinear_selector,,277291.964759,22720.0006775,200531.426775,0.00113853894677
70e1788b,oof,hybrid_confidence_fallback,False,9285,10.5280564533,8.90833975494,1029149.14637,e010_nonlinear_selector,,736843.832104,32574.4665138,259730.847749,-0.000698805668734
71642c7d,oof,hybrid_confidence_fallback,False,4648,8.29493511827,-1.22802585462,319810.049168,e010_nonlinear_selector,,7009.40477822,68233.9151516,244566.729239,0.00285556203646
71ccf778,oof,hybrid_confidence_fallback,False,2698,6.9204086455,4.7190871186,129212.766604,e010_nonlinear_selector,,60083.8751624,16611.8612309,52517.0302111,0.00318593478806
7224331b,oof,hybrid_confidence_fallback,False,6063,8.24272679196,6.02603460832,411935.650135,e010_nonlinear_selector,,220166.283469,107975.203478,83794.1631875,0.00241113369445
722cf0d8,oof,hybrid_confidence_fallback,False,5143,10.2621873159,0.439732859082,541622.128386,e010_nonlinear_selector,,994.476129974,210408.512062,330219.140193,-0.00430821627832
7256229b,oof,hybrid_confidence_fallback,False,5415,6.1480095664,-0.798320276477,204676.287119,e010_nonlinear_selector,,3451.06215366,84.5084565096,201140.716508,-7.99177086956e-05
726f3dc2,oof,hybrid_confidence_fallback,False,6723,5.80374521044,-1.27202764769,226453.891278,e010_nonlinear_selector,,10878.1793042,22607.2395701,192968.472404,-0.000944864928694
7271dd80,oof,hybrid_confidence_fallback,False,4340,2.59396614358,1.1844496533,29202.3859364,e010_nonlinear_selector,,6088.67705837,2323.88481972,20789.8240584,-0.000584067901945
727a3a10,oof,hybrid_confidence_fallback,False,4397,20.3271836021,18.7882400185,1816815.74688,e010_nonlinear_selector,,1552132.04328,139537.112311,125146.591284,0.00443813799253
729665c0,oof,hybrid_confidence_fallback,False,4263,8.08546556949,-4.6943168226,278692.574066,e010_nonlinear_selector,,93942.070267,1171.39758623,183579.106213,-0.000425960961226
729e9750,oof,hybrid_confidence_fallback,False,5919,8.05145825941,-3.17173292237,383704.97623,e010_nonlinear_selector,,59544.487317,411.636187347,323748.852725,0.00015433871952
729f4217,oof,hybrid_confidence_fallback,False,6195,19.4370378989,18.5272768081,2340461.34995,e010_nonlinear_selector,,2126495.6128,0.653754760214,213965.083392,5.74428652895e-06
72dd8501,oof,hybrid_confidence_fallback,False,5193,8.28363505577,-4.88072072781,356336.440366,e010_nonlinear_selector,,123704.711035,196313.878316,36317.8510136,-0.00410146158895
73348914,oof,hybrid_confidence_fallback,False,4221,7.14620446883,-4.99849822775,215559.033908,e010_nonlinear_selector,,105461.619713,9949.69084177,100147.723353,-0.00126000538216
739a914f,oof,hybrid_confidence_fallback,False,5505,10.9721037906,3.59725338061,662730.774065,e010_nonlinear_selector,,71235.976523,382306.757759,209188.039784,0.00524397524206
73b1447d,oof,hybrid_confidence_fallback,False,5670,17.356514088,-13.6802625882,1708079.45589,e010_nonlinear_selector,,1061138.14401,221138.824457,425802.487431,-0.00381547436268
74b6186b,oof,hybrid_confidence_fallback,False,3405,5.00043259468,-3.95046738332,85139.730486,e010_nonlinear_selector,,53139.0856214,17179.1795084,14821.4653563,-0.00228515769949
75c20ec7,oof,hybrid_confidence_fallback,False,5361,8.77236657822,2.39059964038,412552.620866,e010_nonlinear_selector,,30637.9361601,71324.0398043,310590.644902,0.0023568931088
75cd5f11,oof,hybrid_confidence_fallback,False,4946,3.90055395385,0.177985300068,75250.0323927,e010_nonlinear_selector,,156.683181782,35996.3386242,39097.0105867,0.00188946402819
75d20a82,oof,hybrid_confidence_fallback,False,5067,16.6392880079,8.54827363952,1402879.54272,e010_nonlinear_selector,,370260.800889,541470.421137,491148.32069,-0.0070672693527
76201745,oof,hybrid_confidence_fallback,False,4448,8.31115252673,4.02169397068,307246.740123,e010_nonlinear_selector,,71942.0516077,37094.6851248,198210.003391,0.00224905103578
764072a5,oof,hybrid_confidence_fallback,False,2949,6.56780541492,-4.3168433776,127208.264438,e010_nonlinear_selector,,54955.0182662,889.892437615,71363.3537346,-0.000645278577423
77b0d905,oof,hybrid_confidence_fallback,False,4174,8.04687561988,-7.42633371849,270275.713027,e010_nonlinear_selector,,230197.905248,11095.8644164,28981.9433626,-0.00135313939773
77e4821c,oof,hybrid_confidence_fallback,False,5393,11.9638846407,-7.96738369289,771924.551003,e010_nonlinear_selector,,342343.341293,212209.97268,217371.23703,-0.00402928414391
7850c72e,oof,hybrid_confidence_fallback,False,5497,10.5712779104,3.67285812264,614300.285869,e010_nonlinear_selector,,74153.9076795,48793.7969733,491352.581216,-0.00187751896333
78a4a386,oof,hybrid_confidence_fallback,False,5119,5.6498687816,-0.317770135526,163403.687299,e010_nonlinear_selector,,516.905660385,5257.19473051,157629.586908,0.000685788138066
79507629,oof,hybrid_confidence_fallback,False,5302,7.50051572438,4.68075750575,298278.51697,e010_nonlinear_selector,,116164.120368,157081.281298,25033.1153031,0.00355625802048
796dbd4c,oof,hybrid_confidence_fallback,False,6248,6.57830922426,4.94401750388,270376.903258,e010_nonlinear_selector,,152721.795124,16116.801711,101538.306424,0.00089046843352
7987f2f2,oof,hybrid_confidence_fallback,False,3705,12.2555091688,6.30010860029,556481.755978,e010_nonlinear_selector,,147056.519831,72677.3063619,336747.929785,-0.00414102384911
7993a768,oof,hybrid_confidence_fallback,False,5487,2.84040382812,-0.532790899817,44268.5338666,e010_nonlinear_selector,,1557.57352624,2725.58507388,39985.3752664,-0.000444957018077
7a5660b0,oof,hybrid_confidence_fallback,False,4998,6.36883643123,5.32858703758,202729.263284,e010_nonlinear_selector,,141912.411406,17500.343758,43316.50812,0.00129693898145
7acda2df,oof,hybrid_confidence_fallback,False,3091,11.9263086061,-7.82090422074,439654.063065,e010_nonlinear_selector,,189065.783888,208879.578981,41708.7001962,-0.00921276789768
7b2c7b3c,oof,hybrid_confidence_fallback,False,2584,5.20974917259,-0.656699388846,70133.6009643,e010_nonlinear_selector,,1114.36056161,23895.2595082,45123.9808944,-0.00407669074365
7b38844c,oof,hybrid_confidence_fallback,False,3749,8.55158730991,-4.63590153418,274163.041051,e010_nonlinear_selector,,80571.9447967,964.780593987,192626.31566,0.000468739721323
7bb17b96,oof,hybrid_confidence_fallback,False,3922,12.0978581013,-9.44045882834,574016.745244,e010_nonlinear_selector,,349537.515053,126106.263103,98372.9670881,-0.00500838356079
7c607683,oof,hybrid_confidence_fallback,False,5328,10.4277953413,6.95905034001,579360.942746,e010_nonlinear_selector,,258026.41735,94519.3933357,226815.13206,0.00273844970619
7cbbd047,oof,hybrid_confidence_fallback,False,5121,10.766443381,-6.43044197058,593607.388052,e010_nonlinear_selector,,211756.340342,188093.810167,193757.237544,-0.00409963997776
7cd4bb31,oof,hybrid_confidence_fallback,False,6439,5.32573893795,-1.08221880599,182632.54582,e010_nonlinear_selector,,7541.34098611,23583.0729343,151508.131899,0.00102958732559
7d50373e,oof,hybrid_confidence_fallback,False,5122,9.17303324861,8.6278903162,430988.328656,e010_nonlinear_selector,,381284.196482,14938.4885884,34765.6435857,0.00115500695646
7d57c75d,oof,hybrid_confidence_fallback,False,4405,12.0378095795,-6.7457159496,638323.525974,e010_nonlinear_selector,,200448.131578,143363.220788,294512.173607,-0.00448632404978
7e208414,oof,hybrid_confidence_fallback,False,4226,3.14827777418,2.42150510076,41886.6453388,e010_nonlinear_selector,,24779.9410634,3704.66095753,13402.0433179,0.000767486297317
7e721392,oof,hybrid_confidence_fallback,False,6174,39.2528957784,35.5953231753,9512836.39182,e010_nonlinear_selector,,7822624.89526,1413513.03383,276698.462719,0.00848966590466
7ff89f8f,oof,hybrid_confidence_fallback,False,7337,13.4973275772,-7.43679289252,1336638.89812,e010_nonlinear_selector,,405779.304117,78228.7903721,852630.803629,-0.0015416868069
8050c789,oof,hybrid_confidence_fallback,False,3077,6.73468955946,-2.45024827995,139560.545734,e010_nonlinear_selector,,18473.4360809,73139.2719749,47947.8376778,0.00548876602557
807f0298,oof,hybrid_confidence_fallback,False,3747,10.121042424,0.474006055556,383825.817559,e010_nonlinear_selector,,841.882482417,99085.3052279,283898.629849,-0.00475411545653
811f52b3,oof,hybrid_confidence_fallback,False,4836,5.27681813597,-3.82791337826,134657.49942,e010_nonlinear_selector,,70861.5251409,618.774323384,63177.1999555,-0.000256228442081
81bf5923,oof,hybrid_confidence_fallback,False,4543,36.3407634046,30.5953061902,5999717.87838,e010_nonlinear_selector,,4252578.55263,1553153.75503,193985.570717,0.014098852071
81fc01c6,oof,hybrid_confidence_fallback,False,5909,15.7492708051,-10.1734890017,1465665.58804,e010_nonlinear_selector,,611580.781867,308494.849301,545589.956872,-0.00423587955766
8255c867,oof,hybrid_confidence_fallback,False,3589,20.0909666696,-17.7874429858,1448688.87382,e010_nonlinear_selector,,1135534.93629,81571.0677416,231582.869788,-0.00460149045981
82aab6d2,oof,hybrid_confidence_fallback,False,6140,7.76583924132,6.01275941038,370292.711009,e010_nonlinear_selector,,221981.112964,13267.9633031,135043.634741,-0.000829354495156
82fcf37c,oof,hybrid_confidence_fallback,False,6014,5.69568361892,-3.76246408082,195099.042688,e010_nonlinear_selector,,85135.00166,21201.4727968,88762.5682308,-0.0010815049434
833af382,oof,hybrid_confidence_fallback,False,3628,14.8700553177,11.6527826095,802218.081814,e010_nonlinear_selector,,492636.478751,4949.09502279,304632.50804,0.00111519963374
8382f4b6,oof,hybrid_confidence_fallback,False,4967,31.5835013621,27.7225785887,4954669.71204,e010_nonlinear_selector,,3817344.95303,979145.959655,158178.799349,0.00979203844533
84633df4,oof,hybrid_confidence_fallback,False,4972,3.87057573127,-0.413026454616,74487.3044757,e010_nonlinear_selector,,848.177717201,46753.6860501,26885.4407084,-0.00213649499601
8478df29,oof,hybrid_confidence_fallback,False,4857,6.59996781329,5.76979446907,211568.856438,e010_nonlinear_selector,,161692.095542,4926.8344344,44949.9264615,-0.000718327447181
84815d5a,oof,hybrid_confidence_fallback,False,3647,11.6933357376,-8.27652280897,498669.265152,e010_nonlinear_selector,,249822.526308,33386.5240446,215460.2148,0.00287390625312
84c3b497,oof,hybrid_confidence_fallback,False,5312,16.06491651,-5.47566241229,1370929.15362,e010_nonlinear_selector,,159269.052469,682705.78006,528954.321086,-0.00739299344395
85380836,oof,hybrid_confidence_fallback,False,6618,14.6098094845,-12.8720528316,1412589.15653,e010_nonlinear_selector,,1096534.72644,264996.326128,51058.1039616,-0.00331222941909
8612b37f,oof,hybrid_confidence_fallback,False,5165,18.1979222323,-11.2717279552,1710463.98951,e010_nonlinear_selector,,656222.810914,380867.392378,673373.786216,-0.00575933099522
861e71df,oof,hybrid_confidence_fallback,False,4700,10.7304772189,8.43066532972,541172.76432,e010_nonlinear_selector,,334057.754138,155824.144466,51290.8657155,0.00424386168973
86454a6f,oof,hybrid_confidence_fallback,False,7964,65.2699619899,-60.6133232447,33927977.4595,e010_nonlinear_selector,,29259536.5397,3440545.2194,1227895.7004,-0.00904081087899
8648abae,oof,hybrid_confidence_fallback,False,4244,7.95923734846,-6.07991181533,268855.104714,e010_nonlinear_selector,,156880.850683,22.3110462178,111951.942984,5.91817141736e-05
865033f8,oof,hybrid_confidence_fallback,False,3557,7.10784711629,5.41807353124,179704.942166,e010_nonlinear_selector,,104417.58745,3165.25489834,72122.0998178,0.00091869041906
87695469,oof,hybrid_confidence_fallback,False,7003,6.71604032278,2.99991704713,315871.698913,e010_nonlinear_selector,,63023.5145343,43798.9923865,209049.191992,0.00123707633118
877ed19c,oof,hybrid_confidence_fallback,False,3708,6.12373143983,4.58795047166,139050.321659,e010_nonlinear_selector,,78050.7655787,15200.9883471,45798.5677328,0.00189154624566
87aa3730,oof,hybrid_confidence_fallback,False,5607,9.67558042446,6.36346297284,524909.714677,e010_nonlinear_selector,,227047.957265,25216.7785017,272644.97891,-0.00131020604139
884ecb5f,oof,hybrid_confidence_fallback,False,6724,22.8758361579,-20.2529314854,3518695.28861,e010_nonlinear_selector,,2758058.61574,213472.827213,547163.845664,0.00290282177106
8902c3f6,oof,hybrid_confidence_fallback,False,4959,5.18676809785,-1.92375709244,133409.811409,e010_nonlinear_selector,,18352.4722582,29586.7241414,85470.6150092,0.00170627061163
896d15b9,oof,hybrid_confidence_fallback,False,4279,20.2689279406,-14.5157083552,1757939.17317,e010_nonlinear_selector,,901610.07136,423921.835966,432407.265842,-0.00805786707497
8995c945,oof,hybrid_confidence_fallback,False,6724,13.1850534651,-10.6789058072,1168938.04891,e010_nonlinear_selector,,766798.432602,268997.324428,133142.291878,-0.0032585399574
89969c7a,oof,hybrid_confidence_fallback,False,4947,9.4213940204,-4.38745314145,439108.905178,e010_nonlinear_selector,,95228.4888534,66959.2671499,276921.149175,-0.00257622097741
89f1085d,oof,hybrid_confidence_fallback,False,5994,19.7252447479,18.3272106803,2332177.1705,e010_nonlinear_selector,,2013304.58802,7976.57153903,310896.01094,0.000666689558592
89f36adf,oof,hybrid_confidence_fallback,False,5292,4.37614529645,-0.149299888702,101345.227393,e010_nonlinear_selector,,117.961097207,319.668485999,100907.59781,-0.000160883234712
89fdb2f2,oof,hybrid_confidence_fallback,False,2031,2.41643331797,-1.03673893868,11859.3136098,e010_nonlinear_selector,,2182.97491037,3116.15544733,6560.18325208,-0.0021126879126
8a3da6d1,oof,hybrid_confidence_fallback,False,4593,5.75336221122,-2.33069624343,152033.704737,e010_nonlinear_selector,,24949.8418891,11875.9258493,115207.936999,-0.00121277351424
8a89da23,oof,hybrid_confidence_fallback,False,3935,22.1517302782,-20.6908254746,1930901.17225,e010_nonlinear_selector,,1684613.86845,122674.206183,123613.097609,-0.00491530147722
8a9c8932,oof,hybrid_confidence_fallback,False,4663,3.2109350045,-1.58755209719,48076.0131015,e010_nonlinear_selector,,11752.2599066,15869.2834181,20454.4697768,-0.00137047515927
8ac2f237,oof,hybrid_confidence_fallback,False,5319,18.2054515587,12.7718299772,1762921.20307,e010_nonlinear_selector,,867633.3703,774895.362568,120392.470206,0.00786080777113
8b12bab6,oof,hybrid_confidence_fallback,False,5234,12.876563089,-9.07990022102,867827.960136,e010_nonlinear_selector,,431514.973716,363267.193394,73045.7930257,-0.00551382708979
8b5be31b,oof,hybrid_confidence_fallback,False,5672,11.9658307464,6.1149086377,812123.230117,e010_nonlinear_selector,,212088.034576,8588.2694157,591446.926125,-0.000751517549032
8b95d6d1,oof,hybrid_confidence_fallback,False,1731,11.2218626943,10.0371717106,217985.180231,e010_nonlinear_selector,,174389.276406,33855.7677225,9740.13610203,0.00885036999247
8b9d8326,oof,hybrid_confidence_fallback,False,6163,6.93246478618,-2.65820482205,296188.036156,e010_nonlinear_selector,,43548.0838746,154834.754003,97805.1982774,0.00281732274445
8bb9c1e6,oof,hybrid_confidence_fallback,False,4546,4.09288801191,2.16319010047,76153.374936,e010_nonlinear_selector,,21272.5133534,6948.58831016,47932.2732725,-0.000942095169793
8bda1a11,oof,hybrid_confidence_fallback,False,5981,12.1466493114,2.235530063,882443.256267,e010_nonlinear_selector,,29890.6136769,415406.945622,437145.696968,-0.00482688333722
8bfa881d,oof,hybrid_confidence_fallback,False,4089,17.1980490296,-14.1738318368,1209415.34895,e010_nonlinear_selector,,821469.914053,331284.348501,56661.0863965,-0.00762544914851
8c167025,oof,hybrid_confidence_fallback,False,5368,15.4066674281,-11.7008141982,1274177.47386,e010_nonlinear_selector,,734927.795977,337542.923452,201706.754429,-0.00511724692337
8c8348e8,oof,hybrid_confidence_fallback,False,3888,5.23397619569,-0.00547602858217,106509.842505,e010_nonlinear_selector,,0.116589024559,14782.024939,91727.7009766,0.00173727359306
8cc21f01,oof,hybrid_confidence_fallback,False,4044,5.86369150188,1.91659541837,139044.35875,e010_nonlinear_selector,,14854.9788628,52982.2471335,71207.1327537,0.00310055259662
8cc800b3,oof,hybrid_confidence_fallback,False,6576,12.6614270797,11.8958001689,1054209.97392,e010_nonlinear_selector,,930570.165468,2829.37179029,120810.436666,0.000345535705121
8d5d46d7,oof,hybrid_confidence_fallback,False,5755,17.1191437523,-16.0948187285,1686589.55158,e010_nonlinear_selector,,1490793.5579,19724.7646719,176071.229012,-0.00111436779581
8d92cb49,oof,hybrid_confidence_fallback,False,3589,6.43739050821,1.94626095138,148728.147637,e010_nonlinear_selector,,13594.8868385,101727.132948,33406.1278506,0.00513864782703
8f201368,oof,hybrid_confidence_fallback,False,6349,33.1727256302,-31.7608246404,6986628.3287,e010_nonlinear_selector,,6404553.6347,14715.4173677,567359.276633,-0.000830651645946
90386ee4,oof,hybrid_confidence_fallback,False,3840,8.78413009905,-6.70448043605,296298.015733,e010_nonlinear_selector,,172608.222403,4981.64688833,118708.146442,-0.00102749631121
91abc4c7,oof,hybrid_confidence_fallback,False,5848,8.17518775203,1.64043512482,390843.447079,e010_nonlinear_selector,,15737.1282279,126602.529258,248503.789593,-0.00275613682947
91b301ce,oof,hybrid_confidence_fallback,False,6570,37.5845740224,17.4593347349,9280783.34322,e010_nonlinear_selector,,2002722.38687,5642762.58865,1635298.3677,0.0154521339007
91db7070,oof,hybrid_confidence_fallback,False,4073,36.7417996373,-30.1378518866,5498386.43072,e010_nonlinear_selector,,3699465.64385,1629333.73855,169587.048318,-0.0170107728851
925a7cd1,oof,hybrid_confidence_fallback,False,4517,3.721301005,1.96337608619,62551.782644,e010_nonlinear_selector,,17412.3378273,23780.3532128,21359.0916039,-0.00175964333271
9283ae69,oof,hybrid_confidence_fallback,False,3371,7.00781155663,-4.59973204292,165547.864304,e010_nonlinear_selector,,71322.0500355,15257.7171327,78968.0971353,0.00218623726609
9298ad5b,oof,hybrid_confidence_fallback,False,3964,16.1142227559,-11.6916873324,1029324.64581,e010_nonlinear_selector,,541861.17082,3792.69715764,483670.777832,0.000854799483779
9314ff13,oof,hybrid_confidence_fallback,False,2748,4.80599652562,0.916996788079,63472.2119565,e010_nonlinear_selector,,2310.74678449,7579.96087224,53581.5042998,-0.00209362570154
93209a3d,oof,hybrid_confidence_fallback,False,4697,13.3003619024,-11.9703367247,830897.546775,e010_nonlinear_selector,,673028.251244,6332.2805827,151537.014948,-0.000856327453751
939d9c34,oof,hybrid_confidence_fallback,False,5101,15.1364004041,-0.435812673125,1168693.2583,e010_nonlinear_selector,,968.846631575,111178.193833,1056546.21784,0.00317042477609
93f5d2e6,oof,hybrid_confidence_fallback,False,3691,19.1747179101,13.676977387,1357069.25738,e010_nonlinear_selector,,690437.391249,525463.045106,141168.821025,0.0111981340058
940a48d9,oof,hybrid_confidence_fallback,False,3963,7.00306211374,2.31141923807,194356.929354,e010_nonlinear_selector,,21172.9571974,69405.8397343,103778.132422,0.00365807440612
940e709a,oof,hybrid_confidence_fallback,False,3348,8.78998899171,-8.00067618337,258679.558876,e010_nonlinear_selector,,214308.223322,98.8654807334,44272.4700739,0.000177801249905
9426ec1e,oof,hybrid_confidence_fallback,False,2532,10.1891527346,8.99626436156,262869.286293,e010_nonlinear_selector,,204921.779876,42220.6474813,15726.8589354,0.00558672828332
94467f50,oof,hybrid_confidence_fallback,False,3035,11.1623968425,7.52611582867,378158.278421,e010_nonlinear_selector,,171909.743081,46986.1890148,159262.346325,0.00449094477088
944f36b9,oof,hybrid_confidence_fallback,False,4630,3.57850071903,-2.18722768009,59290.2400438,e010_nonlinear_selector,,22149.7576006,1747.3020811,35393.1803621,-0.000459624471722
94d813a4,oof,hybrid_confidence_fallback,False,4847,32.0544423395,25.4543590616,4980230.8156,e010_nonlinear_selector,,3140489.54372,1608053.36835,231687.903531,0.0130176122641
95b559e7,oof,hybrid_confidence_fallback,False,2887,13.9641011799,-12.7133920384,562953.803528,e010_nonlinear_selector,,466626.783272,6677.45817542,89649.5620808,-0.00182484533427
95c8427f,oof,hybrid_confidence_fallback,False,6335,19.4821564277,17.5621878686,2404477.24482,e010_nonlinear_selector,,1953906.85471,1380.65302461,449189.737082,-0.000255277756213
96936c22,oof,hybrid_confidence_fallback,False,3346,5.0468273479,-3.4298446723,85224.1801711,e010_nonlinear_selector,,39361.7901571,7345.87661397,38516.5134001,-0.00153399361583
96ae5806,oof,hybrid_confidence_fallback,False,9839,11.4895533525,10.3598908501,1298844.77876,e010_nonlinear_selector,,1055993.68276,13834.138623,229016.957375,0.000417484394233
96b7eea1,oof,hybrid_confidence_fallback,False,4332,8.8606164212,-8.41497049137,340107.587212,e010_nonlinear_selector,,306756.407302,1467.5228196,31883.6570903,-0.000465425736044
9719aa04,oof,hybrid_confidence_fallback,False,4871,7.8713960244,-4.33698945782,301801.681942,e010_nonlinear_selector,,91620.9651811,54356.1233208,155824.59344,-0.00237567854452
974802e7,oof,hybrid_confidence_fallback,False,5843,15.289809792,-0.986863018835,1365966.51035,e010_nonlinear_selector,,5690.48962465,453109.653266,907166.36746,-0.0052208168398
97cd5bf9,oof,hybrid_confidence_fallback,False,3449,13.0994067201,-7.92055096486,591829.280188,e010_nonlinear_selector,,216373.455048,297993.690849,77462.1342907,-0.0093358611591
98177ced,oof,hybrid_confidence_fallback,False,4772,5.84201838417,-1.02086675324,162864.441238,e010_nonlinear_selector,,4973.23012383,22852.583451,135038.627664,0.00158857466427
9896fc0b,oof,hybrid_confidence_fallback,False,3595,14.4534763135,5.79344236244,751006.204272,e010_nonlinear_selector,,120662.487993,335753.985763,294589.730516,0.00931221268023
98bc6f66,oof,hybrid_confidence_fallback,False,6063,16.572251931,-15.4364578575,1665139.49503,e010_nonlinear_selector,,1444717.29369,0.200935003735,220422.000407,-3.28917572375e-06
992c99e8,oof,hybrid_confidence_fallback,False,4904,15.4629345277,11.5813975343,1172557.896,e010_nonlinear_selector,,657767.48243,472018.735078,42771.6784895,0.0069301806911
992ce078,oof,hybrid_confidence_fallback,False,2879,5.28695670885,4.03532974846,80473.5524635,e010_nonlinear_selector,,46881.3083088,27133.8901262,6458.3540285,0.00369389190912
99529c45,oof,hybrid_confidence_fallback,False,5840,21.8373698493,20.609714704,2784925.0161,e010_nonlinear_selector,,2480600.38665,3407.50391536,300917.125535,-0.000453095282537
995ff498,oof,hybrid_confidence_fallback,False,4526,5.92752027086,-0.501503234193,159023.257437,e010_nonlinear_selector,,1138.31386542,74122.8355329,83762.108039,0.00309738236629
999daf80,oof,hybrid_confidence_fallback,False,3564,4.04097177838,-2.96531616799,58198.1701842,e010_nonlinear_selector,,31338.608315,7122.25702235,19737.3048469,0.0013740195692
9a6b0392,oof,hybrid_confidence_fallback,False,4255,12.4291990327,11.1784625517,657333.626471,e010_nonlinear_selector,,531696.396456,67850.8179169,57786.4120978,0.00325101394242
9a8ae0d6,oof,hybrid_confidence_fallback,False,6294,5.21114244459,0.231967440886,170919.899107,e010_nonlinear_selector,,338.673176515,91556.2988059,79024.9271245,-0.00209915561303
9a95e33f,oof,hybrid_confidence_fallback,False,6447,26.4655183026,24.0261129507,4515631.32975,e010_nonlinear_selector,,3721557.20538,158511.083388,635563.040982,0.00266430500165
9ab94eeb,oof,hybrid_confidence_fallback,False,4442,7.47796567676,4.05973466725,248396.509684,e010_nonlinear_selector,,73210.581215,51221.1923634,123964.736105,0.00264818087472
9ad5410a,oof,hybrid_confidence_fallback,False,4205,6.64937241313,1.95208681077,185920.515419,e010_nonlinear_selector,,16023.753465,73768.6033471,96128.1586068,-0.00345046332499
9ae248be,oof,hybrid_confidence_fallback,False,5271,8.75377512135,5.44231786741,403909.239251,e010_nonlinear_selector,,156120.820091,73769.3766391,174019.04252,-0.00245860728049
9af1ffd0,oof,hybrid_confidence_fallback,False,3525,14.9237941571,9.77195813612,785086.702951,e010_nonlinear_selector,,336606.359495,370953.640349,77526.7031076,0.0100811894717
9b5b61c1,oof,hybrid_confidence_fallback,False,5532,6.4044304423,-3.77864310135,226904.546434,e010_nonlinear_selector,,78986.6908785,1960.60652842,145957.249027,-0.000372788576101
9b9e3b49,oof,hybrid_confidence_fallback,False,5118,8.12428679545,1.545359554,337808.655914,e010_nonlinear_selector,,12222.4808215,77387.8882983,248198.286794,0.00263194437885
9bd2bba3,oof,hybrid_confidence_fallback,False,7439,11.9665973198,-10.7179922699,1065260.71908,e010_nonlinear_selector,,854557.790382,51349.0060946,159353.922602,-0.00122344601248
9c211c53,oof,hybrid_confidence_fallback,False,7265,7.24495285983,-5.116714083,381335.069203,e010_nonlinear_selector,,190203.243247,41616.854749,149514.971207,0.00114122644442
9c350a6a,oof,hybrid_confidence_fallback,False,6052,14.8432530003,-9.91043669915,1333389.71009,e010_nonlinear_selector,,594407.804697,140203.304894,598778.600498,-0.00275499855519
9c8375f7,oof,hybrid_confidence_fallback,False,3674,7.3108375771,5.761379289,196369.223493,e010_nonlinear_selector,,121952.887079,177.640300813,74238.6961131,0.00020732547121
9d072e4c,oof,hybrid_confidence_fallback,False,5107,8.99967082926,-1.35063822044,413636.741204,e010_nonlinear_selector,,9316.30993805,255778.581459,148541.849807,-0.00480036136565
9d3ec64c,oof,hybrid_confidence_fallback,False,3480,7.80412800783,5.9406210305,211947.36059,e010_nonlinear_selector,,122812.604233,2430.99646369,86703.7598925,0.000831982015677
9d4272e3,oof,hybrid_confidence_fallback,False,4030,12.667214703,-11.102470416,646647.063173,e010_nonlinear_selector,,496757.342837,79901.8815965,69987.8387394,-0.00382746801807
9d5e14d4,oof,hybrid_confidence_fallback,False,5400,28.0519877517,25.0542349285,4249335.69082,e010_nonlinear_selector,,3389659.31439,712075.346215,147601.030212,0.00736653006345
9da441ba,oof,hybrid_confidence_fallback,False,5783,8.50406924405,-5.62311234138,418221.897211,e010_nonlinear_selector,,182854.946271,3175.06391479,232191.887025,0.000443850871696
9dede370,oof,hybrid_confidence_fallback,False,6297,19.2312973836,-16.4915822699,2328900.10566,e010_nonlinear_selector,,1712609.48347,364654.069026,251636.553162,-0.00418630263053
9def2eb2,oof,hybrid_confidence_fallback,False,6003,6.99504313696,-0.587191619772,293730.562813,e010_nonlinear_selector,,2069.79837198,9.96986704861,291650.794574,2.35170475597e-05
9df1b1f9,oof,hybrid_confidence_fallback,False,4701,7.28335425732,-6.30335774216,249375.118666,e010_nonlinear_selector,,186781.6308,3979.08743614,58614.4004305,0.000677948957538
9dfff011,oof,hybrid_confidence_fallback,False,4319,3.82591253871,-1.76992792336,63219.8235699,e010_nonlinear_selector,,13529.8931239,6885.69930071,42804.2311452,-0.00101272109198
9e3e364d,oof,hybrid_confidence_fallback,False,4290,5.5104431231,3.40617219664,130265.778842,e010_nonlinear_selector,,49772.6187521,16729.9008088,63763.2592808,-0.00159459860406
9efc812e,oof,hybrid_confidence_fallback,False,4450,10.8113674112,-8.28731474746,520141.210583,e010_nonlinear_selector,,305624.156469,49509.8432635,165007.21085,-0.00259654822623
9f0c7bae,oof,hybrid_confidence_fallback,False,2542,8.43112988712,-7.07781369596,180695.403883,e010_nonlinear_selector,,127342.625549,33880.9421098,19471.8362246,-0.00497513736581
9ffce529,oof,hybrid_confidence_fallback,False,5212,13.373424571,7.59251211495,932158.302549,e010_nonlinear_selector,,300452.204004,465968.632138,165737.466407,0.00628437889539
a0383629,oof,hybrid_confidence_fallback,False,5832,7.86875219492,5.54664385894,361101.466764,e010_nonlinear_selector,,179422.985227,40260.5079265,141417.973611,-0.00156064448238
a056d01e,oof,hybrid_confidence_fallback,False,6557,13.3045208586,10.4027095802,1160656.375,e010_nonlinear_selector,,709574.715864,12023.0877467,439058.571386,0.000715386698592
a08d9e63,oof,hybrid_confidence_fallback,False,3685,22.8619112385,-19.9205715188,1926027.84148,e010_nonlinear_selector,,1462315.4901,73138.1366937,390574.214681,0.00418799685272
a0b83014,oof,hybrid_confidence_fallback,False,5035,15.252092264,-13.7994000043,1171273.51329,e010_nonlinear_selector,,958782.022805,1820.03598385,210671.4545,-0.000413648454948
a0e92ed6,oof,hybrid_confidence_fallback,False,4897,8.35822179997,-4.4822763127,342103.791506,e010_nonlinear_selector,,98384.6522197,135113.686599,108605.452688,0.00371573854852
a15bc102,oof,hybrid_confidence_fallback,False,3236,3.05397412353,-1.59912023787,30181.3887171,e010_nonlinear_selector,,8275.05239175,7230.4389186,14675.8974068,-0.00160014819206
a247e7cf,oof,hybrid_confidence_fallback,False,5674,4.30475102218,2.57057964492,105144.220854,e010_nonlinear_selector,,37493.1094794,35958.6496531,31692.4617212,0.00153694497647
a2e8e7f6,oof,hybrid_confidence_fallback,False,4760,10.2689912181,-2.14840708074,501952.379834,e010_nonlinear_selector,,21970.5082066,323487.619641,156494.251987,-0.00599941681005
a3518960,oof,hybrid_confidence_fallback,False,4967,5.39800858128,1.83505711064,144730.912829,e010_nonlinear_selector,,16726.0476548,18992.5804029,109012.284771,-0.00136377077239
a3f71395,oof,hybrid_confidence_fallback,False,5543,15.6689763775,11.2340579638,1360899.73724,e010_nonlinear_selector,,699549.095345,59285.5857262,602065.056165,-0.00204384458939
a4719920,oof,hybrid_confidence_fallback,False,5884,8.21447368448,-3.78567362789,397038.06844,e010_nonlinear_selector,,84325.5152224,137599.296668,175113.256549,-0.00284701490113
a48640d9,oof,hybrid_confidence_fallback,False,4532,8.11771662866,-6.9321111127,298646.669029,e010_nonlinear_selector,,217781.473418,9958.5378658,70906.6577448,-0.0011330617304
a4cdbb0f,oof,hybrid_confidence_fallback,False,5204,12.1822426931,0.653242266242,772310.220719,e010_nonlinear_selector,,2220.67928554,172440.551018,597648.990415,-0.00383181382649
a4f989c2,oof,hybrid_confidence_fallback,False,5385,20.4721068883,19.6463583126,2256892.05901,e010_nonlinear_selector,,2078499.0418,19393.1237074,158999.893503,0.00122077591661
a5aa7973,oof,hybrid_confidence_fallback,False,4616,15.9691790707,11.2383619461,1177147.76377,e010_nonlinear_selector,,583004.396928,505101.138144,89042.2286994,0.00785020696127
a5e6f7dc,oof,hybrid_confidence_fallback,False,5649,7.50251837028,6.12395092941,317969.679933,e010_nonlinear_selector,,211853.175895,1885.58201455,104230.922023,-0.00035428762356
a612d5a0,oof,hybrid_confidence_fallback,False,5329,15.9392467737,-14.290596293,1353883.54292,e010_nonlinear_selector,,1088294.46791,82427.5101571,183161.564861,-0.00255657266483
a622ce4d,oof,hybrid_confidence_fallback,False,6298,8.0624229357,-4.50766288095,409386.775316,e010_nonlinear_selector,,127969.217235,3448.5692351,277968.988846,0.000407010973804
a645da9a,oof,hybrid_confidence_fallback,False,5153,9.70901162693,1.87448440317,485747.064595,e010_nonlinear_selector,,18106.0537307,388545.894084,79095.1167806,0.00583742857203
a692b17e,oof,hybrid_confidence_fallback,False,3566,12.5820000381,-9.40345513374,564521.781207,e010_nonlinear_selector,,315323.437501,26072.4611667,223125.88254,-0.00262669499447
a6b8ac67,oof,hybrid_confidence_fallback,False,5453,12.9116408919,-9.05120325061,909072.195759,e010_nonlinear_selector,,446733.100388,300551.258296,161787.837075,-0.00471624827176
a6ed2eff,oof,hybrid_confidence_fallback,False,5275,8.51944398983,-3.8465796715,382864.384101,e010_nonlinear_selector,,78049.8240176,2212.80486909,302601.755214,0.000425332426837
a6f967fb,oof,hybrid_confidence_fallback,False,4670,6.7376219217,4.6651457701,211997.214576,e010_nonlinear_selector,,101635.942213,7440.76548498,102920.506879,-0.000936319612878
a76db406,oof,hybrid_confidence_fallback,False,4672,3.81457397719,-1.51954838979,67982.1534596,e010_nonlinear_selector,,10787.7755873,23909.5121805,33284.8656918,-0.00167734245512
a7744f5b,oof,hybrid_confidence_fallback,False,4377,13.8012401783,-9.63803147638,833705.70672,e010_nonlinear_selector,,406586.755288,340726.936282,86392.0151501,-0.00698279108139
a783cc24,oof,hybrid_confidence_fallback,False,1889,28.6152319323,24.2281524936,1546772.70074,e010_nonlinear_selector,,1108849.37207,431767.288011,6156.04065206,0.0277247484791
a79fd2e7,oof,hybrid_confidence_fallback,False,4404,10.2130923012,5.61028570286,459369.148168,e010_nonlinear_selector,,138617.246161,4761.83814533,315990.063862,0.000817912760131
a7fc3e6b,oof,hybrid_confidence_fallback,False,4764,15.7240644921,-12.2658970647,1177880.91658,e010_nonlinear_selector,,716754.427537,19102.1136261,442024.375419,-0.00145604137268
a85bb86f,oof,hybrid_confidence_fallback,False,3099,5.01509750729,-3.31686375181,77943.5781206,e010_nonlinear_selector,,34093.9123739,1812.27428698,42037.3914597,0.000854811282256
a85e4bc3,oof,hybrid_confidence_fallback,False,4581,10.524829884,-5.63102406973,507446.733967,e010_nonlinear_selector,,145256.32733,123117.485969,239072.920668,-0.00392021661555
a87433c9,oof,hybrid_confidence_fallback,False,5721,9.38963801659,7.47375615406,504393.693215,e010_nonlinear_selector,,319558.074639,9259.47867704,175576.139899,-0.000770328517968
a8ed028a,oof,hybrid_confidence_fallback,False,5538,14.601709676,-12.5701471139,1180756.5672,e010_nonlinear_selector,,875051.6183,8456.36213609,297248.586766,0.000772952826224
a959858c,oof,hybrid_confidence_fallback,False,4404,17.439110824,-1.0599277165,1339355.87021,e010_nonlinear_selector,,4947.6595496,442451.889002,891956.321661,-0.00788411037402
a9c9b150,oof,hybrid_confidence_fallback,False,3986,3.65709133742,-3.41362136674,53310.0277622,e010_nonlinear_selector,,46448.1039903,19.3928408329,6842.53093109,6.06185315531e-05
aa95015b,oof,hybrid_confidence_fallback,False,4300,5.45895276422,1.53236853304,128140.710713,e010_nonlinear_selector,,10097.0592805,18771.4636632,99272.1877689,0.00168320502862
aaaf3c03,oof,hybrid_confidence_fallback,False,2997,14.6920716323,1.55093030846,646923.335641,e010_nonlinear_selector,,7208.93831067,355732.613953,283981.783378,-0.0125928019912
aaeffccb,oof,hybrid_confidence_fallback,False,2712,6.83990491321,5.14509220182,126879.01949,e010_nonlinear_selector,,71791.9928513,8.49992378755,55078.5267144,-7.15094834016e-05
ab112491,oof,hybrid_confidence_fallback,False,5185,33.7357586223,-30.2828388759,5901055.80994,e010_nonlinear_selector,,4754905.96304,88473.9535201,1057675.89338,-0.00275978472932
ab18d3fc,oof,hybrid_confidence_fallback,False,5694,12.3207159393,8.7482002135,864349.434919,e010_nonlinear_selector,,435767.553719,350039.950286,78541.9309145,0.00477005341454
ab3ced07,oof,hybrid_confidence_fallback,False,4250,16.2422890524,14.0094950771,1121200.80306,e010_nonlinear_selector,,834130.297341,784.996700359,286285.50902,0.000350300821337
ab6fe95d,oof,hybrid_confidence_fallback,False,5491,7.89495269243,-5.4348687091,342255.556584,e010_nonlinear_selector,,162192.048187,85415.2164669,94648.2919303,-0.00248817594763
ab94878e,oof,hybrid_confidence_fallback,False,6004,7.895541801,-6.00940577703,374286.84031,e010_nonlinear_selector,,216822.198589,28088.9577169,129375.684004,-0.0012479506623
abf460d2,oof,hybrid_confidence_fallback,False,3217,10.7438530624,-8.03329977507,371339.528044,e010_nonlinear_selector,,207605.573273,146930.515302,16803.4394689,-0.00727729622694
ac6f01d5,oof,hybrid_confidence_fallback,False,5004,21.032179261,18.5852116412,2213532.23258,e010_nonlinear_selector,,1728432.09911,136287.776539,348812.356931,0.00361279345376
ad2133a8,oof,hybrid_confidence_fallback,False,5729,33.8614041509,30.2076235795,6568840.98514,e010_nonlinear_selector,,5227715.49239,206012.137497,1135113.35526,0.00362592486327
add9c322,oof,hybrid_confidence_fallback,False,3932,10.0152101058,8.68927882457,394397.032377,e010_nonlinear_selector,,296880.023443,28461.315848,69055.6930859,0.00237027022374
ae069086,oof,hybrid_confidence_fallback,False,4770,18.454492383,14.5172019465,1624510.73908,e010_nonlinear_selector,,1005273.45673,61353.5763606,557883.705991,0.0026045518385
ae0784a8,oof,hybrid_confidence_fallback,False,7823,8.58421652951,-4.90665438173,576467.274507,e010_nonlinear_selector,,188340.737246,99140.5245385,288986.012723,-0.00157636301715
ae35f33a,oof,hybrid_confidence_fallback,False,4450,2.54747821944,0.174696708029,28878.9214895,e010_nonlinear_selector,,135.809282093,7211.86071833,21531.251489,0.00099100143384
ae8959c3,oof,hybrid_confidence_fallback,False,4518,22.060664858,-20.6184883211,2198788.31571,e010_nonlinear_selector,,1920701.47,229802.768028,48284.0776874,-0.00546825705026
aed44918,oof,hybrid_confidence_fallback,False,2719,8.84612294729,-7.46788387711,212772.330169,e010_nonlinear_selector,,151636.698428,13688.5174875,47447.1142537,-0.00285861092118
aee6393a,oof,hybrid_confidence_fallback,False,5865,4.63856941448,-0.327569628289,126193.253239,e010_nonlinear_selector,,629.32541698,61739.6035441,63824.3242778,-0.00191633098992
af7a59ce,oof,hybrid_confidence_fallback,False,3024,10.3709726486,9.57135239853,325252.5908,e010_nonlinear_selector,,277031.019092,20763.5259908,27458.0457169,0.00300170853054
aff4e561,oof,hybrid_confidence_fallback,False,6026,12.1292081255,-11.0306128832,886531.19845,e010_nonlinear_selector,,733210.058403,40509.3846761,112811.75537,-0.00149047522407
b04b58a3,oof,hybrid_confidence_fallback,False,3402,11.2746500888,-3.47548079306,432454.533198,e010_nonlinear_selector,,41092.6448593,37132.4863494,354229.401989,0.00336407905384
b0d42b0d,oof,hybrid_confidence_fallback,False,4971,14.0237827499,-12.0266970609,977629.085085,e010_nonlinear_selector,,719012.609148,11557.5660645,247058.909873,0.00106257153964
b0f53bf4,oof,hybrid_confidence_fallback,False,2755,12.9400097969,11.0041225154,461307.816515,e010_nonlinear_selector,,333604.912482,18207.3504489,109495.553583,0.00323244856125
b19b0395,oof,hybrid_confidence_fallback,False,5813,6.97031473648,3.18931614974,282426.276387,e010_nonlinear_selector,,59128.3101051,48243.6614439,175054.304838,0.00171676272658
b1efb8a4,oof,hybrid_confidence_fallback,False,5998,9.19310123546,-7.19747620491,506909.635732,e010_nonlinear_selector,,310718.374994,50292.7236808,145898.537057,-0.00167237441566
b32902c0,oof,hybrid_confidence_fallback,False,3808,10.1152450848,-7.17877285262,389627.641343,e010_nonlinear_selector,,196244.440982,156722.664274,36660.5360878,-0.00583594420913
b32e4903,oof,hybrid_confidence_fallback,False,5770,8.8664796861,-7.05335939855,453605.445878,e010_nonlinear_selector,,287056.800705,20459.5533989,146089.091774,-0.00113051150011
b3388334,oof,hybrid_confidence_fallback,False,6080,14.4518923847,8.24585116452,1269851.73648,e010_nonlinear_selector,,413403.893479,383319.032088,473128.810914,-0.00452392557356
b37fd114,oof,hybrid_confidence_fallback,False,8161,16.1957728803,-11.610221895,2140655.26604,e010_nonlinear_selector,,1100080.37725,390741.546362,649833.342434,-0.00293711096722
b38e3116,oof,hybrid_confidence_fallback,False,6211,5.83131267998,2.35866244644,211200.133228,e010_nonlinear_selector,,34553.5850987,3703.44193536,172943.106194,-0.000430676430341
b4d8dd4f,oof,hybrid_confidence_fallback,False,4259,14.3729732111,-1.52489152803,879834.266669,e010_nonlinear_selector,,9903.42787966,386484.06632,483446.772469,-0.00774809562106
b4f37e6e,oof,hybrid_confidence_fallback,False,2992,10.2912981296,-5.17668582448,316885.16504,e010_nonlinear_selector,,80179.8437671,187442.381149,49262.9401242,-0.00916393837056
b56bc0aa,oof,hybrid_confidence_fallback,False,5602,11.3765241003,-10.3494528453,725040.533992,e010_nonlinear_selector,,600036.797849,27755.6918188,97248.0443246,0.00137642325517
b585b4fa,oof,hybrid_confidence_fallback,False,4294,9.33536704226,-1.31693041378,374218.140132,e010_nonlinear_selector,,7447.10873907,105792.550698,260978.480695,-0.00400428627704
b5aa9634,oof,hybrid_confidence_fallback,False,7326,9.20274009904,1.3738693856,620442.055971,e010_nonlinear_selector,,13827.9501917,19.1306887191,606594.97509,-2.41632617361e-05
b7974e66,oof,hybrid_confidence_fallback,False,5558,7.60727353385,3.71237194212,321644.85382,e010_nonlinear_selector,,76598.7188168,71232.7053837,173813.429619,0.00223127210436
b7cdcecb,oof,hybrid_confidence_fallback,False,6168,6.65912105424,-3.07763735033,273513.13335,e010_nonlinear_selector,,58422.3810399,146510.468297,68580.2840136,-0.00273721183698
b7fea9ef,oof,hybrid_confidence_fallback,False,3866,8.07558965018,6.96153991182,252121.762934,e010_nonlinear_selector,,187358.104691,11.0275595416,64752.6306837,4.78561292569e-05
b85f7b06,oof,hybrid_confidence_fallback,False,3803,5.10980891505,3.6360079639,99296.889605,e010_nonlinear_selector,,50277.7665332,22454.8634114,26564.2596603,-0.0022133819234
b881d27e,oof,hybrid_confidence_fallback,False,4009,12.6525145078,-11.8926822386,641785.268594,e010_nonlinear_selector,,567016.486334,2025.26912314,72743.5131368,-0.000614154902491
b8c49c1a,oof,hybrid_confidence_fallback,False,4319,8.93569639967,5.1954754191,344857.768365,e010_nonlinear_selector,,116582.615103,81699.1896417,146575.96362,-0.00348838735079
b95e7121,oof,hybrid_confidence_fallback,False,6306,5.7453647472,5.00298949002,208156.11659,e010_nonlinear_selector,,157838.573598,176.821873817,50140.7211187,9.1987257948e-05
b977be4a,oof,hybrid_confidence_fallback,False,5917,20.3043857745,6.97630730318,2439390.23931,e010_nonlinear_selector,,287973.665852,1329093.78195,822322.791505,0.00877437291961
ba48188d,oof,hybrid_confidence_fallback,False,4166,53.523002499,42.3773410363,11934389.3443,e010_nonlinear_selector,,7481465.41275,4310496.70457,142427.226934,0.026747019592
bb2cdd83,oof,hybrid_confidence_fallback,False,3825,6.86294446883,-5.60723163506,180157.525942,e010_nonlinear_selector,,120262.00328,42303.6883623,17591.8342996,-0.00301184484685
bb337fa0,oof,hybrid_confidence_fallback,False,6873,22.4660475948,-20.3784669926,3468963.20333,e010_nonlinear_selector,,2854232.61533,195454.898016,419275.689983,-0.00268778416407
bb682ebd,oof,hybrid_confidence_fallback,False,4139,20.2213074686,-17.9474830591,1692442.38028,e010_nonlinear_selector,,1333222.18123,241827.080268,117393.118785,-0.00639734779939
bc4381e2,oof,hybrid_confidence_fallback,False,4955,16.5650747612,-15.966164434,1359660.43264,e010_nonlinear_selector,,1263120.70537,33181.3176771,63358.4095977,-0.0018091390915
bcebcc5f,oof,hybrid_confidence_fallback,False,6258,12.700919423,-9.18479914415,1009498.97052,e010_nonlinear_selector,,527928.230023,12320.2995742,469250.440921,-0.000776690376975
bd2c2f34,oof,hybrid_confidence_fallback,False,9823,9.39540886184,8.14955725274,867112.630551,e010_nonlinear_selector,,652397.328993,6064.41913201,208650.882426,-0.000277088826767
bd4ae5da,oof,hybrid_confidence_fallback,False,5006,10.0731015092,8.4148361264,507945.674315,e010_nonlinear_selector,,354472.191973,40586.5780022,112886.904339,0.00197035999723
bd6f0e19,oof,hybrid_confidence_fallback,False,5140,6.47496896913,-5.57935958763,215495.646997,e010_nonlinear_selector,,160004.362518,25739.5046798,29751.7797994,-0.00150815523309
bd8f847e,oof,hybrid_confidence_fallback,False,4961,6.38416569246,-0.384044074364,202198.312652,e010_nonlinear_selector,,731.697151081,128174.626796,73291.9887044,-0.00354926006095
be063506,oof,hybrid_confidence_fallback,False,4500,7.20366886737,5.59297367408,233517.803178,e010_nonlinear_selector,,140766.095335,28679.8316816,64071.8761618,0.00194339088826
be35c8f2,oof,hybrid_confidence_fallback,False,4226,5.16458350014,-0.0279806740944,112719.771457,e010_nonlinear_selector,,3.30861198686,63710.9917182,49005.4711264,0.0031827577093
be83e781,oof,hybrid_confidence_fallback,False,3221,3.52172736933,1.9258305516,39948.6575613,e010_nonlinear_selector,,11946.1198927,6501.82856735,21500.7091012,0.00152799633971
beda8696,oof,hybrid_confidence_fallback,False,5912,10.2597368008,-1.83175335842,622310.121796,e010_nonlinear_selector,,19836.6540044,193430.03976,409043.428032,0.0033515905073
bf39bc20,oof,hybrid_confidence_fallback,False,3303,9.33628246208,1.34503851895,287909.860209,e010_nonlinear_selector,,5975.55182351,56614.8338234,225319.474562,0.00434203081065
bf70b410,oof,hybrid_confidence_fallback,False,6347,15.7829722156,7.92968107579,1581051.73931,e010_nonlinear_selector,,399098.356944,692690.33289,489263.049476,0.00570174045626
bffe3082,oof,hybrid_confidence_fallback,False,5723,12.0668172714,-0.390932960539,833315.036467,e010_nonlinear_selector,,874.637961258,594013.608695,238426.789811,-0.00616670549387
c03b9305,oof,hybrid_confidence_fallback,False,4255,18.1649423231,-16.2338301647,1404001.62646,e010_nonlinear_selector,,1121350.96393,209236.785671,73413.8768509,-0.00570900348661
c03d4aed,oof,hybrid_confidence_fallback,False,4641,10.547295064,-7.24040563821,516290.055333,e010_nonlinear_selector,,243297.341933,9168.31979234,263824.393607,0.00104910306792
c03fba65,oof,hybrid_confidence_fallback,False,3699,20.2626753506,18.2213417415,1518720.66973,e010_nonlinear_selector,,1228131.97369,218005.747146,72582.9488929,0.00718949048559
c07fd0cd,oof,hybrid_confidence_fallback,False,4191,3.52465453223,1.21509063025,52065.5874946,e010_nonlinear_selector,,6187.78199971,24.4455476381,45853.3599472,-6.31268370378e-05
c1708b88,oof,hybrid_confidence_fallback,False,6315,20.3805523525,17.6711251104,2623042.06313,e010_nonlinear_selector,,1971976.60475,107930.337011,543135.121364,0.00226778752903
c1d046f4,oof,hybrid_confidence_fallback,False,5513,7.0099814884,-2.97029562702,270907.940499,e010_nonlinear_selector,,48639.3031448,16639.3564814,205629.280872,0.00109163362497
c2717d4f,oof,hybrid_confidence_fallback,False,4721,12.0414147153,-10.1673915185,684524.550262,e010_nonlinear_selector,,488037.389219,117.271825236,196369.889218,0.000115647560061
c2c4db09,oof,hybrid_confidence_fallback,False,6039,7.93363941617,-1.01028493791,380110.569056,e010_nonlinear_selector,,6163.86028522,69099.5208657,304847.187905,0.00194035235724
c2c6fc71,oof,hybrid_confidence_fallback,False,7119,10.2657703065,-6.88801404036,750243.218663,e010_nonlinear_selector,,337759.085694,197696.002819,214788.130149,-0.0025642542391
c36625df,oof,hybrid_confidence_fallback,False,4742,8.99566248137,8.20959950649,383731.855976,e010_nonlinear_selector,,319599.059078,1938.31810781,62194.4787903,0.000467047266591
c3957531,oof,hybrid_confidence_fallback,False,5316,13.5851978033,-8.52335111195,981108.198163,e010_nonlinear_selector,,386194.185368,191400.49385,403513.518945,-0.00391007150251
c42fe306,oof,hybrid_confidence_fallback,False,5095,13.2741117874,-7.79693429532,897749.412875,e010_nonlinear_selector,,309736.179546,450757.869271,137255.364058,-0.00639508038031
c43812e2,oof,hybrid_confidence_fallback,False,5527,6.26778329392,1.87059612969,217128.788708,e010_nonlinear_selector,,19339.6908491,3470.9023139,194318.195545,0.000496681093645
c472c0b5,oof,hybrid_confidence_fallback,False,3054,9.98864322767,9.46272337919,304706.72224,e010_nonlinear_selector,,273464.730476,3483.87811233,27758.1136516,-0.00121148648426
c47e0767,oof,hybrid_confidence_fallback,False,4356,15.9570534992,-13.3511986568,1109157.63557,e010_nonlinear_selector,,776476.626273,272929.41935,59751.5899505,-0.00629482996448
c50b42f6,oof,hybrid_confidence_fallback,False,6014,8.5134396223,-3.49874502468,435886.626374,e010_nonlinear_selector,,73618.6775208,4251.37304816,358016.575805,0.000484295128886
c593337f,oof,hybrid_confidence_fallback,False,5208,26.5724178381,19.9373608091,3677334.37387,e010_nonlinear_selector,,2070171.43822,1418372.00193,188790.933731,0.0109768882432
c59b6c4a,oof,hybrid_confidence_fallback,False,5499,21.0937868881,17.167001876,2446768.2012,e010_nonlinear_selector,,1620588.03781,758692.564484,67487.5989075,0.00739942486408
c66be2b8,oof,hybrid_confidence_fallback,False,4154,26.2562888474,20.245164512,2863737.29256,e010_nonlinear_selector,,1702586.21414,924162.313853,236988.764576,0.0124384144819
c6797dd7,oof,hybrid_confidence_fallback,False,4664,5.99655501973,3.82862837777,167711.246696,e010_nonlinear_selector,,68366.7554697,27087.6902717,72256.8009544,0.00178994137854
c6b782a4,oof,hybrid_confidence_fallback,False,4877,10.7884616966,7.564035341,567638.44748,e010_nonlinear_selector,,279035.753631,6124.04853509,282478.645314,0.000795940879724
c6c96179,oof,hybrid_confidence_fallback,False,4004,8.84672112013,-7.39830838023,313370.956208,e010_nonlinear_selector,,219158.807424,568.292132646,93643.8566514,-0.000325938269367
c70c0e01,oof,hybrid_confidence_fallback,False,4312,12.6417860978,8.58338918764,689121.226764,e010_nonlinear_selector,,317684.745609,220742.857104,150693.624051,0.00574798777941
c84c65be,oof,hybrid_confidence_fallback,False,8496,7.88029014375,-2.42131961003,527592.872482,e010_nonlinear_selector,,49810.2524036,23288.2058586,454494.41422,0.000675051468164
c8d9680c,oof,hybrid_confidence_fallback,False,6281,41.6067828616,-37.8928354655,10873192.2314,e010_nonlinear_selector,,9018680.49899,976889.242203,877622.490195,-0.00687812559728
c908edd0,oof,hybrid_confidence_fallback,False,5293,14.4740040969,8.63767260598,1108866.53381,e010_nonlinear_selector,,394907.490938,661673.680747,52285.3621215,0.00731744926323
c9578d27,oof,hybrid_confidence_fallback,False,4487,9.82579224641,0.0162414507237,433202.769201,e010_nonlinear_selector,,1.18360204587,75188.3682421,358013.217357,-0.00316032582012
c96c018a,oof,hybrid_confidence_fallback,False,6236,8.64261430681,-6.20111567487,465796.660903,e010_nonlinear_selector,,239798.118883,24125.147137,201873.394883,-0.00109261322825
c99f9fae,oof,hybrid_confidence_fallback,False,6361,11.6074417295,10.3259939573,857034.726986,e010_nonlinear_selector,,678248.947818,141934.876681,36850.9024868,0.00257245091903
c9e6734f,oof,hybrid_confidence_fallback,False,4735,10.318340295,4.54636336677,504126.673409,e010_nonlinear_selector,,97869.7030499,273322.641361,132934.328998,-0.00555838291962
c9e980e8,oof,hybrid_confidence_fallback,False,4359,5.81862373104,-1.14251031844,147579.969676,e010_nonlinear_selector,,5689.93271917,91150.4775753,50739.5593818,0.0036340408523
c9fedcf3,oof,hybrid_confidence_fallback,False,3517,4.38116203522,-3.15080049749,67507.3405993,e010_nonlinear_selector,,34915.1714567,8338.10363111,24254.0655115,-0.0015165814246
cad13e8f,oof,hybrid_confidence_fallback,False,4848,11.6795451415,10.1318315161,661324.283801,e010_nonlinear_selector,,497666.639849,122654.239212,41003.4047403,0.00359408212906
cb34231f,oof,hybrid_confidence_fallback,False,5609,9.03702239634,6.89861152059,458074.543199,e010_nonlinear_selector,,266937.026675,49171.4908387,141966.025685,0.00182860186293
cb879f40,oof,hybrid_confidence_fallback,False,6315,9.42846521779,3.37734447434,561377.964433,e010_nonlinear_selector,,72031.7677353,26923.9676187,462422.229079,0.00113266146646
cbb406b5,oof,hybrid_confidence_fallback,False,6328,9.31920076061,-6.15595728281,549570.997824,e010_nonlinear_selector,,239804.686109,15077.4782794,294688.833435,0.000844997216726
cbe51de1,oof,hybrid_confidence_fallback,False,3963,9.43273147178,-3.75142110091,352613.564423,e010_nonlinear_selector,,55771.9341752,154.27151503,296687.358733,-0.000172463581461
cbe62450,oof,hybrid_confidence_fallback,False,6258,12.6647849407,-7.49852598861,1003763.03418,e010_nonlinear_selector,,351874.148148,74026.4621337,577862.423903,0.00190384149148
cc08aa63,oof,hybrid_confidence_fallback,False,3274,8.68242361027,-5.88067610057,246808.786696,e010_nonlinear_selector,,113222.618483,53103.8765187,80482.2916939,-0.00426123752946
cc8a1d57,oof,hybrid_confidence_fallback,False,6638,30.5199959503,27.9367764293,6183098.87435,e010_nonlinear_selector,,5180716.56206,69711.4525183,932670.859769,0.00169116827016
ccedb12b,oof,hybrid_confidence_fallback,False,4401,7.66302063732,-1.46046048126,258435.017153,e010_nonlinear_selector,,9387.09014105,111507.498973,137540.428038,0.00396201047036
cd7f1687,oof,hybrid_confidence_fallback,False,4232,6.82095058841,3.95245197264,196895.352846,e010_nonlinear_selector,,66111.7817543,5614.02291067,125169.548181,0.000942777560079
cda7eb37,oof,hybrid_confidence_fallback,False,5973,8.75912973101,-0.0505350198763,458262.61832,e010_nonlinear_selector,,15.2537771211,165178.847801,293068.516742,-0.0030498541651
cdc31d65,oof,hybrid_confidence_fallback,False,4840,6.17914388331,-2.50802853604,184800.004592,e010_nonlinear_selector,,30444.6025459,12662.7846114,141692.617435,0.00115767645255
cdc60a53,oof,hybrid_confidence_fallback,False,5878,12.7774491449,-7.86813788962,959661.128687,e010_nonlinear_selector,,363892.836651,412178.19947,183590.092567,-0.00493501827877
ce55ba43,oof,hybrid_confidence_fallback,False,4104,11.9284863836,-9.70071899097,583953.183507,e010_nonlinear_selector,,386202.606457,13677.7874814,184072.789569,-0.00154094640355
ce8399b7,oof,hybrid_confidence_fallback,False,1615,5.82760505461,-4.89254602835,54846.9837862,e010_nonlinear_selector,,38658.2657228,4335.18344739,11853.534616,0.00351427429723
cf50c9d1,oof,hybrid_confidence_fallback,False,4858,25.1498945253,22.9724119921,3072768.53154,e010_nonlinear_selector,,2563720.66046,350121.779278,158926.091805,0.00605360291295
d00e7eb9,oof,hybrid_confidence_fallback,False,5704,7.36711166572,5.93775065399,309580.80282,e010_nonlinear_selector,,201105.259656,5677.79018699,102797.752977,-0.000605914051801
d011f41b,oof,hybrid_confidence_fallback,False,2267,12.0542750981,10.1518577867,329407.677635,e010_nonlinear_selector,,233637.510852,24570.8102813,71199.3565022,0.00503063866453
d07aed8f,oof,hybrid_confidence_fallback,False,2957,8.00358283597,-7.44379712452,189417.549094,e010_nonlinear_selector,,163847.711921,3535.26667933,22034.5704933,-0.00128092809431
d085e611,oof,hybrid_confidence_fallback,False,6191,10.517223553,-3.51602967728,684798.83792,e010_nonlinear_selector,,76536.0189054,67608.089125,540654.729889,-0.00184905041826
d0a0e7b5,oof,hybrid_confidence_fallback,False,3816,8.93582520887,-6.85617884251,304703.677776,e010_nonlinear_selector,,179379.430631,61277.6861686,64046.5609759,-0.00363772000098
d0a43760,oof,hybrid_confidence_fallback,False,4041,3.26421401246,-1.61247467579,43057.2312944,e010_nonlinear_selector,,10506.901378,2043.98666703,30506.3432494,-0.00060967219655
d0cb63ae,oof,hybrid_confidence_fallback,False,5223,21.3007344486,17.6978306505,2369786.28749,e010_nonlinear_selector,,1635912.59444,12573.8322384,721299.860813,0.00102906882816
d114d9c2,oof,hybrid_confidence_fallback,False,6206,8.73642836971,6.16623090997,473674.07117,e010_nonlinear_selector,,235967.036959,168597.945179,69109.0890314,0.00290937103256
d1457cc5,oof,hybrid_confidence_fallback,False,6920,13.7570531585,12.0491230123,1309655.06031,e010_nonlinear_selector,,1004655.04834,2171.77609318,302828.235884,-0.000280439387516
d1ecf309,oof,hybrid_confidence_fallback,False,6168,11.508865685,-8.99472189217,816976.20634,e010_nonlinear_selector,,499022.175187,238132.371599,79821.6595542,-0.00348966148137
d1ee630d,oof,hybrid_confidence_fallback,False,6290,6.95385234993,5.15849321998,304159.633154,e010_nonlinear_selector,,167377.228971,23142.1165326,113640.287651,0.00105637033883
d217e0c5,oof,hybrid_confidence_fallback,False,3838,4.52663025701,0.898553251631,78642.0841343,e010_nonlinear_selector,,3098.79331681,11320.6497365,64222.6410809,-0.00155013263251
d24ff243,oof,hybrid_confidence_fallback,False,5641,4.15744175645,-0.851435532098,97500.8601667,e010_nonlinear_selector,,4089.40044686,17745.0150752,75666.4446446,0.00108916748185
d273674e,oof,hybrid_confidence_fallback,False,3899,3.7962791338,0.512512170794,56191.3557855,e010_nonlinear_selector,,1024.1453596,1790.34642729,53376.8639986,0.000602045509562
d2f3b1ab,oof,hybrid_confidence_fallback,False,5581,14.1744113479,-0.946434675768,1121300.68273,e010_nonlinear_selector,,4999.11710147,519566.888546,596734.677081,0.00598884853347
d3df146b,oof,hybrid_confidence_fallback,False,5787,6.67751398167,-1.63984316187,258037.659749,e010_nonlinear_selector,,15561.7383413,64605.5603585,177870.361049,-0.00200007073275
d40f61d5,oof,hybrid_confidence_fallback,False,4039,5.13446541257,-3.03469293522,106479.086959,e010_nonlinear_selector,,37196.6099316,12377.9103973,56904.5666306,-0.00150142458822
d41beaf2,oof,hybrid_confidence_fallback,False,4753,11.6391609184,8.65153884149,643889.227905,e010_nonlinear_selector,,355757.887921,45515.7982613,242615.541723,0.00225538139275
d463e527,oof,hybrid_confidence_fallback,False,4767,8.58575046241,-3.29333427709,351399.93415,e010_nonlinear_selector,,51703.1234993,158821.931455,140874.879195,-0.00419448012901
d4f60a28,oof,hybrid_confidence_fallback,False,4501,5.09519378767,-1.2721931506,116850.459802,e010_nonlinear_selector,,7284.75783141,6521.65263487,103044.049336,-0.000926415784124
d50c649a,oof,hybrid_confidence_fallback,False,4873,5.09307169399,2.07299032118,126402.595232,e010_nonlinear_selector,,20940.6886718,5217.86997232,100244.036588,0.000735601559532
d543916f,oof,hybrid_confidence_fallback,False,4799,9.82682567954,-5.10129960748,463422.64759,e010_nonlinear_selector,,124885.613632,188754.426209,149782.607749,-0.0045270269485
d5df0ff5,oof,hybrid_confidence_fallback,False,4032,10.3162159996,8.90807378393,429102.828199,e010_nonlinear_selector,,319954.435073,3822.39330553,105325.999821,0.00083652232745
d60430e6,oof,hybrid_confidence_fallback,False,2511,6.91917206124,-5.12859947939,120213.979395,e010_nonlinear_selector,,66045.6594089,32039.2714109,22129.048575,-0.0049279002025
d63196fe,oof,hybrid_confidence_fallback,False,4510,21.6101170745,19.0939581391,2106157.19148,e010_nonlinear_selector,,1644252.36075,374412.752052,87492.0786767,0.00699843827925
d6c320d9,oof,hybrid_confidence_fallback,False,5452,11.3421599247,-9.96495636346,701370.314265,e010_nonlinear_selector,,541385.537236,91565.3801397,68419.3968894,-0.00260388926387
d6dd7330,oof,hybrid_confidence_fallback,False,6193,9.17402825179,-4.64892010397,521220.1855,e010_nonlinear_selector,,133845.953218,18114.2236745,369260.008607,-0.000956640739351
d7ba4f9d,oof,hybrid_confidence_fallback,False,6023,6.21871974684,5.33458886954,232924.31867,e010_nonlinear_selector,,171401.560726,683.176917827,60839.5810269,-0.000193703704533
d7eb0be8,oof,hybrid_confidence_fallback,False,5401,28.8077453249,-21.7095069807,4482215.316,e010_nonlinear_selector,,2545505.84675,352383.490822,1584325.97843,0.00518068445743
d84b621b,oof,hybrid_confidence_fallback,False,3994,15.6560728031,14.7639340351,978979.78677,e010_nonlinear_selector,,870587.150282,11846.0249486,96546.6115394,0.00149370511202
d90aa14c,oof,hybrid_confidence_fallback,False,10018,11.1283871716,-6.71476796365,1240639.14843,e010_nonlinear_selector,,451692.674015,33824.4695382,755122.004873,-0.000635381523039
d924e971,oof,hybrid_confidence_fallback,False,3184,26.7278064399,-17.6548554231,2274572.02849,e010_nonlinear_selector,,992433.441316,1158739.80612,123398.781049,-0.0207550612378
d9ae59b2,oof,hybrid_confidence_fallback,False,3648,9.67249402323,8.04724149048,341296.449016,e010_nonlinear_selector,,236237.532771,81962.0346541,23096.881591,0.00450105956595
d9d6d94d,oof,hybrid_confidence_fallback,False,4919,9.47734906895,3.9716930988,441825.295099,e010_nonlinear_selector,,77594.0083234,91476.094007,272755.192768,0.00303689099797
d9eca87b,oof,hybrid_confidence_fallback,False,6373,20.3670112182,11.7474135355,2643616.9252,e010_nonlinear_selector,,879484.99199,1064847.34197,699284.591243,0.00702616632398
da2d4d7c,oof,hybrid_confidence_fallback,False,2114,7.9934640312,7.66925799161,135075.017699,e010_nonlinear_selector,,124340.233352,4.90098680837,10729.8833602,-7.88996295176e-05
da3bfe4e,oof,hybrid_confidence_fallback,False,5549,28.2805823466,25.3726162727,4438042.13382,e010_nonlinear_selector,,3572277.82403,391461.609765,474302.700024,0.00524340171393
da3cf798,oof,hybrid_confidence_fallback,False,5844,12.1076485108,-9.79251092267,856702.070977,e010_nonlinear_selector,,560400.270877,202959.039449,93342.7606519,-0.00349324879485
da940160,oof,hybrid_confidence_fallback,False,5132,10.534934852,-9.3410565495,569574.262186,e010_nonlinear_selector,,447794.391849,46689.4685543,75090.4017821,-0.0020359641429
dafc88c3,oof,hybrid_confidence_fallback,False,5572,15.148566075,-14.2237835238,1278657.2896,e010_nonlinear_selector,,1127304.8508,65393.3141691,85959.1246348,-0.00212980892436
dbee6c86,oof,hybrid_confidence_fallback,False,7369,5.21737247059,3.49586494253,200591.368437,e010_nonlinear_selector,,90057.0773308,2759.89337526,107774.397731,0.000287689455489
dc5fbe29,oof,hybrid_confidence_fallback,False,5203,6.89383269902,-0.316102953624,247272.207054,e010_nonlinear_selector,,519.889365138,24088.5324299,222663.785259,-0.00143256739717
dc7da28f,oof,hybrid_confidence_fallback,False,4774,10.6815432125,-6.14427238932,544691.274426,e010_nonlinear_selector,,180228.445169,324357.600031,40105.2292258,-0.00598107226512
dc7f9757,oof,hybrid_confidence_fallback,False,4360,10.7605151215,6.104774467,504838.669564,e010_nonlinear_selector,,162489.662837,277896.514562,64452.4921645,0.00634311303206
dd168de0,oof,hybrid_confidence_fallback,False,3304,6.24028461502,4.85589731838,128661.566461,e010_nonlinear_selector,,77907.4568849,15404.6211057,35349.4884699,-0.00226389403589
dd64382d,oof,hybrid_confidence_fallback,False,3124,5.69003973441,-4.11622649723,101144.349008,e010_nonlinear_selector,,52930.9334809,28061.6773981,20151.7381288,-0.0033233870348
dd6bc5b2,oof,hybrid_confidence_fallback,False,3602,14.9506767341,-13.4252733169,805128.890773,e010_nonlinear_selector,,649217.145007,21518.8210063,134392.92476,-0.00235063021129
dd7d638e,oof,hybrid_confidence_fallback,False,4301,7.04424057581,4.59878239782,213421.320072,e010_nonlinear_selector,,90960.9868323,26775.6685936,95684.6646458,-0.00200958616867
ddc790ff,oof,hybrid_confidence_fallback,False,4726,6.83154084565,5.44450738732,220562.185239,e010_nonlinear_selector,,140091.214424,3806.90245832,76664.0683575,0.000657863712373
df71d1ff,oof,hybrid_confidence_fallback,False,6228,21.0441939929,17.0944002021,2758120.25186,e010_nonlinear_selector,,1819936.93177,301253.643277,636929.676804,0.00386842228694
df73b8f3,oof,hybrid_confidence_fallback,False,5311,16.5437524116,8.86058163052,1453598.09561,e010_nonlinear_selector,,416966.11518,764729.148809,271902.831626,0.00782672366702
df8290be,oof,hybrid_confidence_fallback,False,3972,12.2111487445,-7.3592138724,592273.474342,e010_nonlinear_selector,,215115.690472,227442.342095,149715.441775,-0.00659952132427
e0079ed1,oof,hybrid_confidence_fallback,False,3471,5.16639118147,-2.04072610682,92646.5361027,e010_nonlinear_selector,,14455.1983225,30269.1480647,47922.1897155,0.00294719464507
e03b45fd,oof,hybrid_confidence_fallback,False,5342,14.9899566532,-0.706007685871,1200340.99208,e010_nonlinear_selector,,2662.70308611,41501.3811521,1156176.90784,0.00180744911789
e0f36d98,oof,hybrid_confidence_fallback,False,4976,12.9047135159,-8.77991686343,828661.395489,e010_nonlinear_selector,,383584.614081,301.395973158,444775.385435,0.000171332123289
e149204f,oof,hybrid_confidence_fallback,False,6097,4.80468183205,2.00398542662,140749.046892,e010_nonlinear_selector,,24485.2934268,3468.06287704,112795.690588,0.000428508871582
e14d641e,oof,hybrid_confidence_fallback,False,3184,5.51273139735,-0.890012160305,96762.4205503,e010_nonlinear_selector,,2522.11531924,3992.37005324,90247.9351779,0.00121827813694
e161bd0c,oof,hybrid_confidence_fallback,False,2949,3.30145418791,0.525300593893,32142.9196771,e010_nonlinear_selector,,813.749165422,349.664861968,30979.5056497,0.000404486922682
e201fd6d,oof,hybrid_confidence_fallback,False,5070,14.3873520405,5.11695501236,1049469.2066,e010_nonlinear_selector,,132748.968994,70045.1875792,846675.050028,-0.00253961476766
e25f1537,oof,hybrid_confidence_fallback,False,3177,10.8861852478,0.447676633181,376503.185926,e010_nonlinear_selector,,636.716446807,220388.864849,155477.604631,0.00908154305606
e2fc7745,oof,hybrid_confidence_fallback,False,3692,10.3433882013,-5.61251449321,394991.12865,e010_nonlinear_selector,,116299.177514,91523.2444078,187168.706729,0.00467158014492
e32da4ec,oof,hybrid_confidence_fallback,False,4689,9.07981906104,-2.56666528378,386575.762396,e010_nonlinear_selector,,30890.0567138,42232.0394442,313453.666238,0.00221713077935
e3b34f5b,oof,hybrid_confidence_fallback,False,5455,14.0944701645,10.706535274,1083658.05668,e010_nonlinear_selector,,625306.09126,363712.040749,94639.9246753,0.00518534118393
e45a2a62,oof,hybrid_confidence_fallback,False,5007,24.637505203,-19.9517826999,3039282.35979,e010_nonlinear_selector,,1993154.67995,201147.149057,844980.53078,-0.00438511700007
e46f4ef4,oof,hybrid_confidence_fallback,False,7195,5.10024501027,-1.41491832643,187159.93149,e010_nonlinear_selector,,14404.345898,743.247792723,172012.3378,0.000154743082524
e4726608,oof,hybrid_confidence_fallback,False,4733,6.47325294631,-2.34847301542,198326.916545,e010_nonlinear_selector,,26104.0356111,114090.196012,58132.6849219,-0.00359343703247
e5864244,oof,hybrid_confidence_fallback,False,4469,30.6706950928,-28.5173503006,4203950.48099,e010_nonlinear_selector,,3634366.28945,468559.882272,101024.309266,-0.00793702325669
e5c92e59,oof,hybrid_confidence_fallback,False,4295,10.7983239717,9.14026916535,500813.323566,e010_nonlinear_selector,,358823.715183,28823.5389648,113166.069418,0.00208939010601
e5ff9fd2,oof,hybrid_confidence_fallback,False,2354,5.72176361186,-4.21495716757,77066.6145659,e010_nonlinear_selector,,41820.8436781,2338.68145709,32907.0894307,-0.00146678517071
e6c55748,oof,hybrid_confidence_fallback,False,4472,13.1629895382,-8.39579315452,774837.920905,e010_nonlinear_selector,,315228.340525,311792.757877,147816.822503,-0.00646801403019
e730c32b,oof,hybrid_confidence_fallback,False,4728,11.5783341797,-9.83747704745,633825.384193,e010_nonlinear_selector,,457556.713628,119682.440758,56586.2298068,-0.00368629128618
e737965a,oof,hybrid_confidence_fallback,False,5955,8.87513063408,-1.01186934491,469063.105162,e010_nonlinear_selector,,6097.20284627,176297.782705,286668.119611,0.00316512893028
e748dd88,oof,hybrid_confidence_fallback,False,4812,3.85424399373,2.69087319146,71483.2068246,e010_nonlinear_selector,,34842.7225384,13802.2312876,22838.2529987,0.00121920533604
e7818f7a,oof,hybrid_confidence_fallback,False,5371,7.58235131976,6.45859927707,308789.808801,e010_nonlinear_selector,,224043.233323,273.956594132,84472.6188835,0.000145662842681
e7c36e81,oof,hybrid_confidence_fallback,False,3531,13.7632697034,11.5559488888,668868.830627,e010_nonlinear_selector,,471529.58012,120494.946496,76844.304011,0.00573097456093
e7d0c1de,oof,hybrid_confidence_fallback,False,4711,5.25228118196,3.15591246867,129959.801821,e010_nonlinear_selector,,46920.5401151,6558.72400796,76480.537698,0.000867622197312
e85074c5,oof,hybrid_confidence_fallback,False,5675,11.7276769901,-10.9740829324,780530.463037,e010_nonlinear_selector,,683443.065974,1395.44790939,95691.9491536,-0.000302690398869
e97032ad,oof,hybrid_confidence_fallback,False,3530,5.70472540835,-3.98398994183,114879.938706,e010_nonlinear_selector,,56028.7807737,10903.6164524,47947.5414797,0.00172470119987
e9949a23,oof,hybrid_confidence_fallback,False,4559,10.7524058729,3.64985493822,527085.283946,e010_nonlinear_selector,,60732.4498385,2194.30063121,464158.533476,-0.000527150119358
ea0b99b7,oof,hybrid_confidence_fallback,False,9239,6.79943951095,1.67683031324,427140.937229,e010_nonlinear_selector,,25977.8497106,20541.3203787,380621.76714,-0.000559071499223
ea3a0e38,oof,hybrid_confidence_fallback,False,10052,10.6396797841,6.69433058489,1137914.40396,e010_nonlinear_selector,,450470.95102,397443.689633,289999.763302,0.0021669540799
ea41324e,oof,hybrid_confidence_fallback,False,5025,5.15781998467,-0.496365025398,133680.612646,e010_nonlinear_selector,,1238.05064815,32264.9571275,100177.60487,-0.00174683577913
eabc711b,oof,hybrid_confidence_fallback,False,5348,13.6202297212,7.13953857251,992110.997152,e010_nonlinear_selector,,272603.662979,215768.445544,503738.888629,0.00411431462169
eac10e86,oof,hybrid_confidence_fallback,False,6067,9.07665835876,8.27242641585,499834.205476,e010_nonlinear_selector,,415183.246434,13495.2532519,71155.7057903,0.000851569613174
eafb863e,oof,hybrid_confidence_fallback,False,3568,8.82419961531,-6.9398234539,277827.6679,e010_nonlinear_selector,,171838.98167,28036.010993,77952.6752363,-0.00272151969984
eb06a4e7,oof,hybrid_confidence_fallback,False,4535,8.05180849674,3.92358979489,294011.397009,e010_nonlinear_selector,,69814.3154443,141767.634935,82429.4466293,0.0042708394296
eb640a35,oof,hybrid_confidence_fallback,False,6037,12.7700797493,6.00054703436,984483.393476,e010_nonlinear_selector,,217371.631164,509866.609976,257245.152336,0.00527335672822
eb934281,oof,hybrid_confidence_fallback,False,5971,3.64152319122,2.27422228209,79179.5868695,e010_nonlinear_selector,,30882.5314076,1118.10619649,47178.9492655,-0.000251050765237
eba6605e,oof,hybrid_confidence_fallback,False,4410,17.8515424634,-16.2330690708,1405368.07631,e010_nonlinear_selector,,1162090.26372,63454.5475124,179823.265071,-0.00297964226382
ebe69318,oof,hybrid_confidence_fallback,False,4976,5.76740430682,-1.49213569712,165516.451333,e010_nonlinear_selector,,11078.9094386,83128.4800646,71309.0618297,-0.00284541092199
ec0d597b,oof,hybrid_confidence_fallback,False,4616,15.6885212117,-9.31290275647,1136134.68509,e010_nonlinear_selector,,400346.40818,177767.430758,558020.846153,-0.00465712645863
ec13af42,oof,hybrid_confidence_fallback,False,5462,9.282821166,-2.00367178247,470664.739185,e010_nonlinear_selector,,21928.294742,322203.11877,126533.325673,0.00487111021934
ecdab904,oof,hybrid_confidence_fallback,False,6147,14.1435459065,-12.1995160129,1229645.20881,e010_nonlinear_selector,,914846.889767,10505.6421391,304292.6769,0.000736727889225
ecdaf714,oof,hybrid_confidence_fallback,False,6592,15.2076772534,-11.4819907956,1524554.56556,e010_nonlinear_selector,,869063.654454,90246.0683835,565244.842719,-0.00194437028517
ed6436d6,oof,hybrid_confidence_fallback,False,2945,2.77443714874,2.32529972456,22669.1418949,e010_nonlinear_selector,,15923.6703927,2925.49740128,3819.97410095,0.00117236422594
ed6e6e54,oof,hybrid_confidence_fallback,False,6048,11.4452543217,-5.31599794438,792250.783556,e010_nonlinear_selector,,170915.476907,16061.6834655,605273.623184,-0.000933401483156
edf885a3,oof,hybrid_confidence_fallback,False,3117,16.0687753181,-13.5671823372,804826.668876,e010_nonlinear_selector,,573741.316792,13822.0928111,217263.259273,0.00234030437424
ee0300f7,oof,hybrid_confidence_fallback,False,4544,24.3215290397,-23.0618535005,2687943.10483,e010_nonlinear_selector,,2416722.25077,181552.103916,89668.750141,-0.00481874331092
ee288beb,oof,hybrid_confidence_fallback,False,4638,26.1351268746,-20.6611691988,3167962.04561,e010_nonlinear_selector,,1979887.58692,1077439.67351,110634.785178,-0.0113838980633
ee4aecac,oof,hybrid_confidence_fallback,False,5265,5.32630775805,-3.14625243365,149365.703566,e010_nonlinear_selector,,52117.731541,24813.5301804,72434.4418445,-0.00142835889968
eeda36f5,oof,hybrid_confidence_fallback,False,4797,4.95206989925,3.95170608984,117636.813189,e010_nonlinear_selector,,74909.8609551,516.764303073,42210.1879309,-0.000237018534063
eeed308d,oof,hybrid_confidence_fallback,False,3899,7.67842984865,2.39366674497,229878.352984,e010_nonlinear_selector,,22339.8682548,131400.531942,76137.9527869,-0.00515773881827
ef04658e,oof,hybrid_confidence_fallback,False,4104,14.3853160947,-12.4680877248,849270.757769,e010_nonlinear_selector,,637979.980053,131616.561532,79674.2161833,-0.00478007684158
ef8e3ed0,oof,hybrid_confidence_fallback,False,5224,18.3752098502,16.3051357489,1763874.9127,e010_nonlinear_selector,,1388839.32815,44812.0890533,330223.495495,0.00194215315092
efde6ac3,oof,hybrid_confidence_fallback,False,4559,9.80512335921,5.99195661107,438304.284604,e010_nonlinear_selector,,163684.257228,135917.674935,138702.352441,0.0041488163747
efe96181,oof,hybrid_confidence_fallback,False,4012,25.8545542462,24.7472028336,2681853.39678,e010_nonlinear_selector,,2457045.28092,160898.589861,63909.5260016,0.00546796050418
f0188a48,oof,hybrid_confidence_fallback,False,4170,10.4514028187,7.7639485941,455496.693066,e010_nonlinear_selector,,251363.003708,85267.9084007,118865.780957,0.00375646509763
f021b650,oof,hybrid_confidence_fallback,False,3739,4.34672192783,2.80286877924,70644.6342853,e010_nonlinear_selector,,29373.8584188,1113.6287845,40157.147082,-0.000505623982201
f03f10fe,oof,hybrid_confidence_fallback,False,4145,6.88824164597,-1.74171398493,196671.433474,e010_nonlinear_selector,,12574.137724,36208.0501127,147889.245637,-0.00247005374021
f053a1b9,oof,hybrid_confidence_fallback,False,4108,8.93279545772,7.59445366177,327797.180904,e010_nonlinear_selector,,236931.884137,7471.34378485,83393.9529828,0.00113721961977
f074d277,oof,hybrid_confidence_fallback,False,2453,14.0669463489,-12.4111291183,485397.136915,e010_nonlinear_selector,,377850.617056,38746.2840549,68800.2358044,-0.00561253892242
f07d7037,oof,hybrid_confidence_fallback,False,5563,5.56222238358,-4.59574846801,172109.862169,e010_nonlinear_selector,,117495.588848,19500.7413194,35113.5320015,-0.00116587664034
f08774c3,oof,hybrid_confidence_fallback,False,3900,9.66748517247,-1.99444596693,364495.051284,e010_nonlinear_selector,,15513.4773885,175561.464949,173420.108946,-0.00595947942626
f140c2fa,oof,hybrid_confidence_fallback,False,4082,14.3091115221,13.0508287007,835792.245363,e010_nonlinear_selector,,695263.097736,95731.1541953,44797.9934308,0.00410967788169
f16e25e3,oof,hybrid_confidence_fallback,False,4651,3.83178509316,-1.71808670015,68288.6656277,e010_nonlinear_selector,,13728.9236998,17768.5141631,36791.2277648,0.00145578312275
f2d4c8c9,oof,hybrid_confidence_fallback,False,6249,3.74561135737,1.4399824633,87670.9981485,e010_nonlinear_selector,,12957.6107919,3188.19415331,71525.1932033,-0.000395956267853
f321a31c,oof,hybrid_confidence_fallback,False,5141,10.7815148672,1.46903025176,597595.30402,e010_nonlinear_selector,,11094.5344362,36511.8954563,549988.874127,0.00179571088438
f40cd091,oof,hybrid_confidence_fallback,False,5166,11.1310247143,-7.58750081089,640065.908011,e010_nonlinear_selector,,297407.490757,202554.671503,140103.745752,-0.00419884806754
f439a621,oof,hybrid_confidence_fallback,False,2821,10.6051472873,8.06544928454,317275.469285,e010_nonlinear_selector,,183510.202968,15672.5887312,118092.677586,0.00289438560591
f49fdea3,oof,hybrid_confidence_fallback,False,5391,5.55702844364,1.69625337296,166477.12658,e010_nonlinear_selector,,15511.3922489,38913.4003283,112052.334003,0.00172637931483
f4d12d23,oof,hybrid_confidence_fallback,False,3701,26.1682163024,25.2603427656,2534354.29,e010_nonlinear_selector,,2361552.27647,47503.178017,125298.83551,0.00335330721935
f56d3ace,oof,hybrid_confidence_fallback,False,5432,6.55629123917,-4.78851928867,233494.274544,e010_nonlinear_selector,,124555.309024,16428.3364508,92510.6290686,-0.00110904146206
f5859199,oof,hybrid_confidence_fallback,False,5790,16.6316087608,-15.2547732132,1601574.27374,e010_nonlinear_selector,,1347379.9325,7127.99013957,247066.351106,-0.000663829165054
f5d8aab6,oof,hybrid_confidence_fallback,False,4444,11.5745898876,9.77616837915,595367.706455,e010_nonlinear_selector,,424728.49258,106760.198621,63879.015254,0.00382062352231
f631da6e,oof,hybrid_confidence_fallback,False,4093,8.16938541154,6.04684903756,273162.145803,e010_nonlinear_selector,,149658.020778,1332.48010404,122171.644921,0.000482901312234
f6824bb0,oof,hybrid_confidence_fallback,False,5015,18.7686756606,16.4100314338,1766599.87805,e010_nonlinear_selector,,1350484.99527,215808.781233,200306.10155,0.00453125790612
f6bc699b,oof,hybrid_confidence_fallback,False,3752,8.71704473583,-2.49647272883,285102.732212,e010_nonlinear_selector,,23383.8750739,22883.7953212,238835.061817,0.0022801342659
f6d009f4,oof,hybrid_confidence_fallback,False,6715,28.8043893945,-13.7851484373,5571387.47696,e010_nonlinear_selector,,1276053.58159,975466.877576,3319867.01779,-0.00621767282973
f72b268f,oof,hybrid_confidence_fallback,False,6404,10.4125914764,-3.31807260757,694334.880276,e010_nonlinear_selector,,70505.5157296,561311.394746,62517.9698004,-0.0050642550838
f8662c22,oof,hybrid_confidence_fallback,False,5429,11.9489420294,-9.45978266879,775137.503616,e010_nonlinear_selector,,485827.573117,9367.79078424,279942.139715,-0.000838164879717
f88ddb26,oof,hybrid_confidence_fallback,False,4990,43.1551456061,37.7269093296,9293209.29548,e010_nonlinear_selector,,7102365.24093,807319.229169,1383524.82539,0.00883003574681
f8afa78a,oof,hybrid_confidence_fallback,False,6032,17.0456137186,-15.9709489166,1752615.37656,e010_nonlinear_selector,,1538589.53449,27088.9905736,186936.8515,-0.0012170125051
f8f59188,oof,hybrid_confidence_fallback,False,4807,5.09386537449,-0.653489091787,124729.461628,e010_nonlinear_selector,,2052.81970276,34026.8214806,88649.8204444,-0.00191730030135
f9fc81aa,oof,hybrid_confidence_fallback,False,5598,8.68894572391,-1.5093526426,422636.560085,e010_nonlinear_selector,,12753.0579476,74326.2420074,335557.26013,0.00225482258555
fa16d114,oof,hybrid_confidence_fallback,False,5686,26.6957284367,23.1563018823,4052195.65875,e010_nonlinear_selector,,3048914.60569,522274.524472,481006.52858,0.0058388829322
fa31da94,oof,hybrid_confidence_fallback,False,5027,10.4075598723,8.58962185126,544511.079648,e010_nonlinear_selector,,370900.121034,95300.2896459,78310.6689682,0.00300036723426
fa667be2,oof,hybrid_confidence_fallback,False,7296,10.1290103702,9.16319116408,748546.625477,e010_nonlinear_selector,,612601.87157,49020.74422,86924.0096869,0.00123070322679
fae0c593,oof,hybrid_confidence_fallback,False,4403,9.14165545187,0.554052911855,367958.112957,e010_nonlinear_selector,,1351.60929208,145709.907081,220896.596584,-0.0045259749576
fb03ae90,oof,hybrid_confidence_fallback,False,6431,45.9315624274,43.8771882067,13567534.8942,e010_nonlinear_selector,,12381010.3645,505020.421682,681504.107984,0.00477339456178
fb0904bd,oof,hybrid_confidence_fallback,False,3181,7.40655819468,7.23509171686,174500.44875,e010_nonlinear_selector,,166514.382394,747.66168566,7238.40467125,0.000527955968126
fb3848a1,oof,hybrid_confidence_fallback,False,5919,6.90384838875,-3.50269770241,282118.02252,e010_nonlinear_selector,,72619.56698,4306.25794429,205192.197596,-0.000499192600829
fb73b13a,oof,hybrid_confidence_fallback,False,5640,11.4622422237,7.13854952218,741000.101925,e010_nonlinear_selector,,287408.135543,3.46501568114,453588.501366,1.52238527991e-05
fba7683c,oof,hybrid_confidence_fallback,False,407,5.8992131041,-3.83408312109,14163.8911058,e010_nonlinear_selector,,5982.97870542,5700.06165858,2480.85074179,-0.031852248615
fbd68d27,oof,hybrid_confidence_fallback,False,6829,25.6677436729,24.1414409392,4499171.00265,e010_nonlinear_selector,,3980003.82618,264658.878275,254508.298188,0.00315789868446
fc03f21f,oof,hybrid_confidence_fallback,False,4803,17.7031095839,14.3932251832,1505260.62719,e010_nonlinear_selector,,995013.16443,295462.683839,214784.778916,0.00565682927379
fc0d20b2,oof,hybrid_confidence_fallback,False,3954,13.7256592432,11.032194628,744908.775443,e010_nonlinear_selector,,481238.644601,177353.691523,86316.4393186,0.00586753590312
fcfcc902,oof,hybrid_confidence_fallback,False,2791,8.13525389752,7.6370933527,184714.955532,e010_nonlinear_selector,,162785.618904,9124.04417148,12805.2924562,0.00224411229799
fd3b4faa,oof,hybrid_confidence_fallback,False,5022,9.25373471242,4.69682280446,430041.925974,e010_nonlinear_selector,,110786.04546,115646.62864,203609.251873,0.00331010718831
fd710aea,oof,hybrid_confidence_fallback,False,4217,5.34759612175,-2.52195414884,120592.639314,e010_nonlinear_selector,,26821.1857575,45234.1941217,48537.2594353,-0.00269041120122
fd8f77fa,oof,hybrid_confidence_fallback,False,5272,22.9250654434,-20.987740551,2770745.07407,e010_nonlinear_selector,,2322238.25613,53912.4711584,394594.346784,-0.00210122300929
fde20ecf,oof,hybrid_confidence_fallback,False,4667,12.4191303296,-11.029995277,719813.802942,e010_nonlinear_selector,,567790.934049,43617.4054327,108405.463459,-0.00226915334541
fdfd57da,oof,hybrid_confidence_fallback,False,5236,3.47214523808,-1.03421439663,63124.1298146,e010_nonlinear_selector,,5600.4225537,14601.4823674,42922.2248934,-0.00110481521954
febb4411,oof,hybrid_confidence_fallback,False,4247,7.00706149183,4.69795154718,208523.073956,e010_nonlinear_selector,,93734.4698973,11270.5671669,103518.036892,0.00132874036795
fef8af96,oof,hybrid_confidence_fallback,False,3826,43.0637671248,36.5418804509,7095271.23713,e010_nonlinear_selector,,5108892.33688,1866841.6986,119537.201657,0.0199998590875
ff0aea78,oof,hybrid_confidence_fallback,False,3261,29.6145306392,-27.6749730951,2859963.60586,e010_nonlinear_selector,,2497613.38689,46024.2458763,316325.97309,-0.00399077998855
ff8bb73a,oof,hybrid_confidence_fallback,False,5927,9.18961598953,1.62557487048,500529.472141,e010_nonlinear_selector,,15662.0599202,41931.0132822,442936.398939,0.00155455437405
ffefef30,oof,hybrid_confidence_fallback,False,4570,9.63798652886,8.36125178447,424510.88439,e010_nonlinear_selector,,319491.128513,58696.4274361,46323.3284409,0.00271657792734
